case_id,domain,category,stage,prediction_count,reference_count,matches_at_025,semantic_matches_at_025,diagnostic_f1_at_025,diagnostic_semantic_f1_at_025,overlap_excess_pixels,best_iou,best_semantic_iou,semantic_union_recall,any_union_recall
basket__01,container,basket,input_pool,2,4,2,1,0.6666666666666666,0.3333333333333333,0,0.2625047889810781,0.09422466878148908,0.1527559293320426,0.5261885248865832
basket__01,container,basket,after_same_source_dedup,2,4,2,1,0.6666666666666666,0.3333333333333333,0,0.2625047889810781,0.09422466878148908,0.1527559293320426,0.5261885248865832
basket__01,container,basket,after_instance_cap,2,4,2,1,0.6666666666666666,0.3333333333333333,0,0.2625047889810781,0.09422466878148908,0.1527559293320426,0.5261885248865832
basket__01,container,basket,after_hierarchy_duplicate_filter,2,4,2,1,0.6666666666666666,0.3333333333333333,0,0.2625047889810781,0.09422466878148908,0.1527559293320426,0.5261885248865832
basket__01,container,basket,diagnostic_consensus_argmax,0,4,0,0,0.0,0.0,0,0.0,0.0,0.0,0.0
basket__01,container,basket,diagnostic_parent_support_argmax,0,4,0,0,0.0,0.0,0,0.0,0.0,0.0,0.0
basket__01,container,basket,diagnostic_parent_residual_argmax,0,4,0,0,0.0,0.0,0,0.0,0.0,0.0,0.0
basket__01,container,basket,diagnostic_specificity_argmax,0,4,0,0,0.0,0.0,0,0.0,0.0,0.0,0.0
basket__01,container,basket,actual_semantic_argmax,1,4,0,0,0.0,0.0,0,0.01827879707036258,0.0,0.0,0.019079963886500597
basket__01,container,basket,after_direct_detail_gate,2,4,0,0,0.0,0.0,0,0.10215629535558357,0.022280744732974034,0.02751391577928364,0.16449534399375576
basket__01,container,basket,after_cleanup,2,4,0,0,0.0,0.0,0,0.10226000086110706,0.022272014888823587,0.02751391577928364,0.16462665513550614
basket__01,container,basket,after_root_restoration,2,4,0,0,0.0,0.0,0,0.10226000086110706,0.022272014888823587,0.02751391577928364,0.16462665513550614
basket__01,container,basket,identity_supported_before_remainder,2,4,0,0,0.0,0.0,0,0.10226000086110706,0.022272014888823587,0.02751391577928364,0.16462665513550614
basket__01,container,basket,identity_plus_eligible_remainder,2,4,0,0,0.0,0.0,0,0.10226000086110706,0.022272014888823587,0.02751391577928364,0.16462665513550614
basket__01,container,basket,after_remainder_attachment_before_filter,2,4,0,0,0.0,0.0,0,0.10226000086110706,0.022272014888823587,0.02751391577928364,0.16462665513550614
basket__01,container,basket,final_hpid,2,4,0,0,0.0,0.0,0,0.10226000086110706,0.022272014888823587,0.02751391577928364,0.16462665513550614
basket__01,container,basket,final_dbscan,2,4,2,1,0.6666666666666666,0.3333333333333333,0,0.2625047889810781,0.09422466878148908,0.1527559293320426,0.5261885248865832
basket__02,container,basket,input_pool,8,4,1,1,0.16666666666666666,0.16666666666666666,19009,0.2535145976162039,0.14409398504116822,0.2212239457879693,0.7459745111007918
basket__02,container,basket,after_same_source_dedup,8,4,1,1,0.16666666666666666,0.16666666666666666,19009,0.2535145976162039,0.14409398504116822,0.2212239457879693,0.7459745111007918
basket__02,container,basket,after_instance_cap,8,4,1,1,0.16666666666666666,0.16666666666666666,19009,0.2535145976162039,0.14409398504116822,0.2212239457879693,0.7459745111007918
basket__02,container,basket,after_hierarchy_duplicate_filter,8,4,1,1,0.16666666666666666,0.16666666666666666,19009,0.2535145976162039,0.14409398504116822,0.2212239457879693,0.7459745111007918
basket__02,container,basket,diagnostic_consensus_argmax,1,4,0,0,0.0,0.0,0,0.007807185152288727,0.002109303136993688,0.0021357227735491536,0.008024421122546935
basket__02,container,basket,diagnostic_parent_support_argmax,1,4,0,0,0.0,0.0,0,0.007807185152288727,0.002109303136993688,0.0021357227735491536,0.008024421122546935
basket__02,container,basket,diagnostic_parent_residual_argmax,1,4,0,0,0.0,0.0,0,0.007807185152288727,0.002109303136993688,0.0021357227735491536,0.008024421122546935
basket__02,container,basket,diagnostic_specificity_argmax,1,4,0,0,0.0,0.0,0,0.007807185152288727,0.002109303136993688,0.0021357227735491536,0.008024421122546935
basket__02,container,basket,actual_semantic_argmax,2,4,0,0,0.0,0.0,0,0.02089605061389281,0.005881986804431719,0.0060699489353502264,0.024721351591642723
basket__02,container,basket,after_direct_detail_gate,3,4,1,1,0.2857142857142857,0.2857142857142857,0,0.12371706417398437,0.07373761208117037,0.08530847544721713,0.2286204723947493
basket__02,container,basket,after_cleanup,3,4,1,1,0.2857142857142857,0.2857142857142857,0,0.12371706417398437,0.07373761208117037,0.08530847544721713,0.22841242079795326
basket__02,container,basket,after_root_restoration,3,4,1,1,0.2857142857142857,0.2857142857142857,0,0.12371706417398437,0.07373761208117037,0.08530847544721713,0.22841242079795326
basket__02,container,basket,identity_supported_before_remainder,4,4,1,1,0.25,0.25,0,0.12901465965302855,0.07209259934378418,0.08530847544721713,0.22841242079795326
basket__02,container,basket,identity_plus_eligible_remainder,4,4,1,1,0.25,0.25,0,0.12901465965302855,0.07209259934378418,0.08530847544721713,0.22841242079795326
basket__02,container,basket,after_remainder_attachment_before_filter,4,4,1,1,0.25,0.25,0,0.12901465965302855,0.07209259934378418,0.08530847544721713,0.22841242079795326
basket__02,container,basket,final_hpid,4,4,1,1,0.25,0.25,0,0.12901465965302855,0.07209259934378418,0.08530847544721713,0.22841242079795326
basket__02,container,basket,final_dbscan,3,4,1,1,0.2857142857142857,0.2857142857142857,0,0.14256327413142222,0.06812149249203701,0.08654494652664033,0.3201425162280448
basket__03,container,basket,input_pool,8,4,2,0,0.3333333333333333,0.0,38258,0.3922941366263422,0.029782270308297443,0.06032579921269436,0.8202104361111311
basket__03,container,basket,after_same_source_dedup,8,4,2,0,0.3333333333333333,0.0,38258,0.3922941366263422,0.029782270308297443,0.06032579921269436,0.8202104361111311
basket__03,container,basket,after_instance_cap,8,4,2,0,0.3333333333333333,0.0,38258,0.3922941366263422,0.029782270308297443,0.06032579921269436,0.8202104361111311
basket__03,container,basket,after_hierarchy_duplicate_filter,8,4,2,0,0.3333333333333333,0.0,38258,0.3922941366263422,0.029782270308297443,0.06032579921269436,0.8202104361111311
basket__03,container,basket,diagnostic_consensus_argmax,1,4,1,0,0.4,0.0,0,0.103809744241697,0.00013706823505956237,0.00016448352174173097,0.11659163929760984
basket__03,container,basket,diagnostic_parent_support_argmax,1,4,1,0,0.4,0.0,0,0.103809744241697,0.00013706823505956237,0.00016448352174173097,0.11659163929760984
basket__03,container,basket,diagnostic_parent_residual_argmax,4,4,2,0,0.5,0.0,0,0.22534251144124876,0.020526170291190565,0.026646330522160415,0.32769667197407226
basket__03,container,basket,diagnostic_specificity_argmax,4,4,2,0,0.5,0.0,0,0.32900159960156555,0.014303662008589265,0.03559694780611103,0.7351906033986246
basket__03,container,basket,actual_semantic_argmax,4,4,2,0,0.5,0.0,0,0.3307799197115524,0.015129671699351128,0.03725673607095941,0.748723006954233
basket__03,container,basket,after_direct_detail_gate,4,4,2,0,0.5,0.0,0,0.32813933595031514,0.017379482301367894,0.04172769725284828,0.7538845587151622
basket__03,container,basket,after_cleanup,4,4,2,0,0.5,0.0,0,0.32813933595031514,0.017379482301367894,0.04172769725284828,0.7538845587151622
basket__03,container,basket,after_root_restoration,4,4,2,0,0.5,0.0,0,0.32813933595031514,0.017379482301367894,0.04172769725284828,0.7538845587151622
basket__03,container,basket,identity_supported_before_remainder,4,4,2,0,0.5,0.0,0,0.32813933595031514,0.017379482301367894,0.04172769725284828,0.7538845587151622
basket__03,container,basket,identity_plus_eligible_remainder,4,4,2,0,0.5,0.0,0,0.32813933595031514,0.017379482301367894,0.04172769725284828,0.7538845587151622
basket__03,container,basket,after_remainder_attachment_before_filter,4,4,2,0,0.5,0.0,0,0.32813933595031514,0.017379482301367894,0.04172769725284828,0.7538845587151622
basket__03,container,basket,final_hpid,4,4,2,0,0.5,0.0,0,0.32813933595031514,0.017379482301367894,0.04172769725284828,0.7538845587151622
basket__03,container,basket,final_dbscan,5,4,2,0,0.4444444444444444,0.0,0,0.3981884354359441,0.0004236658242901739,0.0008523237035707878,0.808883462293407
basket__04,container,basket,input_pool,7,4,1,1,0.18181818181818182,0.18181818181818182,1105,0.1195585702644702,0.08023221196784758,0.1111340206185567,0.16385110261009891
basket__04,container,basket,after_same_source_dedup,7,4,1,1,0.18181818181818182,0.18181818181818182,1105,0.1195585702644702,0.08023221196784758,0.1111340206185567,0.16385110261009891
basket__04,container,basket,after_instance_cap,7,4,1,1,0.18181818181818182,0.18181818181818182,1105,0.1195585702644702,0.08023221196784758,0.1111340206185567,0.16385110261009891
basket__04,container,basket,after_hierarchy_duplicate_filter,7,4,1,1,0.18181818181818182,0.18181818181818182,1105,0.1195585702644702,0.08023221196784758,0.1111340206185567,0.16385110261009891
basket__04,container,basket,diagnostic_consensus_argmax,1,4,0,0,0.0,0.0,0,0.0027370137433030514,0.0,0.0,0.0027370137433030514
basket__04,container,basket,diagnostic_parent_support_argmax,1,4,0,0,0.0,0.0,0,0.0027370137433030514,0.0,0.0,0.0027370137433030514
basket__04,container,basket,diagnostic_parent_residual_argmax,2,4,0,0,0.0,0.0,0,0.004101536160457048,0.0,0.0,0.004180312712375216
basket__04,container,basket,diagnostic_specificity_argmax,4,4,0,0,0.0,0.0,0,0.004101536160457048,0.0,0.0,0.005547270670787497
basket__04,container,basket,actual_semantic_argmax,4,4,0,0,0.0,0.0,0,0.009597361007135444,0.0,0.0,0.011079532492357493
basket__04,container,basket,after_direct_detail_gate,4,4,0,0,0.0,0.0,0,0.0145984567675932,0.0,0.0,0.01717684746926788
basket__04,container,basket,after_cleanup,4,4,0,0,0.0,0.0,0,0.0145984567675932,0.0,0.0,0.01717684746926788
basket__04,container,basket,after_root_restoration,4,4,0,0,0.0,0.0,0,0.0145984567675932,0.0,0.0,0.01717684746926788
basket__04,container,basket,identity_supported_before_remainder,4,4,0,0,0.0,0.0,0,0.0145984567675932,0.0,0.0,0.01717684746926788
basket__04,container,basket,identity_plus_eligible_remainder,4,4,0,0,0.0,0.0,0,0.0145984567675932,0.0,0.0,0.01717684746926788
basket__04,container,basket,after_remainder_attachment_before_filter,4,4,0,0,0.0,0.0,0,0.0145984567675932,0.0,0.0,0.01717684746926788
basket__04,container,basket,final_hpid,4,4,0,0,0.0,0.0,0,0.0145984567675932,0.0,0.0,0.01717684746926788
basket__04,container,basket,final_dbscan,5,4,1,1,0.2222222222222222,0.2222222222222222,0,0.0978059806171895,0.07308333333333333,0.09041237113402062,0.16385110261009891
belt__01,daily_object,belt,input_pool,3,6,1,0,0.2222222222222222,0.0,3,0.160286288190792,0.003898635477582846,0.004830917874396135,0.31013701485120776
belt__01,daily_object,belt,after_same_source_dedup,3,6,1,0,0.2222222222222222,0.0,3,0.160286288190792,0.003898635477582846,0.004830917874396135,0.31013701485120776
belt__01,daily_object,belt,after_instance_cap,3,6,1,0,0.2222222222222222,0.0,3,0.160286288190792,0.003898635477582846,0.004830917874396135,0.31013701485120776
belt__01,daily_object,belt,after_hierarchy_duplicate_filter,3,6,1,0,0.2222222222222222,0.0,3,0.160286288190792,0.003898635477582846,0.004830917874396135,0.31013701485120776
belt__01,daily_object,belt,diagnostic_consensus_argmax,2,6,1,0,0.25,0.0,0,0.10286356135101081,0.0039447731755424065,0.004830917874396135,0.1532832289504245
belt__01,daily_object,belt,diagnostic_parent_support_argmax,2,6,1,0,0.25,0.0,0,0.10286356135101081,0.0039447731755424065,0.004830917874396135,0.1532832289504245
belt__01,daily_object,belt,diagnostic_parent_residual_argmax,2,6,1,0,0.25,0.0,0,0.10286356135101081,0.0039447731755424065,0.004830917874396135,0.1532832289504245
belt__01,daily_object,belt,diagnostic_specificity_argmax,2,6,1,0,0.25,0.0,0,0.18675647666183484,0.0039447731755424065,0.004830917874396135,0.2879147926289855
belt__01,daily_object,belt,actual_semantic_argmax,2,6,1,0,0.25,0.0,0,0.1930246814704258,0.003898635477582846,0.004830917874396135,0.31013701485120776
belt__01,daily_object,belt,after_direct_detail_gate,2,6,1,0,0.25,0.0,0,0.1930246814704258,0.003898635477582846,0.004830917874396135,0.31013701485120776
belt__01,daily_object,belt,after_cleanup,1,6,1,0,0.2857142857142857,0.0,0,0.13303167594627313,0.0,0.0,0.1847838700319118
belt__01,daily_object,belt,after_root_restoration,2,6,1,0,0.25,0.0,0,0.14684970315715748,0.003401360544217687,0.0036231884057971015,0.1996269598012134
belt__01,daily_object,belt,identity_supported_before_remainder,3,6,1,0,0.2222222222222222,0.0,0,0.11557002286633883,0.003401360544217687,0.0036231884057971015,0.1996269598012134
belt__01,daily_object,belt,identity_plus_eligible_remainder,3,6,1,0,0.2222222222222222,0.0,0,0.11557002286633883,0.003401360544217687,0.0036231884057971015,0.1996269598012134
belt__01,daily_object,belt,after_remainder_attachment_before_filter,3,6,1,0,0.2222222222222222,0.0,0,0.11557002286633883,0.003401360544217687,0.0036231884057971015,0.1996269598012134
belt__01,daily_object,belt,final_hpid,2,6,1,0,0.25,0.0,0,0.10175199565545447,0.0,0.0,0.1847838700319118
belt__01,daily_object,belt,final_dbscan,3,6,1,0,0.2222222222222222,0.0,0,0.1612829634755085,0.00196078431372549,0.0024154589371980675,0.31013701485120776
belt__02,daily_object,belt,input_pool,4,4,1,0,0.25,0.0,2054,0.17639828704279162,0.0,0.0,0.5438671829795021
belt__02,daily_object,belt,after_same_source_dedup,4,4,1,0,0.25,0.0,2054,0.17639828704279162,0.0,0.0,0.5438671829795021
belt__02,daily_object,belt,after_instance_cap,4,4,1,0,0.25,0.0,2054,0.17639828704279162,0.0,0.0,0.5438671829795021
belt__02,daily_object,belt,after_hierarchy_duplicate_filter,4,4,1,0,0.25,0.0,2054,0.17639828704279162,0.0,0.0,0.5438671829795021
belt__02,daily_object,belt,diagnostic_consensus_argmax,3,4,1,0,0.2857142857142857,0.0,0,0.17748470797876265,0.0,0.0,0.5438671829795021
belt__02,daily_object,belt,diagnostic_parent_support_argmax,3,4,1,0,0.2857142857142857,0.0,0,0.17748470797876265,0.0,0.0,0.5438671829795021
belt__02,daily_object,belt,diagnostic_parent_residual_argmax,4,4,1,0,0.25,0.0,0,0.16166209296267675,0.0,0.0,0.5438671829795021
belt__02,daily_object,belt,diagnostic_specificity_argmax,4,4,1,0,0.25,0.0,0,0.16166209296267675,0.0,0.0,0.5438671829795021
belt__02,daily_object,belt,actual_semantic_argmax,4,4,1,0,0.25,0.0,0,0.16166209296267675,0.0,0.0,0.5438671829795021
belt__02,daily_object,belt,after_direct_detail_gate,4,4,1,0,0.25,0.0,0,0.16166209296267675,0.0,0.0,0.5438671829795021
belt__02,daily_object,belt,after_cleanup,4,4,1,0,0.25,0.0,0,0.1615551209603465,0.0,0.0,0.5434266543451408
belt__02,daily_object,belt,after_root_restoration,4,4,1,0,0.25,0.0,0,0.1617235423627263,0.0,0.0,0.5438671829795021
belt__02,daily_object,belt,identity_supported_before_remainder,4,4,1,0,0.25,0.0,0,0.1617235423627263,0.0,0.0,0.5436179307362319
belt__02,daily_object,belt,identity_plus_eligible_remainder,4,4,1,0,0.25,0.0,0,0.1617235423627263,0.0,0.0,0.5436179307362319
belt__02,daily_object,belt,after_remainder_attachment_before_filter,4,4,1,0,0.25,0.0,0,0.1617235423627263,0.0,0.0,0.5436179307362319
belt__02,daily_object,belt,final_hpid,4,4,1,0,0.25,0.0,0,0.1617235423627263,0.0,0.0,0.5436179307362319
belt__02,daily_object,belt,final_dbscan,4,4,1,0,0.25,0.0,0,0.16591072345823266,0.0,0.0,0.5438671829795021
belt__03,daily_object,belt,input_pool,5,3,0,0,0.0,0.0,807,0.07521846398238488,0.0,0.0,0.13940121677873837
belt__03,daily_object,belt,after_same_source_dedup,5,3,0,0,0.0,0.0,807,0.07521846398238488,0.0,0.0,0.13940121677873837
belt__03,daily_object,belt,after_instance_cap,5,3,0,0,0.0,0.0,807,0.07521846398238488,0.0,0.0,0.13940121677873837
belt__03,daily_object,belt,after_hierarchy_duplicate_filter,5,3,0,0,0.0,0.0,807,0.07521846398238488,0.0,0.0,0.13940121677873837
belt__03,daily_object,belt,diagnostic_consensus_argmax,4,3,0,0,0.0,0.0,0,0.003073967339097022,0.0,0.0,0.006340057636887608
belt__03,daily_object,belt,diagnostic_parent_support_argmax,4,3,0,0,0.0,0.0,0,0.003073967339097022,0.0,0.0,0.006340057636887608
belt__03,daily_object,belt,diagnostic_parent_residual_argmax,4,3,0,0,0.0,0.0,0,0.003073967339097022,0.0,0.0,0.006340057636887608
belt__03,daily_object,belt,diagnostic_specificity_argmax,4,3,0,0,0.0,0.0,0,0.051225222393973834,0.0,0.0,0.076577009285943
belt__03,daily_object,belt,actual_semantic_argmax,4,3,0,0,0.0,0.0,0,0.05452240067624683,0.0,0.0,0.09089016970861351
belt__03,daily_object,belt,after_direct_detail_gate,4,3,0,0,0.0,0.0,0,0.05666192789083363,0.0,0.0,0.13728786423310918
belt__03,daily_object,belt,after_cleanup,4,3,0,0,0.0,0.0,0,0.0565760091611795,0.0,0.0,0.1371918027537624
belt__03,daily_object,belt,after_root_restoration,4,3,0,0,0.0,0.0,0,0.0565760091611795,0.0,0.0,0.13738392571245597
belt__03,daily_object,belt,identity_supported_before_remainder,5,3,0,0,0.0,0.0,0,0.05646310877052238,0.0,0.0,0.13728786423310918
belt__03,daily_object,belt,identity_plus_eligible_remainder,5,3,0,0,0.0,0.0,0,0.05646310877052238,0.0,0.0,0.13728786423310918
belt__03,daily_object,belt,after_remainder_attachment_before_filter,5,3,0,0,0.0,0.0,0,0.05646310877052238,0.0,0.0,0.13728786423310918
belt__03,daily_object,belt,final_hpid,5,3,0,0,0.0,0.0,0,0.05646310877052238,0.0,0.0,0.13728786423310918
belt__03,daily_object,belt,final_dbscan,3,3,0,0,0.0,0.0,0,0.0711494685192287,0.0,0.0,0.13517451168748
belt__04,daily_object,belt,input_pool,17,3,2,0,0.2,0.0,17213,0.4896574050450466,0.0,0.0,0.9986922406277245
belt__04,daily_object,belt,after_same_source_dedup,17,3,2,0,0.2,0.0,17213,0.4896574050450466,0.0,0.0,0.9986922406277245
belt__04,daily_object,belt,after_instance_cap,17,3,2,0,0.2,0.0,17213,0.4896574050450466,0.0,0.0,0.9986922406277245
belt__04,daily_object,belt,after_hierarchy_duplicate_filter,17,3,2,0,0.2,0.0,17213,0.4896574050450466,0.0,0.0,0.9986922406277245
belt__04,daily_object,belt,diagnostic_consensus_argmax,4,3,0,0,0.0,0.0,0,0.06645950042311906,0.0,0.0,0.9986922406277245
belt__04,daily_object,belt,diagnostic_parent_support_argmax,4,3,0,0,0.0,0.0,0,0.06645950042311906,0.0,0.0,0.9986922406277245
belt__04,daily_object,belt,diagnostic_parent_residual_argmax,11,3,2,0,0.2857142857142857,0.0,0,0.3298634277119636,0.0,0.0,0.9986922406277245
belt__04,daily_object,belt,diagnostic_specificity_argmax,11,3,2,0,0.2857142857142857,0.0,0,0.3298634277119636,0.0,0.0,0.9986922406277245
belt__04,daily_object,belt,actual_semantic_argmax,11,3,2,0,0.2857142857142857,0.0,0,0.33394636548613676,0.0,0.0,0.9986922406277245
belt__04,daily_object,belt,after_direct_detail_gate,11,3,2,0,0.2857142857142857,0.0,0,0.33394636548613676,0.0,0.0,0.9986922406277245
belt__04,daily_object,belt,after_cleanup,11,3,2,0,0.2857142857142857,0.0,0,0.33181010173275854,0.0,0.0,0.9986922406277245
belt__04,daily_object,belt,after_root_restoration,11,3,2,0,0.2857142857142857,0.0,0,0.33181010173275854,0.0,0.0,0.9986922406277245
belt__04,daily_object,belt,identity_supported_before_remainder,13,3,2,0,0.25,0.0,0,0.3320748391144713,0.0,0.0,0.9986922406277245
belt__04,daily_object,belt,identity_plus_eligible_remainder,13,3,2,0,0.25,0.0,0,0.3320748391144713,0.0,0.0,0.9986922406277245
belt__04,daily_object,belt,after_remainder_attachment_before_filter,13,3,2,0,0.25,0.0,0,0.3320748391144713,0.0,0.0,0.9986922406277245
belt__04,daily_object,belt,final_hpid,13,3,2,0,0.25,0.0,0,0.3320748391144713,0.0,0.0,0.9986922406277245
belt__04,daily_object,belt,final_dbscan,12,3,2,0,0.26666666666666666,0.0,0,0.5222861057360141,0.0,0.0,0.9986922406277245
bench__01,furniture,bench,input_pool,5,5,1,0,0.2,0.0,9678,0.1548554105497893,0.0,0.0,0.21149805018805243
bench__01,furniture,bench,after_same_source_dedup,5,5,1,0,0.2,0.0,9678,0.1548554105497893,0.0,0.0,0.21149805018805243
bench__01,furniture,bench,after_instance_cap,5,5,1,0,0.2,0.0,9678,0.1548554105497893,0.0,0.0,0.21149805018805243
bench__01,furniture,bench,after_hierarchy_duplicate_filter,5,5,1,0,0.2,0.0,9678,0.1548554105497893,0.0,0.0,0.21149805018805243
bench__01,furniture,bench,diagnostic_consensus_argmax,0,5,0,0,0.0,0.0,0,0.0,0.0,0.0,0.0
bench__01,furniture,bench,diagnostic_parent_support_argmax,0,5,0,0,0.0,0.0,0,0.0,0.0,0.0,0.0
bench__01,furniture,bench,diagnostic_parent_residual_argmax,2,5,0,0,0.0,0.0,0,0.029845874886672712,0.0,0.0,0.029945602901178602
bench__01,furniture,bench,diagnostic_specificity_argmax,2,5,0,0,0.0,0.0,0,0.029845874886672712,0.0,0.0,0.029945602901178602
bench__01,furniture,bench,actual_semantic_argmax,5,5,0,0,0.0,0.0,0,0.0576375395752735,0.0,0.0,0.07572452529705688
bench__01,furniture,bench,after_direct_detail_gate,5,5,0,0,0.0,0.0,0,0.08286869554090928,0.0,0.0,0.11404642097896742
bench__01,furniture,bench,after_cleanup,5,5,0,0,0.0,0.0,0,0.08289641531249836,0.0,0.0,0.11413708281033641
bench__01,furniture,bench,after_root_restoration,5,5,0,0,0.0,0.0,0,0.08289641531249836,0.0,0.0,0.11413708281033641
bench__01,furniture,bench,identity_supported_before_remainder,5,5,0,0,0.0,0.0,0,0.08289641531249836,0.0,0.0,0.11405548716210431
bench__01,furniture,bench,identity_plus_eligible_remainder,5,5,0,0,0.0,0.0,0,0.08289641531249836,0.0,0.0,0.11405548716210431
bench__01,furniture,bench,after_remainder_attachment_before_filter,5,5,0,0,0.0,0.0,0,0.08289641531249836,0.0,0.0,0.11405548716210431
bench__01,furniture,bench,final_hpid,4,5,0,0,0.0,0.0,0,0.08289641531249836,0.0,0.0,0.11365657510408075
bench__01,furniture,bench,final_dbscan,5,5,0,0,0.0,0.0,0,0.11778331896905277,0.0,0.0,0.21149805018805243
bench__02,furniture,bench,input_pool,7,4,2,1,0.36363636363636365,0.18181818181818182,90900,0.23393798882671446,0.09796961669012336,0.12664318202086863,0.26775316971738244
bench__02,furniture,bench,after_same_source_dedup,7,4,2,1,0.36363636363636365,0.18181818181818182,90900,0.23393798882671446,0.09796961669012336,0.12664318202086863,0.26775316971738244
bench__02,furniture,bench,after_instance_cap,7,4,2,1,0.36363636363636365,0.18181818181818182,90900,0.23393798882671446,0.09796961669012336,0.12664318202086863,0.26775316971738244
bench__02,furniture,bench,after_hierarchy_duplicate_filter,7,4,2,1,0.36363636363636365,0.18181818181818182,90900,0.23393798882671446,0.09796961669012336,0.12664318202086863,0.26775316971738244
bench__02,furniture,bench,diagnostic_consensus_argmax,2,4,1,0,0.3333333333333333,0.0,0,0.14245299944531453,0.0,0.0,0.22107969266353947
bench__02,furniture,bench,diagnostic_parent_support_argmax,2,4,1,0,0.3333333333333333,0.0,0,0.14245299944531453,0.0,0.0,0.22107969266353947
bench__02,furniture,bench,diagnostic_parent_residual_argmax,2,4,1,0,0.3333333333333333,0.0,0,0.14716830501807807,0.0,0.0,0.2314515824343412
bench__02,furniture,bench,diagnostic_specificity_argmax,2,4,1,0,0.3333333333333333,0.0,0,0.1488436616044477,0.0,0.0,0.23596695713666194
bench__02,furniture,bench,actual_semantic_argmax,3,4,1,0,0.2857142857142857,0.0,0,0.15106273957200933,0.0,0.0,0.24020167016261965
bench__02,furniture,bench,after_direct_detail_gate,3,4,1,0,0.2857142857142857,0.0,0,0.16020608620201757,0.0,0.0,0.25506926002463703
bench__02,furniture,bench,after_cleanup,3,4,1,0,0.2857142857142857,0.0,0,0.16020608620201757,0.0,0.0,0.25506926002463703
bench__02,furniture,bench,after_root_restoration,3,4,1,0,0.2857142857142857,0.0,0,0.16020608620201757,0.0,0.0,0.25506926002463703
bench__02,furniture,bench,identity_supported_before_remainder,4,4,2,0,0.5,0.0,0,0.22570718144499285,0.0,0.0,0.25506926002463703
bench__02,furniture,bench,identity_plus_eligible_remainder,4,4,2,0,0.5,0.0,0,0.22570718144499285,0.0,0.0,0.25506926002463703
bench__02,furniture,bench,after_remainder_attachment_before_filter,4,4,2,0,0.5,0.0,0,0.22570718144499285,0.0,0.0,0.25506926002463703
bench__02,furniture,bench,final_hpid,4,4,2,0,0.5,0.0,0,0.22570718144499285,0.0,0.0,0.25506926002463703
bench__02,furniture,bench,final_dbscan,2,4,2,0,0.6666666666666666,0.0,0,0.23424810267234705,0.0,0.0,0.2671861844656946
bench__03,furniture,bench,input_pool,11,5,2,1,0.25,0.125,24238,0.17570665738225416,0.10892981461513832,0.15078678451703897,0.3088183952645372
bench__03,furniture,bench,after_same_source_dedup,11,5,2,1,0.25,0.125,24238,0.17570665738225416,0.10892981461513832,0.15078678451703897,0.3088183952645372
bench__03,furniture,bench,after_instance_cap,11,5,2,1,0.25,0.125,24238,0.17570665738225416,0.10892981461513832,0.15078678451703897,0.3088183952645372
bench__03,furniture,bench,after_hierarchy_duplicate_filter,11,5,2,1,0.25,0.125,24238,0.17570665738225416,0.10892981461513832,0.15078678451703897,0.3088183952645372
bench__03,furniture,bench,diagnostic_consensus_argmax,0,5,0,0,0.0,0.0,0,0.0,0.0,0.0,0.0
bench__03,furniture,bench,diagnostic_parent_support_argmax,0,5,0,0,0.0,0.0,0,0.0,0.0,0.0,0.0
bench__03,furniture,bench,diagnostic_parent_residual_argmax,0,5,0,0,0.0,0.0,0,0.0,0.0,0.0,0.0
bench__03,furniture,bench,diagnostic_specificity_argmax,1,5,1,0,0.3333333333333333,0.0,0,0.06408775743910225,0.0,0.0,0.0878832913537417
bench__03,furniture,bench,actual_semantic_argmax,2,5,1,0,0.2857142857142857,0.0,0,0.0640849587649766,0.0,0.0,0.0878832913537417
bench__03,furniture,bench,after_direct_detail_gate,4,5,1,0,0.2222222222222222,0.0,0,0.0716533866269763,0.009186911796892098,0.04315086096119249,0.14951621808685162
bench__03,furniture,bench,after_cleanup,3,5,1,0,0.25,0.0,0,0.07167956107333054,0.009183896729023084,0.04315086096119249,0.14951935755785078
bench__03,furniture,bench,after_root_restoration,3,5,1,0,0.25,0.0,0,0.07167956107333054,0.009183896729023084,0.04315086096119249,0.14951935755785078
bench__03,furniture,bench,identity_supported_before_remainder,9,5,0,0,0.0,0.0,0,0.05513881562181041,0.03638136511375948,0.04315086096119249,0.14951621808685162
bench__03,furniture,bench,identity_plus_eligible_remainder,9,5,0,0,0.0,0.0,0,0.05513881562181041,0.03638136511375948,0.04315086096119249,0.14951621808685162
bench__03,furniture,bench,after_remainder_attachment_before_filter,9,5,0,0,0.0,0.0,0,0.05513881562181041,0.03638136511375948,0.04315086096119249,0.14951621808685162
bench__03,furniture,bench,final_hpid,9,5,0,0,0.0,0.0,0,0.05513881562181041,0.03638136511375948,0.04315086096119249,0.14951621808685162
bench__03,furniture,bench,final_dbscan,9,5,1,1,0.14285714285714285,0.14285714285714285,0,0.13368381062368406,0.10892981461513832,0.15078678451703897,0.2902777502625967
bench__04,furniture,bench,input_pool,16,5,2,2,0.19047619047619047,0.19047619047619047,67939,0.35846906663940115,0.25719863386140607,0.26554647293194095,0.40196116643281987
bench__04,furniture,bench,after_same_source_dedup,16,5,2,2,0.19047619047619047,0.19047619047619047,67939,0.35846906663940115,0.25719863386140607,0.26554647293194095,0.40196116643281987
bench__04,furniture,bench,after_instance_cap,16,5,2,2,0.19047619047619047,0.19047619047619047,67939,0.35846906663940115,0.25719863386140607,0.26554647293194095,0.40196116643281987
bench__04,furniture,bench,after_hierarchy_duplicate_filter,16,5,2,2,0.19047619047619047,0.19047619047619047,67939,0.35846906663940115,0.25719863386140607,0.26554647293194095,0.40196116643281987
bench__04,furniture,bench,diagnostic_consensus_argmax,5,5,1,1,0.2,0.2,0,0.10298834535755783,0.06571663469443684,0.06611524676040806,0.14164839024547762
bench__04,furniture,bench,diagnostic_parent_support_argmax,5,5,1,1,0.2,0.2,0,0.09893873498978448,0.06571663469443684,0.06611524676040806,0.11067057149174912
bench__04,furniture,bench,diagnostic_parent_residual_argmax,5,5,1,1,0.2,0.2,0,0.10582953577343261,0.06571663469443684,0.06611524676040806,0.1176657083245893
bench__04,furniture,bench,diagnostic_specificity_argmax,8,5,2,1,0.3076923076923077,0.15384615384615385,0,0.2860828139153887,0.1435955007316856,0.147965647368211,0.3772282020442759
bench__04,furniture,bench,actual_semantic_argmax,8,5,2,1,0.3076923076923077,0.15384615384615385,0,0.28816893319861947,0.14456508884960476,0.1489989877576497,0.37937873967868446
bench__04,furniture,bench,after_direct_detail_gate,9,5,2,1,0.2857142857142857,0.14285714285714285,0,0.2891993578174836,0.14563885628161094,0.15014612298559893,0.3805472666679501
bench__04,furniture,bench,after_cleanup,8,5,2,1,0.3076923076923077,0.15384615384615385,0,0.2890534531776174,0.14540635651250447,0.15034499779771462,0.3807560838880456
bench__04,furniture,bench,after_root_restoration,8,5,2,1,0.3076923076923077,0.15384615384615385,0,0.2890534531776174,0.14542793213589295,0.15036669094810237,0.380810316764015
bench__04,furniture,bench,identity_supported_before_remainder,10,5,2,1,0.26666666666666666,0.13333333333333333,0,0.2892643773233354,0.14563885628161094,0.15014612298559893,0.38052557351756233
bench__04,furniture,bench,identity_plus_eligible_remainder,10,5,2,1,0.26666666666666666,0.13333333333333333,0,0.2892643773233354,0.14563885628161094,0.15014612298559893,0.38052557351756233
bench__04,furniture,bench,after_remainder_attachment_before_filter,10,5,2,1,0.26666666666666666,0.13333333333333333,0,0.2892643773233354,0.14563885628161094,0.15014612298559893,0.38052557351756233
bench__04,furniture,bench,final_hpid,7,5,2,1,0.3333333333333333,0.16666666666666666,0,0.2892643773233354,0.1446524064171123,0.14915908464295563,0.377588816183306
bench__04,furniture,bench,final_dbscan,6,5,2,1,0.36363636363636365,0.18181818181818182,0,0.32032339511437014,0.14434037998394433,0.14871794871794872,0.34335635434514417
bicycle__01,vehicle,bicycle,input_pool,10,12,3,1,0.2727272727272727,0.09090909090909091,36976,0.16913638174227322,0.05789120066143486,0.08921941174650411,0.405781566914452
bicycle__01,vehicle,bicycle,after_same_source_dedup,10,12,3,1,0.2727272727272727,0.09090909090909091,36976,0.16913638174227322,0.05789120066143486,0.08921941174650411,0.405781566914452
bicycle__01,vehicle,bicycle,after_instance_cap,10,12,3,1,0.2727272727272727,0.09090909090909091,36976,0.16913638174227322,0.05789120066143486,0.08921941174650411,0.405781566914452
bicycle__01,vehicle,bicycle,after_hierarchy_duplicate_filter,10,12,3,1,0.2727272727272727,0.09090909090909091,36976,0.16913638174227322,0.05789120066143486,0.08921941174650411,0.405781566914452
bicycle__01,vehicle,bicycle,diagnostic_consensus_argmax,2,12,0,0,0.0,0.0,0,0.011284660452098009,0.0,0.0,0.011349471888735814
bicycle__01,vehicle,bicycle,diagnostic_parent_support_argmax,2,12,0,0,0.0,0.0,0,0.011284660452098009,0.0,0.0,0.011349471888735814
bicycle__01,vehicle,bicycle,diagnostic_parent_residual_argmax,2,12,0,0,0.0,0.0,0,0.011284660452098009,0.0,0.0,0.011349471888735814
bicycle__01,vehicle,bicycle,diagnostic_specificity_argmax,3,12,2,0,0.26666666666666666,0.0,0,0.08077551880925983,0.00037125985216389075,0.007430951969094158,0.08934670946274585
bicycle__01,vehicle,bicycle,actual_semantic_argmax,4,12,2,0,0.25,0.0,0,0.09232870234717484,0.00037125985216389075,0.007430951969094158,0.10380160681378882
bicycle__01,vehicle,bicycle,after_direct_detail_gate,6,12,3,0,0.3333333333333333,0.0,0,0.12576896804714902,0.0012818076377116763,0.008341499754641943,0.18281440072604535
bicycle__01,vehicle,bicycle,after_cleanup,5,12,3,0,0.35294117647058826,0.0,0,0.12622387407313368,0.0009015875508844394,0.008503671029618097,0.1837050102294597
bicycle__01,vehicle,bicycle,after_root_restoration,5,12,3,0,0.35294117647058826,0.0,0,0.12622387407313368,0.0009015875508844394,0.008503671029618097,0.1837050102294597
bicycle__01,vehicle,bicycle,identity_supported_before_remainder,5,12,3,0,0.35294117647058826,0.0,0,0.12622387407313368,0.00037125985216389075,0.007430951969094158,0.18263229116893576
bicycle__01,vehicle,bicycle,identity_plus_eligible_remainder,5,12,3,0,0.35294117647058826,0.0,0,0.12622387407313368,0.00037125985216389075,0.007430951969094158,0.18263229116893576
bicycle__01,vehicle,bicycle,after_remainder_attachment_before_filter,5,12,3,0,0.35294117647058826,0.0,0,0.12622387407313368,0.00037125985216389075,0.007430951969094158,0.18263229116893576
bicycle__01,vehicle,bicycle,final_hpid,5,12,3,0,0.35294117647058826,0.0,0,0.12622387407313368,0.00037125985216389075,0.007430951969094158,0.18263229116893576
bicycle__01,vehicle,bicycle,final_dbscan,5,12,3,0,0.35294117647058826,0.0,0,0.15320342894023245,0.001583357187301373,0.026443983787005604,0.40523657732868457
bicycle__02,vehicle,bicycle,input_pool,12,12,6,1,0.5,0.08333333333333333,6792,0.28843131268071753,0.06356235462515655,0.06720582671206962,0.3616071434871453
bicycle__02,vehicle,bicycle,after_same_source_dedup,12,12,6,1,0.5,0.08333333333333333,6792,0.28843131268071753,0.06356235462515655,0.06720582671206962,0.3616071434871453
bicycle__02,vehicle,bicycle,after_instance_cap,12,12,6,1,0.5,0.08333333333333333,6792,0.28843131268071753,0.06356235462515655,0.06720582671206962,0.3616071434871453
bicycle__02,vehicle,bicycle,after_hierarchy_duplicate_filter,12,12,6,1,0.5,0.08333333333333333,6792,0.28843131268071753,0.06356235462515655,0.06720582671206962,0.3616071434871453
bicycle__02,vehicle,bicycle,diagnostic_consensus_argmax,2,12,1,0,0.14285714285714285,0.0,0,0.06651590968833386,0.0,0.0,0.09631075113506776
bicycle__02,vehicle,bicycle,diagnostic_parent_support_argmax,2,12,1,0,0.14285714285714285,0.0,0,0.06651590968833386,0.0,0.0,0.09631075113506776
bicycle__02,vehicle,bicycle,diagnostic_parent_residual_argmax,7,12,4,0,0.42105263157894735,0.0,0,0.16811094609785193,0.0,0.0,0.1987563094614777
bicycle__02,vehicle,bicycle,diagnostic_specificity_argmax,9,12,4,0,0.38095238095238093,0.0,0,0.18507440607924416,0.000879874039084931,0.0008986000756715853,0.22785066227874076
bicycle__02,vehicle,bicycle,actual_semantic_argmax,10,12,4,0,0.36363636363636365,0.0,0,0.19273760048133906,0.0009027777777777778,0.0009222474460839954,0.23754227602380096
bicycle__02,vehicle,bicycle,after_direct_detail_gate,11,12,4,0,0.34782608695652173,0.0,0,0.22704419858675606,0.0011789181692094313,0.001206015891032917,0.2803722757526114
bicycle__02,vehicle,bicycle,after_cleanup,10,12,4,0,0.36363636363636365,0.0,0,0.22668573601529893,0.00023245002324500232,0.0002364737041241014,0.2801161973760904
bicycle__02,vehicle,bicycle,after_root_restoration,10,12,4,0,0.36363636363636365,0.0,0,0.2260806620172883,0.00034799554565701564,0.0003547105561861521,0.28025808159856486
bicycle__02,vehicle,bicycle,identity_supported_before_remainder,10,12,4,0,0.36363636363636365,0.0,0,0.2260806620172883,0.00034799554565701564,0.0003547105561861521,0.28025808159856486
bicycle__02,vehicle,bicycle,identity_plus_eligible_remainder,10,12,4,0,0.36363636363636365,0.0,0,0.2260806620172883,0.00034799554565701564,0.0003547105561861521,0.28025808159856486
bicycle__02,vehicle,bicycle,after_remainder_attachment_before_filter,10,12,4,0,0.36363636363636365,0.0,0,0.2260806620172883,0.00034799554565701564,0.0003547105561861521,0.28025808159856486
bicycle__02,vehicle,bicycle,final_hpid,10,12,4,0,0.36363636363636365,0.0,0,0.2260806620172883,0.00034799554565701564,0.0003547105561861521,0.28025808159856486
bicycle__02,vehicle,bicycle,final_dbscan,9,12,6,0,0.5714285714285714,0.0,0,0.2887381716260113,0.0,0.0,0.356593476156653
bicycle__03,vehicle,bicycle,input_pool,11,12,3,2,0.2608695652173913,0.17391304347826086,11130,0.2120330459516098,0.11962754198048316,0.12236831275813213,0.4596976117418638
bicycle__03,vehicle,bicycle,after_same_source_dedup,11,12,3,2,0.2608695652173913,0.17391304347826086,11130,0.2120330459516098,0.11962754198048316,0.12236831275813213,0.4596976117418638
bicycle__03,vehicle,bicycle,after_instance_cap,11,12,3,2,0.2608695652173913,0.17391304347826086,11130,0.2120330459516098,0.11962754198048316,0.12236831275813213,0.4596976117418638
bicycle__03,vehicle,bicycle,after_hierarchy_duplicate_filter,11,12,3,2,0.2608695652173913,0.17391304347826086,11130,0.2120330459516098,0.11962754198048316,0.12236831275813213,0.4596976117418638
bicycle__03,vehicle,bicycle,diagnostic_consensus_argmax,2,12,1,1,0.14285714285714285,0.14285714285714285,0,0.05850843741468742,0.04237049549549549,0.04302458547741567,0.05936367144737412
bicycle__03,vehicle,bicycle,diagnostic_parent_support_argmax,2,12,1,1,0.14285714285714285,0.14285714285714285,0,0.05850843741468742,0.04237049549549549,0.04302458547741567,0.05936367144737412
bicycle__03,vehicle,bicycle,diagnostic_parent_residual_argmax,3,12,1,1,0.13333333333333333,0.13333333333333333,0,0.0730197462770452,0.04237049549549549,0.04302458547741567,0.10955976665497318
bicycle__03,vehicle,bicycle,diagnostic_specificity_argmax,4,12,1,1,0.125,0.125,0,0.07309838200365204,0.04237049549549549,0.04302458547741567,0.10967542878723302
bicycle__03,vehicle,bicycle,actual_semantic_argmax,5,12,1,1,0.11764705882352941,0.11764705882352941,0,0.07648525921751,0.04521754654933421,0.04611842147906595,0.11441695046403444
bicycle__03,vehicle,bicycle,after_direct_detail_gate,6,12,2,2,0.2222222222222222,0.2222222222222222,0,0.10313495172990288,0.07140255987709054,0.07335231823178835,0.1444046993736023
bicycle__03,vehicle,bicycle,after_cleanup,6,12,2,2,0.2222222222222222,0.2222222222222222,0,0.103017027201601,0.07140255987709054,0.07335231823178835,0.1442726445537863
bicycle__03,vehicle,bicycle,after_root_restoration,6,12,2,2,0.2222222222222222,0.2222222222222222,0,0.103017027201601,0.07140255987709054,0.07335231823178835,0.1442726445537863
bicycle__03,vehicle,bicycle,identity_supported_before_remainder,6,12,2,2,0.2222222222222222,0.2222222222222222,0,0.103017027201601,0.07140255987709054,0.07335231823178835,0.1442726445537863
bicycle__03,vehicle,bicycle,identity_plus_eligible_remainder,6,12,2,2,0.2222222222222222,0.2222222222222222,0,0.103017027201601,0.07140255987709054,0.07335231823178835,0.1442726445537863
bicycle__03,vehicle,bicycle,after_remainder_attachment_before_filter,6,12,2,2,0.2222222222222222,0.2222222222222222,0,0.103017027201601,0.07140255987709054,0.07335231823178835,0.1442726445537863
bicycle__03,vehicle,bicycle,final_hpid,6,12,2,2,0.2222222222222222,0.2222222222222222,0,0.103017027201601,0.07140255987709054,0.07335231823178835,0.1442726445537863
bicycle__03,vehicle,bicycle,final_dbscan,7,12,3,2,0.3157894736842105,0.21052631578947367,0,0.1938434329683071,0.11725848707978269,0.11858043397025335,0.4546713181249662
bicycle__04,vehicle,bicycle,input_pool,11,12,6,3,0.5217391304347826,0.2608695652173913,4985,0.25026324727108396,0.1267946659022291,0.1327330893026969,0.3063470213262618
bicycle__04,vehicle,bicycle,after_same_source_dedup,11,12,6,3,0.5217391304347826,0.2608695652173913,4985,0.25026324727108396,0.1267946659022291,0.1327330893026969,0.3063470213262618
bicycle__04,vehicle,bicycle,after_instance_cap,11,12,6,3,0.5217391304347826,0.2608695652173913,4985,0.25026324727108396,0.1267946659022291,0.1327330893026969,0.3063470213262618
bicycle__04,vehicle,bicycle,after_hierarchy_duplicate_filter,11,12,6,3,0.5217391304347826,0.2608695652173913,4985,0.25026324727108396,0.1267946659022291,0.1327330893026969,0.3063470213262618
bicycle__04,vehicle,bicycle,diagnostic_consensus_argmax,2,12,1,1,0.14285714285714285,0.14285714285714285,0,0.02456849246732515,0.02456849246732515,0.024627462746274628,0.024627462746274628
bicycle__04,vehicle,bicycle,diagnostic_parent_support_argmax,2,12,1,1,0.14285714285714285,0.14285714285714285,0,0.02456849246732515,0.02456849246732515,0.024627462746274628,0.024627462746274628
bicycle__04,vehicle,bicycle,diagnostic_parent_residual_argmax,3,12,2,1,0.26666666666666666,0.13333333333333333,0,0.058663436853059636,0.02456849246732515,0.024627462746274628,0.05890065466209967
bicycle__04,vehicle,bicycle,diagnostic_specificity_argmax,7,12,5,3,0.5263157894736842,0.3157894736842105,0,0.17437954046317458,0.09699692820442223,0.09834485629819156,0.1800600035622019
bicycle__04,vehicle,bicycle,actual_semantic_argmax,8,12,5,3,0.5,0.3,0,0.19344861144697076,0.1066224843054907,0.10825719457782146,0.2029819781254825
bicycle__04,vehicle,bicycle,after_direct_detail_gate,8,12,5,3,0.5,0.3,0,0.22355944757293353,0.11872302772568,0.12228141033940709,0.25057283927714624
bicycle__04,vehicle,bicycle,after_cleanup,8,12,5,3,0.5,0.3,0,0.22406556970655137,0.11874930341016159,0.12230776357822015,0.25105472054160266
bicycle__04,vehicle,bicycle,after_root_restoration,8,12,5,3,0.5,0.3,0,0.22406556970655137,0.11874930341016159,0.12230776357822015,0.25105472054160266
bicycle__04,vehicle,bicycle,identity_supported_before_remainder,9,12,5,3,0.47619047619047616,0.2857142857142857,0,0.22457157020951987,0.1197351503622664,0.12230776357822015,0.25057283927714624
bicycle__04,vehicle,bicycle,identity_plus_eligible_remainder,9,12,5,3,0.47619047619047616,0.2857142857142857,0,0.22457157020951987,0.1197351503622664,0.12230776357822015,0.25057283927714624
bicycle__04,vehicle,bicycle,after_remainder_attachment_before_filter,9,12,5,3,0.47619047619047616,0.2857142857142857,0,0.22457157020951987,0.1197351503622664,0.12230776357822015,0.25057283927714624
bicycle__04,vehicle,bicycle,final_hpid,9,12,5,3,0.47619047619047616,0.2857142857142857,0,0.22457157020951987,0.1197351503622664,0.12230776357822015,0.25057283927714624
bicycle__04,vehicle,bicycle,final_dbscan,10,12,6,3,0.5454545454545454,0.2727272727272727,0,0.20710395592454175,0.09056908982713169,0.09089992862406115,0.23070305951876757
blender__01,device,blender,input_pool,7,7,5,5,0.7142857142857143,0.7142857142857143,43767,0.5833634296129873,0.5077798763828587,0.839500740234328,0.9853706402901344
blender__01,device,blender,after_same_source_dedup,7,7,5,5,0.7142857142857143,0.7142857142857143,43767,0.5833634296129873,0.5077798763828587,0.839500740234328,0.9853706402901344
blender__01,device,blender,after_instance_cap,7,7,5,5,0.7142857142857143,0.7142857142857143,43767,0.5833634296129873,0.5077798763828587,0.839500740234328,0.9853706402901344
blender__01,device,blender,after_hierarchy_duplicate_filter,7,7,5,5,0.7142857142857143,0.7142857142857143,43767,0.5833634296129873,0.5077798763828587,0.839500740234328,0.9853706402901344
blender__01,device,blender,diagnostic_consensus_argmax,3,7,2,2,0.4,0.4,0,0.08295413640558216,0.08260334105564439,0.08281992177039965,0.08318500623600829
blender__01,device,blender,diagnostic_parent_support_argmax,3,7,2,2,0.4,0.4,0,0.08295413640558216,0.08260334105564439,0.08281992177039965,0.08318500623600829
blender__01,device,blender,diagnostic_parent_residual_argmax,3,7,2,2,0.4,0.4,0,0.08295413640558216,0.08260334105564439,0.08281992177039965,0.08318500623600829
blender__01,device,blender,diagnostic_specificity_argmax,3,7,3,3,0.6,0.6,0,0.40958339699257096,0.31792213433815186,0.4192319846101542,0.7512934093987701
blender__01,device,blender,actual_semantic_argmax,3,7,3,3,0.6,0.6,0,0.40958339699257096,0.31792213433815186,0.4192319846101542,0.7512934093987701
blender__01,device,blender,after_direct_detail_gate,3,7,3,3,0.6,0.6,0,0.40958339699257096,0.31792213433815186,0.4192319846101542,0.7512934093987701
blender__01,device,blender,after_cleanup,3,7,3,3,0.6,0.6,0,0.40958339699257096,0.31792213433815186,0.4192319846101542,0.7512934093987701
blender__01,device,blender,after_root_restoration,3,7,3,3,0.6,0.6,0,0.40958339699257096,0.31792213433815186,0.4192319846101542,0.7512934093987701
blender__01,device,blender,identity_supported_before_remainder,3,7,3,3,0.6,0.6,0,0.40958339699257096,0.31792213433815186,0.4192319846101542,0.7512934093987701
blender__01,device,blender,identity_plus_eligible_remainder,3,7,3,3,0.6,0.6,0,0.40958339699257096,0.31792213433815186,0.4192319846101542,0.7512934093987701
blender__01,device,blender,after_remainder_attachment_before_filter,3,7,3,3,0.6,0.6,0,0.40958339699257096,0.31792213433815186,0.4192319846101542,0.7512934093987701
blender__01,device,blender,final_hpid,3,7,3,3,0.6,0.6,0,0.40958339699257096,0.31792213433815186,0.4192319846101542,0.7512934093987701
blender__01,device,blender,final_dbscan,4,7,3,3,0.5454545454545454,0.5454545454545454,0,0.408150941061975,0.390834521652429,0.5530949258568688,0.9822230607749479
blender__02,device,blender,input_pool,8,7,2,1,0.26666666666666666,0.13333333333333333,20760,0.24971589726442955,0.1309537225508604,0.4053825354947253,0.8220481120986151
blender__02,device,blender,after_same_source_dedup,8,7,2,1,0.26666666666666666,0.13333333333333333,20760,0.24971589726442955,0.1309537225508604,0.4053825354947253,0.8220481120986151
blender__02,device,blender,after_instance_cap,8,7,2,1,0.26666666666666666,0.13333333333333333,20760,0.24971589726442955,0.1309537225508604,0.4053825354947253,0.8220481120986151
blender__02,device,blender,after_hierarchy_duplicate_filter,8,7,2,1,0.26666666666666666,0.13333333333333333,20760,0.24971589726442955,0.1309537225508604,0.4053825354947253,0.8220481120986151
blender__02,device,blender,diagnostic_consensus_argmax,3,7,1,1,0.2,0.2,0,0.1404343012389199,0.1166794346478497,0.21295115968239456,0.49834056618852485
blender__02,device,blender,diagnostic_parent_support_argmax,3,7,1,1,0.2,0.2,0,0.1404343012389199,0.1166794346478497,0.21295115968239456,0.49834056618852485
blender__02,device,blender,diagnostic_parent_residual_argmax,4,7,0,0,0.0,0.0,0,0.0485322863677083,0.022207772770777342,0.040691888149515264,0.15586487025786028
blender__02,device,blender,diagnostic_specificity_argmax,4,7,1,0,0.18181818181818182,0.0,0,0.159512082808664,0.0345058470439381,0.1282684976424612,0.5514938835105784
blender__02,device,blender,actual_semantic_argmax,4,7,1,0,0.18181818181818182,0.0,0,0.16450545016150836,0.02909397399981715,0.10842776986903176,0.5587515299595156
blender__02,device,blender,after_direct_detail_gate,4,7,1,0,0.18181818181818182,0.0,0,0.17665897384724377,0.02905068606813354,0.10842776986903176,0.5732297940489772
blender__02,device,blender,after_cleanup,4,7,1,0,0.18181818181818182,0.0,0,0.1776486030144969,0.029099931274129544,0.10842776986903176,0.5717856705208725
blender__02,device,blender,after_root_restoration,4,7,1,0,0.18181818181818182,0.0,0,0.1776486030144969,0.029099931274129544,0.10842776986903176,0.5717856705208725
blender__02,device,blender,identity_supported_before_remainder,5,7,1,0,0.16666666666666666,0.0,0,0.1773319413262031,0.02911088721883292,0.10842776986903176,0.5717486417124594
blender__02,device,blender,identity_plus_eligible_remainder,5,7,1,0,0.16666666666666666,0.0,0,0.1773319413262031,0.02911088721883292,0.10842776986903176,0.5717486417124594
blender__02,device,blender,after_remainder_attachment_before_filter,5,7,1,0,0.16666666666666666,0.0,0,0.1773319413262031,0.02911088721883292,0.10842776986903176,0.5717486417124594
blender__02,device,blender,final_hpid,4,7,1,0,0.18181818181818182,0.0,0,0.1773319413262031,0.02911088721883292,0.10842776986903176,0.5714027406401662
blender__02,device,blender,final_dbscan,4,7,2,1,0.36363636363636365,0.18181818181818182,0,0.23525818130810278,0.11052110148092095,0.21628438819722115,0.8131394437564496
blender__03,device,blender,input_pool,12,7,5,3,0.5263157894736842,0.3157894736842105,5290,0.3603211752758022,0.2118437658496112,0.39819927230719404,0.7271443287410431
blender__03,device,blender,after_same_source_dedup,12,7,5,3,0.5263157894736842,0.3157894736842105,5290,0.3603211752758022,0.2118437658496112,0.39819927230719404,0.7271443287410431
blender__03,device,blender,after_instance_cap,12,7,5,3,0.5263157894736842,0.3157894736842105,5290,0.3603211752758022,0.2118437658496112,0.39819927230719404,0.7271443287410431
blender__03,device,blender,after_hierarchy_duplicate_filter,12,7,5,3,0.5263157894736842,0.3157894736842105,5290,0.3603211752758022,0.2118437658496112,0.39819927230719404,0.7271443287410431
blender__03,device,blender,diagnostic_consensus_argmax,4,7,2,0,0.36363636363636365,0.0,0,0.21280833203489585,0.02367322768033388,0.03122384061610581,0.569721551987569
blender__03,device,blender,diagnostic_parent_support_argmax,4,7,2,0,0.36363636363636365,0.0,0,0.21280833203489585,0.02367322768033388,0.03122384061610581,0.569721551987569
blender__03,device,blender,diagnostic_parent_residual_argmax,6,7,2,1,0.3076923076923077,0.15384615384615385,0,0.2263549824874078,0.10483700539531024,0.20214540440935155,0.4822650277034786
blender__03,device,blender,diagnostic_specificity_argmax,6,7,3,2,0.46153846153846156,0.3076923076923077,0,0.3319704374814054,0.16888480785240972,0.3228946028700941,0.726649156668748
blender__03,device,blender,actual_semantic_argmax,6,7,3,2,0.46153846153846156,0.3076923076923077,0,0.3320696059638023,0.16888480785240972,0.3228946028700941,0.7267729496868218
blender__03,device,blender,after_direct_detail_gate,6,7,3,2,0.46153846153846156,0.3076923076923077,0,0.3323672937383645,0.16888480785240972,0.3228946028700941,0.7271443287410431
blender__03,device,blender,after_cleanup,5,7,3,2,0.5,0.3333333333333333,0,0.3335666511516063,0.16642775812969773,0.32073010070559194,0.7277315040835682
blender__03,device,blender,after_root_restoration,5,7,3,2,0.5,0.3333333333333333,0,0.3335666511516063,0.16642775812969773,0.32073010070559194,0.7277315040835682
blender__03,device,blender,identity_supported_before_remainder,5,7,3,2,0.5,0.3333333333333333,0,0.33369247934395396,0.16652434580960015,0.32073010070559194,0.7271443287410431
blender__03,device,blender,identity_plus_eligible_remainder,5,7,3,2,0.5,0.3333333333333333,0,0.33369247934395396,0.16652434580960015,0.32073010070559194,0.7271443287410431
blender__03,device,blender,after_remainder_attachment_before_filter,5,7,3,2,0.5,0.3333333333333333,0,0.33369247934395396,0.16652434580960015,0.32073010070559194,0.7271443287410431
blender__03,device,blender,final_hpid,5,7,3,2,0.5,0.3333333333333333,0,0.33369247934395396,0.16652434580960015,0.32073010070559194,0.7271443287410431
blender__03,device,blender,final_dbscan,5,7,3,0,0.5,0.0,0,0.2709644367957128,0.013642413487133983,0.017650857429862953,0.586525294208573
blender__04,device,blender,input_pool,9,6,4,2,0.5333333333333333,0.26666666666666666,167427,0.5478607686395082,0.31842505889652,0.5067087631753865,0.7956186922686391
blender__04,device,blender,after_same_source_dedup,9,6,4,2,0.5333333333333333,0.26666666666666666,167427,0.5478607686395082,0.31842505889652,0.5067087631753865,0.7956186922686391
blender__04,device,blender,after_instance_cap,9,6,4,2,0.5333333333333333,0.26666666666666666,167427,0.5478607686395082,0.31842505889652,0.5067087631753865,0.7956186922686391
blender__04,device,blender,after_hierarchy_duplicate_filter,9,6,4,2,0.5333333333333333,0.26666666666666666,167427,0.5478607686395082,0.31842505889652,0.5067087631753865,0.7956186922686391
blender__04,device,blender,diagnostic_consensus_argmax,3,6,1,1,0.2222222222222222,0.2222222222222222,0,0.12268560538418971,0.08283952629615797,0.08640465288908634,0.1294643939098351
blender__04,device,blender,diagnostic_parent_support_argmax,3,6,1,1,0.2222222222222222,0.2222222222222222,0,0.12268560538418971,0.08283952629615797,0.08640465288908634,0.1294643939098351
blender__04,device,blender,diagnostic_parent_residual_argmax,3,6,1,1,0.2222222222222222,0.2222222222222222,0,0.12316460500863202,0.08331852592060028,0.08691154286601864,0.12779835044615362
blender__04,device,blender,diagnostic_specificity_argmax,3,6,2,1,0.4444444444444444,0.2222222222222222,0,0.33595868245159183,0.20321485627435068,0.36119030493514365,0.5785509862111228
blender__04,device,blender,actual_semantic_argmax,3,6,2,1,0.4444444444444444,0.2222222222222222,0,0.342639666573002,0.20989584039576084,0.3679342863055004,0.5854544063569898
blender__04,device,blender,after_direct_detail_gate,4,6,3,2,0.6,0.4,0,0.4385865889748321,0.30580763015669316,0.4657984524133401,0.7205164029037375
blender__04,device,blender,after_cleanup,3,6,3,2,0.6666666666666666,0.4444444444444444,0,0.43862285746767204,0.3058790312904309,0.46611926974866313,0.7203704607470095
blender__04,device,blender,after_root_restoration,3,6,3,2,0.6666666666666666,0.4444444444444444,0,0.4386035135820567,0.30585968740481556,0.46611926974866313,0.7205665723845108
blender__04,device,blender,identity_supported_before_remainder,3,6,3,2,0.6666666666666666,0.4444444444444444,0,0.4385950169778709,0.3058511908006298,0.46611041203891257,0.7205577146747603
blender__04,device,blender,identity_plus_eligible_remainder,3,6,3,2,0.6666666666666666,0.4444444444444444,0,0.4385950169778709,0.3058511908006298,0.46611041203891257,0.7205577146747603
blender__04,device,blender,after_remainder_attachment_before_filter,3,6,3,2,0.6666666666666666,0.4444444444444444,0,0.4385950169778709,0.3058511908006298,0.46611041203891257,0.7205577146747603
blender__04,device,blender,final_hpid,3,6,3,2,0.6666666666666666,0.4444444444444444,0,0.4385950169778709,0.3058511908006298,0.46611041203891257,0.7205577146747603
blender__04,device,blender,final_dbscan,4,6,3,2,0.6,0.4,0,0.4401417233593176,0.3073978971820765,0.45640129004933433,0.6774879349171071
book__01,daily_object,book,input_pool,3,2,1,1,0.4,0.4,0,0.1267756394532034,0.1267756394532034,0.33505442055491125,0.33505442055491125
book__01,daily_object,book,after_same_source_dedup,3,2,1,1,0.4,0.4,0,0.1267756394532034,0.1267756394532034,0.33505442055491125,0.33505442055491125
book__01,daily_object,book,after_instance_cap,3,2,1,1,0.4,0.4,0,0.1267756394532034,0.1267756394532034,0.33505442055491125,0.33505442055491125
book__01,daily_object,book,after_hierarchy_duplicate_filter,3,2,1,1,0.4,0.4,0,0.1267756394532034,0.1267756394532034,0.33505442055491125,0.33505442055491125
book__01,daily_object,book,diagnostic_consensus_argmax,0,2,0,0,0.0,0.0,0,0.0,0.0,0.0,0.0
book__01,daily_object,book,diagnostic_parent_support_argmax,0,2,0,0,0.0,0.0,0,0.0,0.0,0.0,0.0
book__01,daily_object,book,diagnostic_parent_residual_argmax,0,2,0,0,0.0,0.0,0,0.0,0.0,0.0,0.0
book__01,daily_object,book,diagnostic_specificity_argmax,1,2,1,1,0.6666666666666666,0.6666666666666666,0,0.33169573857363654,0.33169573857363654,0.33505442055491125,0.33505442055491125
book__01,daily_object,book,actual_semantic_argmax,1,2,1,1,0.6666666666666666,0.6666666666666666,0,0.33169573857363654,0.33169573857363654,0.33505442055491125,0.33505442055491125
book__01,daily_object,book,after_direct_detail_gate,1,2,1,1,0.6666666666666666,0.6666666666666666,0,0.33169573857363654,0.33169573857363654,0.33505442055491125,0.33505442055491125
book__01,daily_object,book,after_cleanup,1,2,1,1,0.6666666666666666,0.6666666666666666,0,0.3319275778317509,0.3319275778317509,0.3352886073690784,0.3352886073690784
book__01,daily_object,book,after_root_restoration,1,2,1,1,0.6666666666666666,0.6666666666666666,0,0.3319275778317509,0.3319275778317509,0.3352886073690784,0.3352886073690784
book__01,daily_object,book,identity_supported_before_remainder,3,2,1,1,0.4,0.4,0,0.1267756394532034,0.1267756394532034,0.33505442055491125,0.33505442055491125
book__01,daily_object,book,identity_plus_eligible_remainder,3,2,1,1,0.4,0.4,0,0.1267756394532034,0.1267756394532034,0.33505442055491125,0.33505442055491125
book__01,daily_object,book,after_remainder_attachment_before_filter,3,2,1,1,0.4,0.4,0,0.1267756394532034,0.1267756394532034,0.33505442055491125,0.33505442055491125
book__01,daily_object,book,final_hpid,3,2,1,1,0.4,0.4,0,0.1267756394532034,0.1267756394532034,0.33505442055491125,0.33505442055491125
book__01,daily_object,book,final_dbscan,3,2,1,1,0.4,0.4,0,0.1267756394532034,0.1267756394532034,0.33505442055491125,0.33505442055491125
book__02,daily_object,book,input_pool,1,2,1,0,0.6666666666666666,0.0,0,0.4049230583268516,0.0038394272285074056,0.06409671532846715,0.4683430198195697
book__02,daily_object,book,after_same_source_dedup,1,2,1,0,0.6666666666666666,0.0,0,0.4049230583268516,0.0038394272285074056,0.06409671532846715,0.4683430198195697
book__02,daily_object,book,after_instance_cap,1,2,1,0,0.6666666666666666,0.0,0,0.4049230583268516,0.0038394272285074056,0.06409671532846715,0.4683430198195697
book__02,daily_object,book,after_hierarchy_duplicate_filter,1,2,1,0,0.6666666666666666,0.0,0,0.4049230583268516,0.0038394272285074056,0.06409671532846715,0.4683430198195697
book__02,daily_object,book,diagnostic_consensus_argmax,0,2,0,0,0.0,0.0,0,0.0,0.0,0.0,0.0
book__02,daily_object,book,diagnostic_parent_support_argmax,0,2,0,0,0.0,0.0,0,0.0,0.0,0.0,0.0
book__02,daily_object,book,diagnostic_parent_residual_argmax,0,2,0,0,0.0,0.0,0,0.0,0.0,0.0,0.0
book__02,daily_object,book,diagnostic_specificity_argmax,0,2,0,0,0.0,0.0,0,0.0,0.0,0.0,0.0
book__02,daily_object,book,actual_semantic_argmax,0,2,0,0,0.0,0.0,0,0.0,0.0,0.0,0.0
book__02,daily_object,book,after_direct_detail_gate,0,2,0,0,0.0,0.0,0,0.0,0.0,0.0,0.0
book__02,daily_object,book,after_cleanup,0,2,0,0,0.0,0.0,0,0.0,0.0,0.0,0.0
book__02,daily_object,book,after_root_restoration,0,2,0,0,0.0,0.0,0,0.0,0.0,0.0,0.0
book__02,daily_object,book,identity_supported_before_remainder,0,2,0,0,0.0,0.0,0,0.0,0.0,0.0,0.0
book__02,daily_object,book,identity_plus_eligible_remainder,0,2,0,0,0.0,0.0,0,0.0,0.0,0.0,0.0
book__02,daily_object,book,after_remainder_attachment_before_filter,0,2,0,0,0.0,0.0,0,0.0,0.0,0.0,0.0
book__02,daily_object,book,final_hpid,0,2,0,0,0.0,0.0,0,0.0,0.0,0.0,0.0
book__02,daily_object,book,final_dbscan,1,2,1,0,0.6666666666666666,0.0,0,0.4049230583268516,0.0038394272285074056,0.06409671532846715,0.4683430198195697
book__03,daily_object,book,input_pool,6,2,1,1,0.25,0.25,24121,0.3271210136590566,0.1785838250607428,0.190139168452265,0.7920942444504488
book__03,daily_object,book,after_same_source_dedup,6,2,1,1,0.25,0.25,24121,0.3271210136590566,0.1785838250607428,0.190139168452265,0.7920942444504488
book__03,daily_object,book,after_instance_cap,6,2,1,1,0.25,0.25,24121,0.3271210136590566,0.1785838250607428,0.190139168452265,0.7920942444504488
book__03,daily_object,book,after_hierarchy_duplicate_filter,6,2,1,1,0.25,0.25,24121,0.3271210136590566,0.1785838250607428,0.190139168452265,0.7920942444504488
book__03,daily_object,book,diagnostic_consensus_argmax,1,2,0,0,0.0,0.0,0,0.00025412960609911054,0.00025412960609911054,0.0002597233945847672,0.0002597233945847672
book__03,daily_object,book,diagnostic_parent_support_argmax,1,2,0,0,0.0,0.0,0,0.00025412960609911054,0.00025412960609911054,0.0002597233945847672,0.0002597233945847672
book__03,daily_object,book,diagnostic_parent_residual_argmax,1,2,0,0,0.0,0.0,0,0.00025412960609911054,0.00025412960609911054,0.0002597233945847672,0.0002597233945847672
book__03,daily_object,book,diagnostic_specificity_argmax,2,2,1,1,0.5,0.5,0,0.18198239796372997,0.16479702858857959,0.190139168452265,0.5740997419289675
book__03,daily_object,book,actual_semantic_argmax,2,2,1,1,0.5,0.5,0,0.1819975219222558,0.16480939516734203,0.190139168452265,0.5740997419289675
book__03,daily_object,book,after_direct_detail_gate,2,2,1,1,0.5,0.5,0,0.18198922969621906,0.16479351558249059,0.1900958812198342,0.5740997419289675
book__03,daily_object,book,after_cleanup,1,2,1,1,0.6666666666666666,0.6666666666666666,0,0.1819786174023009,0.16479393723386296,0.190139168452265,0.5740997419289675
book__03,daily_object,book,after_root_restoration,1,2,1,1,0.6666666666666666,0.6666666666666666,0,0.1819786174023009,0.16479393723386296,0.190139168452265,0.5740997419289675
book__03,daily_object,book,identity_supported_before_remainder,2,2,1,1,0.5,0.5,0,0.20455206288631614,0.1825381918357125,0.190139168452265,0.5740997419289675
book__03,daily_object,book,identity_plus_eligible_remainder,2,2,1,1,0.5,0.5,0,0.20455206288631614,0.1825381918357125,0.190139168452265,0.5740997419289675
book__03,daily_object,book,after_remainder_attachment_before_filter,2,2,1,1,0.5,0.5,0,0.20455206288631614,0.1825381918357125,0.190139168452265,0.5740997419289675
book__03,daily_object,book,final_hpid,2,2,1,1,0.5,0.5,0,0.20455206288631614,0.1825381918357125,0.190139168452265,0.5740997419289675
book__03,daily_object,book,final_dbscan,5,2,1,1,0.2857142857142857,0.2857142857142857,0,0.23918891735253714,0.18393357048138248,0.190139168452265,0.7920942444504488
book__04,daily_object,book,input_pool,4,2,1,0,0.3333333333333333,0.0,10424,0.29518451441161603,0.0664465838689974,0.06663458172908646,0.36606427428903
book__04,daily_object,book,after_same_source_dedup,4,2,1,0,0.3333333333333333,0.0,10424,0.29518451441161603,0.0664465838689974,0.06663458172908646,0.36606427428903
book__04,daily_object,book,after_instance_cap,4,2,1,0,0.3333333333333333,0.0,10424,0.29518451441161603,0.0664465838689974,0.06663458172908646,0.36606427428903
book__04,daily_object,book,after_hierarchy_duplicate_filter,4,2,1,0,0.3333333333333333,0.0,10424,0.29518451441161603,0.0664465838689974,0.06663458172908646,0.36606427428903
book__04,daily_object,book,diagnostic_consensus_argmax,0,2,0,0,0.0,0.0,0,0.0,0.0,0.0,0.0
book__04,daily_object,book,diagnostic_parent_support_argmax,0,2,0,0,0.0,0.0,0,0.0,0.0,0.0,0.0
book__04,daily_object,book,diagnostic_parent_residual_argmax,0,2,0,0,0.0,0.0,0,0.0,0.0,0.0,0.0
book__04,daily_object,book,diagnostic_specificity_argmax,2,2,1,0,0.5,0.0,0,0.29519374858577785,0.0,0.0,0.2970233222414276
book__04,daily_object,book,actual_semantic_argmax,2,2,1,0,0.5,0.0,0,0.29519374858577785,0.0,0.0,0.2970233222414276
book__04,daily_object,book,after_direct_detail_gate,2,2,1,0,0.5,0.0,0,0.29519374858577785,0.0,0.0,0.2970233222414276
book__04,daily_object,book,after_cleanup,2,2,1,0,0.5,0.0,0,0.29519374858577785,0.0,0.0,0.2970233222414276
book__04,daily_object,book,after_root_restoration,2,2,1,0,0.5,0.0,0,0.29519374858577785,0.0,0.0,0.2970233222414276
book__04,daily_object,book,identity_supported_before_remainder,2,2,1,0,0.5,0.0,0,0.29519374858577785,0.0,0.0,0.2970233222414276
book__04,daily_object,book,identity_plus_eligible_remainder,2,2,1,0,0.5,0.0,0,0.29519374858577785,0.0,0.0,0.2970233222414276
book__04,daily_object,book,after_remainder_attachment_before_filter,2,2,1,0,0.5,0.0,0,0.29519374858577785,0.0,0.0,0.2970233222414276
book__04,daily_object,book,final_hpid,2,2,1,0,0.5,0.0,0,0.29519374858577785,0.0,0.0,0.2970233222414276
book__04,daily_object,book,final_dbscan,3,2,1,0,0.4,0.0,0,0.22150819137162908,0.0664465838689974,0.06663458172908646,0.2888148474037852
bottle__01,container,bottle,input_pool,7,6,3,2,0.46153846153846156,0.3076923076923077,96415,0.3701778428403144,0.17585013960270102,0.225112622258668,0.7816917748187842
bottle__01,container,bottle,after_same_source_dedup,7,6,3,2,0.46153846153846156,0.3076923076923077,96415,0.3701778428403144,0.17585013960270102,0.225112622258668,0.7816917748187842
bottle__01,container,bottle,after_instance_cap,7,6,3,2,0.46153846153846156,0.3076923076923077,96415,0.3701778428403144,0.17585013960270102,0.225112622258668,0.7816917748187842
bottle__01,container,bottle,after_hierarchy_duplicate_filter,7,6,3,2,0.46153846153846156,0.3076923076923077,96415,0.3701778428403144,0.17585013960270102,0.225112622258668,0.7816917748187842
bottle__01,container,bottle,diagnostic_consensus_argmax,1,6,1,1,0.2857142857142857,0.2857142857142857,0,0.27669425044441526,0.11560552518449163,0.16179495850417777,0.7816917748187842
bottle__01,container,bottle,diagnostic_parent_support_argmax,1,6,1,1,0.2857142857142857,0.2857142857142857,0,0.27669425044441526,0.11560552518449163,0.16179495850417777,0.7816917748187842
bottle__01,container,bottle,diagnostic_parent_residual_argmax,5,6,2,1,0.36363636363636365,0.18181818181818182,0,0.20884975810128345,0.07370859679662023,0.09825437754075216,0.7816917748187842
bottle__01,container,bottle,diagnostic_specificity_argmax,5,6,2,1,0.36363636363636365,0.18181818181818182,0,0.20884975810128345,0.07370859679662023,0.09825437754075216,0.7816917748187842
bottle__01,container,bottle,actual_semantic_argmax,5,6,2,1,0.36363636363636365,0.18181818181818182,0,0.21180325871556724,0.06828091700310387,0.09042559064963575,0.7816917748187842
bottle__01,container,bottle,after_direct_detail_gate,6,6,2,1,0.3333333333333333,0.16666666666666666,0,0.22852820383290928,0.06348494158116276,0.0838257998392588,0.7816917748187842
bottle__01,container,bottle,after_cleanup,6,6,2,1,0.3333333333333333,0.16666666666666666,0,0.2285199880099755,0.06350310377474062,0.0838257998392588,0.7816917748187842
bottle__01,container,bottle,after_root_restoration,6,6,2,1,0.3333333333333333,0.16666666666666666,0,0.2285199880099755,0.06350310377474062,0.0838257998392588,0.7816917748187842
bottle__01,container,bottle,identity_supported_before_remainder,6,6,2,1,0.3333333333333333,0.16666666666666666,0,0.2285199880099755,0.06350310377474062,0.0838257998392588,0.7816917748187842
bottle__01,container,bottle,identity_plus_eligible_remainder,6,6,2,1,0.3333333333333333,0.16666666666666666,0,0.2285199880099755,0.06350310377474062,0.0838257998392588,0.7816917748187842
bottle__01,container,bottle,after_remainder_attachment_before_filter,6,6,2,1,0.3333333333333333,0.16666666666666666,0,0.2285199880099755,0.06350310377474062,0.0838257998392588,0.7816917748187842
bottle__01,container,bottle,final_hpid,5,6,2,1,0.36363636363636365,0.18181818181818182,0,0.2285199880099755,0.06350310377474062,0.08369194234817089,0.7814174824229703
bottle__01,container,bottle,final_dbscan,6,6,3,1,0.5,0.16666666666666666,0,0.22957508003319135,0.08474732441977595,0.1313959733927284,0.7816917748187842
bottle__02,container,bottle,input_pool,8,6,4,2,0.5714285714285714,0.2857142857142857,42124,0.4650489783881202,0.19014616638437767,0.32609763902339434,0.9806271634209743
bottle__02,container,bottle,after_same_source_dedup,8,6,4,2,0.5714285714285714,0.2857142857142857,42124,0.4650489783881202,0.19014616638437767,0.32609763902339434,0.9806271634209743
bottle__02,container,bottle,after_instance_cap,8,6,4,2,0.5714285714285714,0.2857142857142857,42124,0.4650489783881202,0.19014616638437767,0.32609763902339434,0.9806271634209743
bottle__02,container,bottle,after_hierarchy_duplicate_filter,8,6,4,2,0.5714285714285714,0.2857142857142857,42124,0.4650489783881202,0.19014616638437767,0.32609763902339434,0.9806271634209743
bottle__02,container,bottle,diagnostic_consensus_argmax,2,6,1,1,0.25,0.25,0,0.1987836004458787,0.11561314478944736,0.17338944779078533,0.9806271634209743
bottle__02,container,bottle,diagnostic_parent_support_argmax,2,6,1,1,0.25,0.25,0,0.1987836004458787,0.11561314478944736,0.17338944779078533,0.9806271634209743
bottle__02,container,bottle,diagnostic_parent_residual_argmax,2,6,1,1,0.25,0.25,0,0.1987836004458787,0.11561314478944736,0.17338944779078533,0.9806271634209743
bottle__02,container,bottle,diagnostic_specificity_argmax,2,6,2,2,0.5,0.5,0,0.2852910540779683,0.1664794303039191,0.2622064853610568,0.9806271634209743
bottle__02,container,bottle,actual_semantic_argmax,2,6,2,2,0.5,0.5,0,0.2852910540779683,0.1664794303039191,0.2622064853610568,0.9806271634209743
bottle__02,container,bottle,after_direct_detail_gate,2,6,2,2,0.5,0.5,0,0.2696563017297233,0.16287558066822638,0.2614535503803825,0.9806271634209743
bottle__02,container,bottle,after_cleanup,2,6,2,2,0.5,0.5,0,0.2696602593722146,0.16286112514153792,0.26144886892794905,0.9805532710443344
bottle__02,container,bottle,after_root_restoration,2,6,2,2,0.5,0.5,0,0.26967144813673766,0.16287805248936107,0.26146968274832577,0.9806271634209743
bottle__02,container,bottle,identity_supported_before_remainder,3,6,2,2,0.4444444444444444,0.4444444444444444,0,0.27558392577063323,0.16611847201872396,0.2614431434701941,0.9805462766403351
bottle__02,container,bottle,identity_plus_eligible_remainder,3,6,2,2,0.4444444444444444,0.4444444444444444,0,0.27558392577063323,0.16611847201872396,0.2614431434701941,0.9805462766403351
bottle__02,container,bottle,after_remainder_attachment_before_filter,3,6,2,2,0.4444444444444444,0.4444444444444444,0,0.27558392577063323,0.16611847201872396,0.2614431434701941,0.9805462766403351
bottle__02,container,bottle,final_hpid,3,6,2,2,0.4444444444444444,0.4444444444444444,0,0.27558392577063323,0.16611847201872396,0.2614431434701941,0.9805462766403351
bottle__02,container,bottle,final_dbscan,5,6,3,2,0.5454545454545454,0.36363636363636365,0,0.39717418688558154,0.1572446978540049,0.21189900922237845,0.9806271634209743
bottle__03,container,bottle,input_pool,11,6,2,1,0.23529411764705882,0.11764705882352941,5625,0.26749588330077784,0.1572422569758615,0.2643078271452632,0.46634053723665086
bottle__03,container,bottle,after_same_source_dedup,11,6,2,1,0.23529411764705882,0.11764705882352941,5625,0.26749588330077784,0.1572422569758615,0.2643078271452632,0.46634053723665086
bottle__03,container,bottle,after_instance_cap,11,6,2,1,0.23529411764705882,0.11764705882352941,5625,0.26749588330077784,0.1572422569758615,0.2643078271452632,0.46634053723665086
bottle__03,container,bottle,after_hierarchy_duplicate_filter,11,6,2,1,0.23529411764705882,0.11764705882352941,5625,0.26749588330077784,0.1572422569758615,0.2643078271452632,0.46634053723665086
bottle__03,container,bottle,diagnostic_consensus_argmax,1,6,0,0,0.0,0.0,0,0.009434488918662423,0.009434488918662423,0.009452694577285566,0.009452694577285566
bottle__03,container,bottle,diagnostic_parent_support_argmax,1,6,0,0,0.0,0.0,0,0.009434488918662423,0.009434488918662423,0.009452694577285566,0.009452694577285566
bottle__03,container,bottle,diagnostic_parent_residual_argmax,3,6,1,0,0.2222222222222222,0.0,0,0.05843108343703765,0.028719752156074686,0.028777582011913754,0.08742331263175546
bottle__03,container,bottle,diagnostic_specificity_argmax,4,6,1,1,0.2,0.2,0,0.07080737698686654,0.07068720180798527,0.07085325950163604,0.13166135167508278
bottle__03,container,bottle,actual_semantic_argmax,5,6,1,1,0.18181818181818182,0.18181818181818182,0,0.08109372686356514,0.07816618785310052,0.07839158477248383,0.1427827301814836
bottle__03,container,bottle,after_direct_detail_gate,5,6,2,2,0.36363636363636365,0.36363636363636365,0,0.14550618853511213,0.1286499040340877,0.13347954214106866,0.2271969244600274
bottle__03,container,bottle,after_cleanup,5,6,2,2,0.36363636363636365,0.36363636363636365,0,0.14563158461951428,0.1287754585666063,0.13360539162508578,0.22732277394404451
bottle__03,container,bottle,after_root_restoration,5,6,2,2,0.36363636363636365,0.36363636363636365,0,0.14563158461951428,0.1287754585666063,0.13360539162508578,0.22732277394404451
bottle__03,container,bottle,identity_supported_before_remainder,8,6,2,1,0.2857142857142857,0.14285714285714285,0,0.13474885742272852,0.08990633066788835,0.13347954214106866,0.2271969244600274
bottle__03,container,bottle,identity_plus_eligible_remainder,8,6,2,1,0.2857142857142857,0.14285714285714285,0,0.13474885742272852,0.08990633066788835,0.13347954214106866,0.2271969244600274
bottle__03,container,bottle,after_remainder_attachment_before_filter,8,6,2,1,0.2857142857142857,0.14285714285714285,0,0.13474885742272852,0.08990633066788835,0.13347954214106866,0.2271969244600274
bottle__03,container,bottle,final_hpid,8,6,2,1,0.2857142857142857,0.14285714285714285,0,0.13474885742272852,0.08990633066788835,0.13347954214106866,0.2271969244600274
bottle__03,container,bottle,final_dbscan,8,6,2,1,0.2857142857142857,0.14285714285714285,0,0.2660774091053238,0.12601706912378566,0.1776115159334725,0.43444468467631303
bottle__04,container,bottle,input_pool,10,6,4,3,0.5,0.375,25308,0.5486052741451746,0.4240180276299534,0.48311523574427606,0.9781430311905933
bottle__04,container,bottle,after_same_source_dedup,10,6,4,3,0.5,0.375,25308,0.5486052741451746,0.4240180276299534,0.48311523574427606,0.9781430311905933
bottle__04,container,bottle,after_instance_cap,10,6,4,3,0.5,0.375,25308,0.5486052741451746,0.4240180276299534,0.48311523574427606,0.9781430311905933
bottle__04,container,bottle,after_hierarchy_duplicate_filter,10,6,4,3,0.5,0.375,25308,0.5486052741451746,0.4240180276299534,0.48311523574427606,0.9781430311905933
bottle__04,container,bottle,diagnostic_consensus_argmax,4,6,3,3,0.6,0.6,0,0.4309943584515947,0.3831957991634263,0.4182135014356196,0.9781430311905933
bottle__04,container,bottle,diagnostic_parent_support_argmax,4,6,3,3,0.6,0.6,0,0.4309943584515947,0.3831957991634263,0.4182135014356196,0.9781430311905933
bottle__04,container,bottle,diagnostic_parent_residual_argmax,6,6,4,3,0.6666666666666666,0.5,0,0.4480919686868929,0.37447000510890893,0.394841808470855,0.9781430311905933
bottle__04,container,bottle,diagnostic_specificity_argmax,6,6,4,3,0.6666666666666666,0.5,0,0.47310723971477353,0.39825393835395223,0.41709642042294276,0.9781430311905933
bottle__04,container,bottle,actual_semantic_argmax,7,6,4,3,0.6153846153846154,0.46153846153846156,0,0.47322140599869394,0.3985183041624911,0.41623607062617496,0.9781430311905933
bottle__04,container,bottle,after_direct_detail_gate,8,6,3,3,0.42857142857142855,0.42857142857142855,0,0.4477551842579038,0.3846559585552909,0.39547958460343824,0.9781430311905933
bottle__04,container,bottle,after_cleanup,7,6,3,3,0.46153846153846156,0.46153846153846156,0,0.4475741453088115,0.3858364844971336,0.39657833641779244,0.9728264610087969
bottle__04,container,bottle,after_root_restoration,8,6,3,3,0.42857142857142855,0.42857142857142855,0,0.4476560927416245,0.3859184319299466,0.39673652046493135,0.9781430311905933
bottle__04,container,bottle,identity_supported_before_remainder,8,6,3,3,0.42857142857142855,0.42857142857142855,0,0.4479929329850599,0.38461852478045727,0.39538071957397647,0.9767872302996384
bottle__04,container,bottle,identity_plus_eligible_remainder,8,6,3,3,0.42857142857142855,0.42857142857142855,0,0.4479929329850599,0.38461852478045727,0.39538071957397647,0.9767872302996384
bottle__04,container,bottle,after_remainder_attachment_before_filter,8,6,3,3,0.42857142857142855,0.42857142857142855,0,0.4479929329850599,0.38461852478045727,0.39538071957397647,0.9767872302996384
bottle__04,container,bottle,final_hpid,6,6,3,3,0.5,0.5,0,0.4479929329850599,0.38461852478045727,0.39538071957397647,0.9651433844487585
bottle__04,container,bottle,final_dbscan,7,6,5,2,0.7692307692307693,0.3076923076923077,0,0.5925572862665774,0.31844680940016773,0.3187422377611227,0.9781430311905933
bowl__01,container,bowl,input_pool,1,4,1,0,0.4,0.0,0,0.17940531954647565,0.03700946040644709,0.19134963768115942,0.46631293753422254
bowl__01,container,bowl,after_same_source_dedup,1,4,1,0,0.4,0.0,0,0.17940531954647565,0.03700946040644709,0.19134963768115942,0.46631293753422254
bowl__01,container,bowl,after_instance_cap,1,4,1,0,0.4,0.0,0,0.17940531954647565,0.03700946040644709,0.19134963768115942,0.46631293753422254
bowl__01,container,bowl,after_hierarchy_duplicate_filter,1,4,1,0,0.4,0.0,0,0.17940531954647565,0.03700946040644709,0.19134963768115942,0.46631293753422254
bowl__01,container,bowl,diagnostic_consensus_argmax,1,4,1,0,0.4,0.0,0,0.17940531954647565,0.03700946040644709,0.19134963768115942,0.46631293753422254
bowl__01,container,bowl,diagnostic_parent_support_argmax,1,4,1,0,0.4,0.0,0,0.17940531954647565,0.03700946040644709,0.19134963768115942,0.46631293753422254
bowl__01,container,bowl,diagnostic_parent_residual_argmax,1,4,1,0,0.4,0.0,0,0.17940531954647565,0.03700946040644709,0.19134963768115942,0.46631293753422254
bowl__01,container,bowl,diagnostic_specificity_argmax,1,4,1,0,0.4,0.0,0,0.17940531954647565,0.03700946040644709,0.19134963768115942,0.46631293753422254
bowl__01,container,bowl,actual_semantic_argmax,1,4,1,0,0.4,0.0,0,0.17940531954647565,0.03700946040644709,0.19134963768115942,0.46631293753422254
bowl__01,container,bowl,after_direct_detail_gate,1,4,1,0,0.4,0.0,0,0.17940531954647565,0.03700946040644709,0.19134963768115942,0.46631293753422254
bowl__01,container,bowl,after_cleanup,1,4,1,0,0.4,0.0,0,0.17940531954647565,0.03700946040644709,0.19134963768115942,0.46631293753422254
bowl__01,container,bowl,after_root_restoration,1,4,1,0,0.4,0.0,0,0.17940531954647565,0.03700946040644709,0.19134963768115942,0.46631293753422254
bowl__01,container,bowl,identity_supported_before_remainder,1,4,1,0,0.4,0.0,0,0.17940531954647565,0.03700946040644709,0.19134963768115942,0.46631293753422254
bowl__01,container,bowl,identity_plus_eligible_remainder,1,4,1,0,0.4,0.0,0,0.17940531954647565,0.03700946040644709,0.19134963768115942,0.46631293753422254
bowl__01,container,bowl,after_remainder_attachment_before_filter,1,4,1,0,0.4,0.0,0,0.17940531954647565,0.03700946040644709,0.19134963768115942,0.46631293753422254
bowl__01,container,bowl,final_hpid,1,4,1,0,0.4,0.0,0,0.17940531954647565,0.03700946040644709,0.19134963768115942,0.46631293753422254
bowl__01,container,bowl,final_dbscan,1,4,1,0,0.4,0.0,0,0.17940531954647565,0.03700946040644709,0.19134963768115942,0.46631293753422254
bowl__02,container,bowl,input_pool,1,4,1,1,0.4,0.4,0,0.21471322936188686,0.15921140939597314,0.23762896924772112,0.47112146119194376
bowl__02,container,bowl,after_same_source_dedup,1,4,1,1,0.4,0.4,0,0.21471322936188686,0.15921140939597314,0.23762896924772112,0.47112146119194376
bowl__02,container,bowl,after_instance_cap,1,4,1,1,0.4,0.4,0,0.21471322936188686,0.15921140939597314,0.23762896924772112,0.47112146119194376
bowl__02,container,bowl,after_hierarchy_duplicate_filter,1,4,1,1,0.4,0.4,0,0.21471322936188686,0.15921140939597314,0.23762896924772112,0.47112146119194376
bowl__02,container,bowl,diagnostic_consensus_argmax,1,4,1,1,0.4,0.4,0,0.21471322936188686,0.15921140939597314,0.23762896924772112,0.47112146119194376
bowl__02,container,bowl,diagnostic_parent_support_argmax,1,4,1,1,0.4,0.4,0,0.21471322936188686,0.15921140939597314,0.23762896924772112,0.47112146119194376
bowl__02,container,bowl,diagnostic_parent_residual_argmax,1,4,1,1,0.4,0.4,0,0.21471322936188686,0.15921140939597314,0.23762896924772112,0.47112146119194376
bowl__02,container,bowl,diagnostic_specificity_argmax,1,4,1,1,0.4,0.4,0,0.21471322936188686,0.15921140939597314,0.23762896924772112,0.47112146119194376
bowl__02,container,bowl,actual_semantic_argmax,1,4,1,1,0.4,0.4,0,0.21471322936188686,0.15921140939597314,0.23762896924772112,0.47112146119194376
bowl__02,container,bowl,after_direct_detail_gate,1,4,1,1,0.4,0.4,0,0.21471322936188686,0.15921140939597314,0.23762896924772112,0.47112146119194376
bowl__02,container,bowl,after_cleanup,1,4,1,1,0.4,0.4,0,0.21471322936188686,0.15921140939597314,0.23762896924772112,0.47112146119194376
bowl__02,container,bowl,after_root_restoration,1,4,1,1,0.4,0.4,0,0.21471322936188686,0.15921140939597314,0.23762896924772112,0.47112146119194376
bowl__02,container,bowl,identity_supported_before_remainder,1,4,1,1,0.4,0.4,0,0.21471322936188686,0.15921140939597314,0.23762896924772112,0.47112146119194376
bowl__02,container,bowl,identity_plus_eligible_remainder,1,4,1,1,0.4,0.4,0,0.21471322936188686,0.15921140939597314,0.23762896924772112,0.47112146119194376
bowl__02,container,bowl,after_remainder_attachment_before_filter,1,4,1,1,0.4,0.4,0,0.21471322936188686,0.15921140939597314,0.23762896924772112,0.47112146119194376
bowl__02,container,bowl,final_hpid,1,4,1,1,0.4,0.4,0,0.21471322936188686,0.15921140939597314,0.23762896924772112,0.47112146119194376
bowl__02,container,bowl,final_dbscan,1,4,1,1,0.4,0.4,0,0.21471322936188686,0.15921140939597314,0.23762896924772112,0.47112146119194376
bowl__03,container,bowl,input_pool,2,4,1,0,0.3333333333333333,0.0,3145,0.20678290400665414,0.025586870715324422,0.23209798994974876,0.7682210395198943
bowl__03,container,bowl,after_same_source_dedup,2,4,1,0,0.3333333333333333,0.0,3145,0.20678290400665414,0.025586870715324422,0.23209798994974876,0.7682210395198943
bowl__03,container,bowl,after_instance_cap,2,4,1,0,0.3333333333333333,0.0,3145,0.20678290400665414,0.025586870715324422,0.23209798994974876,0.7682210395198943
bowl__03,container,bowl,after_hierarchy_duplicate_filter,2,4,1,0,0.3333333333333333,0.0,3145,0.20678290400665414,0.025586870715324422,0.23209798994974876,0.7682210395198943
bowl__03,container,bowl,diagnostic_consensus_argmax,1,4,1,0,0.4,0.0,0,0.20678290400665414,0.025586870715324422,0.23209798994974876,0.7682210395198943
bowl__03,container,bowl,diagnostic_parent_support_argmax,1,4,1,0,0.4,0.0,0,0.20678290400665414,0.025586870715324422,0.23209798994974876,0.7682210395198943
bowl__03,container,bowl,diagnostic_parent_residual_argmax,2,4,1,0,0.3333333333333333,0.0,0,0.18486996883515547,0.03155006858710562,0.23115577889447236,0.7682210395198943
bowl__03,container,bowl,diagnostic_specificity_argmax,2,4,1,0,0.3333333333333333,0.0,0,0.18486996883515547,0.03155006858710562,0.23115577889447236,0.7682210395198943
bowl__03,container,bowl,actual_semantic_argmax,2,4,1,0,0.3333333333333333,0.0,0,0.18472049819389302,0.03160968905686308,0.23115577889447236,0.7682210395198943
bowl__03,container,bowl,after_direct_detail_gate,2,4,1,0,0.3333333333333333,0.0,0,0.18461500003144904,0.03165319112334423,0.23115577889447236,0.7682210395198943
bowl__03,container,bowl,after_cleanup,2,4,1,0,0.3333333333333333,0.0,0,0.18461500003144904,0.03165319112334423,0.23115577889447236,0.7682210395198943
bowl__03,container,bowl,after_root_restoration,2,4,1,0,0.3333333333333333,0.0,0,0.18461500003144904,0.03165319112334423,0.23115577889447236,0.7682210395198943
bowl__03,container,bowl,identity_supported_before_remainder,2,4,1,0,0.3333333333333333,0.0,0,0.18461500003144904,0.03165319112334423,0.23115577889447236,0.7682210395198943
bowl__03,container,bowl,identity_plus_eligible_remainder,2,4,1,0,0.3333333333333333,0.0,0,0.18461500003144904,0.03165319112334423,0.23115577889447236,0.7682210395198943
bowl__03,container,bowl,after_remainder_attachment_before_filter,2,4,1,0,0.3333333333333333,0.0,0,0.18461500003144904,0.03165319112334423,0.23115577889447236,0.7682210395198943
bowl__03,container,bowl,final_hpid,2,4,1,0,0.3333333333333333,0.0,0,0.18461500003144904,0.03165319112334423,0.23115577889447236,0.7682210395198943
bowl__03,container,bowl,final_dbscan,2,4,1,0,0.3333333333333333,0.0,0,0.1824640006212867,0.03198675496688742,0.22754396984924624,0.7682210395198943
bowl__04,container,bowl,input_pool,5,4,3,0,0.6666666666666666,0.0,31282,0.3420909197716385,0.0,0.0,0.8906319699825251
bowl__04,container,bowl,after_same_source_dedup,5,4,3,0,0.6666666666666666,0.0,31282,0.3420909197716385,0.0,0.0,0.8906319699825251
bowl__04,container,bowl,after_instance_cap,5,4,3,0,0.6666666666666666,0.0,31282,0.3420909197716385,0.0,0.0,0.8906319699825251
bowl__04,container,bowl,after_hierarchy_duplicate_filter,5,4,3,0,0.6666666666666666,0.0,31282,0.3420909197716385,0.0,0.0,0.8906319699825251
bowl__04,container,bowl,diagnostic_consensus_argmax,1,4,1,0,0.4,0.0,0,0.24676367289044798,0.0,0.0,0.8906319699825251
bowl__04,container,bowl,diagnostic_parent_support_argmax,1,4,1,0,0.4,0.0,0,0.24676367289044798,0.0,0.0,0.8906319699825251
bowl__04,container,bowl,diagnostic_parent_residual_argmax,4,4,2,0,0.5,0.0,0,0.2807655312339433,0.0,0.0,0.8906319699825251
bowl__04,container,bowl,diagnostic_specificity_argmax,4,4,2,0,0.5,0.0,0,0.35159439187815567,0.0,0.0,0.8906319699825251
bowl__04,container,bowl,actual_semantic_argmax,5,4,2,0,0.4444444444444444,0.0,0,0.3500300718836328,0.0,0.0,0.8906319699825251
bowl__04,container,bowl,after_direct_detail_gate,5,4,2,0,0.4444444444444444,0.0,0,0.30760067200516766,0.0,0.0,0.8906319699825251
bowl__04,container,bowl,after_cleanup,5,4,2,0,0.4444444444444444,0.0,0,0.3073845945772784,0.0,0.0,0.8905872952148339
bowl__04,container,bowl,after_root_restoration,5,4,2,0,0.4444444444444444,0.0,0,0.3074241515393037,0.0,0.0,0.8906319699825251
bowl__04,container,bowl,identity_supported_before_remainder,5,4,2,0,0.4444444444444444,0.0,0,0.3074241515393037,0.0,0.0,0.8906319699825251
bowl__04,container,bowl,identity_plus_eligible_remainder,5,4,2,0,0.4444444444444444,0.0,0,0.3074241515393037,0.0,0.0,0.8906319699825251
bowl__04,container,bowl,after_remainder_attachment_before_filter,5,4,2,0,0.4444444444444444,0.0,0,0.3074241515393037,0.0,0.0,0.8906319699825251
bowl__04,container,bowl,final_hpid,5,4,2,0,0.4444444444444444,0.0,0,0.3074241515393037,0.0,0.0,0.8906319699825251
bowl__04,container,bowl,final_dbscan,4,4,3,0,0.75,0.0,0,0.36389367518363575,0.0,0.0,0.8905952160866122
box__01,container,box,input_pool,10,4,1,1,0.14285714285714285,0.14285714285714285,50044,0.23985396687010346,0.19135786188100562,0.2656672627100766,0.31798523120331207
box__01,container,box,after_same_source_dedup,10,4,1,1,0.14285714285714285,0.14285714285714285,50044,0.23985396687010346,0.19135786188100562,0.2656672627100766,0.31798523120331207
box__01,container,box,after_instance_cap,10,4,1,1,0.14285714285714285,0.14285714285714285,50044,0.23985396687010346,0.19135786188100562,0.2656672627100766,0.31798523120331207
box__01,container,box,after_hierarchy_duplicate_filter,10,4,1,1,0.14285714285714285,0.14285714285714285,50044,0.23985396687010346,0.19135786188100562,0.2656672627100766,0.31798523120331207
box__01,container,box,diagnostic_consensus_argmax,7,4,1,0,0.18181818181818182,0.0,0,0.14361310500999414,0.0003687968371983242,0.0015810776625347837,0.15184366500774882
box__01,container,box,diagnostic_parent_support_argmax,7,4,1,0,0.18181818181818182,0.0,0,0.14361310500999414,0.0003687968371983242,0.0015810776625347837,0.15184366500774882
box__01,container,box,diagnostic_parent_residual_argmax,8,4,1,0,0.16666666666666666,0.0,0,0.17214677450053464,0.0033006143014883095,0.00451582767324555,0.24530960655552597
box__01,container,box,diagnostic_specificity_argmax,9,4,1,0,0.15384615384615385,0.0,0,0.22958049216096627,0.06019362121245128,0.06454667864149553,0.3134303272577457
box__01,container,box,actual_semantic_argmax,9,4,1,0,0.15384615384615385,0.0,0,0.22985628881757397,0.05978868462897262,0.06381834652204907,0.3141771913325714
box__01,container,box,after_direct_detail_gate,9,4,1,0,0.15384615384615385,0.0,0,0.22930556464227528,0.059807766286881954,0.06385047882143641,0.31433839569297506
box__01,container,box,after_cleanup,9,4,1,0,0.15384615384615385,0.0,0,0.2298275209886528,0.059769234431795285,0.06372194962388704,0.3141883222349684
box__01,container,box,after_root_restoration,9,4,1,0,0.15384615384615385,0.0,0,0.22995437187516005,0.05981854925342684,0.06382905728851151,0.3146275863874612
box__01,container,box,identity_supported_before_remainder,9,4,1,0,0.15384615384615385,0.0,0,0.22979541550072802,0.05981892802769143,0.06382905728851151,0.31433839569297506
box__01,container,box,identity_plus_eligible_remainder,9,4,1,0,0.15384615384615385,0.0,0,0.22979541550072802,0.05981892802769143,0.06382905728851151,0.31433839569297506
box__01,container,box,after_remainder_attachment_before_filter,9,4,1,0,0.15384615384615385,0.0,0,0.22979541550072802,0.05981892802769143,0.06382905728851151,0.31433839569297506
box__01,container,box,final_hpid,9,4,1,0,0.15384615384615385,0.0,0,0.22979541550072802,0.05981892802769143,0.06382905728851151,0.31433839569297506
box__01,container,box,final_dbscan,7,4,1,0,0.18181818181818182,0.0,0,0.18402806564525614,0.000282817734847496,0.0016443207690361751,0.3161374058714894
box__02,container,box,input_pool,7,4,3,2,0.5454545454545454,0.36363636363636365,11683,0.3684803356587438,0.16725531476494776,0.2224569450260787,0.6013108411210406
box__02,container,box,after_same_source_dedup,7,4,3,2,0.5454545454545454,0.36363636363636365,11683,0.3684803356587438,0.16725531476494776,0.2224569450260787,0.6013108411210406
box__02,container,box,after_instance_cap,7,4,3,2,0.5454545454545454,0.36363636363636365,11683,0.3684803356587438,0.16725531476494776,0.2224569450260787,0.6013108411210406
box__02,container,box,after_hierarchy_duplicate_filter,7,4,3,2,0.5454545454545454,0.36363636363636365,11683,0.3684803356587438,0.16725531476494776,0.2224569450260787,0.6013108411210406
box__02,container,box,diagnostic_consensus_argmax,1,4,0,0,0.0,0.0,0,0.02296446960976367,0.021279890967662,0.021387211257082372,0.023295792625462736
box__02,container,box,diagnostic_parent_support_argmax,1,4,0,0,0.0,0.0,0,0.02296446960976367,0.021279890967662,0.021387211257082372,0.023295792625462736
box__02,container,box,diagnostic_parent_residual_argmax,2,4,0,0,0.0,0.0,0,0.05755558625182161,0.021279890967662,0.021387211257082372,0.06721049721121448
box__02,container,box,diagnostic_specificity_argmax,3,4,0,0,0.0,0.0,0,0.07179582486668935,0.0212953785156734,0.021402776913019114,0.08274602544936017
box__02,container,box,actual_semantic_argmax,3,4,0,0,0.0,0.0,0,0.0929509352540386,0.041097161234461006,0.04137351347985804,0.10527467405697886
box__02,container,box,after_direct_detail_gate,4,4,1,1,0.25,0.25,0,0.14678800333044445,0.1079497937549098,0.1142770816600905,0.2028882346792034
box__02,container,box,after_cleanup,4,4,1,1,0.25,0.25,0,0.14683980061572585,0.10790602880188419,0.11423038469228028,0.20293969848841323
box__02,container,box,after_root_restoration,4,4,1,1,0.25,0.25,0,0.14683980061572585,0.10790602880188419,0.11423038469228028,0.20293969848841323
box__02,container,box,identity_supported_before_remainder,6,4,1,1,0.2,0.2,0,0.12703542119821593,0.08819721162268129,0.11423038469228028,0.20284153771139318
box__02,container,box,identity_plus_eligible_remainder,6,4,1,1,0.2,0.2,0,0.12703542119821593,0.08819721162268129,0.11423038469228028,0.20284153771139318
box__02,container,box,after_remainder_attachment_before_filter,6,4,1,1,0.2,0.2,0,0.12703542119821593,0.08819721162268129,0.11423038469228028,0.20284153771139318
box__02,container,box,final_hpid,6,4,1,1,0.2,0.2,0,0.12703542119821593,0.08819721162268129,0.11423038469228028,0.20284153771139318
box__02,container,box,final_dbscan,7,4,3,2,0.5454545454545454,0.36363636363636365,0,0.38989894028607874,0.16725537962995193,0.20977093543763464,0.6013108411210406
box__03,container,box,input_pool,1,4,0,0,0.0,0.0,0,0.0266106693339065,0.0,0.0,0.026669662805430448
box__03,container,box,after_same_source_dedup,1,4,0,0,0.0,0.0,0,0.0266106693339065,0.0,0.0,0.026669662805430448
box__03,container,box,after_instance_cap,1,4,0,0,0.0,0.0,0,0.0266106693339065,0.0,0.0,0.026669662805430448
box__03,container,box,after_hierarchy_duplicate_filter,1,4,0,0,0.0,0.0,0,0.0266106693339065,0.0,0.0,0.026669662805430448
box__03,container,box,diagnostic_consensus_argmax,1,4,0,0,0.0,0.0,0,0.005424063116370809,0.0,0.0,0.005424657534246575
box__03,container,box,diagnostic_parent_support_argmax,1,4,0,0,0.0,0.0,0,0.005424063116370809,0.0,0.0,0.005424657534246575
box__03,container,box,diagnostic_parent_residual_argmax,1,4,0,0,0.0,0.0,0,0.0266106693339065,0.0,0.0,0.026669662805430448
box__03,container,box,diagnostic_specificity_argmax,1,4,0,0,0.0,0.0,0,0.0266106693339065,0.0,0.0,0.026669662805430448
box__03,container,box,actual_semantic_argmax,1,4,0,0,0.0,0.0,0,0.0266106693339065,0.0,0.0,0.026669662805430448
box__03,container,box,after_direct_detail_gate,1,4,0,0,0.0,0.0,0,0.0266106693339065,0.0,0.0,0.026669662805430448
box__03,container,box,after_cleanup,1,4,0,0,0.0,0.0,0,0.0266106693339065,0.0,0.0,0.026669662805430448
box__03,container,box,after_root_restoration,1,4,0,0,0.0,0.0,0,0.0266106693339065,0.0,0.0,0.026669662805430448
box__03,container,box,identity_supported_before_remainder,1,4,0,0,0.0,0.0,0,0.0266106693339065,0.0,0.0,0.026669662805430448
box__03,container,box,identity_plus_eligible_remainder,1,4,0,0,0.0,0.0,0,0.0266106693339065,0.0,0.0,0.026669662805430448
box__03,container,box,after_remainder_attachment_before_filter,1,4,0,0,0.0,0.0,0,0.0266106693339065,0.0,0.0,0.026669662805430448
box__03,container,box,final_hpid,1,4,0,0,0.0,0.0,0,0.0266106693339065,0.0,0.0,0.026669662805430448
box__03,container,box,final_dbscan,1,4,0,0,0.0,0.0,0,0.0266106693339065,0.0,0.0,0.026669662805430448
box__04,container,box,input_pool,1,4,0,0,0.0,0.0,0,0.0026681433749496577,0.0,0.0,0.004553264604810997
box__04,container,box,after_same_source_dedup,1,4,0,0,0.0,0.0,0,0.0026681433749496577,0.0,0.0,0.004553264604810997
box__04,container,box,after_instance_cap,1,4,0,0,0.0,0.0,0,0.0026681433749496577,0.0,0.0,0.004553264604810997
box__04,container,box,after_hierarchy_duplicate_filter,1,4,0,0,0.0,0.0,0,0.0026681433749496577,0.0,0.0,0.004553264604810997
box__04,container,box,diagnostic_consensus_argmax,1,4,0,0,0.0,0.0,0,0.0026681433749496577,0.0,0.0,0.004553264604810997
box__04,container,box,diagnostic_parent_support_argmax,1,4,0,0,0.0,0.0,0,0.0026681433749496577,0.0,0.0,0.004553264604810997
box__04,container,box,diagnostic_parent_residual_argmax,1,4,0,0,0.0,0.0,0,0.0026681433749496577,0.0,0.0,0.004553264604810997
box__04,container,box,diagnostic_specificity_argmax,1,4,0,0,0.0,0.0,0,0.0026681433749496577,0.0,0.0,0.004553264604810997
box__04,container,box,actual_semantic_argmax,1,4,0,0,0.0,0.0,0,0.0026681433749496577,0.0,0.0,0.004553264604810997
box__04,container,box,after_direct_detail_gate,1,4,0,0,0.0,0.0,0,0.0026681433749496577,0.0,0.0,0.004553264604810997
box__04,container,box,after_cleanup,1,4,0,0,0.0,0.0,0,0.0026681433749496577,0.0,0.0,0.004553264604810997
box__04,container,box,after_root_restoration,1,4,0,0,0.0,0.0,0,0.0026681433749496577,0.0,0.0,0.004553264604810997
box__04,container,box,identity_supported_before_remainder,1,4,0,0,0.0,0.0,0,0.0026681433749496577,0.0,0.0,0.004553264604810997
box__04,container,box,identity_plus_eligible_remainder,1,4,0,0,0.0,0.0,0,0.0026681433749496577,0.0,0.0,0.004553264604810997
box__04,container,box,after_remainder_attachment_before_filter,1,4,0,0,0.0,0.0,0,0.0026681433749496577,0.0,0.0,0.004553264604810997
box__04,container,box,final_hpid,1,4,0,0,0.0,0.0,0,0.0026681433749496577,0.0,0.0,0.004553264604810997
box__04,container,box,final_dbscan,1,4,0,0,0.0,0.0,0,0.0026681433749496577,0.0,0.0,0.004553264604810997
broom__01,tool_prop,broom,input_pool,4,4,2,2,0.5,0.5,685,0.4921712776157141,0.431224746638405,0.4828671328671329,0.9548254814239469
broom__01,tool_prop,broom,after_same_source_dedup,4,4,2,2,0.5,0.5,685,0.4921712776157141,0.431224746638405,0.4828671328671329,0.9548254814239469
broom__01,tool_prop,broom,after_instance_cap,4,4,2,2,0.5,0.5,685,0.4921712776157141,0.431224746638405,0.4828671328671329,0.9548254814239469
broom__01,tool_prop,broom,after_hierarchy_duplicate_filter,4,4,2,2,0.5,0.5,685,0.4921712776157141,0.431224746638405,0.4828671328671329,0.9548254814239469
broom__01,tool_prop,broom,diagnostic_consensus_argmax,0,4,0,0,0.0,0.0,0,0.0,0.0,0.0,0.0
broom__01,tool_prop,broom,diagnostic_parent_support_argmax,0,4,0,0,0.0,0.0,0,0.0,0.0,0.0,0.0
broom__01,tool_prop,broom,diagnostic_parent_residual_argmax,0,4,0,0,0.0,0.0,0,0.0,0.0,0.0,0.0
broom__01,tool_prop,broom,diagnostic_specificity_argmax,1,4,1,1,0.4,0.4,0,0.23296498432940668,0.22638603696098564,0.23863636363636365,0.27014896867838045
broom__01,tool_prop,broom,actual_semantic_argmax,1,4,1,1,0.4,0.4,0,0.23296498432940668,0.22638603696098564,0.23863636363636365,0.27014896867838045
broom__01,tool_prop,broom,after_direct_detail_gate,3,4,1,1,0.2857142857142857,0.2857142857142857,0,0.2535194833752934,0.20318930041152264,0.21374458874458874,0.31808314234784824
broom__01,tool_prop,broom,after_cleanup,2,4,1,1,0.3333333333333333,0.3333333333333333,0,0.2857479778154929,0.22592213114754098,0.23863636363636365,0.3276985269632329
broom__01,tool_prop,broom,after_root_restoration,2,4,1,1,0.3333333333333333,0.3333333333333333,0,0.2857479778154929,0.22592213114754098,0.23863636363636365,0.3276985269632329
broom__01,tool_prop,broom,identity_supported_before_remainder,2,4,1,1,0.3333333333333333,0.3333333333333333,0,0.2857732871377095,0.22638603696098564,0.23863636363636365,0.3255976866270984
broom__01,tool_prop,broom,identity_plus_eligible_remainder,2,4,1,1,0.3333333333333333,0.3333333333333333,0,0.2857732871377095,0.22638603696098564,0.23863636363636365,0.3255976866270984
broom__01,tool_prop,broom,after_remainder_attachment_before_filter,2,4,1,1,0.3333333333333333,0.3333333333333333,0,0.2857732871377095,0.22638603696098564,0.23863636363636365,0.3255976866270984
broom__01,tool_prop,broom,final_hpid,2,4,1,1,0.3333333333333333,0.3333333333333333,0,0.2857732871377095,0.22638603696098564,0.23863636363636365,0.3255976866270984
broom__01,tool_prop,broom,final_dbscan,3,4,2,2,0.5714285714285714,0.5714285714285714,0,0.4113292100394,0.38968570026064897,0.4251748251748252,0.7447414478105016
broom__02,tool_prop,broom,input_pool,2,3,2,0,0.8,0.0,211,0.49473810413264135,0.0,0.0,0.5751585863162664
broom__02,tool_prop,broom,after_same_source_dedup,2,3,2,0,0.8,0.0,211,0.49473810413264135,0.0,0.0,0.5751585863162664
broom__02,tool_prop,broom,after_instance_cap,2,3,2,0,0.8,0.0,211,0.49473810413264135,0.0,0.0,0.5751585863162664
broom__02,tool_prop,broom,after_hierarchy_duplicate_filter,2,3,2,0,0.8,0.0,211,0.49473810413264135,0.0,0.0,0.5751585863162664
broom__02,tool_prop,broom,diagnostic_consensus_argmax,2,3,1,0,0.4,0.0,0,0.3041057535759153,0.0,0.0,0.5751585863162664
broom__02,tool_prop,broom,diagnostic_parent_support_argmax,2,3,1,0,0.4,0.0,0,0.3041057535759153,0.0,0.0,0.5751585863162664
broom__02,tool_prop,broom,diagnostic_parent_residual_argmax,2,3,1,0,0.4,0.0,0,0.3041057535759153,0.0,0.0,0.5751585863162664
broom__02,tool_prop,broom,diagnostic_specificity_argmax,2,3,1,0,0.4,0.0,0,0.3041057535759153,0.0,0.0,0.5751585863162664
broom__02,tool_prop,broom,actual_semantic_argmax,2,3,2,0,0.8,0.0,0,0.36367547425474256,0.0,0.0,0.5751585863162664
broom__02,tool_prop,broom,after_direct_detail_gate,2,3,2,0,0.8,0.0,0,0.5153624732337355,0.0,0.0,0.5751585863162664
broom__02,tool_prop,broom,after_cleanup,2,3,2,0,0.8,0.0,0,0.5153624732337355,0.0,0.0,0.5751585863162664
broom__02,tool_prop,broom,after_root_restoration,2,3,2,0,0.8,0.0,0,0.5153624732337355,0.0,0.0,0.5751585863162664
broom__02,tool_prop,broom,identity_supported_before_remainder,2,3,2,0,0.8,0.0,0,0.5153624732337355,0.0,0.0,0.5751585863162664
broom__02,tool_prop,broom,identity_plus_eligible_remainder,2,3,2,0,0.8,0.0,0,0.5153624732337355,0.0,0.0,0.5751585863162664
broom__02,tool_prop,broom,after_remainder_attachment_before_filter,2,3,2,0,0.8,0.0,0,0.5153624732337355,0.0,0.0,0.5751585863162664
broom__02,tool_prop,broom,final_hpid,2,3,2,0,0.8,0.0,0,0.5153624732337355,0.0,0.0,0.5751585863162664
broom__02,tool_prop,broom,final_dbscan,2,3,2,0,0.8,0.0,0,0.5181591649500364,0.0,0.0,0.5751585863162664
broom__03,tool_prop,broom,input_pool,7,3,3,2,0.6,0.4,891,0.7514763014763014,0.5873348873348873,0.5954238261644417,0.7722578029984185
broom__03,tool_prop,broom,after_same_source_dedup,7,3,3,2,0.6,0.4,891,0.7514763014763014,0.5873348873348873,0.5954238261644417,0.7722578029984185
broom__03,tool_prop,broom,after_instance_cap,7,3,3,2,0.6,0.4,891,0.7514763014763014,0.5873348873348873,0.5954238261644417,0.7722578029984185
broom__03,tool_prop,broom,after_hierarchy_duplicate_filter,7,3,3,2,0.6,0.4,891,0.7514763014763014,0.5873348873348873,0.5954238261644417,0.7722578029984185
broom__03,tool_prop,broom,diagnostic_consensus_argmax,3,3,2,1,0.6666666666666666,0.3333333333333333,0,0.4305194805194805,0.2714285714285714,0.2714285714285714,0.4351780351780352
broom__03,tool_prop,broom,diagnostic_parent_support_argmax,4,3,1,1,0.2857142857142857,0.2857142857142857,0,0.27786357786357785,0.2714285714285714,0.2714285714285714,0.27945087945087943
broom__03,tool_prop,broom,diagnostic_parent_residual_argmax,4,3,1,1,0.2857142857142857,0.2857142857142857,0,0.27786357786357785,0.2714285714285714,0.2714285714285714,0.27945087945087943
broom__03,tool_prop,broom,diagnostic_specificity_argmax,4,3,2,1,0.5714285714285714,0.2857142857142857,0,0.4387445887445887,0.27460317460317457,0.27460317460317457,0.44826254826254824
broom__03,tool_prop,broom,actual_semantic_argmax,4,3,2,1,0.5714285714285714,0.2857142857142857,0,0.4387445887445887,0.27460317460317457,0.27460317460317457,0.44826254826254824
broom__03,tool_prop,broom,after_direct_detail_gate,4,3,2,1,0.5714285714285714,0.2857142857142857,0,0.4387445887445887,0.27460317460317457,0.27460317460317457,0.44826254826254824
broom__03,tool_prop,broom,after_cleanup,3,3,2,1,0.6666666666666666,0.3333333333333333,0,0.42991978153268473,0.27460317460317457,0.27460317460317457,0.44826254826254824
broom__03,tool_prop,broom,after_root_restoration,3,3,2,1,0.6666666666666666,0.3333333333333333,0,0.42991978153268473,0.27460317460317457,0.27460317460317457,0.44826254826254824
broom__03,tool_prop,broom,identity_supported_before_remainder,3,3,2,1,0.6666666666666666,0.3333333333333333,0,0.4387445887445887,0.27460317460317457,0.27460317460317457,0.44667524667524666
broom__03,tool_prop,broom,identity_plus_eligible_remainder,3,3,2,1,0.6666666666666666,0.3333333333333333,0,0.4387445887445887,0.27460317460317457,0.27460317460317457,0.44667524667524666
broom__03,tool_prop,broom,after_remainder_attachment_before_filter,3,3,2,1,0.6666666666666666,0.3333333333333333,0,0.4387445887445887,0.27460317460317457,0.27460317460317457,0.44667524667524666
broom__03,tool_prop,broom,final_hpid,3,3,2,1,0.6666666666666666,0.3333333333333333,0,0.4387445887445887,0.27460317460317457,0.27460317460317457,0.44667524667524666
broom__03,tool_prop,broom,final_dbscan,3,3,3,2,1.0,0.6666666666666666,0,0.669295041875687,0.5051536277342729,0.6001857309263464,0.7706705014111169
bucket__01,container,bucket,input_pool,9,5,3,2,0.42857142857142855,0.2857142857142857,33858,0.37456806779696744,0.23169873582417533,0.43254399875917693,0.9862157154566112
bucket__01,container,bucket,after_same_source_dedup,9,5,3,2,0.42857142857142855,0.2857142857142857,33858,0.37456806779696744,0.23169873582417533,0.43254399875917693,0.9862157154566112
bucket__01,container,bucket,after_instance_cap,9,5,3,2,0.42857142857142855,0.2857142857142857,33858,0.37456806779696744,0.23169873582417533,0.43254399875917693,0.9862157154566112
bucket__01,container,bucket,after_hierarchy_duplicate_filter,9,5,3,2,0.42857142857142855,0.2857142857142857,33858,0.37456806779696744,0.23169873582417533,0.43254399875917693,0.9862157154566112
bucket__01,container,bucket,diagnostic_consensus_argmax,2,5,2,0,0.5714285714285714,0.0,0,0.3256231795150632,0.010764995653433787,0.0454434250764526,0.9862157154566112
bucket__01,container,bucket,diagnostic_parent_support_argmax,2,5,2,0,0.5714285714285714,0.0,0,0.3256231795150632,0.010764995653433787,0.0454434250764526,0.9862157154566112
bucket__01,container,bucket,diagnostic_parent_residual_argmax,5,5,2,0,0.4,0.0,0,0.26231554270146995,0.033073506772900475,0.04755822870183024,0.9862157154566112
bucket__01,container,bucket,diagnostic_specificity_argmax,5,5,3,0,0.6,0.0,0,0.3026294418991272,0.0022035928016004027,0.0022371277843990503,0.9862157154566112
bucket__01,container,bucket,actual_semantic_argmax,6,5,3,0,0.5454545454545454,0.0,0,0.3035568134874651,0.011831304320375529,0.012056742968172785,0.9862157154566112
bucket__01,container,bucket,after_direct_detail_gate,6,5,2,0,0.36363636363636365,0.0,0,0.25998749962185846,0.012047488844387506,0.01227646282535488,0.9862157154566112
bucket__01,container,bucket,after_cleanup,5,5,2,0,0.4,0.0,0,0.25891003638657695,0.0036450799304078288,0.0036927718382304153,0.9851483919754948
bucket__01,container,bucket,after_root_restoration,5,5,2,0,0.4,0.0,0,0.2588786940804965,0.0036448103755103538,0.0036927718382304153,0.9862157154566112
bucket__01,container,bucket,identity_supported_before_remainder,5,5,2,0,0.4,0.0,0,0.258836226362259,0.0036448103755103538,0.0036927718382304153,0.9851483919754948
bucket__01,container,bucket,identity_plus_eligible_remainder,5,5,2,0,0.4,0.0,0,0.258836226362259,0.0036448103755103538,0.0036927718382304153,0.9851483919754948
bucket__01,container,bucket,after_remainder_attachment_before_filter,5,5,2,0,0.4,0.0,0,0.258836226362259,0.0036448103755103538,0.0036927718382304153,0.9851483919754948
bucket__01,container,bucket,final_hpid,5,5,2,0,0.4,0.0,0,0.258836226362259,0.0036448103755103538,0.0036927718382304153,0.9851483919754948
bucket__01,container,bucket,final_dbscan,3,5,2,0,0.5,0.0,0,0.3055542065103414,6.161429451632779e-05,0.0001223241590214067,0.9862157154566112
bucket__02,container,bucket,input_pool,1,5,1,1,0.3333333333333333,0.3333333333333333,0,0.161376412767331,0.0915439429928741,0.18910696761530912,0.675342694041381
bucket__02,container,bucket,after_same_source_dedup,1,5,1,1,0.3333333333333333,0.3333333333333333,0,0.161376412767331,0.0915439429928741,0.18910696761530912,0.675342694041381
bucket__02,container,bucket,after_instance_cap,1,5,1,1,0.3333333333333333,0.3333333333333333,0,0.161376412767331,0.0915439429928741,0.18910696761530912,0.675342694041381
bucket__02,container,bucket,after_hierarchy_duplicate_filter,1,5,1,1,0.3333333333333333,0.3333333333333333,0,0.161376412767331,0.0915439429928741,0.18910696761530912,0.675342694041381
bucket__02,container,bucket,diagnostic_consensus_argmax,1,5,1,1,0.3333333333333333,0.3333333333333333,0,0.161376412767331,0.0915439429928741,0.18910696761530912,0.675342694041381
bucket__02,container,bucket,diagnostic_parent_support_argmax,1,5,1,1,0.3333333333333333,0.3333333333333333,0,0.161376412767331,0.0915439429928741,0.18910696761530912,0.675342694041381
bucket__02,container,bucket,diagnostic_parent_residual_argmax,1,5,1,1,0.3333333333333333,0.3333333333333333,0,0.161376412767331,0.0915439429928741,0.18910696761530912,0.675342694041381
bucket__02,container,bucket,diagnostic_specificity_argmax,1,5,1,1,0.3333333333333333,0.3333333333333333,0,0.161376412767331,0.0915439429928741,0.18910696761530912,0.675342694041381
bucket__02,container,bucket,actual_semantic_argmax,1,5,1,1,0.3333333333333333,0.3333333333333333,0,0.161376412767331,0.0915439429928741,0.18910696761530912,0.675342694041381
bucket__02,container,bucket,after_direct_detail_gate,1,5,1,1,0.3333333333333333,0.3333333333333333,0,0.161376412767331,0.0915439429928741,0.18910696761530912,0.675342694041381
bucket__02,container,bucket,after_cleanup,1,5,1,1,0.3333333333333333,0.3333333333333333,0,0.161376412767331,0.0915439429928741,0.18910696761530912,0.675342694041381
bucket__02,container,bucket,after_root_restoration,1,5,1,1,0.3333333333333333,0.3333333333333333,0,0.161376412767331,0.0915439429928741,0.18910696761530912,0.675342694041381
bucket__02,container,bucket,identity_supported_before_remainder,1,5,1,1,0.3333333333333333,0.3333333333333333,0,0.161376412767331,0.0915439429928741,0.18910696761530912,0.675342694041381
bucket__02,container,bucket,identity_plus_eligible_remainder,1,5,1,1,0.3333333333333333,0.3333333333333333,0,0.161376412767331,0.0915439429928741,0.18910696761530912,0.675342694041381
bucket__02,container,bucket,after_remainder_attachment_before_filter,1,5,1,1,0.3333333333333333,0.3333333333333333,0,0.161376412767331,0.0915439429928741,0.18910696761530912,0.675342694041381
bucket__02,container,bucket,final_hpid,1,5,1,1,0.3333333333333333,0.3333333333333333,0,0.161376412767331,0.0915439429928741,0.18910696761530912,0.675342694041381
bucket__02,container,bucket,final_dbscan,1,5,1,1,0.3333333333333333,0.3333333333333333,0,0.161376412767331,0.0915439429928741,0.18910696761530912,0.675342694041381
bucket__03,container,bucket,input_pool,10,5,3,3,0.4,0.4,7157,0.5113082157230545,0.29060138388408807,0.37635689133092454,0.8884139616760465
bucket__03,container,bucket,after_same_source_dedup,10,5,3,3,0.4,0.4,7157,0.5113082157230545,0.29060138388408807,0.37635689133092454,0.8884139616760465
bucket__03,container,bucket,after_instance_cap,10,5,3,3,0.4,0.4,7157,0.5113082157230545,0.29060138388408807,0.37635689133092454,0.8884139616760465
bucket__03,container,bucket,after_hierarchy_duplicate_filter,10,5,3,3,0.4,0.4,7157,0.5113082157230545,0.29060138388408807,0.37635689133092454,0.8884139616760465
bucket__03,container,bucket,diagnostic_consensus_argmax,4,5,1,1,0.2222222222222222,0.2222222222222222,0,0.21621276444377738,0.11707033050677922,0.1875479971866302,0.8884139616760465
bucket__03,container,bucket,diagnostic_parent_support_argmax,4,5,1,1,0.2222222222222222,0.2222222222222222,0,0.21621276444377738,0.11707033050677922,0.1875479971866302,0.8884139616760465
bucket__03,container,bucket,diagnostic_parent_residual_argmax,4,5,1,1,0.2222222222222222,0.2222222222222222,0,0.21621276444377738,0.11707033050677922,0.1875479971866302,0.8884139616760465
bucket__03,container,bucket,diagnostic_specificity_argmax,6,5,3,2,0.5454545454545454,0.36363636363636365,0,0.4451675027808223,0.21932582911473836,0.23188677623020348,0.8884139616760465
bucket__03,container,bucket,actual_semantic_argmax,6,5,3,2,0.5454545454545454,0.36363636363636365,0,0.44280932660381644,0.2200857500524227,0.23264636638321584,0.8884139616760465
bucket__03,container,bucket,after_direct_detail_gate,6,5,3,2,0.5454545454545454,0.36363636363636365,0,0.4180720695272749,0.21658839666828422,0.2288878353803757,0.8884139616760465
bucket__03,container,bucket,after_cleanup,6,5,3,2,0.5454545454545454,0.36363636363636365,0,0.41814523469461573,0.21665710177294586,0.2288878353803757,0.8879273436711804
bucket__03,container,bucket,after_root_restoration,6,5,3,2,0.5454545454545454,0.36363636363636365,0,0.4180720695272749,0.21658839666828422,0.2288878353803757,0.8884139616760465
bucket__03,container,bucket,identity_supported_before_remainder,9,5,3,2,0.42857142857142855,0.2857142857142857,0,0.48581005167184693,0.21658839666828422,0.2288878353803757,0.8884139616760465
bucket__03,container,bucket,identity_plus_eligible_remainder,9,5,3,2,0.42857142857142855,0.2857142857142857,0,0.48581005167184693,0.21658839666828422,0.2288878353803757,0.8884139616760465
bucket__03,container,bucket,after_remainder_attachment_before_filter,9,5,3,2,0.42857142857142855,0.2857142857142857,0,0.48581005167184693,0.21658839666828422,0.2288878353803757,0.8884139616760465
bucket__03,container,bucket,final_hpid,9,5,3,2,0.42857142857142855,0.2857142857142857,0,0.48581005167184693,0.21658839666828422,0.2288878353803757,0.8884139616760465
bucket__03,container,bucket,final_dbscan,7,5,3,2,0.5,0.3333333333333333,0,0.4485205983365872,0.2361851506679093,0.28038517138032587,0.8884139616760465
bucket__04,container,bucket,input_pool,3,4,2,1,0.5714285714285714,0.2857142857142857,23708,0.3421409821475725,0.15135137241961502,0.36703328785865,0.9492040030390284
bucket__04,container,bucket,after_same_source_dedup,3,4,2,1,0.5714285714285714,0.2857142857142857,23708,0.3421409821475725,0.15135137241961502,0.36703328785865,0.9492040030390284
bucket__04,container,bucket,after_instance_cap,3,4,2,1,0.5714285714285714,0.2857142857142857,23708,0.3421409821475725,0.15135137241961502,0.36703328785865,0.9492040030390284
bucket__04,container,bucket,after_hierarchy_duplicate_filter,3,4,2,1,0.5714285714285714,0.2857142857142857,23708,0.3421409821475725,0.15135137241961502,0.36703328785865,0.9492040030390284
bucket__04,container,bucket,diagnostic_consensus_argmax,1,4,1,0,0.4,0.0,0,0.23583032157836314,0.033876823269102706,0.24579177057356608,0.9492040030390284
bucket__04,container,bucket,diagnostic_parent_support_argmax,1,4,1,0,0.4,0.0,0,0.23583032157836314,0.033876823269102706,0.24579177057356608,0.9492040030390284
bucket__04,container,bucket,diagnostic_parent_residual_argmax,1,4,1,0,0.4,0.0,0,0.23583032157836314,0.033876823269102706,0.24579177057356608,0.9492040030390284
bucket__04,container,bucket,diagnostic_specificity_argmax,2,4,2,0,0.6666666666666666,0.0,0,0.3654329488358493,0.01403892173539614,0.09752975940299065,0.9492040030390284
bucket__04,container,bucket,actual_semantic_argmax,2,4,2,0,0.6666666666666666,0.0,0,0.3654329488358493,0.01403892173539614,0.09752975940299065,0.9492040030390284
bucket__04,container,bucket,after_direct_detail_gate,2,4,2,0,0.6666666666666666,0.0,0,0.3654329488358493,0.01403892173539614,0.09752975940299065,0.9492040030390284
bucket__04,container,bucket,after_cleanup,2,4,2,0,0.6666666666666666,0.0,0,0.3653997105232299,0.014043297865463761,0.09752975940299065,0.9489612374534778
bucket__04,container,bucket,after_root_restoration,2,4,2,0,0.6666666666666666,0.0,0,0.3653582623076792,0.014040471369631541,0.09752975940299065,0.9492040030390284
bucket__04,container,bucket,identity_supported_before_remainder,2,4,2,0,0.6666666666666666,0.0,0,0.3654559681434315,0.01404049151816784,0.09752975940299065,0.9492040030390284
bucket__04,container,bucket,identity_plus_eligible_remainder,2,4,2,0,0.6666666666666666,0.0,0,0.3654559681434315,0.01404049151816784,0.09752975940299065,0.9492040030390284
bucket__04,container,bucket,after_remainder_attachment_before_filter,2,4,2,0,0.6666666666666666,0.0,0,0.3654559681434315,0.01404049151816784,0.09752975940299065,0.9492040030390284
bucket__04,container,bucket,final_hpid,2,4,2,0,0.6666666666666666,0.0,0,0.3654559681434315,0.01404049151816784,0.09752975940299065,0.9492040030390284
bucket__04,container,bucket,final_dbscan,3,4,2,1,0.5714285714285714,0.2857142857142857,0,0.305786660676661,0.14092582677611737,0.21865423548957272,0.9492040030390284
calculator__01,device,calculator,input_pool,9,2,0,0,0.0,0.0,4999,9.897070467141726e-05,0.0,0.0,0.00047036688617121356
calculator__01,device,calculator,after_same_source_dedup,9,2,0,0,0.0,0.0,4999,9.897070467141726e-05,0.0,0.0,0.00047036688617121356
calculator__01,device,calculator,after_instance_cap,9,2,0,0,0.0,0.0,4999,9.897070467141726e-05,0.0,0.0,0.00047036688617121356
calculator__01,device,calculator,after_hierarchy_duplicate_filter,9,2,0,0,0.0,0.0,4999,9.897070467141726e-05,0.0,0.0,0.00047036688617121356
calculator__01,device,calculator,diagnostic_consensus_argmax,3,2,0,0,0.0,0.0,0,0.00010145074566298062,0.0,0.0,0.00047036688617121356
calculator__01,device,calculator,diagnostic_parent_support_argmax,3,2,0,0,0.0,0.0,0,0.00010145074566298062,0.0,0.0,0.00047036688617121356
calculator__01,device,calculator,diagnostic_parent_residual_argmax,8,2,0,0,0.0,0.0,0,9.223390518354546e-05,0.0,0.0,0.00047036688617121356
calculator__01,device,calculator,diagnostic_specificity_argmax,8,2,0,0,0.0,0.0,0,9.022013713460844e-05,0.0,0.0,0.00047036688617121356
calculator__01,device,calculator,actual_semantic_argmax,8,2,0,0,0.0,0.0,0,9.022013713460844e-05,0.0,0.0,0.00047036688617121356
calculator__01,device,calculator,after_direct_detail_gate,8,2,0,0,0.0,0.0,0,9.022013713460844e-05,0.0,0.0,0.00047036688617121356
calculator__01,device,calculator,after_cleanup,8,2,0,0,0.0,0.0,0,9.020386072523904e-05,0.0,0.0,0.00023518344308560678
calculator__01,device,calculator,after_root_restoration,8,2,0,0,0.0,0.0,0,9.020386072523904e-05,0.0,0.0,0.00047036688617121356
calculator__01,device,calculator,identity_supported_before_remainder,8,2,0,0,0.0,0.0,0,9.020386072523904e-05,0.0,0.0,0.00047036688617121356
calculator__01,device,calculator,identity_plus_eligible_remainder,8,2,0,0,0.0,0.0,0,9.020386072523904e-05,0.0,0.0,0.00047036688617121356
calculator__01,device,calculator,after_remainder_attachment_before_filter,8,2,0,0,0.0,0.0,0,9.020386072523904e-05,0.0,0.0,0.00047036688617121356
calculator__01,device,calculator,final_hpid,8,2,0,0,0.0,0.0,0,9.020386072523904e-05,0.0,0.0,0.00047036688617121356
calculator__01,device,calculator,final_dbscan,8,2,0,0,0.0,0.0,0,8.962179602079225e-05,0.0,0.0,0.00047036688617121356
calculator__02,device,calculator,input_pool,17,2,2,1,0.21052631578947367,0.10526315789473684,8977,0.46130143546838187,0.22762729298817075,0.499623706491063,0.999623706491063
calculator__02,device,calculator,after_same_source_dedup,17,2,2,1,0.21052631578947367,0.10526315789473684,8977,0.46130143546838187,0.22762729298817075,0.499623706491063,0.999623706491063
calculator__02,device,calculator,after_instance_cap,17,2,2,1,0.21052631578947367,0.10526315789473684,8977,0.46130143546838187,0.22762729298817075,0.499623706491063,0.999623706491063
calculator__02,device,calculator,after_hierarchy_duplicate_filter,17,2,2,1,0.21052631578947367,0.10526315789473684,8977,0.46130143546838187,0.22762729298817075,0.499623706491063,0.999623706491063
calculator__02,device,calculator,diagnostic_consensus_argmax,1,2,1,1,0.6666666666666666,0.6666666666666666,0,0.30780222010187336,0.22762729298817075,0.499623706491063,0.999623706491063
calculator__02,device,calculator,diagnostic_parent_support_argmax,1,2,1,1,0.6666666666666666,0.6666666666666666,0,0.30780222010187336,0.22762729298817075,0.499623706491063,0.999623706491063
calculator__02,device,calculator,diagnostic_parent_residual_argmax,4,2,1,1,0.3333333333333333,0.3333333333333333,0,0.2904912736999456,0.19414918199463907,0.3952022577610536,0.999623706491063
calculator__02,device,calculator,diagnostic_specificity_argmax,6,2,2,1,0.5,0.25,0,0.3944503783865424,0.1607762359063313,0.2790216368767639,0.999623706491063
calculator__02,device,calculator,actual_semantic_argmax,7,2,2,1,0.4444444444444444,0.2222222222222222,0,0.39061601182256034,0.15694186934234922,0.2707431796801505,0.999623706491063
calculator__02,device,calculator,after_direct_detail_gate,8,2,2,1,0.4,0.2,0,0.3848216114601167,0.15114746897990558,0.2589840075258702,0.999623706491063
calculator__02,device,calculator,after_cleanup,7,2,2,1,0.4444444444444444,0.2222222222222222,0,0.38498776235489507,0.15131361987468397,0.2589840075258702,0.999623706491063
calculator__02,device,calculator,after_root_restoration,7,2,2,1,0.4444444444444444,0.2222222222222222,0,0.3847055227742642,0.1510313802940531,0.2589840075258702,0.999623706491063
calculator__02,device,calculator,identity_supported_before_remainder,8,2,2,1,0.4,0.2,0,0.3847055227742642,0.1510313802940531,0.2589840075258702,0.999623706491063
calculator__02,device,calculator,identity_plus_eligible_remainder,8,2,2,1,0.4,0.2,0,0.3847055227742642,0.1510313802940531,0.2589840075258702,0.999623706491063
calculator__02,device,calculator,after_remainder_attachment_before_filter,8,2,2,1,0.4,0.2,0,0.3847055227742642,0.1510313802940531,0.2589840075258702,0.999623706491063
calculator__02,device,calculator,final_hpid,8,2,2,1,0.4,0.2,0,0.3847055227742642,0.1510313802940531,0.2589840075258702,0.999623706491063
calculator__02,device,calculator,final_dbscan,12,2,2,1,0.2857142857142857,0.14285714285714285,0,0.41610165231556007,0.18242750983534897,0.23555973659454374,0.999623706491063
calculator__03,device,calculator,input_pool,13,2,2,2,0.26666666666666666,0.26666666666666666,6247,0.662072504923025,0.35159473475402403,0.5898126908248983,0.954234107059786
calculator__03,device,calculator,after_same_source_dedup,13,2,2,2,0.26666666666666666,0.26666666666666666,6247,0.662072504923025,0.35159473475402403,0.5898126908248983,0.954234107059786
calculator__03,device,calculator,after_instance_cap,13,2,2,2,0.26666666666666666,0.26666666666666666,6247,0.662072504923025,0.35159473475402403,0.5898126908248983,0.954234107059786
calculator__03,device,calculator,after_hierarchy_duplicate_filter,13,2,2,2,0.26666666666666666,0.26666666666666666,6247,0.662072504923025,0.35159473475402403,0.5898126908248983,0.954234107059786
calculator__03,device,calculator,diagnostic_consensus_argmax,6,2,2,1,0.5,0.25,0,0.6401190570996258,0.3300615858352579,0.4424664602683179,0.954234107059786
calculator__03,device,calculator,diagnostic_parent_support_argmax,6,2,2,1,0.5,0.25,0,0.6401190570996258,0.3300615858352579,0.4424664602683179,0.954234107059786
calculator__03,device,calculator,diagnostic_parent_residual_argmax,6,2,2,1,0.5,0.25,0,0.5737213271093711,0.31222707423580787,0.44272445820433437,0.954234107059786
calculator__03,device,calculator,diagnostic_specificity_argmax,7,2,2,1,0.4444444444444444,0.2222222222222222,0,0.6839951436197378,0.2593220338983051,0.27631578947368424,0.954234107059786
calculator__03,device,calculator,actual_semantic_argmax,7,2,2,1,0.4444444444444444,0.2222222222222222,0,0.555005944107903,0.18063998140959414,0.19123617995511993,0.954234107059786
calculator__03,device,calculator,after_direct_detail_gate,8,2,2,0,0.4,0.0,0,0.5169404570241611,0.10762313964445516,0.1092226909853115,0.954234107059786
calculator__03,device,calculator,after_cleanup,6,2,2,0,0.5,0.0,0,0.5189582683478141,0.10076335877862595,0.1021671826625387,0.9485282977839804
calculator__03,device,calculator,after_root_restoration,6,2,2,0,0.5,0.0,0,0.5189582683478141,0.10589131538852209,0.10758513931888544,0.954234107059786
calculator__03,device,calculator,identity_supported_before_remainder,6,2,2,0,0.5,0.0,0,0.5169404570241611,0.10589131538852209,0.10758513931888544,0.951564563649294
calculator__03,device,calculator,identity_plus_eligible_remainder,6,2,2,0,0.5,0.0,0,0.5169404570241611,0.10589131538852209,0.10758513931888544,0.951564563649294
calculator__03,device,calculator,after_remainder_attachment_before_filter,6,2,2,0,0.5,0.0,0,0.5169404570241611,0.10589131538852209,0.10758513931888544,0.951564563649294
calculator__03,device,calculator,final_hpid,6,2,2,0,0.5,0.0,0,0.5169404570241611,0.10589131538852209,0.10758513931888544,0.951564563649294
calculator__03,device,calculator,final_dbscan,6,2,2,1,0.5,0.25,0,0.6599161239713416,0.2284156265296133,0.24040728917691975,0.9536584018208683
can__01,container,can,input_pool,11,6,3,3,0.35294117647058826,0.35294117647058826,13200,0.3363414142322307,0.2673579195423071,0.4104809159716914,0.9721354937260932
can__01,container,can,after_same_source_dedup,11,6,3,3,0.35294117647058826,0.35294117647058826,13200,0.3363414142322307,0.2673579195423071,0.4104809159716914,0.9721354937260932
can__01,container,can,after_instance_cap,11,6,3,3,0.35294117647058826,0.35294117647058826,13200,0.3363414142322307,0.2673579195423071,0.4104809159716914,0.9721354937260932
can__01,container,can,after_hierarchy_duplicate_filter,11,6,3,3,0.35294117647058826,0.35294117647058826,13200,0.3363414142322307,0.2673579195423071,0.4104809159716914,0.9721354937260932
can__01,container,can,diagnostic_consensus_argmax,1,6,1,1,0.2857142857142857,0.2857142857142857,0,0.18946269872987642,0.14454074951674253,0.1645488748491517,0.9721354937260932
can__01,container,can,diagnostic_parent_support_argmax,1,6,1,1,0.2857142857142857,0.2857142857142857,0,0.18946269872987642,0.14454074951674253,0.1645488748491517,0.9721354937260932
can__01,container,can,diagnostic_parent_residual_argmax,2,6,1,1,0.25,0.25,0,0.16178960042717982,0.1074806177381472,0.12235867584770828,0.9721354937260932
can__01,container,can,diagnostic_specificity_argmax,6,6,2,2,0.3333333333333333,0.3333333333333333,0,0.2956666591417399,0.20762859288734972,0.2781767379120204,0.9721354937260932
can__01,container,can,actual_semantic_argmax,6,6,2,2,0.3333333333333333,0.3333333333333333,0,0.2858944852404146,0.20088875773428694,0.27595452834165085,0.9721354937260932
can__01,container,can,after_direct_detail_gate,6,6,2,2,0.3333333333333333,0.3333333333333333,0,0.27259503797842505,0.19646218672038449,0.27989082231106965,0.9721354937260932
can__01,container,can,after_cleanup,6,6,2,2,0.3333333333333333,0.3333333333333333,0,0.271245917029302,0.19437272478840328,0.2766052787029454,0.9721354937260932
can__01,container,can,after_root_restoration,6,6,2,2,0.3333333333333333,0.3333333333333333,0,0.271245917029302,0.19437272478840328,0.2766052787029454,0.9721354937260932
can__01,container,can,identity_supported_before_remainder,8,6,2,2,0.2857142857142857,0.2857142857142857,0,0.28515310465729926,0.1967192799708448,0.2766052787029454,0.9703433790307527
can__01,container,can,identity_plus_eligible_remainder,8,6,2,2,0.2857142857142857,0.2857142857142857,0,0.28515310465729926,0.1967192799708448,0.2766052787029454,0.9703433790307527
can__01,container,can,after_remainder_attachment_before_filter,8,6,2,2,0.2857142857142857,0.2857142857142857,0,0.28515310465729926,0.1967192799708448,0.2766052787029454,0.9703433790307527
can__01,container,can,final_hpid,8,6,2,2,0.2857142857142857,0.2857142857142857,0,0.28515310465729926,0.1967192799708448,0.2766052787029454,0.9703433790307527
can__01,container,can,final_dbscan,7,6,2,2,0.3076923076923077,0.3076923076923077,0,0.24862149280919596,0.11906347865281346,0.2127351476204625,0.9721354937260932
can__02,container,can,input_pool,11,5,3,3,0.375,0.375,10180,0.38954091608993063,0.2576614372168887,0.583230495995775,0.9799991775568838
can__02,container,can,after_same_source_dedup,11,5,3,3,0.375,0.375,10180,0.38954091608993063,0.2576614372168887,0.583230495995775,0.9799991775568838
can__02,container,can,after_instance_cap,11,5,3,3,0.375,0.375,10180,0.38954091608993063,0.2576614372168887,0.583230495995775,0.9799991775568838
can__02,container,can,after_hierarchy_duplicate_filter,11,5,3,3,0.375,0.375,10180,0.38954091608993063,0.2576614372168887,0.583230495995775,0.9799991775568838
can__02,container,can,diagnostic_consensus_argmax,2,5,1,1,0.2857142857142857,0.2857142857142857,0,0.22351839050376637,0.17575708004903476,0.251992032720928,0.9799991775568838
can__02,container,can,diagnostic_parent_support_argmax,2,5,1,1,0.2857142857142857,0.2857142857142857,0,0.22351839050376637,0.17575708004903476,0.251992032720928,0.9799991775568838
can__02,container,can,diagnostic_parent_residual_argmax,3,5,1,1,0.25,0.25,0,0.21974244550437713,0.17067083502470926,0.24500433714140502,0.9799991775568838
can__02,container,can,diagnostic_specificity_argmax,4,5,1,1,0.2222222222222222,0.2222222222222222,0,0.21280831376118053,0.1610511976960936,0.231788478110568,0.9799991775568838
can__02,container,can,actual_semantic_argmax,6,5,2,2,0.36363636363636365,0.36363636363636365,0,0.22575357700867613,0.16747387464612268,0.313341217324147,0.9799991775568838
can__02,container,can,after_direct_detail_gate,7,5,2,2,0.3333333333333333,0.3333333333333333,0,0.22939012354439328,0.1613985288863164,0.3156168899134483,0.9799991775568838
can__02,container,can,after_cleanup,6,5,2,2,0.36363636363636365,0.36363636363636365,0,0.22996690019437685,0.16208184191334954,0.31668949124710155,0.9795949644960544
can__02,container,can,after_root_restoration,6,5,2,2,0.36363636363636365,0.36363636363636365,0,0.2298975230758614,0.16204156870423922,0.3167198725322299,0.9799991775568838
can__02,container,can,identity_supported_before_remainder,7,5,3,2,0.5,0.3333333333333333,0,0.24435149896920155,0.16229076763114061,0.3167198725322299,0.9799687962717554
can__02,container,can,identity_plus_eligible_remainder,7,5,3,2,0.5,0.3333333333333333,0,0.24435149896920155,0.16229076763114061,0.3167198725322299,0.9799687962717554
can__02,container,can,after_remainder_attachment_before_filter,7,5,3,2,0.5,0.3333333333333333,0,0.24435149896920155,0.16229076763114061,0.3167198725322299,0.9799687962717554
can__02,container,can,final_hpid,7,5,3,2,0.5,0.3333333333333333,0,0.24435149896920155,0.16229076763114061,0.3167198725322299,0.9799687962717554
can__02,container,can,final_dbscan,8,5,3,3,0.46153846153846156,0.46153846153846156,0,0.33411084544498326,0.20223136657194135,0.4570539523354548,0.9799991775568838
can__03,container,can,input_pool,7,5,4,2,0.6666666666666666,0.3333333333333333,13186,0.4257617241312651,0.2497000504140809,0.38970879398800495,0.990425226946966
can__03,container,can,after_same_source_dedup,7,5,4,2,0.6666666666666666,0.3333333333333333,13186,0.4257617241312651,0.2497000504140809,0.38970879398800495,0.990425226946966
can__03,container,can,after_instance_cap,7,5,4,2,0.6666666666666666,0.3333333333333333,13186,0.4257617241312651,0.2497000504140809,0.38970879398800495,0.990425226946966
can__03,container,can,after_hierarchy_duplicate_filter,7,5,4,2,0.6666666666666666,0.3333333333333333,13186,0.4257617241312651,0.2497000504140809,0.38970879398800495,0.990425226946966
can__03,container,can,diagnostic_consensus_argmax,3,5,2,2,0.5,0.5,0,0.2696147607127841,0.23378063528967044,0.29013989450104777,0.990425226946966
can__03,container,can,diagnostic_parent_support_argmax,3,5,2,2,0.5,0.5,0,0.2696147607127841,0.23378063528967044,0.29013989450104777,0.990425226946966
can__03,container,can,diagnostic_parent_residual_argmax,4,5,3,2,0.6666666666666666,0.4444444444444444,0,0.3496273604307496,0.23835348362902184,0.2901081484693017,0.990425226946966
can__03,container,can,diagnostic_specificity_argmax,4,5,3,2,0.6666666666666666,0.4444444444444444,0,0.3496273604307496,0.23835348362902184,0.2901081484693017,0.990425226946966
can__03,container,can,actual_semantic_argmax,4,5,3,2,0.6666666666666666,0.4444444444444444,0,0.3680031733551995,0.2563499414571354,0.3056873088132572,0.990425226946966
can__03,container,can,after_direct_detail_gate,4,5,3,2,0.6666666666666666,0.4444444444444444,0,0.379705531323273,0.2675298103479332,0.31798309126381963,0.990425226946966
can__03,container,can,after_cleanup,4,5,3,2,0.6666666666666666,0.4444444444444444,0,0.3798393743247125,0.2676292839011431,0.31788785316858154,0.9902288254728712
can__03,container,can,after_root_restoration,4,5,3,2,0.6666666666666666,0.4444444444444444,0,0.379705531323273,0.2675298103479332,0.31798309126381963,0.990425226946966
can__03,container,can,identity_supported_before_remainder,4,5,3,2,0.6666666666666666,0.4444444444444444,0,0.379705531323273,0.2675298103479332,0.31798309126381963,0.990425226946966
can__03,container,can,identity_plus_eligible_remainder,4,5,3,2,0.6666666666666666,0.4444444444444444,0,0.379705531323273,0.2675298103479332,0.31798309126381963,0.990425226946966
can__03,container,can,after_remainder_attachment_before_filter,4,5,3,2,0.6666666666666666,0.4444444444444444,0,0.379705531323273,0.2675298103479332,0.31798309126381963,0.990425226946966
can__03,container,can,final_hpid,4,5,3,2,0.6666666666666666,0.4444444444444444,0,0.379705531323273,0.2675298103479332,0.31798309126381963,0.990425226946966
can__03,container,can,final_dbscan,6,5,4,1,0.7272727272727273,0.18181818181818182,0,0.4256487558680851,0.1655361705245399,0.1668449069056049,0.990425226946966
can__04,container,can,input_pool,13,4,1,1,0.11764705882352941,0.11764705882352941,99267,0.27638459782006397,0.24401983308301486,0.4925040017161999,0.8082912274579078
can__04,container,can,after_same_source_dedup,13,4,1,1,0.11764705882352941,0.11764705882352941,99267,0.27638459782006397,0.24401983308301486,0.4925040017161999,0.8082912274579078
can__04,container,can,after_instance_cap,13,4,1,1,0.11764705882352941,0.11764705882352941,99267,0.27638459782006397,0.24401983308301486,0.4925040017161999,0.8082912274579078
can__04,container,can,after_hierarchy_duplicate_filter,13,4,1,1,0.11764705882352941,0.11764705882352941,99267,0.27638459782006397,0.24401983308301486,0.4925040017161999,0.8082912274579078
can__04,container,can,diagnostic_consensus_argmax,1,4,1,1,0.4,0.4,0,0.2416189517732295,0.191699604743083,0.24250400171619993,0.8082912274579078
can__04,container,can,diagnostic_parent_support_argmax,1,4,1,1,0.4,0.4,0,0.2416189517732295,0.191699604743083,0.24250400171619993,0.8082912274579078
can__04,container,can,diagnostic_parent_residual_argmax,2,4,1,1,0.3333333333333333,0.3333333333333333,0,0.23917638530821503,0.18860890779105569,0.238572418686777,0.8082912274579078
can__04,container,can,diagnostic_specificity_argmax,2,4,1,1,0.3333333333333333,0.3333333333333333,0,0.21119657111427484,0.1583211126618163,0.38062096734269546,0.8082912274579078
can__04,container,can,actual_semantic_argmax,2,4,1,1,0.3333333333333333,0.3333333333333333,0,0.21119657111427484,0.1583211126618163,0.38062096734269546,0.8082912274579078
can__04,container,can,after_direct_detail_gate,2,4,1,1,0.3333333333333333,0.3333333333333333,0,0.21045825909187404,0.15732321317504197,0.3797834947771416,0.8082912274579078
can__04,container,can,after_cleanup,2,4,1,1,0.3333333333333333,0.3333333333333333,0,0.21045463666030065,0.15731830567801486,0.379779369296523,0.8082912274579078
can__04,container,can,after_root_restoration,2,4,1,1,0.3333333333333333,0.3333333333333333,0,0.21045463666030065,0.15731830567801486,0.379779369296523,0.8082912274579078
can__04,container,can,identity_supported_before_remainder,4,4,1,1,0.25,0.25,0,0.21734260655735071,0.16420627557506492,0.379779369296523,0.8082871019772894
can__04,container,can,identity_plus_eligible_remainder,4,4,1,1,0.25,0.25,0,0.21734260655735071,0.16420627557506492,0.379779369296523,0.8082871019772894
can__04,container,can,after_remainder_attachment_before_filter,4,4,1,1,0.25,0.25,0,0.21734260655735071,0.16420627557506492,0.379779369296523,0.8082871019772894
can__04,container,can,final_hpid,4,4,1,1,0.25,0.25,0,0.21734260655735071,0.16420627557506492,0.379779369296523,0.8082871019772894
can__04,container,can,final_dbscan,7,4,2,0,0.36363636363636365,0.0,0,0.24898417585190896,0.08655064780111181,0.26171231491325886,0.8081279621517854
car_automobile__01,vehicle,car_(automobile),input_pool,18,17,8,6,0.45714285714285713,0.34285714285714286,64939,0.27760076210443146,0.23674111699337874,0.35870309682099377,0.7520782929589066
car_automobile__01,vehicle,car_(automobile),after_same_source_dedup,18,17,8,6,0.45714285714285713,0.34285714285714286,64939,0.27760076210443146,0.23674111699337874,0.35870309682099377,0.7520782929589066
car_automobile__01,vehicle,car_(automobile),after_instance_cap,18,17,8,6,0.45714285714285713,0.34285714285714286,64939,0.27760076210443146,0.23674111699337874,0.35870309682099377,0.7520782929589066
car_automobile__01,vehicle,car_(automobile),after_hierarchy_duplicate_filter,18,17,8,6,0.45714285714285713,0.34285714285714286,64939,0.27760076210443146,0.23674111699337874,0.35870309682099377,0.7520782929589066
car_automobile__01,vehicle,car_(automobile),diagnostic_consensus_argmax,5,17,0,0,0.0,0.0,0,0.022505723685242368,0.005956915486514289,0.005981485008022858,0.06131625733138823
car_automobile__01,vehicle,car_(automobile),diagnostic_parent_support_argmax,5,17,0,0,0.0,0.0,0,0.022505723685242368,0.005956915486514289,0.005981485008022858,0.06131625733138823
car_automobile__01,vehicle,car_(automobile),diagnostic_parent_residual_argmax,5,17,0,0,0.0,0.0,0,0.022505723685242368,0.005956915486514289,0.005981485008022858,0.06131625733138823
car_automobile__01,vehicle,car_(automobile),diagnostic_specificity_argmax,9,17,2,1,0.15384615384615385,0.07692307692307693,0,0.11364532081626093,0.0630520254541577,0.06664239177341864,0.303506058501873
car_automobile__01,vehicle,car_(automobile),actual_semantic_argmax,10,17,3,2,0.2222222222222222,0.14814814814814814,0,0.14159136137907744,0.08433902588550841,0.09077880052450579,0.3614556397376041
car_automobile__01,vehicle,car_(automobile),after_direct_detail_gate,10,17,4,3,0.2962962962962963,0.2222222222222222,0,0.17204805614641977,0.10034780405373726,0.11251757292962919,0.6074217873042667
car_automobile__01,vehicle,car_(automobile),after_cleanup,9,17,4,3,0.3076923076923077,0.23076923076923078,0,0.17201293369018852,0.10035200551615175,0.11251757292962919,0.6074600880838397
car_automobile__01,vehicle,car_(automobile),after_root_restoration,9,17,4,3,0.3076923076923077,0.23076923076923078,0,0.17201293369018852,0.10035200551615175,0.11251757292962919,0.6074600880838397
car_automobile__01,vehicle,car_(automobile),identity_supported_before_remainder,9,17,4,3,0.3076923076923077,0.23076923076923078,0,0.17201293369018852,0.10035200551615175,0.11251757292962919,0.6074600880838397
car_automobile__01,vehicle,car_(automobile),identity_plus_eligible_remainder,9,17,4,3,0.3076923076923077,0.23076923076923078,0,0.17201293369018852,0.10035200551615175,0.11251757292962919,0.6074600880838397
car_automobile__01,vehicle,car_(automobile),after_remainder_attachment_before_filter,9,17,4,3,0.3076923076923077,0.23076923076923078,0,0.17201293369018852,0.10035200551615175,0.11251757292962919,0.6074600880838397
car_automobile__01,vehicle,car_(automobile),final_hpid,8,17,4,3,0.32,0.24,0,0.17201293369018852,0.10007967436146767,0.11224417075503036,0.6071866859092409
car_automobile__01,vehicle,car_(automobile),final_dbscan,6,17,3,2,0.2608695652173913,0.17391304347826086,0,0.1519277976638951,0.08387056332309345,0.09530505946528256,0.7225051453718434
car_automobile__02,vehicle,car_(automobile),input_pool,18,17,9,7,0.5142857142857142,0.4,17974,0.39467725351223315,0.2878078504359104,0.35350711952536196,0.6834498092439153
car_automobile__02,vehicle,car_(automobile),after_same_source_dedup,18,17,9,7,0.5142857142857142,0.4,17974,0.39467725351223315,0.2878078504359104,0.35350711952536196,0.6834498092439153
car_automobile__02,vehicle,car_(automobile),after_instance_cap,18,17,9,7,0.5142857142857142,0.4,17974,0.39467725351223315,0.2878078504359104,0.35350711952536196,0.6834498092439153
car_automobile__02,vehicle,car_(automobile),after_hierarchy_duplicate_filter,18,17,9,7,0.5142857142857142,0.4,17974,0.39467725351223315,0.2878078504359104,0.35350711952536196,0.6834498092439153
car_automobile__02,vehicle,car_(automobile),diagnostic_consensus_argmax,6,17,2,1,0.17391304347826086,0.08695652173913043,0,0.07803389676075315,0.037870637346032715,0.03859293419296271,0.08837191041260144
car_automobile__02,vehicle,car_(automobile),diagnostic_parent_support_argmax,6,17,2,1,0.17391304347826086,0.08695652173913043,0,0.07803389676075315,0.037870637346032715,0.03859293419296271,0.08837191041260144
car_automobile__02,vehicle,car_(automobile),diagnostic_parent_residual_argmax,10,17,4,2,0.2962962962962963,0.14814814814814814,0,0.16178418307301062,0.0625932495952026,0.07050948244722127,0.3895577636769308
car_automobile__02,vehicle,car_(automobile),diagnostic_specificity_argmax,12,17,5,4,0.3448275862068966,0.27586206896551724,0,0.21188803861085492,0.12283246679770071,0.13596534363581989,0.5451132428695545
car_automobile__02,vehicle,car_(automobile),actual_semantic_argmax,12,17,6,5,0.41379310344827586,0.3448275862068966,0,0.2252888222855638,0.13624918661830687,0.15473663413843025,0.5802650638270039
car_automobile__02,vehicle,car_(automobile),after_direct_detail_gate,12,17,6,5,0.41379310344827586,0.3448275862068966,0,0.2429410902383968,0.15046347573596303,0.16899564560896743,0.6100262743832545
car_automobile__02,vehicle,car_(automobile),after_cleanup,10,17,6,5,0.4444444444444444,0.37037037037037035,0,0.23919716129757898,0.14632815276565234,0.16460189773356537,0.6047013827840151
car_automobile__02,vehicle,car_(automobile),after_root_restoration,11,17,6,5,0.42857142857142855,0.35714285714285715,0,0.24248526050598182,0.15107198578273012,0.16958694259896914,0.6098176130406138
car_automobile__02,vehicle,car_(automobile),identity_supported_before_remainder,11,17,6,5,0.42857142857142855,0.35714285714285715,0,0.24248526050598182,0.15107198578273012,0.16958694259896914,0.6098176130406138
car_automobile__02,vehicle,car_(automobile),identity_plus_eligible_remainder,11,17,6,5,0.42857142857142855,0.35714285714285715,0,0.24248526050598182,0.15107198578273012,0.16958694259896914,0.6098176130406138
car_automobile__02,vehicle,car_(automobile),after_remainder_attachment_before_filter,11,17,6,5,0.42857142857142855,0.35714285714285715,0,0.24248526050598182,0.15107198578273012,0.16958694259896914,0.6098176130406138
car_automobile__02,vehicle,car_(automobile),final_hpid,10,17,6,5,0.4444444444444444,0.37037037037037035,0,0.23919716129757898,0.14632815276565234,0.16460189773356537,0.6047013827840151
car_automobile__02,vehicle,car_(automobile),final_dbscan,13,17,7,4,0.4666666666666667,0.26666666666666666,0,0.2759716740334827,0.13703037562465917,0.1634806673986793,0.6614518641493335
car_automobile__03,vehicle,car_(automobile),input_pool,25,16,9,7,0.43902439024390244,0.34146341463414637,119502,0.4598584026733472,0.3558304309312771,0.4328951011545734,0.9371704287253224
car_automobile__03,vehicle,car_(automobile),after_same_source_dedup,25,16,9,7,0.43902439024390244,0.34146341463414637,119502,0.4598584026733472,0.3558304309312771,0.4328951011545734,0.9371704287253224
car_automobile__03,vehicle,car_(automobile),after_instance_cap,25,16,9,7,0.43902439024390244,0.34146341463414637,119502,0.4598584026733472,0.3558304309312771,0.4328951011545734,0.9371704287253224
car_automobile__03,vehicle,car_(automobile),after_hierarchy_duplicate_filter,25,16,9,7,0.43902439024390244,0.34146341463414637,119502,0.4598584026733472,0.3558304309312771,0.4328951011545734,0.9371704287253224
car_automobile__03,vehicle,car_(automobile),diagnostic_consensus_argmax,7,16,2,1,0.17391304347826086,0.08695652173913043,0,0.10037297735279292,0.05454353940255158,0.06887854976500384,0.28804232688778925
car_automobile__03,vehicle,car_(automobile),diagnostic_parent_support_argmax,7,16,2,1,0.17391304347826086,0.08695652173913043,0,0.10037297735279292,0.05454353940255158,0.06887854976500384,0.28804232688778925
car_automobile__03,vehicle,car_(automobile),diagnostic_parent_residual_argmax,7,16,2,1,0.17391304347826086,0.08695652173913043,0,0.10037297735279292,0.05454353940255158,0.06887854976500384,0.28804232688778925
car_automobile__03,vehicle,car_(automobile),diagnostic_specificity_argmax,8,16,2,2,0.16666666666666666,0.16666666666666666,0,0.11519316075743204,0.08761675686388118,0.1029150761379764,0.3870648315909675
car_automobile__03,vehicle,car_(automobile),actual_semantic_argmax,10,16,5,4,0.38461538461538464,0.3076923076923077,0,0.17443702752359555,0.13478568508652752,0.16042881068144266,0.571600905562288
car_automobile__03,vehicle,car_(automobile),after_direct_detail_gate,11,16,4,4,0.2962962962962963,0.2962962962962963,0,0.19015567579190995,0.14065793508527183,0.1735266605580746,0.7829527400568805
car_automobile__03,vehicle,car_(automobile),after_cleanup,10,16,4,4,0.3076923076923077,0.3076923076923077,0,0.19018682492856992,0.14068513560752186,0.17355446923438164,0.7829457878878038
car_automobile__03,vehicle,car_(automobile),after_root_restoration,10,16,4,4,0.3076923076923077,0.3076923076923077,0,0.19018682492856992,0.14068513560752186,0.17355446923438164,0.7829457878878038
car_automobile__03,vehicle,car_(automobile),identity_supported_before_remainder,12,16,4,4,0.2857142857142857,0.2857142857142857,0,0.20396759163077308,0.14565423050373966,0.17355446923438164,0.7829457878878038
car_automobile__03,vehicle,car_(automobile),identity_plus_eligible_remainder,12,16,4,4,0.2857142857142857,0.2857142857142857,0,0.20396759163077308,0.14565423050373966,0.17355446923438164,0.7829457878878038
car_automobile__03,vehicle,car_(automobile),after_remainder_attachment_before_filter,12,16,4,4,0.2857142857142857,0.2857142857142857,0,0.20396759163077308,0.14565423050373966,0.17355446923438164,0.7829457878878038
car_automobile__03,vehicle,car_(automobile),final_hpid,12,16,4,4,0.2857142857142857,0.2857142857142857,0,0.20396759163077308,0.14565423050373966,0.17355446923438164,0.7829457878878038
car_automobile__03,vehicle,car_(automobile),final_dbscan,10,16,2,2,0.15384615384615385,0.15384615384615385,0,0.18126669991558264,0.09499140585854077,0.12641255754926037,0.9371704287253224
car_automobile__04,vehicle,car_(automobile),input_pool,16,16,9,9,0.5625,0.5625,40742,0.3876846990199307,0.3256437041081781,0.5047353935513536,0.8881566144939963
car_automobile__04,vehicle,car_(automobile),after_same_source_dedup,16,16,9,9,0.5625,0.5625,40742,0.3876846990199307,0.3256437041081781,0.5047353935513536,0.8881566144939963
car_automobile__04,vehicle,car_(automobile),after_instance_cap,16,16,9,9,0.5625,0.5625,40742,0.3876846990199307,0.3256437041081781,0.5047353935513536,0.8881566144939963
car_automobile__04,vehicle,car_(automobile),after_hierarchy_duplicate_filter,16,16,9,9,0.5625,0.5625,40742,0.3876846990199307,0.3256437041081781,0.5047353935513536,0.8881566144939963
car_automobile__04,vehicle,car_(automobile),diagnostic_consensus_argmax,4,16,0,0,0.0,0.0,0,0.014038312580703687,0.010996641936622843,0.011016728417561229,0.015336478300192634
car_automobile__04,vehicle,car_(automobile),diagnostic_parent_support_argmax,4,16,0,0,0.0,0.0,0,0.014038312580703687,0.010996641936622843,0.011016728417561229,0.015336478300192634
car_automobile__04,vehicle,car_(automobile),diagnostic_parent_residual_argmax,4,16,0,0,0.0,0.0,0,0.014038312580703687,0.010996641936622843,0.011016728417561229,0.015336478300192634
car_automobile__04,vehicle,car_(automobile),diagnostic_specificity_argmax,8,16,3,3,0.25,0.25,0,0.19821063544923018,0.14057738156013233,0.1870166964376249,0.5286081520165627
car_automobile__04,vehicle,car_(automobile),actual_semantic_argmax,8,16,5,5,0.4166666666666667,0.4166666666666667,0,0.24768295227374776,0.1894395353302023,0.23631792874451618,0.5830965760433537
car_automobile__04,vehicle,car_(automobile),after_direct_detail_gate,9,16,5,5,0.4,0.4,0,0.26223157139560616,0.2012545615233806,0.2494875153107532,0.6361525416015856
car_automobile__04,vehicle,car_(automobile),after_cleanup,9,16,5,5,0.4,0.4,0,0.26214000956963224,0.20116060942705016,0.2494168596259987,0.6360987823753335
car_automobile__04,vehicle,car_(automobile),after_root_restoration,9,16,5,5,0.4,0.4,0,0.26214000956963224,0.20116060942705016,0.2494168596259987,0.6360987823753335
car_automobile__04,vehicle,car_(automobile),identity_supported_before_remainder,9,16,5,5,0.4,0.4,0,0.2618110622012112,0.2008316620586291,0.2490534875329754,0.6357354102823102
car_automobile__04,vehicle,car_(automobile),identity_plus_eligible_remainder,9,16,5,5,0.4,0.4,0,0.2618110622012112,0.2008316620586291,0.2490534875329754,0.6357354102823102
car_automobile__04,vehicle,car_(automobile),after_remainder_attachment_before_filter,9,16,5,5,0.4,0.4,0,0.2618110622012112,0.2008316620586291,0.2490534875329754,0.6357354102823102
car_automobile__04,vehicle,car_(automobile),final_hpid,9,16,5,5,0.4,0.4,0,0.2618110622012112,0.2008316620586291,0.2490534875329754,0.6357354102823102
car_automobile__04,vehicle,car_(automobile),final_dbscan,11,16,6,5,0.4444444444444444,0.37037037037037035,0,0.26609331856630525,0.19811163228489448,0.2924575249858818,0.8707485733016651
carton__01,container,carton,input_pool,12,4,4,2,0.5,0.25,4554,0.5277112510093226,0.24152077481884648,0.355431772222765,0.9100749229113948
carton__01,container,carton,after_same_source_dedup,12,4,4,2,0.5,0.25,4554,0.5277112510093226,0.24152077481884648,0.355431772222765,0.9100749229113948
carton__01,container,carton,after_instance_cap,12,4,4,2,0.5,0.25,4554,0.5277112510093226,0.24152077481884648,0.355431772222765,0.9100749229113948
carton__01,container,carton,after_hierarchy_duplicate_filter,12,4,4,2,0.5,0.25,4554,0.5277112510093226,0.24152077481884648,0.355431772222765,0.9100749229113948
carton__01,container,carton,diagnostic_consensus_argmax,6,4,1,1,0.2,0.2,0,0.18149331583085904,0.08197417601087326,0.09090052750565185,0.2061936890056709
carton__01,container,carton,diagnostic_parent_support_argmax,6,4,1,1,0.2,0.2,0,0.18149331583085904,0.08197417601087326,0.09090052750565185,0.2061936890056709
carton__01,container,carton,diagnostic_parent_residual_argmax,7,4,3,1,0.5454545454545454,0.18181818181818182,0,0.3426139532315159,0.08476637939941853,0.09385951456868516,0.4522032592503316
carton__01,container,carton,diagnostic_specificity_argmax,8,4,3,1,0.5,0.16666666666666666,0,0.3904083011896421,0.13256072735754468,0.1488708182612247,0.514944301496625
carton__01,container,carton,actual_semantic_argmax,8,4,3,1,0.5,0.16666666666666666,0,0.39089930683749574,0.13931377539460835,0.15720520428268792,0.5328940721334727
carton__01,container,carton,after_direct_detail_gate,9,4,4,2,0.6153846153846154,0.3076923076923077,0,0.46186320803525543,0.23099058603360118,0.27733779216762694,0.8218988245119148
carton__01,container,carton,after_cleanup,8,4,4,2,0.6666666666666666,0.3333333333333333,0,0.46277669671908717,0.2319040747174329,0.2785330080475155,0.8223805200803156
carton__01,container,carton,after_root_restoration,8,4,4,2,0.6666666666666666,0.3333333333333333,0,0.46277669671908717,0.2319040747174329,0.2785330080475155,0.8223805200803156
carton__01,container,carton,identity_supported_before_remainder,10,4,4,2,0.5714285714285714,0.2857142857142857,0,0.45455684945985564,0.2236842274582014,0.2785330080475155,0.8221921252046562
carton__01,container,carton,identity_plus_eligible_remainder,10,4,4,2,0.5714285714285714,0.2857142857142857,0,0.45455684945985564,0.2236842274582014,0.2785330080475155,0.8221921252046562
carton__01,container,carton,after_remainder_attachment_before_filter,10,4,4,2,0.5714285714285714,0.2857142857142857,0,0.45455684945985564,0.2236842274582014,0.2785330080475155,0.8221921252046562
carton__01,container,carton,final_hpid,10,4,4,2,0.5714285714285714,0.2857142857142857,0,0.45455684945985564,0.2236842274582014,0.2785330080475155,0.8221921252046562
carton__01,container,carton,final_dbscan,9,4,4,2,0.6153846153846154,0.3076923076923077,0,0.42338966984558646,0.18696109841701503,0.26858513114834687,0.9097054708630503
carton__02,container,carton,input_pool,0,3,0,0,0.0,0.0,0,0.0,0.0,0.0,0.0
carton__02,container,carton,after_same_source_dedup,0,3,0,0,0.0,0.0,0,0.0,0.0,0.0,0.0
carton__02,container,carton,after_instance_cap,0,3,0,0,0.0,0.0,0,0.0,0.0,0.0,0.0
carton__02,container,carton,after_hierarchy_duplicate_filter,0,3,0,0,0.0,0.0,0,0.0,0.0,0.0,0.0
carton__02,container,carton,diagnostic_consensus_argmax,0,3,0,0,0.0,0.0,0,0.0,0.0,0.0,0.0
carton__02,container,carton,diagnostic_parent_support_argmax,0,3,0,0,0.0,0.0,0,0.0,0.0,0.0,0.0
carton__02,container,carton,diagnostic_parent_residual_argmax,0,3,0,0,0.0,0.0,0,0.0,0.0,0.0,0.0
carton__02,container,carton,diagnostic_specificity_argmax,0,3,0,0,0.0,0.0,0,0.0,0.0,0.0,0.0
carton__02,container,carton,actual_semantic_argmax,0,3,0,0,0.0,0.0,0,0.0,0.0,0.0,0.0
carton__02,container,carton,after_direct_detail_gate,0,3,0,0,0.0,0.0,0,0.0,0.0,0.0,0.0
carton__02,container,carton,after_cleanup,0,3,0,0,0.0,0.0,0,0.0,0.0,0.0,0.0
carton__02,container,carton,after_root_restoration,0,3,0,0,0.0,0.0,0,0.0,0.0,0.0,0.0
carton__02,container,carton,identity_supported_before_remainder,0,3,0,0,0.0,0.0,0,0.0,0.0,0.0,0.0
carton__02,container,carton,identity_plus_eligible_remainder,0,3,0,0,0.0,0.0,0,0.0,0.0,0.0,0.0
carton__02,container,carton,after_remainder_attachment_before_filter,0,3,0,0,0.0,0.0,0,0.0,0.0,0.0,0.0
carton__02,container,carton,final_hpid,0,3,0,0,0.0,0.0,0,0.0,0.0,0.0,0.0
carton__02,container,carton,final_dbscan,0,3,0,0,0.0,0.0,0,0.0,0.0,0.0,0.0
carton__03,container,carton,input_pool,10,2,0,0,0.0,0.0,3415,0.12131005203096755,0.022818674593460396,0.054873511904761904,0.32430473327218967
carton__03,container,carton,after_same_source_dedup,10,2,0,0,0.0,0.0,3415,0.12131005203096755,0.022818674593460396,0.054873511904761904,0.32430473327218967
carton__03,container,carton,after_instance_cap,10,2,0,0,0.0,0.0,3415,0.12131005203096755,0.022818674593460396,0.054873511904761904,0.32430473327218967
carton__03,container,carton,after_hierarchy_duplicate_filter,10,2,0,0,0.0,0.0,3415,0.12131005203096755,0.022818674593460396,0.054873511904761904,0.32430473327218967
carton__03,container,carton,diagnostic_consensus_argmax,5,2,0,0,0.0,0.0,0,0.015066964285714286,0.0,0.0,0.015438988095238096
carton__03,container,carton,diagnostic_parent_support_argmax,5,2,0,0,0.0,0.0,0,0.015066964285714286,0.0,0.0,0.015438988095238096
carton__03,container,carton,diagnostic_parent_residual_argmax,6,2,0,0,0.0,0.0,0,0.015199204433823253,0.0,0.0,0.015630632403402143
carton__03,container,carton,diagnostic_specificity_argmax,8,2,0,0,0.0,0.0,0,0.06554134758742207,0.0,0.0,0.06660801837503878
carton__03,container,carton,actual_semantic_argmax,9,2,0,0,0.0,0.0,0,0.07372587139694588,0.0008650519031141869,0.0011160714285714285,0.07896929014035664
carton__03,container,carton,after_direct_detail_gate,9,2,0,0,0.0,0.0,0,0.09029739215126531,0.0010588043655318457,0.002418154761904762,0.09888382875668474
carton__03,container,carton,after_cleanup,8,2,0,0,0.0,0.0,0,0.09029739215126531,0.0010588043655318457,0.002418154761904762,0.0977395953111026
carton__03,container,carton,after_root_restoration,8,2,0,0,0.0,0.0,0,0.09029739215126531,0.0010588043655318457,0.002418154761904762,0.0977395953111026
carton__03,container,carton,identity_supported_before_remainder,9,2,0,0,0.0,0.0,0,0.09029739215126531,0.0007624857033930614,0.002418154761904762,0.0977395953111026
carton__03,container,carton,identity_plus_eligible_remainder,9,2,0,0,0.0,0.0,0,0.09029739215126531,0.0007624857033930614,0.002418154761904762,0.0977395953111026
carton__03,container,carton,after_remainder_attachment_before_filter,9,2,0,0,0.0,0.0,0,0.09029739215126531,0.0007624857033930614,0.002418154761904762,0.0977395953111026
carton__03,container,carton,final_hpid,9,2,0,0,0.0,0.0,0,0.09029739215126531,0.0007624857033930614,0.002418154761904762,0.0977395953111026
carton__03,container,carton,final_dbscan,9,2,0,0,0.0,0.0,0,0.09516610165267458,0.004526091586794462,0.009300595238095238,0.11639147741791235
carton__04,container,carton,input_pool,16,2,1,1,0.1111111111111111,0.1111111111111111,9406,0.23680203788247467,0.1670255306059674,0.351228978007762,0.6417657742350859
carton__04,container,carton,after_same_source_dedup,16,2,1,1,0.1111111111111111,0.1111111111111111,9406,0.23680203788247467,0.1670255306059674,0.351228978007762,0.6417657742350859
carton__04,container,carton,after_instance_cap,16,2,1,1,0.1111111111111111,0.1111111111111111,9406,0.23680203788247467,0.1670255306059674,0.351228978007762,0.6417657742350859
carton__04,container,carton,after_hierarchy_duplicate_filter,16,2,1,1,0.1111111111111111,0.1111111111111111,9406,0.23680203788247467,0.1670255306059674,0.351228978007762,0.6417657742350859
carton__04,container,carton,diagnostic_consensus_argmax,4,2,0,0,0.0,0.0,0,0.052253476913431116,0.005983545250560957,0.01034928848641656,0.07251719496888202
carton__04,container,carton,diagnostic_parent_support_argmax,4,2,0,0,0.0,0.0,0,0.052253476913431116,0.005983545250560957,0.01034928848641656,0.07251719496888202
carton__04,container,carton,diagnostic_parent_residual_argmax,6,2,0,0,0.0,0.0,0,0.052253476913431116,0.005983545250560957,0.01034928848641656,0.10092024781401776
carton__04,container,carton,diagnostic_specificity_argmax,7,2,1,1,0.2222222222222222,0.2222222222222222,0,0.23081640660992125,0.1675925925925926,0.351228978007762,0.47570970450761707
carton__04,container,carton,actual_semantic_argmax,8,2,0,0,0.0,0.0,0,0.15877342859923232,0.10580670303975058,0.351228978007762,0.4770622308335759
carton__04,container,carton,after_direct_detail_gate,9,2,0,0,0.0,0.0,0,0.15670460474069328,0.10418667178797772,0.35090556274256146,0.5241449445297983
carton__04,container,carton,after_cleanup,9,2,0,0,0.0,0.0,0,0.15757205656489265,0.10496549079754601,0.3541397153945666,0.527055681916603
carton__04,container,carton,after_root_restoration,9,2,0,0,0.0,0.0,0,0.15757205656489265,0.10496549079754601,0.3541397153945666,0.527055681916603
carton__04,container,carton,identity_supported_before_remainder,11,2,1,1,0.15384615384615385,0.15384615384615385,0,0.24073605063459214,0.18130217028380635,0.351228978007762,0.5240483355065155
carton__04,container,carton,identity_plus_eligible_remainder,11,2,1,1,0.15384615384615385,0.15384615384615385,0,0.24073605063459214,0.18130217028380635,0.351228978007762,0.5240483355065155
carton__04,container,carton,after_remainder_attachment_before_filter,11,2,1,1,0.15384615384615385,0.15384615384615385,0,0.24073605063459214,0.18130217028380635,0.351228978007762,0.5240483355065155
carton__04,container,carton,final_hpid,10,2,1,1,0.16666666666666666,0.16666666666666666,0,0.24073605063459214,0.18130217028380635,0.351228978007762,0.5235652903901017
carton__04,container,carton,final_dbscan,11,2,1,1,0.15384615384615385,0.15384615384615385,0,0.21662426220815084,0.15663657639585424,0.30304010349288485,0.641022334681402
cellular_telephone__01,device,cellular_telephone,input_pool,10,4,3,2,0.42857142857142855,0.2857142857142857,6399,0.47342079701157325,0.4052168398936806,0.4552322681993658,0.7300230103394997
cellular_telephone__01,device,cellular_telephone,after_same_source_dedup,10,4,3,2,0.42857142857142855,0.2857142857142857,6399,0.47342079701157325,0.4052168398936806,0.4552322681993658,0.7300230103394997
cellular_telephone__01,device,cellular_telephone,after_instance_cap,10,4,3,2,0.42857142857142855,0.2857142857142857,6399,0.47342079701157325,0.4052168398936806,0.4552322681993658,0.7300230103394997
cellular_telephone__01,device,cellular_telephone,after_hierarchy_duplicate_filter,10,4,3,2,0.42857142857142855,0.2857142857142857,6399,0.47342079701157325,0.4052168398936806,0.4552322681993658,0.7300230103394997
cellular_telephone__01,device,cellular_telephone,diagnostic_consensus_argmax,2,4,0,0,0.0,0.0,0,0.0021974694394752536,0.0,0.0,0.002204031836409531
cellular_telephone__01,device,cellular_telephone,diagnostic_parent_support_argmax,2,4,0,0,0.0,0.0,0,0.0021974694394752536,0.0,0.0,0.002204031836409531
cellular_telephone__01,device,cellular_telephone,diagnostic_parent_residual_argmax,4,4,0,0,0.0,0.0,0,0.07071692260416142,0.0009838216003498032,0.0009838216003498032,0.2696294473883156
cellular_telephone__01,device,cellular_telephone,diagnostic_specificity_argmax,7,4,1,1,0.18181818181818182,0.18181818181818182,0,0.2680657852284317,0.19433880134702247,0.24291865667677778,0.5211248905318915
cellular_telephone__01,device,cellular_telephone,actual_semantic_argmax,7,4,1,1,0.18181818181818182,0.18181818181818182,0,0.30269293838986483,0.23105176120127144,0.27757103971132085,0.5968062780847263
cellular_telephone__01,device,cellular_telephone,after_direct_detail_gate,7,4,2,1,0.36363636363636365,0.18181818181818182,0,0.3362152323319339,0.25571515007743273,0.30185156978188776,0.6609733091297635
cellular_telephone__01,device,cellular_telephone,after_cleanup,7,4,2,1,0.36363636363636365,0.18181818181818182,0,0.3362152323319339,0.25571515007743273,0.30185156978188776,0.6609733091297635
cellular_telephone__01,device,cellular_telephone,after_root_restoration,7,4,2,1,0.36363636363636365,0.18181818181818182,0,0.3362152323319339,0.25571515007743273,0.30185156978188776,0.6609733091297635
cellular_telephone__01,device,cellular_telephone,identity_supported_before_remainder,9,4,2,1,0.3076923076923077,0.15384615384615385,0,0.33785104822718925,0.25571515007743273,0.30185156978188776,0.6609733091297635
cellular_telephone__01,device,cellular_telephone,identity_plus_eligible_remainder,9,4,2,1,0.3076923076923077,0.15384615384615385,0,0.33785104822718925,0.25571515007743273,0.30185156978188776,0.6609733091297635
cellular_telephone__01,device,cellular_telephone,after_remainder_attachment_before_filter,9,4,2,1,0.3076923076923077,0.15384615384615385,0,0.33785104822718925,0.25571515007743273,0.30185156978188776,0.6609733091297635
cellular_telephone__01,device,cellular_telephone,final_hpid,9,4,2,1,0.3076923076923077,0.15384615384615385,0,0.33785104822718925,0.25571515007743273,0.30185156978188776,0.6609733091297635
cellular_telephone__01,device,cellular_telephone,final_dbscan,6,4,2,2,0.4,0.4,0,0.46737899620041723,0.4062659389606836,0.44784662056796587,0.7300230103394997
cellular_telephone__02,device,cellular_telephone,input_pool,16,4,2,2,0.2,0.2,64173,0.4802079359769596,0.35573516836935576,0.41963563206502674,0.9746774335093935
cellular_telephone__02,device,cellular_telephone,after_same_source_dedup,16,4,2,2,0.2,0.2,64173,0.4802079359769596,0.35573516836935576,0.41963563206502674,0.9746774335093935
cellular_telephone__02,device,cellular_telephone,after_instance_cap,16,4,2,2,0.2,0.2,64173,0.4802079359769596,0.35573516836935576,0.41963563206502674,0.9746774335093935
cellular_telephone__02,device,cellular_telephone,after_hierarchy_duplicate_filter,16,4,2,2,0.2,0.2,64173,0.4802079359769596,0.35573516836935576,0.41963563206502674,0.9746774335093935
cellular_telephone__02,device,cellular_telephone,diagnostic_consensus_argmax,1,4,0,0,0.0,0.0,0,0.000727802037845706,0.0,0.0,0.0007326365146038879
cellular_telephone__02,device,cellular_telephone,diagnostic_parent_support_argmax,1,4,0,0,0.0,0.0,0,0.000727802037845706,0.0,0.0,0.0007326365146038879
cellular_telephone__02,device,cellular_telephone,diagnostic_parent_residual_argmax,9,4,1,0,0.15384615384615385,0.0,0,0.1945456366793452,0.021012081947119593,0.021012081947119593,0.43471987659291056
cellular_telephone__02,device,cellular_telephone,diagnostic_specificity_argmax,10,4,3,2,0.42857142857142855,0.2857142857142857,0,0.3390481023033145,0.22095852274142835,0.2519404553828094,0.9090553932672192
cellular_telephone__02,device,cellular_telephone,actual_semantic_argmax,10,4,3,2,0.42857142857142855,0.2857142857142857,0,0.34197536186373645,0.22249666369480087,0.25337006709984683,0.9175680040141914
cellular_telephone__02,device,cellular_telephone,after_direct_detail_gate,10,4,3,2,0.42857142857142855,0.2857142857142857,0,0.34149007542629106,0.22142838023483646,0.2516141136953065,0.9226270818834736
cellular_telephone__02,device,cellular_telephone,after_cleanup,10,4,3,2,0.42857142857142855,0.2857142857142857,0,0.3412521726061695,0.22121646953494267,0.25142668548602615,0.9227376697083666
cellular_telephone__02,device,cellular_telephone,after_root_restoration,10,4,3,2,0.42857142857142855,0.2857142857142857,0,0.3412521726061695,0.22121646953494267,0.25142668548602615,0.9227376697083666
cellular_telephone__02,device,cellular_telephone,identity_supported_before_remainder,14,4,4,2,0.4444444444444444,0.2222222222222222,0,0.3497554725478721,0.22118999604620956,0.2513733502563291,0.9226270818834736
cellular_telephone__02,device,cellular_telephone,identity_plus_eligible_remainder,14,4,4,2,0.4444444444444444,0.2222222222222222,0,0.3497554725478721,0.22118999604620956,0.2513733502563291,0.9226270818834736
cellular_telephone__02,device,cellular_telephone,after_remainder_attachment_before_filter,14,4,4,2,0.4444444444444444,0.2222222222222222,0,0.3497554725478721,0.22118999604620956,0.2513733502563291,0.9226270818834736
cellular_telephone__02,device,cellular_telephone,final_hpid,14,4,4,2,0.4444444444444444,0.2222222222222222,0,0.3497554725478721,0.22118999604620956,0.2513733502563291,0.9226270818834736
cellular_telephone__02,device,cellular_telephone,final_dbscan,8,4,2,1,0.3333333333333333,0.16666666666666666,0,0.36000250306446124,0.07970879966053147,0.106866021903001,0.9721020701056353
cellular_telephone__03,device,cellular_telephone,input_pool,15,4,3,3,0.3157894736842105,0.3157894736842105,30429,0.3496090022507753,0.26826122743655423,0.5438435359529046,0.8853339905550873
cellular_telephone__03,device,cellular_telephone,after_same_source_dedup,15,4,3,3,0.3157894736842105,0.3157894736842105,30429,0.3496090022507753,0.26826122743655423,0.5438435359529046,0.8853339905550873
cellular_telephone__03,device,cellular_telephone,after_instance_cap,15,4,3,3,0.3157894736842105,0.3157894736842105,30429,0.3496090022507753,0.26826122743655423,0.5438435359529046,0.8853339905550873
cellular_telephone__03,device,cellular_telephone,after_hierarchy_duplicate_filter,15,4,3,3,0.3157894736842105,0.3157894736842105,30429,0.3496090022507753,0.26826122743655423,0.5438435359529046,0.8853339905550873
cellular_telephone__03,device,cellular_telephone,diagnostic_consensus_argmax,1,4,0,0,0.0,0.0,0,0.0003152279340446169,0.0,0.0,0.0003152279340446169
cellular_telephone__03,device,cellular_telephone,diagnostic_parent_support_argmax,1,4,0,0,0.0,0.0,0,0.0003152279340446169,0.0,0.0,0.0003152279340446169
cellular_telephone__03,device,cellular_telephone,diagnostic_parent_residual_argmax,6,4,1,0,0.2,0.0,0,0.11926779572605119,0.017587699688062734,0.019198382225932058,0.2527645112187153
cellular_telephone__03,device,cellular_telephone,diagnostic_specificity_argmax,6,4,3,2,0.6,0.4,0,0.2730661192979077,0.18273210207542584,0.3481410935197405,0.7455858030030839
cellular_telephone__03,device,cellular_telephone,actual_semantic_argmax,6,4,3,2,0.6,0.4,0,0.2753385480751804,0.1895046597411738,0.35728958496012453,0.7517139411614803
cellular_telephone__03,device,cellular_telephone,after_direct_detail_gate,6,4,3,2,0.6,0.4,0,0.26937033667409177,0.18791658475955336,0.3596163106224818,0.7827928321753679
cellular_telephone__03,device,cellular_telephone,after_cleanup,6,4,3,2,0.6,0.4,0,0.26991169552183536,0.18707075342141605,0.3587559014139371,0.783185932937003
cellular_telephone__03,device,cellular_telephone,after_root_restoration,6,4,3,2,0.6,0.4,0,0.26991169552183536,0.18707075342141605,0.3587559014139371,0.783185932937003
cellular_telephone__03,device,cellular_telephone,identity_supported_before_remainder,9,4,3,2,0.46153846153846156,0.3076923076923077,0,0.26980155318784416,0.18149350125336036,0.35873165311131827,0.7827928321753679
cellular_telephone__03,device,cellular_telephone,identity_plus_eligible_remainder,9,4,3,2,0.46153846153846156,0.3076923076923077,0,0.26980155318784416,0.18149350125336036,0.35873165311131827,0.7827928321753679
cellular_telephone__03,device,cellular_telephone,after_remainder_attachment_before_filter,9,4,3,2,0.46153846153846156,0.3076923076923077,0,0.26980155318784416,0.18149350125336036,0.35873165311131827,0.7827928321753679
cellular_telephone__03,device,cellular_telephone,final_hpid,9,4,3,2,0.46153846153846156,0.3076923076923077,0,0.26980155318784416,0.18149350125336036,0.35873165311131827,0.7827928321753679
cellular_telephone__03,device,cellular_telephone,final_dbscan,6,4,2,1,0.4,0.2,0,0.3251192071530018,0.1601579817792827,0.27933848357839264,0.8259324262657436
cellular_telephone__04,device,cellular_telephone,input_pool,10,4,3,2,0.42857142857142855,0.2857142857142857,9970,0.44276410256706167,0.39368011103818823,0.45727423318927424,0.5131411658376719
cellular_telephone__04,device,cellular_telephone,after_same_source_dedup,10,4,3,2,0.42857142857142855,0.2857142857142857,9970,0.44276410256706167,0.39368011103818823,0.45727423318927424,0.5131411658376719
cellular_telephone__04,device,cellular_telephone,after_instance_cap,10,4,3,2,0.42857142857142855,0.2857142857142857,9970,0.44276410256706167,0.39368011103818823,0.45727423318927424,0.5131411658376719
cellular_telephone__04,device,cellular_telephone,after_hierarchy_duplicate_filter,10,4,3,2,0.42857142857142855,0.2857142857142857,9970,0.44276410256706167,0.39368011103818823,0.45727423318927424,0.5131411658376719
cellular_telephone__04,device,cellular_telephone,diagnostic_consensus_argmax,2,4,0,0,0.0,0.0,0,0.007534987146134457,0.007534987146134457,0.0076131303778088286,0.0076131303778088286
cellular_telephone__04,device,cellular_telephone,diagnostic_parent_support_argmax,1,4,0,0,0.0,0.0,0,0.005232752846617549,0.005232752846617549,0.005236260053619303,0.005236260053619303
cellular_telephone__04,device,cellular_telephone,diagnostic_parent_residual_argmax,3,4,0,0,0.0,0.0,0,0.018314683813329256,0.018314683813329256,0.01831819102033101,0.021634736899215665
cellular_telephone__04,device,cellular_telephone,diagnostic_specificity_argmax,4,4,2,2,0.5,0.5,0,0.3838494994188387,0.37589685268352996,0.4277094586211974,0.46208896223140605
cellular_telephone__04,device,cellular_telephone,actual_semantic_argmax,5,4,2,2,0.4444444444444444,0.4444444444444444,0,0.38420539914437946,0.3826411892956508,0.43435605466278604,0.4730641633037922
cellular_telephone__04,device,cellular_telephone,after_direct_detail_gate,6,4,2,2,0.4,0.4,0,0.39226462025799386,0.39226462025799386,0.4439907731614456,0.4887436935331785
cellular_telephone__04,device,cellular_telephone,after_cleanup,5,4,2,2,0.4444444444444444,0.4444444444444444,0,0.39286381718941027,0.39286381718941027,0.44461912436787987,0.487619548648486
cellular_telephone__04,device,cellular_telephone,after_root_restoration,5,4,2,2,0.4444444444444444,0.4444444444444444,0,0.39286381718941027,0.39286381718941027,0.44461912436787987,0.487619548648486
cellular_telephone__04,device,cellular_telephone,identity_supported_before_remainder,6,4,2,2,0.4,0.4,0,0.38420539914437946,0.3838631834669207,0.44461912436787987,0.48755813113221036
cellular_telephone__04,device,cellular_telephone,identity_plus_eligible_remainder,6,4,2,2,0.4,0.4,0,0.38420539914437946,0.3838631834669207,0.44461912436787987,0.48755813113221036
cellular_telephone__04,device,cellular_telephone,after_remainder_attachment_before_filter,6,4,2,2,0.4,0.4,0,0.38420539914437946,0.3838631834669207,0.44461912436787987,0.48755813113221036
cellular_telephone__04,device,cellular_telephone,final_hpid,6,4,2,2,0.4,0.4,0,0.38420539914437946,0.3838631834669207,0.44461912436787987,0.48755813113221036
cellular_telephone__04,device,cellular_telephone,final_dbscan,7,4,2,2,0.36363636363636365,0.36363636363636365,0,0.39750852764720074,0.3937381624709673,0.45719337802156346,0.5131411658376719
chair__01,furniture,chair,input_pool,13,7,1,1,0.1,0.1,7499,0.08738352355971987,0.0474569932685116,0.04749429245106478,0.15502833256213147
chair__01,furniture,chair,after_same_source_dedup,13,7,1,1,0.1,0.1,7499,0.08738352355971987,0.0474569932685116,0.04749429245106478,0.15502833256213147
chair__01,furniture,chair,after_instance_cap,13,7,1,1,0.1,0.1,7499,0.08738352355971987,0.0474569932685116,0.04749429245106478,0.15502833256213147
chair__01,furniture,chair,after_hierarchy_duplicate_filter,13,7,1,1,0.1,0.1,7499,0.08738352355971987,0.0474569932685116,0.04749429245106478,0.15502833256213147
chair__01,furniture,chair,diagnostic_consensus_argmax,7,7,0,0,0.0,0.0,0,0.043427747008812134,0.014783487405965792,0.014783487405965792,0.06748856697168223
chair__01,furniture,chair,diagnostic_parent_support_argmax,7,7,0,0,0.0,0.0,0,0.043427747008812134,0.014783487405965792,0.014783487405965792,0.06737628732049768
chair__01,furniture,chair,diagnostic_parent_residual_argmax,7,7,0,0,0.0,0.0,0,0.048356911107680874,0.014783487405965792,0.014783487405965792,0.08754919798332188
chair__01,furniture,chair,diagnostic_specificity_argmax,7,7,1,1,0.14285714285714285,0.14285714285714285,0,0.07617302234779962,0.0474569932685116,0.04749429245106478,0.14037543704368952
chair__01,furniture,chair,actual_semantic_argmax,7,7,1,1,0.14285714285714285,0.14285714285714285,0,0.08309757982402369,0.0474569932685116,0.04749429245106478,0.14907874243916414
chair__01,furniture,chair,after_direct_detail_gate,7,7,1,1,0.14285714285714285,0.14285714285714285,0,0.0851027277952467,0.0474569932685116,0.04749429245106478,0.15179265019357593
chair__01,furniture,chair,after_cleanup,7,7,1,1,0.14285714285714285,0.14285714285714285,0,0.0851026917573474,0.0474569932685116,0.04749429245106478,0.1518300767439708
chair__01,furniture,chair,after_root_restoration,7,7,1,1,0.14285714285714285,0.14285714285714285,0,0.0851026917573474,0.0474569932685116,0.04749429245106478,0.1518300767439708
chair__01,furniture,chair,identity_supported_before_remainder,9,7,1,1,0.125,0.125,0,0.08512948048629272,0.0474569932685116,0.04749429245106478,0.15179265019357593
chair__01,furniture,chair,identity_plus_eligible_remainder,9,7,1,1,0.125,0.125,0,0.08512948048629272,0.0474569932685116,0.04749429245106478,0.15179265019357593
chair__01,furniture,chair,after_remainder_attachment_before_filter,9,7,1,1,0.125,0.125,0,0.08512948048629272,0.0474569932685116,0.04749429245106478,0.15179265019357593
chair__01,furniture,chair,final_hpid,9,7,1,1,0.125,0.125,0,0.08512948048629272,0.0474569932685116,0.04749429245106478,0.15179265019357593
chair__01,furniture,chair,final_dbscan,9,7,1,1,0.125,0.125,0,0.08738352355971987,0.0474569932685116,0.04749429245106478,0.152603106213113
chair__02,furniture,chair,input_pool,5,7,1,1,0.16666666666666666,0.16666666666666666,1827,0.13571889713421845,0.10940441231834952,0.1402920731427673,0.19385179722903714
chair__02,furniture,chair,after_same_source_dedup,5,7,1,1,0.16666666666666666,0.16666666666666666,1827,0.13571889713421845,0.10940441231834952,0.1402920731427673,0.19385179722903714
chair__02,furniture,chair,after_instance_cap,5,7,1,1,0.16666666666666666,0.16666666666666666,1827,0.13571889713421845,0.10940441231834952,0.1402920731427673,0.19385179722903714
chair__02,furniture,chair,after_hierarchy_duplicate_filter,5,7,1,1,0.16666666666666666,0.16666666666666666,1827,0.13571889713421845,0.10940441231834952,0.1402920731427673,0.19385179722903714
chair__02,furniture,chair,diagnostic_consensus_argmax,1,7,1,1,0.25,0.25,0,0.09399958302869056,0.07880532565671104,0.09432878679109835,0.12051058010627413
chair__02,furniture,chair,diagnostic_parent_support_argmax,1,7,1,1,0.25,0.25,0,0.09399958302869056,0.07880532565671104,0.09432878679109835,0.12051058010627413
chair__02,furniture,chair,diagnostic_parent_residual_argmax,1,7,1,1,0.25,0.25,0,0.09399958302869056,0.07880532565671104,0.09432878679109835,0.12051058010627413
chair__02,furniture,chair,diagnostic_specificity_argmax,3,7,1,1,0.2,0.2,0,0.11804270252654359,0.10115572500893602,0.12189519023689878,0.16551267824361368
chair__02,furniture,chair,actual_semantic_argmax,3,7,1,1,0.2,0.2,0,0.12454364375980731,0.10757245961736739,0.13481694185211773,0.1849643418386174
chair__02,furniture,chair,after_direct_detail_gate,4,7,1,1,0.18181818181818182,0.18181818181818182,0,0.12451171247617661,0.10740020587898891,0.13481694185211773,0.1857924991885139
chair__02,furniture,chair,after_cleanup,3,7,1,1,0.2,0.2,0,0.12514688174015176,0.10808646917534027,0.135678391959799,0.1851079168565643
chair__02,furniture,chair,after_root_restoration,3,7,1,1,0.2,0.2,0,0.12514688174015176,0.10808646917534027,0.135678391959799,0.1851079168565643
chair__02,furniture,chair,identity_supported_before_remainder,3,7,1,1,0.2,0.2,0,0.12514688174015176,0.10808646917534027,0.135678391959799,0.1851079168565643
chair__02,furniture,chair,identity_plus_eligible_remainder,3,7,1,1,0.2,0.2,0,0.12514688174015176,0.10808646917534027,0.135678391959799,0.1851079168565643
chair__02,furniture,chair,after_remainder_attachment_before_filter,3,7,1,1,0.2,0.2,0,0.12514688174015176,0.10808646917534027,0.135678391959799,0.1851079168565643
chair__02,furniture,chair,final_hpid,3,7,1,1,0.2,0.2,0,0.12514688174015176,0.10808646917534027,0.135678391959799,0.1851079168565643
chair__02,furniture,chair,final_dbscan,4,7,1,1,0.18181818181818182,0.18181818181818182,0,0.08546223651421878,0.05986858116330007,0.07063890882986361,0.1851079168565643
chair__03,furniture,chair,input_pool,19,7,5,3,0.38461538461538464,0.23076923076923078,6168,0.40499647856021254,0.16848908928268566,0.3815063406231963,0.8976775856210821
chair__03,furniture,chair,after_same_source_dedup,19,7,5,3,0.38461538461538464,0.23076923076923078,6168,0.40499647856021254,0.16848908928268566,0.3815063406231963,0.8976775856210821
chair__03,furniture,chair,after_instance_cap,19,7,5,3,0.38461538461538464,0.23076923076923078,6168,0.40499647856021254,0.16848908928268566,0.3815063406231963,0.8976775856210821
chair__03,furniture,chair,after_hierarchy_duplicate_filter,19,7,5,3,0.38461538461538464,0.23076923076923078,6168,0.40499647856021254,0.16848908928268566,0.3815063406231963,0.8976775856210821
chair__03,furniture,chair,diagnostic_consensus_argmax,6,7,3,1,0.46153846153846156,0.15384615384615385,0,0.2500476785918767,0.08161639118155228,0.08667479900326876,0.28469929041880454
chair__03,furniture,chair,diagnostic_parent_support_argmax,6,7,3,1,0.46153846153846156,0.15384615384615385,0,0.25019380819344406,0.08176252078311964,0.08667479900326876,0.2782662824330016
chair__03,furniture,chair,diagnostic_parent_residual_argmax,6,7,3,1,0.46153846153846156,0.15384615384615385,0,0.27495256246483796,0.0828966738531601,0.0890672650058039,0.31297638882088863
chair__03,furniture,chair,diagnostic_specificity_argmax,8,7,3,1,0.4,0.13333333333333333,0,0.40896799801578865,0.12476285787800008,0.13619520681359626,0.785059428276088
chair__03,furniture,chair,actual_semantic_argmax,8,7,4,1,0.5333333333333333,0.13333333333333333,0,0.4053201682852861,0.13384972057224123,0.14984902303955547,0.8022769272634589
chair__03,furniture,chair,after_direct_detail_gate,9,7,3,1,0.375,0.125,0,0.4117343563259358,0.14732398764630414,0.16303122925330524,0.8051141330185576
chair__03,furniture,chair,after_cleanup,8,7,3,1,0.4,0.13333333333333333,0,0.4127714366714398,0.14147245257355923,0.1570784446256964,0.8080616155855781
chair__03,furniture,chair,after_root_restoration,8,7,3,1,0.4,0.13333333333333333,0,0.4127714366714398,0.14147245257355923,0.1570784446256964,0.8080616155855781
chair__03,furniture,chair,identity_supported_before_remainder,13,7,4,1,0.4,0.1,0,0.3629957263311233,0.08050518944688069,0.15698482919787393,0.8039683416847554
chair__03,furniture,chair,identity_plus_eligible_remainder,13,7,4,1,0.4,0.1,0,0.3629957263311233,0.08050518944688069,0.15698482919787393,0.8039683416847554
chair__03,furniture,chair,after_remainder_attachment_before_filter,13,7,4,1,0.4,0.1,0,0.3629957263311233,0.08050518944688069,0.15698482919787393,0.8039683416847554
chair__03,furniture,chair,final_hpid,13,7,4,1,0.4,0.1,0,0.3629957263311233,0.08050518944688069,0.15698482919787393,0.8039683416847554
chair__03,furniture,chair,final_dbscan,16,7,4,0,0.34782608695652173,0.0,0,0.3453259919205802,0.058269768936025625,0.11790542925903437,0.8938703872889084
chair__04,furniture,chair,input_pool,12,7,5,2,0.5263157894736842,0.21052631578947367,7271,0.4753285491206047,0.22035528232508966,0.22822227038326975,0.5907977324992004
chair__04,furniture,chair,after_same_source_dedup,12,7,5,2,0.5263157894736842,0.21052631578947367,7271,0.4753285491206047,0.22035528232508966,0.22822227038326975,0.5907977324992004
chair__04,furniture,chair,after_instance_cap,12,7,5,2,0.5263157894736842,0.21052631578947367,7271,0.4753285491206047,0.22035528232508966,0.22822227038326975,0.5907977324992004
chair__04,furniture,chair,after_hierarchy_duplicate_filter,12,7,5,2,0.5263157894736842,0.21052631578947367,7271,0.4753285491206047,0.22035528232508966,0.22822227038326975,0.5907977324992004
chair__04,furniture,chair,diagnostic_consensus_argmax,5,7,1,1,0.16666666666666666,0.16666666666666666,0,0.18385123903553582,0.12467648693881658,0.12535972633989773,0.18761492149968012
chair__04,furniture,chair,diagnostic_parent_support_argmax,5,7,1,1,0.16666666666666666,0.16666666666666666,0,0.15706722992308988,0.12467648693881658,0.12535972633989773,0.16060156658264252
chair__04,furniture,chair,diagnostic_parent_residual_argmax,5,7,1,0,0.16666666666666666,0.0,0,0.10155773628575974,0.015721843330880822,0.015804536883555053,0.12349389823444057
chair__04,furniture,chair,diagnostic_specificity_argmax,5,7,3,1,0.5,0.16666666666666666,0,0.23477521347710487,0.13568357143274268,0.13689185154582853,0.3707869698192331
chair__04,furniture,chair,actual_semantic_argmax,5,7,4,2,0.6666666666666666,0.3333333333333333,0,0.2775108905270052,0.1749308017188158,0.1774879460987576,0.4176282107785319
chair__04,furniture,chair,after_direct_detail_gate,5,7,4,2,0.6666666666666666,0.3333333333333333,0,0.31787562605996184,0.21068472413215691,0.21456536818086128,0.4600451106158859
chair__04,furniture,chair,after_cleanup,5,7,4,2,0.6666666666666666,0.3333333333333333,0,0.31787562605996184,0.21068472413215691,0.21456536818086128,0.4600451106158859
chair__04,furniture,chair,after_root_restoration,5,7,4,2,0.6666666666666666,0.3333333333333333,0,0.31787562605996184,0.21068472413215691,0.21456536818086128,0.4600451106158859
chair__04,furniture,chair,identity_supported_before_remainder,7,7,4,2,0.5714285714285714,0.2857142857142857,0,0.3717531112475848,0.21068472413215691,0.21456536818086128,0.4600451106158859
chair__04,furniture,chair,identity_plus_eligible_remainder,7,7,4,2,0.5714285714285714,0.2857142857142857,0,0.3717531112475848,0.21068472413215691,0.21456536818086128,0.4600451106158859
chair__04,furniture,chair,after_remainder_attachment_before_filter,7,7,4,2,0.5714285714285714,0.2857142857142857,0,0.3717531112475848,0.21068472413215691,0.21456536818086128,0.4600451106158859
chair__04,furniture,chair,final_hpid,7,7,4,2,0.5714285714285714,0.2857142857142857,0,0.3717531112475848,0.21068472413215691,0.21456536818086128,0.4600451106158859
chair__04,furniture,chair,final_dbscan,9,7,5,2,0.625,0.25,0,0.458044642550196,0.22039414444229782,0.22814382055193688,0.5898863797003757
clock__01,device,clock,input_pool,7,4,0,0,0.0,0.0,9088,0.043822960632639296,0.015032426281833718,0.4890552995391705,0.4890552995391705
clock__01,device,clock,after_same_source_dedup,7,4,0,0,0.0,0.0,9088,0.043822960632639296,0.015032426281833718,0.4890552995391705,0.4890552995391705
clock__01,device,clock,after_instance_cap,7,4,0,0,0.0,0.0,9088,0.043822960632639296,0.015032426281833718,0.4890552995391705,0.4890552995391705
clock__01,device,clock,after_hierarchy_duplicate_filter,7,4,0,0,0.0,0.0,9088,0.043822960632639296,0.015032426281833718,0.4890552995391705,0.4890552995391705
clock__01,device,clock,diagnostic_consensus_argmax,2,4,0,0,0.0,0.0,0,0.03911786467616136,0.0,0.0,0.2865783410138249
clock__01,device,clock,diagnostic_parent_support_argmax,1,4,0,0,0.0,0.0,0,0.004606995110943964,0.0,0.0,0.25
clock__01,device,clock,diagnostic_parent_residual_argmax,1,4,0,0,0.0,0.0,0,0.0,0.0,0.0,0.0
clock__01,device,clock,diagnostic_specificity_argmax,4,4,0,0,0.0,0.0,0,0.043756955285243974,0.0,0.0,0.2917626728110599
clock__01,device,clock,actual_semantic_argmax,5,4,0,0,0.0,0.0,0,0.043756955285243974,0.0,0.0,0.2917626728110599
clock__01,device,clock,after_direct_detail_gate,5,4,0,0,0.0,0.0,0,0.03315603521507452,0.007842769653793276,0.1445852534562212,0.4251152073732719
clock__01,device,clock,after_cleanup,4,4,0,0,0.0,0.0,0,0.03315603521507452,0.007905261842269716,0.14573732718894009,0.42626728110599077
clock__01,device,clock,after_root_restoration,4,4,0,0,0.0,0.0,0,0.03315603521507452,0.007905261842269716,0.14573732718894009,0.42626728110599077
clock__01,device,clock,identity_supported_before_remainder,4,4,0,0,0.0,0.0,0,0.03315603521507452,0.007905261842269716,0.14573732718894009,0.42626728110599077
clock__01,device,clock,identity_plus_eligible_remainder,4,4,0,0,0.0,0.0,0,0.03315603521507452,0.007905261842269716,0.14573732718894009,0.42626728110599077
clock__01,device,clock,after_remainder_attachment_before_filter,4,4,0,0,0.0,0.0,0,0.03315603521507452,0.007905261842269716,0.14573732718894009,0.42626728110599077
clock__01,device,clock,final_hpid,4,4,0,0,0.0,0.0,0,0.03315603521507452,0.007905261842269716,0.14573732718894009,0.42626728110599077
clock__01,device,clock,final_dbscan,4,4,0,0,0.0,0.0,0,0.0437944292016774,0.009020754319426887,0.1972926267281106,0.4890552995391705
clock__02,device,clock,input_pool,21,3,3,3,0.25,0.25,135667,0.6433867430392018,0.6433867430392018,0.9602301868474369,0.9924125312632422
clock__02,device,clock,after_same_source_dedup,21,3,3,3,0.25,0.25,135667,0.6433867430392018,0.6433867430392018,0.9602301868474369,0.9924125312632422
clock__02,device,clock,after_instance_cap,21,3,3,3,0.25,0.25,135667,0.6433867430392018,0.6433867430392018,0.9602301868474369,0.9924125312632422
clock__02,device,clock,after_hierarchy_duplicate_filter,21,3,3,3,0.25,0.25,135667,0.6433867430392018,0.6433867430392018,0.9602301868474369,0.9924125312632422
clock__02,device,clock,diagnostic_consensus_argmax,8,3,2,2,0.36363636363636365,0.36363636363636365,0,0.5299653531328818,0.5130957852114925,0.6238293814682292,0.9924125312632422
clock__02,device,clock,diagnostic_parent_support_argmax,8,3,2,2,0.36363636363636365,0.36363636363636365,0,0.5299653531328818,0.5130957852114925,0.6238293814682292,0.9924125312632422
clock__02,device,clock,diagnostic_parent_residual_argmax,8,3,3,2,0.5454545454545454,0.36363636363636365,0,0.6356111042706295,0.49695564208575554,0.5958137568169316,0.9924125312632422
clock__02,device,clock,diagnostic_specificity_argmax,8,3,3,2,0.5454545454545454,0.36363636363636365,0,0.4363287848024023,0.3035701641127471,0.5458191596912608,0.9924125312632422
clock__02,device,clock,actual_semantic_argmax,8,3,3,2,0.5454545454545454,0.36363636363636365,0,0.43233645399685267,0.3011609855130367,0.5433944672124893,0.9924125312632422
clock__02,device,clock,after_direct_detail_gate,8,3,3,2,0.5454545454545454,0.36363636363636365,0,0.42256699223014077,0.29146597066373897,0.5315321564631706,0.9924125312632422
clock__02,device,clock,after_cleanup,9,3,3,2,0.5,0.3333333333333333,0,0.42424797719007756,0.2921725054919644,0.5326515104340594,0.9909520763351187
clock__02,device,clock,after_root_restoration,9,3,3,2,0.5,0.3333333333333333,0,0.4240839364007787,0.29200846470266545,0.5326995359836518,0.9924125312632422
clock__02,device,clock,identity_supported_before_remainder,12,3,3,2,0.4,0.26666666666666666,0,0.6281876917240461,0.49611222002593297,0.5325818335354409,0.9921867713284485
clock__02,device,clock,identity_plus_eligible_remainder,13,3,3,2,0.375,0.25,0,0.6281876917240461,0.49611222002593297,0.5325818335354409,0.9921867713284485
clock__02,device,clock,after_remainder_attachment_before_filter,13,3,3,2,0.375,0.25,0,0.6281876917240461,0.49611222002593297,0.5325818335354409,0.9921867713284485
clock__02,device,clock,final_hpid,13,3,3,2,0.375,0.25,0,0.6281876917240461,0.49611222002593297,0.5325818335354409,0.9921867713284485
clock__02,device,clock,final_dbscan,8,3,2,2,0.36363636363636365,0.36363636363636365,0,0.5189119767899147,0.5038882295765775,0.5400438584174237,0.9924125312632422
clock__03,device,clock,input_pool,11,3,2,2,0.2857142857142857,0.2857142857142857,39888,0.5638709109403058,0.5638709109403058,0.963576732757153,0.9976573305687356
clock__03,device,clock,after_same_source_dedup,11,3,2,2,0.2857142857142857,0.2857142857142857,39888,0.5638709109403058,0.5638709109403058,0.963576732757153,0.9976573305687356
clock__03,device,clock,after_instance_cap,11,3,2,2,0.2857142857142857,0.2857142857142857,39888,0.5638709109403058,0.5638709109403058,0.963576732757153,0.9976573305687356
clock__03,device,clock,after_hierarchy_duplicate_filter,11,3,2,2,0.2857142857142857,0.2857142857142857,39888,0.5638709109403058,0.5638709109403058,0.963576732757153,0.9976573305687356
clock__03,device,clock,diagnostic_consensus_argmax,3,3,2,2,0.6666666666666666,0.6666666666666666,0,0.4608723586075278,0.4597731555297592,0.5727173786071664,0.9976573305687356
clock__03,device,clock,diagnostic_parent_support_argmax,2,3,1,1,0.4,0.4,0,0.24013575969320453,0.21552008287422894,0.33145770420097476,0.9976573305687356
clock__03,device,clock,diagnostic_parent_residual_argmax,3,3,1,1,0.3333333333333333,0.3333333333333333,0,0.2712434929640959,0.24530086937393628,0.34054861329188385,0.9976573305687356
clock__03,device,clock,diagnostic_specificity_argmax,4,3,1,1,0.2857142857142857,0.2857142857142857,0,0.2150302885595702,0.17969012345851698,0.42014787120372726,0.9976573305687356
clock__03,device,clock,actual_semantic_argmax,4,3,1,1,0.2857142857142857,0.2857142857142857,0,0.2185089374919749,0.18286591321797005,0.43681453787039387,0.9976573305687356
clock__03,device,clock,after_direct_detail_gate,4,3,1,1,0.2857142857142857,0.2857142857142857,0,0.22218016299606738,0.18612254050470786,0.4519660530219091,0.9976573305687356
clock__03,device,clock,after_cleanup,4,3,1,1,0.2857142857142857,0.2857142857142857,0,0.22218016299606738,0.18612254050470786,0.4519660530219091,0.9976573305687356
clock__03,device,clock,after_root_restoration,4,3,1,1,0.2857142857142857,0.2857142857142857,0,0.22218016299606738,0.18612254050470786,0.4519660530219091,0.9976573305687356
clock__03,device,clock,identity_supported_before_remainder,6,3,1,1,0.2222222222222222,0.2222222222222222,0,0.24469152193865307,0.20863389944729352,0.4519660530219091,0.9976573305687356
clock__03,device,clock,identity_plus_eligible_remainder,6,3,1,1,0.2222222222222222,0.2222222222222222,0,0.24469152193865307,0.20863389944729352,0.4519660530219091,0.9976573305687356
clock__03,device,clock,after_remainder_attachment_before_filter,6,3,1,1,0.2222222222222222,0.2222222222222222,0,0.24469152193865307,0.20863389944729352,0.4519660530219091,0.9976573305687356
clock__03,device,clock,final_hpid,6,3,1,1,0.2222222222222222,0.2222222222222222,0,0.24469152193865307,0.20863389944729352,0.4519660530219091,0.9976573305687356
clock__03,device,clock,final_dbscan,8,3,2,2,0.36363636363636365,0.36363636363636365,0,0.5303376842431049,0.5303376842431049,0.5892006892157126,0.9976573305687356
clock__04,device,clock,input_pool,17,2,1,1,0.10526315789473684,0.10526315789473684,91846,0.29169096190768856,0.2892186739576439,0.8247819394561313,1.0
clock__04,device,clock,after_same_source_dedup,17,2,1,1,0.10526315789473684,0.10526315789473684,91846,0.29169096190768856,0.2892186739576439,0.8247819394561313,1.0
clock__04,device,clock,after_instance_cap,17,2,1,1,0.10526315789473684,0.10526315789473684,91846,0.29169096190768856,0.2892186739576439,0.8247819394561313,1.0
clock__04,device,clock,after_hierarchy_duplicate_filter,17,2,1,1,0.10526315789473684,0.10526315789473684,91846,0.29169096190768856,0.2892186739576439,0.8247819394561313,1.0
clock__04,device,clock,diagnostic_consensus_argmax,3,2,0,0,0.0,0.0,0,0.06769011282328838,0.0011928854665416194,0.5,1.0
clock__04,device,clock,diagnostic_parent_support_argmax,2,2,0,0,0.0,0.0,0,0.07612110746342617,0.001117602626751553,0.5,1.0
clock__04,device,clock,diagnostic_parent_residual_argmax,5,2,0,0,0.0,0.0,0,0.09372324628764908,0.09372324628764908,0.6085171883016932,1.0
clock__04,device,clock,diagnostic_specificity_argmax,9,2,1,1,0.18181818181818182,0.18181818181818182,0,0.14320432166782418,0.14320432166782418,0.5655667804886679,1.0
clock__04,device,clock,actual_semantic_argmax,9,2,0,0,0.0,0.0,0,0.12461779003735486,0.12461779003735486,0.5245200898780984,1.0
clock__04,device,clock,after_direct_detail_gate,9,2,0,0,0.0,0.0,0,0.1247330561979259,0.1247330561979259,0.5245200898780984,1.0
clock__04,device,clock,after_cleanup,9,2,0,0,0.0,0.0,0,0.12449023125896615,0.12449023125896615,0.5139187204755755,1.0
clock__04,device,clock,after_root_restoration,9,2,0,0,0.0,0.0,0,0.12448893292488643,0.12448893292488643,0.5139187204755755,1.0
clock__04,device,clock,identity_supported_before_remainder,13,2,1,1,0.13333333333333333,0.13333333333333333,0,0.17329657014262764,0.17329657014262764,0.5139187204755755,0.9896551724137931
clock__04,device,clock,identity_plus_eligible_remainder,13,2,1,1,0.13333333333333333,0.13333333333333333,0,0.17329657014262764,0.17329657014262764,0.5139187204755755,0.9896551724137931
clock__04,device,clock,after_remainder_attachment_before_filter,13,2,1,1,0.13333333333333333,0.13333333333333333,0,0.17329657014262764,0.17329657014262764,0.5139187204755755,0.9896551724137931
clock__04,device,clock,final_hpid,13,2,1,1,0.13333333333333333,0.13333333333333333,0,0.17329657014262764,0.17329657014262764,0.5139187204755755,0.9896551724137931
clock__04,device,clock,final_dbscan,14,2,0,0,0.0,0.0,0,0.0644690142151776,0.05572739784968874,0.43116186903982595,1.0
crate__01,container,crate,input_pool,5,3,0,0,0.0,0.0,0,0.10613760710547393,0.036409715949011344,0.036585980837115485,0.13343611374650632
crate__01,container,crate,after_same_source_dedup,5,3,0,0,0.0,0.0,0,0.10613760710547393,0.036409715949011344,0.036585980837115485,0.13343611374650632
crate__01,container,crate,after_instance_cap,5,3,0,0,0.0,0.0,0,0.10613760710547393,0.036409715949011344,0.036585980837115485,0.13343611374650632
crate__01,container,crate,after_hierarchy_duplicate_filter,5,3,0,0,0.0,0.0,0,0.10613760710547393,0.036409715949011344,0.036585980837115485,0.13343611374650632
crate__01,container,crate,diagnostic_consensus_argmax,0,3,0,0,0.0,0.0,0,0.0,0.0,0.0,0.0
crate__01,container,crate,diagnostic_parent_support_argmax,0,3,0,0,0.0,0.0,0,0.0,0.0,0.0,0.0
crate__01,container,crate,diagnostic_parent_residual_argmax,1,3,0,0,0.0,0.0,0,0.022901999859221728,0.0,0.0,0.02524680120003077
crate__01,container,crate,diagnostic_specificity_argmax,2,3,0,0,0.0,0.0,0,0.022901999859221728,0.0,0.0,0.028071659957092914
crate__01,container,crate,actual_semantic_argmax,3,3,0,0,0.0,0.0,0,0.07885340478171153,0.009125513625248936,0.009127584467977812,0.10169128268246196
crate__01,container,crate,after_direct_detail_gate,3,3,0,0,0.0,0.0,0,0.08785287540108684,0.018124984244624266,0.018129097327281896,0.11069279554176603
crate__01,container,crate,after_cleanup,3,3,0,0,0.0,0.0,0,0.08785287540108684,0.018124984244624266,0.018129097327281896,0.11069279554176603
crate__01,container,crate,after_root_restoration,3,3,0,0,0.0,0.0,0,0.08785287540108684,0.018124984244624266,0.018129097327281896,0.11069279554176603
crate__01,container,crate,identity_supported_before_remainder,3,3,0,0,0.0,0.0,0,0.08785287540108684,0.018124984244624266,0.018129097327281896,0.11069279554176603
crate__01,container,crate,identity_plus_eligible_remainder,3,3,0,0,0.0,0.0,0,0.08785287540108684,0.018124984244624266,0.018129097327281896,0.11069279554176603
crate__01,container,crate,after_remainder_attachment_before_filter,3,3,0,0,0.0,0.0,0,0.08785287540108684,0.018124984244624266,0.018129097327281896,0.11069279554176603
crate__01,container,crate,final_hpid,3,3,0,0,0.0,0.0,0,0.08785287540108684,0.018124984244624266,0.018129097327281896,0.11069279554176603
crate__01,container,crate,final_dbscan,5,3,0,0,0.0,0.0,0,0.10613760710547393,0.036409715949011344,0.036585980837115485,0.13343611374650632
crate__02,container,crate,input_pool,11,3,2,1,0.2857142857142857,0.14285714285714285,7369,0.30618249829916827,0.26626636680969656,0.6291534158710816,0.9537671211794377
crate__02,container,crate,after_same_source_dedup,11,3,2,1,0.2857142857142857,0.14285714285714285,7369,0.30618249829916827,0.26626636680969656,0.6291534158710816,0.9537671211794377
crate__02,container,crate,after_instance_cap,11,3,2,1,0.2857142857142857,0.14285714285714285,7369,0.30618249829916827,0.26626636680969656,0.6291534158710816,0.9537671211794377
crate__02,container,crate,after_hierarchy_duplicate_filter,11,3,2,1,0.2857142857142857,0.14285714285714285,7369,0.30618249829916827,0.26626636680969656,0.6291534158710816,0.9537671211794377
crate__02,container,crate,diagnostic_consensus_argmax,1,3,0,0,0.0,0.0,0,0.0041893590280687055,0.0041893590280687055,0.0041893590280687055,0.0041893590280687055
crate__02,container,crate,diagnostic_parent_support_argmax,1,3,0,0,0.0,0.0,0,0.0041893590280687055,0.0041893590280687055,0.0041893590280687055,0.0041893590280687055
crate__02,container,crate,diagnostic_parent_residual_argmax,3,3,0,0,0.0,0.0,0,0.027618757656193496,0.009076573977923925,0.0092027669795669,0.032870716145942086
crate__02,container,crate,diagnostic_specificity_argmax,5,3,1,1,0.25,0.25,0,0.2999849819100804,0.2594327817375178,0.58675126075187,0.8734950589663825
crate__02,container,crate,actual_semantic_argmax,6,3,1,1,0.2222222222222222,0.2222222222222222,0,0.29811493206612133,0.25938377188385703,0.5781004810216467,0.8839746209996703
crate__02,container,crate,after_direct_detail_gate,8,3,1,1,0.18181818181818182,0.18181818181818182,0,0.2963010996205169,0.25905451781947963,0.5722709368919977,0.8938176668463439
crate__02,container,crate,after_cleanup,6,3,1,1,0.2222222222222222,0.2222222222222222,0,0.2963286525837629,0.25908865494072475,0.5723875277745907,0.8934678941985649
crate__02,container,crate,after_root_restoration,6,3,1,1,0.2222222222222222,0.2222222222222222,0,0.2963286525837629,0.25908865494072475,0.5723875277745907,0.8934678941985649
crate__02,container,crate,identity_supported_before_remainder,7,3,1,1,0.2,0.2,0,0.2885384226097248,0.25369328986636197,0.5723875277745907,0.8934678941985649
crate__02,container,crate,identity_plus_eligible_remainder,7,3,1,1,0.2,0.2,0,0.2885384226097248,0.25369328986636197,0.5723875277745907,0.8934678941985649
crate__02,container,crate,after_remainder_attachment_before_filter,7,3,1,1,0.2,0.2,0,0.2885384226097248,0.25369328986636197,0.5723875277745907,0.8934678941985649
crate__02,container,crate,final_hpid,7,3,1,1,0.2,0.2,0,0.2885384226097248,0.25369328986636197,0.5723875277745907,0.8934678941985649
crate__02,container,crate,final_dbscan,9,3,1,1,0.16666666666666666,0.16666666666666666,0,0.28821246069057066,0.2481070191541368,0.59123832461002,0.9537671211794377
crate__03,container,crate,input_pool,15,3,1,0,0.1111111111111111,0.0,1,0.1472422048379682,0.0,0.0,0.18399232329682857
crate__03,container,crate,after_same_source_dedup,15,3,1,0,0.1111111111111111,0.0,1,0.1472422048379682,0.0,0.0,0.18399232329682857
crate__03,container,crate,after_instance_cap,15,3,1,0,0.1111111111111111,0.0,1,0.1472422048379682,0.0,0.0,0.18399232329682857
crate__03,container,crate,after_hierarchy_duplicate_filter,15,3,1,0,0.1111111111111111,0.0,1,0.1472422048379682,0.0,0.0,0.18399232329682857
crate__03,container,crate,diagnostic_consensus_argmax,3,3,0,0,0.0,0.0,0,0.013888888888888888,0.0,0.0,0.014109347442680775
crate__03,container,crate,diagnostic_parent_support_argmax,3,3,0,0,0.0,0.0,0,0.013888888888888888,0.0,0.0,0.014109347442680775
crate__03,container,crate,diagnostic_parent_residual_argmax,5,3,1,0,0.25,0.0,0,0.1451990632318501,0.0,0.0,0.164021164021164
crate__03,container,crate,diagnostic_specificity_argmax,9,3,1,0,0.16666666666666666,0.0,0,0.1463463708554798,0.0,0.0,0.17492773310016294
crate__03,container,crate,actual_semantic_argmax,10,3,1,0,0.15384615384615385,0.0,0,0.14713452917402478,0.0,0.0,0.17966967180436577
crate__03,container,crate,after_direct_detail_gate,11,3,1,0,0.14285714285714285,0.0,0,0.14713452917402478,0.0,0.0,0.17966967180436577
crate__03,container,crate,after_cleanup,11,3,1,0,0.14285714285714285,0.0,0,0.14679527902628683,0.0,0.0,0.17966967180436577
crate__03,container,crate,after_root_restoration,11,3,1,0,0.14285714285714285,0.0,0,0.14679527902628683,0.0,0.0,0.17966967180436577
crate__03,container,crate,identity_supported_before_remainder,12,3,1,0,0.13333333333333333,0.0,0,0.14713452917402478,0.0,0.0,0.17966967180436577
crate__03,container,crate,identity_plus_eligible_remainder,12,3,1,0,0.13333333333333333,0.0,0,0.14713452917402478,0.0,0.0,0.17966967180436577
crate__03,container,crate,after_remainder_attachment_before_filter,12,3,1,0,0.13333333333333333,0.0,0,0.14713452917402478,0.0,0.0,0.17966967180436577
crate__03,container,crate,final_hpid,12,3,1,0,0.13333333333333333,0.0,0,0.14713452917402478,0.0,0.0,0.17966967180436577
crate__03,container,crate,final_dbscan,15,3,1,0,0.1111111111111111,0.0,0,0.1472422048379682,0.0,0.0,0.18399232329682857
crate__04,container,crate,input_pool,13,3,0,0,0.0,0.0,852,0.09087581951447948,0.06707070707070707,0.12535958288385474,0.5898623193425901
crate__04,container,crate,after_same_source_dedup,13,3,0,0,0.0,0.0,852,0.09087581951447948,0.06707070707070707,0.12535958288385474,0.5898623193425901
crate__04,container,crate,after_instance_cap,13,3,0,0,0.0,0.0,852,0.09087581951447948,0.06707070707070707,0.12535958288385474,0.5898623193425901
crate__04,container,crate,after_hierarchy_duplicate_filter,13,3,0,0,0.0,0.0,852,0.09087581951447948,0.06707070707070707,0.12535958288385474,0.5898623193425901
crate__04,container,crate,diagnostic_consensus_argmax,6,3,0,0,0.0,0.0,0,0.01264961216417527,0.004449838187702265,0.004449838187702265,0.34798633585041355
crate__04,container,crate,diagnostic_parent_support_argmax,6,3,0,0,0.0,0.0,0,0.01264961216417527,0.004449838187702265,0.004449838187702265,0.34798633585041355
crate__04,container,crate,diagnostic_parent_residual_argmax,7,3,0,0,0.0,0.0,0,0.06083371860070889,0.004449838187702265,0.004449838187702265,0.41918374685364973
crate__04,container,crate,diagnostic_specificity_argmax,8,3,0,0,0.0,0.0,0,0.06083371860070889,0.004449838187702265,0.004449838187702265,0.4373876303487954
crate__04,container,crate,actual_semantic_argmax,8,3,0,0,0.0,0.0,0,0.06008967098166127,0.007775979863358504,0.007775979863358504,0.44098345918734266
crate__04,container,crate,after_direct_detail_gate,10,3,1,1,0.15384615384615385,0.15384615384615385,0,0.10002283895267478,0.08490650845019777,0.08490650845019777,0.5557918410973546
crate__04,container,crate,after_cleanup,10,3,1,1,0.15384615384615385,0.15384615384615385,0,0.1000439197977155,0.08490650845019777,0.08490650845019777,0.5557918410973546
crate__04,container,crate,after_root_restoration,10,3,1,1,0.15384615384615385,0.15384615384615385,0,0.1000439197977155,0.08490650845019777,0.08490650845019777,0.5557918410973546
crate__04,container,crate,identity_supported_before_remainder,12,3,0,0,0.0,0.0,0,0.07563849481113537,0.05357784969435455,0.08490650845019777,0.5557918410973546
crate__04,container,crate,identity_plus_eligible_remainder,12,3,0,0,0.0,0.0,0,0.07563849481113537,0.05357784969435455,0.08490650845019777,0.5557918410973546
crate__04,container,crate,after_remainder_attachment_before_filter,12,3,0,0,0.0,0.0,0,0.07563849481113537,0.05357784969435455,0.08490650845019777,0.5557918410973546
crate__04,container,crate,final_hpid,12,3,0,0,0.0,0.0,0,0.07563849481113537,0.05357784969435455,0.08490650845019777,0.5557918410973546
crate__04,container,crate,final_dbscan,12,3,0,0,0.0,0.0,0,0.08778291637303265,0.06707070707070707,0.10414419273642574,0.5898623193425901
cup__01,container,cup,input_pool,3,3,1,1,0.3333333333333333,0.3333333333333333,193,0.2873822422758618,0.282648047582105,0.2921678695535953,0.3304667505885564
cup__01,container,cup,after_same_source_dedup,3,3,1,1,0.3333333333333333,0.3333333333333333,193,0.2873822422758618,0.282648047582105,0.2921678695535953,0.3304667505885564
cup__01,container,cup,after_instance_cap,3,3,1,1,0.3333333333333333,0.3333333333333333,193,0.2873822422758618,0.282648047582105,0.2921678695535953,0.3304667505885564
cup__01,container,cup,after_hierarchy_duplicate_filter,3,3,1,1,0.3333333333333333,0.3333333333333333,193,0.2873822422758618,0.282648047582105,0.2921678695535953,0.3304667505885564
cup__01,container,cup,diagnostic_consensus_argmax,0,3,0,0,0.0,0.0,0,0.0,0.0,0.0,0.0
cup__01,container,cup,diagnostic_parent_support_argmax,0,3,0,0,0.0,0.0,0,0.0,0.0,0.0,0.0
cup__01,container,cup,diagnostic_parent_residual_argmax,1,3,0,0,0.0,0.0,0,0.0,0.0,0.0,0.0
cup__01,container,cup,diagnostic_specificity_argmax,3,3,0,0,0.0,0.0,0,0.044035228182546036,0.007751937984496124,0.007751937984496124,0.05185779203421545
cup__01,container,cup,actual_semantic_argmax,3,3,1,1,0.3333333333333333,0.3333333333333333,0,0.10431823768056077,0.10398289227479283,0.10398289227479283,0.15028012689427112
cup__01,container,cup,after_direct_detail_gate,3,3,1,1,0.3333333333333333,0.3333333333333333,0,0.21348892549546983,0.21316280309086064,0.21384656508954825,0.2601437997090265
cup__01,container,cup,after_cleanup,3,3,1,1,0.3333333333333333,0.3333333333333333,0,0.21562055352637846,0.21529443112176927,0.21598503074044373,0.262282265359922
cup__01,container,cup,after_root_restoration,3,3,1,1,0.3333333333333333,0.3333333333333333,0,0.21562055352637846,0.21529443112176927,0.21598503074044373,0.262282265359922
cup__01,container,cup,identity_supported_before_remainder,3,3,1,1,0.3333333333333333,0.3333333333333333,0,0.21562055352637846,0.21529443112176927,0.21598503074044373,0.262282265359922
cup__01,container,cup,identity_plus_eligible_remainder,3,3,1,1,0.3333333333333333,0.3333333333333333,0,0.21562055352637846,0.21529443112176927,0.21598503074044373,0.262282265359922
cup__01,container,cup,after_remainder_attachment_before_filter,3,3,1,1,0.3333333333333333,0.3333333333333333,0,0.21562055352637846,0.21529443112176927,0.21598503074044373,0.262282265359922
cup__01,container,cup,final_hpid,3,3,1,1,0.3333333333333333,0.3333333333333333,0,0.21562055352637846,0.21529443112176927,0.21598503074044373,0.262282265359922
cup__01,container,cup,final_dbscan,2,3,1,1,0.4,0.4,0,0.2873822422758618,0.282648047582105,0.2921678695535953,0.3296648259694706
cup__02,container,cup,input_pool,2,3,1,1,0.4,0.4,1,0.30558103098458644,0.2933979686057248,0.2996228194247996,0.3469941905288015
cup__02,container,cup,after_same_source_dedup,2,3,1,1,0.4,0.4,1,0.30558103098458644,0.2933979686057248,0.2996228194247996,0.3469941905288015
cup__02,container,cup,after_instance_cap,2,3,1,1,0.4,0.4,1,0.30558103098458644,0.2933979686057248,0.2996228194247996,0.3469941905288015
cup__02,container,cup,after_hierarchy_duplicate_filter,2,3,1,1,0.4,0.4,1,0.30558103098458644,0.2933979686057248,0.2996228194247996,0.3469941905288015
cup__02,container,cup,diagnostic_consensus_argmax,0,3,0,0,0.0,0.0,0,0.0,0.0,0.0,0.0
cup__02,container,cup,diagnostic_parent_support_argmax,0,3,0,0,0.0,0.0,0,0.0,0.0,0.0,0.0
cup__02,container,cup,diagnostic_parent_residual_argmax,1,3,0,0,0.0,0.0,0,0.0036261445018583994,0.0,0.0,0.011444921316165951
cup__02,container,cup,diagnostic_specificity_argmax,1,3,0,0,0.0,0.0,0,0.0036261445018583994,0.0,0.0,0.011444921316165951
cup__02,container,cup,actual_semantic_argmax,2,3,0,0,0.0,0.0,0,0.07869399325466658,0.07284299858557285,0.07284299858557285,0.09215630330660289
cup__02,container,cup,after_direct_detail_gate,2,3,1,1,0.4,0.4,0,0.2601771004858921,0.25443510737628383,0.25695426685525696,0.27641063309273906
cup__02,container,cup,after_cleanup,2,3,1,1,0.4,0.4,0,0.2601771004858921,0.25443510737628383,0.25695426685525696,0.27641063309273906
cup__02,container,cup,after_root_restoration,2,3,1,1,0.4,0.4,0,0.2601771004858921,0.25443510737628383,0.25695426685525696,0.27641063309273906
cup__02,container,cup,identity_supported_before_remainder,2,3,1,1,0.4,0.4,0,0.2601771004858921,0.25443510737628383,0.25695426685525696,0.27641063309273906
cup__02,container,cup,identity_plus_eligible_remainder,2,3,1,1,0.4,0.4,0,0.2601771004858921,0.25443510737628383,0.25695426685525696,0.27641063309273906
cup__02,container,cup,after_remainder_attachment_before_filter,2,3,1,1,0.4,0.4,0,0.2601771004858921,0.25443510737628383,0.25695426685525696,0.27641063309273906
cup__02,container,cup,final_hpid,2,3,1,1,0.4,0.4,0,0.2601771004858921,0.25443510737628383,0.25695426685525696,0.27641063309273906
cup__02,container,cup,final_dbscan,2,3,1,1,0.4,0.4,0,0.305582476873784,0.2933979686057248,0.2996228194247996,0.3469941905288015
cup__03,container,cup,input_pool,6,3,2,0,0.4444444444444444,0.0,13802,0.48468876840678865,0.0,0.0,0.9882640955022247
cup__03,container,cup,after_same_source_dedup,6,3,2,0,0.4444444444444444,0.0,13802,0.48468876840678865,0.0,0.0,0.9882640955022247
cup__03,container,cup,after_instance_cap,6,3,2,0,0.4444444444444444,0.0,13802,0.48468876840678865,0.0,0.0,0.9882640955022247
cup__03,container,cup,after_hierarchy_duplicate_filter,6,3,2,0,0.4444444444444444,0.0,13802,0.48468876840678865,0.0,0.0,0.9882640955022247
cup__03,container,cup,diagnostic_consensus_argmax,2,3,1,0,0.4,0.0,0,0.28010709452126786,0.0,0.0,0.9882640955022247
cup__03,container,cup,diagnostic_parent_support_argmax,2,3,1,0,0.4,0.0,0,0.28010709452126786,0.0,0.0,0.9882640955022247
cup__03,container,cup,diagnostic_parent_residual_argmax,4,3,1,0,0.2857142857142857,0.0,0,0.27071804951225026,0.0,0.0,0.9882640955022247
cup__03,container,cup,diagnostic_specificity_argmax,5,3,2,0,0.5,0.0,0,0.474999348906832,0.0,0.0,0.9882640955022247
cup__03,container,cup,actual_semantic_argmax,5,3,2,0,0.5,0.0,0,0.47187621664724927,0.0,0.0,0.9882640955022247
cup__03,container,cup,after_direct_detail_gate,5,3,2,0,0.5,0.0,0,0.47187621664724927,0.0,0.0,0.9882640955022247
cup__03,container,cup,after_cleanup,5,3,2,0,0.5,0.0,0,0.47170301148573546,0.0,0.0,0.98737489045154
cup__03,container,cup,after_root_restoration,5,3,2,0,0.5,0.0,0,0.47170301148573546,0.0,0.0,0.9882640955022247
cup__03,container,cup,identity_supported_before_remainder,5,3,2,0,0.5,0.0,0,0.47170301148573546,0.0,0.0,0.9881304413990436
cup__03,container,cup,identity_plus_eligible_remainder,5,3,2,0,0.5,0.0,0,0.47170301148573546,0.0,0.0,0.9881304413990436
cup__03,container,cup,after_remainder_attachment_before_filter,5,3,2,0,0.5,0.0,0,0.47170301148573546,0.0,0.0,0.9881304413990436
cup__03,container,cup,final_hpid,5,3,2,0,0.5,0.0,0,0.47170301148573546,0.0,0.0,0.9881304413990436
cup__03,container,cup,final_dbscan,5,3,2,0,0.5,0.0,0,0.3545744053034601,0.0,0.0,0.9882640955022247
cup__04,container,cup,input_pool,2,3,0,0,0.0,0.0,714,0.057419729393991335,0.0,0.0,0.2514153864812821
cup__04,container,cup,after_same_source_dedup,2,3,0,0,0.0,0.0,714,0.057419729393991335,0.0,0.0,0.2514153864812821
cup__04,container,cup,after_instance_cap,2,3,0,0,0.0,0.0,714,0.057419729393991335,0.0,0.0,0.2514153864812821
cup__04,container,cup,after_hierarchy_duplicate_filter,2,3,0,0,0.0,0.0,714,0.057419729393991335,0.0,0.0,0.2514153864812821
cup__04,container,cup,diagnostic_consensus_argmax,0,3,0,0,0.0,0.0,0,0.0,0.0,0.0,0.0
cup__04,container,cup,diagnostic_parent_support_argmax,0,3,0,0,0.0,0.0,0,0.0,0.0,0.0,0.0
cup__04,container,cup,diagnostic_parent_residual_argmax,1,3,0,0,0.0,0.0,0,0.009020999704229518,0.0,0.0,0.020072392234287594
cup__04,container,cup,diagnostic_specificity_argmax,1,3,0,0,0.0,0.0,0,0.009020999704229518,0.0,0.0,0.020072392234287594
cup__04,container,cup,actual_semantic_argmax,2,3,0,0,0.0,0.0,0,0.009602793539938892,0.0,0.0,0.02171767028627838
cup__04,container,cup,after_direct_detail_gate,2,3,0,0,0.0,0.0,0,0.00967533863685229,0.0,0.0,0.022211253701875617
cup__04,container,cup,after_cleanup,2,3,0,0,0.0,0.0,0,0.00967533863685229,0.0,0.0,0.022211253701875617
cup__04,container,cup,after_root_restoration,2,3,0,0,0.0,0.0,0,0.00967533863685229,0.0,0.0,0.022211253701875617
cup__04,container,cup,identity_supported_before_remainder,2,3,0,0,0.0,0.0,0,0.00967533863685229,0.0,0.0,0.022211253701875617
cup__04,container,cup,identity_plus_eligible_remainder,2,3,0,0,0.0,0.0,0,0.00967533863685229,0.0,0.0,0.022211253701875617
cup__04,container,cup,after_remainder_attachment_before_filter,2,3,0,0,0.0,0.0,0,0.00967533863685229,0.0,0.0,0.022211253701875617
cup__04,container,cup,final_hpid,2,3,0,0,0.0,0.0,0,0.00967533863685229,0.0,0.0,0.022211253701875617
cup__04,container,cup,final_dbscan,2,3,0,0,0.0,0.0,0,0.06488236721174463,0.0,0.0,0.2514153864812821
earphone__01,device,earphone,input_pool,3,4,2,2,0.5714285714285714,0.5714285714285714,226,0.27455297148693375,0.2738915958255581,0.3104127127745656,0.4585177782102717
earphone__01,device,earphone,after_same_source_dedup,3,4,2,2,0.5714285714285714,0.5714285714285714,226,0.27455297148693375,0.2738915958255581,0.3104127127745656,0.4585177782102717
earphone__01,device,earphone,after_instance_cap,3,4,2,2,0.5714285714285714,0.5714285714285714,226,0.27455297148693375,0.2738915958255581,0.3104127127745656,0.4585177782102717
earphone__01,device,earphone,after_hierarchy_duplicate_filter,3,4,2,2,0.5714285714285714,0.5714285714285714,226,0.27455297148693375,0.2738915958255581,0.3104127127745656,0.4585177782102717
earphone__01,device,earphone,diagnostic_consensus_argmax,1,4,1,1,0.4,0.4,0,0.2254798599138222,0.19216082659478886,0.21868609406952966,0.4585177782102717
earphone__01,device,earphone,diagnostic_parent_support_argmax,1,4,1,1,0.4,0.4,0,0.2254798599138222,0.19216082659478886,0.21868609406952966,0.4585177782102717
earphone__01,device,earphone,diagnostic_parent_residual_argmax,1,4,1,1,0.4,0.4,0,0.2254798599138222,0.19216082659478886,0.21868609406952966,0.4585177782102717
earphone__01,device,earphone,diagnostic_specificity_argmax,2,4,2,2,0.6666666666666666,0.6666666666666666,0,0.2526263612689394,0.2518939393939394,0.2953309131835636,0.4585177782102717
earphone__01,device,earphone,actual_semantic_argmax,2,4,2,2,0.6666666666666666,0.6666666666666666,0,0.2526263612689394,0.2518939393939394,0.2953309131835636,0.4585177782102717
earphone__01,device,earphone,after_direct_detail_gate,2,4,2,2,0.6666666666666666,0.6666666666666666,0,0.2526263612689394,0.2518939393939394,0.2953309131835636,0.4585177782102717
earphone__01,device,earphone,after_cleanup,2,4,2,2,0.6666666666666666,0.6666666666666666,0,0.2526263612689394,0.2518939393939394,0.2953309131835636,0.4585177782102717
earphone__01,device,earphone,after_root_restoration,2,4,2,2,0.6666666666666666,0.6666666666666666,0,0.2526263612689394,0.2518939393939394,0.2953309131835636,0.4585177782102717
earphone__01,device,earphone,identity_supported_before_remainder,3,4,2,2,0.5714285714285714,0.5714285714285714,0,0.2699631911057692,0.2692307692307692,0.2953309131835636,0.4585177782102717
earphone__01,device,earphone,identity_plus_eligible_remainder,3,4,2,2,0.5714285714285714,0.5714285714285714,0,0.2699631911057692,0.2692307692307692,0.2953309131835636,0.4585177782102717
earphone__01,device,earphone,after_remainder_attachment_before_filter,3,4,2,2,0.5714285714285714,0.5714285714285714,0,0.2699631911057692,0.2692307692307692,0.2953309131835636,0.4585177782102717
earphone__01,device,earphone,final_hpid,3,4,2,2,0.5714285714285714,0.5714285714285714,0,0.2699631911057692,0.2692307692307692,0.2953309131835636,0.4585177782102717
earphone__01,device,earphone,final_dbscan,3,4,2,2,0.5714285714285714,0.5714285714285714,0,0.2699631911057692,0.2692307692307692,0.2953309131835636,0.4585177782102717
earphone__02,device,earphone,input_pool,6,4,2,1,0.4,0.2,2686,0.2532867417691117,0.1352983955352328,0.32166029905803306,0.9381056636116215
earphone__02,device,earphone,after_same_source_dedup,6,4,2,1,0.4,0.2,2686,0.2532867417691117,0.1352983955352328,0.32166029905803306,0.9381056636116215
earphone__02,device,earphone,after_instance_cap,6,4,2,1,0.4,0.2,2686,0.2532867417691117,0.1352983955352328,0.32166029905803306,0.9381056636116215
earphone__02,device,earphone,after_hierarchy_duplicate_filter,6,4,2,1,0.4,0.2,2686,0.2532867417691117,0.1352983955352328,0.32166029905803306,0.9381056636116215
earphone__02,device,earphone,diagnostic_consensus_argmax,3,4,0,0,0.0,0.0,0,0.12460649999496326,0.031322602057749754,0.21136618141097424,0.9381056636116215
earphone__02,device,earphone,diagnostic_parent_support_argmax,3,4,0,0,0.0,0.0,0,0.12460649999496326,0.031322602057749754,0.21136618141097424,0.9381056636116215
earphone__02,device,earphone,diagnostic_parent_residual_argmax,3,4,0,0,0.0,0.0,0,0.12460649999496326,0.031322602057749754,0.21136618141097424,0.9381056636116215
earphone__02,device,earphone,diagnostic_specificity_argmax,3,4,0,0,0.0,0.0,0,0.14650262192348065,0.08930311968032306,0.32166029905803306,0.9381056636116215
earphone__02,device,earphone,actual_semantic_argmax,3,4,1,0,0.2857142857142857,0.0,0,0.17672679277783568,0.09017174331495162,0.32166029905803306,0.9381056636116215
earphone__02,device,earphone,after_direct_detail_gate,4,4,1,0,0.25,0.0,0,0.19326335000281428,0.09081345295465973,0.32166029905803306,0.9381056636116215
earphone__02,device,earphone,after_cleanup,4,4,1,0,0.25,0.0,0,0.19381922539711852,0.09085275483526772,0.32166029905803306,0.9381056636116215
earphone__02,device,earphone,after_root_restoration,4,4,1,0,0.25,0.0,0,0.19380607841923994,0.09083964444456247,0.32166029905803306,0.9381056636116215
earphone__02,device,earphone,identity_supported_before_remainder,5,4,2,1,0.4444444444444444,0.2222222222222222,0,0.24650361062709478,0.14405364048849303,0.32166029905803306,0.9374988674951166
earphone__02,device,earphone,identity_plus_eligible_remainder,5,4,2,1,0.4444444444444444,0.2222222222222222,0,0.24650361062709478,0.14405364048849303,0.32166029905803306,0.9374988674951166
earphone__02,device,earphone,after_remainder_attachment_before_filter,5,4,2,1,0.4444444444444444,0.2222222222222222,0,0.24650361062709478,0.14405364048849303,0.32166029905803306,0.9374988674951166
earphone__02,device,earphone,final_hpid,5,4,2,1,0.4444444444444444,0.2222222222222222,0,0.24650361062709478,0.14405364048849303,0.32166029905803306,0.9374988674951166
earphone__02,device,earphone,final_dbscan,5,4,2,1,0.4444444444444444,0.2222222222222222,0,0.2625255674149533,0.1445116689882317,0.32166029905803306,0.9381056636116215
earphone__03,device,earphone,input_pool,8,3,2,1,0.36363636363636365,0.18181818181818182,309,0.48906086686087963,0.12766714986902675,0.13601025928473762,0.943321622346139
earphone__03,device,earphone,after_same_source_dedup,8,3,2,1,0.36363636363636365,0.18181818181818182,309,0.48906086686087963,0.12766714986902675,0.13601025928473762,0.943321622346139
earphone__03,device,earphone,after_instance_cap,8,3,2,1,0.36363636363636365,0.18181818181818182,309,0.48906086686087963,0.12766714986902675,0.13601025928473762,0.943321622346139
earphone__03,device,earphone,after_hierarchy_duplicate_filter,8,3,2,1,0.36363636363636365,0.18181818181818182,309,0.48906086686087963,0.12766714986902675,0.13601025928473762,0.943321622346139
earphone__03,device,earphone,diagnostic_consensus_argmax,5,3,1,0,0.25,0.0,0,0.17988640997342595,0.009354907517445226,0.010709924995639282,0.30956674001880763
earphone__03,device,earphone,diagnostic_parent_support_argmax,5,3,1,0,0.25,0.0,0,0.17988640997342595,0.009354907517445226,0.010709924995639282,0.30956674001880763
earphone__03,device,earphone,diagnostic_parent_residual_argmax,5,3,2,0,0.5,0.0,0,0.26313773114944733,0.009354907517445226,0.010709924995639282,0.3970950846900094
earphone__03,device,earphone,diagnostic_specificity_argmax,6,3,2,0,0.4444444444444444,0.0,0,0.28967857026194593,0.10604575163398693,0.13601025928473762,0.9038309542840423
earphone__03,device,earphone,actual_semantic_argmax,6,3,2,0,0.4444444444444444,0.0,0,0.2900483701494265,0.10567632850241547,0.13601025928473762,0.9305534381493833
earphone__03,device,earphone,after_direct_detail_gate,6,3,2,0,0.4444444444444444,0.0,0,0.2896435988691555,0.1050884534996282,0.13601025928473762,0.9368328730002466
earphone__03,device,earphone,after_cleanup,6,3,2,0,0.4444444444444444,0.0,0,0.2896648284584195,0.10545794290302818,0.13608003078308054,0.9371119589936184
earphone__03,device,earphone,after_root_restoration,6,3,2,0,0.4444444444444444,0.0,0,0.2896648284584195,0.10545794290302818,0.13608003078308054,0.9371119589936184
earphone__03,device,earphone,identity_supported_before_remainder,8,3,2,1,0.36363636363636365,0.18181818181818182,0,0.48490560363009555,0.12766714986902675,0.13601025928473762,0.9369375302477612
earphone__03,device,earphone,identity_plus_eligible_remainder,8,3,2,1,0.36363636363636365,0.18181818181818182,0,0.48490560363009555,0.12766714986902675,0.13601025928473762,0.9369375302477612
earphone__03,device,earphone,after_remainder_attachment_before_filter,8,3,2,1,0.36363636363636365,0.18181818181818182,0,0.48490560363009555,0.12766714986902675,0.13601025928473762,0.9369375302477612
earphone__03,device,earphone,final_hpid,8,3,2,1,0.36363636363636365,0.18181818181818182,0,0.48490560363009555,0.12766714986902675,0.13601025928473762,0.9369375302477612
earphone__03,device,earphone,final_dbscan,7,3,2,1,0.4,0.2,0,0.48906086686087963,0.12766714986902675,0.13601025928473762,0.943321622346139
earphone__04,device,earphone,input_pool,5,3,1,0,0.25,0.0,591,0.1992958971896126,0.0,0.0,0.7754843071764174
earphone__04,device,earphone,after_same_source_dedup,5,3,1,0,0.25,0.0,591,0.1992958971896126,0.0,0.0,0.7754843071764174
earphone__04,device,earphone,after_instance_cap,5,3,1,0,0.25,0.0,591,0.1992958971896126,0.0,0.0,0.7754843071764174
earphone__04,device,earphone,after_hierarchy_duplicate_filter,5,3,1,0,0.25,0.0,591,0.1992958971896126,0.0,0.0,0.7754843071764174
earphone__04,device,earphone,diagnostic_consensus_argmax,5,3,1,0,0.25,0.0,0,0.1847191953066023,0.0,0.0,0.7754843071764174
earphone__04,device,earphone,diagnostic_parent_support_argmax,5,3,1,0,0.25,0.0,0,0.1847191953066023,0.0,0.0,0.7754843071764174
earphone__04,device,earphone,diagnostic_parent_residual_argmax,5,3,1,0,0.25,0.0,0,0.1755843008845429,0.0,0.0,0.7754843071764174
earphone__04,device,earphone,diagnostic_specificity_argmax,5,3,1,0,0.25,0.0,0,0.1755843008845429,0.0,0.0,0.7754843071764174
earphone__04,device,earphone,actual_semantic_argmax,5,3,1,0,0.25,0.0,0,0.1755843008845429,0.0,0.0,0.7754843071764174
earphone__04,device,earphone,after_direct_detail_gate,5,3,1,0,0.25,0.0,0,0.1755843008845429,0.0,0.0,0.7754843071764174
earphone__04,device,earphone,after_cleanup,5,3,1,0,0.25,0.0,0,0.17556416180503653,0.0,0.0,0.7738974253991099
earphone__04,device,earphone,after_root_restoration,5,3,1,0,0.25,0.0,0,0.17563659635799767,0.0,0.0,0.7754843071764174
earphone__04,device,earphone,identity_supported_before_remainder,5,3,1,0,0.25,0.0,0,0.17563659635799767,0.0,0.0,0.7754843071764174
earphone__04,device,earphone,identity_plus_eligible_remainder,5,3,1,0,0.25,0.0,0,0.17563659635799767,0.0,0.0,0.7754843071764174
earphone__04,device,earphone,after_remainder_attachment_before_filter,5,3,1,0,0.25,0.0,0,0.17563659635799767,0.0,0.0,0.7754843071764174
earphone__04,device,earphone,final_hpid,5,3,1,0,0.25,0.0,0,0.17563659635799767,0.0,0.0,0.7754843071764174
earphone__04,device,earphone,final_dbscan,5,3,1,0,0.25,0.0,0,0.1755843008845429,0.0,0.0,0.7754843071764174
fan__01,device,fan,input_pool,12,5,4,2,0.47058823529411764,0.23529411764705882,7827,0.5485874587435188,0.2501213085874117,0.30594569632603025,0.9583790464870438
fan__01,device,fan,after_same_source_dedup,12,5,4,2,0.47058823529411764,0.23529411764705882,7827,0.5485874587435188,0.2501213085874117,0.30594569632603025,0.9583790464870438
fan__01,device,fan,after_instance_cap,12,5,4,2,0.47058823529411764,0.23529411764705882,7827,0.5485874587435188,0.2501213085874117,0.30594569632603025,0.9583790464870438
fan__01,device,fan,after_hierarchy_duplicate_filter,12,5,4,2,0.47058823529411764,0.23529411764705882,7827,0.5485874587435188,0.2501213085874117,0.30594569632603025,0.9583790464870438
fan__01,device,fan,diagnostic_consensus_argmax,4,5,1,0,0.2222222222222222,0.0,0,0.20752673235905156,0.08268702963165346,0.08540639361448141,0.26264470344253
fan__01,device,fan,diagnostic_parent_support_argmax,4,5,1,0,0.2222222222222222,0.0,0,0.20752673235905156,0.08268702963165346,0.08540639361448141,0.26264470344253
fan__01,device,fan,diagnostic_parent_residual_argmax,4,5,1,0,0.2222222222222222,0.0,0,0.20752673235905156,0.08268702963165346,0.08540639361448141,0.26264470344253
fan__01,device,fan,diagnostic_specificity_argmax,4,5,3,1,0.6666666666666666,0.2222222222222222,0,0.37105204875077247,0.2240980725764387,0.233399973068735,0.43832556170813464
fan__01,device,fan,actual_semantic_argmax,4,5,3,1,0.6666666666666666,0.2222222222222222,0,0.39200751434291625,0.22893458825573854,0.23834078624423682,0.47437601770190624
fan__01,device,fan,after_direct_detail_gate,4,5,3,2,0.6666666666666666,0.4444444444444444,0,0.45444611663497414,0.26102625259116663,0.2921750631356419,0.6153686473083613
fan__01,device,fan,after_cleanup,4,5,3,2,0.6666666666666666,0.4444444444444444,0,0.4539014125246273,0.2609473942198144,0.29232946354737627,0.6150563032626861
fan__01,device,fan,after_root_restoration,4,5,3,2,0.6666666666666666,0.4444444444444444,0,0.4539014125246273,0.2609473942198144,0.29232946354737627,0.6150563032626861
fan__01,device,fan,identity_supported_before_remainder,6,5,3,2,0.5454545454545454,0.36363636363636365,0,0.4221267577544025,0.22569534759526277,0.29232946354737627,0.6150563032626861
fan__01,device,fan,identity_plus_eligible_remainder,6,5,3,2,0.5454545454545454,0.36363636363636365,0,0.4221267577544025,0.22569534759526277,0.29232946354737627,0.6150563032626861
fan__01,device,fan,after_remainder_attachment_before_filter,6,5,3,2,0.5454545454545454,0.36363636363636365,0,0.4221267577544025,0.22569534759526277,0.29232946354737627,0.6150563032626861
fan__01,device,fan,final_hpid,6,5,3,2,0.5454545454545454,0.36363636363636365,0,0.4221267577544025,0.22569534759526277,0.29232946354737627,0.6150563032626861
fan__01,device,fan,final_dbscan,7,5,3,2,0.5,0.3333333333333333,0,0.45646402779897777,0.14509111303526448,0.30522516107126957,0.9580427406505161
fan__02,device,fan,input_pool,10,5,3,2,0.4,0.26666666666666666,771,0.39588755983671214,0.2980248862960373,0.35666143108309367,0.8168794421654058
fan__02,device,fan,after_same_source_dedup,10,5,3,2,0.4,0.26666666666666666,771,0.39588755983671214,0.2980248862960373,0.35666143108309367,0.8168794421654058
fan__02,device,fan,after_instance_cap,10,5,3,2,0.4,0.26666666666666666,771,0.39588755983671214,0.2980248862960373,0.35666143108309367,0.8168794421654058
fan__02,device,fan,after_hierarchy_duplicate_filter,10,5,3,2,0.4,0.26666666666666666,771,0.39588755983671214,0.2980248862960373,0.35666143108309367,0.8168794421654058
fan__02,device,fan,diagnostic_consensus_argmax,2,5,2,2,0.5714285714285714,0.5714285714285714,0,0.21376681911579504,0.21376681911579504,0.21494762647648763,0.21494762647648763
fan__02,device,fan,diagnostic_parent_support_argmax,2,5,2,2,0.5714285714285714,0.5714285714285714,0,0.21376681911579504,0.21376681911579504,0.21494762647648763,0.21494762647648763
fan__02,device,fan,diagnostic_parent_residual_argmax,2,5,2,2,0.5714285714285714,0.5714285714285714,0,0.21376681911579504,0.21376681911579504,0.21494762647648763,0.21494762647648763
fan__02,device,fan,diagnostic_specificity_argmax,2,5,2,2,0.5714285714285714,0.5714285714285714,0,0.22404719294757075,0.22404719294757075,0.22524403833296186,0.22524403833296186
fan__02,device,fan,actual_semantic_argmax,3,5,2,2,0.5,0.5,0,0.25873471281533095,0.25873471281533095,0.2599432222186847,0.2599432222186847
fan__02,device,fan,after_direct_detail_gate,3,5,3,3,0.75,0.75,0,0.21321777864258684,0.2009523597916562,0.2891277093260601,0.3325860568694542
fan__02,device,fan,after_cleanup,3,5,3,3,0.75,0.75,0,0.21425081943241575,0.20534144923272296,0.2894397218065593,0.3259690661351786
fan__02,device,fan,after_root_restoration,3,5,3,3,0.75,0.75,0,0.21425081943241575,0.20534144923272296,0.2894397218065593,0.3259690661351786
fan__02,device,fan,identity_supported_before_remainder,7,5,2,2,0.3333333333333333,0.3333333333333333,0,0.2443594862008905,0.23367808656921465,0.2891277093260601,0.32475002417622134
fan__02,device,fan,identity_plus_eligible_remainder,7,5,2,2,0.3333333333333333,0.3333333333333333,0,0.2443594862008905,0.23367808656921465,0.2891277093260601,0.32475002417622134
fan__02,device,fan,after_remainder_attachment_before_filter,7,5,2,2,0.3333333333333333,0.3333333333333333,0,0.2443594862008905,0.23367808656921465,0.2891277093260601,0.32475002417622134
fan__02,device,fan,final_hpid,7,5,2,2,0.3333333333333333,0.3333333333333333,0,0.2443594862008905,0.23367808656921465,0.2891277093260601,0.32475002417622134
fan__02,device,fan,final_dbscan,7,5,3,2,0.5,0.3333333333333333,0,0.3836006697859395,0.29615281141304195,0.3543213374793495,0.8164114234446569
fan__03,device,fan,input_pool,9,5,3,1,0.42857142857142855,0.14285714285714285,2005,0.504470161086143,0.12656434474616293,0.1506172839506173,0.7133810188496981
fan__03,device,fan,after_same_source_dedup,9,5,3,1,0.42857142857142855,0.14285714285714285,2005,0.504470161086143,0.12656434474616293,0.1506172839506173,0.7133810188496981
fan__03,device,fan,after_instance_cap,9,5,3,1,0.42857142857142855,0.14285714285714285,2005,0.504470161086143,0.12656434474616293,0.1506172839506173,0.7133810188496981
fan__03,device,fan,after_hierarchy_duplicate_filter,9,5,3,1,0.42857142857142855,0.14285714285714285,2005,0.504470161086143,0.12656434474616293,0.1506172839506173,0.7133810188496981
fan__03,device,fan,diagnostic_consensus_argmax,1,5,1,1,0.3333333333333333,0.3333333333333333,0,0.06585695006747638,0.06585695006747638,0.06694101508916324,0.06694101508916324
fan__03,device,fan,diagnostic_parent_support_argmax,1,5,1,1,0.3333333333333333,0.3333333333333333,0,0.06585695006747638,0.06585695006747638,0.06694101508916324,0.06694101508916324
fan__03,device,fan,diagnostic_parent_residual_argmax,1,5,1,1,0.3333333333333333,0.3333333333333333,0,0.06585695006747638,0.06585695006747638,0.06694101508916324,0.06694101508916324
fan__03,device,fan,diagnostic_specificity_argmax,1,5,1,0,0.3333333333333333,0.0,0,0.16558472613663672,0.04098883572567783,0.07050754458161865,0.4376996266930556
fan__03,device,fan,actual_semantic_argmax,1,5,1,1,0.3333333333333333,0.3333333333333333,0,0.16812323319845937,0.05869218500797448,0.10096021947873798,0.46815230159017496
fan__03,device,fan,after_direct_detail_gate,1,5,1,1,0.3333333333333333,0.3333333333333333,0,0.17765867548778747,0.08426877470355731,0.14622770919067216,0.527212894750385
fan__03,device,fan,after_cleanup,1,5,1,1,0.3333333333333333,0.3333333333333333,0,0.1773874194487457,0.08434303697875688,0.14705075445816188,0.5301864776522833
fan__03,device,fan,after_root_restoration,1,5,1,1,0.3333333333333333,0.3333333333333333,0,0.1773874194487457,0.08434303697875688,0.14705075445816188,0.5301864776522833
fan__03,device,fan,identity_supported_before_remainder,3,5,3,1,0.75,0.25,0,0.4854188456295027,0.13909574468085106,0.14705075445816188,0.5280359400178747
fan__03,device,fan,identity_plus_eligible_remainder,3,5,3,1,0.75,0.25,0,0.4854188456295027,0.13909574468085106,0.14705075445816188,0.5280359400178747
fan__03,device,fan,after_remainder_attachment_before_filter,3,5,3,1,0.75,0.25,0,0.4854188456295027,0.13909574468085106,0.14705075445816188,0.5280359400178747
fan__03,device,fan,final_hpid,3,5,3,1,0.75,0.25,0,0.4854188456295027,0.13909574468085106,0.14705075445816188,0.5280359400178747
fan__03,device,fan,final_dbscan,5,5,3,1,0.6,0.2,0,0.4713840772095453,0.09347826086956522,0.09794238683127572,0.6478276147472889
fan__04,device,fan,input_pool,4,5,2,0,0.4444444444444444,0.0,99,0.25998967975153303,0.022699386503067485,0.023700623700623702,0.2739941356450791
fan__04,device,fan,after_same_source_dedup,4,5,2,0,0.4444444444444444,0.0,99,0.25998967975153303,0.022699386503067485,0.023700623700623702,0.2739941356450791
fan__04,device,fan,after_instance_cap,4,5,2,0,0.4444444444444444,0.0,99,0.25998967975153303,0.022699386503067485,0.023700623700623702,0.2739941356450791
fan__04,device,fan,after_hierarchy_duplicate_filter,4,5,2,0,0.4444444444444444,0.0,99,0.25998967975153303,0.022699386503067485,0.023700623700623702,0.2739941356450791
fan__04,device,fan,diagnostic_consensus_argmax,2,5,0,0,0.0,0.0,0,0.030164409460971563,0.021881390593047036,0.022245322245322247,0.03502834111324678
fan__04,device,fan,diagnostic_parent_support_argmax,2,5,0,0,0.0,0.0,0,0.030164409460971563,0.021881390593047036,0.022245322245322247,0.03502834111324678
fan__04,device,fan,diagnostic_parent_residual_argmax,2,5,0,0,0.0,0.0,0,0.030164409460971563,0.021881390593047036,0.022245322245322247,0.03502834111324678
fan__04,device,fan,diagnostic_specificity_argmax,2,5,0,0,0.0,0.0,0,0.03092358184158025,0.022699386503067485,0.023076923076923078,0.03585994194484761
fan__04,device,fan,actual_semantic_argmax,2,5,0,0,0.0,0.0,0,0.038789846446614616,0.02331288343558282,0.023700623700623702,0.04775722747420861
fan__04,device,fan,after_direct_detail_gate,2,5,1,0,0.2857142857142857,0.0,0,0.159511641199558,0.02331288343558282,0.023700623700623702,0.2739941356450791
fan__04,device,fan,after_cleanup,2,5,1,0,0.2857142857142857,0.0,0,0.159511641199558,0.02331288343558282,0.023700623700623702,0.2739941356450791
fan__04,device,fan,after_root_restoration,2,5,1,0,0.2857142857142857,0.0,0,0.159511641199558,0.02331288343558282,0.023700623700623702,0.2739941356450791
fan__04,device,fan,identity_supported_before_remainder,3,5,2,0,0.5,0.0,0,0.26060317668404837,0.02331288343558282,0.023700623700623702,0.2739941356450791
fan__04,device,fan,identity_plus_eligible_remainder,3,5,2,0,0.5,0.0,0,0.26060317668404837,0.02331288343558282,0.023700623700623702,0.2739941356450791
fan__04,device,fan,after_remainder_attachment_before_filter,3,5,2,0,0.5,0.0,0,0.26060317668404837,0.02331288343558282,0.023700623700623702,0.2739941356450791
fan__04,device,fan,final_hpid,3,5,2,0,0.5,0.0,0,0.26060317668404837,0.02331288343558282,0.023700623700623702,0.2739941356450791
fan__04,device,fan,final_dbscan,3,5,2,0,0.5,0.0,0,0.25667173654743464,0.019381443298969073,0.019542619542619544,0.26983613148707486
glass_drink_container__01,container,glass_(drink_container),input_pool,5,5,2,0,0.4,0.0,5964,0.38255952606995086,0.07266134615943495,0.39451156219779043,0.9748783494048539
glass_drink_container__01,container,glass_(drink_container),after_same_source_dedup,5,5,2,0,0.4,0.0,5964,0.38255952606995086,0.07266134615943495,0.39451156219779043,0.9748783494048539
glass_drink_container__01,container,glass_(drink_container),after_instance_cap,5,5,2,0,0.4,0.0,5964,0.38255952606995086,0.07266134615943495,0.39451156219779043,0.9748783494048539
glass_drink_container__01,container,glass_(drink_container),after_hierarchy_duplicate_filter,5,5,2,0,0.4,0.0,5964,0.38255952606995086,0.07266134615943495,0.39451156219779043,0.9748783494048539
glass_drink_container__01,container,glass_(drink_container),diagnostic_consensus_argmax,1,5,1,0,0.3333333333333333,0.0,0,0.19786174327359227,0.03033689924956091,0.19387755102040816,0.9748783494048539
glass_drink_container__01,container,glass_(drink_container),diagnostic_parent_support_argmax,1,5,1,0,0.3333333333333333,0.0,0,0.19786174327359227,0.03033689924956091,0.19387755102040816,0.9748783494048539
glass_drink_container__01,container,glass_(drink_container),diagnostic_parent_residual_argmax,2,5,2,0,0.5714285714285714,0.0,0,0.2872246999542983,0.04972520282648522,0.19387755102040816,0.9748783494048539
glass_drink_container__01,container,glass_(drink_container),diagnostic_specificity_argmax,3,5,2,0,0.5,0.0,0,0.34716212425448456,0.059226742645109985,0.24607858096509633,0.9748783494048539
glass_drink_container__01,container,glass_(drink_container),actual_semantic_argmax,4,5,2,0,0.4444444444444444,0.0,0,0.35404066605604523,0.06471260445604446,0.2504336898428183,0.9748783494048539
glass_drink_container__01,container,glass_(drink_container),after_direct_detail_gate,4,5,2,0,0.4444444444444444,0.0,0,0.36182207284683254,0.07067519959120404,0.2551238070957496,0.9748783494048539
glass_drink_container__01,container,glass_(drink_container),after_cleanup,4,5,2,0,0.4444444444444444,0.0,0,0.35769583863451554,0.0714843325007406,0.2551238070957496,0.969385934057087
glass_drink_container__01,container,glass_(drink_container),after_root_restoration,4,5,2,0,0.4444444444444444,0.0,0,0.3591695546301582,0.0709101452888847,0.2551238070957496,0.9748783494048539
glass_drink_container__01,container,glass_(drink_container),identity_supported_before_remainder,4,5,2,0,0.4444444444444444,0.0,0,0.3594327786334921,0.0709101452888847,0.2551238070957496,0.9732033075288069
glass_drink_container__01,container,glass_(drink_container),identity_plus_eligible_remainder,4,5,2,0,0.4444444444444444,0.0,0,0.3594327786334921,0.0709101452888847,0.2551238070957496,0.9732033075288069
glass_drink_container__01,container,glass_(drink_container),after_remainder_attachment_before_filter,4,5,2,0,0.4444444444444444,0.0,0,0.3594327786334921,0.0709101452888847,0.2551238070957496,0.9732033075288069
glass_drink_container__01,container,glass_(drink_container),final_hpid,4,5,2,0,0.4444444444444444,0.0,0,0.3594327786334921,0.0709101452888847,0.2551238070957496,0.9732033075288069
glass_drink_container__01,container,glass_(drink_container),final_dbscan,3,5,2,0,0.5,0.0,0,0.365298652362406,0.06315959883983523,0.24607858096509633,0.9748783494048539
glass_drink_container__02,container,glass_(drink_container),input_pool,4,5,2,1,0.4444444444444444,0.2222222222222222,4867,0.28762174549054037,0.06913178042026388,0.188706091596265,0.8935228518527996
glass_drink_container__02,container,glass_(drink_container),after_same_source_dedup,4,5,2,1,0.4444444444444444,0.2222222222222222,4867,0.28762174549054037,0.06913178042026388,0.188706091596265,0.8935228518527996
glass_drink_container__02,container,glass_(drink_container),after_instance_cap,4,5,2,1,0.4444444444444444,0.2222222222222222,4867,0.28762174549054037,0.06913178042026388,0.188706091596265,0.8935228518527996
glass_drink_container__02,container,glass_(drink_container),after_hierarchy_duplicate_filter,4,5,2,1,0.4444444444444444,0.2222222222222222,4867,0.28762174549054037,0.06913178042026388,0.188706091596265,0.8935228518527996
glass_drink_container__02,container,glass_(drink_container),diagnostic_consensus_argmax,1,5,1,1,0.3333333333333333,0.3333333333333333,0,0.19643416819368456,0.06913178042026388,0.188706091596265,0.8935228518527996
glass_drink_container__02,container,glass_(drink_container),diagnostic_parent_support_argmax,1,5,1,1,0.3333333333333333,0.3333333333333333,0,0.19643416819368456,0.06913178042026388,0.188706091596265,0.8935228518527996
glass_drink_container__02,container,glass_(drink_container),diagnostic_parent_residual_argmax,3,5,2,0,0.5,0.0,0,0.28846213775206386,0.04054682955206516,0.0640284570920409,0.8935228518527996
glass_drink_container__02,container,glass_(drink_container),diagnostic_specificity_argmax,4,5,2,0,0.4444444444444444,0.0,0,0.28640482695118213,0.04054682955206516,0.0640284570920409,0.8935228518527996
glass_drink_container__02,container,glass_(drink_container),actual_semantic_argmax,4,5,2,0,0.4444444444444444,0.0,0,0.28830122209774434,0.03920047732696898,0.061004891062694536,0.8935228518527996
glass_drink_container__02,container,glass_(drink_container),after_direct_detail_gate,4,5,2,0,0.4444444444444444,0.0,0,0.29027770305885253,0.03798473282442748,0.05842596709648733,0.8935228518527996
glass_drink_container__02,container,glass_(drink_container),after_cleanup,4,5,2,0,0.4444444444444444,0.0,0,0.29027770305885253,0.03798473282442748,0.05842596709648733,0.8935228518527996
glass_drink_container__02,container,glass_(drink_container),after_root_restoration,4,5,2,0,0.4444444444444444,0.0,0,0.29027770305885253,0.03798473282442748,0.05842596709648733,0.8935228518527996
glass_drink_container__02,container,glass_(drink_container),identity_supported_before_remainder,4,5,2,0,0.4444444444444444,0.0,0,0.29027770305885253,0.03798473282442748,0.05842596709648733,0.8935228518527996
glass_drink_container__02,container,glass_(drink_container),identity_plus_eligible_remainder,4,5,2,0,0.4444444444444444,0.0,0,0.29027770305885253,0.03798473282442748,0.05842596709648733,0.8935228518527996
glass_drink_container__02,container,glass_(drink_container),after_remainder_attachment_before_filter,4,5,2,0,0.4444444444444444,0.0,0,0.29027770305885253,0.03798473282442748,0.05842596709648733,0.8935228518527996
glass_drink_container__02,container,glass_(drink_container),final_hpid,4,5,2,0,0.4444444444444444,0.0,0,0.29027770305885253,0.03798473282442748,0.05842596709648733,0.8935228518527996
glass_drink_container__02,container,glass_(drink_container),final_dbscan,3,5,2,0,0.5,0.0,0,0.29317824325994396,0.03655284552845529,0.05495775900400178,0.8935228518527996
glass_drink_container__03,container,glass_(drink_container),input_pool,4,4,2,2,0.5,0.5,17445,0.3855950385544401,0.3633304006031509,0.45665500943860626,0.7576722920080087
glass_drink_container__03,container,glass_(drink_container),after_same_source_dedup,4,4,2,2,0.5,0.5,17445,0.3855950385544401,0.3633304006031509,0.45665500943860626,0.7576722920080087
glass_drink_container__03,container,glass_(drink_container),after_instance_cap,4,4,2,2,0.5,0.5,17445,0.3855950385544401,0.3633304006031509,0.45665500943860626,0.7576722920080087
glass_drink_container__03,container,glass_(drink_container),after_hierarchy_duplicate_filter,4,4,2,2,0.5,0.5,17445,0.3855950385544401,0.3633304006031509,0.45665500943860626,0.7576722920080087
glass_drink_container__03,container,glass_(drink_container),diagnostic_consensus_argmax,1,4,1,1,0.4,0.4,0,0.24349704900811012,0.1740593768371546,0.24789634529241847,0.7576722920080087
glass_drink_container__03,container,glass_(drink_container),diagnostic_parent_support_argmax,1,4,1,1,0.4,0.4,0,0.24349704900811012,0.1740593768371546,0.24789634529241847,0.7576722920080087
glass_drink_container__03,container,glass_(drink_container),diagnostic_parent_residual_argmax,3,4,1,1,0.2857142857142857,0.2857142857142857,0,0.2056089162258394,0.11600735294117646,0.16512119562942187,0.7576722920080087
glass_drink_container__03,container,glass_(drink_container),diagnostic_specificity_argmax,3,4,1,1,0.2857142857142857,0.2857142857142857,0,0.2037105932044611,0.11252941176470588,0.16017080420312305,0.7576722920080087
glass_drink_container__03,container,glass_(drink_container),actual_semantic_argmax,3,4,1,1,0.2857142857142857,0.2857142857142857,0,0.20316338130751882,0.11150735294117647,0.15871603801230794,0.7576722920080087
glass_drink_container__03,container,glass_(drink_container),after_direct_detail_gate,4,4,2,2,0.5,0.5,0,0.21671984333380115,0.18428450647051242,0.22519585691599986,0.7576722920080087
glass_drink_container__03,container,glass_(drink_container),after_cleanup,4,4,2,2,0.5,0.5,0,0.21671984333380115,0.18428450647051242,0.22519585691599986,0.7576722920080087
glass_drink_container__03,container,glass_(drink_container),after_root_restoration,4,4,2,2,0.5,0.5,0,0.21671984333380115,0.18428450647051242,0.22519585691599986,0.7576722920080087
glass_drink_container__03,container,glass_(drink_container),identity_supported_before_remainder,4,4,2,2,0.5,0.5,0,0.21671984333380115,0.18428450647051242,0.22519585691599986,0.7576722920080087
glass_drink_container__03,container,glass_(drink_container),identity_plus_eligible_remainder,4,4,2,2,0.5,0.5,0,0.21671984333380115,0.18428450647051242,0.22519585691599986,0.7576722920080087
glass_drink_container__03,container,glass_(drink_container),after_remainder_attachment_before_filter,4,4,2,2,0.5,0.5,0,0.21671984333380115,0.18428450647051242,0.22519585691599986,0.7576722920080087
glass_drink_container__03,container,glass_(drink_container),final_hpid,4,4,2,2,0.5,0.5,0,0.21671984333380115,0.18428450647051242,0.22519585691599986,0.7576722920080087
glass_drink_container__03,container,glass_(drink_container),final_dbscan,4,4,2,2,0.5,0.5,0,0.3581951066326472,0.31646995362013397,0.3540573621827767,0.7576722920080087
glass_drink_container__04,container,glass_(drink_container),input_pool,7,4,2,1,0.36363636363636365,0.18181818181818182,18842,0.32354544835498267,0.15754800353498835,0.2480080940938409,0.9464306276187451
glass_drink_container__04,container,glass_(drink_container),after_same_source_dedup,7,4,2,1,0.36363636363636365,0.18181818181818182,18842,0.32354544835498267,0.15754800353498835,0.2480080940938409,0.9464306276187451
glass_drink_container__04,container,glass_(drink_container),after_instance_cap,7,4,2,1,0.36363636363636365,0.18181818181818182,18842,0.32354544835498267,0.15754800353498835,0.2480080940938409,0.9464306276187451
glass_drink_container__04,container,glass_(drink_container),after_hierarchy_duplicate_filter,7,4,2,1,0.36363636363636365,0.18181818181818182,18842,0.32354544835498267,0.15754800353498835,0.2480080940938409,0.9464306276187451
glass_drink_container__04,container,glass_(drink_container),diagnostic_consensus_argmax,2,4,1,1,0.3333333333333333,0.3333333333333333,0,0.26783339459775357,0.1587725690227512,0.2480080940938409,0.9464306276187451
glass_drink_container__04,container,glass_(drink_container),diagnostic_parent_support_argmax,1,4,1,1,0.4,0.4,0,0.2455274077852123,0.15754800353498835,0.2480080940938409,0.9464306276187451
glass_drink_container__04,container,glass_(drink_container),diagnostic_parent_residual_argmax,3,4,2,1,0.5714285714285714,0.2857142857142857,0,0.2311125116869292,0.10630507633114063,0.22606551157202479,0.9464306276187451
glass_drink_container__04,container,glass_(drink_container),diagnostic_specificity_argmax,4,4,3,1,0.75,0.25,0,0.2743601377749519,0.10630507633114063,0.16200834703427344,0.9464306276187451
glass_drink_container__04,container,glass_(drink_container),actual_semantic_argmax,4,4,3,1,0.75,0.25,0,0.28164550120046894,0.11140024783147459,0.16181864170987734,0.9464306276187451
glass_drink_container__04,container,glass_(drink_container),after_direct_detail_gate,4,4,3,1,0.75,0.25,0,0.290000160442556,0.11679668152550768,0.16507524977867713,0.9464306276187451
glass_drink_container__04,container,glass_(drink_container),after_cleanup,3,4,3,1,0.8571428571428571,0.2857142857142857,0,0.2905762031170736,0.11735388806339772,0.16564436575186545,0.9464306276187451
glass_drink_container__04,container,glass_(drink_container),after_root_restoration,3,4,3,1,0.8571428571428571,0.2857142857142857,0,0.29055736698044604,0.11735388806339772,0.16564436575186545,0.9464306276187451
glass_drink_container__04,container,glass_(drink_container),identity_supported_before_remainder,4,4,3,1,0.75,0.25,0,0.3316116900093896,0.11735388806339772,0.16564436575186545,0.9464306276187451
glass_drink_container__04,container,glass_(drink_container),identity_plus_eligible_remainder,4,4,3,1,0.75,0.25,0,0.3316116900093896,0.11735388806339772,0.16564436575186545,0.9464306276187451
glass_drink_container__04,container,glass_(drink_container),after_remainder_attachment_before_filter,4,4,3,1,0.75,0.25,0,0.3316116900093896,0.11735388806339772,0.16564436575186545,0.9464306276187451
glass_drink_container__04,container,glass_(drink_container),final_hpid,4,4,3,1,0.75,0.25,0,0.3316116900093896,0.11735388806339772,0.16564436575186545,0.9464306276187451
glass_drink_container__04,container,glass_(drink_container),final_dbscan,5,4,2,1,0.4444444444444444,0.2222222222222222,0,0.3743596909150395,0.15109664555477365,0.1969141267231567,0.9464306276187451
guitar__01,tool_prop,guitar,input_pool,7,8,3,1,0.4,0.13333333333333333,14304,0.3053264758402259,0.07928618894672722,0.1238721758046176,0.8525045391025885
guitar__01,tool_prop,guitar,after_same_source_dedup,7,8,3,1,0.4,0.13333333333333333,14304,0.3053264758402259,0.07928618894672722,0.1238721758046176,0.8525045391025885
guitar__01,tool_prop,guitar,after_instance_cap,7,8,3,1,0.4,0.13333333333333333,14304,0.3053264758402259,0.07928618894672722,0.1238721758046176,0.8525045391025885
guitar__01,tool_prop,guitar,after_hierarchy_duplicate_filter,7,8,3,1,0.4,0.13333333333333333,14304,0.3053264758402259,0.07928618894672722,0.1238721758046176,0.8525045391025885
guitar__01,tool_prop,guitar,diagnostic_consensus_argmax,5,8,2,1,0.3076923076923077,0.15384615384615385,0,0.21793613930650305,0.08110112998943175,0.12330362881297276,0.8525045391025885
guitar__01,tool_prop,guitar,diagnostic_parent_support_argmax,5,8,2,1,0.3076923076923077,0.15384615384615385,0,0.21793613930650305,0.08110112998943175,0.12330362881297276,0.8525045391025885
guitar__01,tool_prop,guitar,diagnostic_parent_residual_argmax,5,8,2,1,0.3076923076923077,0.15384615384615385,0,0.20554189511416082,0.06513617886178862,0.09902296435457557,0.8525045391025885
guitar__01,tool_prop,guitar,diagnostic_specificity_argmax,5,8,2,1,0.3076923076923077,0.15384615384615385,0,0.2030567246882455,0.06599887738761494,0.09882211894991842,0.8525045391025885
guitar__01,tool_prop,guitar,actual_semantic_argmax,5,8,3,1,0.46153846153846156,0.15384615384615385,0,0.24401980439762327,0.06600434010322408,0.09736676224847976,0.8525045391025885
guitar__01,tool_prop,guitar,after_direct_detail_gate,5,8,3,1,0.46153846153846156,0.15384615384615385,0,0.2542273923889523,0.06625996769960633,0.09736058238987493,0.8525045391025885
guitar__01,tool_prop,guitar,after_cleanup,5,8,3,1,0.46153846153846156,0.15384615384615385,0,0.25422543201177306,0.06627732803743036,0.09734513274336283,0.8524308415530009
guitar__01,tool_prop,guitar,after_root_restoration,5,8,3,1,0.46153846153846156,0.15384615384615385,0,0.2542273923889523,0.06625996769960633,0.09736058238987493,0.8525045391025885
guitar__01,tool_prop,guitar,identity_supported_before_remainder,6,8,3,1,0.42857142857142855,0.14285714285714285,0,0.2754490778180576,0.06625996769960633,0.09736058238987493,0.8525045391025885
guitar__01,tool_prop,guitar,identity_plus_eligible_remainder,6,8,3,1,0.42857142857142855,0.14285714285714285,0,0.2754490778180576,0.06625996769960633,0.09736058238987493,0.8525045391025885
guitar__01,tool_prop,guitar,after_remainder_attachment_before_filter,6,8,3,1,0.42857142857142855,0.14285714285714285,0,0.2754490778180576,0.06625996769960633,0.09736058238987493,0.8525045391025885
guitar__01,tool_prop,guitar,final_hpid,6,8,3,1,0.42857142857142855,0.14285714285714285,0,0.2754490778180576,0.06625996769960633,0.09736058238987493,0.8525045391025885
guitar__01,tool_prop,guitar,final_dbscan,6,8,3,1,0.42857142857142855,0.14285714285714285,0,0.29386870936868653,0.06471266120968698,0.09439116033025165,0.8525045391025885
guitar__02,tool_prop,guitar,input_pool,5,8,3,2,0.46153846153846156,0.3076923076923077,7673,0.20214363763611673,0.11185535308248654,0.17175111233862622,0.7692891767277332
guitar__02,tool_prop,guitar,after_same_source_dedup,5,8,3,2,0.46153846153846156,0.3076923076923077,7673,0.20214363763611673,0.11185535308248654,0.17175111233862622,0.7692891767277332
guitar__02,tool_prop,guitar,after_instance_cap,5,8,3,2,0.46153846153846156,0.3076923076923077,7673,0.20214363763611673,0.11185535308248654,0.17175111233862622,0.7692891767277332
guitar__02,tool_prop,guitar,after_hierarchy_duplicate_filter,5,8,3,2,0.46153846153846156,0.3076923076923077,7673,0.20214363763611673,0.11185535308248654,0.17175111233862622,0.7692891767277332
guitar__02,tool_prop,guitar,diagnostic_consensus_argmax,1,8,1,1,0.2222222222222222,0.2222222222222222,0,0.1215906349108905,0.06212625091530388,0.12196034978437949,0.7692891767277332
guitar__02,tool_prop,guitar,diagnostic_parent_support_argmax,1,8,1,1,0.2222222222222222,0.2222222222222222,0,0.1215906349108905,0.06212625091530388,0.12196034978437949,0.7692891767277332
guitar__02,tool_prop,guitar,diagnostic_parent_residual_argmax,2,8,1,1,0.2,0.2,0,0.1267534862543705,0.035814864699400026,0.07007666506947773,0.7692891767277332
guitar__02,tool_prop,guitar,diagnostic_specificity_argmax,3,8,3,1,0.5454545454545454,0.18181818181818182,0,0.1787374502610579,0.04031980150251568,0.07007666506947773,0.7692891767277332
guitar__02,tool_prop,guitar,actual_semantic_argmax,3,8,3,1,0.5454545454545454,0.18181818181818182,0,0.18237775119181465,0.03871284738983519,0.06724664590321035,0.7692891767277332
guitar__02,tool_prop,guitar,after_direct_detail_gate,3,8,3,1,0.5454545454545454,0.18181818181818182,0,0.18440988887557064,0.0379624516841524,0.06588404408241495,0.7692891767277332
guitar__02,tool_prop,guitar,after_cleanup,3,8,3,1,0.5454545454545454,0.18181818181818182,0,0.18445429371929528,0.0379860487602735,0.06588404408241495,0.7690076451962017
guitar__02,tool_prop,guitar,after_root_restoration,3,8,3,1,0.5454545454545454,0.18181818181818182,0,0.18440988887557064,0.0379624516841524,0.06588404408241495,0.7692891767277332
guitar__02,tool_prop,guitar,identity_supported_before_remainder,3,8,3,1,0.5454545454545454,0.18181818181818182,0,0.18440988887557064,0.0379624516841524,0.06588404408241495,0.7692891767277332
guitar__02,tool_prop,guitar,identity_plus_eligible_remainder,3,8,3,1,0.5454545454545454,0.18181818181818182,0,0.18440988887557064,0.0379624516841524,0.06588404408241495,0.7692891767277332
guitar__02,tool_prop,guitar,after_remainder_attachment_before_filter,3,8,3,1,0.5454545454545454,0.18181818181818182,0,0.18440988887557064,0.0379624516841524,0.06588404408241495,0.7692891767277332
guitar__02,tool_prop,guitar,final_hpid,3,8,3,1,0.5454545454545454,0.18181818181818182,0,0.18440988887557064,0.0379624516841524,0.06588404408241495,0.7692891767277332
guitar__02,tool_prop,guitar,final_dbscan,5,8,3,2,0.46153846153846156,0.3076923076923077,0,0.21008558259047222,0.08541621219609759,0.10597188378088786,0.7692891767277332
guitar__03,tool_prop,guitar,input_pool,4,6,3,1,0.6,0.2,2438,0.29156650664617983,0.06785551874228546,0.11592031518783641,0.5642703179694117
guitar__03,tool_prop,guitar,after_same_source_dedup,4,6,3,1,0.6,0.2,2438,0.29156650664617983,0.06785551874228546,0.11592031518783641,0.5642703179694117
guitar__03,tool_prop,guitar,after_instance_cap,4,6,3,1,0.6,0.2,2438,0.29156650664617983,0.06785551874228546,0.11592031518783641,0.5642703179694117
guitar__03,tool_prop,guitar,after_hierarchy_duplicate_filter,4,6,3,1,0.6,0.2,2438,0.29156650664617983,0.06785551874228546,0.11592031518783641,0.5642703179694117
guitar__03,tool_prop,guitar,diagnostic_consensus_argmax,1,6,1,1,0.2857142857142857,0.2857142857142857,0,0.14635550374881653,0.06785551874228546,0.11592031518783641,0.5642703179694117
guitar__03,tool_prop,guitar,diagnostic_parent_support_argmax,1,6,1,1,0.2857142857142857,0.2857142857142857,0,0.14635550374881653,0.06785551874228546,0.11592031518783641,0.5642703179694117
guitar__03,tool_prop,guitar,diagnostic_parent_residual_argmax,1,6,1,1,0.2857142857142857,0.2857142857142857,0,0.14635550374881653,0.06785551874228546,0.11592031518783641,0.5642703179694117
guitar__03,tool_prop,guitar,diagnostic_specificity_argmax,2,6,2,1,0.5,0.25,0,0.20972075875329174,0.06818775297036167,0.11592031518783641,0.5642703179694117
guitar__03,tool_prop,guitar,actual_semantic_argmax,3,6,2,1,0.4444444444444444,0.2222222222222222,0,0.20968328794239063,0.06810614962788876,0.11578158814716165,0.5642703179694117
guitar__03,tool_prop,guitar,after_direct_detail_gate,4,6,3,1,0.6,0.2,0,0.2340430673534323,0.07191661437635083,0.11447755396481883,0.5642703179694117
guitar__03,tool_prop,guitar,after_cleanup,4,6,3,1,0.6,0.2,0,0.2339753589589547,0.07176482895700387,0.11420009988346928,0.5642703179694117
guitar__03,tool_prop,guitar,after_root_restoration,4,6,3,1,0.6,0.2,0,0.2339753589589547,0.07176482895700387,0.11420009988346928,0.5642703179694117
guitar__03,tool_prop,guitar,identity_supported_before_remainder,4,6,3,1,0.6,0.2,0,0.2339753589589547,0.07176482895700387,0.11420009988346928,0.564131590928737
guitar__03,tool_prop,guitar,identity_plus_eligible_remainder,4,6,3,1,0.6,0.2,0,0.2339753589589547,0.07176482895700387,0.11420009988346928,0.564131590928737
guitar__03,tool_prop,guitar,after_remainder_attachment_before_filter,4,6,3,1,0.6,0.2,0,0.2339753589589547,0.07176482895700387,0.11420009988346928,0.564131590928737
guitar__03,tool_prop,guitar,final_hpid,4,6,3,1,0.6,0.2,0,0.2339753589589547,0.07176482895700387,0.11420009988346928,0.564131590928737
guitar__03,tool_prop,guitar,final_dbscan,4,6,3,1,0.6,0.2,0,0.30806699597581044,0.06961178045515394,0.09810776316519616,0.5642703179694117
guitar__04,tool_prop,guitar,input_pool,2,2,0,0,0.0,0.0,1039,0.001733414307564096,0.0001719986240110079,0.012195121951219513,0.19969512195121952
guitar__04,tool_prop,guitar,after_same_source_dedup,2,2,0,0,0.0,0.0,1039,0.001733414307564096,0.0001719986240110079,0.012195121951219513,0.19969512195121952
guitar__04,tool_prop,guitar,after_instance_cap,2,2,0,0,0.0,0.0,1039,0.001733414307564096,0.0001719986240110079,0.012195121951219513,0.19969512195121952
guitar__04,tool_prop,guitar,after_hierarchy_duplicate_filter,2,2,0,0,0.0,0.0,1039,0.001733414307564096,0.0001719986240110079,0.012195121951219513,0.19969512195121952
guitar__04,tool_prop,guitar,diagnostic_consensus_argmax,1,2,0,0,0.0,0.0,0,0.001733414307564096,0.0001719986240110079,0.012195121951219513,0.19969512195121952
guitar__04,tool_prop,guitar,diagnostic_parent_support_argmax,1,2,0,0,0.0,0.0,0,0.001733414307564096,0.0001719986240110079,0.012195121951219513,0.19969512195121952
guitar__04,tool_prop,guitar,diagnostic_parent_residual_argmax,2,2,0,0,0.0,0.0,0,0.00268172702936082,0.00026497085320614734,0.012195121951219513,0.19969512195121952
guitar__04,tool_prop,guitar,diagnostic_specificity_argmax,2,2,0,0,0.0,0.0,0,0.00268172702936082,0.00026497085320614734,0.012195121951219513,0.19969512195121952
guitar__04,tool_prop,guitar,actual_semantic_argmax,2,2,0,0,0.0,0.0,0,0.0026889381419759337,0.00026567481402763017,0.012195121951219513,0.19969512195121952
guitar__04,tool_prop,guitar,after_direct_detail_gate,2,2,0,0,0.0,0.0,0,0.0026889381419759337,0.00026567481402763017,0.012195121951219513,0.19969512195121952
guitar__04,tool_prop,guitar,after_cleanup,2,2,0,0,0.0,0.0,0,0.0027108060624353373,0.0002678093197643278,0.012195121951219513,0.19969512195121952
guitar__04,tool_prop,guitar,after_root_restoration,2,2,0,0,0.0,0.0,0,0.0027108060624353373,0.0002678093197643278,0.012195121951219513,0.19969512195121952
guitar__04,tool_prop,guitar,identity_supported_before_remainder,2,2,0,0,0.0,0.0,0,0.0027108060624353373,0.0002678093197643278,0.012195121951219513,0.19969512195121952
guitar__04,tool_prop,guitar,identity_plus_eligible_remainder,2,2,0,0,0.0,0.0,0,0.0027108060624353373,0.0002678093197643278,0.012195121951219513,0.19969512195121952
guitar__04,tool_prop,guitar,after_remainder_attachment_before_filter,2,2,0,0,0.0,0.0,0,0.0027108060624353373,0.0002678093197643278,0.012195121951219513,0.19969512195121952
guitar__04,tool_prop,guitar,final_hpid,2,2,0,0,0.0,0.0,0,0.0027108060624353373,0.0002678093197643278,0.012195121951219513,0.19969512195121952
guitar__04,tool_prop,guitar,final_dbscan,2,2,0,0,0.0,0.0,0,0.0027093371411707704,0.0002676659528907923,0.012195121951219513,0.19969512195121952
hammer__01,tool_prop,hammer,input_pool,12,3,0,0,0.0,0.0,2821,0.030151683314835368,0.0,0.0,0.22507594587130628
hammer__01,tool_prop,hammer,after_same_source_dedup,12,3,0,0,0.0,0.0,2821,0.030151683314835368,0.0,0.0,0.22507594587130628
hammer__01,tool_prop,hammer,after_instance_cap,12,3,0,0,0.0,0.0,2821,0.030151683314835368,0.0,0.0,0.22507594587130628
hammer__01,tool_prop,hammer,after_hierarchy_duplicate_filter,12,3,0,0,0.0,0.0,2821,0.030151683314835368,0.0,0.0,0.22507594587130628
hammer__01,tool_prop,hammer,diagnostic_consensus_argmax,8,3,0,0,0.0,0.0,0,0.031911079239870924,0.0,0.0,0.22507594587130628
hammer__01,tool_prop,hammer,diagnostic_parent_support_argmax,8,3,0,0,0.0,0.0,0,0.031911079239870924,0.0,0.0,0.22507594587130628
hammer__01,tool_prop,hammer,diagnostic_parent_residual_argmax,9,3,0,0,0.0,0.0,0,0.033449446230796716,0.0,0.0,0.22507594587130628
hammer__01,tool_prop,hammer,diagnostic_specificity_argmax,9,3,0,0,0.0,0.0,0,0.033449446230796716,0.0,0.0,0.22507594587130628
hammer__01,tool_prop,hammer,actual_semantic_argmax,9,3,0,0,0.0,0.0,0,0.033449446230796716,0.0,0.0,0.22507594587130628
hammer__01,tool_prop,hammer,after_direct_detail_gate,9,3,0,0,0.0,0.0,0,0.033449446230796716,0.0,0.0,0.22507594587130628
hammer__01,tool_prop,hammer,after_cleanup,9,3,0,0,0.0,0.0,0,0.03303383845156676,0.0,0.0,0.22231427782380556
hammer__01,tool_prop,hammer,after_root_restoration,9,3,0,0,0.0,0.0,0,0.033449446230796716,0.0,0.0,0.22507594587130628
hammer__01,tool_prop,hammer,identity_supported_before_remainder,11,3,0,0,0.0,0.0,0,0.033449446230796716,0.0,0.0,0.22507594587130628
hammer__01,tool_prop,hammer,identity_plus_eligible_remainder,11,3,0,0,0.0,0.0,0,0.033449446230796716,0.0,0.0,0.22507594587130628
hammer__01,tool_prop,hammer,after_remainder_attachment_before_filter,11,3,0,0,0.0,0.0,0,0.033449446230796716,0.0,0.0,0.22507594587130628
hammer__01,tool_prop,hammer,final_hpid,11,3,0,0,0.0,0.0,0,0.033449446230796716,0.0,0.0,0.22507594587130628
hammer__01,tool_prop,hammer,final_dbscan,11,3,0,0,0.0,0.0,0,0.033346761559464665,0.0,0.0,0.22507594587130628
hammer__02,tool_prop,hammer,input_pool,1,3,1,0,0.5,0.0,0,0.3127022653721683,0.0,0.0,0.3148035023416819
hammer__02,tool_prop,hammer,after_same_source_dedup,1,3,1,0,0.5,0.0,0,0.3127022653721683,0.0,0.0,0.3148035023416819
hammer__02,tool_prop,hammer,after_instance_cap,1,3,1,0,0.5,0.0,0,0.3127022653721683,0.0,0.0,0.3148035023416819
hammer__02,tool_prop,hammer,after_hierarchy_duplicate_filter,1,3,1,0,0.5,0.0,0,0.3127022653721683,0.0,0.0,0.3148035023416819
hammer__02,tool_prop,hammer,diagnostic_consensus_argmax,1,3,1,0,0.5,0.0,0,0.3127022653721683,0.0,0.0,0.3148035023416819
hammer__02,tool_prop,hammer,diagnostic_parent_support_argmax,1,3,1,0,0.5,0.0,0,0.3127022653721683,0.0,0.0,0.3148035023416819
hammer__02,tool_prop,hammer,diagnostic_parent_residual_argmax,1,3,1,0,0.5,0.0,0,0.3127022653721683,0.0,0.0,0.3148035023416819
hammer__02,tool_prop,hammer,diagnostic_specificity_argmax,1,3,1,0,0.5,0.0,0,0.3127022653721683,0.0,0.0,0.3148035023416819
hammer__02,tool_prop,hammer,actual_semantic_argmax,1,3,1,0,0.5,0.0,0,0.3127022653721683,0.0,0.0,0.3148035023416819
hammer__02,tool_prop,hammer,after_direct_detail_gate,1,3,1,0,0.5,0.0,0,0.3127022653721683,0.0,0.0,0.3148035023416819
hammer__02,tool_prop,hammer,after_cleanup,1,3,1,0,0.5,0.0,0,0.3127022653721683,0.0,0.0,0.3148035023416819
hammer__02,tool_prop,hammer,after_root_restoration,1,3,1,0,0.5,0.0,0,0.3127022653721683,0.0,0.0,0.3148035023416819
hammer__02,tool_prop,hammer,identity_supported_before_remainder,1,3,1,0,0.5,0.0,0,0.3127022653721683,0.0,0.0,0.3148035023416819
hammer__02,tool_prop,hammer,identity_plus_eligible_remainder,1,3,1,0,0.5,0.0,0,0.3127022653721683,0.0,0.0,0.3148035023416819
hammer__02,tool_prop,hammer,after_remainder_attachment_before_filter,1,3,1,0,0.5,0.0,0,0.3127022653721683,0.0,0.0,0.3148035023416819
hammer__02,tool_prop,hammer,final_hpid,1,3,1,0,0.5,0.0,0,0.3127022653721683,0.0,0.0,0.3148035023416819
hammer__02,tool_prop,hammer,final_dbscan,1,3,1,0,0.5,0.0,0,0.3127022653721683,0.0,0.0,0.3148035023416819
hammer__03,tool_prop,hammer,input_pool,7,3,1,0,0.2,0.0,1376,0.23651200526174235,0.00041511000415110004,0.001366120218579235,0.24949446246456852
hammer__03,tool_prop,hammer,after_same_source_dedup,7,3,1,0,0.2,0.0,1376,0.23651200526174235,0.00041511000415110004,0.001366120218579235,0.24949446246456852
hammer__03,tool_prop,hammer,after_instance_cap,7,3,1,0,0.2,0.0,1376,0.23651200526174235,0.00041511000415110004,0.001366120218579235,0.24949446246456852
hammer__03,tool_prop,hammer,after_hierarchy_duplicate_filter,7,3,1,0,0.2,0.0,1376,0.23651200526174235,0.00041511000415110004,0.001366120218579235,0.24949446246456852
hammer__03,tool_prop,hammer,diagnostic_consensus_argmax,2,3,1,0,0.4,0.0,0,0.14980544747081712,0.00021616947686986597,0.001366120218579235,0.2480684375091318
hammer__03,tool_prop,hammer,diagnostic_parent_support_argmax,2,3,1,0,0.4,0.0,0,0.14980544747081712,0.00021616947686986597,0.001366120218579235,0.2480684375091318
hammer__03,tool_prop,hammer,diagnostic_parent_residual_argmax,3,3,1,0,0.3333333333333333,0.0,0,0.14980544747081712,0.00021616947686986597,0.001366120218579235,0.24878144998685014
hammer__03,tool_prop,hammer,diagnostic_specificity_argmax,3,3,1,0,0.3333333333333333,0.0,0,0.14980544747081712,0.00021616947686986597,0.001366120218579235,0.24878144998685014
hammer__03,tool_prop,hammer,actual_semantic_argmax,3,3,1,0,0.3333333333333333,0.0,0,0.14980544747081712,0.00021616947686986597,0.001366120218579235,0.24878144998685014
hammer__03,tool_prop,hammer,after_direct_detail_gate,3,3,1,0,0.3333333333333333,0.0,0,0.14951456310679612,0.0002157497303128371,0.001366120218579235,0.24878144998685014
hammer__03,tool_prop,hammer,after_cleanup,2,3,1,0,0.4,0.0,0,0.14912846998063264,0.0002151925973746503,0.001366120218579235,0.2480684375091318
hammer__03,tool_prop,hammer,after_root_restoration,2,3,1,0,0.4,0.0,0,0.14912846998063264,0.0002151925973746503,0.001366120218579235,0.2480684375091318
hammer__03,tool_prop,hammer,identity_supported_before_remainder,3,3,1,0,0.3333333333333333,0.0,0,0.23578618097424386,0.0004120313143798928,0.001366120218579235,0.2480684375091318
hammer__03,tool_prop,hammer,identity_plus_eligible_remainder,3,3,1,0,0.3333333333333333,0.0,0,0.23578618097424386,0.0004120313143798928,0.001366120218579235,0.2480684375091318
hammer__03,tool_prop,hammer,after_remainder_attachment_before_filter,3,3,1,0,0.3333333333333333,0.0,0,0.23578618097424386,0.0004120313143798928,0.001366120218579235,0.2480684375091318
hammer__03,tool_prop,hammer,final_hpid,3,3,1,0,0.3333333333333333,0.0,0,0.23578618097424386,0.0004120313143798928,0.001366120218579235,0.2480684375091318
hammer__03,tool_prop,hammer,final_dbscan,4,3,1,0,0.2857142857142857,0.0,0,0.2365104601872852,0.00041356492969396195,0.001366120218579235,0.2480684375091318
handbag__01,container,handbag,input_pool,7,4,2,1,0.36363636363636365,0.18181818181818182,57497,0.3538974841403689,0.17991391355298147,0.24686910541451498,0.9855967097024699
handbag__01,container,handbag,after_same_source_dedup,7,4,2,1,0.36363636363636365,0.18181818181818182,57497,0.3538974841403689,0.17991391355298147,0.24686910541451498,0.9855967097024699
handbag__01,container,handbag,after_instance_cap,7,4,2,1,0.36363636363636365,0.18181818181818182,57497,0.3538974841403689,0.17991391355298147,0.24686910541451498,0.9855967097024699
handbag__01,container,handbag,after_hierarchy_duplicate_filter,7,4,2,1,0.36363636363636365,0.18181818181818182,57497,0.3538974841403689,0.17991391355298147,0.24686910541451498,0.9855967097024699
handbag__01,container,handbag,diagnostic_consensus_argmax,4,4,1,1,0.25,0.25,0,0.23652525326611212,0.16941643059490086,0.23116051825968645,0.9855967097024699
handbag__01,container,handbag,diagnostic_parent_support_argmax,4,4,1,1,0.25,0.25,0,0.23652525326611212,0.16941643059490086,0.23116051825968645,0.9855967097024699
handbag__01,container,handbag,diagnostic_parent_residual_argmax,4,4,1,1,0.25,0.25,0,0.23652525326611212,0.16941643059490086,0.23116051825968645,0.9855967097024699
handbag__01,container,handbag,diagnostic_specificity_argmax,4,4,1,1,0.25,0.25,0,0.19253250897965615,0.13682595461407113,0.17097003617922632,0.9855967097024699
handbag__01,container,handbag,actual_semantic_argmax,5,4,1,1,0.2222222222222222,0.2222222222222222,0,0.1919858342164316,0.1373255178580299,0.17097003617922632,0.9855967097024699
handbag__01,container,handbag,after_direct_detail_gate,5,4,1,1,0.2222222222222222,0.2222222222222222,0,0.21374489099331348,0.14396788092440266,0.17048300813259532,0.9855967097024699
handbag__01,container,handbag,after_cleanup,5,4,1,1,0.2222222222222222,0.2222222222222222,0,0.2137870746724335,0.14401421330407066,0.17044435511302142,0.9851771346229798
handbag__01,container,handbag,after_root_restoration,5,4,1,1,0.2222222222222222,0.2222222222222222,0,0.21379438753153324,0.1440215261631704,0.17047527752868055,0.9855967097024699
handbag__01,container,handbag,identity_supported_before_remainder,7,4,1,1,0.18181818181818182,0.18181818181818182,0,0.2354360646552695,0.1440215261631704,0.17047527752868055,0.9843746230817016
handbag__01,container,handbag,identity_plus_eligible_remainder,7,4,1,1,0.18181818181818182,0.18181818181818182,0,0.2354360646552695,0.1440215261631704,0.17047527752868055,0.9843746230817016
handbag__01,container,handbag,after_remainder_attachment_before_filter,7,4,1,1,0.18181818181818182,0.18181818181818182,0,0.2354360646552695,0.1440215261631704,0.17047527752868055,0.9843746230817016
handbag__01,container,handbag,final_hpid,7,4,1,1,0.18181818181818182,0.18181818181818182,0,0.2354360646552695,0.1440215261631704,0.17047527752868055,0.9843746230817016
handbag__01,container,handbag,final_dbscan,5,4,2,1,0.4444444444444444,0.2222222222222222,0,0.25162995658679715,0.15113766887272329,0.17089273014007855,0.9855967097024699
handbag__02,container,handbag,input_pool,20,4,1,0,0.08333333333333333,0.0,68740,0.24847582749295732,0.0,0.0,0.9979369013988536
handbag__02,container,handbag,after_same_source_dedup,20,4,1,0,0.08333333333333333,0.0,68740,0.24847582749295732,0.0,0.0,0.9979369013988536
handbag__02,container,handbag,after_instance_cap,20,4,1,0,0.08333333333333333,0.0,68740,0.24847582749295732,0.0,0.0,0.9979369013988536
handbag__02,container,handbag,after_hierarchy_duplicate_filter,20,4,1,0,0.08333333333333333,0.0,68740,0.24847582749295732,0.0,0.0,0.9979369013988536
handbag__02,container,handbag,diagnostic_consensus_argmax,10,4,1,0,0.14285714285714285,0.0,0,0.11660185315489814,0.0,0.0,0.9979369013988536
handbag__02,container,handbag,diagnostic_parent_support_argmax,10,4,1,0,0.14285714285714285,0.0,0,0.11660185315489814,0.0,0.0,0.9979369013988536
handbag__02,container,handbag,diagnostic_parent_residual_argmax,10,4,1,0,0.14285714285714285,0.0,0,0.2489533470945588,0.0,0.0,0.9979369013988536
handbag__02,container,handbag,diagnostic_specificity_argmax,10,4,1,0,0.14285714285714285,0.0,0,0.24896546119205135,0.0,0.0,0.9979369013988536
handbag__02,container,handbag,actual_semantic_argmax,10,4,1,0,0.14285714285714285,0.0,0,0.250723750715553,0.0,0.0,0.9979369013988536
handbag__02,container,handbag,after_direct_detail_gate,10,4,1,0,0.14285714285714285,0.0,0,0.250680593907944,0.0,0.0,0.9979369013988536
handbag__02,container,handbag,after_cleanup,10,4,1,0,0.14285714285714285,0.0,0,0.2506868503216768,0.0,0.0,0.9978205682206313
handbag__02,container,handbag,after_root_restoration,10,4,1,0,0.14285714285714285,0.0,0,0.2506539261038194,0.0,0.0,0.9979369013988536
handbag__02,container,handbag,identity_supported_before_remainder,12,4,1,0,0.125,0.0,0,0.25067267866809745,0.0,0.0,0.9979369013988536
handbag__02,container,handbag,identity_plus_eligible_remainder,12,4,1,0,0.125,0.0,0,0.25067267866809745,0.0,0.0,0.9979369013988536
handbag__02,container,handbag,after_remainder_attachment_before_filter,12,4,1,0,0.125,0.0,0,0.25067267866809745,0.0,0.0,0.9979369013988536
handbag__02,container,handbag,final_hpid,12,4,1,0,0.125,0.0,0,0.25067267866809745,0.0,0.0,0.9979369013988536
handbag__02,container,handbag,final_dbscan,14,4,1,0,0.1111111111111111,0.0,0,0.18050062451921858,0.0,0.0,0.9979369013988536
handbag__03,container,handbag,input_pool,16,4,2,1,0.2,0.1,29886,0.30332237209004875,0.1188708581908108,0.2510746036848491,0.9997555471981948
handbag__03,container,handbag,after_same_source_dedup,16,4,2,1,0.2,0.1,29886,0.30332237209004875,0.1188708581908108,0.2510746036848491,0.9997555471981948
handbag__03,container,handbag,after_instance_cap,16,4,2,1,0.2,0.1,29886,0.30332237209004875,0.1188708581908108,0.2510746036848491,0.9997555471981948
handbag__03,container,handbag,after_hierarchy_duplicate_filter,16,4,2,1,0.2,0.1,29886,0.30332237209004875,0.1188708581908108,0.2510746036848491,0.9997555471981948
handbag__03,container,handbag,diagnostic_consensus_argmax,5,4,1,1,0.2222222222222222,0.2222222222222222,0,0.19244782491744325,0.06422018348623854,0.13215494546822112,0.9997555471981948
handbag__03,container,handbag,diagnostic_parent_support_argmax,3,4,1,1,0.2857142857142857,0.2857142857142857,0,0.1780325871127248,0.105530594779632,0.2226024821361414,0.9997555471981948
handbag__03,container,handbag,diagnostic_parent_residual_argmax,6,4,1,1,0.2,0.2,0,0.15827273542494094,0.07792705635182644,0.20543477068265864,0.9997555471981948
handbag__03,container,handbag,diagnostic_specificity_argmax,7,4,1,1,0.18181818181818182,0.18181818181818182,0,0.1624469292014866,0.07792705635182644,0.20361077669995836,0.9997555471981948
handbag__03,container,handbag,actual_semantic_argmax,7,4,1,1,0.18181818181818182,0.18181818181818182,0,0.16129408981302748,0.0784912122553412,0.2034603442065398,0.9997555471981948
handbag__03,container,handbag,after_direct_detail_gate,7,4,1,1,0.18181818181818182,0.18181818181818182,0,0.16485815510460475,0.07854037732380738,0.2035379357645783,0.9997555471981948
handbag__03,container,handbag,after_cleanup,7,4,1,1,0.18181818181818182,0.18181818181818182,0,0.16506866686176713,0.07854001343232274,0.2035379357645783,0.9997555471981948
handbag__03,container,handbag,after_root_restoration,7,4,1,1,0.18181818181818182,0.18181818181818182,0,0.16504669205784758,0.07854001343232274,0.2035379357645783,0.9997555471981948
handbag__03,container,handbag,identity_supported_before_remainder,10,4,1,1,0.14285714285714285,0.14285714285714285,0,0.16510857576380508,0.07854037732380738,0.2035379357645783,0.9995645617130917
handbag__03,container,handbag,identity_plus_eligible_remainder,10,4,1,1,0.14285714285714285,0.14285714285714285,0,0.16510857576380508,0.07854037732380738,0.2035379357645783,0.9995645617130917
handbag__03,container,handbag,after_remainder_attachment_before_filter,10,4,1,1,0.14285714285714285,0.14285714285714285,0,0.16510857576380508,0.07854037732380738,0.2035379357645783,0.9995645617130917
handbag__03,container,handbag,final_hpid,10,4,1,1,0.14285714285714285,0.14285714285714285,0,0.16510857576380508,0.07854037732380738,0.2035379357645783,0.9995645617130917
handbag__03,container,handbag,final_dbscan,12,4,1,1,0.125,0.125,0,0.234784981983442,0.08887138617829521,0.14295124904024584,0.9997555471981948
handbag__04,container,handbag,input_pool,11,4,2,0,0.26666666666666666,0.0,2764,0.26353813676150784,0.0,0.0,0.5535231247537661
handbag__04,container,handbag,after_same_source_dedup,11,4,2,0,0.26666666666666666,0.0,2764,0.26353813676150784,0.0,0.0,0.5535231247537661
handbag__04,container,handbag,after_instance_cap,11,4,2,0,0.26666666666666666,0.0,2764,0.26353813676150784,0.0,0.0,0.5535231247537661
handbag__04,container,handbag,after_hierarchy_duplicate_filter,11,4,2,0,0.26666666666666666,0.0,2764,0.26353813676150784,0.0,0.0,0.5535231247537661
handbag__04,container,handbag,diagnostic_consensus_argmax,2,4,1,0,0.3333333333333333,0.0,0,0.23564814921419067,0.0,0.0,0.5535231247537661
handbag__04,container,handbag,diagnostic_parent_support_argmax,2,4,1,0,0.3333333333333333,0.0,0,0.23564814921419067,0.0,0.0,0.5535231247537661
handbag__04,container,handbag,diagnostic_parent_residual_argmax,2,4,1,0,0.3333333333333333,0.0,0,0.23564814921419067,0.0,0.0,0.5535231247537661
handbag__04,container,handbag,diagnostic_specificity_argmax,3,4,2,0,0.5714285714285714,0.0,0,0.2548939638776208,0.0,0.0,0.5535231247537661
handbag__04,container,handbag,actual_semantic_argmax,3,4,2,0,0.5714285714285714,0.0,0,0.2548939638776208,0.0,0.0,0.5535231247537661
handbag__04,container,handbag,after_direct_detail_gate,4,4,2,0,0.5,0.0,0,0.2516081475629727,0.0,0.0,0.5535231247537661
handbag__04,container,handbag,after_cleanup,4,4,2,0,0.5,0.0,0,0.25187963962010457,0.0,0.0,0.5535231247537661
handbag__04,container,handbag,after_root_restoration,4,4,2,0,0.5,0.0,0,0.2516081475629727,0.0,0.0,0.5535231247537661
handbag__04,container,handbag,identity_supported_before_remainder,10,4,2,0,0.2857142857142857,0.0,0,0.26901765883837403,0.0,0.0,0.5535231247537661
handbag__04,container,handbag,identity_plus_eligible_remainder,10,4,2,0,0.2857142857142857,0.0,0,0.26901765883837403,0.0,0.0,0.5535231247537661
handbag__04,container,handbag,after_remainder_attachment_before_filter,10,4,2,0,0.2857142857142857,0.0,0,0.26901765883837403,0.0,0.0,0.5535231247537661
handbag__04,container,handbag,final_hpid,10,4,2,0,0.2857142857142857,0.0,0,0.26901765883837403,0.0,0.0,0.5535231247537661
handbag__04,container,handbag,final_dbscan,10,4,2,0,0.2857142857142857,0.0,0,0.2637016673077238,0.0,0.0,0.5535231247537661
hat__01,daily_object,hat,input_pool,7,3,2,1,0.4,0.2,785,0.5200993604594196,0.2853393085787452,0.361029651352232,0.6592743202635676
hat__01,daily_object,hat,after_same_source_dedup,7,3,2,1,0.4,0.2,785,0.5200993604594196,0.2853393085787452,0.361029651352232,0.6592743202635676
hat__01,daily_object,hat,after_instance_cap,7,3,2,1,0.4,0.2,785,0.5200993604594196,0.2853393085787452,0.361029651352232,0.6592743202635676
hat__01,daily_object,hat,after_hierarchy_duplicate_filter,7,3,2,1,0.4,0.2,785,0.5200993604594196,0.2853393085787452,0.361029651352232,0.6592743202635676
hat__01,daily_object,hat,diagnostic_consensus_argmax,0,3,0,0,0.0,0.0,0,0.0,0.0,0.0,0.0
hat__01,daily_object,hat,diagnostic_parent_support_argmax,0,3,0,0,0.0,0.0,0,0.0,0.0,0.0,0.0
hat__01,daily_object,hat,diagnostic_parent_residual_argmax,2,3,0,0,0.0,0.0,0,0.0,0.0,0.0,0.0
hat__01,daily_object,hat,diagnostic_specificity_argmax,3,3,0,0,0.0,0.0,0,0.017377567140600316,0.0,0.0,0.024691358024691357
hat__01,daily_object,hat,actual_semantic_argmax,4,3,1,0,0.2857142857142857,0.0,0,0.13492018077696397,0.030303030303030304,0.08602150537634408,0.20004619673436877
hat__01,daily_object,hat,after_direct_detail_gate,5,3,1,0,0.25,0.0,0,0.25422921343060234,0.11620838009726898,0.2525614568625321,0.44125281488722345
hat__01,daily_object,hat,after_cleanup,5,3,1,0,0.25,0.0,0,0.26606341189674526,0.1202300785634119,0.2525614568625321,0.4279194815538902
hat__01,daily_object,hat,after_root_restoration,5,3,1,0,0.25,0.0,0,0.26606341189674526,0.1202300785634119,0.2525614568625321,0.4279194815538902
hat__01,daily_object,hat,identity_supported_before_remainder,6,3,2,1,0.4444444444444444,0.2222222222222222,0,0.37244192921276253,0.22921276254609588,0.2525614568625321,0.4239194815538902
hat__01,daily_object,hat,identity_plus_eligible_remainder,6,3,2,1,0.4444444444444444,0.2222222222222222,0,0.37244192921276253,0.22921276254609588,0.2525614568625321,0.4239194815538902
hat__01,daily_object,hat,after_remainder_attachment_before_filter,6,3,2,1,0.4444444444444444,0.2222222222222222,0,0.37244192921276253,0.22921276254609588,0.2525614568625321,0.4239194815538902
hat__01,daily_object,hat,final_hpid,6,3,2,1,0.4444444444444444,0.2222222222222222,0,0.37244192921276253,0.22921276254609588,0.2525614568625321,0.4239194815538902
hat__01,daily_object,hat,final_dbscan,6,3,2,1,0.4444444444444444,0.2222222222222222,0,0.5229865862280013,0.28822653434732687,0.33858296223887624,0.6592743202635676
hat__02,daily_object,hat,input_pool,5,2,2,0,0.5714285714285714,0.0,11,0.31624633305477157,0.0,0.0,0.3327191038455327
hat__02,daily_object,hat,after_same_source_dedup,5,2,2,0,0.5714285714285714,0.0,11,0.31624633305477157,0.0,0.0,0.3327191038455327
hat__02,daily_object,hat,after_instance_cap,5,2,2,0,0.5714285714285714,0.0,11,0.31624633305477157,0.0,0.0,0.3327191038455327
hat__02,daily_object,hat,after_hierarchy_duplicate_filter,5,2,2,0,0.5714285714285714,0.0,11,0.31624633305477157,0.0,0.0,0.3327191038455327
hat__02,daily_object,hat,diagnostic_consensus_argmax,4,2,0,0,0.0,0.0,0,0.08198524353844037,0.0,0.0,0.08198524353844037
hat__02,daily_object,hat,diagnostic_parent_support_argmax,4,2,0,0,0.0,0.0,0,0.08198524353844037,0.0,0.0,0.08198524353844037
hat__02,daily_object,hat,diagnostic_parent_residual_argmax,4,2,1,0,0.3333333333333333,0.0,0,0.1723309906108131,0.0,0.0,0.17601992750372353
hat__02,daily_object,hat,diagnostic_specificity_argmax,4,2,2,0,0.6666666666666666,0.0,0,0.3089115255296414,0.0,0.0,0.3247303820410214
hat__02,daily_object,hat,actual_semantic_argmax,4,2,2,0,0.6666666666666666,0.0,0,0.31624633305477157,0.0,0.0,0.3327191038455327
hat__02,daily_object,hat,after_direct_detail_gate,4,2,2,0,0.6666666666666666,0.0,0,0.31624633305477157,0.0,0.0,0.3327191038455327
hat__02,daily_object,hat,after_cleanup,4,2,2,0,0.6666666666666666,0.0,0,0.31624633305477157,0.0,0.0,0.3327191038455327
hat__02,daily_object,hat,after_root_restoration,4,2,2,0,0.6666666666666666,0.0,0,0.31624633305477157,0.0,0.0,0.3327191038455327
hat__02,daily_object,hat,identity_supported_before_remainder,5,2,2,0,0.5714285714285714,0.0,0,0.31624633305477157,0.0,0.0,0.3327191038455327
hat__02,daily_object,hat,identity_plus_eligible_remainder,5,2,2,0,0.5714285714285714,0.0,0,0.31624633305477157,0.0,0.0,0.3327191038455327
hat__02,daily_object,hat,after_remainder_attachment_before_filter,5,2,2,0,0.5714285714285714,0.0,0,0.31624633305477157,0.0,0.0,0.3327191038455327
hat__02,daily_object,hat,final_hpid,5,2,2,0,0.5714285714285714,0.0,0,0.31624633305477157,0.0,0.0,0.3327191038455327
hat__02,daily_object,hat,final_dbscan,5,2,2,0,0.5714285714285714,0.0,0,0.31624633305477157,0.0,0.0,0.3327191038455327
hat__03,daily_object,hat,input_pool,5,2,1,1,0.2857142857142857,0.2857142857142857,5697,0.2648817566095135,0.21993793638479442,0.23244055752937962,0.8662104703279183
hat__03,daily_object,hat,after_same_source_dedup,5,2,1,1,0.2857142857142857,0.2857142857142857,5697,0.2648817566095135,0.21993793638479442,0.23244055752937962,0.8662104703279183
hat__03,daily_object,hat,after_instance_cap,5,2,1,1,0.2857142857142857,0.2857142857142857,5697,0.2648817566095135,0.21993793638479442,0.23244055752937962,0.8662104703279183
hat__03,daily_object,hat,after_hierarchy_duplicate_filter,5,2,1,1,0.2857142857142857,0.2857142857142857,5697,0.2648817566095135,0.21993793638479442,0.23244055752937962,0.8662104703279183
hat__03,daily_object,hat,diagnostic_consensus_argmax,0,2,0,0,0.0,0.0,0,0.0,0.0,0.0,0.0
hat__03,daily_object,hat,diagnostic_parent_support_argmax,0,2,0,0,0.0,0.0,0,0.0,0.0,0.0,0.0
hat__03,daily_object,hat,diagnostic_parent_residual_argmax,0,2,0,0,0.0,0.0,0,0.0,0.0,0.0,0.0
hat__03,daily_object,hat,diagnostic_specificity_argmax,2,2,1,0,0.5,0.0,0,0.15543073407810765,0.0,0.0,0.4118297326710558
hat__03,daily_object,hat,actual_semantic_argmax,3,2,1,0,0.4,0.0,0,0.15543073407810765,0.0,0.0,0.4118297326710558
hat__03,daily_object,hat,after_direct_detail_gate,4,2,1,0,0.3333333333333333,0.0,0,0.15438588421213376,0.013190100625509927,0.013254987701557802,0.4310634084228613
hat__03,daily_object,hat,after_cleanup,4,2,1,0,0.3333333333333333,0.0,0,0.15543073407810765,0.012680665394055086,0.012708390270565728,0.4367730332189461
hat__03,daily_object,hat,after_root_restoration,4,2,1,0,0.3333333333333333,0.0,0,0.15543073407810765,0.012680665394055086,0.012708390270565728,0.4367730332189461
hat__03,daily_object,hat,identity_supported_before_remainder,4,2,1,0,0.3333333333333333,0.0,0,0.15543073407810765,0.012680665394055086,0.012708390270565728,0.4310634084228613
hat__03,daily_object,hat,identity_plus_eligible_remainder,4,2,1,0,0.3333333333333333,0.0,0,0.15543073407810765,0.012680665394055086,0.012708390270565728,0.4310634084228613
hat__03,daily_object,hat,after_remainder_attachment_before_filter,4,2,1,0,0.3333333333333333,0.0,0,0.15543073407810765,0.012680665394055086,0.012708390270565728,0.4310634084228613
hat__03,daily_object,hat,final_hpid,4,2,1,0,0.3333333333333333,0.0,0,0.15543073407810765,0.012680665394055086,0.012708390270565728,0.4310634084228613
hat__03,daily_object,hat,final_dbscan,5,2,1,1,0.2857142857142857,0.2857142857142857,0,0.2648817566095135,0.21993793638479442,0.23244055752937962,0.8662104703279183
hat__04,daily_object,hat,input_pool,5,2,0,0,0.0,0.0,7004,0.14373167320061195,0.0,0.0,0.8671066405954267
hat__04,daily_object,hat,after_same_source_dedup,5,2,0,0,0.0,0.0,7004,0.14373167320061195,0.0,0.0,0.8671066405954267
hat__04,daily_object,hat,after_instance_cap,5,2,0,0,0.0,0.0,7004,0.14373167320061195,0.0,0.0,0.8671066405954267
hat__04,daily_object,hat,after_hierarchy_duplicate_filter,5,2,0,0,0.0,0.0,7004,0.14373167320061195,0.0,0.0,0.8671066405954267
hat__04,daily_object,hat,diagnostic_consensus_argmax,0,2,0,0,0.0,0.0,0,0.0,0.0,0.0,0.0
hat__04,daily_object,hat,diagnostic_parent_support_argmax,0,2,0,0,0.0,0.0,0,0.0,0.0,0.0,0.0
hat__04,daily_object,hat,diagnostic_parent_residual_argmax,3,2,0,0,0.0,0.0,0,0.08880155321029981,0.0,0.0,0.5004547673559534
hat__04,daily_object,hat,diagnostic_specificity_argmax,3,2,0,0,0.0,0.0,0,0.08915876724689792,0.0,0.0,0.5942292580922222
hat__04,daily_object,hat,actual_semantic_argmax,4,2,0,0,0.0,0.0,0,0.08915876724689792,0.0,0.0,0.6067640770337264
hat__04,daily_object,hat,after_direct_detail_gate,5,2,0,0,0.0,0.0,0,0.08915876724689792,0.0,0.0,0.6159562775908295
hat__04,daily_object,hat,after_cleanup,5,2,0,0,0.0,0.0,0,0.08915876724689792,0.0,0.0,0.6159562775908295
hat__04,daily_object,hat,after_root_restoration,5,2,0,0,0.0,0.0,0,0.08915876724689792,0.0,0.0,0.6159562775908295
hat__04,daily_object,hat,identity_supported_before_remainder,5,2,0,0,0.0,0.0,0,0.08915876724689792,0.0,0.0,0.6159562775908295
hat__04,daily_object,hat,identity_plus_eligible_remainder,5,2,0,0,0.0,0.0,0,0.08915876724689792,0.0,0.0,0.6159562775908295
hat__04,daily_object,hat,after_remainder_attachment_before_filter,5,2,0,0,0.0,0.0,0,0.08915876724689792,0.0,0.0,0.6159562775908295
hat__04,daily_object,hat,final_hpid,5,2,0,0,0.0,0.0,0,0.08915876724689792,0.0,0.0,0.6159562775908295
hat__04,daily_object,hat,final_dbscan,5,2,0,0,0.0,0.0,0,0.10913310583268951,0.0,0.0,0.8671066405954267
helmet__01,daily_object,helmet,input_pool,7,2,1,0,0.2222222222222222,0.0,14436,0.48801800304379256,0.05850029588299941,0.3825317855168601,0.877704744045848
helmet__01,daily_object,helmet,after_same_source_dedup,7,2,1,0,0.2222222222222222,0.0,14436,0.48801800304379256,0.05850029588299941,0.3825317855168601,0.877704744045848
helmet__01,daily_object,helmet,after_instance_cap,7,2,1,0,0.2222222222222222,0.0,14436,0.48801800304379256,0.05850029588299941,0.3825317855168601,0.877704744045848
helmet__01,daily_object,helmet,after_hierarchy_duplicate_filter,7,2,1,0,0.2222222222222222,0.0,14436,0.48801800304379256,0.05850029588299941,0.3825317855168601,0.877704744045848
helmet__01,daily_object,helmet,diagnostic_consensus_argmax,2,2,0,0,0.0,0.0,0,0.0005984505950202987,0.0,0.0,0.0006024637612871685
helmet__01,daily_object,helmet,diagnostic_parent_support_argmax,2,2,0,0,0.0,0.0,0,0.0005984505950202987,0.0,0.0,0.0006024637612871685
helmet__01,daily_object,helmet,diagnostic_parent_residual_argmax,4,2,0,0,0.0,0.0,0,0.0005984505950202987,0.0,0.0,0.0006024637612871685
helmet__01,daily_object,helmet,diagnostic_specificity_argmax,4,2,0,0,0.0,0.0,0,0.0005984505950202987,0.0,0.0,0.0006024637612871685
helmet__01,daily_object,helmet,actual_semantic_argmax,5,2,0,0,0.0,0.0,0,0.09062275142436463,0.0,0.0,0.11305277374963714
helmet__01,daily_object,helmet,after_direct_detail_gate,6,2,1,0,0.25,0.0,0,0.16918713289311896,0.023546273546273547,0.03178551686014373,0.29676761895535897
helmet__01,daily_object,helmet,after_cleanup,6,2,1,0,0.25,0.0,0,0.16918713289311896,0.023546273546273547,0.03178551686014373,0.29611548303035234
helmet__01,daily_object,helmet,after_root_restoration,6,2,1,0,0.25,0.0,0,0.16918713289311896,0.023546273546273547,0.03178551686014373,0.29611548303035234
helmet__01,daily_object,helmet,identity_supported_before_remainder,6,2,1,0,0.25,0.0,0,0.16918713289311896,0.023546273546273547,0.03178551686014373,0.29611548303035234
helmet__01,daily_object,helmet,identity_plus_eligible_remainder,6,2,1,0,0.25,0.0,0,0.16918713289311896,0.023546273546273547,0.03178551686014373,0.29611548303035234
helmet__01,daily_object,helmet,after_remainder_attachment_before_filter,6,2,1,0,0.25,0.0,0,0.16918713289311896,0.023546273546273547,0.03178551686014373,0.29611548303035234
helmet__01,daily_object,helmet,final_hpid,6,2,1,0,0.25,0.0,0,0.16918713289311896,0.023546273546273547,0.03178551686014373,0.29611548303035234
helmet__01,daily_object,helmet,final_dbscan,5,2,1,0,0.2857142857142857,0.0,0,0.41939009571595287,0.0,0.0,0.6817343839119523
helmet__02,daily_object,helmet,input_pool,10,2,2,1,0.3333333333333333,0.16666666666666666,2367,0.7118152861161482,0.17883895131086142,0.49869451697127937,0.9951100244498777
helmet__02,daily_object,helmet,after_same_source_dedup,10,2,2,1,0.3333333333333333,0.16666666666666666,2367,0.7118152861161482,0.17883895131086142,0.49869451697127937,0.9951100244498777
helmet__02,daily_object,helmet,after_instance_cap,10,2,2,1,0.3333333333333333,0.16666666666666666,2367,0.7118152861161482,0.17883895131086142,0.49869451697127937,0.9951100244498777
helmet__02,daily_object,helmet,after_hierarchy_duplicate_filter,10,2,2,1,0.3333333333333333,0.16666666666666666,2367,0.7118152861161482,0.17883895131086142,0.49869451697127937,0.9951100244498777
helmet__02,daily_object,helmet,diagnostic_consensus_argmax,2,2,0,0,0.0,0.0,0,0.0,0.0,0.0,0.0
helmet__02,daily_object,helmet,diagnostic_parent_support_argmax,2,2,0,0,0.0,0.0,0,0.0,0.0,0.0,0.0
helmet__02,daily_object,helmet,diagnostic_parent_residual_argmax,6,2,2,0,0.5,0.0,0,0.6285045841181611,0.01174934725848564,0.01174934725848564,0.7644895848627806
helmet__02,daily_object,helmet,diagnostic_specificity_argmax,6,2,2,0,0.5,0.0,0,0.6285045841181611,0.01174934725848564,0.01174934725848564,0.7723224830351044
helmet__02,daily_object,helmet,actual_semantic_argmax,6,2,2,0,0.5,0.0,0,0.6241169969084881,0.011508951406649617,0.01174934725848564,0.7723224830351044
helmet__02,daily_object,helmet,after_direct_detail_gate,7,2,2,0,0.4444444444444444,0.0,0,0.6241169969084881,0.010273972602739725,0.01174934725848564,0.7723224830351044
helmet__02,daily_object,helmet,after_cleanup,7,2,2,0,0.4444444444444444,0.0,0,0.6230424401631456,0.0,0.0,0.7605731357766188
helmet__02,daily_object,helmet,after_root_restoration,7,2,2,0,0.4444444444444444,0.0,0,0.6230424401631456,0.0,0.0,0.7605731357766188
helmet__02,daily_object,helmet,identity_supported_before_remainder,8,2,2,0,0.4,0.0,0,0.6230424401631456,0.0,0.0,0.7605731357766188
helmet__02,daily_object,helmet,identity_plus_eligible_remainder,8,2,2,0,0.4,0.0,0,0.6230424401631456,0.0,0.0,0.7605731357766188
helmet__02,daily_object,helmet,after_remainder_attachment_before_filter,8,2,2,0,0.4,0.0,0,0.6230424401631456,0.0,0.0,0.7605731357766188
helmet__02,daily_object,helmet,final_hpid,7,2,2,0,0.4444444444444444,0.0,0,0.6230424401631456,0.0,0.0,0.6835496370821018
helmet__02,daily_object,helmet,final_dbscan,9,2,2,0,0.36363636363636365,0.0,0,0.7118152861161482,0.0,0.0,0.9951100244498777
helmet__03,daily_object,helmet,input_pool,3,2,1,0,0.4,0.0,0,0.25253689070002766,0.0,0.0,0.4450058879199972
helmet__03,daily_object,helmet,after_same_source_dedup,3,2,1,0,0.4,0.0,0,0.25253689070002766,0.0,0.0,0.4450058879199972
helmet__03,daily_object,helmet,after_instance_cap,3,2,1,0,0.4,0.0,0,0.25253689070002766,0.0,0.0,0.4450058879199972
helmet__03,daily_object,helmet,after_hierarchy_duplicate_filter,3,2,1,0,0.4,0.0,0,0.25253689070002766,0.0,0.0,0.4450058879199972
helmet__03,daily_object,helmet,diagnostic_consensus_argmax,3,2,0,0,0.0,0.0,0,0.056619377708889466,0.0,0.0,0.05787730468025901
helmet__03,daily_object,helmet,diagnostic_parent_support_argmax,3,2,0,0,0.0,0.0,0,0.056619377708889466,0.0,0.0,0.05787730468025901
helmet__03,daily_object,helmet,diagnostic_parent_residual_argmax,3,2,1,0,0.4,0.0,0,0.24194902612345887,0.0,0.0,0.4173990863420384
helmet__03,daily_object,helmet,diagnostic_specificity_argmax,3,2,1,0,0.4,0.0,0,0.24194902612345887,0.0,0.0,0.4173990863420384
helmet__03,daily_object,helmet,actual_semantic_argmax,3,2,1,0,0.4,0.0,0,0.24194902612345887,0.0,0.0,0.4173990863420384
helmet__03,daily_object,helmet,after_direct_detail_gate,3,2,1,0,0.4,0.0,0,0.24194902612345887,0.0,0.0,0.4173990863420384
helmet__03,daily_object,helmet,after_cleanup,3,2,1,0,0.4,0.0,0,0.24194902612345887,0.0,0.0,0.4173990863420384
helmet__03,daily_object,helmet,after_root_restoration,3,2,1,0,0.4,0.0,0,0.24194902612345887,0.0,0.0,0.4173990863420384
helmet__03,daily_object,helmet,identity_supported_before_remainder,3,2,1,0,0.4,0.0,0,0.24194902612345887,0.0,0.0,0.4173990863420384
helmet__03,daily_object,helmet,identity_plus_eligible_remainder,3,2,1,0,0.4,0.0,0,0.24194902612345887,0.0,0.0,0.4173990863420384
helmet__03,daily_object,helmet,after_remainder_attachment_before_filter,3,2,1,0,0.4,0.0,0,0.24194902612345887,0.0,0.0,0.4173990863420384
helmet__03,daily_object,helmet,final_hpid,3,2,1,0,0.4,0.0,0,0.24194902612345887,0.0,0.0,0.4173990863420384
helmet__03,daily_object,helmet,final_dbscan,3,2,1,0,0.4,0.0,0,0.25253689070002766,0.0,0.0,0.4450058879199972
helmet__04,daily_object,helmet,input_pool,10,2,2,1,0.3333333333333333,0.16666666666666666,644,0.3953516913552404,0.2674643674115784,0.46214654910307085,0.850284498110585
helmet__04,daily_object,helmet,after_same_source_dedup,10,2,2,1,0.3333333333333333,0.16666666666666666,644,0.3953516913552404,0.2674643674115784,0.46214654910307085,0.850284498110585
helmet__04,daily_object,helmet,after_instance_cap,10,2,2,1,0.3333333333333333,0.16666666666666666,644,0.3953516913552404,0.2674643674115784,0.46214654910307085,0.850284498110585
helmet__04,daily_object,helmet,after_hierarchy_duplicate_filter,10,2,2,1,0.3333333333333333,0.16666666666666666,644,0.3953516913552404,0.2674643674115784,0.46214654910307085,0.850284498110585
helmet__04,daily_object,helmet,diagnostic_consensus_argmax,2,2,0,0,0.0,0.0,0,0.0,0.0,0.0,0.0
helmet__04,daily_object,helmet,diagnostic_parent_support_argmax,1,2,0,0,0.0,0.0,0,0.0,0.0,0.0,0.0
helmet__04,daily_object,helmet,diagnostic_parent_residual_argmax,2,2,0,0,0.0,0.0,0,0.13234893851906082,0.0,0.0,0.14214046822742474
helmet__04,daily_object,helmet,diagnostic_specificity_argmax,5,2,0,0,0.0,0.0,0,0.13234893851906082,0.0,0.0,0.14214046822742474
helmet__04,daily_object,helmet,actual_semantic_argmax,5,2,1,0,0.2857142857142857,0.0,0,0.14291104560945006,0.0,0.0,0.17136776267211049
helmet__04,daily_object,helmet,after_direct_detail_gate,6,2,2,1,0.5,0.25,0,0.3075573015149532,0.17966997757129125,0.34098510185466707,0.6269491378187031
helmet__04,daily_object,helmet,after_cleanup,6,2,2,1,0.5,0.25,0,0.3075573015149532,0.17966997757129125,0.34098510185466707,0.6269491378187031
helmet__04,daily_object,helmet,after_root_restoration,6,2,2,1,0.5,0.25,0,0.3075573015149532,0.17966997757129125,0.34098510185466707,0.6269491378187031
helmet__04,daily_object,helmet,identity_supported_before_remainder,9,2,2,1,0.36363636363636365,0.18181818181818182,0,0.36519159817133867,0.2373042742276767,0.34098510185466707,0.6269491378187031
helmet__04,daily_object,helmet,identity_plus_eligible_remainder,9,2,2,1,0.36363636363636365,0.18181818181818182,0,0.36519159817133867,0.2373042742276767,0.34098510185466707,0.6269491378187031
helmet__04,daily_object,helmet,after_remainder_attachment_before_filter,9,2,2,1,0.36363636363636365,0.18181818181818182,0,0.36519159817133867,0.2373042742276767,0.34098510185466707,0.6269491378187031
helmet__04,daily_object,helmet,final_hpid,9,2,2,1,0.36363636363636365,0.18181818181818182,0,0.36519159817133867,0.2373042742276767,0.34098510185466707,0.6269491378187031
helmet__04,daily_object,helmet,final_dbscan,10,2,2,1,0.3333333333333333,0.16666666666666666,0,0.3953516913552404,0.2674643674115784,0.46214654910307085,0.850284498110585
jar__01,container,jar,input_pool,10,4,3,3,0.42857142857142855,0.42857142857142855,27338,0.5812118438967349,0.5640408304674486,0.961465130186957,0.9919778437855273
jar__01,container,jar,after_same_source_dedup,10,4,3,3,0.42857142857142855,0.42857142857142855,27338,0.5812118438967349,0.5640408304674486,0.961465130186957,0.9919778437855273
jar__01,container,jar,after_instance_cap,10,4,3,3,0.42857142857142855,0.42857142857142855,27338,0.5812118438967349,0.5640408304674486,0.961465130186957,0.9919778437855273
jar__01,container,jar,after_hierarchy_duplicate_filter,10,4,3,3,0.42857142857142855,0.42857142857142855,27338,0.5812118438967349,0.5640408304674486,0.961465130186957,0.9919778437855273
jar__01,container,jar,diagnostic_consensus_argmax,3,4,1,1,0.2857142857142857,0.2857142857142857,0,0.3672718104895379,0.175017548205954,0.2469558378000466,0.9919778437855273
jar__01,container,jar,diagnostic_parent_support_argmax,3,4,1,1,0.2857142857142857,0.2857142857142857,0,0.3672718104895379,0.175017548205954,0.2469558378000466,0.9919778437855273
jar__01,container,jar,diagnostic_parent_residual_argmax,3,4,1,1,0.2857142857142857,0.2857142857142857,0,0.3672718104895379,0.175017548205954,0.2469558378000466,0.9919778437855273
jar__01,container,jar,diagnostic_specificity_argmax,5,4,2,1,0.4444444444444444,0.2222222222222222,0,0.6143065391626423,0.2237627758246358,0.22732983294766573,0.9919778437855273
jar__01,container,jar,actual_semantic_argmax,5,4,2,1,0.4444444444444444,0.2222222222222222,0,0.5831245384953371,0.23673761267071444,0.2472919492658065,0.9919778437855273
jar__01,container,jar,after_direct_detail_gate,7,4,2,1,0.36363636363636365,0.18181818181818182,0,0.5384368405308999,0.25439954358534134,0.2846137133199116,0.9919778437855273
jar__01,container,jar,after_cleanup,5,4,2,1,0.4444444444444444,0.2222222222222222,0,0.5413141674471781,0.2525767227475426,0.28249513201771453,0.9912204866014535
jar__01,container,jar,after_root_restoration,5,4,2,1,0.4444444444444444,0.2222222222222222,0,0.5409443423881591,0.2523509186748048,0.28249513201771453,0.9919778437855273
jar__01,container,jar,identity_supported_before_remainder,7,4,2,1,0.36363636363636365,0.18181818181818182,0,0.5407673136386902,0.22528837076734892,0.28249513201771453,0.9917975206464622
jar__01,container,jar,identity_plus_eligible_remainder,7,4,2,1,0.36363636363636365,0.18181818181818182,0,0.5407673136386902,0.22528837076734892,0.28249513201771453,0.9917975206464622
jar__01,container,jar,after_remainder_attachment_before_filter,7,4,2,1,0.36363636363636365,0.18181818181818182,0,0.5407673136386902,0.22528837076734892,0.28249513201771453,0.9917975206464622
jar__01,container,jar,final_hpid,7,4,2,1,0.36363636363636365,0.18181818181818182,0,0.5407673136386902,0.22528837076734892,0.28249513201771453,0.9917975206464622
jar__01,container,jar,final_dbscan,7,4,3,2,0.5454545454545454,0.36363636363636365,0,0.46569371379866153,0.24784213470221633,0.5650712248417874,0.9919038579288029
jar__02,container,jar,input_pool,11,4,3,3,0.4,0.4,29980,0.6121729658231363,0.5872407824744863,0.7357872275021379,0.961179355591879
jar__02,container,jar,after_same_source_dedup,11,4,3,3,0.4,0.4,29980,0.6121729658231363,0.5872407824744863,0.7357872275021379,0.961179355591879
jar__02,container,jar,after_instance_cap,11,4,3,3,0.4,0.4,29980,0.6121729658231363,0.5872407824744863,0.7357872275021379,0.961179355591879
jar__02,container,jar,after_hierarchy_duplicate_filter,11,4,3,3,0.4,0.4,29980,0.6121729658231363,0.5872407824744863,0.7357872275021379,0.961179355591879
jar__02,container,jar,diagnostic_consensus_argmax,4,4,2,1,0.5,0.25,0,0.40266085787528466,0.2616479585874867,0.2663808299076657,0.961179355591879
jar__02,container,jar,diagnostic_parent_support_argmax,4,4,2,1,0.5,0.25,0,0.40266085787528466,0.2616479585874867,0.2663808299076657,0.961179355591879
jar__02,container,jar,diagnostic_parent_residual_argmax,4,4,2,1,0.5,0.25,0,0.39288417685273164,0.2567177124403827,0.2614216057507338,0.961179355591879
jar__02,container,jar,diagnostic_specificity_argmax,4,4,4,2,1.0,0.5,0,0.5357825859907559,0.42802396530110076,0.5788720970819852,0.961179355591879
jar__02,container,jar,actual_semantic_argmax,4,4,3,2,0.75,0.5,0,0.399329055446381,0.3727599131608096,0.5233759343183775,0.961179355591879
jar__02,container,jar,after_direct_detail_gate,5,4,3,2,0.6666666666666666,0.4444444444444444,0,0.3848225944127086,0.3612272135555023,0.5097023400327583,0.961179355591879
jar__02,container,jar,after_cleanup,5,4,3,2,0.6666666666666666,0.4444444444444444,0,0.3846572262744523,0.361061845417246,0.5097326395745405,0.9583270074897844
jar__02,container,jar,after_root_restoration,5,4,3,2,0.6666666666666666,0.4444444444444444,0,0.38503856818438553,0.3614431873271792,0.5101734594996011,0.961179355591879
jar__02,container,jar,identity_supported_before_remainder,5,4,3,2,0.6666666666666666,0.4444444444444444,0,0.38506921497944546,0.36147383412223916,0.5099411174921662,0.9608919110938114
jar__02,container,jar,identity_plus_eligible_remainder,5,4,3,2,0.6666666666666666,0.4444444444444444,0,0.38506921497944546,0.36147383412223916,0.5099411174921662,0.9608919110938114
jar__02,container,jar,after_remainder_attachment_before_filter,5,4,3,2,0.6666666666666666,0.4444444444444444,0,0.38506921497944546,0.36147383412223916,0.5099411174921662,0.9608919110938114
jar__02,container,jar,final_hpid,5,4,3,2,0.6666666666666666,0.4444444444444444,0,0.38506921497944546,0.36147383412223916,0.5099411174921662,0.9608919110938114
jar__02,container,jar,final_dbscan,4,4,2,2,0.5,0.5,0,0.421412339098492,0.399930708903752,0.5900892264320434,0.961179355591879
jar__03,container,jar,input_pool,7,4,3,1,0.5454545454545454,0.18181818181818182,27080,0.7646133311798451,0.08336822273393343,0.23962093862815884,0.9828231950251839
jar__03,container,jar,after_same_source_dedup,7,4,3,1,0.5454545454545454,0.18181818181818182,27080,0.7646133311798451,0.08336822273393343,0.23962093862815884,0.9828231950251839
jar__03,container,jar,after_instance_cap,7,4,3,1,0.5454545454545454,0.18181818181818182,27080,0.7646133311798451,0.08336822273393343,0.23962093862815884,0.9828231950251839
jar__03,container,jar,after_hierarchy_duplicate_filter,7,4,3,1,0.5454545454545454,0.18181818181818182,27080,0.7646133311798451,0.08336822273393343,0.23962093862815884,0.9828231950251839
jar__03,container,jar,diagnostic_consensus_argmax,2,4,2,1,0.6666666666666666,0.3333333333333333,0,0.21828641044027117,0.10045431600201918,0.2394705174488568,0.9828231950251839
jar__03,container,jar,diagnostic_parent_support_argmax,2,4,2,1,0.6666666666666666,0.3333333333333333,0,0.21828641044027117,0.10045431600201918,0.2394705174488568,0.9828231950251839
jar__03,container,jar,diagnostic_parent_residual_argmax,2,4,2,1,0.6666666666666666,0.3333333333333333,0,0.21828641044027117,0.10045431600201918,0.2394705174488568,0.9828231950251839
jar__03,container,jar,diagnostic_specificity_argmax,3,4,3,1,0.8571428571428571,0.2857142857142857,0,0.6720342159426006,0.12319416832339297,0.18642198154833534,0.9828231950251839
jar__03,container,jar,actual_semantic_argmax,4,4,3,1,0.75,0.25,0,0.66918217731023,0.12034212969102241,0.18200962695547532,0.9828231950251839
jar__03,container,jar,after_direct_detail_gate,5,4,3,1,0.6666666666666666,0.2222222222222222,0,0.6439348423122826,0.10108782170336959,0.15282791817087846,0.9828231950251839
jar__03,container,jar,after_cleanup,5,4,3,1,0.6666666666666666,0.2222222222222222,0,0.6448972227870959,0.10208416301606266,0.15423184917769756,0.9828231950251839
jar__03,container,jar,after_root_restoration,5,4,3,1,0.6666666666666666,0.2222222222222222,0,0.6448159779299403,0.10200291815890701,0.15423184917769756,0.9828231950251839
jar__03,container,jar,identity_supported_before_remainder,5,4,3,1,0.6666666666666666,0.2222222222222222,0,0.64484993876782,0.10200291815890701,0.15423184917769756,0.9828231950251839
jar__03,container,jar,identity_plus_eligible_remainder,5,4,3,1,0.6666666666666666,0.2222222222222222,0,0.64484993876782,0.10200291815890701,0.15423184917769756,0.9828231950251839
jar__03,container,jar,after_remainder_attachment_before_filter,5,4,3,1,0.6666666666666666,0.2222222222222222,0,0.64484993876782,0.10200291815890701,0.15423184917769756,0.9828231950251839
jar__03,container,jar,final_hpid,5,4,3,1,0.6666666666666666,0.2222222222222222,0,0.64484993876782,0.10200291815890701,0.15423184917769756,0.9828231950251839
jar__03,container,jar,final_dbscan,5,4,3,0,0.6666666666666666,0.0,0,0.6800675225416285,0.007033161185104648,0.010379061371841155,0.9828231950251839
jar__04,container,jar,input_pool,6,4,2,2,0.4,0.4,20790,0.5284905493218094,0.38095425962948803,0.4911901781133591,0.9962362121076933
jar__04,container,jar,after_same_source_dedup,6,4,2,2,0.4,0.4,20790,0.5284905493218094,0.38095425962948803,0.4911901781133591,0.9962362121076933
jar__04,container,jar,after_instance_cap,6,4,2,2,0.4,0.4,20790,0.5284905493218094,0.38095425962948803,0.4911901781133591,0.9962362121076933
jar__04,container,jar,after_hierarchy_duplicate_filter,6,4,2,2,0.4,0.4,20790,0.5284905493218094,0.38095425962948803,0.4911901781133591,0.9962362121076933
jar__04,container,jar,diagnostic_consensus_argmax,1,4,1,1,0.4,0.4,0,0.27783594699353525,0.15868263473053892,0.24778543307086615,0.9962362121076933
jar__04,container,jar,diagnostic_parent_support_argmax,1,4,1,1,0.4,0.4,0,0.27783594699353525,0.15868263473053892,0.24778543307086615,0.9962362121076933
jar__04,container,jar,diagnostic_parent_residual_argmax,1,4,1,1,0.4,0.4,0,0.27783594699353525,0.15868263473053892,0.24778543307086615,0.9962362121076933
jar__04,container,jar,diagnostic_specificity_argmax,1,4,1,1,0.4,0.4,0,0.27783594699353525,0.15868263473053892,0.24778543307086615,0.9962362121076933
jar__04,container,jar,actual_semantic_argmax,1,4,1,1,0.4,0.4,0,0.27783594699353525,0.15868263473053892,0.24778543307086615,0.9962362121076933
jar__04,container,jar,after_direct_detail_gate,2,4,1,1,0.3333333333333333,0.3333333333333333,0,0.2773120144606376,0.15767412543334383,0.24621062992125983,0.9962362121076933
jar__04,container,jar,after_cleanup,2,4,1,1,0.3333333333333333,0.3333333333333333,0,0.2776554018075408,0.1583359596596281,0.247244094488189,0.9962362121076933
jar__04,container,jar,after_root_restoration,2,4,1,1,0.3333333333333333,0.3333333333333333,0,0.2776554018075408,0.1583359596596281,0.247244094488189,0.9962362121076933
jar__04,container,jar,identity_supported_before_remainder,2,4,1,1,0.3333333333333333,0.3333333333333333,0,0.2776554018075408,0.1583359596596281,0.247244094488189,0.9962362121076933
jar__04,container,jar,identity_plus_eligible_remainder,2,4,1,1,0.3333333333333333,0.3333333333333333,0,0.2776554018075408,0.1583359596596281,0.247244094488189,0.9962362121076933
jar__04,container,jar,after_remainder_attachment_before_filter,2,4,1,1,0.3333333333333333,0.3333333333333333,0,0.2776554018075408,0.1583359596596281,0.247244094488189,0.9962362121076933
jar__04,container,jar,final_hpid,2,4,1,1,0.3333333333333333,0.3333333333333333,0,0.2776554018075408,0.1583359596596281,0.247244094488189,0.9962362121076933
jar__04,container,jar,final_dbscan,5,4,2,2,0.4444444444444444,0.4444444444444444,0,0.43020437080838037,0.3218223061241882,0.34480730409761107,0.9962362121076933
kettle__01,device,kettle,input_pool,4,5,1,1,0.2222222222222222,0.2222222222222222,438,0.19291219413243238,0.10746781115879829,0.19744173821622568,0.7486487734011991
kettle__01,device,kettle,after_same_source_dedup,4,5,1,1,0.2222222222222222,0.2222222222222222,438,0.19291219413243238,0.10746781115879829,0.19744173821622568,0.7486487734011991
kettle__01,device,kettle,after_instance_cap,4,5,1,1,0.2222222222222222,0.2222222222222222,438,0.19291219413243238,0.10746781115879829,0.19744173821622568,0.7486487734011991
kettle__01,device,kettle,after_hierarchy_duplicate_filter,4,5,1,1,0.2222222222222222,0.2222222222222222,438,0.19291219413243238,0.10746781115879829,0.19744173821622568,0.7486487734011991
kettle__01,device,kettle,diagnostic_consensus_argmax,2,5,1,1,0.2857142857142857,0.2857142857142857,0,0.1688970511204006,0.10756013745704467,0.19744173821622568,0.7486487734011991
kettle__01,device,kettle,diagnostic_parent_support_argmax,2,5,1,1,0.2857142857142857,0.2857142857142857,0,0.1688970511204006,0.10756013745704467,0.19744173821622568,0.7486487734011991
kettle__01,device,kettle,diagnostic_parent_residual_argmax,3,5,1,1,0.25,0.25,0,0.16584632239828162,0.10315005727376862,0.18934641668126861,0.7486487734011991
kettle__01,device,kettle,diagnostic_specificity_argmax,4,5,1,1,0.2222222222222222,0.2222222222222222,0,0.16415632027708899,0.10066819396716305,0.18479060802523217,0.7486487734011991
kettle__01,device,kettle,actual_semantic_argmax,4,5,1,1,0.2222222222222222,0.2222222222222222,0,0.16595735802318917,0.10077400860009555,0.18479060802523217,0.7486487734011991
kettle__01,device,kettle,after_direct_detail_gate,4,5,1,1,0.2222222222222222,0.2222222222222222,0,0.18913800168304912,0.10132590315142198,0.18479060802523217,0.7486487734011991
kettle__01,device,kettle,after_cleanup,4,5,1,1,0.2222222222222222,0.2222222222222222,0,0.18913800168304912,0.10132590315142198,0.18479060802523217,0.7486487734011991
kettle__01,device,kettle,after_root_restoration,4,5,1,1,0.2222222222222222,0.2222222222222222,0,0.18913800168304912,0.10132590315142198,0.18479060802523217,0.7486487734011991
kettle__01,device,kettle,identity_supported_before_remainder,4,5,1,1,0.2222222222222222,0.2222222222222222,0,0.18913800168304912,0.10132590315142198,0.18479060802523217,0.7486487734011991
kettle__01,device,kettle,identity_plus_eligible_remainder,4,5,1,1,0.2222222222222222,0.2222222222222222,0,0.18913800168304912,0.10132590315142198,0.18479060802523217,0.7486487734011991
kettle__01,device,kettle,after_remainder_attachment_before_filter,4,5,1,1,0.2222222222222222,0.2222222222222222,0,0.18913800168304912,0.10132590315142198,0.18479060802523217,0.7486487734011991
kettle__01,device,kettle,final_hpid,4,5,1,1,0.2222222222222222,0.2222222222222222,0,0.18913800168304912,0.10132590315142198,0.18479060802523217,0.7486487734011991
kettle__01,device,kettle,final_dbscan,4,5,1,1,0.2222222222222222,0.2222222222222222,0,0.18913800168304912,0.10132590315142198,0.18479060802523217,0.7486487734011991
kettle__02,device,kettle,input_pool,6,5,2,1,0.36363636363636365,0.18181818181818182,2753,0.3039875553340473,0.20988595756321918,0.3660591181867778,0.711043373697349
kettle__02,device,kettle,after_same_source_dedup,6,5,2,1,0.36363636363636365,0.18181818181818182,2753,0.3039875553340473,0.20988595756321918,0.3660591181867778,0.711043373697349
kettle__02,device,kettle,after_instance_cap,6,5,2,1,0.36363636363636365,0.18181818181818182,2753,0.3039875553340473,0.20988595756321918,0.3660591181867778,0.711043373697349
kettle__02,device,kettle,after_hierarchy_duplicate_filter,6,5,2,1,0.36363636363636365,0.18181818181818182,2753,0.3039875553340473,0.20988595756321918,0.3660591181867778,0.711043373697349
kettle__02,device,kettle,diagnostic_consensus_argmax,1,5,0,0,0.0,0.0,0,0.1119137354399713,0.042053789731051346,0.19822695035460994,0.711043373697349
kettle__02,device,kettle,diagnostic_parent_support_argmax,1,5,0,0,0.0,0.0,0,0.1119137354399713,0.042053789731051346,0.19822695035460994,0.711043373697349
kettle__02,device,kettle,diagnostic_parent_residual_argmax,2,5,1,0,0.2857142857142857,0.0,0,0.1462754452625788,0.037727759914255095,0.15602836879432624,0.711043373697349
kettle__02,device,kettle,diagnostic_specificity_argmax,3,5,1,0,0.25,0.0,0,0.16803264419745112,0.023314943631566325,0.08617021276595745,0.711043373697349
kettle__02,device,kettle,actual_semantic_argmax,3,5,1,0,0.25,0.0,0,0.17511552731690147,0.023603691112190385,0.08617021276595745,0.711043373697349
kettle__02,device,kettle,after_direct_detail_gate,3,5,1,0,0.25,0.0,0,0.17644708989274965,0.02364963503649635,0.08617021276595745,0.711043373697349
kettle__02,device,kettle,after_cleanup,3,5,1,0,0.25,0.0,0,0.17644708989274965,0.02364963503649635,0.08617021276595745,0.711043373697349
kettle__02,device,kettle,after_root_restoration,3,5,1,0,0.25,0.0,0,0.17644708989274965,0.02364963503649635,0.08617021276595745,0.711043373697349
kettle__02,device,kettle,identity_supported_before_remainder,3,5,1,0,0.25,0.0,0,0.17644708989274965,0.02364963503649635,0.08617021276595745,0.711043373697349
kettle__02,device,kettle,identity_plus_eligible_remainder,3,5,1,0,0.25,0.0,0,0.17644708989274965,0.02364963503649635,0.08617021276595745,0.711043373697349
kettle__02,device,kettle,after_remainder_attachment_before_filter,3,5,1,0,0.25,0.0,0,0.17644708989274965,0.02364963503649635,0.08617021276595745,0.711043373697349
kettle__02,device,kettle,final_hpid,3,5,1,0,0.25,0.0,0,0.17644708989274965,0.02364963503649635,0.08617021276595745,0.711043373697349
kettle__02,device,kettle,final_dbscan,6,5,2,1,0.36363636363636365,0.18181818181818182,0,0.2861387992594981,0.17187051359236788,0.22597083767296536,0.711043373697349
kettle__03,device,kettle,input_pool,9,4,3,3,0.46153846153846156,0.46153846153846156,5034,0.5628491909276165,0.5528438547483209,0.6412575633459449,0.9207445932426825
kettle__03,device,kettle,after_same_source_dedup,9,4,3,3,0.46153846153846156,0.46153846153846156,5034,0.5628491909276165,0.5528438547483209,0.6412575633459449,0.9207445932426825
kettle__03,device,kettle,after_instance_cap,9,4,3,3,0.46153846153846156,0.46153846153846156,5034,0.5628491909276165,0.5528438547483209,0.6412575633459449,0.9207445932426825
kettle__03,device,kettle,after_hierarchy_duplicate_filter,9,4,3,3,0.46153846153846156,0.46153846153846156,5034,0.5628491909276165,0.5528438547483209,0.6412575633459449,0.9207445932426825
kettle__03,device,kettle,diagnostic_consensus_argmax,4,4,3,3,0.75,0.75,0,0.42458779672624436,0.41373291444141225,0.4541353747137835,0.9207445932426825
kettle__03,device,kettle,diagnostic_parent_support_argmax,4,4,3,3,0.75,0.75,0,0.42458779672624436,0.41373291444141225,0.4541353747137835,0.9207445932426825
kettle__03,device,kettle,diagnostic_parent_residual_argmax,7,4,3,3,0.5454545454545454,0.5454545454545454,0,0.4125489601135949,0.4011090577340951,0.43968135485996007,0.9207445932426825
kettle__03,device,kettle,diagnostic_specificity_argmax,7,4,3,3,0.5454545454545454,0.5454545454545454,0,0.3634383239806898,0.3489296832791164,0.3896902298428569,0.9207445932426825
kettle__03,device,kettle,actual_semantic_argmax,7,4,3,3,0.5454545454545454,0.5454545454545454,0,0.4532050267294734,0.43795492506212896,0.4876800053031395,0.9207445932426825
kettle__03,device,kettle,after_direct_detail_gate,7,4,3,3,0.5454545454545454,0.5454545454545454,0,0.4734672861603052,0.45801186645979686,0.5113521845568055,0.9207445932426825
kettle__03,device,kettle,after_cleanup,7,4,3,3,0.5454545454545454,0.5454545454545454,0,0.4746811103160401,0.4591767001727104,0.5127818632778769,0.9203082454735105
kettle__03,device,kettle,after_root_restoration,7,4,3,3,0.5454545454545454,0.5454545454545454,0,0.4750289732323213,0.4595608032886942,0.5132182110470489,0.9207445932426825
kettle__03,device,kettle,identity_supported_before_remainder,9,4,3,3,0.46153846153846156,0.46153846153846156,0,0.5033481705861053,0.48788000064247816,0.5132182110470489,0.9207445932426825
kettle__03,device,kettle,identity_plus_eligible_remainder,9,4,3,3,0.46153846153846156,0.46153846153846156,0,0.5033481705861053,0.48788000064247816,0.5132182110470489,0.9207445932426825
kettle__03,device,kettle,after_remainder_attachment_before_filter,9,4,3,3,0.46153846153846156,0.46153846153846156,0,0.5033481705861053,0.48788000064247816,0.5132182110470489,0.9207445932426825
kettle__03,device,kettle,final_hpid,9,4,3,3,0.46153846153846156,0.46153846153846156,0,0.5033481705861053,0.48788000064247816,0.5132182110470489,0.9207445932426825
kettle__03,device,kettle,final_dbscan,7,4,3,3,0.5454545454545454,0.5454545454545454,0,0.5423096937826866,0.5263499831854387,0.5669693556444066,0.9207445932426825
kettle__04,device,kettle,input_pool,10,4,3,1,0.42857142857142855,0.14285714285714285,1152,0.45629028843218267,0.16393811955542203,0.24255555555555555,0.988984126984127
kettle__04,device,kettle,after_same_source_dedup,10,4,3,1,0.42857142857142855,0.14285714285714285,1152,0.45629028843218267,0.16393811955542203,0.24255555555555555,0.988984126984127
kettle__04,device,kettle,after_instance_cap,10,4,3,1,0.42857142857142855,0.14285714285714285,1152,0.45629028843218267,0.16393811955542203,0.24255555555555555,0.988984126984127
kettle__04,device,kettle,after_hierarchy_duplicate_filter,10,4,3,1,0.42857142857142855,0.14285714285714285,1152,0.45629028843218267,0.16393811955542203,0.24255555555555555,0.988984126984127
kettle__04,device,kettle,diagnostic_consensus_argmax,1,4,1,1,0.4,0.4,0,0.23249006152032317,0.16393811955542203,0.24255555555555555,0.988984126984127
kettle__04,device,kettle,diagnostic_parent_support_argmax,1,4,1,1,0.4,0.4,0,0.23249006152032317,0.16393811955542203,0.24255555555555555,0.988984126984127
kettle__04,device,kettle,diagnostic_parent_residual_argmax,3,4,1,1,0.2857142857142857,0.2857142857142857,0,0.2443638307203183,0.1691860465116279,0.2425,0.988984126984127
kettle__04,device,kettle,diagnostic_specificity_argmax,4,4,1,1,0.25,0.25,0,0.29959097024022074,0.1683761352959599,0.23894444444444443,0.988984126984127
kettle__04,device,kettle,actual_semantic_argmax,5,4,1,1,0.2222222222222222,0.2222222222222222,0,0.2994595158779202,0.1682195427497651,0.23872222222222222,0.988984126984127
kettle__04,device,kettle,after_direct_detail_gate,6,4,1,1,0.2,0.2,0,0.29777543243401283,0.17068608723336517,0.23827777777777778,0.988984126984127
kettle__04,device,kettle,after_cleanup,5,4,1,1,0.2222222222222222,0.2222222222222222,0,0.2994684612321057,0.1711908931698774,0.23894444444444443,0.988984126984127
kettle__04,device,kettle,after_root_restoration,5,4,1,1,0.2222222222222222,0.2222222222222222,0,0.2994684612321057,0.1711908931698774,0.23894444444444443,0.988984126984127
kettle__04,device,kettle,identity_supported_before_remainder,7,4,2,1,0.36363636363636365,0.18181818181818182,0,0.3319684612321057,0.1711908931698774,0.23894444444444443,0.9869007936507936
kettle__04,device,kettle,identity_plus_eligible_remainder,7,4,2,1,0.36363636363636365,0.18181818181818182,0,0.3319684612321057,0.1711908931698774,0.23894444444444443,0.9869007936507936
kettle__04,device,kettle,after_remainder_attachment_before_filter,7,4,2,1,0.36363636363636365,0.18181818181818182,0,0.3319684612321057,0.1711908931698774,0.23894444444444443,0.9869007936507936
kettle__04,device,kettle,final_hpid,7,4,2,1,0.36363636363636365,0.18181818181818182,0,0.3319684612321057,0.1711908931698774,0.23894444444444443,0.9869007936507936
kettle__04,device,kettle,final_dbscan,10,4,3,1,0.42857142857142855,0.14285714285714285,0,0.46516640979035395,0.1870927980278218,0.2361111111111111,0.988984126984127
knife__01,tool_prop,knife,input_pool,1,2,1,0,0.6666666666666666,0.0,0,0.29195447027921007,0.0,0.0,0.29848816391485977
knife__01,tool_prop,knife,after_same_source_dedup,1,2,1,0,0.6666666666666666,0.0,0,0.29195447027921007,0.0,0.0,0.29848816391485977
knife__01,tool_prop,knife,after_instance_cap,1,2,1,0,0.6666666666666666,0.0,0,0.29195447027921007,0.0,0.0,0.29848816391485977
knife__01,tool_prop,knife,after_hierarchy_duplicate_filter,1,2,1,0,0.6666666666666666,0.0,0,0.29195447027921007,0.0,0.0,0.29848816391485977
knife__01,tool_prop,knife,diagnostic_consensus_argmax,0,2,0,0,0.0,0.0,0,0.0,0.0,0.0,0.0
knife__01,tool_prop,knife,diagnostic_parent_support_argmax,0,2,0,0,0.0,0.0,0,0.0,0.0,0.0,0.0
knife__01,tool_prop,knife,diagnostic_parent_residual_argmax,0,2,0,0,0.0,0.0,0,0.0,0.0,0.0,0.0
knife__01,tool_prop,knife,diagnostic_specificity_argmax,1,2,1,0,0.6666666666666666,0.0,0,0.29195447027921007,0.0,0.0,0.29848816391485977
knife__01,tool_prop,knife,actual_semantic_argmax,1,2,1,0,0.6666666666666666,0.0,0,0.29195447027921007,0.0,0.0,0.29848816391485977
knife__01,tool_prop,knife,after_direct_detail_gate,1,2,1,0,0.6666666666666666,0.0,0,0.29195447027921007,0.0,0.0,0.29848816391485977
knife__01,tool_prop,knife,after_cleanup,1,2,1,0,0.6666666666666666,0.0,0,0.29272197962154295,0.0,0.0,0.30002983887010143
knife__01,tool_prop,knife,after_root_restoration,1,2,1,0,0.6666666666666666,0.0,0,0.29272197962154295,0.0,0.0,0.30002983887010143
knife__01,tool_prop,knife,identity_supported_before_remainder,1,2,1,0,0.6666666666666666,0.0,0,0.29195447027921007,0.0,0.0,0.29848816391485977
knife__01,tool_prop,knife,identity_plus_eligible_remainder,1,2,1,0,0.6666666666666666,0.0,0,0.29195447027921007,0.0,0.0,0.29848816391485977
knife__01,tool_prop,knife,after_remainder_attachment_before_filter,1,2,1,0,0.6666666666666666,0.0,0,0.29195447027921007,0.0,0.0,0.29848816391485977
knife__01,tool_prop,knife,final_hpid,1,2,1,0,0.6666666666666666,0.0,0,0.29195447027921007,0.0,0.0,0.29848816391485977
knife__01,tool_prop,knife,final_dbscan,1,2,1,0,0.6666666666666666,0.0,0,0.29195447027921007,0.0,0.0,0.29848816391485977
knife__02,tool_prop,knife,input_pool,5,2,0,0,0.0,0.0,5295,0.0008794821061386542,0.0002887878131542849,0.0003197697657686466,0.0020142179200771768
knife__02,tool_prop,knife,after_same_source_dedup,5,2,0,0,0.0,0.0,5295,0.0008794821061386542,0.0002887878131542849,0.0003197697657686466,0.0020142179200771768
knife__02,tool_prop,knife,after_instance_cap,5,2,0,0,0.0,0.0,5295,0.0008794821061386542,0.0002887878131542849,0.0003197697657686466,0.0020142179200771768
knife__02,tool_prop,knife,after_hierarchy_duplicate_filter,5,2,0,0,0.0,0.0,5295,0.0008794821061386542,0.0002887878131542849,0.0003197697657686466,0.0020142179200771768
knife__02,tool_prop,knife,diagnostic_consensus_argmax,0,2,0,0,0.0,0.0,0,0.0,0.0,0.0,0.0
knife__02,tool_prop,knife,diagnostic_parent_support_argmax,0,2,0,0,0.0,0.0,0,0.0,0.0,0.0,0.0
knife__02,tool_prop,knife,diagnostic_parent_residual_argmax,0,2,0,0,0.0,0.0,0,0.0,0.0,0.0,0.0
knife__02,tool_prop,knife,diagnostic_specificity_argmax,3,2,0,0,0.0,0.0,0,0.0005906942929843693,0.0,0.0,0.0016145057128663686
knife__02,tool_prop,knife,actual_semantic_argmax,3,2,0,0,0.0,0.0,0,0.0005906942929843693,0.0,0.0,0.0016145057128663686
knife__02,tool_prop,knife,after_direct_detail_gate,4,2,0,0,0.0,0.0,0,0.0005906942929843693,0.0,0.0,0.0016145057128663686
knife__02,tool_prop,knife,after_cleanup,4,2,0,0,0.0,0.0,0,0.0005897296316457993,0.0,0.0,0.0016145057128663686
knife__02,tool_prop,knife,after_root_restoration,4,2,0,0,0.0,0.0,0,0.0005897296316457993,0.0,0.0,0.0016145057128663686
knife__02,tool_prop,knife,identity_supported_before_remainder,5,2,0,0,0.0,0.0,0,0.0005906942929843693,0.0,0.0,0.0016145057128663686
knife__02,tool_prop,knife,identity_plus_eligible_remainder,5,2,0,0,0.0,0.0,0,0.0005906942929843693,0.0,0.0,0.0016145057128663686
knife__02,tool_prop,knife,after_remainder_attachment_before_filter,5,2,0,0,0.0,0.0,0,0.0005906942929843693,0.0,0.0,0.0016145057128663686
knife__02,tool_prop,knife,final_hpid,5,2,0,0,0.0,0.0,0,0.0005906942929843693,0.0,0.0,0.0016145057128663686
knife__02,tool_prop,knife,final_dbscan,5,2,0,0,0.0,0.0,0,0.0009010560457492373,0.0,0.0,0.0020142179200771768
knife__03,tool_prop,knife,input_pool,1,2,0,0,0.0,0.0,0,0.0,0.0,0.0,0.0
knife__03,tool_prop,knife,after_same_source_dedup,1,2,0,0,0.0,0.0,0,0.0,0.0,0.0,0.0
knife__03,tool_prop,knife,after_instance_cap,1,2,0,0,0.0,0.0,0,0.0,0.0,0.0,0.0
knife__03,tool_prop,knife,after_hierarchy_duplicate_filter,1,2,0,0,0.0,0.0,0,0.0,0.0,0.0,0.0
knife__03,tool_prop,knife,diagnostic_consensus_argmax,1,2,0,0,0.0,0.0,0,0.0,0.0,0.0,0.0
knife__03,tool_prop,knife,diagnostic_parent_support_argmax,1,2,0,0,0.0,0.0,0,0.0,0.0,0.0,0.0
knife__03,tool_prop,knife,diagnostic_parent_residual_argmax,1,2,0,0,0.0,0.0,0,0.0,0.0,0.0,0.0
knife__03,tool_prop,knife,diagnostic_specificity_argmax,1,2,0,0,0.0,0.0,0,0.0,0.0,0.0,0.0
knife__03,tool_prop,knife,actual_semantic_argmax,1,2,0,0,0.0,0.0,0,0.0,0.0,0.0,0.0
knife__03,tool_prop,knife,after_direct_detail_gate,1,2,0,0,0.0,0.0,0,0.0,0.0,0.0,0.0
knife__03,tool_prop,knife,after_cleanup,1,2,0,0,0.0,0.0,0,0.0,0.0,0.0,0.0
knife__03,tool_prop,knife,after_root_restoration,1,2,0,0,0.0,0.0,0,0.0,0.0,0.0,0.0
knife__03,tool_prop,knife,identity_supported_before_remainder,1,2,0,0,0.0,0.0,0,0.0,0.0,0.0,0.0
knife__03,tool_prop,knife,identity_plus_eligible_remainder,1,2,0,0,0.0,0.0,0,0.0,0.0,0.0,0.0
knife__03,tool_prop,knife,after_remainder_attachment_before_filter,1,2,0,0,0.0,0.0,0,0.0,0.0,0.0,0.0
knife__03,tool_prop,knife,final_hpid,1,2,0,0,0.0,0.0,0,0.0,0.0,0.0,0.0
knife__03,tool_prop,knife,final_dbscan,1,2,0,0,0.0,0.0,0,0.0,0.0,0.0,0.0
knife__04,tool_prop,knife,input_pool,2,2,1,1,0.5,0.5,0,0.34975683794984425,0.34975683794984425,0.35211024089602005,0.3546910093915276
knife__04,tool_prop,knife,after_same_source_dedup,2,2,1,1,0.5,0.5,0,0.34975683794984425,0.34975683794984425,0.35211024089602005,0.3546910093915276
knife__04,tool_prop,knife,after_instance_cap,2,2,1,1,0.5,0.5,0,0.34975683794984425,0.34975683794984425,0.35211024089602005,0.3546910093915276
knife__04,tool_prop,knife,after_hierarchy_duplicate_filter,2,2,1,1,0.5,0.5,0,0.34975683794984425,0.34975683794984425,0.35211024089602005,0.3546910093915276
knife__04,tool_prop,knife,diagnostic_consensus_argmax,1,2,0,0,0.0,0.0,0,0.06559421672955468,0.06523681858802502,0.0653302308931448,0.06571256696655332
knife__04,tool_prop,knife,diagnostic_parent_support_argmax,1,2,0,0,0.0,0.0,0,0.06559421672955468,0.06523681858802502,0.0653302308931448,0.06571256696655332
knife__04,tool_prop,knife,diagnostic_parent_residual_argmax,1,2,0,0,0.0,0.0,0,0.06559421672955468,0.06523681858802502,0.0653302308931448,0.06571256696655332
knife__04,tool_prop,knife,diagnostic_specificity_argmax,2,2,1,1,0.5,0.5,0,0.34975683794984425,0.34975683794984425,0.35211024089602005,0.3546910093915276
knife__04,tool_prop,knife,actual_semantic_argmax,2,2,1,1,0.5,0.5,0,0.34975683794984425,0.34975683794984425,0.35211024089602005,0.3546910093915276
knife__04,tool_prop,knife,after_direct_detail_gate,2,2,1,1,0.5,0.5,0,0.34975683794984425,0.34975683794984425,0.35211024089602005,0.3546910093915276
knife__04,tool_prop,knife,after_cleanup,2,2,1,1,0.5,0.5,0,0.35116217114567516,0.35116217114567516,0.35359179318047806,0.35617256167598565
knife__04,tool_prop,knife,after_root_restoration,2,2,1,1,0.5,0.5,0,0.35116217114567516,0.35116217114567516,0.35359179318047806,0.35617256167598565
knife__04,tool_prop,knife,identity_supported_before_remainder,2,2,1,1,0.5,0.5,0,0.34975683794984425,0.34975683794984425,0.35211024089602005,0.3546910093915276
knife__04,tool_prop,knife,identity_plus_eligible_remainder,2,2,1,1,0.5,0.5,0,0.34975683794984425,0.34975683794984425,0.35211024089602005,0.3546910093915276
knife__04,tool_prop,knife,after_remainder_attachment_before_filter,2,2,1,1,0.5,0.5,0,0.34975683794984425,0.34975683794984425,0.35211024089602005,0.3546910093915276
knife__04,tool_prop,knife,final_hpid,2,2,1,1,0.5,0.5,0,0.34975683794984425,0.34975683794984425,0.35211024089602005,0.3546910093915276
knife__04,tool_prop,knife,final_dbscan,2,2,1,1,0.5,0.5,0,0.34975683794984425,0.34975683794984425,0.35211024089602005,0.3546910093915276
ladder__01,tool_prop,ladder,input_pool,6,3,1,0,0.2222222222222222,0.0,1892,0.18203231723703928,0.051171875,0.07614213197969542,0.29503768517969864
ladder__01,tool_prop,ladder,after_same_source_dedup,6,3,1,0,0.2222222222222222,0.0,1892,0.18203231723703928,0.051171875,0.07614213197969542,0.29503768517969864
ladder__01,tool_prop,ladder,after_instance_cap,6,3,1,0,0.2222222222222222,0.0,1892,0.18203231723703928,0.051171875,0.07614213197969542,0.29503768517969864
ladder__01,tool_prop,ladder,after_hierarchy_duplicate_filter,6,3,1,0,0.2222222222222222,0.0,1892,0.18203231723703928,0.051171875,0.07614213197969542,0.29503768517969864
ladder__01,tool_prop,ladder,diagnostic_consensus_argmax,3,3,0,0,0.0,0.0,0,0.009644670050761422,0.009644670050761422,0.009644670050761422,0.018781725888324875
ladder__01,tool_prop,ladder,diagnostic_parent_support_argmax,3,3,0,0,0.0,0.0,0,0.009644670050761422,0.009644670050761422,0.009644670050761422,0.018781725888324875
ladder__01,tool_prop,ladder,diagnostic_parent_residual_argmax,3,3,0,0,0.0,0.0,0,0.009644670050761422,0.009644670050761422,0.009644670050761422,0.018781725888324875
ladder__01,tool_prop,ladder,diagnostic_specificity_argmax,3,3,0,0,0.0,0.0,0,0.009912551111570423,0.009644670050761422,0.009644670050761422,0.019214064842064605
ladder__01,tool_prop,ladder,actual_semantic_argmax,3,3,0,0,0.0,0.0,0,0.014481079030352147,0.009644670050761422,0.009644670050761422,0.0242902069740443
ladder__01,tool_prop,ladder,after_direct_detail_gate,3,3,0,0,0.0,0.0,0,0.04570103064144234,0.02926447574334898,0.03164128595600677,0.07148859934615134
ladder__01,tool_prop,ladder,after_cleanup,3,3,0,0,0.0,0.0,0,0.04008235218426301,0.025883838383838384,0.027749576988155666,0.05996468134570803
ladder__01,tool_prop,ladder,after_root_restoration,3,3,0,0,0.0,0.0,0,0.04008235218426301,0.025883838383838384,0.027749576988155666,0.0628411618871632
ladder__01,tool_prop,ladder,identity_supported_before_remainder,5,3,0,0,0.0,0.0,0,0.0314158000576025,0.01688762626262626,0.027749576988155666,0.0628411618871632
ladder__01,tool_prop,ladder,identity_plus_eligible_remainder,5,3,0,0,0.0,0.0,0,0.0314158000576025,0.01688762626262626,0.027749576988155666,0.0628411618871632
ladder__01,tool_prop,ladder,after_remainder_attachment_before_filter,5,3,0,0,0.0,0.0,0,0.0314158000576025,0.01688762626262626,0.027749576988155666,0.0628411618871632
ladder__01,tool_prop,ladder,final_hpid,5,3,0,0,0.0,0.0,0,0.0314158000576025,0.01688762626262626,0.027749576988155666,0.0628411618871632
ladder__01,tool_prop,ladder,final_dbscan,5,3,1,0,0.25,0.0,0,0.13386591404473083,0.040234374999999996,0.06192893401015229,0.2946053462259589
ladder__02,tool_prop,ladder,input_pool,11,3,0,0,0.0,0.0,665,0.0092328091507525,0.0032980385349765666,0.0053810102412775555,0.015457346698673763
ladder__02,tool_prop,ladder,after_same_source_dedup,11,3,0,0,0.0,0.0,665,0.0092328091507525,0.0032980385349765666,0.0053810102412775555,0.015457346698673763
ladder__02,tool_prop,ladder,after_instance_cap,11,3,0,0,0.0,0.0,665,0.0092328091507525,0.0032980385349765666,0.0053810102412775555,0.015457346698673763
ladder__02,tool_prop,ladder,after_hierarchy_duplicate_filter,11,3,0,0,0.0,0.0,665,0.0092328091507525,0.0032980385349765666,0.0053810102412775555,0.015457346698673763
ladder__02,tool_prop,ladder,diagnostic_consensus_argmax,5,3,0,0,0.0,0.0,0,0.003308328784386978,0.0025133521834747093,0.0027772956084013193,0.0049618620545235715
ladder__02,tool_prop,ladder,diagnostic_parent_support_argmax,4,3,0,0,0.0,0.0,0,0.00022706630336058128,0.0,0.0,0.0002505323813102843
ladder__02,tool_prop,ladder,diagnostic_parent_residual_argmax,4,3,0,0,0.0,0.0,0,0.00022706630336058128,0.0,0.0,0.0002505323813102843
ladder__02,tool_prop,ladder,diagnostic_specificity_argmax,4,3,0,0,0.0,0.0,0,0.00022706630336058128,0.0,0.0,0.0002505323813102843
ladder__02,tool_prop,ladder,actual_semantic_argmax,5,3,0,0,0.0,0.0,0,0.0006743088334457181,0.0,0.0,0.000751597143930853
ladder__02,tool_prop,ladder,after_direct_detail_gate,5,3,0,0,0.0,0.0,0,0.0010030090270812437,0.0,0.0,0.0011273957158962795
ladder__02,tool_prop,ladder,after_cleanup,4,3,0,0,0.0,0.0,0,0.0010030090270812437,0.0,0.0,0.0011273957158962795
ladder__02,tool_prop,ladder,after_root_restoration,4,3,0,0,0.0,0.0,0,0.0010030090270812437,0.0,0.0,0.0011273957158962795
ladder__02,tool_prop,ladder,identity_supported_before_remainder,5,3,0,0,0.0,0.0,0,0.0010030090270812437,0.0,0.0,0.0011273957158962795
ladder__02,tool_prop,ladder,identity_plus_eligible_remainder,5,3,0,0,0.0,0.0,0,0.0010030090270812437,0.0,0.0,0.0011273957158962795
ladder__02,tool_prop,ladder,after_remainder_attachment_before_filter,5,3,0,0,0.0,0.0,0,0.0010030090270812437,0.0,0.0,0.0011273957158962795
ladder__02,tool_prop,ladder,final_hpid,5,3,0,0,0.0,0.0,0,0.0010030090270812437,0.0,0.0,0.0011273957158962795
ladder__02,tool_prop,ladder,final_dbscan,8,3,0,0,0.0,0.0,0,0.0092328091507525,0.0032980385349765666,0.0053810102412775555,0.014831015745398054
ladder__03,tool_prop,ladder,input_pool,3,3,0,0,0.0,0.0,0,0.10240274599542333,0.0,0.0,0.13829516539440204
ladder__03,tool_prop,ladder,after_same_source_dedup,3,3,0,0,0.0,0.0,0,0.10240274599542333,0.0,0.0,0.13829516539440204
ladder__03,tool_prop,ladder,after_instance_cap,3,3,0,0,0.0,0.0,0,0.10240274599542333,0.0,0.0,0.13829516539440204
ladder__03,tool_prop,ladder,after_hierarchy_duplicate_filter,3,3,0,0,0.0,0.0,0,0.10240274599542333,0.0,0.0,0.13829516539440204
ladder__03,tool_prop,ladder,diagnostic_consensus_argmax,2,3,1,0,0.4,0.0,0,0.10280389084736911,0.0,0.0,0.13638676844783715
ladder__03,tool_prop,ladder,diagnostic_parent_support_argmax,2,3,1,0,0.4,0.0,0,0.10280389084736911,0.0,0.0,0.13638676844783715
ladder__03,tool_prop,ladder,diagnostic_parent_residual_argmax,2,3,1,0,0.4,0.0,0,0.10280389084736911,0.0,0.0,0.13638676844783715
ladder__03,tool_prop,ladder,diagnostic_specificity_argmax,2,3,1,0,0.4,0.0,0,0.10280389084736911,0.0,0.0,0.13638676844783715
ladder__03,tool_prop,ladder,actual_semantic_argmax,2,3,0,0,0.0,0.0,0,0.10240274599542333,0.0,0.0,0.13829516539440204
ladder__03,tool_prop,ladder,after_direct_detail_gate,2,3,0,0,0.0,0.0,0,0.10240274599542333,0.0,0.0,0.13829516539440204
ladder__03,tool_prop,ladder,after_cleanup,2,3,0,0,0.0,0.0,0,0.10240274599542333,0.0,0.0,0.13829516539440204
ladder__03,tool_prop,ladder,after_root_restoration,2,3,0,0,0.0,0.0,0,0.10240274599542333,0.0,0.0,0.13829516539440204
ladder__03,tool_prop,ladder,identity_supported_before_remainder,3,3,0,0,0.0,0.0,0,0.10240274599542333,0.0,0.0,0.13829516539440204
ladder__03,tool_prop,ladder,identity_plus_eligible_remainder,3,3,0,0,0.0,0.0,0,0.10240274599542333,0.0,0.0,0.13829516539440204
ladder__03,tool_prop,ladder,after_remainder_attachment_before_filter,3,3,0,0,0.0,0.0,0,0.10240274599542333,0.0,0.0,0.13829516539440204
ladder__03,tool_prop,ladder,final_hpid,3,3,0,0,0.0,0.0,0,0.10240274599542333,0.0,0.0,0.13829516539440204
ladder__03,tool_prop,ladder,final_dbscan,3,3,0,0,0.0,0.0,0,0.10240274599542333,0.0,0.0,0.13829516539440204
ladder__04,tool_prop,ladder,input_pool,1,3,0,0,0.0,0.0,0,0.16064569708294404,0.0358974358974359,0.16091954022988506,0.38787369885106787
ladder__04,tool_prop,ladder,after_same_source_dedup,1,3,0,0,0.0,0.0,0,0.16064569708294404,0.0358974358974359,0.16091954022988506,0.38787369885106787
ladder__04,tool_prop,ladder,after_instance_cap,1,3,0,0,0.0,0.0,0,0.16064569708294404,0.0358974358974359,0.16091954022988506,0.38787369885106787
ladder__04,tool_prop,ladder,after_hierarchy_duplicate_filter,1,3,0,0,0.0,0.0,0,0.16064569708294404,0.0358974358974359,0.16091954022988506,0.38787369885106787
ladder__04,tool_prop,ladder,diagnostic_consensus_argmax,0,3,0,0,0.0,0.0,0,0.0,0.0,0.0,0.0
ladder__04,tool_prop,ladder,diagnostic_parent_support_argmax,0,3,0,0,0.0,0.0,0,0.0,0.0,0.0,0.0
ladder__04,tool_prop,ladder,diagnostic_parent_residual_argmax,0,3,0,0,0.0,0.0,0,0.0,0.0,0.0,0.0
ladder__04,tool_prop,ladder,diagnostic_specificity_argmax,0,3,0,0,0.0,0.0,0,0.0,0.0,0.0,0.0
ladder__04,tool_prop,ladder,actual_semantic_argmax,0,3,0,0,0.0,0.0,0,0.0,0.0,0.0,0.0
ladder__04,tool_prop,ladder,after_direct_detail_gate,1,3,0,0,0.0,0.0,0,0.16064569708294404,0.0358974358974359,0.16091954022988506,0.38787369885106787
ladder__04,tool_prop,ladder,after_cleanup,1,3,0,0,0.0,0.0,0,0.16064569708294404,0.0358974358974359,0.16091954022988506,0.38787369885106787
ladder__04,tool_prop,ladder,after_root_restoration,1,3,0,0,0.0,0.0,0,0.16064569708294404,0.0358974358974359,0.16091954022988506,0.38787369885106787
ladder__04,tool_prop,ladder,identity_supported_before_remainder,1,3,0,0,0.0,0.0,0,0.16064569708294404,0.0358974358974359,0.16091954022988506,0.38787369885106787
ladder__04,tool_prop,ladder,identity_plus_eligible_remainder,1,3,0,0,0.0,0.0,0,0.16064569708294404,0.0358974358974359,0.16091954022988506,0.38787369885106787
ladder__04,tool_prop,ladder,after_remainder_attachment_before_filter,1,3,0,0,0.0,0.0,0,0.16064569708294404,0.0358974358974359,0.16091954022988506,0.38787369885106787
ladder__04,tool_prop,ladder,final_hpid,1,3,0,0,0.0,0.0,0,0.16064569708294404,0.0358974358974359,0.16091954022988506,0.38787369885106787
ladder__04,tool_prop,ladder,final_dbscan,1,3,0,0,0.0,0.0,0,0.16064569708294404,0.0358974358974359,0.16091954022988506,0.38787369885106787
lamp__01,device,lamp,input_pool,6,5,0,0,0.0,0.0,5052,0.0007448631873295046,0.0,0.0,0.042879539273716204
lamp__01,device,lamp,after_same_source_dedup,6,5,0,0,0.0,0.0,5052,0.0007448631873295046,0.0,0.0,0.042879539273716204
lamp__01,device,lamp,after_instance_cap,6,5,0,0,0.0,0.0,5052,0.0007448631873295046,0.0,0.0,0.042879539273716204
lamp__01,device,lamp,after_hierarchy_duplicate_filter,6,5,0,0,0.0,0.0,5052,0.0007448631873295046,0.0,0.0,0.042879539273716204
lamp__01,device,lamp,diagnostic_consensus_argmax,1,5,0,0,0.0,0.0,0,0.0,0.0,0.0,0.0
lamp__01,device,lamp,diagnostic_parent_support_argmax,1,5,0,0,0.0,0.0,0,0.0,0.0,0.0,0.0
lamp__01,device,lamp,diagnostic_parent_residual_argmax,1,5,0,0,0.0,0.0,0,0.0,0.0,0.0,0.0
lamp__01,device,lamp,diagnostic_specificity_argmax,1,5,0,0,0.0,0.0,0,0.0,0.0,0.0,0.0
lamp__01,device,lamp,actual_semantic_argmax,1,5,0,0,0.0,0.0,0,0.0,0.0,0.0,0.0
lamp__01,device,lamp,after_direct_detail_gate,2,5,0,0,0.0,0.0,0,0.0,0.0,0.0,0.0
lamp__01,device,lamp,after_cleanup,1,5,0,0,0.0,0.0,0,0.0,0.0,0.0,0.0
lamp__01,device,lamp,after_root_restoration,1,5,0,0,0.0,0.0,0,0.0,0.0,0.0,0.0
lamp__01,device,lamp,identity_supported_before_remainder,1,5,0,0,0.0,0.0,0,0.0,0.0,0.0,0.0
lamp__01,device,lamp,identity_plus_eligible_remainder,1,5,0,0,0.0,0.0,0,0.0,0.0,0.0,0.0
lamp__01,device,lamp,after_remainder_attachment_before_filter,1,5,0,0,0.0,0.0,0,0.0,0.0,0.0,0.0
lamp__01,device,lamp,final_hpid,1,5,0,0,0.0,0.0,0,0.0,0.0,0.0,0.0
lamp__01,device,lamp,final_dbscan,2,5,0,0,0.0,0.0,0,0.0007479335030290332,0.0,0.0,0.042879539273716204
lamp__02,device,lamp,input_pool,2,5,2,1,0.5714285714285714,0.2857142857142857,0,0.3446634001530112,0.19746666966241164,0.3772540983606557,0.7207153989648134
lamp__02,device,lamp,after_same_source_dedup,2,5,2,1,0.5714285714285714,0.2857142857142857,0,0.3446634001530112,0.19746666966241164,0.3772540983606557,0.7207153989648134
lamp__02,device,lamp,after_instance_cap,2,5,2,1,0.5714285714285714,0.2857142857142857,0,0.3446634001530112,0.19746666966241164,0.3772540983606557,0.7207153989648134
lamp__02,device,lamp,after_hierarchy_duplicate_filter,2,5,2,1,0.5714285714285714,0.2857142857142857,0,0.3446634001530112,0.19746666966241164,0.3772540983606557,0.7207153989648134
lamp__02,device,lamp,diagnostic_consensus_argmax,0,5,0,0,0.0,0.0,0,0.0,0.0,0.0,0.0
lamp__02,device,lamp,diagnostic_parent_support_argmax,0,5,0,0,0.0,0.0,0,0.0,0.0,0.0,0.0
lamp__02,device,lamp,diagnostic_parent_residual_argmax,0,5,0,0,0.0,0.0,0,0.0,0.0,0.0,0.0
lamp__02,device,lamp,diagnostic_specificity_argmax,0,5,0,0,0.0,0.0,0,0.0,0.0,0.0,0.0
lamp__02,device,lamp,actual_semantic_argmax,0,5,0,0,0.0,0.0,0,0.0,0.0,0.0,0.0
lamp__02,device,lamp,after_direct_detail_gate,2,5,2,1,0.5714285714285714,0.2857142857142857,0,0.23950259770222954,0.16408079895716793,0.18326031656302996,0.39893511795211706
lamp__02,device,lamp,after_cleanup,2,5,2,1,0.5714285714285714,0.2857142857142857,0,0.24112457911180446,0.1658082461740585,0.18510457885811193,0.40077938024719906
lamp__02,device,lamp,after_root_restoration,2,5,2,1,0.5714285714285714,0.2857142857142857,0,0.24112457911180446,0.1658082461740585,0.18510457885811193,0.40077938024719906
lamp__02,device,lamp,identity_supported_before_remainder,2,5,2,1,0.5714285714285714,0.2857142857142857,0,0.24022322190807194,0.164848553275786,0.1840799886941775,0.3997547900832646
lamp__02,device,lamp,identity_plus_eligible_remainder,2,5,2,1,0.5714285714285714,0.2857142857142857,0,0.24022322190807194,0.164848553275786,0.1840799886941775,0.3997547900832646
lamp__02,device,lamp,after_remainder_attachment_before_filter,2,5,2,1,0.5714285714285714,0.2857142857142857,0,0.24022322190807194,0.164848553275786,0.1840799886941775,0.3997547900832646
lamp__02,device,lamp,final_hpid,2,5,2,1,0.5714285714285714,0.2857142857142857,0,0.24022322190807194,0.164848553275786,0.1840799886941775,0.3997547900832646
lamp__02,device,lamp,final_dbscan,2,5,2,1,0.5714285714285714,0.2857142857142857,0,0.3446634001530112,0.19746666966241164,0.3772540983606557,0.7207153989648134
lamp__03,device,lamp,input_pool,7,4,4,3,0.7272727272727273,0.5454545454545454,3515,0.5241141880934667,0.5221123218233823,0.7605803002392373,0.7616578864461337
lamp__03,device,lamp,after_same_source_dedup,7,4,4,3,0.7272727272727273,0.5454545454545454,3515,0.5241141880934667,0.5221123218233823,0.7605803002392373,0.7616578864461337
lamp__03,device,lamp,after_instance_cap,7,4,4,3,0.7272727272727273,0.5454545454545454,3515,0.5241141880934667,0.5221123218233823,0.7605803002392373,0.7616578864461337
lamp__03,device,lamp,after_hierarchy_duplicate_filter,7,4,4,3,0.7272727272727273,0.5454545454545454,3515,0.5241141880934667,0.5221123218233823,0.7605803002392373,0.7616578864461337
lamp__03,device,lamp,diagnostic_consensus_argmax,1,4,0,0,0.0,0.0,0,0.01333021515434986,0.01333021515434986,0.013418079096045197,0.013418079096045197
lamp__03,device,lamp,diagnostic_parent_support_argmax,1,4,0,0,0.0,0.0,0,0.01333021515434986,0.01333021515434986,0.013418079096045197,0.013418079096045197
lamp__03,device,lamp,diagnostic_parent_residual_argmax,3,4,1,1,0.2857142857142857,0.2857142857142857,0,0.09423235541888686,0.09423235541888686,0.0945269375641575,0.11593817196082878
lamp__03,device,lamp,diagnostic_specificity_argmax,4,4,1,1,0.25,0.25,0,0.21145977849699127,0.21089159667880944,0.3625224172551553,0.4364500807444649
lamp__03,device,lamp,actual_semantic_argmax,5,4,2,2,0.4444444444444444,0.4444444444444444,0,0.3476770087036861,0.3476770087036861,0.5136605134662153,0.5722502950440947
lamp__03,device,lamp,after_direct_detail_gate,6,4,3,3,0.6,0.6,0,0.3850418001909204,0.3850418001909204,0.5539878074463439,0.6141138089086313
lamp__03,device,lamp,after_cleanup,6,4,3,3,0.6,0.6,0,0.3851769754905233,0.3851769754905233,0.5535032713346114,0.613706168563884
lamp__03,device,lamp,after_root_restoration,6,4,3,3,0.6,0.6,0,0.38531306951387484,0.38531306951387484,0.5539109116793587,0.6141138089086313
lamp__03,device,lamp,identity_supported_before_remainder,7,4,3,3,0.5454545454545454,0.5454545454545454,0,0.38531306951387484,0.38531306951387484,0.5539109116793587,0.6131922642746052
lamp__03,device,lamp,identity_plus_eligible_remainder,7,4,3,3,0.5454545454545454,0.5454545454545454,0,0.38531306951387484,0.38531306951387484,0.5539109116793587,0.6131922642746052
lamp__03,device,lamp,after_remainder_attachment_before_filter,7,4,3,3,0.5454545454545454,0.5454545454545454,0,0.38531306951387484,0.38531306951387484,0.5539109116793587,0.6131922642746052
lamp__03,device,lamp,final_hpid,7,4,3,3,0.5454545454545454,0.5454545454545454,0,0.38531306951387484,0.38531306951387484,0.5539109116793587,0.6131922642746052
lamp__03,device,lamp,final_dbscan,5,4,4,3,0.8888888888888888,0.6666666666666666,0,0.5464409065095424,0.4976230404556514,0.6542580169301474,0.7616578864461337
lamp__04,device,lamp,input_pool,6,4,1,1,0.2,0.2,20256,0.3007637181909483,0.2397147235887358,0.2594518141509253,0.40531291123501384
lamp__04,device,lamp,after_same_source_dedup,6,4,1,1,0.2,0.2,20256,0.3007637181909483,0.2397147235887358,0.2594518141509253,0.40531291123501384
lamp__04,device,lamp,after_instance_cap,6,4,1,1,0.2,0.2,20256,0.3007637181909483,0.2397147235887358,0.2594518141509253,0.40531291123501384
lamp__04,device,lamp,after_hierarchy_duplicate_filter,6,4,1,1,0.2,0.2,20256,0.3007637181909483,0.2397147235887358,0.2594518141509253,0.40531291123501384
lamp__04,device,lamp,diagnostic_consensus_argmax,1,4,1,1,0.4,0.4,0,0.23292789386807655,0.23237410071942446,0.23439767779390422,0.24916699512323653
lamp__04,device,lamp,diagnostic_parent_support_argmax,1,4,1,1,0.4,0.4,0,0.23292789386807655,0.23237410071942446,0.23439767779390422,0.24916699512323653
lamp__04,device,lamp,diagnostic_parent_residual_argmax,1,4,0,0,0.0,0.0,0,0.00272133526850508,0.00272133526850508,0.00272133526850508,0.00272133526850508
lamp__04,device,lamp,diagnostic_specificity_argmax,4,4,1,0,0.25,0.0,0,0.20962732146254903,0.003567972907595549,0.003567972907595549,0.4050105406496244
lamp__04,device,lamp,actual_semantic_argmax,3,4,1,0,0.2857142857142857,0.0,0,0.20962732146254903,0.004051765844218675,0.004051765844218675,0.4050105406496244
lamp__04,device,lamp,after_direct_detail_gate,4,4,2,0,0.5,0.0,0,0.3172282713520062,0.004051765844218675,0.004051765844218675,0.4050105406496244
lamp__04,device,lamp,after_cleanup,4,4,2,0,0.5,0.0,0,0.3172282713520062,0.0039912917271407835,0.0039912917271407835,0.40495006653254645
lamp__04,device,lamp,after_root_restoration,4,4,2,0,0.5,0.0,0,0.3172282713520062,0.004051765844218675,0.004051765844218675,0.4050105406496244
lamp__04,device,lamp,identity_supported_before_remainder,4,4,2,0,0.5,0.0,0,0.3172282713520062,0.004051765844218675,0.004051765844218675,0.4050105406496244
lamp__04,device,lamp,identity_plus_eligible_remainder,4,4,2,0,0.5,0.0,0,0.3172282713520062,0.004051765844218675,0.004051765844218675,0.4050105406496244
lamp__04,device,lamp,after_remainder_attachment_before_filter,4,4,2,0,0.5,0.0,0,0.3172282713520062,0.004051765844218675,0.004051765844218675,0.4050105406496244
lamp__04,device,lamp,final_hpid,4,4,2,0,0.5,0.0,0,0.3172282713520062,0.004051765844218675,0.004051765844218675,0.4050105406496244
lamp__04,device,lamp,final_dbscan,1,4,1,1,0.4,0.4,0,0.23799731858938686,0.23697418738049714,0.23984034833091436,0.26961341659798116
laptop_computer__01,device,laptop_computer,input_pool,22,7,4,4,0.27586206896551724,0.27586206896551724,57496,0.4635607871683397,0.4624486716542088,0.49370212785209583,0.8783540549114264
laptop_computer__01,device,laptop_computer,after_same_source_dedup,22,7,4,4,0.27586206896551724,0.27586206896551724,57496,0.4635607871683397,0.4624486716542088,0.49370212785209583,0.8783540549114264
laptop_computer__01,device,laptop_computer,after_instance_cap,22,7,4,4,0.27586206896551724,0.27586206896551724,57496,0.4635607871683397,0.4624486716542088,0.49370212785209583,0.8783540549114264
laptop_computer__01,device,laptop_computer,after_hierarchy_duplicate_filter,22,7,4,4,0.27586206896551724,0.27586206896551724,57496,0.4635607871683397,0.4624486716542088,0.49370212785209583,0.8783540549114264
laptop_computer__01,device,laptop_computer,diagnostic_consensus_argmax,1,7,0,0,0.0,0.0,0,0.007904033344346455,0.007904033344346455,0.007904033344346455,0.007904033344346455
laptop_computer__01,device,laptop_computer,diagnostic_parent_support_argmax,1,7,0,0,0.0,0.0,0,0.007904033344346455,0.007904033344346455,0.007904033344346455,0.007904033344346455
laptop_computer__01,device,laptop_computer,diagnostic_parent_residual_argmax,3,7,0,0,0.0,0.0,0,0.022885972879786682,0.022885972879786682,0.022885972879786682,0.023354865871938385
laptop_computer__01,device,laptop_computer,diagnostic_specificity_argmax,7,7,1,1,0.14285714285714285,0.14285714285714285,0,0.17353944108605718,0.1673500943231229,0.1674428734722615,0.5303061354749227
laptop_computer__01,device,laptop_computer,actual_semantic_argmax,6,7,2,2,0.3076923076923077,0.3076923076923077,0,0.20603025614314383,0.1998150514963231,0.19990785478498202,0.5628117902897752
laptop_computer__01,device,laptop_computer,after_direct_detail_gate,9,7,3,3,0.375,0.375,0,0.27689830921065617,0.27565452205681107,0.275775615828677,0.6228772269645434
laptop_computer__01,device,laptop_computer,after_cleanup,8,7,3,3,0.4,0.4,0,0.2770878680580086,0.2758451835228362,0.27596640677031115,0.623071251650951
laptop_computer__01,device,laptop_computer,after_root_restoration,8,7,3,3,0.4,0.4,0,0.2770878680580086,0.2758451835228362,0.27596640677031115,0.623071251650951
laptop_computer__01,device,laptop_computer,identity_supported_before_remainder,13,7,3,3,0.3,0.3,0,0.2769496003037776,0.27570622686115687,0.2758273557450524,0.6228772269645434
laptop_computer__01,device,laptop_computer,identity_plus_eligible_remainder,13,7,3,3,0.3,0.3,0,0.2769496003037776,0.27570622686115687,0.2758273557450524,0.6228772269645434
laptop_computer__01,device,laptop_computer,after_remainder_attachment_before_filter,13,7,3,3,0.3,0.3,0,0.2769496003037776,0.27570622686115687,0.2758273557450524,0.6228772269645434
laptop_computer__01,device,laptop_computer,final_hpid,13,7,3,3,0.3,0.3,0,0.2769496003037776,0.27570622686115687,0.2758273557450524,0.6228772269645434
laptop_computer__01,device,laptop_computer,final_dbscan,14,7,4,4,0.38095238095238093,0.38095238095238093,0,0.4594922717990079,0.45824544233000386,0.46537612808362505,0.8624537318603236
laptop_computer__02,device,laptop_computer,input_pool,11,6,3,3,0.35294117647058826,0.35294117647058826,45597,0.3449856448867128,0.32827831337596663,0.48583637499316806,0.9996610629067245
laptop_computer__02,device,laptop_computer,after_same_source_dedup,11,6,3,3,0.35294117647058826,0.35294117647058826,45597,0.3449856448867128,0.32827831337596663,0.48583637499316806,0.9996610629067245
laptop_computer__02,device,laptop_computer,after_instance_cap,11,6,3,3,0.35294117647058826,0.35294117647058826,45597,0.3449856448867128,0.32827831337596663,0.48583637499316806,0.9996610629067245
laptop_computer__02,device,laptop_computer,after_hierarchy_duplicate_filter,11,6,3,3,0.35294117647058826,0.35294117647058826,45597,0.3449856448867128,0.32827831337596663,0.48583637499316806,0.9996610629067245
laptop_computer__02,device,laptop_computer,diagnostic_consensus_argmax,0,6,0,0,0.0,0.0,0,0.0,0.0,0.0,0.0
laptop_computer__02,device,laptop_computer,diagnostic_parent_support_argmax,0,6,0,0,0.0,0.0,0,0.0,0.0,0.0,0.0
laptop_computer__02,device,laptop_computer,diagnostic_parent_residual_argmax,0,6,0,0,0.0,0.0,0,0.0,0.0,0.0,0.0
laptop_computer__02,device,laptop_computer,diagnostic_specificity_argmax,3,6,1,1,0.2222222222222222,0.2222222222222222,0,0.1945889266654478,0.1565439433023268,0.1574856813326518,0.604862587218748
laptop_computer__02,device,laptop_computer,actual_semantic_argmax,4,6,1,1,0.2,0.2,0,0.19679065156708672,0.1587456682039657,0.15970065138468395,0.6089298323380539
laptop_computer__02,device,laptop_computer,after_direct_detail_gate,6,6,1,1,0.16666666666666666,0.16666666666666666,0,0.21243806359413417,0.1828782762888795,0.1886857872506864,0.6425039421420967
laptop_computer__02,device,laptop_computer,after_cleanup,5,6,1,1,0.18181818181818182,0.18181818181818182,0,0.21248442109566054,0.18285485625637896,0.18866260233919874,0.6425694738004408
laptop_computer__02,device,laptop_computer,after_root_restoration,5,6,1,1,0.18181818181818182,0.18181818181818182,0,0.21248442109566054,0.18285485625637896,0.18866260233919874,0.6425694738004408
laptop_computer__02,device,laptop_computer,identity_supported_before_remainder,6,6,1,1,0.16666666666666666,0.16666666666666666,0,0.2124977552629906,0.18285485625637896,0.18866260233919874,0.6425367079712688
laptop_computer__02,device,laptop_computer,identity_plus_eligible_remainder,6,6,1,1,0.16666666666666666,0.16666666666666666,0,0.2124977552629906,0.18285485625637896,0.18866260233919874,0.6425367079712688
laptop_computer__02,device,laptop_computer,after_remainder_attachment_before_filter,6,6,1,1,0.16666666666666666,0.16666666666666666,0,0.2124977552629906,0.18285485625637896,0.18866260233919874,0.6425367079712688
laptop_computer__02,device,laptop_computer,final_hpid,6,6,1,1,0.16666666666666666,0.16666666666666666,0,0.2124977552629906,0.18285485625637896,0.18866260233919874,0.6425367079712688
laptop_computer__02,device,laptop_computer,final_dbscan,7,6,2,2,0.3076923076923077,0.3076923076923077,0,0.2711853249390537,0.22475442761224398,0.2873041852568325,0.999241660293322
laptop_computer__03,device,laptop_computer,input_pool,14,7,4,4,0.38095238095238093,0.38095238095238093,11801,0.48637453763004734,0.4731086508798024,0.5466650349323616,0.8108962557019043
laptop_computer__03,device,laptop_computer,after_same_source_dedup,14,7,4,4,0.38095238095238093,0.38095238095238093,11801,0.48637453763004734,0.4731086508798024,0.5466650349323616,0.8108962557019043
laptop_computer__03,device,laptop_computer,after_instance_cap,14,7,4,4,0.38095238095238093,0.38095238095238093,11801,0.48637453763004734,0.4731086508798024,0.5466650349323616,0.8108962557019043
laptop_computer__03,device,laptop_computer,after_hierarchy_duplicate_filter,14,7,4,4,0.38095238095238093,0.38095238095238093,11801,0.48637453763004734,0.4731086508798024,0.5466650349323616,0.8108962557019043
laptop_computer__03,device,laptop_computer,diagnostic_consensus_argmax,1,7,0,0,0.0,0.0,0,0.0019790173417737577,0.0019790173417737577,0.0019790173417737577,0.0019790173417737577
laptop_computer__03,device,laptop_computer,diagnostic_parent_support_argmax,1,7,0,0,0.0,0.0,0,0.0019790173417737577,0.0019790173417737577,0.0019790173417737577,0.0019790173417737577
laptop_computer__03,device,laptop_computer,diagnostic_parent_residual_argmax,1,7,0,0,0.0,0.0,0,0.0019790173417737577,0.0019790173417737577,0.0019790173417737577,0.0019790173417737577
laptop_computer__03,device,laptop_computer,diagnostic_specificity_argmax,6,7,2,1,0.3076923076923077,0.15384615384615385,0,0.2026720140379868,0.12431213825255509,0.14867650544328312,0.5867761759529412
laptop_computer__03,device,laptop_computer,actual_semantic_argmax,6,7,2,1,0.3076923076923077,0.15384615384615385,0,0.2075333886368809,0.13351195772505475,0.15808651642463528,0.5926186184708453
laptop_computer__03,device,laptop_computer,after_direct_detail_gate,6,7,3,3,0.46153846153846156,0.46153846153846156,0,0.3616052052306268,0.3416071242945716,0.3708996619720937,0.6954640623245162
laptop_computer__03,device,laptop_computer,after_cleanup,6,7,3,3,0.46153846153846156,0.46153846153846156,0,0.36161554777387134,0.34160570500033194,0.3708996619720937,0.6949494086958977
laptop_computer__03,device,laptop_computer,after_root_restoration,6,7,3,3,0.46153846153846156,0.46153846153846156,0,0.36161554777387134,0.34160570500033194,0.3708996619720937,0.6949494086958977
laptop_computer__03,device,laptop_computer,identity_supported_before_remainder,6,7,3,3,0.46153846153846156,0.46153846153846156,0,0.36168551194721565,0.34165981969993936,0.3708869759634926,0.6948859786528921
laptop_computer__03,device,laptop_computer,identity_plus_eligible_remainder,6,7,3,3,0.46153846153846156,0.46153846153846156,0,0.36168551194721565,0.34165981969993936,0.3708869759634926,0.6948859786528921
laptop_computer__03,device,laptop_computer,after_remainder_attachment_before_filter,6,7,3,3,0.46153846153846156,0.46153846153846156,0,0.36168551194721565,0.34165981969993936,0.3708869759634926,0.6948859786528921
laptop_computer__03,device,laptop_computer,final_hpid,6,7,3,3,0.46153846153846156,0.46153846153846156,0,0.36168551194721565,0.34165981969993936,0.3708869759634926,0.6948859786528921
laptop_computer__03,device,laptop_computer,final_dbscan,8,7,4,3,0.5333333333333333,0.4,0,0.38309603119324465,0.30113577452175394,0.328854833432154,0.5796685250744013
laptop_computer__04,device,laptop_computer,input_pool,10,7,4,3,0.47058823529411764,0.35294117647058826,15989,0.352553351706768,0.26176463140961975,0.4282569384385565,0.8248126836941674
laptop_computer__04,device,laptop_computer,after_same_source_dedup,10,7,4,3,0.47058823529411764,0.35294117647058826,15989,0.352553351706768,0.26176463140961975,0.4282569384385565,0.8248126836941674
laptop_computer__04,device,laptop_computer,after_instance_cap,10,7,4,3,0.47058823529411764,0.35294117647058826,15989,0.352553351706768,0.26176463140961975,0.4282569384385565,0.8248126836941674
laptop_computer__04,device,laptop_computer,after_hierarchy_duplicate_filter,10,7,4,3,0.47058823529411764,0.35294117647058826,15989,0.352553351706768,0.26176463140961975,0.4282569384385565,0.8248126836941674
laptop_computer__04,device,laptop_computer,diagnostic_consensus_argmax,3,7,2,1,0.4,0.2,0,0.18219508827731498,0.09923754359004669,0.11015253403313105,0.35875217695332456
laptop_computer__04,device,laptop_computer,diagnostic_parent_support_argmax,3,7,1,1,0.2,0.2,0,0.10023300257005831,0.09923754359004669,0.11015253403313105,0.25383759426412
laptop_computer__04,device,laptop_computer,diagnostic_parent_residual_argmax,4,7,1,1,0.18181818181818182,0.18181818181818182,0,0.10545870129469377,0.10447652905753464,0.11809086435952108,0.26177592459051
laptop_computer__04,device,laptop_computer,diagnostic_specificity_argmax,4,7,2,1,0.36363636363636365,0.18181818181818182,0,0.23724759257352795,0.11747924609934832,0.1425127111694276,0.6553736903021423
laptop_computer__04,device,laptop_computer,actual_semantic_argmax,4,7,2,1,0.36363636363636365,0.18181818181818182,0,0.23724759257352795,0.11747924609934832,0.1425127111694276,0.6553736903021423
laptop_computer__04,device,laptop_computer,after_direct_detail_gate,5,7,2,1,0.3333333333333333,0.16666666666666666,0,0.23711903496557435,0.11747924609934832,0.1425127111694276,0.6554564820395268
laptop_computer__04,device,laptop_computer,after_cleanup,4,7,2,1,0.36363636363636365,0.18181818181818182,0,0.2369407699116691,0.1173016173016173,0.1425127111694276,0.6554564820395268
laptop_computer__04,device,laptop_computer,after_root_restoration,4,7,2,1,0.36363636363636365,0.18181818181818182,0,0.2369407699116691,0.1173016173016173,0.1425127111694276,0.6554564820395268
laptop_computer__04,device,laptop_computer,identity_supported_before_remainder,5,7,2,1,0.3333333333333333,0.16666666666666666,0,0.23695189568274808,0.11731270336317119,0.1425127111694276,0.6554564820395268
laptop_computer__04,device,laptop_computer,identity_plus_eligible_remainder,5,7,2,1,0.3333333333333333,0.16666666666666666,0,0.23695189568274808,0.11731270336317119,0.1425127111694276,0.6554564820395268
laptop_computer__04,device,laptop_computer,after_remainder_attachment_before_filter,5,7,2,1,0.3333333333333333,0.16666666666666666,0,0.23695189568274808,0.11731270336317119,0.1425127111694276,0.6554564820395268
laptop_computer__04,device,laptop_computer,final_hpid,4,7,2,1,0.36363636363636365,0.18181818181818182,0,0.23695189568274808,0.11731270336317119,0.1425127111694276,0.6537178555544501
laptop_computer__04,device,laptop_computer,final_dbscan,6,7,3,2,0.46153846153846156,0.3076923076923077,0,0.31299104223920093,0.19115063184962885,0.2607839921272757,0.6666815770771978
microwave_oven__01,device,microwave_oven,input_pool,10,5,3,3,0.4,0.4,30149,0.47228830044799,0.42862750480213396,0.5974961270486101,0.8080224428380838
microwave_oven__01,device,microwave_oven,after_same_source_dedup,10,5,3,3,0.4,0.4,30149,0.47228830044799,0.42862750480213396,0.5974961270486101,0.8080224428380838
microwave_oven__01,device,microwave_oven,after_instance_cap,10,5,3,3,0.4,0.4,30149,0.47228830044799,0.42862750480213396,0.5974961270486101,0.8080224428380838
microwave_oven__01,device,microwave_oven,after_hierarchy_duplicate_filter,10,5,3,3,0.4,0.4,30149,0.47228830044799,0.42862750480213396,0.5974961270486101,0.8080224428380838
microwave_oven__01,device,microwave_oven,diagnostic_consensus_argmax,2,5,1,1,0.2857142857142857,0.2857142857142857,0,0.13072152643559015,0.08741729602036344,0.126382497129733,0.2826710117139223
microwave_oven__01,device,microwave_oven,diagnostic_parent_support_argmax,2,5,1,1,0.2857142857142857,0.2857142857142857,0,0.13072152643559015,0.08741729602036344,0.126382497129733,0.2826710117139223
microwave_oven__01,device,microwave_oven,diagnostic_parent_residual_argmax,2,5,1,1,0.2857142857142857,0.2857142857142857,0,0.13072152643559015,0.08741729602036344,0.126382497129733,0.2826710117139223
microwave_oven__01,device,microwave_oven,diagnostic_specificity_argmax,4,5,2,2,0.4444444444444444,0.4444444444444444,0,0.24228182696944095,0.20246966296577643,0.26663629823583224,0.5497988952455485
microwave_oven__01,device,microwave_oven,actual_semantic_argmax,5,5,2,2,0.4,0.4,0,0.2545445239480899,0.21301644067960934,0.2976513783623218,0.6021550352923463
microwave_oven__01,device,microwave_oven,after_direct_detail_gate,6,5,2,2,0.36363636363636365,0.36363636363636365,0,0.2651843169830571,0.22757876284253548,0.324020890224758,0.6445577842756085
microwave_oven__01,device,microwave_oven,after_cleanup,6,5,2,2,0.36363636363636365,0.36363636363636365,0,0.2645522339180446,0.22709125248153955,0.324020890224758,0.6466630474335032
microwave_oven__01,device,microwave_oven,after_root_restoration,6,5,2,2,0.36363636363636365,0.36363636363636365,0,0.2645072870141057,0.22704630557760064,0.324020890224758,0.6466630474335032
microwave_oven__01,device,microwave_oven,identity_supported_before_remainder,7,5,2,2,0.3333333333333333,0.3333333333333333,0,0.2662184531008364,0.22875747166433139,0.324020890224758,0.6466630474335032
microwave_oven__01,device,microwave_oven,identity_plus_eligible_remainder,7,5,2,2,0.3333333333333333,0.3333333333333333,0,0.2662184531008364,0.22875747166433139,0.324020890224758,0.6466630474335032
microwave_oven__01,device,microwave_oven,after_remainder_attachment_before_filter,7,5,2,2,0.3333333333333333,0.3333333333333333,0,0.2662184531008364,0.22875747166433139,0.324020890224758,0.6466630474335032
microwave_oven__01,device,microwave_oven,final_hpid,7,5,2,2,0.3333333333333333,0.3333333333333333,0,0.2662184531008364,0.22875747166433139,0.324020890224758,0.6466630474335032
microwave_oven__01,device,microwave_oven,final_dbscan,7,5,3,3,0.5,0.5,0,0.3486716522593534,0.30582320429830656,0.40138741687106033,0.7240571438765173
microwave_oven__02,device,microwave_oven,input_pool,4,5,2,1,0.4444444444444444,0.2222222222222222,683,0.2910280940257521,0.10966057441253263,0.1108179419525066,0.36598142167313696
microwave_oven__02,device,microwave_oven,after_same_source_dedup,4,5,2,1,0.4444444444444444,0.2222222222222222,683,0.2910280940257521,0.10966057441253263,0.1108179419525066,0.36598142167313696
microwave_oven__02,device,microwave_oven,after_instance_cap,4,5,2,1,0.4444444444444444,0.2222222222222222,683,0.2910280940257521,0.10966057441253263,0.1108179419525066,0.36598142167313696
microwave_oven__02,device,microwave_oven,after_hierarchy_duplicate_filter,4,5,2,1,0.4444444444444444,0.2222222222222222,683,0.2910280940257521,0.10966057441253263,0.1108179419525066,0.36598142167313696
microwave_oven__02,device,microwave_oven,diagnostic_consensus_argmax,1,5,0,0,0.0,0.0,0,0.00805304373190926,0.007317073170731707,0.0079155672823219,0.00865328299830135
microwave_oven__02,device,microwave_oven,diagnostic_parent_support_argmax,1,5,0,0,0.0,0.0,0,0.00805304373190926,0.007317073170731707,0.0079155672823219,0.00865328299830135
microwave_oven__02,device,microwave_oven,diagnostic_parent_residual_argmax,1,5,0,0,0.0,0.0,0,0.00805304373190926,0.007317073170731707,0.0079155672823219,0.00865328299830135
microwave_oven__02,device,microwave_oven,diagnostic_specificity_argmax,2,5,2,1,0.5714285714285714,0.2857142857142857,0,0.2743447674269266,0.09417040358744395,0.1108179419525066,0.3643983082166726
microwave_oven__02,device,microwave_oven,actual_semantic_argmax,2,5,2,1,0.5714285714285714,0.2857142857142857,0,0.2741151651159238,0.09395973154362416,0.1108179419525066,0.3643983082166726
microwave_oven__02,device,microwave_oven,after_direct_detail_gate,3,5,2,1,0.5,0.25,0,0.2741151651159238,0.09395973154362416,0.1108179419525066,0.36598142167313696
microwave_oven__02,device,microwave_oven,after_cleanup,2,5,2,1,0.5714285714285714,0.2857142857142857,0,0.27411350939349965,0.09395973154362416,0.1108179419525066,0.3644294366213418
microwave_oven__02,device,microwave_oven,after_root_restoration,2,5,2,1,0.5714285714285714,0.2857142857142857,0,0.27411350939349965,0.09395973154362416,0.1108179419525066,0.3644294366213418
microwave_oven__02,device,microwave_oven,identity_supported_before_remainder,3,5,2,1,0.5,0.25,0,0.2898160079848323,0.10966057441253263,0.1108179419525066,0.3643983082166726
microwave_oven__02,device,microwave_oven,identity_plus_eligible_remainder,3,5,2,1,0.5,0.25,0,0.2898160079848323,0.10966057441253263,0.1108179419525066,0.3643983082166726
microwave_oven__02,device,microwave_oven,after_remainder_attachment_before_filter,3,5,2,1,0.5,0.25,0,0.2898160079848323,0.10966057441253263,0.1108179419525066,0.3643983082166726
microwave_oven__02,device,microwave_oven,final_hpid,3,5,2,1,0.5,0.25,0,0.2898160079848323,0.10966057441253263,0.1108179419525066,0.3643983082166726
microwave_oven__02,device,microwave_oven,final_dbscan,3,5,2,1,0.5,0.25,0,0.265962819874316,0.0845953002610966,0.08548812664907651,0.36598142167313696
microwave_oven__03,device,microwave_oven,input_pool,10,5,3,2,0.4,0.26666666666666666,10656,0.4201999473950947,0.3230047862491016,0.40998752600513527,0.7106696666251139
microwave_oven__03,device,microwave_oven,after_same_source_dedup,10,5,3,2,0.4,0.26666666666666666,10656,0.4201999473950947,0.3230047862491016,0.40998752600513527,0.7106696666251139
microwave_oven__03,device,microwave_oven,after_instance_cap,10,5,3,2,0.4,0.26666666666666666,10656,0.4201999473950947,0.3230047862491016,0.40998752600513527,0.7106696666251139
microwave_oven__03,device,microwave_oven,after_hierarchy_duplicate_filter,10,5,3,2,0.4,0.26666666666666666,10656,0.4201999473950947,0.3230047862491016,0.40998752600513527,0.7106696666251139
microwave_oven__03,device,microwave_oven,diagnostic_consensus_argmax,3,5,0,0,0.0,0.0,0,0.03655352480417755,0.03655352480417755,0.03677758318739054,0.040630472854640984
microwave_oven__03,device,microwave_oven,diagnostic_parent_support_argmax,3,5,0,0,0.0,0.0,0,0.03655352480417755,0.03655352480417755,0.03677758318739054,0.040630472854640984
microwave_oven__03,device,microwave_oven,diagnostic_parent_residual_argmax,3,5,0,0,0.0,0.0,0,0.03655352480417755,0.03655352480417755,0.03677758318739054,0.040630472854640984
microwave_oven__03,device,microwave_oven,diagnostic_specificity_argmax,5,5,1,0,0.2,0.0,0,0.12442799530683646,0.0025089633153692757,0.0033170421561060414,0.4087836744300531
microwave_oven__03,device,microwave_oven,actual_semantic_argmax,5,5,1,0,0.2,0.0,0,0.12564680232707195,0.002501636470980725,0.0033170421561060414,0.4087836744300531
microwave_oven__03,device,microwave_oven,after_direct_detail_gate,6,5,1,0,0.18181818181818182,0.0,0,0.17668212660763455,0.028264118251600967,0.034937907337702516,0.48788636316775486
microwave_oven__03,device,microwave_oven,after_cleanup,7,5,1,0,0.16666666666666666,0.0,0,0.17468000545493426,0.025496220378968988,0.03003422957938378,0.48788636316775486
microwave_oven__03,device,microwave_oven,after_root_restoration,7,5,1,0,0.16666666666666666,0.0,0,0.17468000545493426,0.025496220378968988,0.03003422957938378,0.48788636316775486
microwave_oven__03,device,microwave_oven,identity_supported_before_remainder,6,5,1,0,0.18181818181818182,0.0,0,0.17468000545493426,0.025497248757145104,0.03003422957938378,0.4854345242885955
microwave_oven__03,device,microwave_oven,identity_plus_eligible_remainder,7,5,1,0,0.16666666666666666,0.0,0,0.17468000545493426,0.025497248757145104,0.03003422957938378,0.48788636316775486
microwave_oven__03,device,microwave_oven,after_remainder_attachment_before_filter,7,5,1,0,0.16666666666666666,0.0,0,0.17468000545493426,0.025497248757145104,0.03003422957938378,0.48788636316775486
microwave_oven__03,device,microwave_oven,final_hpid,7,5,1,0,0.16666666666666666,0.0,0,0.17468000545493426,0.025497248757145104,0.03003422957938378,0.48788636316775486
microwave_oven__03,device,microwave_oven,final_dbscan,4,5,2,1,0.4444444444444444,0.2222222222222222,0,0.32621462755567693,0.18848783823385756,0.20929745407669995,0.43561377534152806
microwave_oven__04,device,microwave_oven,input_pool,19,5,2,0,0.16666666666666666,0.0,10922,0.3393186418890298,0.005964514911287278,0.00992462311557789,0.6081452636849729
microwave_oven__04,device,microwave_oven,after_same_source_dedup,19,5,2,0,0.16666666666666666,0.0,10922,0.3393186418890298,0.005964514911287278,0.00992462311557789,0.6081452636849729
microwave_oven__04,device,microwave_oven,after_instance_cap,19,5,2,0,0.16666666666666666,0.0,10922,0.3393186418890298,0.005964514911287278,0.00992462311557789,0.6081452636849729
microwave_oven__04,device,microwave_oven,after_hierarchy_duplicate_filter,19,5,2,0,0.16666666666666666,0.0,10922,0.3393186418890298,0.005964514911287278,0.00992462311557789,0.6081452636849729
microwave_oven__04,device,microwave_oven,diagnostic_consensus_argmax,7,5,1,0,0.16666666666666666,0.0,0,0.16406517920348182,0.0,0.0,0.3369066338775848
microwave_oven__04,device,microwave_oven,diagnostic_parent_support_argmax,7,5,1,0,0.16666666666666666,0.0,0,0.16406517920348182,0.0,0.0,0.3369066338775848
microwave_oven__04,device,microwave_oven,diagnostic_parent_residual_argmax,9,5,1,0,0.14285714285714285,0.0,0,0.16406517920348182,0.0,0.0,0.3369066338775848
microwave_oven__04,device,microwave_oven,diagnostic_specificity_argmax,10,5,2,0,0.26666666666666666,0.0,0,0.263074641097632,0.0,0.0,0.507849644355479
microwave_oven__04,device,microwave_oven,actual_semantic_argmax,10,5,2,0,0.26666666666666666,0.0,0,0.2593345574533548,0.0013040901007705988,0.0013819095477386936,0.5234215020003081
microwave_oven__04,device,microwave_oven,after_direct_detail_gate,10,5,2,0,0.26666666666666666,0.0,0,0.23318994538543936,0.0016429353778751369,0.0018844221105527637,0.5730540701402521
microwave_oven__04,device,microwave_oven,after_cleanup,10,5,2,0,0.26666666666666666,0.0,0,0.24827674922131732,0.0016429353778751369,0.0018844221105527637,0.5723423263680101
microwave_oven__04,device,microwave_oven,after_root_restoration,10,5,2,0,0.26666666666666666,0.0,0,0.24827674922131732,0.0016429353778751369,0.0018844221105527637,0.5723423263680101
microwave_oven__04,device,microwave_oven,identity_supported_before_remainder,11,5,2,0,0.25,0.0,0,0.3251998261443943,0.0016429353778751369,0.0018844221105527637,0.5723423263680101
microwave_oven__04,device,microwave_oven,identity_plus_eligible_remainder,11,5,2,0,0.25,0.0,0,0.3251998261443943,0.0016429353778751369,0.0018844221105527637,0.5723423263680101
microwave_oven__04,device,microwave_oven,after_remainder_attachment_before_filter,11,5,2,0,0.25,0.0,0,0.3251998261443943,0.0016429353778751369,0.0018844221105527637,0.5723423263680101
microwave_oven__04,device,microwave_oven,final_hpid,11,5,2,0,0.25,0.0,0,0.3251998261443943,0.0016429353778751369,0.0018844221105527637,0.5723423263680101
microwave_oven__04,device,microwave_oven,final_dbscan,12,5,2,0,0.23529411764705882,0.0,0,0.3393186418890298,0.005964514911287278,0.00992462311557789,0.5696216090725986
mouse_computer_equipment__01,device,mouse_(computer_equipment),input_pool,7,5,3,1,0.5,0.16666666666666666,27460,0.413512440932859,0.13170786552242536,0.23400942323695686,0.9877736994853427
mouse_computer_equipment__01,device,mouse_(computer_equipment),after_same_source_dedup,7,5,3,1,0.5,0.16666666666666666,27460,0.413512440932859,0.13170786552242536,0.23400942323695686,0.9877736994853427
mouse_computer_equipment__01,device,mouse_(computer_equipment),after_instance_cap,7,5,3,1,0.5,0.16666666666666666,27460,0.413512440932859,0.13170786552242536,0.23400942323695686,0.9877736994853427
mouse_computer_equipment__01,device,mouse_(computer_equipment),after_hierarchy_duplicate_filter,7,5,3,1,0.5,0.16666666666666666,27460,0.413512440932859,0.13170786552242536,0.23400942323695686,0.9877736994853427
mouse_computer_equipment__01,device,mouse_(computer_equipment),diagnostic_consensus_argmax,1,5,1,1,0.3333333333333333,0.3333333333333333,0,0.19460686329429394,0.09987231519905149,0.1889646246764452,0.9877736994853427
mouse_computer_equipment__01,device,mouse_(computer_equipment),diagnostic_parent_support_argmax,1,5,1,1,0.3333333333333333,0.3333333333333333,0,0.19460686329429394,0.09987231519905149,0.1889646246764452,0.9877736994853427
mouse_computer_equipment__01,device,mouse_(computer_equipment),diagnostic_parent_residual_argmax,3,5,2,1,0.5,0.25,0,0.25220615672333746,0.12258372920154148,0.18942225679926777,0.9877736994853427
mouse_computer_equipment__01,device,mouse_(computer_equipment),diagnostic_specificity_argmax,4,5,2,1,0.4444444444444444,0.2222222222222222,0,0.25072525498808085,0.12067706019866872,0.18610905576389242,0.9877736994853427
mouse_computer_equipment__01,device,mouse_(computer_equipment),actual_semantic_argmax,4,5,2,1,0.4444444444444444,0.2222222222222222,0,0.26806753923441506,0.12442852218639759,0.18765910005087208,0.9877736994853427
mouse_computer_equipment__01,device,mouse_(computer_equipment),after_direct_detail_gate,4,5,3,1,0.6666666666666666,0.2222222222222222,0,0.33250114778210377,0.12746696075165248,0.18393395068329343,0.9877736994853427
mouse_computer_equipment__01,device,mouse_(computer_equipment),after_cleanup,4,5,3,1,0.6666666666666666,0.2222222222222222,0,0.33250114778210377,0.12746696075165248,0.18393395068329343,0.9877736994853427
mouse_computer_equipment__01,device,mouse_(computer_equipment),after_root_restoration,4,5,3,1,0.6666666666666666,0.2222222222222222,0,0.33250114778210377,0.12746696075165248,0.18393395068329343,0.9877736994853427
mouse_computer_equipment__01,device,mouse_(computer_equipment),identity_supported_before_remainder,6,5,3,1,0.5454545454545454,0.18181818181818182,0,0.42303370993245215,0.12784570544422097,0.18393395068329343,0.9877736994853427
mouse_computer_equipment__01,device,mouse_(computer_equipment),identity_plus_eligible_remainder,6,5,3,1,0.5454545454545454,0.18181818181818182,0,0.42303370993245215,0.12784570544422097,0.18393395068329343,0.9877736994853427
mouse_computer_equipment__01,device,mouse_(computer_equipment),after_remainder_attachment_before_filter,6,5,3,1,0.5454545454545454,0.18181818181818182,0,0.42303370993245215,0.12784570544422097,0.18393395068329343,0.9877736994853427
mouse_computer_equipment__01,device,mouse_(computer_equipment),final_hpid,6,5,3,1,0.5454545454545454,0.18181818181818182,0,0.42303370993245215,0.12784570544422097,0.18393395068329343,0.9877736994853427
mouse_computer_equipment__01,device,mouse_(computer_equipment),final_dbscan,5,5,3,1,0.6,0.2,0,0.40058171605880605,0.0912040100598365,0.12084611776990306,0.9877736994853427
mouse_computer_equipment__02,device,mouse_(computer_equipment),input_pool,8,5,4,0,0.6153846153846154,0.0,56147,0.5067754335305915,0.0,0.0,0.8005377409119973
mouse_computer_equipment__02,device,mouse_(computer_equipment),after_same_source_dedup,8,5,4,0,0.6153846153846154,0.0,56147,0.5067754335305915,0.0,0.0,0.8005377409119973
mouse_computer_equipment__02,device,mouse_(computer_equipment),after_instance_cap,8,5,4,0,0.6153846153846154,0.0,56147,0.5067754335305915,0.0,0.0,0.8005377409119973
mouse_computer_equipment__02,device,mouse_(computer_equipment),after_hierarchy_duplicate_filter,8,5,4,0,0.6153846153846154,0.0,56147,0.5067754335305915,0.0,0.0,0.8005377409119973
mouse_computer_equipment__02,device,mouse_(computer_equipment),diagnostic_consensus_argmax,4,5,1,0,0.2222222222222222,0.0,0,0.16579553378555878,0.0,0.0,0.8005377409119973
mouse_computer_equipment__02,device,mouse_(computer_equipment),diagnostic_parent_support_argmax,4,5,1,0,0.2222222222222222,0.0,0,0.16579553378555878,0.0,0.0,0.8005377409119973
mouse_computer_equipment__02,device,mouse_(computer_equipment),diagnostic_parent_residual_argmax,6,5,2,0,0.36363636363636365,0.0,0,0.20498851776789437,0.0,0.0,0.8005377409119973
mouse_computer_equipment__02,device,mouse_(computer_equipment),diagnostic_specificity_argmax,6,5,2,0,0.36363636363636365,0.0,0,0.20498851776789437,0.0,0.0,0.8005377409119973
mouse_computer_equipment__02,device,mouse_(computer_equipment),actual_semantic_argmax,6,5,2,0,0.36363636363636365,0.0,0,0.21018752750760905,0.0,0.0,0.8005377409119973
mouse_computer_equipment__02,device,mouse_(computer_equipment),after_direct_detail_gate,8,5,3,0,0.46153846153846156,0.0,0,0.32884016065519206,0.0,0.0,0.8005377409119973
mouse_computer_equipment__02,device,mouse_(computer_equipment),after_cleanup,7,5,3,0,0.5,0.0,0,0.3271102420852744,0.0,0.0,0.8005377409119973
mouse_computer_equipment__02,device,mouse_(computer_equipment),after_root_restoration,7,5,3,0,0.5,0.0,0,0.3271102420852744,0.0,0.0,0.8005377409119973
mouse_computer_equipment__02,device,mouse_(computer_equipment),identity_supported_before_remainder,7,5,3,0,0.5,0.0,0,0.3271102420852744,0.0,0.0,0.8005377409119973
mouse_computer_equipment__02,device,mouse_(computer_equipment),identity_plus_eligible_remainder,7,5,3,0,0.5,0.0,0,0.3271102420852744,0.0,0.0,0.8005377409119973
mouse_computer_equipment__02,device,mouse_(computer_equipment),after_remainder_attachment_before_filter,7,5,3,0,0.5,0.0,0,0.3271102420852744,0.0,0.0,0.8005377409119973
mouse_computer_equipment__02,device,mouse_(computer_equipment),final_hpid,7,5,3,0,0.5,0.0,0,0.3271102420852744,0.0,0.0,0.8005377409119973
mouse_computer_equipment__02,device,mouse_(computer_equipment),final_dbscan,7,5,3,0,0.5,0.0,0,0.4723543250287781,0.0,0.0,0.8005377409119973
mouse_computer_equipment__03,device,mouse_(computer_equipment),input_pool,6,5,3,2,0.5454545454545454,0.36363636363636365,14304,0.46608833380026055,0.33141631690492995,0.3879269117978795,0.776283444370919
mouse_computer_equipment__03,device,mouse_(computer_equipment),after_same_source_dedup,6,5,3,2,0.5454545454545454,0.36363636363636365,14304,0.46608833380026055,0.33141631690492995,0.3879269117978795,0.776283444370919
mouse_computer_equipment__03,device,mouse_(computer_equipment),after_instance_cap,6,5,3,2,0.5454545454545454,0.36363636363636365,14304,0.46608833380026055,0.33141631690492995,0.3879269117978795,0.776283444370919
mouse_computer_equipment__03,device,mouse_(computer_equipment),after_hierarchy_duplicate_filter,6,5,3,2,0.5454545454545454,0.36363636363636365,14304,0.46608833380026055,0.33141631690492995,0.3879269117978795,0.776283444370919
mouse_computer_equipment__03,device,mouse_(computer_equipment),diagnostic_consensus_argmax,1,5,1,1,0.3333333333333333,0.3333333333333333,0,0.19644435452682046,0.1642985902472845,0.19600771987868762,0.776283444370919
mouse_computer_equipment__03,device,mouse_(computer_equipment),diagnostic_parent_support_argmax,1,5,1,1,0.3333333333333333,0.3333333333333333,0,0.19644435452682046,0.1642985902472845,0.19600771987868762,0.776283444370919
mouse_computer_equipment__03,device,mouse_(computer_equipment),diagnostic_parent_residual_argmax,4,5,2,2,0.4444444444444444,0.4444444444444444,0,0.32806117969409454,0.27129496402877695,0.3604922675890418,0.776283444370919
mouse_computer_equipment__03,device,mouse_(computer_equipment),diagnostic_specificity_argmax,4,5,3,2,0.6666666666666666,0.4444444444444444,0,0.40531238229725125,0.2718443981273203,0.35581622678396874,0.776283444370919
mouse_computer_equipment__03,device,mouse_(computer_equipment),actual_semantic_argmax,4,5,3,2,0.6666666666666666,0.4444444444444444,0,0.4078607012485983,0.27169966405526524,0.36414266736847384,0.776283444370919
mouse_computer_equipment__03,device,mouse_(computer_equipment),after_direct_detail_gate,4,5,3,2,0.6666666666666666,0.4444444444444444,0,0.4031724971487919,0.26748479668815095,0.36402135498909693,0.776283444370919
mouse_computer_equipment__03,device,mouse_(computer_equipment),after_cleanup,4,5,3,2,0.6666666666666666,0.4444444444444444,0,0.40317849843065456,0.2674907979700136,0.36402135498909693,0.7761051912514894
mouse_computer_equipment__03,device,mouse_(computer_equipment),after_root_restoration,4,5,3,2,0.6666666666666666,0.4444444444444444,0,0.4031724971487919,0.26748479668815095,0.36402135498909693,0.776283444370919
mouse_computer_equipment__03,device,mouse_(computer_equipment),identity_supported_before_remainder,5,5,3,2,0.6,0.4,0,0.40922169863058133,0.2735339981699404,0.36402135498909693,0.776283444370919
mouse_computer_equipment__03,device,mouse_(computer_equipment),identity_plus_eligible_remainder,5,5,3,2,0.6,0.4,0,0.40922169863058133,0.2735339981699404,0.36402135498909693,0.776283444370919
mouse_computer_equipment__03,device,mouse_(computer_equipment),after_remainder_attachment_before_filter,5,5,3,2,0.6,0.4,0,0.40922169863058133,0.2735339981699404,0.36402135498909693,0.776283444370919
mouse_computer_equipment__03,device,mouse_(computer_equipment),final_hpid,5,5,3,2,0.6,0.4,0,0.40922169863058133,0.2735339981699404,0.36402135498909693,0.776283444370919
mouse_computer_equipment__03,device,mouse_(computer_equipment),final_dbscan,4,5,2,1,0.4444444444444444,0.2222222222222222,0,0.24510390635549836,0.10224719101123596,0.19048249241797627,0.776283444370919
mouse_computer_equipment__04,device,mouse_(computer_equipment),input_pool,6,5,3,1,0.5454545454545454,0.18181818181818182,14473,0.3786495529228871,0.12697892735529465,0.19846997001563957,0.9963825588985816
mouse_computer_equipment__04,device,mouse_(computer_equipment),after_same_source_dedup,6,5,3,1,0.5454545454545454,0.18181818181818182,14473,0.3786495529228871,0.12697892735529465,0.19846997001563957,0.9963825588985816
mouse_computer_equipment__04,device,mouse_(computer_equipment),after_instance_cap,6,5,3,1,0.5454545454545454,0.18181818181818182,14473,0.3786495529228871,0.12697892735529465,0.19846997001563957,0.9963825588985816
mouse_computer_equipment__04,device,mouse_(computer_equipment),after_hierarchy_duplicate_filter,6,5,3,1,0.5454545454545454,0.18181818181818182,14473,0.3786495529228871,0.12697892735529465,0.19846997001563957,0.9963825588985816
mouse_computer_equipment__04,device,mouse_(computer_equipment),diagnostic_consensus_argmax,3,5,1,1,0.25,0.25,0,0.1902338791146768,0.12909869164916815,0.1944647201946472,0.9963825588985816
mouse_computer_equipment__04,device,mouse_(computer_equipment),diagnostic_parent_support_argmax,3,5,1,1,0.25,0.25,0,0.18402182308519183,0.12492382217360731,0.19451338199513382,0.9963825588985816
mouse_computer_equipment__04,device,mouse_(computer_equipment),diagnostic_parent_residual_argmax,4,5,2,1,0.4444444444444444,0.2222222222222222,0,0.3242500358793341,0.1410921260556139,0.1823113592506998,0.9963825588985816
mouse_computer_equipment__04,device,mouse_(computer_equipment),diagnostic_specificity_argmax,4,5,2,1,0.4444444444444444,0.2222222222222222,0,0.33008663934528854,0.1469287295215683,0.17806561715824237,0.9963825588985816
mouse_computer_equipment__04,device,mouse_(computer_equipment),actual_semantic_argmax,4,5,2,1,0.4444444444444444,0.2222222222222222,0,0.3253883574814044,0.1451959788384458,0.1778709699562959,0.9963825588985816
mouse_computer_equipment__04,device,mouse_(computer_equipment),after_direct_detail_gate,4,5,2,1,0.4444444444444444,0.2222222222222222,0,0.3251155069406743,0.14509315244422993,0.1778466390560526,0.9963825588985816
mouse_computer_equipment__04,device,mouse_(computer_equipment),after_cleanup,4,5,2,1,0.4444444444444444,0.2222222222222222,0,0.3250859814849294,0.14512662789610076,0.17779797725556595,0.99637039344846
mouse_computer_equipment__04,device,mouse_(computer_equipment),after_root_restoration,4,5,2,1,0.4444444444444444,0.2222222222222222,0,0.3250482593113454,0.14508890572251681,0.17781014270568762,0.9963825588985816
mouse_computer_equipment__04,device,mouse_(computer_equipment),identity_supported_before_remainder,6,5,3,1,0.5454545454545454,0.18181818181818182,0,0.42721050615032946,0.14543902520637403,0.17781014270568762,0.9963460625482167
mouse_computer_equipment__04,device,mouse_(computer_equipment),identity_plus_eligible_remainder,6,5,3,1,0.5454545454545454,0.18181818181818182,0,0.42721050615032946,0.14543902520637403,0.17781014270568762,0.9963460625482167
mouse_computer_equipment__04,device,mouse_(computer_equipment),after_remainder_attachment_before_filter,6,5,3,1,0.5454545454545454,0.18181818181818182,0,0.42721050615032946,0.14543902520637403,0.17781014270568762,0.9963460625482167
mouse_computer_equipment__04,device,mouse_(computer_equipment),final_hpid,6,5,3,1,0.5454545454545454,0.18181818181818182,0,0.42721050615032946,0.14543902520637403,0.17781014270568762,0.9963460625482167
mouse_computer_equipment__04,device,mouse_(computer_equipment),final_dbscan,4,5,2,1,0.4444444444444444,0.2222222222222222,0,0.27732765725265984,0.14062226601503797,0.17945544774790814,0.9963825588985816
mug__01,container,mug,input_pool,6,6,4,3,0.6666666666666666,0.5,7884,0.4045568598641392,0.2773131609207116,0.4697316574793693,0.7773687602424748
mug__01,container,mug,after_same_source_dedup,6,6,4,3,0.6666666666666666,0.5,7884,0.4045568598641392,0.2773131609207116,0.4697316574793693,0.7773687602424748
mug__01,container,mug,after_instance_cap,6,6,4,3,0.6666666666666666,0.5,7884,0.4045568598641392,0.2773131609207116,0.4697316574793693,0.7773687602424748
mug__01,container,mug,after_hierarchy_duplicate_filter,6,6,4,3,0.6666666666666666,0.5,7884,0.4045568598641392,0.2773131609207116,0.4697316574793693,0.7773687602424748
mug__01,container,mug,diagnostic_consensus_argmax,2,6,2,2,0.5,0.5,0,0.2255396989055407,0.18127170076336294,0.26322439619249843,0.7773687602424748
mug__01,container,mug,diagnostic_parent_support_argmax,2,6,2,2,0.5,0.5,0,0.2255396989055407,0.18127170076336294,0.26322439619249843,0.7773687602424748
mug__01,container,mug,diagnostic_parent_residual_argmax,2,6,2,2,0.5,0.5,0,0.2255396989055407,0.18127170076336294,0.26322439619249843,0.7773687602424748
mug__01,container,mug,diagnostic_specificity_argmax,3,6,2,2,0.4444444444444444,0.4444444444444444,0,0.2257653484065906,0.17972797483939074,0.2644966210486457,0.7773687602424748
mug__01,container,mug,actual_semantic_argmax,4,6,2,2,0.4,0.4,0,0.22661919815489603,0.1912394854915731,0.2817818187413587,0.7773687602424748
mug__01,container,mug,after_direct_detail_gate,4,6,3,2,0.6,0.4,0,0.2548092969958768,0.19327735476666644,0.31019434370853033,0.7773687602424748
mug__01,container,mug,after_cleanup,4,6,3,2,0.6,0.4,0,0.25468603785921534,0.19356998806280723,0.3104057561509192,0.7767058895022693
mug__01,container,mug,after_root_restoration,4,6,3,2,0.6,0.4,0,0.25467189767155046,0.19369378108088106,0.3105544771503243,0.7773687602424748
mug__01,container,mug,identity_supported_before_remainder,5,6,3,2,0.5454545454545454,0.36363636363636365,0,0.25999674066077577,0.20111035674560537,0.3105544771503243,0.7773687602424748
mug__01,container,mug,identity_plus_eligible_remainder,5,6,3,2,0.5454545454545454,0.36363636363636365,0,0.25999674066077577,0.20111035674560537,0.3105544771503243,0.7773687602424748
mug__01,container,mug,after_remainder_attachment_before_filter,5,6,3,2,0.5454545454545454,0.36363636363636365,0,0.25999674066077577,0.20111035674560537,0.3105544771503243,0.7773687602424748
mug__01,container,mug,final_hpid,5,6,3,2,0.5454545454545454,0.36363636363636365,0,0.25999674066077577,0.20111035674560537,0.3105544771503243,0.7773687602424748
mug__01,container,mug,final_dbscan,5,6,3,2,0.5454545454545454,0.36363636363636365,0,0.35926905577653345,0.21090559746567691,0.3777935910009545,0.7773687602424748
mug__02,container,mug,input_pool,13,5,3,3,0.3333333333333333,0.3333333333333333,29999,0.48720124819388066,0.40573513659406163,0.6202733594316681,0.9708399082272596
mug__02,container,mug,after_same_source_dedup,13,5,3,3,0.3333333333333333,0.3333333333333333,29999,0.48720124819388066,0.40573513659406163,0.6202733594316681,0.9708399082272596
mug__02,container,mug,after_instance_cap,13,5,3,3,0.3333333333333333,0.3333333333333333,29999,0.48720124819388066,0.40573513659406163,0.6202733594316681,0.9708399082272596
mug__02,container,mug,after_hierarchy_duplicate_filter,13,5,3,3,0.3333333333333333,0.3333333333333333,29999,0.48720124819388066,0.40573513659406163,0.6202733594316681,0.9708399082272596
mug__02,container,mug,diagnostic_consensus_argmax,2,5,2,2,0.5714285714285714,0.5714285714285714,0,0.2787216595308374,0.17445936977951365,0.3187453616183575,0.9708399082272596
mug__02,container,mug,diagnostic_parent_support_argmax,2,5,2,2,0.5714285714285714,0.5714285714285714,0,0.2787216595308374,0.17445936977951365,0.3187453616183575,0.9708399082272596
mug__02,container,mug,diagnostic_parent_residual_argmax,5,5,3,1,0.6,0.2,0,0.33486575839208343,0.14019962433322045,0.21656158695858324,0.9708399082272596
mug__02,container,mug,diagnostic_specificity_argmax,7,5,3,1,0.5,0.16666666666666666,0,0.35587365496157225,0.18348105062290193,0.25873948110501377,0.9708399082272596
mug__02,container,mug,actual_semantic_argmax,7,5,3,1,0.5,0.16666666666666666,0,0.3734078650885288,0.19335716447707738,0.27312475981289835,0.9708399082272596
mug__02,container,mug,after_direct_detail_gate,7,5,3,1,0.5,0.16666666666666666,0,0.4001105796312491,0.20489868195525682,0.30167564147414766,0.9708399082272596
mug__02,container,mug,after_cleanup,7,5,3,1,0.5,0.16666666666666666,0,0.40025337728672533,0.20492781404973187,0.30167564147414766,0.9707609192857113
mug__02,container,mug,after_root_restoration,7,5,3,1,0.5,0.16666666666666666,0,0.4001105796312491,0.20489868195525682,0.30167564147414766,0.9708399082272596
mug__02,container,mug,identity_supported_before_remainder,7,5,3,1,0.5,0.16666666666666666,0,0.4001105796312491,0.20489868195525682,0.30167564147414766,0.9708399082272596
mug__02,container,mug,identity_plus_eligible_remainder,7,5,3,1,0.5,0.16666666666666666,0,0.4001105796312491,0.20489868195525682,0.30167564147414766,0.9708399082272596
mug__02,container,mug,after_remainder_attachment_before_filter,7,5,3,1,0.5,0.16666666666666666,0,0.4001105796312491,0.20489868195525682,0.30167564147414766,0.9708399082272596
mug__02,container,mug,final_hpid,7,5,3,1,0.5,0.16666666666666666,0,0.4001105796312491,0.20489868195525682,0.30167564147414766,0.9708399082272596
mug__02,container,mug,final_dbscan,9,5,3,3,0.42857142857142855,0.42857142857142855,0,0.48618257315106855,0.398807151697948,0.4885925204556779,0.9708399082272596
mug__03,container,mug,input_pool,9,5,3,3,0.42857142857142855,0.42857142857142855,10534,0.5263071514844986,0.5152804252974732,0.67119237287262,0.9731200388523671
mug__03,container,mug,after_same_source_dedup,9,5,3,3,0.42857142857142855,0.42857142857142855,10534,0.5263071514844986,0.5152804252974732,0.67119237287262,0.9731200388523671
mug__03,container,mug,after_instance_cap,9,5,3,3,0.42857142857142855,0.42857142857142855,10534,0.5263071514844986,0.5152804252974732,0.67119237287262,0.9731200388523671
mug__03,container,mug,after_hierarchy_duplicate_filter,9,5,3,3,0.42857142857142855,0.42857142857142855,10534,0.5263071514844986,0.5152804252974732,0.67119237287262,0.9731200388523671
mug__03,container,mug,diagnostic_consensus_argmax,3,5,2,2,0.5,0.5,0,0.3377491058412276,0.2712268656716418,0.3646989539026674,0.9731200388523671
mug__03,container,mug,diagnostic_parent_support_argmax,3,5,2,2,0.5,0.5,0,0.3377491058412276,0.2712268656716418,0.3646989539026674,0.9731200388523671
mug__03,container,mug,diagnostic_parent_residual_argmax,3,5,2,2,0.5,0.5,0,0.3377491058412276,0.2712268656716418,0.3646989539026674,0.9731200388523671
mug__03,container,mug,diagnostic_specificity_argmax,4,5,2,2,0.4444444444444444,0.4444444444444444,0,0.3372506295910259,0.2715864541002396,0.3643434194158222,0.9731200388523671
mug__03,container,mug,actual_semantic_argmax,4,5,2,2,0.4444444444444444,0.4444444444444444,0,0.34059710695534867,0.2750560622216647,0.36730196634146944,0.9731200388523671
mug__03,container,mug,after_direct_detail_gate,5,5,3,3,0.6,0.6,0,0.5087170558294467,0.45576201789074783,0.5397921213685996,0.9731200388523671
mug__03,container,mug,after_cleanup,5,5,3,3,0.6,0.6,0,0.5088950491893085,0.45590419922900993,0.5403236076379583,0.9728530161554378
mug__03,container,mug,after_root_restoration,5,5,3,3,0.6,0.6,0,0.508872894865239,0.45588921118386017,0.5403236076379583,0.9731200388523671
mug__03,container,mug,identity_supported_before_remainder,6,5,3,3,0.5454545454545454,0.5454545454545454,0,0.5090934038875929,0.45610972020621404,0.5401900962894938,0.9729154206065335
mug__03,container,mug,identity_plus_eligible_remainder,6,5,3,3,0.5454545454545454,0.5454545454545454,0,0.5090934038875929,0.45610972020621404,0.5401900962894938,0.9729154206065335
mug__03,container,mug,after_remainder_attachment_before_filter,6,5,3,3,0.5454545454545454,0.5454545454545454,0,0.5090934038875929,0.45610972020621404,0.5401900962894938,0.9729154206065335
mug__03,container,mug,final_hpid,6,5,3,3,0.5454545454545454,0.5454545454545454,0,0.5090934038875929,0.45610972020621404,0.5401900962894938,0.9729154206065335
mug__03,container,mug,final_dbscan,6,5,3,3,0.5454545454545454,0.5454545454545454,0,0.4942390793869473,0.47490784653808066,0.5583484831334263,0.9730963365532441
mug__04,container,mug,input_pool,5,5,2,1,0.4,0.2,16370,0.4150079682442354,0.19973472076319992,0.36109250193249165,0.7225081854855798
mug__04,container,mug,after_same_source_dedup,5,5,2,1,0.4,0.2,16370,0.4150079682442354,0.19973472076319992,0.36109250193249165,0.7225081854855798
mug__04,container,mug,after_instance_cap,5,5,2,1,0.4,0.2,16370,0.4150079682442354,0.19973472076319992,0.36109250193249165,0.7225081854855798
mug__04,container,mug,after_hierarchy_duplicate_filter,5,5,2,1,0.4,0.2,16370,0.4150079682442354,0.19973472076319992,0.36109250193249165,0.7225081854855798
mug__04,container,mug,diagnostic_consensus_argmax,2,5,1,0,0.2857142857142857,0.0,0,0.19581398815850876,0.04664279319606088,0.16109250193249164,0.7225081854855798
mug__04,container,mug,diagnostic_parent_support_argmax,2,5,1,0,0.2857142857142857,0.0,0,0.19581398815850876,0.04664279319606088,0.16109250193249164,0.7225081854855798
mug__04,container,mug,diagnostic_parent_residual_argmax,2,5,1,0,0.2857142857142857,0.0,0,0.19581398815850876,0.04664279319606088,0.16109250193249164,0.7225081854855798
mug__04,container,mug,diagnostic_specificity_argmax,3,5,2,1,0.5,0.25,0,0.2836882922816472,0.0841793456308065,0.16109250193249164,0.7225081854855798
mug__04,container,mug,actual_semantic_argmax,3,5,2,1,0.5,0.25,0,0.2836882922816472,0.0841793456308065,0.16109250193249164,0.7225081854855798
mug__04,container,mug,after_direct_detail_gate,5,5,2,1,0.4,0.2,0,0.2854239082618507,0.10195710409917613,0.17433113829612798,0.7225081854855798
mug__04,container,mug,after_cleanup,5,5,2,1,0.4,0.2,0,0.2854239082618507,0.10195710409917613,0.17433113829612798,0.7225081854855798
mug__04,container,mug,after_root_restoration,5,5,2,1,0.4,0.2,0,0.2854239082618507,0.10195710409917613,0.17433113829612798,0.7225081854855798
mug__04,container,mug,identity_supported_before_remainder,5,5,2,1,0.4,0.2,0,0.2854239082618507,0.10195710409917613,0.17433113829612798,0.7225081854855798
mug__04,container,mug,identity_plus_eligible_remainder,5,5,2,1,0.4,0.2,0,0.2854239082618507,0.10195710409917613,0.17433113829612798,0.7225081854855798
mug__04,container,mug,after_remainder_attachment_before_filter,5,5,2,1,0.4,0.2,0,0.2854239082618507,0.10195710409917613,0.17433113829612798,0.7225081854855798
mug__04,container,mug,final_hpid,5,5,2,1,0.4,0.2,0,0.2854239082618507,0.10195710409917613,0.17433113829612798,0.7225081854855798
mug__04,container,mug,final_dbscan,4,5,3,1,0.6666666666666666,0.2222222222222222,0,0.45109157499428143,0.09780976220275343,0.16109250193249164,0.7225081854855798
pan_for_cooking__01,tool_prop,pan_(for_cooking),input_pool,0,4,0,0,0.0,0.0,0,0.0,0.0,0.0,0.0
pan_for_cooking__01,tool_prop,pan_(for_cooking),after_same_source_dedup,0,4,0,0,0.0,0.0,0,0.0,0.0,0.0,0.0
pan_for_cooking__01,tool_prop,pan_(for_cooking),after_instance_cap,0,4,0,0,0.0,0.0,0,0.0,0.0,0.0,0.0
pan_for_cooking__01,tool_prop,pan_(for_cooking),after_hierarchy_duplicate_filter,0,4,0,0,0.0,0.0,0,0.0,0.0,0.0,0.0
pan_for_cooking__01,tool_prop,pan_(for_cooking),diagnostic_consensus_argmax,0,4,0,0,0.0,0.0,0,0.0,0.0,0.0,0.0
pan_for_cooking__01,tool_prop,pan_(for_cooking),diagnostic_parent_support_argmax,0,4,0,0,0.0,0.0,0,0.0,0.0,0.0,0.0
pan_for_cooking__01,tool_prop,pan_(for_cooking),diagnostic_parent_residual_argmax,0,4,0,0,0.0,0.0,0,0.0,0.0,0.0,0.0
pan_for_cooking__01,tool_prop,pan_(for_cooking),diagnostic_specificity_argmax,0,4,0,0,0.0,0.0,0,0.0,0.0,0.0,0.0
pan_for_cooking__01,tool_prop,pan_(for_cooking),actual_semantic_argmax,0,4,0,0,0.0,0.0,0,0.0,0.0,0.0,0.0
pan_for_cooking__01,tool_prop,pan_(for_cooking),after_direct_detail_gate,0,4,0,0,0.0,0.0,0,0.0,0.0,0.0,0.0
pan_for_cooking__01,tool_prop,pan_(for_cooking),after_cleanup,0,4,0,0,0.0,0.0,0,0.0,0.0,0.0,0.0
pan_for_cooking__01,tool_prop,pan_(for_cooking),after_root_restoration,0,4,0,0,0.0,0.0,0,0.0,0.0,0.0,0.0
pan_for_cooking__01,tool_prop,pan_(for_cooking),identity_supported_before_remainder,0,4,0,0,0.0,0.0,0,0.0,0.0,0.0,0.0
pan_for_cooking__01,tool_prop,pan_(for_cooking),identity_plus_eligible_remainder,0,4,0,0,0.0,0.0,0,0.0,0.0,0.0,0.0
pan_for_cooking__01,tool_prop,pan_(for_cooking),after_remainder_attachment_before_filter,0,4,0,0,0.0,0.0,0,0.0,0.0,0.0,0.0
pan_for_cooking__01,tool_prop,pan_(for_cooking),final_hpid,0,4,0,0,0.0,0.0,0,0.0,0.0,0.0,0.0
pan_for_cooking__01,tool_prop,pan_(for_cooking),final_dbscan,0,4,0,0,0.0,0.0,0,0.0,0.0,0.0,0.0
pan_for_cooking__02,tool_prop,pan_(for_cooking),input_pool,7,4,1,0,0.18181818181818182,0.0,50945,0.1548576176442425,0.0,0.0,0.9590735920428164
pan_for_cooking__02,tool_prop,pan_(for_cooking),after_same_source_dedup,7,4,1,0,0.18181818181818182,0.0,50945,0.1548576176442425,0.0,0.0,0.9590735920428164
pan_for_cooking__02,tool_prop,pan_(for_cooking),after_instance_cap,7,4,1,0,0.18181818181818182,0.0,50945,0.1548576176442425,0.0,0.0,0.9590735920428164
pan_for_cooking__02,tool_prop,pan_(for_cooking),after_hierarchy_duplicate_filter,7,4,1,0,0.18181818181818182,0.0,50945,0.1548576176442425,0.0,0.0,0.9590735920428164
pan_for_cooking__02,tool_prop,pan_(for_cooking),diagnostic_consensus_argmax,1,4,0,0,0.0,0.0,0,0.08474820750446355,0.0,0.0,0.9590735920428164
pan_for_cooking__02,tool_prop,pan_(for_cooking),diagnostic_parent_support_argmax,1,4,0,0,0.0,0.0,0,0.08474820750446355,0.0,0.0,0.9590735920428164
pan_for_cooking__02,tool_prop,pan_(for_cooking),diagnostic_parent_residual_argmax,4,4,1,0,0.25,0.0,0,0.14186340164420627,0.0,0.0,0.9590735920428164
pan_for_cooking__02,tool_prop,pan_(for_cooking),diagnostic_specificity_argmax,5,4,1,0,0.2222222222222222,0.0,0,0.19985744436713354,0.0,0.0,0.9590735920428164
pan_for_cooking__02,tool_prop,pan_(for_cooking),actual_semantic_argmax,5,4,1,0,0.2222222222222222,0.0,0,0.20943950999826239,0.0,0.0,0.9590735920428164
pan_for_cooking__02,tool_prop,pan_(for_cooking),after_direct_detail_gate,5,4,1,0,0.2222222222222222,0.0,0,0.21354992486994712,0.0,0.0,0.9590735920428164
pan_for_cooking__02,tool_prop,pan_(for_cooking),after_cleanup,5,4,1,0,0.2222222222222222,0.0,0,0.21389065954208805,0.0,0.0,0.9590735920428164
pan_for_cooking__02,tool_prop,pan_(for_cooking),after_root_restoration,5,4,1,0,0.2222222222222222,0.0,0,0.21378950060878615,0.0,0.0,0.9590735920428164
pan_for_cooking__02,tool_prop,pan_(for_cooking),identity_supported_before_remainder,5,4,1,0,0.2222222222222222,0.0,0,0.21378950060878615,0.0,0.0,0.9590735920428164
pan_for_cooking__02,tool_prop,pan_(for_cooking),identity_plus_eligible_remainder,5,4,1,0,0.2222222222222222,0.0,0,0.21378950060878615,0.0,0.0,0.9590735920428164
pan_for_cooking__02,tool_prop,pan_(for_cooking),after_remainder_attachment_before_filter,5,4,1,0,0.2222222222222222,0.0,0,0.21378950060878615,0.0,0.0,0.9590735920428164
pan_for_cooking__02,tool_prop,pan_(for_cooking),final_hpid,5,4,1,0,0.2222222222222222,0.0,0,0.21378950060878615,0.0,0.0,0.9590735920428164
pan_for_cooking__02,tool_prop,pan_(for_cooking),final_dbscan,4,4,1,0,0.25,0.0,0,0.21508363334999142,0.0,0.0,0.9590735920428164
pan_for_cooking__03,tool_prop,pan_(for_cooking),input_pool,7,4,0,0,0.0,0.0,4150,0.00016422158966498797,0.0,0.0,0.0008949880668257757
pan_for_cooking__03,tool_prop,pan_(for_cooking),after_same_source_dedup,7,4,0,0,0.0,0.0,4150,0.00016422158966498797,0.0,0.0,0.0008949880668257757
pan_for_cooking__03,tool_prop,pan_(for_cooking),after_instance_cap,7,4,0,0,0.0,0.0,4150,0.00016422158966498797,0.0,0.0,0.0008949880668257757
pan_for_cooking__03,tool_prop,pan_(for_cooking),after_hierarchy_duplicate_filter,7,4,0,0,0.0,0.0,4150,0.00016422158966498797,0.0,0.0,0.0008949880668257757
pan_for_cooking__03,tool_prop,pan_(for_cooking),diagnostic_consensus_argmax,1,4,0,0,0.0,0.0,0,0.00016422158966498797,0.0,0.0,0.0008949880668257757
pan_for_cooking__03,tool_prop,pan_(for_cooking),diagnostic_parent_support_argmax,1,4,0,0,0.0,0.0,0,0.00016422158966498797,0.0,0.0,0.0008949880668257757
pan_for_cooking__03,tool_prop,pan_(for_cooking),diagnostic_parent_residual_argmax,4,4,0,0,0.0,0.0,0,0.00019389865563598758,0.0,0.0,0.0008949880668257757
pan_for_cooking__03,tool_prop,pan_(for_cooking),diagnostic_specificity_argmax,5,4,0,0,0.0,0.0,0,0.0003852080123266564,0.0,0.0,0.0008949880668257757
pan_for_cooking__03,tool_prop,pan_(for_cooking),actual_semantic_argmax,5,4,0,0,0.0,0.0,0,0.00039556962025316455,0.0,0.0,0.0008949880668257757
pan_for_cooking__03,tool_prop,pan_(for_cooking),after_direct_detail_gate,5,4,0,0,0.0,0.0,0,0.00039556962025316455,0.0,0.0,0.0008949880668257757
pan_for_cooking__03,tool_prop,pan_(for_cooking),after_cleanup,5,4,0,0,0.0,0.0,0,0.00039724576271186443,0.0,0.0,0.0008949880668257757
pan_for_cooking__03,tool_prop,pan_(for_cooking),after_root_restoration,5,4,0,0,0.0,0.0,0,0.00039556962025316455,0.0,0.0,0.0008949880668257757
pan_for_cooking__03,tool_prop,pan_(for_cooking),identity_supported_before_remainder,6,4,0,0,0.0,0.0,0,0.00039556962025316455,0.0,0.0,0.0008949880668257757
pan_for_cooking__03,tool_prop,pan_(for_cooking),identity_plus_eligible_remainder,6,4,0,0,0.0,0.0,0,0.00039556962025316455,0.0,0.0,0.0008949880668257757
pan_for_cooking__03,tool_prop,pan_(for_cooking),after_remainder_attachment_before_filter,6,4,0,0,0.0,0.0,0,0.00039556962025316455,0.0,0.0,0.0008949880668257757
pan_for_cooking__03,tool_prop,pan_(for_cooking),final_hpid,6,4,0,0,0.0,0.0,0,0.00039556962025316455,0.0,0.0,0.0008949880668257757
pan_for_cooking__03,tool_prop,pan_(for_cooking),final_dbscan,6,4,0,0,0.0,0.0,0,0.0005555555555555556,0.0,0.0,0.0008949880668257757
pan_for_cooking__04,tool_prop,pan_(for_cooking),input_pool,2,4,1,0,0.3333333333333333,0.0,82,0.15880319397053946,0.0,0.0,0.245119660948653
pan_for_cooking__04,tool_prop,pan_(for_cooking),after_same_source_dedup,2,4,1,0,0.3333333333333333,0.0,82,0.15880319397053946,0.0,0.0,0.245119660948653
pan_for_cooking__04,tool_prop,pan_(for_cooking),after_instance_cap,2,4,1,0,0.3333333333333333,0.0,82,0.15880319397053946,0.0,0.0,0.245119660948653
pan_for_cooking__04,tool_prop,pan_(for_cooking),after_hierarchy_duplicate_filter,2,4,1,0,0.3333333333333333,0.0,82,0.15880319397053946,0.0,0.0,0.245119660948653
pan_for_cooking__04,tool_prop,pan_(for_cooking),diagnostic_consensus_argmax,1,4,0,0,0.0,0.0,0,0.023833266407888277,0.0,0.0,0.025928937370481235
pan_for_cooking__04,tool_prop,pan_(for_cooking),diagnostic_parent_support_argmax,1,4,0,0,0.0,0.0,0,0.023833266407888277,0.0,0.0,0.025928937370481235
pan_for_cooking__04,tool_prop,pan_(for_cooking),diagnostic_parent_residual_argmax,1,4,0,0,0.0,0.0,0,0.023833266407888277,0.0,0.0,0.025928937370481235
pan_for_cooking__04,tool_prop,pan_(for_cooking),diagnostic_specificity_argmax,1,4,0,0,0.0,0.0,0,0.023833266407888277,0.0,0.0,0.025928937370481235
pan_for_cooking__04,tool_prop,pan_(for_cooking),actual_semantic_argmax,1,4,1,0,0.4,0.0,0,0.15880319397053946,0.0,0.0,0.245119660948653
pan_for_cooking__04,tool_prop,pan_(for_cooking),after_direct_detail_gate,1,4,1,0,0.4,0.0,0,0.15880319397053946,0.0,0.0,0.245119660948653
pan_for_cooking__04,tool_prop,pan_(for_cooking),after_cleanup,1,4,1,0,0.4,0.0,0,0.15880319397053946,0.0,0.0,0.245119660948653
pan_for_cooking__04,tool_prop,pan_(for_cooking),after_root_restoration,1,4,1,0,0.4,0.0,0,0.15880319397053946,0.0,0.0,0.245119660948653
pan_for_cooking__04,tool_prop,pan_(for_cooking),identity_supported_before_remainder,1,4,1,0,0.4,0.0,0,0.15880319397053946,0.0,0.0,0.245119660948653
pan_for_cooking__04,tool_prop,pan_(for_cooking),identity_plus_eligible_remainder,1,4,1,0,0.4,0.0,0,0.15880319397053946,0.0,0.0,0.245119660948653
pan_for_cooking__04,tool_prop,pan_(for_cooking),after_remainder_attachment_before_filter,1,4,1,0,0.4,0.0,0,0.15880319397053946,0.0,0.0,0.245119660948653
pan_for_cooking__04,tool_prop,pan_(for_cooking),final_hpid,1,4,1,0,0.4,0.0,0,0.15880319397053946,0.0,0.0,0.245119660948653
pan_for_cooking__04,tool_prop,pan_(for_cooking),final_dbscan,1,4,1,0,0.4,0.0,0,0.15880319397053946,0.0,0.0,0.245119660948653
pen__01,daily_object,pen,input_pool,6,4,2,0,0.4,0.0,485,0.21945515024538995,0.0,0.0,0.7268348124398805
pen__01,daily_object,pen,after_same_source_dedup,6,4,2,0,0.4,0.0,485,0.21945515024538995,0.0,0.0,0.7268348124398805
pen__01,daily_object,pen,after_instance_cap,6,4,2,0,0.4,0.0,485,0.21945515024538995,0.0,0.0,0.7268348124398805
pen__01,daily_object,pen,after_hierarchy_duplicate_filter,6,4,2,0,0.4,0.0,485,0.21945515024538995,0.0,0.0,0.7268348124398805
pen__01,daily_object,pen,diagnostic_consensus_argmax,3,4,1,0,0.2857142857142857,0.0,0,0.21910643076199154,0.0,0.0,0.7268348124398805
pen__01,daily_object,pen,diagnostic_parent_support_argmax,3,4,1,0,0.2857142857142857,0.0,0,0.21910643076199154,0.0,0.0,0.7268348124398805
pen__01,daily_object,pen,diagnostic_parent_residual_argmax,4,4,2,0,0.5,0.0,0,0.21300538833927884,0.0,0.0,0.7268348124398805
pen__01,daily_object,pen,diagnostic_specificity_argmax,4,4,2,0,0.5,0.0,0,0.21300538833927884,0.0,0.0,0.7268348124398805
pen__01,daily_object,pen,actual_semantic_argmax,4,4,2,0,0.5,0.0,0,0.21300538833927884,0.0,0.0,0.7268348124398805
pen__01,daily_object,pen,after_direct_detail_gate,4,4,2,0,0.5,0.0,0,0.21300538833927884,0.0,0.0,0.7268348124398805
pen__01,daily_object,pen,after_cleanup,4,4,2,0,0.5,0.0,0,0.21300538833927884,0.0,0.0,0.7268348124398805
pen__01,daily_object,pen,after_root_restoration,4,4,2,0,0.5,0.0,0,0.21300538833927884,0.0,0.0,0.7268348124398805
pen__01,daily_object,pen,identity_supported_before_remainder,5,4,2,0,0.4444444444444444,0.0,0,0.1919484077827048,0.0,0.0,0.7268348124398805
pen__01,daily_object,pen,identity_plus_eligible_remainder,5,4,2,0,0.4444444444444444,0.0,0,0.1919484077827048,0.0,0.0,0.7268348124398805
pen__01,daily_object,pen,after_remainder_attachment_before_filter,5,4,2,0,0.4444444444444444,0.0,0,0.1919484077827048,0.0,0.0,0.7268348124398805
pen__01,daily_object,pen,final_hpid,5,4,2,0,0.4444444444444444,0.0,0,0.1919484077827048,0.0,0.0,0.7268348124398805
pen__01,daily_object,pen,final_dbscan,5,4,2,0,0.4444444444444444,0.0,0,0.1919484077827048,0.0,0.0,0.7268348124398805
pen__02,daily_object,pen,input_pool,4,2,0,0,0.0,0.0,902,0.0,0.0,0.0,0.0
pen__02,daily_object,pen,after_same_source_dedup,4,2,0,0,0.0,0.0,902,0.0,0.0,0.0,0.0
pen__02,daily_object,pen,after_instance_cap,4,2,0,0,0.0,0.0,902,0.0,0.0,0.0,0.0
pen__02,daily_object,pen,after_hierarchy_duplicate_filter,4,2,0,0,0.0,0.0,902,0.0,0.0,0.0,0.0
pen__02,daily_object,pen,diagnostic_consensus_argmax,3,2,0,0,0.0,0.0,0,0.0,0.0,0.0,0.0
pen__02,daily_object,pen,diagnostic_parent_support_argmax,1,2,0,0,0.0,0.0,0,0.0,0.0,0.0,0.0
pen__02,daily_object,pen,diagnostic_parent_residual_argmax,2,2,0,0,0.0,0.0,0,0.0,0.0,0.0,0.0
pen__02,daily_object,pen,diagnostic_specificity_argmax,3,2,0,0,0.0,0.0,0,0.0,0.0,0.0,0.0
pen__02,daily_object,pen,actual_semantic_argmax,3,2,0,0,0.0,0.0,0,0.0,0.0,0.0,0.0
pen__02,daily_object,pen,after_direct_detail_gate,3,2,0,0,0.0,0.0,0,0.0,0.0,0.0,0.0
pen__02,daily_object,pen,after_cleanup,3,2,0,0,0.0,0.0,0,0.0,0.0,0.0,0.0
pen__02,daily_object,pen,after_root_restoration,3,2,0,0,0.0,0.0,0,0.0,0.0,0.0,0.0
pen__02,daily_object,pen,identity_supported_before_remainder,3,2,0,0,0.0,0.0,0,0.0,0.0,0.0,0.0
pen__02,daily_object,pen,identity_plus_eligible_remainder,3,2,0,0,0.0,0.0,0,0.0,0.0,0.0,0.0
pen__02,daily_object,pen,after_remainder_attachment_before_filter,3,2,0,0,0.0,0.0,0,0.0,0.0,0.0,0.0
pen__02,daily_object,pen,final_hpid,3,2,0,0,0.0,0.0,0,0.0,0.0,0.0,0.0
pen__02,daily_object,pen,final_dbscan,4,2,0,0,0.0,0.0,0,0.0,0.0,0.0,0.0
pen__03,daily_object,pen,input_pool,1,2,1,0,0.6666666666666666,0.0,0,0.3832378223495702,0.0,0.0,0.4363784665579119
pen__03,daily_object,pen,after_same_source_dedup,1,2,1,0,0.6666666666666666,0.0,0,0.3832378223495702,0.0,0.0,0.4363784665579119
pen__03,daily_object,pen,after_instance_cap,1,2,1,0,0.6666666666666666,0.0,0,0.3832378223495702,0.0,0.0,0.4363784665579119
pen__03,daily_object,pen,after_hierarchy_duplicate_filter,1,2,1,0,0.6666666666666666,0.0,0,0.3832378223495702,0.0,0.0,0.4363784665579119
pen__03,daily_object,pen,diagnostic_consensus_argmax,1,2,1,0,0.6666666666666666,0.0,0,0.3832378223495702,0.0,0.0,0.4363784665579119
pen__03,daily_object,pen,diagnostic_parent_support_argmax,1,2,1,0,0.6666666666666666,0.0,0,0.3832378223495702,0.0,0.0,0.4363784665579119
pen__03,daily_object,pen,diagnostic_parent_residual_argmax,1,2,1,0,0.6666666666666666,0.0,0,0.3832378223495702,0.0,0.0,0.4363784665579119
pen__03,daily_object,pen,diagnostic_specificity_argmax,1,2,1,0,0.6666666666666666,0.0,0,0.3832378223495702,0.0,0.0,0.4363784665579119
pen__03,daily_object,pen,actual_semantic_argmax,1,2,1,0,0.6666666666666666,0.0,0,0.3832378223495702,0.0,0.0,0.4363784665579119
pen__03,daily_object,pen,after_direct_detail_gate,1,2,1,0,0.6666666666666666,0.0,0,0.3832378223495702,0.0,0.0,0.4363784665579119
pen__03,daily_object,pen,after_cleanup,1,2,1,0,0.6666666666666666,0.0,0,0.3832378223495702,0.0,0.0,0.4363784665579119
pen__03,daily_object,pen,after_root_restoration,1,2,1,0,0.6666666666666666,0.0,0,0.3832378223495702,0.0,0.0,0.4363784665579119
pen__03,daily_object,pen,identity_supported_before_remainder,1,2,1,0,0.6666666666666666,0.0,0,0.3832378223495702,0.0,0.0,0.4363784665579119
pen__03,daily_object,pen,identity_plus_eligible_remainder,1,2,1,0,0.6666666666666666,0.0,0,0.3832378223495702,0.0,0.0,0.4363784665579119
pen__03,daily_object,pen,after_remainder_attachment_before_filter,1,2,1,0,0.6666666666666666,0.0,0,0.3832378223495702,0.0,0.0,0.4363784665579119
pen__03,daily_object,pen,final_hpid,1,2,1,0,0.6666666666666666,0.0,0,0.3832378223495702,0.0,0.0,0.4363784665579119
pen__03,daily_object,pen,final_dbscan,1,2,1,0,0.6666666666666666,0.0,0,0.3832378223495702,0.0,0.0,0.4363784665579119
plastic_bag__01,container,plastic_bag,input_pool,4,3,1,0,0.2857142857142857,0.0,32310,0.35335004066348125,0.021485140751195796,0.3176022520284815,0.9638895644861484
plastic_bag__01,container,plastic_bag,after_same_source_dedup,4,3,1,0,0.2857142857142857,0.0,32310,0.35335004066348125,0.021485140751195796,0.3176022520284815,0.9638895644861484
plastic_bag__01,container,plastic_bag,after_instance_cap,4,3,1,0,0.2857142857142857,0.0,32310,0.35335004066348125,0.021485140751195796,0.3176022520284815,0.9638895644861484
plastic_bag__01,container,plastic_bag,after_hierarchy_duplicate_filter,4,3,1,0,0.2857142857142857,0.0,32310,0.35335004066348125,0.021485140751195796,0.3176022520284815,0.9638895644861484
plastic_bag__01,container,plastic_bag,diagnostic_consensus_argmax,1,3,1,0,0.5,0.0,0,0.32117918948812424,0.021485140751195796,0.3176022520284815,0.9638895644861484
plastic_bag__01,container,plastic_bag,diagnostic_parent_support_argmax,1,3,1,0,0.5,0.0,0,0.32117918948812424,0.021485140751195796,0.3176022520284815,0.9638895644861484
plastic_bag__01,container,plastic_bag,diagnostic_parent_residual_argmax,1,3,1,0,0.5,0.0,0,0.32117918948812424,0.021485140751195796,0.3176022520284815,0.9638895644861484
plastic_bag__01,container,plastic_bag,diagnostic_specificity_argmax,2,3,1,0,0.4,0.0,0,0.3048347535699792,0.05262107238391823,0.21824805431362806,0.9638895644861484
plastic_bag__01,container,plastic_bag,actual_semantic_argmax,2,3,1,0,0.4,0.0,0,0.3048347535699792,0.05262107238391823,0.21824805431362806,0.9638895644861484
plastic_bag__01,container,plastic_bag,after_direct_detail_gate,3,3,1,0,0.3333333333333333,0.0,0,0.3046521650327554,0.05262107238391823,0.21824805431362806,0.9638895644861484
plastic_bag__01,container,plastic_bag,after_cleanup,2,3,1,0,0.4,0.0,0,0.3050722115976546,0.05285386750331845,0.21758569299552907,0.9619807543979758
plastic_bag__01,container,plastic_bag,after_root_restoration,2,3,1,0,0.4,0.0,0,0.304877259752173,0.052658915657836904,0.21824805431362806,0.9638895644861484
plastic_bag__01,container,plastic_bag,identity_supported_before_remainder,3,3,1,0,0.3333333333333333,0.0,0,0.2516520941616231,0.052658915657836904,0.21824805431362806,0.963850264034193
plastic_bag__01,container,plastic_bag,identity_plus_eligible_remainder,3,3,1,0,0.3333333333333333,0.0,0,0.2516520941616231,0.052658915657836904,0.21824805431362806,0.963850264034193
plastic_bag__01,container,plastic_bag,after_remainder_attachment_before_filter,3,3,1,0,0.3333333333333333,0.0,0,0.2516520941616231,0.052658915657836904,0.21824805431362806,0.963850264034193
plastic_bag__01,container,plastic_bag,final_hpid,3,3,1,0,0.3333333333333333,0.0,0,0.2516520941616231,0.052658915657836904,0.21824805431362806,0.963850264034193
plastic_bag__01,container,plastic_bag,final_dbscan,4,3,1,0,0.2857142857142857,0.0,0,0.2204149918925881,0.04644533869885983,0.09173704255671468,0.9638895644861484
plastic_bag__02,container,plastic_bag,input_pool,5,3,2,2,0.5,0.5,14074,0.4531604741638929,0.4523508512168654,0.4630256692288901,0.7459903871068647
plastic_bag__02,container,plastic_bag,after_same_source_dedup,5,3,2,2,0.5,0.5,14074,0.4531604741638929,0.4523508512168654,0.4630256692288901,0.7459903871068647
plastic_bag__02,container,plastic_bag,after_instance_cap,5,3,2,2,0.5,0.5,14074,0.4531604741638929,0.4523508512168654,0.4630256692288901,0.7459903871068647
plastic_bag__02,container,plastic_bag,after_hierarchy_duplicate_filter,5,3,2,2,0.5,0.5,14074,0.4531604741638929,0.4523508512168654,0.4630256692288901,0.7459903871068647
plastic_bag__02,container,plastic_bag,diagnostic_consensus_argmax,1,3,1,1,0.5,0.5,0,0.3720370013131247,0.3204363169714469,0.3303041125970607,0.7459903871068647
plastic_bag__02,container,plastic_bag,diagnostic_parent_support_argmax,1,3,1,1,0.5,0.5,0,0.3720370013131247,0.3204363169714469,0.3303041125970607,0.7459903871068647
plastic_bag__02,container,plastic_bag,diagnostic_parent_residual_argmax,1,3,1,1,0.5,0.5,0,0.3720370013131247,0.3204363169714469,0.3303041125970607,0.7459903871068647
plastic_bag__02,container,plastic_bag,diagnostic_specificity_argmax,3,3,2,1,0.6666666666666666,0.3333333333333333,0,0.2744856092926045,0.18247756209559593,0.18503379763747238,0.7459903871068647
plastic_bag__02,container,plastic_bag,actual_semantic_argmax,4,3,2,1,0.5714285714285714,0.2857142857142857,0,0.27449915660750795,0.18248470379502432,0.18503379763747238,0.7459903871068647
plastic_bag__02,container,plastic_bag,after_direct_detail_gate,5,3,2,1,0.5,0.25,0,0.2742482895785376,0.18316179793044554,0.18566623813285574,0.7459903871068647
plastic_bag__02,container,plastic_bag,after_cleanup,3,3,2,1,0.6666666666666666,0.3333333333333333,0,0.2744224616442309,0.18215749223501163,0.18463695649298253,0.7455935459623748
plastic_bag__02,container,plastic_bag,after_root_restoration,3,3,2,1,0.6666666666666666,0.3333333333333333,0,0.2744856092926045,0.18247756209559593,0.18503379763747238,0.7459903871068647
plastic_bag__02,container,plastic_bag,identity_supported_before_remainder,3,3,2,1,0.6666666666666666,0.3333333333333333,0,0.2744856092926045,0.18247756209559593,0.18503379763747238,0.7459903871068647
plastic_bag__02,container,plastic_bag,identity_plus_eligible_remainder,3,3,2,1,0.6666666666666666,0.3333333333333333,0,0.2744856092926045,0.18247756209559593,0.18503379763747238,0.7459903871068647
plastic_bag__02,container,plastic_bag,after_remainder_attachment_before_filter,3,3,2,1,0.6666666666666666,0.3333333333333333,0,0.2744856092926045,0.18247756209559593,0.18503379763747238,0.7459903871068647
plastic_bag__02,container,plastic_bag,final_hpid,3,3,2,1,0.6666666666666666,0.3333333333333333,0,0.2744856092926045,0.18247756209559593,0.18503379763747238,0.7459903871068647
plastic_bag__02,container,plastic_bag,final_dbscan,5,3,2,2,0.5,0.5,0,0.2944663644297566,0.29280510345356797,0.29484439219408715,0.7459903871068647
plastic_bag__03,container,plastic_bag,input_pool,7,3,2,1,0.4,0.2,15003,0.3260448992998584,0.17652889672179775,0.654004451363187,0.9914519896579262
plastic_bag__03,container,plastic_bag,after_same_source_dedup,7,3,2,1,0.4,0.2,15003,0.3260448992998584,0.17652889672179775,0.654004451363187,0.9914519896579262
plastic_bag__03,container,plastic_bag,after_instance_cap,7,3,2,1,0.4,0.2,15003,0.3260448992998584,0.17652889672179775,0.654004451363187,0.9914519896579262
plastic_bag__03,container,plastic_bag,after_hierarchy_duplicate_filter,7,3,2,1,0.4,0.2,15003,0.3260448992998584,0.17652889672179775,0.654004451363187,0.9914519896579262
plastic_bag__03,container,plastic_bag,diagnostic_consensus_argmax,2,3,1,0,0.4,0.0,0,0.31605830071570656,0.024806558813004673,0.3453328843023582,0.9914519896579262
plastic_bag__03,container,plastic_bag,diagnostic_parent_support_argmax,2,3,1,0,0.4,0.0,0,0.31605830071570656,0.024806558813004673,0.3453328843023582,0.9914519896579262
plastic_bag__03,container,plastic_bag,diagnostic_parent_residual_argmax,3,3,2,0,0.6666666666666666,0.0,0,0.3226415356006155,0.02628364716455515,0.3453328843023582,0.9914519896579262
plastic_bag__03,container,plastic_bag,diagnostic_specificity_argmax,4,3,2,1,0.5714285714285714,0.2857142857142857,0,0.324370647417686,0.20946125697287546,0.5457163934106996,0.9914519896579262
plastic_bag__03,container,plastic_bag,actual_semantic_argmax,5,3,2,1,0.5,0.25,0,0.3313762822237398,0.2112116731702419,0.5457467488210074,0.9914519896579262
plastic_bag__03,container,plastic_bag,after_direct_detail_gate,5,3,2,1,0.5,0.25,0,0.3321348546272354,0.20849774292182502,0.5146834274351053,0.9914519896579262
plastic_bag__03,container,plastic_bag,after_cleanup,5,3,2,1,0.5,0.25,0,0.3320274234144995,0.20839031170908898,0.514257306203615,0.9909623079510358
plastic_bag__03,container,plastic_bag,after_root_restoration,5,3,2,1,0.5,0.25,0,0.33188118911615455,0.2082440774107441,0.514257306203615,0.9914519896579262
plastic_bag__03,container,plastic_bag,identity_supported_before_remainder,7,3,2,1,0.4,0.2,0,0.2632536811527832,0.13961656944737275,0.514257306203615,0.9907627396838322
plastic_bag__03,container,plastic_bag,identity_plus_eligible_remainder,7,3,2,1,0.4,0.2,0,0.2632536811527832,0.13961656944737275,0.514257306203615,0.9907627396838322
plastic_bag__03,container,plastic_bag,after_remainder_attachment_before_filter,7,3,2,1,0.4,0.2,0,0.2632536811527832,0.13961656944737275,0.514257306203615,0.9907627396838322
plastic_bag__03,container,plastic_bag,final_hpid,7,3,2,1,0.4,0.2,0,0.2632536811527832,0.13961656944737275,0.514257306203615,0.9907627396838322
plastic_bag__03,container,plastic_bag,final_dbscan,6,3,2,1,0.4444444444444444,0.2222222222222222,0,0.3285919831316549,0.19627387822471745,0.5653460344952009,0.9914519896579262
plastic_bag__04,container,plastic_bag,input_pool,10,3,2,1,0.3076923076923077,0.15384615384615385,16406,0.39746616989903244,0.22122063469204734,0.35912838240187156,0.880520035809249
plastic_bag__04,container,plastic_bag,after_same_source_dedup,10,3,2,1,0.3076923076923077,0.15384615384615385,16406,0.39746616989903244,0.22122063469204734,0.35912838240187156,0.880520035809249
plastic_bag__04,container,plastic_bag,after_instance_cap,10,3,2,1,0.3076923076923077,0.15384615384615385,16406,0.39746616989903244,0.22122063469204734,0.35912838240187156,0.880520035809249
plastic_bag__04,container,plastic_bag,after_hierarchy_duplicate_filter,10,3,2,1,0.3076923076923077,0.15384615384615385,16406,0.39746616989903244,0.22122063469204734,0.35912838240187156,0.880520035809249
plastic_bag__04,container,plastic_bag,diagnostic_consensus_argmax,3,3,1,1,0.3333333333333333,0.3333333333333333,0,0.29145179305346364,0.17402409271119243,0.28973089616653974,0.880520035809249
plastic_bag__04,container,plastic_bag,diagnostic_parent_support_argmax,3,3,1,1,0.3333333333333333,0.3333333333333333,0,0.29145179305346364,0.17402409271119243,0.28973089616653974,0.880520035809249
plastic_bag__04,container,plastic_bag,diagnostic_parent_residual_argmax,5,3,2,1,0.5,0.25,0,0.25558673559444006,0.10826471485208905,0.18024879411018024,0.880520035809249
plastic_bag__04,container,plastic_bag,diagnostic_specificity_argmax,5,3,2,1,0.5,0.25,0,0.2709621762394449,0.10417916416716656,0.16533384107641533,0.880520035809249
plastic_bag__04,container,plastic_bag,actual_semantic_argmax,6,3,2,1,0.4444444444444444,0.2222222222222222,0,0.3481495657246481,0.10327424913835549,0.1064991114496065,0.880520035809249
plastic_bag__04,container,plastic_bag,after_direct_detail_gate,6,3,2,0,0.4444444444444444,0.0,0,0.3422713272120794,0.07201379905131522,0.0741939578573242,0.880520035809249
plastic_bag__04,container,plastic_bag,after_cleanup,5,3,2,0,0.5,0.0,0,0.3427303789753247,0.07186883629191322,0.074003554201574,0.8803296321534987
plastic_bag__04,container,plastic_bag,after_root_restoration,5,3,2,0,0.5,0.0,0,0.34265213452357984,0.07201379905131522,0.0741939578573242,0.880520035809249
plastic_bag__04,container,plastic_bag,identity_supported_before_remainder,6,3,2,0,0.4444444444444444,0.0,0,0.3601752049218417,0.07201379905131522,0.0741939578573242,0.880520035809249
plastic_bag__04,container,plastic_bag,identity_plus_eligible_remainder,6,3,2,0,0.4444444444444444,0.0,0,0.3601752049218417,0.07201379905131522,0.0741939578573242,0.880520035809249
plastic_bag__04,container,plastic_bag,after_remainder_attachment_before_filter,6,3,2,0,0.4444444444444444,0.0,0,0.3601752049218417,0.07201379905131522,0.0741939578573242,0.880520035809249
plastic_bag__04,container,plastic_bag,final_hpid,6,3,2,0,0.4444444444444444,0.0,0,0.3601752049218417,0.07201379905131522,0.0741939578573242,0.880520035809249
plastic_bag__04,container,plastic_bag,final_dbscan,6,3,2,0,0.4444444444444444,0.0,0,0.3720896781321394,0.050669629081034374,0.05210713379030211,0.880520035809249
plate__01,container,plate,input_pool,3,4,1,0,0.2857142857142857,0.0,32342,0.2465875195066254,0.0,0.0,0.8006135390753263
plate__01,container,plate,after_same_source_dedup,3,4,1,0,0.2857142857142857,0.0,32342,0.2465875195066254,0.0,0.0,0.8006135390753263
plate__01,container,plate,after_instance_cap,3,4,1,0,0.2857142857142857,0.0,32342,0.2465875195066254,0.0,0.0,0.8006135390753263
plate__01,container,plate,after_hierarchy_duplicate_filter,3,4,1,0,0.2857142857142857,0.0,32342,0.2465875195066254,0.0,0.0,0.8006135390753263
plate__01,container,plate,diagnostic_consensus_argmax,3,4,1,0,0.2857142857142857,0.0,0,0.19427849491433347,0.0,0.0,0.8006135390753263
plate__01,container,plate,diagnostic_parent_support_argmax,3,4,1,0,0.2857142857142857,0.0,0,0.19427849491433347,0.0,0.0,0.8006135390753263
plate__01,container,plate,diagnostic_parent_residual_argmax,3,4,1,0,0.2857142857142857,0.0,0,0.19427849491433347,0.0,0.0,0.8006135390753263
plate__01,container,plate,diagnostic_specificity_argmax,2,4,1,0,0.3333333333333333,0.0,0,0.19543101278192154,0.0,0.0,0.8006135390753263
plate__01,container,plate,actual_semantic_argmax,2,4,1,0,0.3333333333333333,0.0,0,0.19543101278192154,0.0,0.0,0.8006135390753263
plate__01,container,plate,after_direct_detail_gate,2,4,1,0,0.3333333333333333,0.0,0,0.19543101278192154,0.0,0.0,0.8006135390753263
plate__01,container,plate,after_cleanup,2,4,1,0,0.3333333333333333,0.0,0,0.19543101278192154,0.0,0.0,0.8006135390753263
plate__01,container,plate,after_root_restoration,2,4,1,0,0.3333333333333333,0.0,0,0.19543101278192154,0.0,0.0,0.8006135390753263
plate__01,container,plate,identity_supported_before_remainder,2,4,1,0,0.3333333333333333,0.0,0,0.19543101278192154,0.0,0.0,0.8006135390753263
plate__01,container,plate,identity_plus_eligible_remainder,2,4,1,0,0.3333333333333333,0.0,0,0.19543101278192154,0.0,0.0,0.8006135390753263
plate__01,container,plate,after_remainder_attachment_before_filter,2,4,1,0,0.3333333333333333,0.0,0,0.19543101278192154,0.0,0.0,0.8006135390753263
plate__01,container,plate,final_hpid,2,4,1,0,0.3333333333333333,0.0,0,0.19543101278192154,0.0,0.0,0.8006135390753263
plate__01,container,plate,final_dbscan,2,4,1,0,0.3333333333333333,0.0,0,0.19543101278192154,0.0,0.0,0.8006135390753263
plate__02,container,plate,input_pool,4,4,2,0,0.5,0.0,22427,0.27960393684307705,0.0,0.0,0.644752228597191
plate__02,container,plate,after_same_source_dedup,4,4,2,0,0.5,0.0,22427,0.27960393684307705,0.0,0.0,0.644752228597191
plate__02,container,plate,after_instance_cap,4,4,2,0,0.5,0.0,22427,0.27960393684307705,0.0,0.0,0.644752228597191
plate__02,container,plate,after_hierarchy_duplicate_filter,4,4,2,0,0.5,0.0,22427,0.27960393684307705,0.0,0.0,0.644752228597191
plate__02,container,plate,diagnostic_consensus_argmax,1,4,1,0,0.4,0.0,0,0.21631067637295198,0.0,0.0,0.644752228597191
plate__02,container,plate,diagnostic_parent_support_argmax,1,4,1,0,0.4,0.0,0,0.21631067637295198,0.0,0.0,0.644752228597191
plate__02,container,plate,diagnostic_parent_residual_argmax,1,4,1,0,0.4,0.0,0,0.21631067637295198,0.0,0.0,0.644752228597191
plate__02,container,plate,diagnostic_specificity_argmax,2,4,2,0,0.6666666666666666,0.0,0,0.2743511507371971,0.0,0.0,0.644752228597191
plate__02,container,plate,actual_semantic_argmax,3,4,2,0,0.5714285714285714,0.0,0,0.26296842453541147,0.0,0.0,0.644752228597191
plate__02,container,plate,after_direct_detail_gate,4,4,1,0,0.25,0.0,0,0.22923667723944352,0.0,0.0,0.644752228597191
plate__02,container,plate,after_cleanup,4,4,1,0,0.25,0.0,0,0.22911595461000356,0.0,0.0,0.6439590805289191
plate__02,container,plate,after_root_restoration,4,4,1,0,0.25,0.0,0,0.22909676599185402,0.0,0.0,0.644752228597191
plate__02,container,plate,identity_supported_before_remainder,4,4,1,0,0.25,0.0,0,0.22932702167185698,0.0,0.0,0.6444111312382591
plate__02,container,plate,identity_plus_eligible_remainder,4,4,1,0,0.25,0.0,0,0.22932702167185698,0.0,0.0,0.6444111312382591
plate__02,container,plate,after_remainder_attachment_before_filter,4,4,1,0,0.25,0.0,0,0.22932702167185698,0.0,0.0,0.6444111312382591
plate__02,container,plate,final_hpid,4,4,1,0,0.25,0.0,0,0.22932702167185698,0.0,0.0,0.6444111312382591
plate__02,container,plate,final_dbscan,4,4,1,0,0.25,0.0,0,0.23508208580650003,0.0,0.0,0.644752228597191
plate__03,container,plate,input_pool,3,4,0,0,0.0,0.0,4661,0.0017365705213019317,0.0,0.0,0.0050335570469798654
plate__03,container,plate,after_same_source_dedup,3,4,0,0,0.0,0.0,4661,0.0017365705213019317,0.0,0.0,0.0050335570469798654
plate__03,container,plate,after_instance_cap,3,4,0,0,0.0,0.0,4661,0.0017365705213019317,0.0,0.0,0.0050335570469798654
plate__03,container,plate,after_hierarchy_duplicate_filter,3,4,0,0,0.0,0.0,4661,0.0017365705213019317,0.0,0.0,0.0050335570469798654
plate__03,container,plate,diagnostic_consensus_argmax,2,4,0,0,0.0,0.0,0,0.0017388712241653418,0.0,0.0,0.0050335570469798654
plate__03,container,plate,diagnostic_parent_support_argmax,2,4,0,0,0.0,0.0,0,0.0017388712241653418,0.0,0.0,0.0050335570469798654
plate__03,container,plate,diagnostic_parent_residual_argmax,2,4,0,0,0.0,0.0,0,0.0017388712241653418,0.0,0.0,0.0050335570469798654
plate__03,container,plate,diagnostic_specificity_argmax,2,4,0,0,0.0,0.0,0,0.0018356643356643356,0.0,0.0,0.0050335570469798654
plate__03,container,plate,actual_semantic_argmax,3,4,0,0,0.0,0.0,0,0.0018454724409448819,0.0,0.0,0.0050335570469798654
plate__03,container,plate,after_direct_detail_gate,3,4,0,0,0.0,0.0,0,0.0022580645161290325,0.0,0.0,0.0050335570469798654
plate__03,container,plate,after_cleanup,3,4,0,0,0.0,0.0,0,0.002255348397628662,0.0,0.0,0.0050335570469798654
plate__03,container,plate,after_root_restoration,3,4,0,0,0.0,0.0,0,0.002255348397628662,0.0,0.0,0.0050335570469798654
plate__03,container,plate,identity_supported_before_remainder,3,4,0,0,0.0,0.0,0,0.002255348397628662,0.0,0.0,0.0050335570469798654
plate__03,container,plate,identity_plus_eligible_remainder,3,4,0,0,0.0,0.0,0,0.002255348397628662,0.0,0.0,0.0050335570469798654
plate__03,container,plate,after_remainder_attachment_before_filter,3,4,0,0,0.0,0.0,0,0.002255348397628662,0.0,0.0,0.0050335570469798654
plate__03,container,plate,final_hpid,3,4,0,0,0.0,0.0,0,0.002255348397628662,0.0,0.0,0.0050335570469798654
plate__03,container,plate,final_dbscan,3,4,0,0,0.0,0.0,0,0.0014640958644922967,0.0,0.0,0.0050335570469798654
plate__04,container,plate,input_pool,2,4,1,0,0.3333333333333333,0.0,2426,0.24701179550363023,0.03190891200449817,0.22430830039525693,0.8134146224065769
plate__04,container,plate,after_same_source_dedup,2,4,1,0,0.3333333333333333,0.0,2426,0.24701179550363023,0.03190891200449817,0.22430830039525693,0.8134146224065769
plate__04,container,plate,after_instance_cap,2,4,1,0,0.3333333333333333,0.0,2426,0.24701179550363023,0.03190891200449817,0.22430830039525693,0.8134146224065769
plate__04,container,plate,after_hierarchy_duplicate_filter,2,4,1,0,0.3333333333333333,0.0,2426,0.24701179550363023,0.03190891200449817,0.22430830039525693,0.8134146224065769
plate__04,container,plate,diagnostic_consensus_argmax,1,4,1,0,0.4,0.0,0,0.23226408682942076,0.03190891200449817,0.22430830039525693,0.8134146224065769
plate__04,container,plate,diagnostic_parent_support_argmax,1,4,1,0,0.4,0.0,0,0.23226408682942076,0.03190891200449817,0.22430830039525693,0.8134146224065769
plate__04,container,plate,diagnostic_parent_residual_argmax,1,4,1,0,0.4,0.0,0,0.23226408682942076,0.03190891200449817,0.22430830039525693,0.8134146224065769
plate__04,container,plate,diagnostic_specificity_argmax,2,4,1,0,0.3333333333333333,0.0,0,0.21623289889036895,0.04842150170648464,0.22430830039525693,0.8134146224065769
plate__04,container,plate,actual_semantic_argmax,2,4,1,0,0.3333333333333333,0.0,0,0.21623289889036895,0.04842150170648464,0.22430830039525693,0.8134146224065769
plate__04,container,plate,after_direct_detail_gate,2,4,1,0,0.3333333333333333,0.0,0,0.21623289889036895,0.04842150170648464,0.22430830039525693,0.8134146224065769
plate__04,container,plate,after_cleanup,2,4,1,0,0.3333333333333333,0.0,0,0.21667016513267554,0.048869752421959095,0.22430830039525693,0.8045401771687817
plate__04,container,plate,after_root_restoration,2,4,1,0,0.3333333333333333,0.0,0,0.2162040753489446,0.04864980711530219,0.22430830039525693,0.8134146224065769
plate__04,container,plate,identity_supported_before_remainder,2,4,1,0,0.3333333333333333,0.0,0,0.2160953890606464,0.04864980711530219,0.22430830039525693,0.81088472299879
plate__04,container,plate,identity_plus_eligible_remainder,2,4,1,0,0.3333333333333333,0.0,0,0.2160953890606464,0.04864980711530219,0.22430830039525693,0.81088472299879
plate__04,container,plate,after_remainder_attachment_before_filter,2,4,1,0,0.3333333333333333,0.0,0,0.2160953890606464,0.04864980711530219,0.22430830039525693,0.81088472299879
plate__04,container,plate,final_hpid,2,4,1,0,0.3333333333333333,0.0,0,0.2160953890606464,0.04864980711530219,0.22430830039525693,0.81088472299879
plate__04,container,plate,final_dbscan,2,4,1,0,0.3333333333333333,0.0,0,0.21623289889036895,0.04842150170648464,0.22430830039525693,0.8134146224065769
remote_control__01,device,remote_control,input_pool,50,3,2,0,0.07547169811320754,0.0,1551,0.503735913302164,0.012639766650461839,0.18882935541484006,0.7208446714630057
remote_control__01,device,remote_control,after_same_source_dedup,50,3,2,0,0.07547169811320754,0.0,1551,0.503735913302164,0.012639766650461839,0.18882935541484006,0.7208446714630057
remote_control__01,device,remote_control,after_instance_cap,50,3,2,0,0.07547169811320754,0.0,1551,0.503735913302164,0.012639766650461839,0.18882935541484006,0.7208446714630057
remote_control__01,device,remote_control,after_hierarchy_duplicate_filter,50,3,2,0,0.07547169811320754,0.0,1551,0.503735913302164,0.012639766650461839,0.18882935541484006,0.7208446714630057
remote_control__01,device,remote_control,diagnostic_consensus_argmax,2,3,1,0,0.4,0.0,0,0.30037988463602894,0.0023719165085388993,0.0024354603019970775,0.32484925340544535
remote_control__01,device,remote_control,diagnostic_parent_support_argmax,2,3,1,0,0.4,0.0,0,0.30037988463602894,0.0023719165085388993,0.0024354603019970775,0.32484925340544535
remote_control__01,device,remote_control,diagnostic_parent_residual_argmax,3,3,1,0,0.3333333333333333,0.0,0,0.3030584731779951,0.005050505050505051,0.005195648644260432,0.33248036235170286
remote_control__01,device,remote_control,diagnostic_specificity_argmax,4,3,2,1,0.5714285714285714,0.2857142857142857,0,0.4148289446658459,0.10480413895048041,0.11511609027439519,0.6476184983829602
remote_control__01,device,remote_control,actual_semantic_argmax,4,3,2,1,0.5714285714285714,0.2857142857142857,0,0.45755369539914525,0.1559748427672956,0.18119824646858254,0.7137006545771475
remote_control__01,device,remote_control,after_direct_detail_gate,5,3,2,1,0.5,0.25,0,0.4632733142939025,0.16212438853948288,0.18834226335444068,0.7208446714630057
remote_control__01,device,remote_control,after_cleanup,4,3,2,1,0.5714285714285714,0.2857142857142857,0,0.4606430546340123,0.1618529370726943,0.18834226335444068,0.7210946560664175
remote_control__01,device,remote_control,after_root_restoration,4,3,2,1,0.5714285714285714,0.2857142857142857,0,0.4606430546340123,0.1618529370726943,0.18834226335444068,0.7210946560664175
remote_control__01,device,remote_control,identity_supported_before_remainder,47,3,2,0,0.08,0.0,0,0.5022601079949411,0.012639766650461839,0.18834226335444068,0.7205199434227394
remote_control__01,device,remote_control,identity_plus_eligible_remainder,47,3,2,0,0.08,0.0,0,0.5022601079949411,0.012639766650461839,0.18834226335444068,0.7205199434227394
remote_control__01,device,remote_control,after_remainder_attachment_before_filter,47,3,2,0,0.08,0.0,0,0.5022601079949411,0.012639766650461839,0.18834226335444068,0.7205199434227394
remote_control__01,device,remote_control,final_hpid,46,3,2,0,0.08163265306122448,0.0,0,0.5022601079949411,0.012639766650461839,0.18834226335444068,0.7205199434227394
remote_control__01,device,remote_control,final_dbscan,44,3,2,0,0.0851063829787234,0.0,0,0.503735913302164,0.012639766650461839,0.18119824646858254,0.7155614022354665
remote_control__02,device,remote_control,input_pool,31,3,2,1,0.11764705882352941,0.058823529411764705,4856,0.46963684821500734,0.3040445969878664,0.44699181001501964,0.7881851575699951
remote_control__02,device,remote_control,after_same_source_dedup,31,3,2,1,0.11764705882352941,0.058823529411764705,4856,0.46963684821500734,0.3040445969878664,0.44699181001501964,0.7881851575699951
remote_control__02,device,remote_control,after_instance_cap,31,3,2,1,0.11764705882352941,0.058823529411764705,4856,0.46963684821500734,0.3040445969878664,0.44699181001501964,0.7881851575699951
remote_control__02,device,remote_control,after_hierarchy_duplicate_filter,31,3,2,1,0.11764705882352941,0.058823529411764705,4856,0.46963684821500734,0.3040445969878664,0.44699181001501964,0.7881851575699951
remote_control__02,device,remote_control,diagnostic_consensus_argmax,2,3,0,0,0.0,0.0,0,0.03438848083010929,0.004165013883379611,0.00416584011108907,0.03438930705781875
remote_control__02,device,remote_control,diagnostic_parent_support_argmax,2,3,0,0,0.0,0.0,0,0.03438848083010929,0.004165013883379611,0.00416584011108907,0.03438930705781875
remote_control__02,device,remote_control,diagnostic_parent_residual_argmax,3,3,0,0,0.0,0.0,0,0.04410409355787384,0.004561681872272907,0.004562586788335648,0.04867218743869556
remote_control__02,device,remote_control,diagnostic_specificity_argmax,3,3,2,1,0.6666666666666666,0.3333333333333333,0,0.23582207652082435,0.13064641744548286,0.13310851021622694,0.6835086777021688
remote_control__02,device,remote_control,actual_semantic_argmax,3,3,2,1,0.6666666666666666,0.3333333333333333,0,0.2370552021698379,0.13187954309449637,0.13436487469417444,0.6847650421801164
remote_control__02,device,remote_control,after_direct_detail_gate,4,3,2,1,0.5714285714285714,0.2857142857142857,0,0.29209781291793036,0.17806767047421254,0.18110338759586356,0.7152761556763219
remote_control__02,device,remote_control,after_cleanup,3,3,2,1,0.6666666666666666,0.3333333333333333,0,0.25508715250207653,0.1361895488477767,0.1387290881438868,0.7115070622424794
remote_control__02,device,remote_control,after_root_restoration,3,3,2,1,0.6666666666666666,0.3333333333333333,0,0.25508715250207653,0.1361895488477767,0.1387290881438868,0.7115070622424794
remote_control__02,device,remote_control,identity_supported_before_remainder,22,3,1,0,0.08,0.0,0,0.14213942626916318,0.021216314159583582,0.13866296369767903,0.7114409377962717
remote_control__02,device,remote_control,identity_plus_eligible_remainder,22,3,1,0,0.08,0.0,0,0.14213942626916318,0.021216314159583582,0.13866296369767903,0.7114409377962717
remote_control__02,device,remote_control,after_remainder_attachment_before_filter,22,3,1,0,0.08,0.0,0,0.14213942626916318,0.021216314159583582,0.13866296369767903,0.7114409377962717
remote_control__02,device,remote_control,final_hpid,21,3,1,0,0.08333333333333333,0.0,0,0.14213942626916318,0.021216314159583582,0.13859683925147126,0.7113748133500639
remote_control__02,device,remote_control,final_dbscan,23,3,2,1,0.15384615384615385,0.07692307692307693,0,0.4612008699182482,0.3040445969878664,0.41419408469596924,0.6900353313476885
remote_control__03,device,remote_control,input_pool,18,2,0,0,0.0,0.0,127,0.019462376572646514,0.013315481986368062,0.09920596258768512,0.12461822073504686
remote_control__03,device,remote_control,after_same_source_dedup,18,2,0,0,0.0,0.0,127,0.019462376572646514,0.013315481986368062,0.09920596258768512,0.12461822073504686
remote_control__03,device,remote_control,after_instance_cap,18,2,0,0,0.0,0.0,127,0.019462376572646514,0.013315481986368062,0.09920596258768512,0.12461822073504686
remote_control__03,device,remote_control,after_hierarchy_duplicate_filter,18,2,0,0,0.0,0.0,127,0.019462376572646514,0.013315481986368062,0.09920596258768512,0.12461822073504686
remote_control__03,device,remote_control,diagnostic_consensus_argmax,1,2,0,0,0.0,0.0,0,0.0010717069368667187,0.0010717069368667187,0.0010717069368667187,0.0010717069368667187
remote_control__03,device,remote_control,diagnostic_parent_support_argmax,1,2,0,0,0.0,0.0,0,0.0010717069368667187,0.0010717069368667187,0.0010717069368667187,0.0010717069368667187
remote_control__03,device,remote_control,diagnostic_parent_residual_argmax,2,2,0,0,0.0,0.0,0,0.016392244738893218,0.0010717069368667187,0.0010717069368667187,0.017463951675759936
remote_control__03,device,remote_control,diagnostic_specificity_argmax,2,2,0,0,0.0,0.0,0,0.067833009941264,0.06698645326134117,0.06768803585346843,0.08503813499849192
remote_control__03,device,remote_control,actual_semantic_argmax,2,2,0,0,0.0,0.0,0,0.06843479036691481,0.06758906619100419,0.06829696024941544,0.08662133842795411
remote_control__03,device,remote_control,after_direct_detail_gate,2,2,0,0,0.0,0.0,0,0.0972378648216156,0.09643080776455855,0.0975253312548714,0.11699448729779044
remote_control__03,device,remote_control,after_cleanup,2,2,0,0,0.0,0.0,0,0.0972378648216156,0.09643080776455855,0.0975253312548714,0.11699448729779044
remote_control__03,device,remote_control,after_root_restoration,2,2,0,0,0.0,0.0,0,0.0972378648216156,0.09643080776455855,0.0975253312548714,0.11699448729779044
remote_control__03,device,remote_control,identity_supported_before_remainder,17,2,0,0,0.0,0.0,0,0.019462376572646514,0.013315481986368062,0.0975253312548714,0.11699448729779044
remote_control__03,device,remote_control,identity_plus_eligible_remainder,17,2,0,0,0.0,0.0,0,0.019462376572646514,0.013315481986368062,0.0975253312548714,0.11699448729779044
remote_control__03,device,remote_control,after_remainder_attachment_before_filter,17,2,0,0,0.0,0.0,0,0.019462376572646514,0.013315481986368062,0.0975253312548714,0.11699448729779044
remote_control__03,device,remote_control,final_hpid,17,2,0,0,0.0,0.0,0,0.019462376572646514,0.013315481986368062,0.0975253312548714,0.11699448729779044
remote_control__03,device,remote_control,final_dbscan,18,2,0,0,0.0,0.0,0,0.019462376572646514,0.013315481986368062,0.09920596258768512,0.12461822073504686
remote_control__04,device,remote_control,input_pool,9,2,1,0,0.18181818181818182,0.0,86289,0.4174296218153003,0.07841521797636576,0.5005237684875569,0.9917536122045473
remote_control__04,device,remote_control,after_same_source_dedup,9,2,1,0,0.18181818181818182,0.0,86289,0.4174296218153003,0.07841521797636576,0.5005237684875569,0.9917536122045473
remote_control__04,device,remote_control,after_instance_cap,9,2,1,0,0.18181818181818182,0.0,86289,0.4174296218153003,0.07841521797636576,0.5005237684875569,0.9917536122045473
remote_control__04,device,remote_control,after_hierarchy_duplicate_filter,9,2,1,0,0.18181818181818182,0.0,86289,0.4174296218153003,0.07841521797636576,0.5005237684875569,0.9917536122045473
remote_control__04,device,remote_control,diagnostic_consensus_argmax,1,2,0,0,0.0,0.0,0,0.08290532248534158,0.0,0.0,0.08314719423804531
remote_control__04,device,remote_control,diagnostic_parent_support_argmax,1,2,0,0,0.0,0.0,0,0.08290532248534158,0.0,0.0,0.08314719423804531
remote_control__04,device,remote_control,diagnostic_parent_residual_argmax,1,2,0,0,0.0,0.0,0,0.08290532248534158,0.0,0.0,0.08314719423804531
remote_control__04,device,remote_control,diagnostic_specificity_argmax,2,2,1,0,0.5,0.0,0,0.2875241680383108,0.07737753587333003,0.49936134883126837,0.9917536122045473
remote_control__04,device,remote_control,actual_semantic_argmax,2,2,1,0,0.5,0.0,0,0.300983615537346,0.0768104793042289,0.45912632520117513,0.9917536122045473
remote_control__04,device,remote_control,after_direct_detail_gate,2,2,1,0,0.5,0.0,0,0.30101576419588333,0.07679899153918468,0.45912632520117513,0.9917536122045473
remote_control__04,device,remote_control,after_cleanup,2,2,1,0,0.5,0.0,0,0.3010132820228145,0.07678258640577605,0.45912632520117513,0.9909330806824612
remote_control__04,device,remote_control,after_root_restoration,2,2,1,0,0.5,0.0,0,0.3010132820228145,0.07678258640577605,0.45912632520117513,0.9916624420354265
remote_control__04,device,remote_control,identity_supported_before_remainder,2,2,1,0,0.5,0.0,0,0.30101576419588333,0.07679899153918468,0.45912632520117513,0.9915712718663059
remote_control__04,device,remote_control,identity_plus_eligible_remainder,2,2,1,0,0.5,0.0,0,0.30101576419588333,0.07679899153918468,0.45912632520117513,0.9915712718663059
remote_control__04,device,remote_control,after_remainder_attachment_before_filter,2,2,1,0,0.5,0.0,0,0.30101576419588333,0.07679899153918468,0.45912632520117513,0.9915712718663059
remote_control__04,device,remote_control,final_hpid,2,2,1,0,0.5,0.0,0,0.30101576419588333,0.07679899153918468,0.45912632520117513,0.9915712718663059
remote_control__04,device,remote_control,final_dbscan,3,2,1,0,0.4,0.0,0,0.3010885325214707,0.07848424188927487,0.4750415868551644,0.9896061407353574
scarf__01,daily_object,scarf,input_pool,9,2,0,0,0.0,0.0,7090,0.0,0.0,0.0,0.0
scarf__01,daily_object,scarf,after_same_source_dedup,9,2,0,0,0.0,0.0,7090,0.0,0.0,0.0,0.0
scarf__01,daily_object,scarf,after_instance_cap,9,2,0,0,0.0,0.0,7090,0.0,0.0,0.0,0.0
scarf__01,daily_object,scarf,after_hierarchy_duplicate_filter,9,2,0,0,0.0,0.0,7090,0.0,0.0,0.0,0.0
scarf__01,daily_object,scarf,diagnostic_consensus_argmax,2,2,0,0,0.0,0.0,0,0.0,0.0,0.0,0.0
scarf__01,daily_object,scarf,diagnostic_parent_support_argmax,1,2,0,0,0.0,0.0,0,0.0,0.0,0.0,0.0
scarf__01,daily_object,scarf,diagnostic_parent_residual_argmax,2,2,0,0,0.0,0.0,0,0.0,0.0,0.0,0.0
scarf__01,daily_object,scarf,diagnostic_specificity_argmax,5,2,0,0,0.0,0.0,0,0.0,0.0,0.0,0.0
scarf__01,daily_object,scarf,actual_semantic_argmax,6,2,0,0,0.0,0.0,0,0.0,0.0,0.0,0.0
scarf__01,daily_object,scarf,after_direct_detail_gate,6,2,0,0,0.0,0.0,0,0.0,0.0,0.0,0.0
scarf__01,daily_object,scarf,after_cleanup,6,2,0,0,0.0,0.0,0,0.0,0.0,0.0,0.0
scarf__01,daily_object,scarf,after_root_restoration,6,2,0,0,0.0,0.0,0,0.0,0.0,0.0,0.0
scarf__01,daily_object,scarf,identity_supported_before_remainder,6,2,0,0,0.0,0.0,0,0.0,0.0,0.0,0.0
scarf__01,daily_object,scarf,identity_plus_eligible_remainder,6,2,0,0,0.0,0.0,0,0.0,0.0,0.0,0.0
scarf__01,daily_object,scarf,after_remainder_attachment_before_filter,6,2,0,0,0.0,0.0,0,0.0,0.0,0.0,0.0
scarf__01,daily_object,scarf,final_hpid,6,2,0,0,0.0,0.0,0,0.0,0.0,0.0,0.0
scarf__01,daily_object,scarf,final_dbscan,6,2,0,0,0.0,0.0,0,0.0,0.0,0.0,0.0
scarf__02,daily_object,scarf,input_pool,10,2,1,0,0.16666666666666666,0.0,34463,0.24698163464706221,0.0,0.0,0.9970575013282112
scarf__02,daily_object,scarf,after_same_source_dedup,10,2,1,0,0.16666666666666666,0.0,34463,0.24698163464706221,0.0,0.0,0.9970575013282112
scarf__02,daily_object,scarf,after_instance_cap,10,2,1,0,0.16666666666666666,0.0,34463,0.24698163464706221,0.0,0.0,0.9970575013282112
scarf__02,daily_object,scarf,after_hierarchy_duplicate_filter,10,2,1,0,0.16666666666666666,0.0,34463,0.24698163464706221,0.0,0.0,0.9970575013282112
scarf__02,daily_object,scarf,diagnostic_consensus_argmax,5,2,1,0,0.2857142857142857,0.0,0,0.20782338798311936,0.0,0.0,0.9970575013282112
scarf__02,daily_object,scarf,diagnostic_parent_support_argmax,5,2,1,0,0.2857142857142857,0.0,0,0.20782338798311936,0.0,0.0,0.9970575013282112
scarf__02,daily_object,scarf,diagnostic_parent_residual_argmax,6,2,1,0,0.25,0.0,0,0.16741546489368042,0.0,0.0,0.9970575013282112
scarf__02,daily_object,scarf,diagnostic_specificity_argmax,6,2,1,0,0.25,0.0,0,0.18232250552961315,0.0,0.0,0.9970575013282112
scarf__02,daily_object,scarf,actual_semantic_argmax,6,2,1,0,0.25,0.0,0,0.18462240605088237,0.0,0.0,0.9970575013282112
scarf__02,daily_object,scarf,after_direct_detail_gate,7,2,1,0,0.2222222222222222,0.0,0,0.18488889269101877,0.0,0.0,0.9970575013282112
scarf__02,daily_object,scarf,after_cleanup,7,2,1,0,0.2222222222222222,0.0,0,0.18487679724684764,0.0,0.0,0.9969348972168867
scarf__02,daily_object,scarf,after_root_restoration,7,2,1,0,0.2222222222222222,0.0,0,0.18483727882440867,0.0,0.0,0.9970575013282112
scarf__02,daily_object,scarf,identity_supported_before_remainder,9,2,1,0,0.18181818181818182,0.0,0,0.19310720138051918,0.0,0.0,0.9970370673096571
scarf__02,daily_object,scarf,identity_plus_eligible_remainder,9,2,1,0,0.18181818181818182,0.0,0,0.19310720138051918,0.0,0.0,0.9970370673096571
scarf__02,daily_object,scarf,after_remainder_attachment_before_filter,9,2,1,0,0.18181818181818182,0.0,0,0.19310720138051918,0.0,0.0,0.9970370673096571
scarf__02,daily_object,scarf,final_hpid,9,2,1,0,0.18181818181818182,0.0,0,0.19310720138051918,0.0,0.0,0.9970370673096571
scarf__02,daily_object,scarf,final_dbscan,8,2,1,0,0.2,0.0,0,0.21877228134586257,0.0,0.0,0.9970575013282112
scarf__03,daily_object,scarf,input_pool,22,2,2,0,0.16666666666666666,0.0,79634,0.6956461658029045,0.0,0.0,0.9993757802746567
scarf__03,daily_object,scarf,after_same_source_dedup,22,2,2,0,0.16666666666666666,0.0,79634,0.6956461658029045,0.0,0.0,0.9993757802746567
scarf__03,daily_object,scarf,after_instance_cap,22,2,2,0,0.16666666666666666,0.0,79634,0.6956461658029045,0.0,0.0,0.9993757802746567
scarf__03,daily_object,scarf,after_hierarchy_duplicate_filter,22,2,2,0,0.16666666666666666,0.0,79634,0.6956461658029045,0.0,0.0,0.9993757802746567
scarf__03,daily_object,scarf,diagnostic_consensus_argmax,7,2,1,0,0.2222222222222222,0.0,0,0.26939596459541093,0.0,0.0,0.9993757802746567
scarf__03,daily_object,scarf,diagnostic_parent_support_argmax,7,2,1,0,0.2222222222222222,0.0,0,0.26609470718164424,0.0,0.0,0.9993757802746567
scarf__03,daily_object,scarf,diagnostic_parent_residual_argmax,11,2,2,0,0.3076923076923077,0.0,0,0.6150646594897028,0.0,0.0,0.9993757802746567
scarf__03,daily_object,scarf,diagnostic_specificity_argmax,12,2,2,0,0.2857142857142857,0.0,0,0.6151545121313704,0.0,0.0,0.9993757802746567
scarf__03,daily_object,scarf,actual_semantic_argmax,12,2,2,0,0.2857142857142857,0.0,0,0.6214191936013982,0.0,0.0,0.9993757802746567
scarf__03,daily_object,scarf,after_direct_detail_gate,12,2,2,0,0.2857142857142857,0.0,0,0.6204516078105162,0.0,0.0,0.9993757802746567
scarf__03,daily_object,scarf,after_cleanup,12,2,2,0,0.2857142857142857,0.0,0,0.621066973643702,0.0,0.0,0.9992821473158552
scarf__03,daily_object,scarf,after_root_restoration,12,2,2,0,0.2857142857142857,0.0,0,0.6210427985805043,0.0,0.0,0.9993757802746567
scarf__03,daily_object,scarf,identity_supported_before_remainder,15,2,2,0,0.23529411764705882,0.0,0,0.6298267538918225,0.0,0.0,0.9993445692883896
scarf__03,daily_object,scarf,identity_plus_eligible_remainder,15,2,2,0,0.23529411764705882,0.0,0,0.6298267538918225,0.0,0.0,0.9993445692883896
scarf__03,daily_object,scarf,after_remainder_attachment_before_filter,15,2,2,0,0.23529411764705882,0.0,0,0.6298267538918225,0.0,0.0,0.9993445692883896
scarf__03,daily_object,scarf,final_hpid,15,2,2,0,0.23529411764705882,0.0,0,0.6298267538918225,0.0,0.0,0.9993445692883896
scarf__03,daily_object,scarf,final_dbscan,12,2,2,0,0.2857142857142857,0.0,0,0.5673548817877456,0.0,0.0,0.9992821473158552
scarf__04,daily_object,scarf,input_pool,2,2,1,1,0.5,0.5,205,0.2231687361632496,0.2231687361632496,0.2240096618357488,0.2240096618357488
scarf__04,daily_object,scarf,after_same_source_dedup,2,2,1,1,0.5,0.5,205,0.2231687361632496,0.2231687361632496,0.2240096618357488,0.2240096618357488
scarf__04,daily_object,scarf,after_instance_cap,2,2,1,1,0.5,0.5,205,0.2231687361632496,0.2231687361632496,0.2240096618357488,0.2240096618357488
scarf__04,daily_object,scarf,after_hierarchy_duplicate_filter,2,2,1,1,0.5,0.5,205,0.2231687361632496,0.2231687361632496,0.2240096618357488,0.2240096618357488
scarf__04,daily_object,scarf,diagnostic_consensus_argmax,1,2,1,1,0.6666666666666666,0.6666666666666666,0,0.2231687361632496,0.2231687361632496,0.2240096618357488,0.2240096618357488
scarf__04,daily_object,scarf,diagnostic_parent_support_argmax,1,2,1,1,0.6666666666666666,0.6666666666666666,0,0.2231687361632496,0.2231687361632496,0.2240096618357488,0.2240096618357488
scarf__04,daily_object,scarf,diagnostic_parent_residual_argmax,1,2,1,1,0.6666666666666666,0.6666666666666666,0,0.2231687361632496,0.2231687361632496,0.2240096618357488,0.2240096618357488
scarf__04,daily_object,scarf,diagnostic_specificity_argmax,1,2,1,1,0.6666666666666666,0.6666666666666666,0,0.2231687361632496,0.2231687361632496,0.2240096618357488,0.2240096618357488
scarf__04,daily_object,scarf,actual_semantic_argmax,1,2,1,1,0.6666666666666666,0.6666666666666666,0,0.2231687361632496,0.2231687361632496,0.2240096618357488,0.2240096618357488
scarf__04,daily_object,scarf,after_direct_detail_gate,2,2,1,1,0.5,0.5,0,0.21330253152372702,0.21330253152372702,0.21410628019323671,0.2240096618357488
scarf__04,daily_object,scarf,after_cleanup,2,2,1,1,0.5,0.5,0,0.21330253152372702,0.21330253152372702,0.21410628019323671,0.2240096618357488
scarf__04,daily_object,scarf,after_root_restoration,2,2,1,1,0.5,0.5,0,0.21330253152372702,0.21330253152372702,0.21410628019323671,0.2240096618357488
scarf__04,daily_object,scarf,identity_supported_before_remainder,2,2,1,1,0.5,0.5,0,0.21330253152372702,0.21330253152372702,0.21410628019323671,0.2240096618357488
scarf__04,daily_object,scarf,identity_plus_eligible_remainder,2,2,1,1,0.5,0.5,0,0.21330253152372702,0.21330253152372702,0.21410628019323671,0.2240096618357488
scarf__04,daily_object,scarf,after_remainder_attachment_before_filter,2,2,1,1,0.5,0.5,0,0.21330253152372702,0.21330253152372702,0.21410628019323671,0.2240096618357488
scarf__04,daily_object,scarf,final_hpid,2,2,1,1,0.5,0.5,0,0.21330253152372702,0.21330253152372702,0.21410628019323671,0.2240096618357488
scarf__04,daily_object,scarf,final_dbscan,2,2,1,1,0.5,0.5,0,0.21330253152372702,0.21330253152372702,0.21410628019323671,0.2240096618357488
scissors__01,tool_prop,scissors,input_pool,7,4,4,3,0.7272727272727273,0.5454545454545454,54405,0.6232889197412311,0.4997687247551587,0.6021620979902126,0.8746412953332622
scissors__01,tool_prop,scissors,after_same_source_dedup,7,4,4,3,0.7272727272727273,0.5454545454545454,54405,0.6232889197412311,0.4997687247551587,0.6021620979902126,0.8746412953332622
scissors__01,tool_prop,scissors,after_instance_cap,7,4,4,3,0.7272727272727273,0.5454545454545454,54405,0.6232889197412311,0.4997687247551587,0.6021620979902126,0.8746412953332622
scissors__01,tool_prop,scissors,after_hierarchy_duplicate_filter,7,4,4,3,0.7272727272727273,0.5454545454545454,54405,0.6232889197412311,0.4997687247551587,0.6021620979902126,0.8746412953332622
scissors__01,tool_prop,scissors,diagnostic_consensus_argmax,2,4,1,1,0.3333333333333333,0.3333333333333333,0,0.1913371286988169,0.1535525108750333,0.18088332694251752,0.4319586363297798
scissors__01,tool_prop,scissors,diagnostic_parent_support_argmax,2,4,1,1,0.3333333333333333,0.3333333333333333,0,0.1913371286988169,0.1535525108750333,0.18088332694251752,0.4319586363297798
scissors__01,tool_prop,scissors,diagnostic_parent_residual_argmax,2,4,1,1,0.3333333333333333,0.3333333333333333,0,0.19145436221193463,0.15378588534429236,0.18131906438456444,0.43239437377182677
scissors__01,tool_prop,scissors,diagnostic_specificity_argmax,2,4,1,1,0.3333333333333333,0.3333333333333333,0,0.20376616587713928,0.13084827284652384,0.18776797852685886,0.5727072560170434
scissors__01,tool_prop,scissors,actual_semantic_argmax,2,4,1,1,0.3333333333333333,0.3333333333333333,0,0.20222638732112627,0.1314008800095136,0.1925872346358978,0.579092313514552
scissors__01,tool_prop,scissors,after_direct_detail_gate,3,4,1,1,0.2857142857142857,0.2857142857142857,0,0.20211245423796226,0.13179083976696823,0.19399030919928886,0.5810325275281607
scissors__01,tool_prop,scissors,after_cleanup,2,4,1,1,0.3333333333333333,0.3333333333333333,0,0.2020212846090098,0.13170324596917396,0.19391187645972044,0.5807187965698869
scissors__01,tool_prop,scissors,after_root_restoration,2,4,1,1,0.3333333333333333,0.3333333333333333,0,0.2020378099682692,0.13172692189312687,0.19394673545508417,0.5807536555652506
scissors__01,tool_prop,scissors,identity_supported_before_remainder,3,4,2,1,0.5714285714285714,0.2857142857142857,0,0.3131857206019948,0.15386436689243485,0.19394673545508417,0.5807536555652506
scissors__01,tool_prop,scissors,identity_plus_eligible_remainder,3,4,2,1,0.5714285714285714,0.2857142857142857,0,0.3131857206019948,0.15386436689243485,0.19394673545508417,0.5807536555652506
scissors__01,tool_prop,scissors,after_remainder_attachment_before_filter,3,4,2,1,0.5714285714285714,0.2857142857142857,0,0.3131857206019948,0.15386436689243485,0.19394673545508417,0.5807536555652506
scissors__01,tool_prop,scissors,final_hpid,3,4,2,1,0.5714285714285714,0.2857142857142857,0,0.3131857206019948,0.15386436689243485,0.19394673545508417,0.5807536555652506
scissors__01,tool_prop,scissors,final_dbscan,5,4,3,2,0.6666666666666666,0.4444444444444444,0,0.5149258321895307,0.390699882588909,0.41347442632526116,0.5744850647805949
scissors__02,tool_prop,scissors,input_pool,6,4,4,3,0.8,0.6,42964,0.6406079528454509,0.5167782827908772,0.7009289917721756,0.9627054060648005
scissors__02,tool_prop,scissors,after_same_source_dedup,6,4,4,3,0.8,0.6,42964,0.6406079528454509,0.5167782827908772,0.7009289917721756,0.9627054060648005
scissors__02,tool_prop,scissors,after_instance_cap,6,4,4,3,0.8,0.6,42964,0.6406079528454509,0.5167782827908772,0.7009289917721756,0.9627054060648005
scissors__02,tool_prop,scissors,after_hierarchy_duplicate_filter,6,4,4,3,0.8,0.6,42964,0.6406079528454509,0.5167782827908772,0.7009289917721756,0.9627054060648005
scissors__02,tool_prop,scissors,diagnostic_consensus_argmax,2,4,1,0,0.3333333333333333,0.0,0,0.17300032676606736,0.1025710550528765,0.12947545149591047,0.2131151461364583
scissors__02,tool_prop,scissors,diagnostic_parent_support_argmax,2,4,1,0,0.3333333333333333,0.0,0,0.17300032676606736,0.1025710550528765,0.12947545149591047,0.2131151461364583
scissors__02,tool_prop,scissors,diagnostic_parent_residual_argmax,2,4,1,0,0.3333333333333333,0.0,0,0.17300032676606736,0.1025710550528765,0.12947545149591047,0.2131151461364583
scissors__02,tool_prop,scissors,diagnostic_specificity_argmax,2,4,2,1,0.6666666666666666,0.3333333333333333,0,0.3376451875006846,0.2606967403519231,0.29529214867430237,0.6327455743677803
scissors__02,tool_prop,scissors,actual_semantic_argmax,2,4,2,1,0.6666666666666666,0.3333333333333333,0,0.35026192936743716,0.2762852763870034,0.3207168062085489,0.6585956163235042
scissors__02,tool_prop,scissors,after_direct_detail_gate,2,4,2,2,0.6666666666666666,0.6666666666666666,0,0.3889916017923581,0.2932703226130888,0.36768463654026895,0.7423524583921387
scissors__02,tool_prop,scissors,after_cleanup,2,4,2,2,0.6666666666666666,0.6666666666666666,0,0.38899677659074866,0.2932184209543557,0.36768463654026895,0.7424469882635781
scissors__02,tool_prop,scissors,after_root_restoration,2,4,2,2,0.6666666666666666,0.6666666666666666,0,0.38899677659074866,0.2932184209543557,0.36768463654026895,0.7424469882635781
scissors__02,tool_prop,scissors,identity_supported_before_remainder,3,4,2,2,0.5714285714285714,0.5714285714285714,0,0.3671908335437244,0.2972694351571564,0.36768463654026895,0.7424469882635781
scissors__02,tool_prop,scissors,identity_plus_eligible_remainder,3,4,2,2,0.5714285714285714,0.5714285714285714,0,0.3671908335437244,0.2972694351571564,0.36768463654026895,0.7424469882635781
scissors__02,tool_prop,scissors,after_remainder_attachment_before_filter,3,4,2,2,0.5714285714285714,0.5714285714285714,0,0.3671908335437244,0.2972694351571564,0.36768463654026895,0.7424469882635781
scissors__02,tool_prop,scissors,final_hpid,3,4,2,2,0.5714285714285714,0.5714285714285714,0,0.3671908335437244,0.2972694351571564,0.36768463654026895,0.7424469882635781
scissors__02,tool_prop,scissors,final_dbscan,3,4,3,2,0.8571428571428571,0.5714285714285714,0,0.4204498006003165,0.29003359358318864,0.44364247980513893,0.9354797698252033
scissors__03,tool_prop,scissors,input_pool,7,4,3,2,0.5454545454545454,0.36363636363636365,14534,0.4692528359173732,0.21970060342004488,0.45708194752270853,0.851842548752826
scissors__03,tool_prop,scissors,after_same_source_dedup,7,4,3,2,0.5454545454545454,0.36363636363636365,14534,0.4692528359173732,0.21970060342004488,0.45708194752270853,0.851842548752826
scissors__03,tool_prop,scissors,after_instance_cap,7,4,3,2,0.5454545454545454,0.36363636363636365,14534,0.4692528359173732,0.21970060342004488,0.45708194752270853,0.851842548752826
scissors__03,tool_prop,scissors,after_hierarchy_duplicate_filter,7,4,3,2,0.5454545454545454,0.36363636363636365,14534,0.4692528359173732,0.21970060342004488,0.45708194752270853,0.851842548752826
scissors__03,tool_prop,scissors,diagnostic_consensus_argmax,0,4,0,0,0.0,0.0,0,0.0,0.0,0.0,0.0
scissors__03,tool_prop,scissors,diagnostic_parent_support_argmax,0,4,0,0,0.0,0.0,0,0.0,0.0,0.0,0.0
scissors__03,tool_prop,scissors,diagnostic_parent_residual_argmax,2,4,0,0,0.0,0.0,0,0.013466159391269524,0.0,0.0,0.013541927409261576
scissors__03,tool_prop,scissors,diagnostic_specificity_argmax,2,4,0,0,0.0,0.0,0,0.013466159391269524,0.0,0.0,0.013541927409261576
scissors__03,tool_prop,scissors,actual_semantic_argmax,3,4,0,0,0.0,0.0,0,0.02988187423585259,0.015,0.017142857142857144,0.03265484606777075
scissors__03,tool_prop,scissors,after_direct_detail_gate,4,4,1,1,0.25,0.25,0,0.12357467652764967,0.08667883211678833,0.1357142857142857,0.18704641012928536
scissors__03,tool_prop,scissors,after_cleanup,4,4,1,1,0.25,0.25,0,0.11987905399901747,0.08302919708029197,0.13,0.181194452324887
scissors__03,tool_prop,scissors,after_root_restoration,4,4,1,1,0.25,0.25,0,0.11987905399901747,0.08302919708029197,0.13,0.181194452324887
scissors__03,tool_prop,scissors,identity_supported_before_remainder,5,4,1,1,0.2222222222222222,0.2222222222222222,0,0.13291184025123595,0.09599156118143459,0.13,0.181194452324887
scissors__03,tool_prop,scissors,identity_plus_eligible_remainder,5,4,1,1,0.2222222222222222,0.2222222222222222,0,0.13291184025123595,0.09599156118143459,0.13,0.181194452324887
scissors__03,tool_prop,scissors,after_remainder_attachment_before_filter,5,4,1,1,0.2222222222222222,0.2222222222222222,0,0.13291184025123595,0.09599156118143459,0.13,0.181194452324887
scissors__03,tool_prop,scissors,final_hpid,4,4,1,1,0.25,0.25,0,0.13291184025123595,0.09599156118143459,0.13,0.18055615445254658
scissors__03,tool_prop,scissors,final_dbscan,4,4,2,0,0.5,0.0,0,0.30856009152536257,0.0001101159888415798,0.00033163829316825116,0.8514170168379324
scissors__04,tool_prop,scissors,input_pool,12,4,4,2,0.5,0.25,46432,0.6425077260852952,0.3398204883639505,0.37931213057296054,0.9475208963285654
scissors__04,tool_prop,scissors,after_same_source_dedup,12,4,4,2,0.5,0.25,46432,0.6425077260852952,0.3398204883639505,0.37931213057296054,0.9475208963285654
scissors__04,tool_prop,scissors,after_instance_cap,12,4,4,2,0.5,0.25,46432,0.6425077260852952,0.3398204883639505,0.37931213057296054,0.9475208963285654
scissors__04,tool_prop,scissors,after_hierarchy_duplicate_filter,12,4,4,2,0.5,0.25,46432,0.6425077260852952,0.3398204883639505,0.37931213057296054,0.9475208963285654
scissors__04,tool_prop,scissors,diagnostic_consensus_argmax,5,4,1,1,0.2222222222222222,0.2222222222222222,0,0.15165989589597903,0.07532705834193361,0.2038405438948734,0.5548193398821893
scissors__04,tool_prop,scissors,diagnostic_parent_support_argmax,4,4,1,1,0.25,0.25,0,0.15165989589597903,0.07503761661149563,0.20355102040816325,0.5541792344294155
scissors__04,tool_prop,scissors,diagnostic_parent_residual_argmax,4,4,0,1,0.0,0.25,0,0.17736157804337754,0.07125507229810825,0.20355102040816325,0.5875725038807196
scissors__04,tool_prop,scissors,diagnostic_specificity_argmax,4,4,0,1,0.0,0.25,0,0.17908692090258432,0.07327340182648402,0.20959183673469386,0.5944196587291967
scissors__04,tool_prop,scissors,actual_semantic_argmax,4,4,1,0,0.25,0.0,0,0.23407815142048438,0.03821840790099952,0.20975510204081632,0.7049196186657177
scissors__04,tool_prop,scissors,after_direct_detail_gate,4,4,1,0,0.25,0.0,0,0.23270953805117678,0.034443314692425016,0.21016326530612245,0.787716148178184
scissors__04,tool_prop,scissors,after_cleanup,4,4,1,0,0.25,0.0,0,0.23223900478153497,0.034443314692425016,0.21016326530612245,0.7871269708386568
scissors__04,tool_prop,scissors,after_root_restoration,4,4,1,0,0.25,0.0,0,0.23223900478153497,0.034443314692425016,0.21016326530612245,0.7871269708386568
scissors__04,tool_prop,scissors,identity_supported_before_remainder,5,4,2,1,0.4444444444444444,0.2222222222222222,0,0.42761362869857544,0.19818976279650438,0.21016326530612245,0.7871269708386568
scissors__04,tool_prop,scissors,identity_plus_eligible_remainder,5,4,2,1,0.4444444444444444,0.2222222222222222,0,0.42761362869857544,0.19818976279650438,0.21016326530612245,0.7871269708386568
scissors__04,tool_prop,scissors,after_remainder_attachment_before_filter,5,4,2,1,0.4444444444444444,0.2222222222222222,0,0.42761362869857544,0.19818976279650438,0.21016326530612245,0.7871269708386568
scissors__04,tool_prop,scissors,final_hpid,5,4,2,1,0.4444444444444444,0.2222222222222222,0,0.42761362869857544,0.19818976279650438,0.21016326530612245,0.7871269708386568
scissors__04,tool_prop,scissors,final_dbscan,5,4,2,1,0.4444444444444444,0.2222222222222222,0,0.455067169082747,0.21869879056073044,0.22888834856033763,0.710032614943644
screwdriver__01,tool_prop,screwdriver,input_pool,1,3,0,0,0.0,0.0,0,0.07517838939857288,0.0,0.0,0.07517838939857288
screwdriver__01,tool_prop,screwdriver,after_same_source_dedup,1,3,0,0,0.0,0.0,0,0.07517838939857288,0.0,0.0,0.07517838939857288
screwdriver__01,tool_prop,screwdriver,after_instance_cap,1,3,0,0,0.0,0.0,0,0.07517838939857288,0.0,0.0,0.07517838939857288
screwdriver__01,tool_prop,screwdriver,after_hierarchy_duplicate_filter,1,3,0,0,0.0,0.0,0,0.07517838939857288,0.0,0.0,0.07517838939857288
screwdriver__01,tool_prop,screwdriver,diagnostic_consensus_argmax,0,3,0,0,0.0,0.0,0,0.0,0.0,0.0,0.0
screwdriver__01,tool_prop,screwdriver,diagnostic_parent_support_argmax,0,3,0,0,0.0,0.0,0,0.0,0.0,0.0,0.0
screwdriver__01,tool_prop,screwdriver,diagnostic_parent_residual_argmax,1,3,0,0,0.0,0.0,0,0.07517838939857288,0.0,0.0,0.07517838939857288
screwdriver__01,tool_prop,screwdriver,diagnostic_specificity_argmax,1,3,0,0,0.0,0.0,0,0.07517838939857288,0.0,0.0,0.07517838939857288
screwdriver__01,tool_prop,screwdriver,actual_semantic_argmax,1,3,0,0,0.0,0.0,0,0.07517838939857288,0.0,0.0,0.07517838939857288
screwdriver__01,tool_prop,screwdriver,after_direct_detail_gate,1,3,0,0,0.0,0.0,0,0.07517838939857288,0.0,0.0,0.07517838939857288
screwdriver__01,tool_prop,screwdriver,after_cleanup,1,3,0,0,0.0,0.0,0,0.07517838939857288,0.0,0.0,0.07517838939857288
screwdriver__01,tool_prop,screwdriver,after_root_restoration,1,3,0,0,0.0,0.0,0,0.07517838939857288,0.0,0.0,0.07517838939857288
screwdriver__01,tool_prop,screwdriver,identity_supported_before_remainder,1,3,0,0,0.0,0.0,0,0.07517838939857288,0.0,0.0,0.07517838939857288
screwdriver__01,tool_prop,screwdriver,identity_plus_eligible_remainder,1,3,0,0,0.0,0.0,0,0.07517838939857288,0.0,0.0,0.07517838939857288
screwdriver__01,tool_prop,screwdriver,after_remainder_attachment_before_filter,1,3,0,0,0.0,0.0,0,0.07517838939857288,0.0,0.0,0.07517838939857288
screwdriver__01,tool_prop,screwdriver,final_hpid,1,3,0,0,0.0,0.0,0,0.07517838939857288,0.0,0.0,0.07517838939857288
screwdriver__01,tool_prop,screwdriver,final_dbscan,1,3,0,0,0.0,0.0,0,0.07517838939857288,0.0,0.0,0.07517838939857288
shoe__01,daily_object,shoe,input_pool,4,7,2,0,0.36363636363636365,0.0,95,0.12358674855183494,0.00960841189267585,0.13283208020050125,0.392022211904818
shoe__01,daily_object,shoe,after_same_source_dedup,4,7,2,0,0.36363636363636365,0.0,95,0.12358674855183494,0.00960841189267585,0.13283208020050125,0.392022211904818
shoe__01,daily_object,shoe,after_instance_cap,4,7,2,0,0.36363636363636365,0.0,95,0.12358674855183494,0.00960841189267585,0.13283208020050125,0.392022211904818
shoe__01,daily_object,shoe,after_hierarchy_duplicate_filter,4,7,2,0,0.36363636363636365,0.0,95,0.12358674855183494,0.00960841189267585,0.13283208020050125,0.392022211904818
shoe__01,daily_object,shoe,diagnostic_consensus_argmax,2,7,0,0,0.0,0.0,0,0.037659218718055824,0.0,0.0,0.04606864605470395
shoe__01,daily_object,shoe,diagnostic_parent_support_argmax,2,7,0,0,0.0,0.0,0,0.037659218718055824,0.0,0.0,0.04606864605470395
shoe__01,daily_object,shoe,diagnostic_parent_residual_argmax,4,7,1,0,0.18181818181818182,0.0,0,0.08611167188486656,0.0,0.0,0.11490511589585073
shoe__01,daily_object,shoe,diagnostic_specificity_argmax,4,7,1,0,0.18181818181818182,0.0,0,0.08611167188486656,0.0,0.0,0.11490511589585073
shoe__01,daily_object,shoe,actual_semantic_argmax,4,7,1,0,0.18181818181818182,0.0,0,0.1209045647832658,0.02021563342318059,0.03759398496240601,0.1879072518042563
shoe__01,daily_object,shoe,after_direct_detail_gate,4,7,2,0,0.36363636363636365,0.0,0,0.1143317266092717,0.009697256385998108,0.10275689223057645,0.3374874124078568
shoe__01,daily_object,shoe,after_cleanup,4,7,2,0,0.36363636363636365,0.0,0,0.1143317266092717,0.009697256385998108,0.10275689223057645,0.33767712972904823
shoe__01,daily_object,shoe,after_root_restoration,4,7,2,0,0.36363636363636365,0.0,0,0.1143317266092717,0.009697256385998108,0.10275689223057645,0.33767712972904823
shoe__01,daily_object,shoe,identity_supported_before_remainder,4,7,2,0,0.36363636363636365,0.0,0,0.1143317266092717,0.009697256385998108,0.10275689223057645,0.3374874124078568
shoe__01,daily_object,shoe,identity_plus_eligible_remainder,4,7,2,0,0.36363636363636365,0.0,0,0.1143317266092717,0.009697256385998108,0.10275689223057645,0.3374874124078568
shoe__01,daily_object,shoe,after_remainder_attachment_before_filter,4,7,2,0,0.36363636363636365,0.0,0,0.1143317266092717,0.009697256385998108,0.10275689223057645,0.3374874124078568
shoe__01,daily_object,shoe,final_hpid,4,7,2,0,0.36363636363636365,0.0,0,0.1143317266092717,0.009697256385998108,0.10275689223057645,0.3374874124078568
shoe__01,daily_object,shoe,final_dbscan,4,7,2,0,0.36363636363636365,0.0,0,0.11743091088669828,0.010909839440098806,0.13283208020050125,0.392022211904818
shoe__02,daily_object,shoe,input_pool,10,7,1,0,0.11764705882352941,0.0,1285,0.15680252633800168,0.0,0.0,0.9480188782188864
shoe__02,daily_object,shoe,after_same_source_dedup,10,7,1,0,0.11764705882352941,0.0,1285,0.15680252633800168,0.0,0.0,0.9480188782188864
shoe__02,daily_object,shoe,after_instance_cap,10,7,1,0,0.11764705882352941,0.0,1285,0.15680252633800168,0.0,0.0,0.9480188782188864
shoe__02,daily_object,shoe,after_hierarchy_duplicate_filter,10,7,1,0,0.11764705882352941,0.0,1285,0.15680252633800168,0.0,0.0,0.9480188782188864
shoe__02,daily_object,shoe,diagnostic_consensus_argmax,6,7,0,0,0.0,0.0,0,0.10647725040066515,0.0,0.0,0.9480188782188864
shoe__02,daily_object,shoe,diagnostic_parent_support_argmax,6,7,0,0,0.0,0.0,0,0.10647725040066515,0.0,0.0,0.9480188782188864
shoe__02,daily_object,shoe,diagnostic_parent_residual_argmax,8,7,1,0,0.13333333333333333,0.0,0,0.12960034753317237,0.0,0.0,0.9480188782188864
shoe__02,daily_object,shoe,diagnostic_specificity_argmax,8,7,1,0,0.13333333333333333,0.0,0,0.12960034753317237,0.0,0.0,0.9480188782188864
shoe__02,daily_object,shoe,actual_semantic_argmax,8,7,1,0,0.13333333333333333,0.0,0,0.12961441344747954,0.0,0.0,0.9480188782188864
shoe__02,daily_object,shoe,after_direct_detail_gate,8,7,1,0,0.13333333333333333,0.0,0,0.12961441344747954,0.0,0.0,0.9480188782188864
shoe__02,daily_object,shoe,after_cleanup,8,7,1,0,0.13333333333333333,0.0,0,0.1305558834777468,0.0,0.0,0.9464204766204849
shoe__02,daily_object,shoe,after_root_restoration,8,7,1,0,0.13333333333333333,0.0,0,0.13030319140258506,0.0,0.0,0.9480188782188864
shoe__02,daily_object,shoe,identity_supported_before_remainder,10,7,1,0,0.11764705882352941,0.0,0,0.14812684644428523,0.0,0.0,0.9480188782188864
shoe__02,daily_object,shoe,identity_plus_eligible_remainder,10,7,1,0,0.11764705882352941,0.0,0,0.14812684644428523,0.0,0.0,0.9480188782188864
shoe__02,daily_object,shoe,after_remainder_attachment_before_filter,10,7,1,0,0.11764705882352941,0.0,0,0.14812684644428523,0.0,0.0,0.9480188782188864
shoe__02,daily_object,shoe,final_hpid,10,7,1,0,0.11764705882352941,0.0,0,0.14812684644428523,0.0,0.0,0.9480188782188864
shoe__02,daily_object,shoe,final_dbscan,9,7,1,0,0.125,0.0,0,0.1475349508001952,0.0,0.0,0.9480188782188864
shoe__03,daily_object,shoe,input_pool,2,6,0,0,0.0,0.0,1255,0.0005689835677545632,0.0,0.0,0.001151330938564981
shoe__03,daily_object,shoe,after_same_source_dedup,2,6,0,0,0.0,0.0,1255,0.0005689835677545632,0.0,0.0,0.001151330938564981
shoe__03,daily_object,shoe,after_instance_cap,2,6,0,0,0.0,0.0,1255,0.0005689835677545632,0.0,0.0,0.001151330938564981
shoe__03,daily_object,shoe,after_hierarchy_duplicate_filter,2,6,0,0,0.0,0.0,1255,0.0005689835677545632,0.0,0.0,0.001151330938564981
shoe__03,daily_object,shoe,diagnostic_consensus_argmax,2,6,0,0,0.0,0.0,0,0.0005723705297861623,0.0,0.0,0.001151330938564981
shoe__03,daily_object,shoe,diagnostic_parent_support_argmax,2,6,0,0,0.0,0.0,0,0.0005723705297861623,0.0,0.0,0.001151330938564981
shoe__03,daily_object,shoe,diagnostic_parent_residual_argmax,2,6,0,0,0.0,0.0,0,0.0005723705297861623,0.0,0.0,0.001151330938564981
shoe__03,daily_object,shoe,diagnostic_specificity_argmax,2,6,0,0,0.0,0.0,0,0.0005723705297861623,0.0,0.0,0.001151330938564981
shoe__03,daily_object,shoe,actual_semantic_argmax,2,6,0,0,0.0,0.0,0,0.0005841940458942843,0.0,0.0,0.001151330938564981
shoe__03,daily_object,shoe,after_direct_detail_gate,2,6,0,0,0.0,0.0,0,0.0005967726534899265,0.0,0.0,0.001151330938564981
shoe__03,daily_object,shoe,after_cleanup,2,6,0,0,0.0,0.0,0,0.0005967726534899265,0.0,0.0,0.001151330938564981
shoe__03,daily_object,shoe,after_root_restoration,2,6,0,0,0.0,0.0,0,0.0005967726534899265,0.0,0.0,0.001151330938564981
shoe__03,daily_object,shoe,identity_supported_before_remainder,2,6,0,0,0.0,0.0,0,0.0005967726534899265,0.0,0.0,0.001151330938564981
shoe__03,daily_object,shoe,identity_plus_eligible_remainder,2,6,0,0,0.0,0.0,0,0.0005967726534899265,0.0,0.0,0.001151330938564981
shoe__03,daily_object,shoe,after_remainder_attachment_before_filter,2,6,0,0,0.0,0.0,0,0.0005967726534899265,0.0,0.0,0.001151330938564981
shoe__03,daily_object,shoe,final_hpid,2,6,0,0,0.0,0.0,0,0.0005967726534899265,0.0,0.0,0.001151330938564981
shoe__03,daily_object,shoe,final_dbscan,2,6,0,0,0.0,0.0,0,0.000603456599401371,0.0,0.0,0.001151330938564981
shoe__04,daily_object,shoe,input_pool,6,6,3,0,0.5,0.0,2119,0.3346778734763775,0.02629681798010527,0.028949358667591327,0.6084465341901414
shoe__04,daily_object,shoe,after_same_source_dedup,6,6,3,0,0.5,0.0,2119,0.3346778734763775,0.02629681798010527,0.028949358667591327,0.6084465341901414
shoe__04,daily_object,shoe,after_instance_cap,6,6,3,0,0.5,0.0,2119,0.3346778734763775,0.02629681798010527,0.028949358667591327,0.6084465341901414
shoe__04,daily_object,shoe,after_hierarchy_duplicate_filter,6,6,3,0,0.5,0.0,2119,0.3346778734763775,0.02629681798010527,0.028949358667591327,0.6084465341901414
shoe__04,daily_object,shoe,diagnostic_consensus_argmax,1,6,0,0,0.0,0.0,0,0.00030656039239730225,0.00030656039239730225,0.00030656039239730225,0.00030656039239730225
shoe__04,daily_object,shoe,diagnostic_parent_support_argmax,1,6,0,0,0.0,0.0,0,0.00030656039239730225,0.00030656039239730225,0.00030656039239730225,0.00030656039239730225
shoe__04,daily_object,shoe,diagnostic_parent_residual_argmax,4,6,2,0,0.4,0.0,0,0.2521362122004432,0.006408301788256345,0.006861281264396123,0.4521865963920139
shoe__04,daily_object,shoe,diagnostic_specificity_argmax,5,6,3,0,0.5454545454545454,0.0,0,0.3118367892652656,0.006408301788256345,0.006861281264396123,0.5245689112635992
shoe__04,daily_object,shoe,actual_semantic_argmax,5,6,3,0,0.5454545454545454,0.0,0,0.3142892196724148,0.008990213074166791,0.009461061501821707,0.5400887393999064
shoe__04,daily_object,shoe,after_direct_detail_gate,6,6,3,0,0.5,0.0,0,0.3133478529688725,0.0114461885550007,0.011947606906822048,0.5524583016634139
shoe__04,daily_object,shoe,after_cleanup,5,6,3,0,0.5454545454545454,0.0,0,0.3137078964376799,0.009275643581384803,0.009590853334867415,0.5515814157596658
shoe__04,daily_object,shoe,after_root_restoration,5,6,3,0,0.5454545454545454,0.0,0,0.3137078964376799,0.009685479646958574,0.010032744629608908,0.5520233070544073
shoe__04,daily_object,shoe,identity_supported_before_remainder,5,6,3,0,0.5454545454545454,0.0,0,0.3137819698493492,0.009687300020353565,0.010032744629608908,0.5519093858878544
shoe__04,daily_object,shoe,identity_plus_eligible_remainder,5,6,3,0,0.5454545454545454,0.0,0,0.3137819698493492,0.009687300020353565,0.010032744629608908,0.5519093858878544
shoe__04,daily_object,shoe,after_remainder_attachment_before_filter,5,6,3,0,0.5454545454545454,0.0,0,0.3137819698493492,0.009687300020353565,0.010032744629608908,0.5519093858878544
shoe__04,daily_object,shoe,final_hpid,5,6,3,0,0.5454545454545454,0.0,0,0.3137819698493492,0.009687300020353565,0.010032744629608908,0.5519093858878544
shoe__04,daily_object,shoe,final_dbscan,6,6,3,0,0.5,0.0,0,0.3178784938105226,0.008106819265617548,0.008106819265617548,0.6084465341901414
slipper_footwear__01,daily_object,slipper_(footwear),input_pool,2,3,0,0,0.0,0.0,131,0.0,0.0,0.0,0.0
slipper_footwear__01,daily_object,slipper_(footwear),after_same_source_dedup,2,3,0,0,0.0,0.0,131,0.0,0.0,0.0,0.0
slipper_footwear__01,daily_object,slipper_(footwear),after_instance_cap,2,3,0,0,0.0,0.0,131,0.0,0.0,0.0,0.0
slipper_footwear__01,daily_object,slipper_(footwear),after_hierarchy_duplicate_filter,2,3,0,0,0.0,0.0,131,0.0,0.0,0.0,0.0
slipper_footwear__01,daily_object,slipper_(footwear),diagnostic_consensus_argmax,1,3,0,0,0.0,0.0,0,0.0,0.0,0.0,0.0
slipper_footwear__01,daily_object,slipper_(footwear),diagnostic_parent_support_argmax,1,3,0,0,0.0,0.0,0,0.0,0.0,0.0,0.0
slipper_footwear__01,daily_object,slipper_(footwear),diagnostic_parent_residual_argmax,1,3,0,0,0.0,0.0,0,0.0,0.0,0.0,0.0
slipper_footwear__01,daily_object,slipper_(footwear),diagnostic_specificity_argmax,1,3,0,0,0.0,0.0,0,0.0,0.0,0.0,0.0
slipper_footwear__01,daily_object,slipper_(footwear),actual_semantic_argmax,1,3,0,0,0.0,0.0,0,0.0,0.0,0.0,0.0
slipper_footwear__01,daily_object,slipper_(footwear),after_direct_detail_gate,1,3,0,0,0.0,0.0,0,0.0,0.0,0.0,0.0
slipper_footwear__01,daily_object,slipper_(footwear),after_cleanup,1,3,0,0,0.0,0.0,0,0.0,0.0,0.0,0.0
slipper_footwear__01,daily_object,slipper_(footwear),after_root_restoration,1,3,0,0,0.0,0.0,0,0.0,0.0,0.0,0.0
slipper_footwear__01,daily_object,slipper_(footwear),identity_supported_before_remainder,1,3,0,0,0.0,0.0,0,0.0,0.0,0.0,0.0
slipper_footwear__01,daily_object,slipper_(footwear),identity_plus_eligible_remainder,1,3,0,0,0.0,0.0,0,0.0,0.0,0.0,0.0
slipper_footwear__01,daily_object,slipper_(footwear),after_remainder_attachment_before_filter,1,3,0,0,0.0,0.0,0,0.0,0.0,0.0,0.0
slipper_footwear__01,daily_object,slipper_(footwear),final_hpid,1,3,0,0,0.0,0.0,0,0.0,0.0,0.0,0.0
slipper_footwear__01,daily_object,slipper_(footwear),final_dbscan,1,3,0,0,0.0,0.0,0,0.0,0.0,0.0,0.0
soap__01,daily_object,soap,input_pool,8,6,4,2,0.5714285714285714,0.2857142857142857,4946,0.5346857995566991,0.23144660009285686,0.3209478342280953,0.8505863002070287
soap__01,daily_object,soap,after_same_source_dedup,8,6,4,2,0.5714285714285714,0.2857142857142857,4946,0.5346857995566991,0.23144660009285686,0.3209478342280953,0.8505863002070287
soap__01,daily_object,soap,after_instance_cap,8,6,4,2,0.5714285714285714,0.2857142857142857,4946,0.5346857995566991,0.23144660009285686,0.3209478342280953,0.8505863002070287
soap__01,daily_object,soap,after_hierarchy_duplicate_filter,8,6,4,2,0.5714285714285714,0.2857142857142857,4946,0.5346857995566991,0.23144660009285686,0.3209478342280953,0.8505863002070287
soap__01,daily_object,soap,diagnostic_consensus_argmax,6,6,2,2,0.3333333333333333,0.3333333333333333,0,0.28326309491899565,0.13628695220630638,0.21562408507179318,0.8505863002070287
soap__01,daily_object,soap,diagnostic_parent_support_argmax,6,6,2,2,0.3333333333333333,0.3333333333333333,0,0.28326309491899565,0.13628695220630638,0.21562408507179318,0.8505863002070287
soap__01,daily_object,soap,diagnostic_parent_residual_argmax,6,6,3,2,0.5,0.3333333333333333,0,0.504332232198718,0.20975027951799252,0.27878999070345223,0.8505863002070287
soap__01,daily_object,soap,diagnostic_specificity_argmax,6,6,4,1,0.6666666666666666,0.16666666666666666,0,0.5452720020098785,0.16012902545975846,0.17979837019500175,0.8505863002070287
soap__01,daily_object,soap,actual_semantic_argmax,8,6,4,1,0.5714285714285714,0.14285714285714285,0,0.5433407507106086,0.16183521082604518,0.18140986027679032,0.8505863002070287
soap__01,daily_object,soap,after_direct_detail_gate,8,6,4,1,0.5714285714285714,0.14285714285714285,0,0.554480824296884,0.16842871592013664,0.18304470577714752,0.8505863002070287
soap__01,daily_object,soap,after_cleanup,7,6,4,1,0.6153846153846154,0.15384615384615385,0,0.5650947075989964,0.17862661230522084,0.19317665309938734,0.8444031187640545
soap__01,daily_object,soap,after_root_restoration,8,6,4,1,0.5714285714285714,0.14285714285714285,0,0.564731393772966,0.1786745652980406,0.19331867837988725,0.8505863002070287
soap__01,daily_object,soap,identity_supported_before_remainder,8,6,4,1,0.5714285714285714,0.14285714285714285,0,0.564731393772966,0.1786745652980406,0.19331867837988725,0.8505863002070287
soap__01,daily_object,soap,identity_plus_eligible_remainder,8,6,4,1,0.5714285714285714,0.14285714285714285,0,0.564731393772966,0.1786745652980406,0.19331867837988725,0.8505863002070287
soap__01,daily_object,soap,after_remainder_attachment_before_filter,8,6,4,1,0.5714285714285714,0.14285714285714285,0,0.564731393772966,0.1786745652980406,0.19331867837988725,0.8505863002070287
soap__01,daily_object,soap,final_hpid,7,6,4,1,0.6153846153846154,0.15384615384615385,0,0.564731393772966,0.1786745652980406,0.19331867837988725,0.8497719679594717
soap__01,daily_object,soap,final_dbscan,6,6,4,1,0.6666666666666666,0.16666666666666666,0,0.6021886176757087,0.17758857510908363,0.19225518538495914,0.8505863002070287
soap__02,daily_object,soap,input_pool,3,5,2,0,0.5,0.0,5518,0.26393043501480784,0.0,0.0,0.9152734236621901
soap__02,daily_object,soap,after_same_source_dedup,3,5,2,0,0.5,0.0,5518,0.26393043501480784,0.0,0.0,0.9152734236621901
soap__02,daily_object,soap,after_instance_cap,3,5,2,0,0.5,0.0,5518,0.26393043501480784,0.0,0.0,0.9152734236621901
soap__02,daily_object,soap,after_hierarchy_duplicate_filter,3,5,2,0,0.5,0.0,5518,0.26393043501480784,0.0,0.0,0.9152734236621901
soap__02,daily_object,soap,diagnostic_consensus_argmax,1,5,1,0,0.3333333333333333,0.0,0,0.21665980791126657,0.0,0.0,0.9152734236621901
soap__02,daily_object,soap,diagnostic_parent_support_argmax,1,5,1,0,0.3333333333333333,0.0,0,0.21665980791126657,0.0,0.0,0.9152734236621901
soap__02,daily_object,soap,diagnostic_parent_residual_argmax,1,5,1,0,0.3333333333333333,0.0,0,0.21665980791126657,0.0,0.0,0.9152734236621901
soap__02,daily_object,soap,diagnostic_specificity_argmax,2,5,2,0,0.5714285714285714,0.0,0,0.22814429243484113,0.0,0.0,0.9152734236621901
soap__02,daily_object,soap,actual_semantic_argmax,2,5,2,0,0.5714285714285714,0.0,0,0.22814429243484113,0.0,0.0,0.9152734236621901
soap__02,daily_object,soap,after_direct_detail_gate,3,5,1,0,0.25,0.0,0,0.2308135024339129,0.0,0.0,0.9152734236621901
soap__02,daily_object,soap,after_cleanup,3,5,2,0,0.5,0.0,0,0.2318676483206037,0.0,0.0,0.9137180714206531
soap__02,daily_object,soap,after_root_restoration,3,5,1,0,0.25,0.0,0,0.2308135024339129,0.0,0.0,0.9152734236621901
soap__02,daily_object,soap,identity_supported_before_remainder,3,5,1,0,0.25,0.0,0,0.2308135024339129,0.0,0.0,0.9152734236621901
soap__02,daily_object,soap,identity_plus_eligible_remainder,3,5,1,0,0.25,0.0,0,0.2308135024339129,0.0,0.0,0.9152734236621901
soap__02,daily_object,soap,after_remainder_attachment_before_filter,3,5,1,0,0.25,0.0,0,0.2308135024339129,0.0,0.0,0.9152734236621901
soap__02,daily_object,soap,final_hpid,3,5,1,0,0.25,0.0,0,0.2308135024339129,0.0,0.0,0.9152734236621901
soap__02,daily_object,soap,final_dbscan,3,5,3,0,0.75,0.0,0,0.2576613433845526,0.0,0.0,0.9152734236621901
spoon__01,tool_prop,spoon,input_pool,7,4,2,2,0.36363636363636365,0.36363636363636365,9951,0.48066951845512296,0.47586063896187036,0.7127184543807107,0.7221221251304762
spoon__01,tool_prop,spoon,after_same_source_dedup,7,4,2,2,0.36363636363636365,0.36363636363636365,9951,0.48066951845512296,0.47586063896187036,0.7127184543807107,0.7221221251304762
spoon__01,tool_prop,spoon,after_instance_cap,7,4,2,2,0.36363636363636365,0.36363636363636365,9951,0.48066951845512296,0.47586063896187036,0.7127184543807107,0.7221221251304762
spoon__01,tool_prop,spoon,after_hierarchy_duplicate_filter,7,4,2,2,0.36363636363636365,0.36363636363636365,9951,0.48066951845512296,0.47586063896187036,0.7127184543807107,0.7221221251304762
spoon__01,tool_prop,spoon,diagnostic_consensus_argmax,6,4,1,1,0.2,0.2,0,0.2872454627902639,0.2844779351149872,0.31831522670517404,0.32713068736383716
spoon__01,tool_prop,spoon,diagnostic_parent_support_argmax,6,4,1,1,0.2,0.2,0,0.2872454627902639,0.2844779351149872,0.31831522670517404,0.32713068736383716
spoon__01,tool_prop,spoon,diagnostic_parent_residual_argmax,6,4,1,1,0.2,0.2,0,0.23922749175900165,0.2328084746564735,0.3307558820841929,0.3509462623631973
spoon__01,tool_prop,spoon,diagnostic_specificity_argmax,6,4,1,1,0.2,0.2,0,0.23922749175900165,0.2328084746564735,0.3307558820841929,0.3509462623631973
spoon__01,tool_prop,spoon,actual_semantic_argmax,6,4,2,2,0.4,0.4,0,0.29571556237326785,0.2893014946906245,0.49215065557756843,0.5125000483795361
spoon__01,tool_prop,spoon,after_direct_detail_gate,6,4,2,2,0.4,0.4,0,0.4123605558565064,0.40572338771491345,0.6923709085696652,0.7169052822569253
spoon__01,tool_prop,spoon,after_cleanup,6,4,2,2,0.4,0.4,0,0.4124980631165819,0.4058608949749889,0.6925778965292049,0.7171122702164651
spoon__01,tool_prop,spoon,after_root_restoration,6,4,2,2,0.4,0.4,0,0.4124980631165819,0.4058608949749889,0.6925778965292049,0.7171122702164651
spoon__01,tool_prop,spoon,identity_supported_before_remainder,6,4,2,2,0.4,0.4,0,0.41233594349873304,0.4056987753571401,0.6923709085696652,0.7169052822569253
spoon__01,tool_prop,spoon,identity_plus_eligible_remainder,6,4,2,2,0.4,0.4,0,0.41233594349873304,0.4056987753571401,0.6923709085696652,0.7169052822569253
spoon__01,tool_prop,spoon,after_remainder_attachment_before_filter,6,4,2,2,0.4,0.4,0,0.41233594349873304,0.4056987753571401,0.6923709085696652,0.7169052822569253
spoon__01,tool_prop,spoon,final_hpid,6,4,2,2,0.4,0.4,0,0.41233594349873304,0.4056987753571401,0.6923709085696652,0.7169052822569253
spoon__01,tool_prop,spoon,final_dbscan,5,4,2,2,0.4444444444444444,0.4444444444444444,0,0.47788369316940393,0.4755498435503697,0.71204679826864,0.7219781988207469
spoon__02,tool_prop,spoon,input_pool,4,4,3,2,0.75,0.5,4363,0.5158080835600843,0.487079549097605,0.9219013801867244,0.9340761233505677
spoon__02,tool_prop,spoon,after_same_source_dedup,4,4,3,2,0.75,0.5,4363,0.5158080835600843,0.487079549097605,0.9219013801867244,0.9340761233505677
spoon__02,tool_prop,spoon,after_instance_cap,4,4,3,2,0.75,0.5,4363,0.5158080835600843,0.487079549097605,0.9219013801867244,0.9340761233505677
spoon__02,tool_prop,spoon,after_hierarchy_duplicate_filter,4,4,3,2,0.75,0.5,4363,0.5158080835600843,0.487079549097605,0.9219013801867244,0.9340761233505677
spoon__02,tool_prop,spoon,diagnostic_consensus_argmax,1,4,1,1,0.4,0.4,0,0.23009787671732407,0.23009787671732407,0.3283606424943155,0.3283606424943155
spoon__02,tool_prop,spoon,diagnostic_parent_support_argmax,1,4,1,1,0.4,0.4,0,0.23009787671732407,0.23009787671732407,0.3283606424943155,0.3283606424943155
spoon__02,tool_prop,spoon,diagnostic_parent_residual_argmax,2,4,1,1,0.3333333333333333,0.3333333333333333,0,0.2301400354959761,0.2301400354959761,0.33035267436682547,0.33090723160769386
spoon__02,tool_prop,spoon,diagnostic_specificity_argmax,3,4,2,2,0.5714285714285714,0.5714285714285714,0,0.4627321651807138,0.4627321651807138,0.7950753509702569,0.9181398683704879
spoon__02,tool_prop,spoon,actual_semantic_argmax,3,4,2,2,0.5714285714285714,0.5714285714285714,0,0.4626844428436828,0.4626844428436828,0.7957393615944269,0.9188038789946579
spoon__02,tool_prop,spoon,after_direct_detail_gate,3,4,2,2,0.5714285714285714,0.5714285714285714,0,0.4629059988901253,0.4629059988901253,0.8053675156448917,0.9284320330451227
spoon__02,tool_prop,spoon,after_cleanup,2,4,2,2,0.6666666666666666,0.6666666666666666,0,0.4631394733266516,0.4631394733266516,0.8075820994461851,0.9300920596055476
spoon__02,tool_prop,spoon,after_root_restoration,3,4,2,2,0.5714285714285714,0.5714285714285714,0,0.4631394733266516,0.4631394733266516,0.8075820994461851,0.9300920596055476
spoon__02,tool_prop,spoon,identity_supported_before_remainder,3,4,2,2,0.5714285714285714,0.5714285714285714,0,0.4629550243555962,0.4629550243555962,0.8073595475174017,0.9298695076767642
spoon__02,tool_prop,spoon,identity_plus_eligible_remainder,3,4,2,2,0.5714285714285714,0.5714285714285714,0,0.4629550243555962,0.4629550243555962,0.8073595475174017,0.9298695076767642
spoon__02,tool_prop,spoon,after_remainder_attachment_before_filter,3,4,2,2,0.5714285714285714,0.5714285714285714,0,0.4629550243555962,0.4629550243555962,0.8073595475174017,0.9298695076767642
spoon__02,tool_prop,spoon,final_hpid,2,4,2,2,0.6666666666666666,0.6666666666666666,0,0.4629550243555962,0.4629550243555962,0.8073595475174017,0.9298695076767642
spoon__02,tool_prop,spoon,final_dbscan,3,4,2,2,0.5714285714285714,0.5714285714285714,0,0.4626418253578549,0.4626418253578549,0.793747329721917,0.9181398683704879
spoon__03,tool_prop,spoon,input_pool,6,4,1,0,0.2,0.0,3038,0.12898198225652716,0.0,0.0,0.5472044063468191
spoon__03,tool_prop,spoon,after_same_source_dedup,6,4,1,0,0.2,0.0,3038,0.12898198225652716,0.0,0.0,0.5472044063468191
spoon__03,tool_prop,spoon,after_instance_cap,6,4,1,0,0.2,0.0,3038,0.12898198225652716,0.0,0.0,0.5472044063468191
spoon__03,tool_prop,spoon,after_hierarchy_duplicate_filter,6,4,1,0,0.2,0.0,3038,0.12898198225652716,0.0,0.0,0.5472044063468191
spoon__03,tool_prop,spoon,diagnostic_consensus_argmax,3,4,0,0,0.0,0.0,0,0.05113774015252168,0.0,0.0,0.5472044063468191
spoon__03,tool_prop,spoon,diagnostic_parent_support_argmax,3,4,0,0,0.0,0.0,0,0.05113774015252168,0.0,0.0,0.5472044063468191
spoon__03,tool_prop,spoon,diagnostic_parent_residual_argmax,5,4,0,0,0.0,0.0,0,0.12082321027025301,0.0,0.0,0.5472044063468191
spoon__03,tool_prop,spoon,diagnostic_specificity_argmax,6,4,0,0,0.0,0.0,0,0.12082321027025301,0.0,0.0,0.5472044063468191
spoon__03,tool_prop,spoon,actual_semantic_argmax,6,4,0,0,0.0,0.0,0,0.11856192739247187,0.0,0.0,0.5472044063468191
spoon__03,tool_prop,spoon,after_direct_detail_gate,6,4,0,0,0.0,0.0,0,0.11858798898655422,0.0,0.0,0.5472044063468191
spoon__03,tool_prop,spoon,after_cleanup,5,4,0,0,0.0,0.0,0,0.11919841523590034,0.0,0.0,0.5472044063468191
spoon__03,tool_prop,spoon,after_root_restoration,5,4,0,0,0.0,0.0,0,0.11919841523590034,0.0,0.0,0.5472044063468191
spoon__03,tool_prop,spoon,identity_supported_before_remainder,5,4,0,0,0.0,0.0,0,0.1192332265671247,0.0,0.0,0.5472044063468191
spoon__03,tool_prop,spoon,identity_plus_eligible_remainder,5,4,0,0,0.0,0.0,0,0.1192332265671247,0.0,0.0,0.5472044063468191
spoon__03,tool_prop,spoon,after_remainder_attachment_before_filter,5,4,0,0,0.0,0.0,0,0.1192332265671247,0.0,0.0,0.5472044063468191
spoon__03,tool_prop,spoon,final_hpid,5,4,0,0,0.0,0.0,0,0.1192332265671247,0.0,0.0,0.5472044063468191
spoon__03,tool_prop,spoon,final_dbscan,5,4,0,0,0.0,0.0,0,0.10244790275489542,0.0,0.0,0.5472044063468191
spoon__04,tool_prop,spoon,input_pool,6,4,1,0,0.2,0.0,8529,0.3114933278728072,0.06369416036596968,0.4955895878192158,0.9925795605631921
spoon__04,tool_prop,spoon,after_same_source_dedup,6,4,1,0,0.2,0.0,8529,0.3114933278728072,0.06369416036596968,0.4955895878192158,0.9925795605631921
spoon__04,tool_prop,spoon,after_instance_cap,6,4,1,0,0.2,0.0,8529,0.3114933278728072,0.06369416036596968,0.4955895878192158,0.9925795605631921
spoon__04,tool_prop,spoon,after_hierarchy_duplicate_filter,6,4,1,0,0.2,0.0,8529,0.3114933278728072,0.06369416036596968,0.4955895878192158,0.9925795605631921
spoon__04,tool_prop,spoon,diagnostic_consensus_argmax,2,4,1,0,0.3333333333333333,0.0,0,0.23605547751789674,0.0,0.0,0.2801071438998061
spoon__04,tool_prop,spoon,diagnostic_parent_support_argmax,2,4,1,0,0.3333333333333333,0.0,0,0.23605547751789674,0.0,0.0,0.2801071438998061
spoon__04,tool_prop,spoon,diagnostic_parent_residual_argmax,3,4,1,0,0.2857142857142857,0.0,0,0.23605729330679062,0.0,0.0,0.2860889920846246
spoon__04,tool_prop,spoon,diagnostic_specificity_argmax,3,4,1,0,0.2857142857142857,0.0,0,0.2360462260046756,0.0,0.0,0.2860889920846246
spoon__04,tool_prop,spoon,actual_semantic_argmax,3,4,1,0,0.2857142857142857,0.0,0,0.23561825449987722,0.026629098430858172,0.1876882251640472,0.5627164466837286
spoon__04,tool_prop,spoon,after_direct_detail_gate,3,4,1,0,0.2857142857142857,0.0,0,0.2381335032017188,0.057750179827072416,0.36785058375967467,0.8077288753787143
spoon__04,tool_prop,spoon,after_cleanup,3,4,1,0,0.2857142857142857,0.0,0,0.23807420560105325,0.057680994243213254,0.36785058375967467,0.807935146005777
spoon__04,tool_prop,spoon,after_root_restoration,3,4,1,0,0.2857142857142857,0.0,0,0.23807420560105325,0.057680994243213254,0.36785058375967467,0.807935146005777
spoon__04,tool_prop,spoon,identity_supported_before_remainder,3,4,1,0,0.2857142857142857,0.0,0,0.23807420560105325,0.057680994243213254,0.36785058375967467,0.807935146005777
spoon__04,tool_prop,spoon,identity_plus_eligible_remainder,3,4,1,0,0.2857142857142857,0.0,0,0.23807420560105325,0.057680994243213254,0.36785058375967467,0.807935146005777
spoon__04,tool_prop,spoon,after_remainder_attachment_before_filter,3,4,1,0,0.2857142857142857,0.0,0,0.23807420560105325,0.057680994243213254,0.36785058375967467,0.807935146005777
spoon__04,tool_prop,spoon,final_hpid,3,4,1,0,0.2857142857142857,0.0,0,0.23807420560105325,0.057680994243213254,0.36785058375967467,0.807935146005777
spoon__04,tool_prop,spoon,final_dbscan,3,4,1,0,0.2857142857142857,0.0,0,0.23704800767043052,4.8118564142046e-05,0.0006596306068601583,0.29420959606154906
stool__01,furniture,stool,input_pool,17,3,2,1,0.2,0.1,17471,0.4025292182681759,0.23177778559564544,0.31770546890806567,0.8514398219851702
stool__01,furniture,stool,after_same_source_dedup,17,3,2,1,0.2,0.1,17471,0.4025292182681759,0.23177778559564544,0.31770546890806567,0.8514398219851702
stool__01,furniture,stool,after_instance_cap,17,3,2,1,0.2,0.1,17471,0.4025292182681759,0.23177778559564544,0.31770546890806567,0.8514398219851702
stool__01,furniture,stool,after_hierarchy_duplicate_filter,17,3,2,1,0.2,0.1,17471,0.4025292182681759,0.23177778559564544,0.31770546890806567,0.8514398219851702
stool__01,furniture,stool,diagnostic_consensus_argmax,8,3,0,0,0.0,0.0,0,0.07273739573812865,0.06329216113667555,0.08793180798564378,0.10518743662312235
stool__01,furniture,stool,diagnostic_parent_support_argmax,8,3,0,0,0.0,0.0,0,0.07094444151622865,0.06329216113667555,0.08793180798564378,0.10348809021789358
stool__01,furniture,stool,diagnostic_parent_residual_argmax,8,3,1,0,0.18181818181818182,0.0,0,0.111289049678973,0.02244074634392335,0.029946164199192462,0.14862670730444752
stool__01,furniture,stool,diagnostic_specificity_argmax,8,3,1,0,0.18181818181818182,0.0,0,0.11353952030138663,0.0568274431355116,0.0860251233737102,0.2175820992413928
stool__01,furniture,stool,actual_semantic_argmax,9,3,1,0,0.16666666666666666,0.0,0,0.14276301444618664,0.0735437660541395,0.11320446168597542,0.2826629365360053
stool__01,furniture,stool,after_direct_detail_gate,9,3,2,1,0.3333333333333333,0.16666666666666666,0,0.3414555853622918,0.09961315364309863,0.15765611942399213,0.5926591697991911
stool__01,furniture,stool,after_cleanup,9,3,2,1,0.3333333333333333,0.16666666666666666,0,0.3430869897350435,0.10041369383115932,0.15687101399554887,0.5912324205676605
stool__01,furniture,stool,after_root_restoration,9,3,2,1,0.3333333333333333,0.16666666666666666,0,0.3430869897350435,0.10041369383115932,0.15687101399554887,0.5912324205676605
stool__01,furniture,stool,identity_supported_before_remainder,15,3,2,1,0.2222222222222222,0.1111111111111111,0,0.35405343469685074,0.1260982761657052,0.15631022440380368,0.5904473151392172
stool__01,furniture,stool,identity_plus_eligible_remainder,15,3,2,1,0.2222222222222222,0.1111111111111111,0,0.35405343469685074,0.1260982761657052,0.15631022440380368,0.5904473151392172
stool__01,furniture,stool,after_remainder_attachment_before_filter,15,3,2,1,0.2222222222222222,0.1111111111111111,0,0.35405343469685074,0.1260982761657052,0.15631022440380368,0.5904473151392172
stool__01,furniture,stool,final_hpid,15,3,2,1,0.2222222222222222,0.1111111111111111,0,0.35405343469685074,0.1260982761657052,0.15631022440380368,0.5904473151392172
stool__01,furniture,stool,final_dbscan,10,3,2,0,0.3076923076923077,0.0,0,0.3129459100270015,0.06296486747507683,0.06905136392825412,0.8155004689069929
stool__02,furniture,stool,input_pool,12,3,1,1,0.13333333333333333,0.13333333333333333,2576,0.4305556902453729,0.23339095784697209,0.30497104549992865,0.5181015806330312
stool__02,furniture,stool,after_same_source_dedup,12,3,1,1,0.13333333333333333,0.13333333333333333,2576,0.4305556902453729,0.23339095784697209,0.30497104549992865,0.5181015806330312
stool__02,furniture,stool,after_instance_cap,12,3,1,1,0.13333333333333333,0.13333333333333333,2576,0.4305556902453729,0.23339095784697209,0.30497104549992865,0.5181015806330312
stool__02,furniture,stool,after_hierarchy_duplicate_filter,12,3,1,1,0.13333333333333333,0.13333333333333333,2576,0.4305556902453729,0.23339095784697209,0.30497104549992865,0.5181015806330312
stool__02,furniture,stool,diagnostic_consensus_argmax,3,3,1,0,0.3333333333333333,0.0,0,0.21253359913852346,0.0624361332515839,0.08575438596491229,0.3158356867779204
stool__02,furniture,stool,diagnostic_parent_support_argmax,2,3,1,0,0.4,0.0,0,0.21253359913852346,0.0624361332515839,0.08575438596491229,0.3158356867779204
stool__02,furniture,stool,diagnostic_parent_residual_argmax,2,3,1,0,0.4,0.0,0,0.19002241627423336,0.06546662380799315,0.08575438596491229,0.27626929111396376
stool__02,furniture,stool,diagnostic_specificity_argmax,2,3,1,1,0.4,0.4,0,0.22158401902384486,0.10328638497652581,0.14512280701754385,0.37466210241049774
stool__02,furniture,stool,actual_semantic_argmax,2,3,1,1,0.4,0.4,0,0.24529242091332323,0.09793427230046949,0.1463859649122807,0.43337783483097986
stool__02,furniture,stool,after_direct_detail_gate,3,3,1,1,0.3333333333333333,0.3333333333333333,0,0.24757851027004926,0.09873417721518989,0.14778947368421053,0.4380333761232349
stool__02,furniture,stool,after_cleanup,1,3,1,1,0.5,0.5,0,0.2476430509586951,0.09856781802864363,0.14778947368421053,0.43830437883326206
stool__02,furniture,stool,after_root_restoration,1,3,1,1,0.5,0.5,0,0.2476430509586951,0.09856781802864363,0.14778947368421053,0.43830437883326206
stool__02,furniture,stool,identity_supported_before_remainder,3,3,1,0,0.3333333333333333,0.0,0,0.3635479538547151,0.0774902615470228,0.14778947368421053,0.4380333761232349
stool__02,furniture,stool,identity_plus_eligible_remainder,3,3,1,0,0.3333333333333333,0.0,0,0.3635479538547151,0.0774902615470228,0.14778947368421053,0.4380333761232349
stool__02,furniture,stool,after_remainder_attachment_before_filter,3,3,1,0,0.3333333333333333,0.0,0,0.3635479538547151,0.0774902615470228,0.14778947368421053,0.4380333761232349
stool__02,furniture,stool,final_hpid,3,3,1,0,0.3333333333333333,0.0,0,0.3635479538547151,0.0774902615470228,0.14778947368421053,0.4380333761232349
stool__02,furniture,stool,final_dbscan,7,3,1,0,0.2,0.0,0,0.409077992249197,0.07627000695894225,0.1463859649122807,0.5054078136953618
stool__03,furniture,stool,input_pool,11,3,2,1,0.2857142857142857,0.14285714285714285,4596,0.42728988671033413,0.1288382825472817,0.18869247785415985,0.5873064441138721
stool__03,furniture,stool,after_same_source_dedup,11,3,2,1,0.2857142857142857,0.14285714285714285,4596,0.42728988671033413,0.1288382825472817,0.18869247785415985,0.5873064441138721
stool__03,furniture,stool,after_instance_cap,11,3,2,1,0.2857142857142857,0.14285714285714285,4596,0.42728988671033413,0.1288382825472817,0.18869247785415985,0.5873064441138721
stool__03,furniture,stool,after_hierarchy_duplicate_filter,11,3,2,1,0.2857142857142857,0.14285714285714285,4596,0.42728988671033413,0.1288382825472817,0.18869247785415985,0.5873064441138721
stool__03,furniture,stool,diagnostic_consensus_argmax,3,3,1,0,0.3333333333333333,0.0,0,0.2201720919285054,0.07226733792224892,0.08257100060510471,0.303518792707258
stool__03,furniture,stool,diagnostic_parent_support_argmax,3,3,0,0,0.0,0.0,0,0.07347326606952881,0.061026948693077517,0.06272158239839697,0.140379331210507
stool__03,furniture,stool,diagnostic_parent_residual_argmax,3,3,0,0,0.0,0.0,0,0.0823348284469636,0.05172454417023747,0.05267327321965301,0.140379331210507
stool__03,furniture,stool,diagnostic_specificity_argmax,3,3,2,0,0.6666666666666666,0.0,0,0.29949327853819135,0.060283434499596604,0.06229086688688509,0.5089483545648174
stool__03,furniture,stool,actual_semantic_argmax,3,3,2,0,0.6666666666666666,0.0,0,0.30605444949536303,0.06092740312136666,0.06321280838020416,0.5092905859132089
stool__03,furniture,stool,after_direct_detail_gate,3,3,2,0,0.6666666666666666,0.0,0,0.30605444949536303,0.06092740312136666,0.06321280838020416,0.5092905859132089
stool__03,furniture,stool,after_cleanup,3,3,2,0,0.6666666666666666,0.0,0,0.30616702444077853,0.059858156028368796,0.061159420289855077,0.5025485265758456
stool__03,furniture,stool,after_root_restoration,3,3,2,0,0.6666666666666666,0.0,0,0.30656569652710625,0.06053708305891545,0.06252834568342112,0.5094838226281847
stool__03,furniture,stool,identity_supported_before_remainder,7,3,2,0,0.4,0.0,0,0.25374710758101376,0.05264368607975694,0.06252834568342112,0.5092905859132089
stool__03,furniture,stool,identity_plus_eligible_remainder,7,3,2,0,0.4,0.0,0,0.25374710758101376,0.05264368607975694,0.06252834568342112,0.5092905859132089
stool__03,furniture,stool,after_remainder_attachment_before_filter,7,3,2,0,0.4,0.0,0,0.25374710758101376,0.05264368607975694,0.06252834568342112,0.5092905859132089
stool__03,furniture,stool,final_hpid,6,3,2,0,0.4444444444444444,0.0,0,0.25374710758101376,0.051274760686190884,0.061159420289855077,0.5079216605196428
stool__03,furniture,stool,final_dbscan,5,3,1,0,0.25,0.0,0,0.25644281567029975,0.07798088804076829,0.0995137338928072,0.32485699006723917
stool__04,furniture,stool,input_pool,1,3,1,0,0.5,0.0,0,0.13476796835334728,0.0,0.0,0.1945127439270972
stool__04,furniture,stool,after_same_source_dedup,1,3,1,0,0.5,0.0,0,0.13476796835334728,0.0,0.0,0.1945127439270972
stool__04,furniture,stool,after_instance_cap,1,3,1,0,0.5,0.0,0,0.13476796835334728,0.0,0.0,0.1945127439270972
stool__04,furniture,stool,after_hierarchy_duplicate_filter,1,3,1,0,0.5,0.0,0,0.13476796835334728,0.0,0.0,0.1945127439270972
stool__04,furniture,stool,diagnostic_consensus_argmax,0,3,0,0,0.0,0.0,0,0.0,0.0,0.0,0.0
stool__04,furniture,stool,diagnostic_parent_support_argmax,0,3,0,0,0.0,0.0,0,0.0,0.0,0.0,0.0
stool__04,furniture,stool,diagnostic_parent_residual_argmax,1,3,1,0,0.5,0.0,0,0.13359110821476414,0.0,0.0,0.19073175149012775
stool__04,furniture,stool,diagnostic_specificity_argmax,1,3,1,0,0.5,0.0,0,0.13359110821476414,0.0,0.0,0.19073175149012775
stool__04,furniture,stool,actual_semantic_argmax,1,3,1,0,0.5,0.0,0,0.13435514338444957,0.0,0.0,0.19197902308351722
stool__04,furniture,stool,after_direct_detail_gate,1,3,1,0,0.5,0.0,0,0.13435514338444957,0.0,0.0,0.19197902308351722
stool__04,furniture,stool,after_cleanup,1,3,1,0,0.5,0.0,0,0.13435514338444957,0.0,0.0,0.19197902308351722
stool__04,furniture,stool,after_root_restoration,1,3,1,0,0.5,0.0,0,0.13435514338444957,0.0,0.0,0.19197902308351722
stool__04,furniture,stool,identity_supported_before_remainder,1,3,1,0,0.5,0.0,0,0.13435514338444957,0.0,0.0,0.19197902308351722
stool__04,furniture,stool,identity_plus_eligible_remainder,1,3,1,0,0.5,0.0,0,0.13435514338444957,0.0,0.0,0.19197902308351722
stool__04,furniture,stool,after_remainder_attachment_before_filter,1,3,1,0,0.5,0.0,0,0.13435514338444957,0.0,0.0,0.19197902308351722
stool__04,furniture,stool,final_hpid,1,3,1,0,0.5,0.0,0,0.13435514338444957,0.0,0.0,0.19197902308351722
stool__04,furniture,stool,final_dbscan,1,3,1,0,0.5,0.0,0,0.13476796835334728,0.0,0.0,0.1945127439270972
sweater__01,daily_object,sweater,input_pool,15,7,2,0,0.18181818181818182,0.0,66875,0.23756361953377184,0.0,0.0,0.9609812979327798
sweater__01,daily_object,sweater,after_same_source_dedup,15,7,2,0,0.18181818181818182,0.0,66875,0.23756361953377184,0.0,0.0,0.9609812979327798
sweater__01,daily_object,sweater,after_instance_cap,15,7,2,0,0.18181818181818182,0.0,66875,0.23756361953377184,0.0,0.0,0.9609812979327798
sweater__01,daily_object,sweater,after_hierarchy_duplicate_filter,15,7,2,0,0.18181818181818182,0.0,66875,0.23756361953377184,0.0,0.0,0.9609812979327798
sweater__01,daily_object,sweater,diagnostic_consensus_argmax,7,7,1,0,0.14285714285714285,0.0,0,0.10439000387931649,0.0,0.0,0.9609812979327798
sweater__01,daily_object,sweater,diagnostic_parent_support_argmax,7,7,1,0,0.14285714285714285,0.0,0,0.10439000387931649,0.0,0.0,0.9609812979327798
sweater__01,daily_object,sweater,diagnostic_parent_residual_argmax,10,7,3,0,0.35294117647058826,0.0,0,0.25441645816124137,0.0,0.0,0.9609812979327798
sweater__01,daily_object,sweater,diagnostic_specificity_argmax,10,7,3,0,0.35294117647058826,0.0,0,0.25666168202940226,0.0,0.0,0.9609812979327798
sweater__01,daily_object,sweater,actual_semantic_argmax,10,7,3,0,0.35294117647058826,0.0,0,0.2582087278923634,0.0,0.0,0.9609812979327798
sweater__01,daily_object,sweater,after_direct_detail_gate,10,7,3,0,0.35294117647058826,0.0,0,0.2590515391882903,0.0,0.0,0.9609812979327798
sweater__01,daily_object,sweater,after_cleanup,10,7,3,0,0.35294117647058826,0.0,0,0.2591590348598715,0.0,0.0,0.9608625912176805
sweater__01,daily_object,sweater,after_root_restoration,10,7,3,0,0.35294117647058826,0.0,0,0.2591121394036206,0.0,0.0,0.9609812979327798
sweater__01,daily_object,sweater,identity_supported_before_remainder,12,7,4,0,0.42105263157894735,0.0,0,0.26837788846788957,0.0,0.0,0.9609466742917576
sweater__01,daily_object,sweater,identity_plus_eligible_remainder,12,7,4,0,0.42105263157894735,0.0,0,0.26837788846788957,0.0,0.0,0.9609466742917576
sweater__01,daily_object,sweater,after_remainder_attachment_before_filter,12,7,4,0,0.42105263157894735,0.0,0,0.26837788846788957,0.0,0.0,0.9609466742917576
sweater__01,daily_object,sweater,final_hpid,12,7,4,0,0.42105263157894735,0.0,0,0.26837788846788957,0.0,0.0,0.9609466742917576
sweater__01,daily_object,sweater,final_dbscan,11,7,3,0,0.3333333333333333,0.0,0,0.22985103304046106,0.0,0.0,0.9609812979327798
sweater__02,daily_object,sweater,input_pool,10,7,0,0,0.0,0.0,61228,0.06943449439873173,0.0,0.0,0.6878369875409158
sweater__02,daily_object,sweater,after_same_source_dedup,10,7,0,0,0.0,0.0,61228,0.06943449439873173,0.0,0.0,0.6878369875409158
sweater__02,daily_object,sweater,after_instance_cap,10,7,0,0,0.0,0.0,61228,0.06943449439873173,0.0,0.0,0.6878369875409158
sweater__02,daily_object,sweater,after_hierarchy_duplicate_filter,10,7,0,0,0.0,0.0,61228,0.06943449439873173,0.0,0.0,0.6878369875409158
sweater__02,daily_object,sweater,diagnostic_consensus_argmax,4,7,1,0,0.18181818181818182,0.0,0,0.10184233222003992,0.0,0.0,0.6878369875409158
sweater__02,daily_object,sweater,diagnostic_parent_support_argmax,4,7,1,0,0.18181818181818182,0.0,0,0.10184233222003992,0.0,0.0,0.6878369875409158
sweater__02,daily_object,sweater,diagnostic_parent_residual_argmax,6,7,1,0,0.15384615384615385,0.0,0,0.12896334900964665,0.0,0.0,0.6878369875409158
sweater__02,daily_object,sweater,diagnostic_specificity_argmax,6,7,1,0,0.15384615384615385,0.0,0,0.13115009605371675,0.0,0.0,0.6878369875409158
sweater__02,daily_object,sweater,actual_semantic_argmax,6,7,1,0,0.15384615384615385,0.0,0,0.13128032465504877,0.0,0.0,0.6878369875409158
sweater__02,daily_object,sweater,after_direct_detail_gate,6,7,1,0,0.15384615384615385,0.0,0,0.13128032465504877,0.0,0.0,0.6878369875409158
sweater__02,daily_object,sweater,after_cleanup,5,7,1,0,0.16666666666666666,0.0,0,0.13130364316712384,0.0,0.0,0.6878111029344913
sweater__02,daily_object,sweater,after_root_restoration,5,7,1,0,0.16666666666666666,0.0,0,0.13125662747022432,0.0,0.0,0.6878369875409158
sweater__02,daily_object,sweater,identity_supported_before_remainder,6,7,1,0,0.15384615384615385,0.0,0,0.13125662747022432,0.0,0.0,0.6878369875409158
sweater__02,daily_object,sweater,identity_plus_eligible_remainder,6,7,1,0,0.15384615384615385,0.0,0,0.13125662747022432,0.0,0.0,0.6878369875409158
sweater__02,daily_object,sweater,after_remainder_attachment_before_filter,6,7,1,0,0.15384615384615385,0.0,0,0.13125662747022432,0.0,0.0,0.6878369875409158
sweater__02,daily_object,sweater,final_hpid,6,7,1,0,0.15384615384615385,0.0,0,0.13125662747022432,0.0,0.0,0.6878369875409158
sweater__02,daily_object,sweater,final_dbscan,5,7,1,0,0.16666666666666666,0.0,0,0.1268050069562707,0.0,0.0,0.6878369875409158
sweater__03,daily_object,sweater,input_pool,2,7,0,0,0.0,0.0,1024,0.0006317254733645234,0.0,0.0,0.0008139189783548399
sweater__03,daily_object,sweater,after_same_source_dedup,2,7,0,0,0.0,0.0,1024,0.0006317254733645234,0.0,0.0,0.0008139189783548399
sweater__03,daily_object,sweater,after_instance_cap,2,7,0,0,0.0,0.0,1024,0.0006317254733645234,0.0,0.0,0.0008139189783548399
sweater__03,daily_object,sweater,after_hierarchy_duplicate_filter,2,7,0,0,0.0,0.0,1024,0.0006317254733645234,0.0,0.0,0.0008139189783548399
sweater__03,daily_object,sweater,diagnostic_consensus_argmax,1,7,0,0,0.0,0.0,0,0.0006317254733645234,0.0,0.0,0.0008139189783548399
sweater__03,daily_object,sweater,diagnostic_parent_support_argmax,1,7,0,0,0.0,0.0,0,0.0006317254733645234,0.0,0.0,0.0008139189783548399
sweater__03,daily_object,sweater,diagnostic_parent_residual_argmax,2,7,0,0,0.0,0.0,0,0.0006167044731522476,0.0,0.0,0.0008139189783548399
sweater__03,daily_object,sweater,diagnostic_specificity_argmax,2,7,0,0,0.0,0.0,0,0.0006167044731522476,0.0,0.0,0.0008139189783548399
sweater__03,daily_object,sweater,actual_semantic_argmax,2,7,0,0,0.0,0.0,0,0.0006179712946756012,0.0,0.0,0.0008139189783548399
sweater__03,daily_object,sweater,after_direct_detail_gate,2,7,0,0,0.0,0.0,0,0.0006205765492003541,0.0,0.0,0.0008139189783548399
sweater__03,daily_object,sweater,after_cleanup,2,7,0,0,0.0,0.0,0,0.0006205765492003541,0.0,0.0,0.0008139189783548399
sweater__03,daily_object,sweater,after_root_restoration,2,7,0,0,0.0,0.0,0,0.0006205765492003541,0.0,0.0,0.0008139189783548399
sweater__03,daily_object,sweater,identity_supported_before_remainder,2,7,0,0,0.0,0.0,0,0.0006205765492003541,0.0,0.0,0.0008139189783548399
sweater__03,daily_object,sweater,identity_plus_eligible_remainder,2,7,0,0,0.0,0.0,0,0.0006205765492003541,0.0,0.0,0.0008139189783548399
sweater__03,daily_object,sweater,after_remainder_attachment_before_filter,2,7,0,0,0.0,0.0,0,0.0006205765492003541,0.0,0.0,0.0008139189783548399
sweater__03,daily_object,sweater,final_hpid,2,7,0,0,0.0,0.0,0,0.0006205765492003541,0.0,0.0,0.0008139189783548399
sweater__03,daily_object,sweater,final_dbscan,2,7,0,0,0.0,0.0,0,0.00038904981732353603,0.0,0.0,0.0008139189783548399
sweater__04,daily_object,sweater,input_pool,6,7,3,1,0.46153846153846156,0.15384615384615385,48492,0.21789942736013948,0.08026156525256169,0.20508621202980493,0.8993120280349053
sweater__04,daily_object,sweater,after_same_source_dedup,6,7,3,1,0.46153846153846156,0.15384615384615385,48492,0.21789942736013948,0.08026156525256169,0.20508621202980493,0.8993120280349053
sweater__04,daily_object,sweater,after_instance_cap,6,7,3,1,0.46153846153846156,0.15384615384615385,48492,0.21789942736013948,0.08026156525256169,0.20508621202980493,0.8993120280349053
sweater__04,daily_object,sweater,after_hierarchy_duplicate_filter,6,7,3,1,0.46153846153846156,0.15384615384615385,48492,0.21789942736013948,0.08026156525256169,0.20508621202980493,0.8993120280349053
sweater__04,daily_object,sweater,diagnostic_consensus_argmax,2,7,1,1,0.2222222222222222,0.2222222222222222,0,0.1740046887961316,0.04738849843315226,0.13652667075413857,0.8993120280349053
sweater__04,daily_object,sweater,diagnostic_parent_support_argmax,2,7,1,1,0.2222222222222222,0.2222222222222222,0,0.1393139964191253,0.04560536533709848,0.1386266094420601,0.8993120280349053
sweater__04,daily_object,sweater,diagnostic_parent_residual_argmax,3,7,2,0,0.4,0.0,0,0.20408485803932877,0.023550557619556732,0.06270214821716968,0.8993120280349053
sweater__04,daily_object,sweater,diagnostic_specificity_argmax,3,7,1,0,0.2,0.0,0,0.178446729960903,0.04627609315719354,0.10094191067520313,0.8993120280349053
sweater__04,daily_object,sweater,actual_semantic_argmax,4,7,2,0,0.36363636363636365,0.0,0,0.1832309807824719,0.0433526987679007,0.09472754365458227,0.8993120280349053
sweater__04,daily_object,sweater,after_direct_detail_gate,5,7,2,0,0.3333333333333333,0.0,0,0.186654133637227,0.04058447845877596,0.0881481858489829,0.8993120280349053
sweater__04,daily_object,sweater,after_cleanup,5,7,2,0,0.3333333333333333,0.0,0,0.18667733998850386,0.040626481802196794,0.08806332862126853,0.8988760889671754
sweater__04,daily_object,sweater,after_root_restoration,5,7,2,0,0.3333333333333333,0.0,0,0.18666117734797213,0.040609226399602585,0.08806332862126853,0.8993120280349053
sweater__04,daily_object,sweater,identity_supported_before_remainder,6,7,2,0,0.3076923076923077,0.0,0,0.20274349352651594,0.053738322232533206,0.08806332862126853,0.8993120280349053
sweater__04,daily_object,sweater,identity_plus_eligible_remainder,6,7,2,0,0.3076923076923077,0.0,0,0.20274349352651594,0.053738322232533206,0.08806332862126853,0.8993120280349053
sweater__04,daily_object,sweater,after_remainder_attachment_before_filter,6,7,2,0,0.3076923076923077,0.0,0,0.20274349352651594,0.053738322232533206,0.08806332862126853,0.8993120280349053
sweater__04,daily_object,sweater,final_hpid,6,7,2,0,0.3076923076923077,0.0,0,0.20274349352651594,0.053738322232533206,0.08806332862126853,0.8993120280349053
sweater__04,daily_object,sweater,final_dbscan,5,7,3,1,0.5,0.16666666666666666,0,0.24975928640257464,0.07554253526777428,0.13159942490108031,0.8993120280349053
table__01,furniture,table,input_pool,13,5,3,3,0.3333333333333333,0.3333333333333333,8372,0.3961336795212047,0.36934764670707737,0.5416251646586159,0.7558289651684531
table__01,furniture,table,after_same_source_dedup,13,5,3,3,0.3333333333333333,0.3333333333333333,8372,0.3961336795212047,0.36934764670707737,0.5416251646586159,0.7558289651684531
table__01,furniture,table,after_instance_cap,13,5,3,3,0.3333333333333333,0.3333333333333333,8372,0.3961336795212047,0.36934764670707737,0.5416251646586159,0.7558289651684531
table__01,furniture,table,after_hierarchy_duplicate_filter,13,5,3,3,0.3333333333333333,0.3333333333333333,8372,0.3961336795212047,0.36934764670707737,0.5416251646586159,0.7558289651684531
table__01,furniture,table,diagnostic_consensus_argmax,4,5,3,3,0.6666666666666666,0.6666666666666666,0,0.2922780745775097,0.28901305159783186,0.3181568638678926,0.38376927661610144
table__01,furniture,table,diagnostic_parent_support_argmax,4,5,3,3,0.6666666666666666,0.6666666666666666,0,0.2922780745775097,0.28901305159783186,0.3181568638678926,0.38376927661610144
table__01,furniture,table,diagnostic_parent_residual_argmax,3,5,3,2,0.75,0.5,0,0.2795496544215386,0.22538192767852352,0.23637908609011485,0.29697001809957846
table__01,furniture,table,diagnostic_specificity_argmax,4,5,2,1,0.4444444444444444,0.2222222222222222,0,0.20872074760660592,0.1539879415382302,0.32632929859770443,0.4924223485770744
table__01,furniture,table,actual_semantic_argmax,4,5,2,1,0.4444444444444444,0.2222222222222222,0,0.245981232626522,0.1973101736760085,0.3798418354547735,0.6284673923567918
table__01,furniture,table,after_direct_detail_gate,5,5,2,1,0.4,0.2,0,0.27740431168376106,0.23318757933925802,0.4208770428178251,0.675997503758702
table__01,furniture,table,after_cleanup,4,5,2,1,0.4444444444444444,0.2222222222222222,0,0.2774019294758686,0.23255604239994604,0.42066180662354713,0.676111331658458
table__01,furniture,table,after_root_restoration,4,5,2,1,0.4444444444444444,0.2222222222222222,0,0.27738005003160654,0.2325341629556839,0.42066180662354713,0.6762594798066062
table__01,furniture,table,identity_supported_before_remainder,8,5,3,2,0.46153846153846156,0.3076923076923077,0,0.357664971583812,0.3073405344337564,0.42017993702940204,0.6757401850627607
table__01,furniture,table,identity_plus_eligible_remainder,8,5,3,2,0.46153846153846156,0.3076923076923077,0,0.357664971583812,0.3073405344337564,0.42017993702940204,0.6757401850627607
table__01,furniture,table,after_remainder_attachment_before_filter,8,5,3,2,0.46153846153846156,0.3076923076923077,0,0.357664971583812,0.3073405344337564,0.42017993702940204,0.6757401850627607
table__01,furniture,table,final_hpid,8,5,3,2,0.46153846153846156,0.3076923076923077,0,0.357664971583812,0.3073405344337564,0.42017993702940204,0.6757401850627607
table__01,furniture,table,final_dbscan,5,5,2,1,0.4,0.2,0,0.223048422613401,0.14246042466956976,0.31561008764254883,0.5027945104318545
table__02,furniture,table,input_pool,11,4,0,0,0.0,0.0,31936,0.0,0.0,0.0,0.0
table__02,furniture,table,after_same_source_dedup,11,4,0,0,0.0,0.0,31936,0.0,0.0,0.0,0.0
table__02,furniture,table,after_instance_cap,11,4,0,0,0.0,0.0,31936,0.0,0.0,0.0,0.0
table__02,furniture,table,after_hierarchy_duplicate_filter,11,4,0,0,0.0,0.0,31936,0.0,0.0,0.0,0.0
table__02,furniture,table,diagnostic_consensus_argmax,6,4,0,0,0.0,0.0,0,0.0,0.0,0.0,0.0
table__02,furniture,table,diagnostic_parent_support_argmax,6,4,0,0,0.0,0.0,0,0.0,0.0,0.0,0.0
table__02,furniture,table,diagnostic_parent_residual_argmax,6,4,0,0,0.0,0.0,0,0.0,0.0,0.0,0.0
table__02,furniture,table,diagnostic_specificity_argmax,7,4,0,0,0.0,0.0,0,0.0,0.0,0.0,0.0
table__02,furniture,table,actual_semantic_argmax,8,4,0,0,0.0,0.0,0,0.0,0.0,0.0,0.0
table__02,furniture,table,after_direct_detail_gate,9,4,0,0,0.0,0.0,0,0.0,0.0,0.0,0.0
table__02,furniture,table,after_cleanup,8,4,0,0,0.0,0.0,0,0.0,0.0,0.0,0.0
table__02,furniture,table,after_root_restoration,8,4,0,0,0.0,0.0,0,0.0,0.0,0.0,0.0
table__02,furniture,table,identity_supported_before_remainder,9,4,0,0,0.0,0.0,0,0.0,0.0,0.0,0.0
table__02,furniture,table,identity_plus_eligible_remainder,9,4,0,0,0.0,0.0,0,0.0,0.0,0.0,0.0
table__02,furniture,table,after_remainder_attachment_before_filter,9,4,0,0,0.0,0.0,0,0.0,0.0,0.0,0.0
table__02,furniture,table,final_hpid,9,4,0,0,0.0,0.0,0,0.0,0.0,0.0,0.0
table__02,furniture,table,final_dbscan,8,4,0,0,0.0,0.0,0,0.0,0.0,0.0,0.0
table__03,furniture,table,input_pool,0,2,0,0,0.0,0.0,0,0.0,0.0,0.0,0.0
table__03,furniture,table,after_same_source_dedup,0,2,0,0,0.0,0.0,0,0.0,0.0,0.0,0.0
table__03,furniture,table,after_instance_cap,0,2,0,0,0.0,0.0,0,0.0,0.0,0.0,0.0
table__03,furniture,table,after_hierarchy_duplicate_filter,0,2,0,0,0.0,0.0,0,0.0,0.0,0.0,0.0
table__03,furniture,table,diagnostic_consensus_argmax,0,2,0,0,0.0,0.0,0,0.0,0.0,0.0,0.0
table__03,furniture,table,diagnostic_parent_support_argmax,0,2,0,0,0.0,0.0,0,0.0,0.0,0.0,0.0
table__03,furniture,table,diagnostic_parent_residual_argmax,0,2,0,0,0.0,0.0,0,0.0,0.0,0.0,0.0
table__03,furniture,table,diagnostic_specificity_argmax,0,2,0,0,0.0,0.0,0,0.0,0.0,0.0,0.0
table__03,furniture,table,actual_semantic_argmax,0,2,0,0,0.0,0.0,0,0.0,0.0,0.0,0.0
table__03,furniture,table,after_direct_detail_gate,0,2,0,0,0.0,0.0,0,0.0,0.0,0.0,0.0
table__03,furniture,table,after_cleanup,0,2,0,0,0.0,0.0,0,0.0,0.0,0.0,0.0
table__03,furniture,table,after_root_restoration,0,2,0,0,0.0,0.0,0,0.0,0.0,0.0,0.0
table__03,furniture,table,identity_supported_before_remainder,0,2,0,0,0.0,0.0,0,0.0,0.0,0.0,0.0
table__03,furniture,table,identity_plus_eligible_remainder,0,2,0,0,0.0,0.0,0,0.0,0.0,0.0,0.0
table__03,furniture,table,after_remainder_attachment_before_filter,0,2,0,0,0.0,0.0,0,0.0,0.0,0.0,0.0
table__03,furniture,table,final_hpid,0,2,0,0,0.0,0.0,0,0.0,0.0,0.0,0.0
table__03,furniture,table,final_dbscan,0,2,0,0,0.0,0.0,0,0.0,0.0,0.0,0.0
table__04,furniture,table,input_pool,9,4,4,1,0.6153846153846154,0.15384615384615385,11677,0.6910683633536205,0.1775793650793651,0.19060967063770148,0.8107376100794799
table__04,furniture,table,after_same_source_dedup,9,4,4,1,0.6153846153846154,0.15384615384615385,11677,0.6910683633536205,0.1775793650793651,0.19060967063770148,0.8107376100794799
table__04,furniture,table,after_instance_cap,9,4,4,1,0.6153846153846154,0.15384615384615385,11677,0.6910683633536205,0.1775793650793651,0.19060967063770148,0.8107376100794799
table__04,furniture,table,after_hierarchy_duplicate_filter,9,4,4,1,0.6153846153846154,0.15384615384615385,11677,0.6910683633536205,0.1775793650793651,0.19060967063770148,0.8107376100794799
table__04,furniture,table,diagnostic_consensus_argmax,1,4,1,1,0.4,0.4,0,0.15566713246658204,0.11812725090036015,0.1723896285914506,0.2232844576369083
table__04,furniture,table,diagnostic_parent_support_argmax,1,4,1,1,0.4,0.4,0,0.15566713246658204,0.11812725090036015,0.1723896285914506,0.2232844576369083
table__04,furniture,table,diagnostic_parent_residual_argmax,1,4,1,1,0.4,0.4,0,0.15540561682981563,0.12145149345840534,0.1723896285914506,0.2184226357331212
table__04,furniture,table,diagnostic_specificity_argmax,4,4,2,0,0.5,0.0,0,0.29845619696003295,0.06119318181818182,0.18868255080588647,0.5371082217241205
table__04,furniture,table,actual_semantic_argmax,6,4,2,0,0.4,0.0,0,0.2985317958904385,0.06122100954979536,0.18868255080588647,0.538239955540327
table__04,furniture,table,after_direct_detail_gate,6,4,2,0,0.4,0.0,0,0.3150948682994184,0.06167237442922374,0.18929572529782762,0.5742861912308433
table__04,furniture,table,after_cleanup,6,4,2,0,0.4,0.0,0,0.3151028499097881,0.06167237442922374,0.18929572529782762,0.5742861912308433
table__04,furniture,table,after_root_restoration,6,4,2,0,0.4,0.0,0,0.3151028499097881,0.06167237442922374,0.18929572529782762,0.5742861912308433
table__04,furniture,table,identity_supported_before_remainder,6,4,2,0,0.4,0.0,0,0.3151028499097881,0.06167237442922374,0.18929572529782762,0.5742861912308433
table__04,furniture,table,identity_plus_eligible_remainder,6,4,2,0,0.4,0.0,0,0.3151028499097881,0.06167237442922374,0.18929572529782762,0.5742861912308433
table__04,furniture,table,after_remainder_attachment_before_filter,6,4,2,0,0.4,0.0,0,0.3151028499097881,0.06167237442922374,0.18929572529782762,0.5742861912308433
table__04,furniture,table,final_hpid,6,4,2,0,0.4,0.0,0,0.3151028499097881,0.06167237442922374,0.18929572529782762,0.5742861912308433
table__04,furniture,table,final_dbscan,6,4,3,1,0.6,0.2,0,0.48325808380687135,0.06326084387188276,0.1875437981779958,0.7731605044297485
telephone__01,device,telephone,input_pool,18,4,4,2,0.36363636363636365,0.18181818181818182,2595,0.80764339391372,0.41891258882637616,0.5806156138368781,0.9832626849558646
telephone__01,device,telephone,after_same_source_dedup,18,4,4,2,0.36363636363636365,0.18181818181818182,2595,0.80764339391372,0.41891258882637616,0.5806156138368781,0.9832626849558646
telephone__01,device,telephone,after_instance_cap,18,4,4,2,0.36363636363636365,0.18181818181818182,2595,0.80764339391372,0.41891258882637616,0.5806156138368781,0.9832626849558646
telephone__01,device,telephone,after_hierarchy_duplicate_filter,18,4,4,2,0.36363636363636365,0.18181818181818182,2595,0.80764339391372,0.41891258882637616,0.5806156138368781,0.9832626849558646
telephone__01,device,telephone,diagnostic_consensus_argmax,1,4,0,0,0.0,0.0,0,0.0,0.0,0.0,0.0
telephone__01,device,telephone,diagnostic_parent_support_argmax,1,4,0,0,0.0,0.0,0,0.0,0.0,0.0,0.0
telephone__01,device,telephone,diagnostic_parent_residual_argmax,2,4,1,0,0.3333333333333333,0.0,0,0.2142106645652745,0.0,0.0,0.21507498026835042
telephone__01,device,telephone,diagnostic_specificity_argmax,5,4,2,1,0.4444444444444444,0.2222222222222222,0,0.3312548138258405,0.07962794918330308,0.09246575342465753,0.48721687329867347
telephone__01,device,telephone,actual_semantic_argmax,6,4,2,1,0.4,0.2,0,0.3416587429273269,0.08568174257654869,0.09874654160199743,0.5064502921883864
telephone__01,device,telephone,after_direct_detail_gate,6,4,3,1,0.6,0.2,0,0.5118036357339025,0.09326837852655212,0.10915294554288413,0.7638088712261354
telephone__01,device,telephone,after_cleanup,6,4,3,1,0.6,0.2,0,0.5145736779835166,0.08961130321196281,0.10414767683898529,0.7617527789952674
telephone__01,device,telephone,after_root_restoration,6,4,3,1,0.6,0.2,0,0.5145736779835166,0.08961130321196281,0.10414767683898529,0.7617527789952674
telephone__01,device,telephone,identity_supported_before_remainder,11,4,3,0,0.4,0.0,0,0.5145989212384109,0.033568191489337915,0.10414767683898529,0.7613833208671886
telephone__01,device,telephone,identity_plus_eligible_remainder,11,4,3,0,0.4,0.0,0,0.5145989212384109,0.033568191489337915,0.10414767683898529,0.7613833208671886
telephone__01,device,telephone,after_remainder_attachment_before_filter,11,4,3,0,0.4,0.0,0,0.5145989212384109,0.033568191489337915,0.10414767683898529,0.7613833208671886
telephone__01,device,telephone,final_hpid,11,4,3,0,0.4,0.0,0,0.5145989212384109,0.033568191489337915,0.10414767683898529,0.7613833208671886
telephone__01,device,telephone,final_dbscan,3,4,2,1,0.5714285714285714,0.2857142857142857,0,0.4770428082983415,0.17077464788732394,0.23891625615763548,0.9832626849558646
telephone__02,device,telephone,input_pool,5,4,1,0,0.2222222222222222,0.0,129,0.1359249046402362,0.027200700977679397,0.03227667493796526,0.19305785497028424
telephone__02,device,telephone,after_same_source_dedup,5,4,1,0,0.2222222222222222,0.0,129,0.1359249046402362,0.027200700977679397,0.03227667493796526,0.19305785497028424
telephone__02,device,telephone,after_instance_cap,5,4,1,0,0.2222222222222222,0.0,129,0.1359249046402362,0.027200700977679397,0.03227667493796526,0.19305785497028424
telephone__02,device,telephone,after_hierarchy_duplicate_filter,5,4,1,0,0.2222222222222222,0.0,129,0.1359249046402362,0.027200700977679397,0.03227667493796526,0.19305785497028424
telephone__02,device,telephone,diagnostic_consensus_argmax,1,4,0,0,0.0,0.0,0,0.005479669631512071,0.005479669631512071,0.005564516129032258,0.005564516129032258
telephone__02,device,telephone,diagnostic_parent_support_argmax,1,4,0,0,0.0,0.0,0,0.005479669631512071,0.005479669631512071,0.005564516129032258,0.005564516129032258
telephone__02,device,telephone,diagnostic_parent_residual_argmax,1,4,0,0,0.0,0.0,0,0.005479669631512071,0.005479669631512071,0.005564516129032258,0.005564516129032258
telephone__02,device,telephone,diagnostic_specificity_argmax,2,4,1,0,0.3333333333333333,0.0,0,0.12625515534535092,0.005479669631512071,0.005564516129032258,0.17302908206170753
telephone__02,device,telephone,actual_semantic_argmax,2,4,1,0,0.3333333333333333,0.0,0,0.12987209800994928,0.009096612296110414,0.00935483870967742,0.17681940464235268
telephone__02,device,telephone,after_direct_detail_gate,3,4,1,0,0.2857142857142857,0.0,0,0.13018149557647168,0.016051440229763188,0.01746208988144472,0.1846261720028161
telephone__02,device,telephone,after_cleanup,3,4,1,0,0.2857142857142857,0.0,0,0.1302053687511056,0.016051440229763188,0.01746208988144472,0.18469735651306668
telephone__02,device,telephone,after_root_restoration,3,4,1,0,0.2857142857142857,0.0,0,0.1302053687511056,0.016051440229763188,0.01746208988144472,0.18469735651306668
telephone__02,device,telephone,identity_supported_before_remainder,4,4,1,0,0.25,0.0,0,0.13018149557647168,0.015653228652081862,0.01746208988144472,0.1846261720028161
telephone__02,device,telephone,identity_plus_eligible_remainder,4,4,1,0,0.25,0.0,0,0.13018149557647168,0.015653228652081862,0.01746208988144472,0.1846261720028161
telephone__02,device,telephone,after_remainder_attachment_before_filter,4,4,1,0,0.25,0.0,0,0.13018149557647168,0.015653228652081862,0.01746208988144472,0.1846261720028161
telephone__02,device,telephone,final_hpid,4,4,1,0,0.25,0.0,0,0.13018149557647168,0.015653228652081862,0.01746208988144472,0.1846261720028161
telephone__02,device,telephone,final_dbscan,5,4,1,0,0.2222222222222222,0.0,0,0.134608821150765,0.018311812088790506,0.023387786049076372,0.19305785497028424
telephone__03,device,telephone,input_pool,19,4,3,2,0.2608695652173913,0.17391304347826086,7313,0.5713302391886476,0.41393420942641823,0.5585387174793767,0.9904997007299418
telephone__03,device,telephone,after_same_source_dedup,19,4,3,2,0.2608695652173913,0.17391304347826086,7313,0.5713302391886476,0.41393420942641823,0.5585387174793767,0.9904997007299418
telephone__03,device,telephone,after_instance_cap,19,4,3,2,0.2608695652173913,0.17391304347826086,7313,0.5713302391886476,0.41393420942641823,0.5585387174793767,0.9904997007299418
telephone__03,device,telephone,after_hierarchy_duplicate_filter,19,4,3,2,0.2608695652173913,0.17391304347826086,7313,0.5713302391886476,0.41393420942641823,0.5585387174793767,0.9904997007299418
telephone__03,device,telephone,diagnostic_consensus_argmax,3,4,2,1,0.5714285714285714,0.2857142857142857,0,0.35774133828048127,0.23308957952468007,0.24951076320939333,0.4610873153975176
telephone__03,device,telephone,diagnostic_parent_support_argmax,3,4,2,1,0.5714285714285714,0.2857142857142857,0,0.35774133828048127,0.23308957952468007,0.24951076320939333,0.4610873153975176
telephone__03,device,telephone,diagnostic_parent_residual_argmax,6,4,2,1,0.4,0.2,0,0.30226948638877055,0.18319941703597042,0.25017516376949245,0.464612781086397
telephone__03,device,telephone,diagnostic_specificity_argmax,7,4,2,1,0.36363636363636365,0.18181818181818182,0,0.34875822867670503,0.21463986570677004,0.2819341214242156,0.6694826948342146
telephone__03,device,telephone,actual_semantic_argmax,8,4,2,1,0.3333333333333333,0.16666666666666666,0,0.4011133124354655,0.27385148954991867,0.3416651340824434,0.7294812860737864
telephone__03,device,telephone,after_direct_detail_gate,8,4,3,2,0.5,0.3333333333333333,0,0.3762117874459291,0.2531359623549321,0.4907948809178865,0.9367786665003867
telephone__03,device,telephone,after_cleanup,7,4,3,2,0.5454545454545454,0.36363636363636365,0,0.3762117874459291,0.2531359623549321,0.4907948809178865,0.9365750834384974
telephone__03,device,telephone,after_root_restoration,7,4,3,2,0.5454545454545454,0.36363636363636365,0,0.3762117874459291,0.2531359623549321,0.4907948809178865,0.9365750834384974
telephone__03,device,telephone,identity_supported_before_remainder,8,4,3,2,0.5,0.3333333333333333,0,0.3762117874459291,0.2531359623549321,0.4907948809178865,0.9365750834384974
telephone__03,device,telephone,identity_plus_eligible_remainder,8,4,3,2,0.5,0.3333333333333333,0,0.3762117874459291,0.2531359623549321,0.4907948809178865,0.9365750834384974
telephone__03,device,telephone,after_remainder_attachment_before_filter,8,4,3,2,0.5,0.3333333333333333,0,0.3762117874459291,0.2531359623549321,0.4907948809178865,0.9365750834384974
telephone__03,device,telephone,final_hpid,8,4,3,2,0.5,0.3333333333333333,0,0.3762117874459291,0.2531359623549321,0.4907948809178865,0.9365750834384974
telephone__03,device,telephone,final_dbscan,7,4,3,2,0.5454545454545454,0.36363636363636365,0,0.5318121125131428,0.39364927769264535,0.5150964639474463,0.9080154088875039
telephone__04,device,telephone,input_pool,13,4,0,0,0.0,0.0,0,0.012727628065201451,0.011715797430083144,0.07671957671957672,0.11711426302913583
telephone__04,device,telephone,after_same_source_dedup,13,4,0,0,0.0,0.0,0,0.012727628065201451,0.011715797430083144,0.07671957671957672,0.11711426302913583
telephone__04,device,telephone,after_instance_cap,13,4,0,0,0.0,0.0,0,0.012727628065201451,0.011715797430083144,0.07671957671957672,0.11711426302913583
telephone__04,device,telephone,after_hierarchy_duplicate_filter,13,4,0,0,0.0,0.0,0,0.012727628065201451,0.011715797430083144,0.07671957671957672,0.11711426302913583
telephone__04,device,telephone,diagnostic_consensus_argmax,0,4,0,0,0.0,0.0,0,0.0,0.0,0.0,0.0
telephone__04,device,telephone,diagnostic_parent_support_argmax,0,4,0,0,0.0,0.0,0,0.0,0.0,0.0,0.0
telephone__04,device,telephone,diagnostic_parent_residual_argmax,2,4,0,0,0.0,0.0,0,0.010582010582010581,0.0,0.0,0.020975056689342405
telephone__04,device,telephone,diagnostic_specificity_argmax,5,4,1,1,0.2222222222222222,0.2222222222222222,0,0.07883069942303488,0.07654600301659126,0.07671957671957672,0.11711426302913583
telephone__04,device,telephone,actual_semantic_argmax,5,4,1,1,0.2222222222222222,0.2222222222222222,0,0.07883069942303488,0.07654600301659126,0.07671957671957672,0.11711426302913583
telephone__04,device,telephone,after_direct_detail_gate,5,4,1,1,0.2222222222222222,0.2222222222222222,0,0.07883069942303488,0.07654600301659126,0.07671957671957672,0.11711426302913583
telephone__04,device,telephone,after_cleanup,5,4,1,1,0.2222222222222222,0.2222222222222222,0,0.07883069942303488,0.07654600301659126,0.07671957671957672,0.11711426302913583
telephone__04,device,telephone,after_root_restoration,5,4,1,1,0.2222222222222222,0.2222222222222222,0,0.07883069942303488,0.07654600301659126,0.07671957671957672,0.11711426302913583
telephone__04,device,telephone,identity_supported_before_remainder,13,4,0,0,0.0,0.0,0,0.012727628065201451,0.011715797430083144,0.07671957671957672,0.11711426302913583
telephone__04,device,telephone,identity_plus_eligible_remainder,13,4,0,0,0.0,0.0,0,0.012727628065201451,0.011715797430083144,0.07671957671957672,0.11711426302913583
telephone__04,device,telephone,after_remainder_attachment_before_filter,13,4,0,0,0.0,0.0,0,0.012727628065201451,0.011715797430083144,0.07671957671957672,0.11711426302913583
telephone__04,device,telephone,final_hpid,13,4,0,0,0.0,0.0,0,0.012727628065201451,0.011715797430083144,0.07671957671957672,0.11711426302913583
telephone__04,device,telephone,final_dbscan,13,4,0,0,0.0,0.0,0,0.012727628065201451,0.011715797430083144,0.07671957671957672,0.11711426302913583
television_set__01,device,television_set,input_pool,4,4,2,0,0.5,0.0,37417,0.24241063985274408,0.0,0.0,0.4642908228348612
television_set__01,device,television_set,after_same_source_dedup,4,4,2,0,0.5,0.0,37417,0.24241063985274408,0.0,0.0,0.4642908228348612
television_set__01,device,television_set,after_instance_cap,4,4,2,0,0.5,0.0,37417,0.24241063985274408,0.0,0.0,0.4642908228348612
television_set__01,device,television_set,after_hierarchy_duplicate_filter,4,4,2,0,0.5,0.0,37417,0.24241063985274408,0.0,0.0,0.4642908228348612
television_set__01,device,television_set,diagnostic_consensus_argmax,1,4,0,0,0.0,0.0,0,0.003296769166217107,0.0,0.0,0.004569624459953473
television_set__01,device,television_set,diagnostic_parent_support_argmax,1,4,0,0,0.0,0.0,0,0.003296769166217107,0.0,0.0,0.004569624459953473
television_set__01,device,television_set,diagnostic_parent_residual_argmax,1,4,0,0,0.0,0.0,0,0.003296769166217107,0.0,0.0,0.004569624459953473
television_set__01,device,television_set,diagnostic_specificity_argmax,1,4,0,0,0.0,0.0,0,0.0028915916021169954,0.0,0.0,0.0068544366899302095
television_set__01,device,television_set,actual_semantic_argmax,1,4,0,0,0.0,0.0,0,0.0028915916021169954,0.0,0.0,0.0068544366899302095
television_set__01,device,television_set,after_direct_detail_gate,2,4,0,0,0.0,0.0,0,0.014448326243014634,0.0,0.0,0.030619710930092026
television_set__01,device,television_set,after_cleanup,2,4,0,0,0.0,0.0,0,0.014424761901734572,0.0,0.0,0.03055739786927448
television_set__01,device,television_set,after_root_restoration,2,4,0,0,0.0,0.0,0,0.014422307553249455,0.0,0.0,0.03055739786927448
television_set__01,device,television_set,identity_supported_before_remainder,2,4,0,0,0.0,0.0,0,0.014422307553249455,0.0,0.0,0.03055739786927448
television_set__01,device,television_set,identity_plus_eligible_remainder,2,4,0,0,0.0,0.0,0,0.014422307553249455,0.0,0.0,0.03055739786927448
television_set__01,device,television_set,after_remainder_attachment_before_filter,2,4,0,0,0.0,0.0,0,0.014422307553249455,0.0,0.0,0.03055739786927448
television_set__01,device,television_set,final_hpid,1,4,0,0,0.0,0.0,0,0.01195317175078032,0.0,0.0,0.028088262066805342
television_set__01,device,television_set,final_dbscan,2,4,1,0,0.3333333333333333,0.0,0,0.2242904000941267,0.0,0.0,0.4000362750869879
television_set__02,device,television_set,input_pool,18,4,3,2,0.2727272727272727,0.18181818181818182,152590,0.31209501513864857,0.211422365615158,0.3730353356259781,0.8148840524457952
television_set__02,device,television_set,after_same_source_dedup,18,4,3,2,0.2727272727272727,0.18181818181818182,152590,0.31209501513864857,0.211422365615158,0.3730353356259781,0.8148840524457952
television_set__02,device,television_set,after_instance_cap,18,4,3,2,0.2727272727272727,0.18181818181818182,152590,0.31209501513864857,0.211422365615158,0.3730353356259781,0.8148840524457952
television_set__02,device,television_set,after_hierarchy_duplicate_filter,18,4,3,2,0.2727272727272727,0.18181818181818182,152590,0.31209501513864857,0.211422365615158,0.3730353356259781,0.8148840524457952
television_set__02,device,television_set,diagnostic_consensus_argmax,1,4,0,0,0.0,0.0,0,0.0030102972928085035,0.0,0.0,0.0030102972928085035
television_set__02,device,television_set,diagnostic_parent_support_argmax,1,4,0,0,0.0,0.0,0,0.0030102972928085035,0.0,0.0,0.0030102972928085035
television_set__02,device,television_set,diagnostic_parent_residual_argmax,7,4,0,0,0.0,0.0,0,0.06455214204868323,0.0006136622163683171,0.0006136622163683171,0.09605064137069075
television_set__02,device,television_set,diagnostic_specificity_argmax,9,4,0,0,0.0,0.0,0,0.12968795213158074,0.0041422648144743635,0.07477500468588909,0.8148840524457952
television_set__02,device,television_set,actual_semantic_argmax,9,4,0,0,0.0,0.0,0,0.12203364814178877,0.010745658822292923,0.06863606494179912,0.8148840524457952
television_set__02,device,television_set,after_direct_detail_gate,9,4,0,0,0.0,0.0,0,0.12192405154882188,0.030014095910934555,0.08957506826420664,0.8148840524457952
television_set__02,device,television_set,after_cleanup,9,4,0,0,0.0,0.0,0,0.12213078577219869,0.029804223252803696,0.08920210789124626,0.8148840524457952
television_set__02,device,television_set,after_root_restoration,9,4,0,0,0.0,0.0,0,0.12213078577219869,0.029804223252803696,0.08920210789124626,0.8148840524457952
television_set__02,device,television_set,identity_supported_before_remainder,17,4,0,0,0.0,0.0,0,0.12223983197861477,0.029807307118248944,0.08920210789124626,0.8148840524457952
television_set__02,device,television_set,identity_plus_eligible_remainder,17,4,0,0,0.0,0.0,0,0.12223983197861477,0.029807307118248944,0.08920210789124626,0.8148840524457952
television_set__02,device,television_set,after_remainder_attachment_before_filter,17,4,0,0,0.0,0.0,0,0.12223983197861477,0.029807307118248944,0.08920210789124626,0.8148840524457952
television_set__02,device,television_set,final_hpid,17,4,0,0,0.0,0.0,0,0.12223983197861477,0.029807307118248944,0.08920210789124626,0.8148840524457952
television_set__02,device,television_set,final_dbscan,15,4,2,0,0.21052631578947367,0.0,0,0.22469674959651104,0.0449397788465491,0.06545231395557684,0.8084180338417492
television_set__03,device,television_set,input_pool,4,4,2,0,0.5,0.0,17297,0.43395683431195486,0.045383183439119026,0.2209061135371179,0.950184893872335
television_set__03,device,television_set,after_same_source_dedup,4,4,2,0,0.5,0.0,17297,0.43395683431195486,0.045383183439119026,0.2209061135371179,0.950184893872335
television_set__03,device,television_set,after_instance_cap,4,4,2,0,0.5,0.0,17297,0.43395683431195486,0.045383183439119026,0.2209061135371179,0.950184893872335
television_set__03,device,television_set,after_hierarchy_duplicate_filter,4,4,2,0,0.5,0.0,17297,0.43395683431195486,0.045383183439119026,0.2209061135371179,0.950184893872335
television_set__03,device,television_set,diagnostic_consensus_argmax,0,4,0,0,0.0,0.0,0,0.0,0.0,0.0,0.0
television_set__03,device,television_set,diagnostic_parent_support_argmax,0,4,0,0,0.0,0.0,0,0.0,0.0,0.0,0.0
television_set__03,device,television_set,diagnostic_parent_residual_argmax,3,4,1,0,0.2857142857142857,0.0,0,0.08391955764467657,0.0,0.0,0.1745182168697857
television_set__03,device,television_set,diagnostic_specificity_argmax,4,4,2,0,0.5,0.0,0,0.3269740759419133,0.0,0.0,0.4212581713807789
television_set__03,device,television_set,actual_semantic_argmax,4,4,2,0,0.5,0.0,0,0.3395824156801116,0.0,0.0,0.4504727106587891
television_set__03,device,television_set,after_direct_detail_gate,4,4,2,0,0.5,0.0,0,0.3447829126488601,0.0,0.0,0.46336621143993617
television_set__03,device,television_set,after_cleanup,4,4,2,0,0.5,0.0,0,0.3447829126488601,0.0,0.0,0.46336621143993617
television_set__03,device,television_set,after_root_restoration,4,4,2,0,0.5,0.0,0,0.3447829126488601,0.0,0.0,0.46336621143993617
television_set__03,device,television_set,identity_supported_before_remainder,4,4,2,0,0.5,0.0,0,0.3447829126488601,0.0,0.0,0.46336621143993617
television_set__03,device,television_set,identity_plus_eligible_remainder,4,4,2,0,0.5,0.0,0,0.3447829126488601,0.0,0.0,0.46336621143993617
television_set__03,device,television_set,after_remainder_attachment_before_filter,4,4,2,0,0.5,0.0,0,0.3447829126488601,0.0,0.0,0.46336621143993617
television_set__03,device,television_set,final_hpid,4,4,2,0,0.5,0.0,0,0.3447829126488601,0.0,0.0,0.46336621143993617
television_set__03,device,television_set,final_dbscan,4,4,3,1,0.75,0.25,0,0.46539303532397586,0.06952413674626352,0.2209061135371179,0.950184893872335
television_set__04,device,television_set,input_pool,7,3,2,0,0.4,0.0,4108,0.2722998815059606,0.0,0.0,0.4147298203061587
television_set__04,device,television_set,after_same_source_dedup,7,3,2,0,0.4,0.0,4108,0.2722998815059606,0.0,0.0,0.4147298203061587
television_set__04,device,television_set,after_instance_cap,7,3,2,0,0.4,0.0,4108,0.2722998815059606,0.0,0.0,0.4147298203061587
television_set__04,device,television_set,after_hierarchy_duplicate_filter,7,3,2,0,0.4,0.0,4108,0.2722998815059606,0.0,0.0,0.4147298203061587
television_set__04,device,television_set,diagnostic_consensus_argmax,4,3,0,0,0.0,0.0,0,0.0199468085106383,0.0,0.0,0.0234375
television_set__04,device,television_set,diagnostic_parent_support_argmax,4,3,0,0,0.0,0.0,0,0.0199468085106383,0.0,0.0,0.0234375
television_set__04,device,television_set,diagnostic_parent_residual_argmax,6,3,1,0,0.2222222222222222,0.0,0,0.15463364976475677,0.0,0.0,0.2587283805592916
television_set__04,device,television_set,diagnostic_specificity_argmax,7,3,2,0,0.4,0.0,0,0.26067926548531534,0.0,0.0,0.37209533320845
television_set__04,device,television_set,actual_semantic_argmax,7,3,2,0,0.4,0.0,0,0.26422175220667055,0.0,0.0,0.38257503586132735
television_set__04,device,television_set,after_direct_detail_gate,7,3,2,0,0.4,0.0,0,0.2670893697092516,0.0,0.0,0.3860916051791253
television_set__04,device,television_set,after_cleanup,7,3,2,0,0.4,0.0,0,0.2670893754392966,0.0,0.0,0.3864794597890544
television_set__04,device,television_set,after_root_restoration,7,3,2,0,0.4,0.0,0,0.2670893754392966,0.0,0.0,0.3864794597890544
television_set__04,device,television_set,identity_supported_before_remainder,7,3,2,0,0.4,0.0,0,0.2670893754392966,0.0,0.0,0.3860916051791253
television_set__04,device,television_set,identity_plus_eligible_remainder,7,3,2,0,0.4,0.0,0,0.2670893754392966,0.0,0.0,0.3860916051791253
television_set__04,device,television_set,after_remainder_attachment_before_filter,7,3,2,0,0.4,0.0,0,0.2670893754392966,0.0,0.0,0.3860916051791253
television_set__04,device,television_set,final_hpid,7,3,2,0,0.4,0.0,0,0.2670893754392966,0.0,0.0,0.3860916051791253
television_set__04,device,television_set,final_dbscan,6,3,2,0,0.4444444444444444,0.0,0,0.2722998815059606,0.0,0.0,0.4147298203061587
towel__01,daily_object,towel,input_pool,5,4,1,1,0.2222222222222222,0.2222222222222222,15281,0.27325531641504075,0.24670384267671772,0.40054472141924513,0.9392336722784553
towel__01,daily_object,towel,after_same_source_dedup,5,4,1,1,0.2222222222222222,0.2222222222222222,15281,0.27325531641504075,0.24670384267671772,0.40054472141924513,0.9392336722784553
towel__01,daily_object,towel,after_instance_cap,5,4,1,1,0.2222222222222222,0.2222222222222222,15281,0.27325531641504075,0.24670384267671772,0.40054472141924513,0.9392336722784553
towel__01,daily_object,towel,after_hierarchy_duplicate_filter,5,4,1,1,0.2222222222222222,0.2222222222222222,15281,0.27325531641504075,0.24670384267671772,0.40054472141924513,0.9392336722784553
towel__01,daily_object,towel,diagnostic_consensus_argmax,1,4,1,1,0.4,0.4,0,0.24765339921346308,0.21474065249266863,0.24838350646597412,0.9392336722784553
towel__01,daily_object,towel,diagnostic_parent_support_argmax,1,4,1,1,0.4,0.4,0,0.24765339921346308,0.21474065249266863,0.24838350646597412,0.9392336722784553
towel__01,daily_object,towel,diagnostic_parent_residual_argmax,5,4,1,1,0.2222222222222222,0.2222222222222222,0,0.20190922753059404,0.16766399977685523,0.18778908412403733,0.9392336722784553
towel__01,daily_object,towel,diagnostic_specificity_argmax,5,4,1,1,0.2222222222222222,0.2222222222222222,0,0.20190922753059404,0.16766399977685523,0.18778908412403733,0.9392336722784553
towel__01,daily_object,towel,actual_semantic_argmax,5,4,1,1,0.2222222222222222,0.2222222222222222,0,0.1511832990606616,0.11690633659226943,0.13684539070254934,0.9392336722784553
towel__01,daily_object,towel,after_direct_detail_gate,5,4,1,1,0.2222222222222222,0.2222222222222222,0,0.14522654683019165,0.11541947566852351,0.14474985090713843,0.9392336722784553
towel__01,daily_object,towel,after_cleanup,5,4,1,1,0.2222222222222222,0.2222222222222222,0,0.14522654683019165,0.11541947566852351,0.14474985090713843,0.9392336722784553
towel__01,daily_object,towel,after_root_restoration,5,4,1,1,0.2222222222222222,0.2222222222222222,0,0.14522654683019165,0.11541947566852351,0.14474985090713843,0.9392336722784553
towel__01,daily_object,towel,identity_supported_before_remainder,5,4,1,1,0.2222222222222222,0.2222222222222222,0,0.14522654683019165,0.11541947566852351,0.14474985090713843,0.9392336722784553
towel__01,daily_object,towel,identity_plus_eligible_remainder,5,4,1,1,0.2222222222222222,0.2222222222222222,0,0.14522654683019165,0.11541947566852351,0.14474985090713843,0.9392336722784553
towel__01,daily_object,towel,after_remainder_attachment_before_filter,5,4,1,1,0.2222222222222222,0.2222222222222222,0,0.14522654683019165,0.11541947566852351,0.14474985090713843,0.9392336722784553
towel__01,daily_object,towel,final_hpid,5,4,1,1,0.2222222222222222,0.2222222222222222,0,0.14522654683019165,0.11541947566852351,0.14474985090713843,0.9392336722784553
towel__01,daily_object,towel,final_dbscan,5,4,1,0,0.2222222222222222,0.0,0,0.12545722226656447,0.03206916729299354,0.15226721452927272,0.9392336722784553
towel__02,daily_object,towel,input_pool,8,4,2,2,0.3333333333333333,0.3333333333333333,18181,0.28282619326689007,0.19066084987223522,0.4372010894103914,0.9571521674039656
towel__02,daily_object,towel,after_same_source_dedup,8,4,2,2,0.3333333333333333,0.3333333333333333,18181,0.28282619326689007,0.19066084987223522,0.4372010894103914,0.9571521674039656
towel__02,daily_object,towel,after_instance_cap,8,4,2,2,0.3333333333333333,0.3333333333333333,18181,0.28282619326689007,0.19066084987223522,0.4372010894103914,0.9571521674039656
towel__02,daily_object,towel,after_hierarchy_duplicate_filter,8,4,2,2,0.3333333333333333,0.3333333333333333,18181,0.28282619326689007,0.19066084987223522,0.4372010894103914,0.9571521674039656
towel__02,daily_object,towel,diagnostic_consensus_argmax,3,4,1,1,0.2857142857142857,0.2857142857142857,0,0.16144955788479745,0.0904040404040404,0.24988366682177757,0.9571521674039656
towel__02,daily_object,towel,diagnostic_parent_support_argmax,3,4,1,1,0.2857142857142857,0.2857142857142857,0,0.16144955788479745,0.0904040404040404,0.24988366682177757,0.9571521674039656
towel__02,daily_object,towel,diagnostic_parent_residual_argmax,5,4,1,1,0.2222222222222222,0.2222222222222222,0,0.20273657321163896,0.15052753553052567,0.26427090589816093,0.9571521674039656
towel__02,daily_object,towel,diagnostic_specificity_argmax,6,4,1,1,0.2,0.2,0,0.20209815536354453,0.14988335213586507,0.26299124093771425,0.9571521674039656
towel__02,daily_object,towel,actual_semantic_argmax,7,4,1,1,0.18181818181818182,0.18181818181818182,0,0.20415068469126657,0.1530897891874241,0.26426298973514584,0.9571521674039656
towel__02,daily_object,towel,after_direct_detail_gate,7,4,1,1,0.18181818181818182,0.18181818181818182,0,0.20706317734030188,0.17581696612638223,0.2780935590655899,0.9571521674039656
towel__02,daily_object,towel,after_cleanup,6,4,1,1,0.2,0.2,0,0.2082794590229477,0.17719179625873338,0.2798667365583552,0.9570597117826638
towel__02,daily_object,towel,after_root_restoration,6,4,1,1,0.2,0.2,0,0.20824927535754512,0.1771616125933308,0.2798667365583552,0.9571521674039656
towel__02,daily_object,towel,identity_supported_before_remainder,7,4,1,1,0.18181818181818182,0.18181818181818182,0,0.20824927535754512,0.1771616125933308,0.2798667365583552,0.9570597117826638
towel__02,daily_object,towel,identity_plus_eligible_remainder,7,4,1,1,0.18181818181818182,0.18181818181818182,0,0.20824927535754512,0.1771616125933308,0.2798667365583552,0.9570597117826638
towel__02,daily_object,towel,after_remainder_attachment_before_filter,7,4,1,1,0.18181818181818182,0.18181818181818182,0,0.20824927535754512,0.1771616125933308,0.2798667365583552,0.9570597117826638
towel__02,daily_object,towel,final_hpid,7,4,1,1,0.18181818181818182,0.18181818181818182,0,0.20824927535754512,0.1771616125933308,0.2798667365583552,0.9570597117826638
towel__02,daily_object,towel,final_dbscan,5,4,2,1,0.4444444444444444,0.2222222222222222,0,0.26623944594323956,0.09767877458285308,0.1630455779284196,0.9571521674039656
towel__03,daily_object,towel,input_pool,4,3,1,1,0.2857142857142857,0.2857142857142857,7815,0.35181650621054494,0.2893072989307299,0.3332797772065124,0.9945845135782729
towel__03,daily_object,towel,after_same_source_dedup,4,3,1,1,0.2857142857142857,0.2857142857142857,7815,0.35181650621054494,0.2893072989307299,0.3332797772065124,0.9945845135782729
towel__03,daily_object,towel,after_instance_cap,4,3,1,1,0.2857142857142857,0.2857142857142857,7815,0.35181650621054494,0.2893072989307299,0.3332797772065124,0.9945845135782729
towel__03,daily_object,towel,after_hierarchy_duplicate_filter,4,3,1,1,0.2857142857142857,0.2857142857142857,7815,0.35181650621054494,0.2893072989307299,0.3332797772065124,0.9945845135782729
towel__03,daily_object,towel,diagnostic_consensus_argmax,1,3,1,1,0.5,0.5,0,0.33053541540654224,0.2893072989307299,0.3332797772065124,0.9945845135782729
towel__03,daily_object,towel,diagnostic_parent_support_argmax,1,3,1,1,0.5,0.5,0,0.33053541540654224,0.2893072989307299,0.3332797772065124,0.9945845135782729
towel__03,daily_object,towel,diagnostic_parent_residual_argmax,4,3,1,1,0.2857142857142857,0.2857142857142857,0,0.24831353829402839,0.19238683127572018,0.2203299057412168,0.9945845135782729
towel__03,daily_object,towel,diagnostic_specificity_argmax,4,3,1,1,0.2857142857142857,0.2857142857142857,0,0.20255826797936524,0.12548662723090145,0.13292630676949443,0.9945845135782729
towel__03,daily_object,towel,actual_semantic_argmax,4,3,1,1,0.2857142857142857,0.2857142857142857,0,0.20021375120402438,0.12245310683047678,0.12971293916023993,0.9945845135782729
towel__03,daily_object,towel,after_direct_detail_gate,4,3,1,1,0.2857142857142857,0.2857142857142857,0,0.19154381817182511,0.11566179455948032,0.12205441302485004,0.9945845135782729
towel__03,daily_object,towel,after_cleanup,4,3,1,1,0.2857142857142857,0.2857142857142857,0,0.1912175727362306,0.1158580002034381,0.12200085689802914,0.9900626822056968
towel__03,daily_object,towel,after_root_restoration,4,3,1,1,0.2857142857142857,0.2857142857142857,0,0.19154381817182511,0.11566179455948032,0.12205441302485004,0.9945845135782729
towel__03,daily_object,towel,identity_supported_before_remainder,4,3,1,1,0.2857142857142857,0.2857142857142857,0,0.19154381817182511,0.11566179455948032,0.12205441302485004,0.9945845135782729
towel__03,daily_object,towel,identity_plus_eligible_remainder,4,3,1,1,0.2857142857142857,0.2857142857142857,0,0.19154381817182511,0.11566179455948032,0.12205441302485004,0.9945845135782729
towel__03,daily_object,towel,after_remainder_attachment_before_filter,4,3,1,1,0.2857142857142857,0.2857142857142857,0,0.19154381817182511,0.11566179455948032,0.12205441302485004,0.9945845135782729
towel__03,daily_object,towel,final_hpid,4,3,1,1,0.2857142857142857,0.2857142857142857,0,0.19154381817182511,0.11566179455948032,0.12205441302485004,0.9945845135782729
towel__03,daily_object,towel,final_dbscan,4,3,1,0,0.2857142857142857,0.0,0,0.22018177654347268,0.025439003038261496,0.026456726649528705,0.9945845135782729
towel__04,daily_object,towel,input_pool,2,2,0,0,0.0,0.0,55,0.0,0.0,0.0,0.0
towel__04,daily_object,towel,after_same_source_dedup,2,2,0,0,0.0,0.0,55,0.0,0.0,0.0,0.0
towel__04,daily_object,towel,after_instance_cap,2,2,0,0,0.0,0.0,55,0.0,0.0,0.0,0.0
towel__04,daily_object,towel,after_hierarchy_duplicate_filter,2,2,0,0,0.0,0.0,55,0.0,0.0,0.0,0.0
towel__04,daily_object,towel,diagnostic_consensus_argmax,2,2,0,0,0.0,0.0,0,0.0,0.0,0.0,0.0
towel__04,daily_object,towel,diagnostic_parent_support_argmax,2,2,0,0,0.0,0.0,0,0.0,0.0,0.0,0.0
towel__04,daily_object,towel,diagnostic_parent_residual_argmax,2,2,0,0,0.0,0.0,0,0.0,0.0,0.0,0.0
towel__04,daily_object,towel,diagnostic_specificity_argmax,2,2,0,0,0.0,0.0,0,0.0,0.0,0.0,0.0
towel__04,daily_object,towel,actual_semantic_argmax,2,2,0,0,0.0,0.0,0,0.0,0.0,0.0,0.0
towel__04,daily_object,towel,after_direct_detail_gate,2,2,0,0,0.0,0.0,0,0.0,0.0,0.0,0.0
towel__04,daily_object,towel,after_cleanup,2,2,0,0,0.0,0.0,0,0.0,0.0,0.0,0.0
towel__04,daily_object,towel,after_root_restoration,2,2,0,0,0.0,0.0,0,0.0,0.0,0.0,0.0
towel__04,daily_object,towel,identity_supported_before_remainder,2,2,0,0,0.0,0.0,0,0.0,0.0,0.0,0.0
towel__04,daily_object,towel,identity_plus_eligible_remainder,2,2,0,0,0.0,0.0,0,0.0,0.0,0.0,0.0
towel__04,daily_object,towel,after_remainder_attachment_before_filter,2,2,0,0,0.0,0.0,0,0.0,0.0,0.0,0.0
towel__04,daily_object,towel,final_hpid,2,2,0,0,0.0,0.0,0,0.0,0.0,0.0,0.0
towel__04,daily_object,towel,final_dbscan,2,2,0,0,0.0,0.0,0,0.0,0.0,0.0,0.0
trash_can__01,container,trash_can,input_pool,15,4,4,2,0.42105263157894735,0.21052631578947367,30930,0.8535892880831705,0.3243283321450138,0.47730291405869685,0.9842780615567837
trash_can__01,container,trash_can,after_same_source_dedup,15,4,4,2,0.42105263157894735,0.21052631578947367,30930,0.8535892880831705,0.3243283321450138,0.47730291405869685,0.9842780615567837
trash_can__01,container,trash_can,after_instance_cap,15,4,4,2,0.42105263157894735,0.21052631578947367,30930,0.8535892880831705,0.3243283321450138,0.47730291405869685,0.9842780615567837
trash_can__01,container,trash_can,after_hierarchy_duplicate_filter,15,4,4,2,0.42105263157894735,0.21052631578947367,30930,0.8535892880831705,0.3243283321450138,0.47730291405869685,0.9842780615567837
trash_can__01,container,trash_can,diagnostic_consensus_argmax,5,4,3,2,0.6666666666666666,0.4444444444444444,0,0.4804712917122932,0.29636746180887374,0.43189384301860234,0.9842780615567837
trash_can__01,container,trash_can,diagnostic_parent_support_argmax,3,4,1,1,0.2857142857142857,0.2857142857142857,0,0.12880672554870665,0.10700724887814982,0.24985345838218054,0.9842780615567837
trash_can__01,container,trash_can,diagnostic_parent_residual_argmax,4,4,1,1,0.25,0.25,0,0.14551306822056034,0.12154262902765897,0.24985345838218054,0.9842780615567837
trash_can__01,container,trash_can,diagnostic_specificity_argmax,6,4,2,0,0.4,0.0,0,0.4598395341726555,0.00945408309749395,0.01688892145369285,0.9842780615567837
trash_can__01,container,trash_can,actual_semantic_argmax,6,4,2,0,0.4,0.0,0,0.46001148726549745,0.009510645321010067,0.01688892145369285,0.9842780615567837
trash_can__01,container,trash_can,after_direct_detail_gate,7,4,2,0,0.36363636363636365,0.0,0,0.45890228668020083,0.009542537776857794,0.01688892145369285,0.9842780615567837
trash_can__01,container,trash_can,after_cleanup,7,4,2,0,0.36363636363636365,0.0,0,0.4589913030397278,0.00916366048845213,0.016357708089097305,0.9835631905654016
trash_can__01,container,trash_can,after_root_restoration,7,4,2,0,0.36363636363636365,0.0,0,0.45896174376000376,0.009251201723852147,0.016522567409144196,0.9842780615567837
trash_can__01,container,trash_can,identity_supported_before_remainder,11,4,3,0,0.4,0.0,0,0.6430332196847588,0.009251201723852147,0.016357708089097305,0.9820945435618561
trash_can__01,container,trash_can,identity_plus_eligible_remainder,11,4,3,0,0.4,0.0,0,0.6430332196847588,0.009251201723852147,0.016357708089097305,0.9820945435618561
trash_can__01,container,trash_can,after_remainder_attachment_before_filter,11,4,3,0,0.4,0.0,0,0.6430332196847588,0.009251201723852147,0.016357708089097305,0.9820945435618561
trash_can__01,container,trash_can,final_hpid,11,4,3,0,0.4,0.0,0,0.6430332196847588,0.009251201723852147,0.016357708089097305,0.9820945435618561
trash_can__01,container,trash_can,final_dbscan,10,4,4,1,0.5714285714285714,0.14285714285714285,0,0.8425006026401975,0.21672459507296252,0.22071050692004615,0.9842780615567837
trash_can__02,container,trash_can,input_pool,6,4,1,1,0.2,0.2,31088,0.24635286119892297,0.2345325749380605,0.24806230161659407,0.7112547873275461
trash_can__02,container,trash_can,after_same_source_dedup,6,4,1,1,0.2,0.2,31088,0.24635286119892297,0.2345325749380605,0.24806230161659407,0.7112547873275461
trash_can__02,container,trash_can,after_instance_cap,6,4,1,1,0.2,0.2,31088,0.24635286119892297,0.2345325749380605,0.24806230161659407,0.7112547873275461
trash_can__02,container,trash_can,after_hierarchy_duplicate_filter,6,4,1,1,0.2,0.2,31088,0.24635286119892297,0.2345325749380605,0.24806230161659407,0.7112547873275461
trash_can__02,container,trash_can,diagnostic_consensus_argmax,4,4,1,1,0.25,0.25,0,0.22891084698244307,0.21619263653812598,0.22864840924189858,0.7112547873275461
trash_can__02,container,trash_can,diagnostic_parent_support_argmax,4,4,1,1,0.25,0.25,0,0.22891084698244307,0.21619263653812598,0.22864840924189858,0.7112547873275461
trash_can__02,container,trash_can,diagnostic_parent_residual_argmax,4,4,1,1,0.25,0.25,0,0.22891084698244307,0.21619263653812598,0.22864840924189858,0.7112547873275461
trash_can__02,container,trash_can,diagnostic_specificity_argmax,4,4,1,1,0.25,0.25,0,0.15571333697618547,0.13720385771192956,0.1449213848084447,0.7112547873275461
trash_can__02,container,trash_can,actual_semantic_argmax,4,4,1,1,0.25,0.25,0,0.11475381345912603,0.08812635404291005,0.09308333948475678,0.7112547873275461
trash_can__02,container,trash_can,after_direct_detail_gate,4,4,1,1,0.25,0.25,0,0.11837021765415734,0.0674575442029492,0.07125193769838341,0.7112547873275461
trash_can__02,container,trash_can,after_cleanup,4,4,1,1,0.25,0.25,0,0.11841814002478415,0.06743743008948545,0.07120580202258803,0.7112086516517507
trash_can__02,container,trash_can,after_root_restoration,4,4,1,1,0.25,0.25,0,0.11837021765415734,0.0674575442029492,0.07125193769838341,0.7112547873275461
trash_can__02,container,trash_can,identity_supported_before_remainder,5,4,1,1,0.2222222222222222,0.2222222222222222,0,0.11288796357241186,0.0674575442029492,0.07125193769838341,0.7112547873275461
trash_can__02,container,trash_can,identity_plus_eligible_remainder,5,4,1,1,0.2222222222222222,0.2222222222222222,0,0.11288796357241186,0.0674575442029492,0.07125193769838341,0.7112547873275461
trash_can__02,container,trash_can,after_remainder_attachment_before_filter,5,4,1,1,0.2222222222222222,0.2222222222222222,0,0.11288796357241186,0.0674575442029492,0.07125193769838341,0.7112547873275461
trash_can__02,container,trash_can,final_hpid,5,4,1,1,0.2222222222222222,0.2222222222222222,0,0.11288796357241186,0.0674575442029492,0.07125193769838341,0.7112547873275461
trash_can__02,container,trash_can,final_dbscan,5,4,1,1,0.2222222222222222,0.2222222222222222,0,0.10944816796111817,0.07785149138776082,0.08207536723997932,0.7112547873275461
trash_can__03,container,trash_can,input_pool,13,4,2,2,0.23529411764705882,0.23529411764705882,19604,0.4458870288563448,0.3558956659419138,0.479817966851959,0.9598817627052285
trash_can__03,container,trash_can,after_same_source_dedup,13,4,2,2,0.23529411764705882,0.23529411764705882,19604,0.4458870288563448,0.3558956659419138,0.479817966851959,0.9598817627052285
trash_can__03,container,trash_can,after_instance_cap,13,4,2,2,0.23529411764705882,0.23529411764705882,19604,0.4458870288563448,0.3558956659419138,0.479817966851959,0.9598817627052285
trash_can__03,container,trash_can,after_hierarchy_duplicate_filter,13,4,2,2,0.23529411764705882,0.23529411764705882,19604,0.4458870288563448,0.3558956659419138,0.479817966851959,0.9598817627052285
trash_can__03,container,trash_can,diagnostic_consensus_argmax,2,4,1,1,0.3333333333333333,0.3333333333333333,0,0.2309077150279421,0.21417307784202227,0.2441309439511956,0.9598817627052285
trash_can__03,container,trash_can,diagnostic_parent_support_argmax,2,4,1,1,0.3333333333333333,0.3333333333333333,0,0.2309077150279421,0.21417307784202227,0.2441309439511956,0.9598817627052285
trash_can__03,container,trash_can,diagnostic_parent_residual_argmax,5,4,1,1,0.2222222222222222,0.2222222222222222,0,0.16310218449727878,0.138690247648301,0.15740236396317883,0.9598817627052285
trash_can__03,container,trash_can,diagnostic_specificity_argmax,6,4,1,1,0.2,0.2,0,0.16188243020561793,0.13726243040890765,0.15578190533253444,0.9598817627052285
trash_can__03,container,trash_can,actual_semantic_argmax,7,4,1,1,0.18181818181818182,0.18181818181818182,0,0.2045464716036362,0.1929467190921684,0.21107108618371476,0.9598817627052285
trash_can__03,container,trash_can,after_direct_detail_gate,7,4,2,2,0.36363636363636365,0.36363636363636365,0,0.3235409582977503,0.28163487521598485,0.3339538386716612,0.9598817627052285
trash_can__03,container,trash_can,after_cleanup,6,4,2,2,0.4,0.4,0,0.32366179155312397,0.2817557084713585,0.33396745597107835,0.9598817627052285
trash_can__03,container,trash_can,after_root_restoration,6,4,2,2,0.4,0.4,0,0.3235535438797076,0.2816474607979421,0.33396745597107835,0.9598817627052285
trash_can__03,container,trash_can,identity_supported_before_remainder,6,4,2,2,0.4,0.4,0,0.3235535438797076,0.2816474607979421,0.33396745597107835,0.9598817627052285
trash_can__03,container,trash_can,identity_plus_eligible_remainder,6,4,2,2,0.4,0.4,0,0.3235535438797076,0.2816474607979421,0.33396745597107835,0.9598817627052285
trash_can__03,container,trash_can,after_remainder_attachment_before_filter,6,4,2,2,0.4,0.4,0,0.3235535438797076,0.2816474607979421,0.33396745597107835,0.9598817627052285
trash_can__03,container,trash_can,final_hpid,6,4,2,2,0.4,0.4,0,0.3235535438797076,0.2816474607979421,0.33396745597107835,0.9598817627052285
trash_can__03,container,trash_can,final_dbscan,6,4,2,1,0.4,0.2,0,0.32862070218668216,0.2225063944618127,0.29458184288006506,0.9598817627052285
trash_can__04,container,trash_can,input_pool,7,4,3,1,0.5454545454545454,0.18181818181818182,36335,0.4149054394437614,0.13148498921289983,0.2752364381743737,0.9893264178791392
trash_can__04,container,trash_can,after_same_source_dedup,7,4,3,1,0.5454545454545454,0.18181818181818182,36335,0.4149054394437614,0.13148498921289983,0.2752364381743737,0.9893264178791392
trash_can__04,container,trash_can,after_instance_cap,7,4,3,1,0.5454545454545454,0.18181818181818182,36335,0.4149054394437614,0.13148498921289983,0.2752364381743737,0.9893264178791392
trash_can__04,container,trash_can,after_hierarchy_duplicate_filter,7,4,3,1,0.5454545454545454,0.18181818181818182,36335,0.4149054394437614,0.13148498921289983,0.2752364381743737,0.9893264178791392
trash_can__04,container,trash_can,diagnostic_consensus_argmax,1,4,1,1,0.4,0.4,0,0.2588346476148191,0.10558570863736026,0.2492998387507426,0.9893264178791392
trash_can__04,container,trash_can,diagnostic_parent_support_argmax,1,4,1,1,0.4,0.4,0,0.2588346476148191,0.10558570863736026,0.2492998387507426,0.9893264178791392
trash_can__04,container,trash_can,diagnostic_parent_residual_argmax,4,4,1,1,0.25,0.25,0,0.26902029191644256,0.11607001738580686,0.2492998387507426,0.9893264178791392
trash_can__04,container,trash_can,diagnostic_specificity_argmax,4,4,1,1,0.25,0.25,0,0.26902029191644256,0.11607001738580686,0.2492998387507426,0.9893264178791392
trash_can__04,container,trash_can,actual_semantic_argmax,4,4,1,1,0.25,0.25,0,0.272606683726843,0.11807146589493146,0.2492998387507426,0.9893264178791392
trash_can__04,container,trash_can,after_direct_detail_gate,5,4,1,1,0.2222222222222222,0.2222222222222222,0,0.2740565410524379,0.1194882850634559,0.2492998387507426,0.9893264178791392
trash_can__04,container,trash_can,after_cleanup,5,4,1,1,0.2222222222222222,0.2222222222222222,0,0.2741297885107587,0.11941056910569106,0.2492998387507426,0.9893264178791392
trash_can__04,container,trash_can,after_root_restoration,5,4,1,1,0.2222222222222222,0.2222222222222222,0,0.2741297885107587,0.11941056910569106,0.2492998387507426,0.9893264178791392
trash_can__04,container,trash_can,identity_supported_before_remainder,5,4,1,1,0.2222222222222222,0.2222222222222222,0,0.2741297885107587,0.11941056910569106,0.2492998387507426,0.9893264178791392
trash_can__04,container,trash_can,identity_plus_eligible_remainder,5,4,1,1,0.2222222222222222,0.2222222222222222,0,0.2741297885107587,0.11941056910569106,0.2492998387507426,0.9893264178791392
trash_can__04,container,trash_can,after_remainder_attachment_before_filter,5,4,1,1,0.2222222222222222,0.2222222222222222,0,0.2741297885107587,0.11941056910569106,0.2492998387507426,0.9893264178791392
trash_can__04,container,trash_can,final_hpid,4,4,1,1,0.25,0.25,0,0.2741297885107587,0.11941056910569106,0.2492998387507426,0.987671922215059
trash_can__04,container,trash_can,final_dbscan,3,4,3,1,0.8571428571428571,0.2857142857142857,0,0.46863244472013815,0.1996553728616509,0.20404396163965036,0.9893264178791392
tray__01,container,tray,input_pool,11,4,2,0,0.26666666666666666,0.0,83037,0.30342247722637977,0.0,0.0,0.9932650910151516
tray__01,container,tray,after_same_source_dedup,11,4,2,0,0.26666666666666666,0.0,83037,0.30342247722637977,0.0,0.0,0.9932650910151516
tray__01,container,tray,after_instance_cap,11,4,2,0,0.26666666666666666,0.0,83037,0.30342247722637977,0.0,0.0,0.9932650910151516
tray__01,container,tray,after_hierarchy_duplicate_filter,11,4,2,0,0.26666666666666666,0.0,83037,0.30342247722637977,0.0,0.0,0.9932650910151516
tray__01,container,tray,diagnostic_consensus_argmax,3,4,1,0,0.2857142857142857,0.0,0,0.19071486435123647,0.0,0.0,0.9932650910151516
tray__01,container,tray,diagnostic_parent_support_argmax,3,4,1,0,0.2857142857142857,0.0,0,0.19062557256767046,0.0,0.0,0.9932650910151516
tray__01,container,tray,diagnostic_parent_residual_argmax,5,4,0,0,0.0,0.0,0,0.1841746116620439,0.0,0.0,0.9932650910151516
tray__01,container,tray,diagnostic_specificity_argmax,6,4,0,0,0.0,0.0,0,0.18748177870157617,0.0,0.0,0.9932650910151516
tray__01,container,tray,actual_semantic_argmax,7,4,0,0,0.0,0.0,0,0.19659306098630128,0.0,0.0,0.9932650910151516
tray__01,container,tray,after_direct_detail_gate,7,4,1,0,0.18181818181818182,0.0,0,0.23252802939924572,0.0,0.0,0.9932650910151516
tray__01,container,tray,after_cleanup,7,4,1,0,0.18181818181818182,0.0,0,0.23248302503263935,0.0,0.0,0.9932650910151516
tray__01,container,tray,after_root_restoration,7,4,1,0,0.18181818181818182,0.0,0,0.23248302503263935,0.0,0.0,0.9932650910151516
tray__01,container,tray,identity_supported_before_remainder,9,4,1,0,0.15384615384615385,0.0,0,0.23248302503263935,0.0,0.0,0.9932650910151516
tray__01,container,tray,identity_plus_eligible_remainder,9,4,1,0,0.15384615384615385,0.0,0,0.23248302503263935,0.0,0.0,0.9932650910151516
tray__01,container,tray,after_remainder_attachment_before_filter,9,4,1,0,0.15384615384615385,0.0,0,0.23248302503263935,0.0,0.0,0.9932650910151516
tray__01,container,tray,final_hpid,9,4,1,0,0.15384615384615385,0.0,0,0.23248302503263935,0.0,0.0,0.9932650910151516
tray__01,container,tray,final_dbscan,7,4,3,0,0.5454545454545454,0.0,0,0.46574485669213295,0.0,0.0,0.9932650910151516
tray__02,container,tray,input_pool,0,4,0,0,0.0,0.0,0,0.0,0.0,0.0,0.0
tray__02,container,tray,after_same_source_dedup,0,4,0,0,0.0,0.0,0,0.0,0.0,0.0,0.0
tray__02,container,tray,after_instance_cap,0,4,0,0,0.0,0.0,0,0.0,0.0,0.0,0.0
tray__02,container,tray,after_hierarchy_duplicate_filter,0,4,0,0,0.0,0.0,0,0.0,0.0,0.0,0.0
tray__02,container,tray,diagnostic_consensus_argmax,0,4,0,0,0.0,0.0,0,0.0,0.0,0.0,0.0
tray__02,container,tray,diagnostic_parent_support_argmax,0,4,0,0,0.0,0.0,0,0.0,0.0,0.0,0.0
tray__02,container,tray,diagnostic_parent_residual_argmax,0,4,0,0,0.0,0.0,0,0.0,0.0,0.0,0.0
tray__02,container,tray,diagnostic_specificity_argmax,0,4,0,0,0.0,0.0,0,0.0,0.0,0.0,0.0
tray__02,container,tray,actual_semantic_argmax,0,4,0,0,0.0,0.0,0,0.0,0.0,0.0,0.0
tray__02,container,tray,after_direct_detail_gate,0,4,0,0,0.0,0.0,0,0.0,0.0,0.0,0.0
tray__02,container,tray,after_cleanup,0,4,0,0,0.0,0.0,0,0.0,0.0,0.0,0.0
tray__02,container,tray,after_root_restoration,0,4,0,0,0.0,0.0,0,0.0,0.0,0.0,0.0
tray__02,container,tray,identity_supported_before_remainder,0,4,0,0,0.0,0.0,0,0.0,0.0,0.0,0.0
tray__02,container,tray,identity_plus_eligible_remainder,0,4,0,0,0.0,0.0,0,0.0,0.0,0.0,0.0
tray__02,container,tray,after_remainder_attachment_before_filter,0,4,0,0,0.0,0.0,0,0.0,0.0,0.0,0.0
tray__02,container,tray,final_hpid,0,4,0,0,0.0,0.0,0,0.0,0.0,0.0,0.0
tray__02,container,tray,final_dbscan,0,4,0,0,0.0,0.0,0,0.0,0.0,0.0,0.0
tray__03,container,tray,input_pool,0,4,0,0,0.0,0.0,0,0.0,0.0,0.0,0.0
tray__03,container,tray,after_same_source_dedup,0,4,0,0,0.0,0.0,0,0.0,0.0,0.0,0.0
tray__03,container,tray,after_instance_cap,0,4,0,0,0.0,0.0,0,0.0,0.0,0.0,0.0
tray__03,container,tray,after_hierarchy_duplicate_filter,0,4,0,0,0.0,0.0,0,0.0,0.0,0.0,0.0
tray__03,container,tray,diagnostic_consensus_argmax,0,4,0,0,0.0,0.0,0,0.0,0.0,0.0,0.0
tray__03,container,tray,diagnostic_parent_support_argmax,0,4,0,0,0.0,0.0,0,0.0,0.0,0.0,0.0
tray__03,container,tray,diagnostic_parent_residual_argmax,0,4,0,0,0.0,0.0,0,0.0,0.0,0.0,0.0
tray__03,container,tray,diagnostic_specificity_argmax,0,4,0,0,0.0,0.0,0,0.0,0.0,0.0,0.0
tray__03,container,tray,actual_semantic_argmax,0,4,0,0,0.0,0.0,0,0.0,0.0,0.0,0.0
tray__03,container,tray,after_direct_detail_gate,0,4,0,0,0.0,0.0,0,0.0,0.0,0.0,0.0
tray__03,container,tray,after_cleanup,0,4,0,0,0.0,0.0,0,0.0,0.0,0.0,0.0
tray__03,container,tray,after_root_restoration,0,4,0,0,0.0,0.0,0,0.0,0.0,0.0,0.0
tray__03,container,tray,identity_supported_before_remainder,0,4,0,0,0.0,0.0,0,0.0,0.0,0.0,0.0
tray__03,container,tray,identity_plus_eligible_remainder,0,4,0,0,0.0,0.0,0,0.0,0.0,0.0,0.0
tray__03,container,tray,after_remainder_attachment_before_filter,0,4,0,0,0.0,0.0,0,0.0,0.0,0.0,0.0
tray__03,container,tray,final_hpid,0,4,0,0,0.0,0.0,0,0.0,0.0,0.0,0.0
tray__03,container,tray,final_dbscan,0,4,0,0,0.0,0.0,0,0.0,0.0,0.0,0.0
tray__04,container,tray,input_pool,4,4,0,0,0.0,0.0,1422,4.717871296471032e-05,0.0,0.0,6.245316012990258e-05
tray__04,container,tray,after_same_source_dedup,4,4,0,0,0.0,0.0,1422,4.717871296471032e-05,0.0,0.0,6.245316012990258e-05
tray__04,container,tray,after_instance_cap,4,4,0,0,0.0,0.0,1422,4.717871296471032e-05,0.0,0.0,6.245316012990258e-05
tray__04,container,tray,after_hierarchy_duplicate_filter,4,4,0,0,0.0,0.0,1422,4.717871296471032e-05,0.0,0.0,6.245316012990258e-05
tray__04,container,tray,diagnostic_consensus_argmax,1,4,0,0,0.0,0.0,0,0.0,0.0,0.0,0.0
tray__04,container,tray,diagnostic_parent_support_argmax,0,4,0,0,0.0,0.0,0,0.0,0.0,0.0,0.0
tray__04,container,tray,diagnostic_parent_residual_argmax,2,4,0,0,0.0,0.0,0,0.0,0.0,0.0,0.0
tray__04,container,tray,diagnostic_specificity_argmax,2,4,0,0,0.0,0.0,0,0.0,0.0,0.0,0.0
tray__04,container,tray,actual_semantic_argmax,2,4,0,0,0.0,0.0,0,0.0,0.0,0.0,0.0
tray__04,container,tray,after_direct_detail_gate,2,4,0,0,0.0,0.0,0,0.0,0.0,0.0,0.0
tray__04,container,tray,after_cleanup,2,4,0,0,0.0,0.0,0,0.0,0.0,0.0,0.0
tray__04,container,tray,after_root_restoration,2,4,0,0,0.0,0.0,0,0.0,0.0,0.0,0.0
tray__04,container,tray,identity_supported_before_remainder,2,4,0,0,0.0,0.0,0,0.0,0.0,0.0,0.0
tray__04,container,tray,identity_plus_eligible_remainder,2,4,0,0,0.0,0.0,0,0.0,0.0,0.0,0.0
tray__04,container,tray,after_remainder_attachment_before_filter,2,4,0,0,0.0,0.0,0,0.0,0.0,0.0,0.0
tray__04,container,tray,final_hpid,2,4,0,0,0.0,0.0,0,0.0,0.0,0.0,0.0
tray__04,container,tray,final_dbscan,3,4,0,0,0.0,0.0,0,4.9509852460639665e-05,0.0,0.0,6.245316012990258e-05
vase__01,container,vase,input_pool,9,5,4,0,0.5714285714285714,0.0,15003,0.45719622505893504,0.0,0.0,0.9112984748117986
vase__01,container,vase,after_same_source_dedup,9,5,4,0,0.5714285714285714,0.0,15003,0.45719622505893504,0.0,0.0,0.9112984748117986
vase__01,container,vase,after_instance_cap,9,5,4,0,0.5714285714285714,0.0,15003,0.45719622505893504,0.0,0.0,0.9112984748117986
vase__01,container,vase,after_hierarchy_duplicate_filter,9,5,4,0,0.5714285714285714,0.0,15003,0.45719622505893504,0.0,0.0,0.9112984748117986
vase__01,container,vase,diagnostic_consensus_argmax,6,5,2,0,0.36363636363636365,0.0,0,0.37101147527623485,0.0,0.0,0.9112984748117986
vase__01,container,vase,diagnostic_parent_support_argmax,5,5,2,0,0.4,0.0,0,0.3711829083392371,0.0,0.0,0.9112984748117986
vase__01,container,vase,diagnostic_parent_residual_argmax,5,5,3,0,0.6,0.0,0,0.4419700296466509,0.0,0.0,0.9112984748117986
vase__01,container,vase,diagnostic_specificity_argmax,6,5,3,0,0.5454545454545454,0.0,0,0.44329087996563565,0.0,0.0,0.9112984748117986
vase__01,container,vase,actual_semantic_argmax,6,5,3,0,0.5454545454545454,0.0,0,0.44974403347902436,0.0,0.0,0.9112984748117986
vase__01,container,vase,after_direct_detail_gate,6,5,3,0,0.5454545454545454,0.0,0,0.45178740783548116,0.0,0.0,0.9112984748117986
vase__01,container,vase,after_cleanup,6,5,3,0,0.5454545454545454,0.0,0,0.4519186678139275,0.0,0.0,0.9088277620640888
vase__01,container,vase,after_root_restoration,6,5,3,0,0.5454545454545454,0.0,0,0.4517257641191043,0.0,0.0,0.9112984748117986
vase__01,container,vase,identity_supported_before_remainder,6,5,3,0,0.5454545454545454,0.0,0,0.45196545897076784,0.0,0.0,0.9109148430982437
vase__01,container,vase,identity_plus_eligible_remainder,6,5,3,0,0.5454545454545454,0.0,0,0.45196545897076784,0.0,0.0,0.9109148430982437
vase__01,container,vase,after_remainder_attachment_before_filter,6,5,3,0,0.5454545454545454,0.0,0,0.45196545897076784,0.0,0.0,0.9109148430982437
vase__01,container,vase,final_hpid,6,5,3,0,0.5454545454545454,0.0,0,0.45196545897076784,0.0,0.0,0.9109148430982437
vase__01,container,vase,final_dbscan,6,5,3,0,0.5454545454545454,0.0,0,0.46946262977419473,0.0,0.0,0.9112984748117986
vase__02,container,vase,input_pool,6,5,3,2,0.5454545454545454,0.36363636363636365,10580,0.2593222841782731,0.1918887656913864,0.311595604454111,0.7789279190037395
vase__02,container,vase,after_same_source_dedup,6,5,3,2,0.5454545454545454,0.36363636363636365,10580,0.2593222841782731,0.1918887656913864,0.311595604454111,0.7789279190037395
vase__02,container,vase,after_instance_cap,6,5,3,2,0.5454545454545454,0.36363636363636365,10580,0.2593222841782731,0.1918887656913864,0.311595604454111,0.7789279190037395
vase__02,container,vase,after_hierarchy_duplicate_filter,6,5,3,2,0.5454545454545454,0.36363636363636365,10580,0.2593222841782731,0.1918887656913864,0.311595604454111,0.7789279190037395
vase__02,container,vase,diagnostic_consensus_argmax,1,5,1,1,0.3333333333333333,0.3333333333333333,0,0.17175510138188665,0.1344302021554748,0.19421411461212457,0.7789279190037395
vase__02,container,vase,diagnostic_parent_support_argmax,1,5,1,1,0.3333333333333333,0.3333333333333333,0,0.17175510138188665,0.1344302021554748,0.19421411461212457,0.7789279190037395
vase__02,container,vase,diagnostic_parent_residual_argmax,6,5,2,2,0.36363636363636365,0.36363636363636365,0,0.19876849251797352,0.15143968568113794,0.23380846790210805,0.7789279190037395
vase__02,container,vase,diagnostic_specificity_argmax,6,5,2,2,0.36363636363636365,0.36363636363636365,0,0.19876849251797352,0.15143968568113794,0.23380846790210805,0.7789279190037395
vase__02,container,vase,actual_semantic_argmax,6,5,2,2,0.36363636363636365,0.36363636363636365,0,0.19717611325134543,0.14840096798781263,0.2298284099941726,0.7789279190037395
vase__02,container,vase,after_direct_detail_gate,6,5,2,2,0.36363636363636365,0.36363636363636365,0,0.19325016619395194,0.14285125669550885,0.2221998859477381,0.7789279190037395
vase__02,container,vase,after_cleanup,6,5,2,2,0.36363636363636365,0.36363636363636365,0,0.19338276559538153,0.1428951266779716,0.2221998859477381,0.7789279190037395
vase__02,container,vase,after_root_restoration,6,5,2,2,0.36363636363636365,0.36363636363636365,0,0.19336122775513392,0.14288415466154158,0.2221998859477381,0.7789279190037395
vase__02,container,vase,identity_supported_before_remainder,6,5,2,2,0.36363636363636365,0.36363636363636365,0,0.19336122775513392,0.14288415466154158,0.2221998859477381,0.7789279190037395
vase__02,container,vase,identity_plus_eligible_remainder,6,5,2,2,0.36363636363636365,0.36363636363636365,0,0.19336122775513392,0.14288415466154158,0.2221998859477381,0.7789279190037395
vase__02,container,vase,after_remainder_attachment_before_filter,6,5,2,2,0.36363636363636365,0.36363636363636365,0,0.19336122775513392,0.14288415466154158,0.2221998859477381,0.7789279190037395
vase__02,container,vase,final_hpid,6,5,2,2,0.36363636363636365,0.36363636363636365,0,0.19336122775513392,0.14288415466154158,0.2221998859477381,0.7789279190037395
vase__02,container,vase,final_dbscan,5,5,3,2,0.6,0.4,0,0.21785604389476304,0.11303153852657974,0.18596450071355455,0.7789279190037395
vase__03,container,vase,input_pool,6,5,3,3,0.5454545454545454,0.5454545454545454,14615,0.49308887007859104,0.45965074482849105,0.512511900279083,0.9289379361510554
vase__03,container,vase,after_same_source_dedup,6,5,3,3,0.5454545454545454,0.5454545454545454,14615,0.49308887007859104,0.45965074482849105,0.512511900279083,0.9289379361510554
vase__03,container,vase,after_instance_cap,6,5,3,3,0.5454545454545454,0.5454545454545454,14615,0.49308887007859104,0.45965074482849105,0.512511900279083,0.9289379361510554
vase__03,container,vase,after_hierarchy_duplicate_filter,6,5,3,3,0.5454545454545454,0.5454545454545454,14615,0.49308887007859104,0.45965074482849105,0.512511900279083,0.9289379361510554
vase__03,container,vase,diagnostic_consensus_argmax,1,5,1,1,0.3333333333333333,0.3333333333333333,0,0.1948999407897516,0.16405206370953931,0.1938676381299332,0.9289379361510554
vase__03,container,vase,diagnostic_parent_support_argmax,1,5,1,1,0.3333333333333333,0.3333333333333333,0,0.1948999407897516,0.16405206370953931,0.1938676381299332,0.9289379361510554
vase__03,container,vase,diagnostic_parent_residual_argmax,5,5,2,2,0.4,0.4,0,0.22212680804966647,0.1784401297054128,0.217924268555065,0.9289379361510554
vase__03,container,vase,diagnostic_specificity_argmax,5,5,2,1,0.4,0.2,0,0.20843650811289555,0.1222405494315574,0.15157293283791576,0.9289379361510554
vase__03,container,vase,actual_semantic_argmax,5,5,2,1,0.4,0.2,0,0.21322119760332914,0.12972978597867382,0.1579468451509197,0.9289379361510554
vase__03,container,vase,after_direct_detail_gate,5,5,2,1,0.4,0.2,0,0.21318723710126103,0.13203850299686942,0.15943211132127194,0.9289379361510554
vase__03,container,vase,after_cleanup,5,5,2,1,0.4,0.2,0,0.21318723710126103,0.13203850299686942,0.15943211132127194,0.9289379361510554
vase__03,container,vase,after_root_restoration,5,5,2,1,0.4,0.2,0,0.21318723710126103,0.13203850299686942,0.15943211132127194,0.9289379361510554
vase__03,container,vase,identity_supported_before_remainder,5,5,2,1,0.4,0.2,0,0.21318723710126103,0.13203850299686942,0.15943211132127194,0.9289379361510554
vase__03,container,vase,identity_plus_eligible_remainder,5,5,2,1,0.4,0.2,0,0.21318723710126103,0.13203850299686942,0.15943211132127194,0.9289379361510554
vase__03,container,vase,after_remainder_attachment_before_filter,5,5,2,1,0.4,0.2,0,0.21318723710126103,0.13203850299686942,0.15943211132127194,0.9289379361510554
vase__03,container,vase,final_hpid,5,5,2,1,0.4,0.2,0,0.21318723710126103,0.13203850299686942,0.15943211132127194,0.9289379361510554
vase__03,container,vase,final_dbscan,6,5,2,1,0.36363636363636365,0.18181818181818182,0,0.1687422690177627,0.14599495319599032,0.17003179987982958,0.9289379361510554
vase__04,container,vase,input_pool,7,5,3,2,0.5,0.3333333333333333,9708,0.43019080515293256,0.2943666019568668,0.3778577371048253,0.9172737628619861
vase__04,container,vase,after_same_source_dedup,7,5,3,2,0.5,0.3333333333333333,9708,0.43019080515293256,0.2943666019568668,0.3778577371048253,0.9172737628619861
vase__04,container,vase,after_instance_cap,7,5,3,2,0.5,0.3333333333333333,9708,0.43019080515293256,0.2943666019568668,0.3778577371048253,0.9172737628619861
vase__04,container,vase,after_hierarchy_duplicate_filter,7,5,3,2,0.5,0.3333333333333333,9708,0.43019080515293256,0.2943666019568668,0.3778577371048253,0.9172737628619861
vase__04,container,vase,diagnostic_consensus_argmax,3,5,3,2,0.75,0.5,0,0.4037464904701878,0.3064351697561069,0.37730626651658994,0.9172737628619861
vase__04,container,vase,diagnostic_parent_support_argmax,3,5,3,2,0.75,0.5,0,0.4037464904701878,0.3064351697561069,0.37730626651658994,0.9172737628619861
vase__04,container,vase,diagnostic_parent_residual_argmax,5,5,4,2,0.8,0.4,0,0.4237876119678889,0.2612334015110308,0.3322327371048253,0.9172737628619861
vase__04,container,vase,diagnostic_specificity_argmax,5,5,4,2,0.8,0.4,0,0.4237876119678889,0.2612334015110308,0.3322327371048253,0.9172737628619861
vase__04,container,vase,actual_semantic_argmax,5,5,4,2,0.8,0.4,0,0.4275756204690708,0.26320636460931357,0.33204891357541355,0.9172737628619861
vase__04,container,vase,after_direct_detail_gate,5,5,4,2,0.8,0.4,0,0.4275756204690708,0.26320636460931357,0.33204891357541355,0.9172737628619861
vase__04,container,vase,after_cleanup,5,5,4,2,0.8,0.4,0,0.42766515473635447,0.2632275323378702,0.33204891357541355,0.9159426480533339
vase__04,container,vase,after_root_restoration,5,5,4,2,0.8,0.4,0,0.42761193840896183,0.2632275323378702,0.33204891357541355,0.9172737628619861
vase__04,container,vase,identity_supported_before_remainder,5,5,4,2,0.8,0.4,0,0.42762730703407714,0.2632429009629855,0.33204891357541355,0.9172737628619861
vase__04,container,vase,identity_plus_eligible_remainder,5,5,4,2,0.8,0.4,0,0.42762730703407714,0.2632429009629855,0.33204891357541355,0.9172737628619861
vase__04,container,vase,after_remainder_attachment_before_filter,5,5,4,2,0.8,0.4,0,0.42762730703407714,0.2632429009629855,0.33204891357541355,0.9172737628619861
vase__04,container,vase,final_hpid,5,5,4,2,0.8,0.4,0,0.42762730703407714,0.2632429009629855,0.33204891357541355,0.9172737628619861
vase__04,container,vase,final_dbscan,5,5,4,2,0.8,0.4,0,0.43021399728040083,0.2642301291042837,0.3244386194577665,0.9172737628619861
wallet__01,daily_object,wallet,input_pool,4,2,1,0,0.3333333333333333,0.0,3742,0.24545035142642296,0.0,0.0,0.9971387696709585
wallet__01,daily_object,wallet,after_same_source_dedup,4,2,1,0,0.3333333333333333,0.0,3742,0.24545035142642296,0.0,0.0,0.9971387696709585
wallet__01,daily_object,wallet,after_instance_cap,4,2,1,0,0.3333333333333333,0.0,3742,0.24545035142642296,0.0,0.0,0.9971387696709585
wallet__01,daily_object,wallet,after_hierarchy_duplicate_filter,4,2,1,0,0.3333333333333333,0.0,3742,0.24545035142642296,0.0,0.0,0.9971387696709585
wallet__01,daily_object,wallet,diagnostic_consensus_argmax,2,2,0,0,0.0,0.0,0,0.1706686520762151,0.0,0.0,0.9971387696709585
wallet__01,daily_object,wallet,diagnostic_parent_support_argmax,2,2,0,0,0.0,0.0,0,0.1706686520762151,0.0,0.0,0.9971387696709585
wallet__01,daily_object,wallet,diagnostic_parent_residual_argmax,2,2,0,0,0.0,0.0,0,0.1706686520762151,0.0,0.0,0.9971387696709585
wallet__01,daily_object,wallet,diagnostic_specificity_argmax,3,2,0,0,0.0,0.0,0,0.18363233696134482,0.0,0.0,0.9971387696709585
wallet__01,daily_object,wallet,actual_semantic_argmax,3,2,0,0,0.0,0.0,0,0.18380610173135026,0.0,0.0,0.9971387696709585
wallet__01,daily_object,wallet,after_direct_detail_gate,4,2,0,0,0.0,0.0,0,0.18179124591012877,0.0,0.0,0.9971387696709585
wallet__01,daily_object,wallet,after_cleanup,4,2,0,0,0.0,0.0,0,0.18159234041428485,0.0,0.0,0.9971387696709585
wallet__01,daily_object,wallet,after_root_restoration,4,2,0,0,0.0,0.0,0,0.18159234041428485,0.0,0.0,0.9971387696709585
wallet__01,daily_object,wallet,identity_supported_before_remainder,4,2,0,0,0.0,0.0,0,0.18207017114048396,0.0,0.0,0.9971387696709585
wallet__01,daily_object,wallet,identity_plus_eligible_remainder,4,2,0,0,0.0,0.0,0,0.18207017114048396,0.0,0.0,0.9971387696709585
wallet__01,daily_object,wallet,after_remainder_attachment_before_filter,4,2,0,0,0.0,0.0,0,0.18207017114048396,0.0,0.0,0.9971387696709585
wallet__01,daily_object,wallet,final_hpid,4,2,0,0,0.0,0.0,0,0.18207017114048396,0.0,0.0,0.9971387696709585
wallet__01,daily_object,wallet,final_dbscan,4,2,2,0,0.6666666666666666,0.0,0,0.30366442067668137,0.0,0.0,0.9971387696709585
wallet__02,daily_object,wallet,input_pool,4,2,1,1,0.3333333333333333,0.3333333333333333,5350,0.4689641004087348,0.4689641004087348,0.8535898002479869,0.8875758071884163
wallet__02,daily_object,wallet,after_same_source_dedup,4,2,1,1,0.3333333333333333,0.3333333333333333,5350,0.4689641004087348,0.4689641004087348,0.8535898002479869,0.8875758071884163
wallet__02,daily_object,wallet,after_instance_cap,4,2,1,1,0.3333333333333333,0.3333333333333333,5350,0.4689641004087348,0.4689641004087348,0.8535898002479869,0.8875758071884163
wallet__02,daily_object,wallet,after_hierarchy_duplicate_filter,4,2,1,1,0.3333333333333333,0.3333333333333333,5350,0.4689641004087348,0.4689641004087348,0.8535898002479869,0.8875758071884163
wallet__02,daily_object,wallet,diagnostic_consensus_argmax,1,2,1,1,0.6666666666666666,0.6666666666666666,0,0.20669611188176534,0.1943615751789976,0.20214086255041885,0.2777866190079834
wallet__02,daily_object,wallet,diagnostic_parent_support_argmax,1,2,1,1,0.6666666666666666,0.6666666666666666,0,0.20669611188176534,0.1943615751789976,0.20214086255041885,0.2777866190079834
wallet__02,daily_object,wallet,diagnostic_parent_residual_argmax,1,2,1,1,0.6666666666666666,0.6666666666666666,0,0.20669611188176534,0.1943615751789976,0.20214086255041885,0.2777866190079834
wallet__02,daily_object,wallet,diagnostic_specificity_argmax,1,2,1,1,0.6666666666666666,0.6666666666666666,0,0.4655186346771597,0.4426981919332406,0.49379460130313374,0.8019126824839455
wallet__02,daily_object,wallet,actual_semantic_argmax,1,2,1,1,0.6666666666666666,0.6666666666666666,0,0.4642284250584705,0.44147018030513174,0.49379460130313374,0.8019126824839455
wallet__02,daily_object,wallet,after_direct_detail_gate,2,2,1,1,0.5,0.5,0,0.4563759022681284,0.43340581679804296,0.49472541110766366,0.812068584539398
wallet__02,daily_object,wallet,after_cleanup,2,2,1,1,0.5,0.5,0,0.4563759022681284,0.43340581679804296,0.49472541110766366,0.812068584539398
wallet__02,daily_object,wallet,after_root_restoration,2,2,1,1,0.5,0.5,0,0.4563759022681284,0.43340581679804296,0.49472541110766366,0.812068584539398
wallet__02,daily_object,wallet,identity_supported_before_remainder,2,2,1,1,0.5,0.5,0,0.4563759022681284,0.43340581679804296,0.49472541110766366,0.812068584539398
wallet__02,daily_object,wallet,identity_plus_eligible_remainder,2,2,1,1,0.5,0.5,0,0.4563759022681284,0.43340581679804296,0.49472541110766366,0.812068584539398
wallet__02,daily_object,wallet,after_remainder_attachment_before_filter,2,2,1,1,0.5,0.5,0,0.4563759022681284,0.43340581679804296,0.49472541110766366,0.812068584539398
wallet__02,daily_object,wallet,final_hpid,2,2,1,1,0.5,0.5,0,0.4563759022681284,0.43340581679804296,0.49472541110766366,0.812068584539398
wallet__02,daily_object,wallet,final_dbscan,2,2,1,1,0.5,0.5,0,0.46415196743554954,0.44,0.4948805460750853,0.8232938302079267
watch__01,device,watch,input_pool,11,3,2,0,0.2857142857142857,0.0,10621,0.4860166911610899,0.030654998674091754,0.29414758269720104,0.9303109255272105
watch__01,device,watch,after_same_source_dedup,11,3,2,0,0.2857142857142857,0.0,10621,0.4860166911610899,0.030654998674091754,0.29414758269720104,0.9303109255272105
watch__01,device,watch,after_instance_cap,11,3,2,0,0.2857142857142857,0.0,10621,0.4860166911610899,0.030654998674091754,0.29414758269720104,0.9303109255272105
watch__01,device,watch,after_hierarchy_duplicate_filter,11,3,2,0,0.2857142857142857,0.0,10621,0.4860166911610899,0.030654998674091754,0.29414758269720104,0.9303109255272105
watch__01,device,watch,diagnostic_consensus_argmax,3,3,1,0,0.3333333333333333,0.0,0,0.3132393464153405,0.006064591553412247,0.04223918575063613,0.9303109255272105
watch__01,device,watch,diagnostic_parent_support_argmax,3,3,1,0,0.3333333333333333,0.0,0,0.3132393464153405,0.006064591553412247,0.04223918575063613,0.9303109255272105
watch__01,device,watch,diagnostic_parent_residual_argmax,3,3,2,0,0.6666666666666666,0.0,0,0.39844470791675746,0.019692707206232417,0.13893129770992366,0.9303109255272105
watch__01,device,watch,diagnostic_specificity_argmax,6,3,2,0,0.4444444444444444,0.0,0,0.5137830664807105,0.000975177304964539,0.005597964376590331,0.9303109255272105
watch__01,device,watch,actual_semantic_argmax,6,3,2,0,0.4444444444444444,0.0,0,0.5142654591483419,0.0008865248226950354,0.0050890585241730275,0.9303109255272105
watch__01,device,watch,after_direct_detail_gate,6,3,2,0,0.4444444444444444,0.0,0,0.5142654591483419,0.0008865248226950354,0.0050890585241730275,0.9303109255272105
watch__01,device,watch,after_cleanup,5,3,2,0,0.5,0.0,0,0.5139929472482813,0.0007980845969672786,0.004580152671755725,0.929631079503853
watch__01,device,watch,after_root_restoration,5,3,2,0,0.5,0.0,0,0.5139929472482813,0.0008865248226950354,0.0050890585241730275,0.9303109255272105
watch__01,device,watch,identity_supported_before_remainder,5,3,2,0,0.5,0.0,0,0.5139929472482813,0.0008865248226950354,0.0050890585241730275,0.9303109255272105
watch__01,device,watch,identity_plus_eligible_remainder,5,3,2,0,0.5,0.0,0,0.5139929472482813,0.0008865248226950354,0.0050890585241730275,0.9303109255272105
watch__01,device,watch,after_remainder_attachment_before_filter,5,3,2,0,0.5,0.0,0,0.5139929472482813,0.0008865248226950354,0.0050890585241730275,0.9303109255272105
watch__01,device,watch,final_hpid,5,3,2,0,0.5,0.0,0,0.5139929472482813,0.0008865248226950354,0.0050890585241730275,0.9303109255272105
watch__01,device,watch,final_dbscan,3,3,1,0,0.3333333333333333,0.0,0,0.31396919562483133,0.000975177304964539,0.005597964376590331,0.9298020196747933
watch__02,device,watch,input_pool,4,3,0,0,0.0,0.0,1822,0.00011152001784320286,0.0,0.0,0.00015144631228229593
watch__02,device,watch,after_same_source_dedup,4,3,0,0,0.0,0.0,1822,0.00011152001784320286,0.0,0.0,0.00015144631228229593
watch__02,device,watch,after_instance_cap,4,3,0,0,0.0,0.0,1822,0.00011152001784320286,0.0,0.0,0.00015144631228229593
watch__02,device,watch,after_hierarchy_duplicate_filter,4,3,0,0,0.0,0.0,1822,0.00011152001784320286,0.0,0.0,0.00015144631228229593
watch__02,device,watch,diagnostic_consensus_argmax,1,3,0,0,0.0,0.0,0,6.126324817741837e-05,0.0,0.0,0.00015144631228229593
watch__02,device,watch,diagnostic_parent_support_argmax,1,3,0,0,0.0,0.0,0,6.126324817741837e-05,0.0,0.0,0.00015144631228229593
watch__02,device,watch,diagnostic_parent_residual_argmax,4,3,0,0,0.0,0.0,0,0.00011442956860052639,0.0,0.0,0.00015144631228229593
watch__02,device,watch,diagnostic_specificity_argmax,4,3,0,0,0.0,0.0,0,0.00011442956860052639,0.0,0.0,0.00015144631228229593
watch__02,device,watch,actual_semantic_argmax,4,3,0,0,0.0,0.0,0,0.00011419435879867535,0.0,0.0,0.00015144631228229593
watch__02,device,watch,after_direct_detail_gate,4,3,0,0,0.0,0.0,0,0.0001124985937675779,0.0,0.0,0.00015144631228229593
watch__02,device,watch,after_cleanup,4,3,0,0,0.0,0.0,0,0.0001124985937675779,0.0,0.0,0.00015144631228229593
watch__02,device,watch,after_root_restoration,4,3,0,0,0.0,0.0,0,0.0001124985937675779,0.0,0.0,0.00015144631228229593
watch__02,device,watch,identity_supported_before_remainder,4,3,0,0,0.0,0.0,0,0.0001124985937675779,0.0,0.0,0.00015144631228229593
watch__02,device,watch,identity_plus_eligible_remainder,4,3,0,0,0.0,0.0,0,0.0001124985937675779,0.0,0.0,0.00015144631228229593
watch__02,device,watch,after_remainder_attachment_before_filter,4,3,0,0,0.0,0.0,0,0.0001124985937675779,0.0,0.0,0.00015144631228229593
watch__02,device,watch,final_hpid,4,3,0,0,0.0,0.0,0,0.0001124985937675779,0.0,0.0,0.00015144631228229593
watch__02,device,watch,final_dbscan,4,3,0,0,0.0,0.0,0,0.00011392116655274551,0.0,0.0,0.00015144631228229593
watch__03,device,watch,input_pool,10,2,1,1,0.16666666666666666,0.16666666666666666,3398,0.4128537778772124,0.3129222241468907,0.4968371837183718,0.9595947114521277
watch__03,device,watch,after_same_source_dedup,10,2,1,1,0.16666666666666666,0.16666666666666666,3398,0.4128537778772124,0.3129222241468907,0.4968371837183718,0.9595947114521277
watch__03,device,watch,after_instance_cap,10,2,1,1,0.16666666666666666,0.16666666666666666,3398,0.4128537778772124,0.3129222241468907,0.4968371837183718,0.9595947114521277
watch__03,device,watch,after_hierarchy_duplicate_filter,10,2,1,1,0.16666666666666666,0.16666666666666666,3398,0.4128537778772124,0.3129222241468907,0.4968371837183718,0.9595947114521277
watch__03,device,watch,diagnostic_consensus_argmax,2,2,1,1,0.5,0.5,0,0.4112565966722505,0.31093019227438073,0.4936743674367437,0.9595947114521277
watch__03,device,watch,diagnostic_parent_support_argmax,2,2,1,1,0.5,0.5,0,0.4112565966722505,0.31093019227438073,0.4936743674367437,0.9595947114521277
watch__03,device,watch,diagnostic_parent_residual_argmax,4,2,1,1,0.3333333333333333,0.3333333333333333,0,0.2790657778509937,0.19146469968387778,0.24986248624862487,0.9595947114521277
watch__03,device,watch,diagnostic_specificity_argmax,4,2,1,1,0.3333333333333333,0.3333333333333333,0,0.271504242320864,0.18390316415374813,0.23817381738173818,0.9595947114521277
watch__03,device,watch,actual_semantic_argmax,4,2,1,1,0.3333333333333333,0.3333333333333333,0,0.27017916491764604,0.1821000855431993,0.2341859185918592,0.9595947114521277
watch__03,device,watch,after_direct_detail_gate,4,2,1,1,0.3333333333333333,0.3333333333333333,0,0.27017916491764604,0.1821000855431993,0.2341859185918592,0.9595947114521277
watch__03,device,watch,after_cleanup,4,2,1,1,0.3333333333333333,0.3333333333333333,0,0.27004472294330395,0.1820419520547945,0.23391089108910892,0.9593196839493775
watch__03,device,watch,after_root_restoration,4,2,1,1,0.3333333333333333,0.3333333333333333,0,0.27004472294330395,0.1821000855431993,0.2341859185918592,0.9595947114521277
watch__03,device,watch,identity_supported_before_remainder,9,2,1,1,0.18181818181818182,0.18181818181818182,0,0.27004472294330395,0.1821000855431993,0.2341859185918592,0.9595947114521277
watch__03,device,watch,identity_plus_eligible_remainder,9,2,1,1,0.18181818181818182,0.18181818181818182,0,0.27004472294330395,0.1821000855431993,0.2341859185918592,0.9595947114521277
watch__03,device,watch,after_remainder_attachment_before_filter,9,2,1,1,0.18181818181818182,0.18181818181818182,0,0.27004472294330395,0.1821000855431993,0.2341859185918592,0.9595947114521277
watch__03,device,watch,final_hpid,8,2,1,1,0.2,0.2,0,0.27004472294330395,0.1821000855431993,0.2341859185918592,0.9591821701980023
watch__03,device,watch,final_dbscan,4,2,1,1,0.3333333333333333,0.3333333333333333,0,0.28191349037309205,0.17831715210355986,0.2273102310231023,0.9593196839493775
watch__04,device,watch,input_pool,1,2,0,0,0.0,0.0,0,0.0008162393906025825,0.0004693183151472486,0.00107095046854083,0.0031264489269169863
watch__04,device,watch,after_same_source_dedup,1,2,0,0,0.0,0.0,0,0.0008162393906025825,0.0004693183151472486,0.00107095046854083,0.0031264489269169863
watch__04,device,watch,after_instance_cap,1,2,0,0,0.0,0.0,0,0.0008162393906025825,0.0004693183151472486,0.00107095046854083,0.0031264489269169863
watch__04,device,watch,after_hierarchy_duplicate_filter,1,2,0,0,0.0,0.0,0,0.0008162393906025825,0.0004693183151472486,0.00107095046854083,0.0031264489269169863
watch__04,device,watch,diagnostic_consensus_argmax,1,2,0,0,0.0,0.0,0,0.0008162393906025825,0.0004693183151472486,0.00107095046854083,0.0031264489269169863
watch__04,device,watch,diagnostic_parent_support_argmax,1,2,0,0,0.0,0.0,0,0.0008162393906025825,0.0004693183151472486,0.00107095046854083,0.0031264489269169863
watch__04,device,watch,diagnostic_parent_residual_argmax,1,2,0,0,0.0,0.0,0,0.0008162393906025825,0.0004693183151472486,0.00107095046854083,0.0031264489269169863
watch__04,device,watch,diagnostic_specificity_argmax,1,2,0,0,0.0,0.0,0,0.0008162393906025825,0.0004693183151472486,0.00107095046854083,0.0031264489269169863
watch__04,device,watch,actual_semantic_argmax,1,2,0,0,0.0,0.0,0,0.0008162393906025825,0.0004693183151472486,0.00107095046854083,0.0031264489269169863
watch__04,device,watch,after_direct_detail_gate,1,2,0,0,0.0,0.0,0,0.0008162393906025825,0.0004693183151472486,0.00107095046854083,0.0031264489269169863
watch__04,device,watch,after_cleanup,1,2,0,0,0.0,0.0,0,0.0008162393906025825,0.0004693183151472486,0.00107095046854083,0.0031264489269169863
watch__04,device,watch,after_root_restoration,1,2,0,0,0.0,0.0,0,0.0008162393906025825,0.0004693183151472486,0.00107095046854083,0.0031264489269169863
watch__04,device,watch,identity_supported_before_remainder,1,2,0,0,0.0,0.0,0,0.0008162393906025825,0.0004693183151472486,0.00107095046854083,0.0031264489269169863
watch__04,device,watch,identity_plus_eligible_remainder,1,2,0,0,0.0,0.0,0,0.0008162393906025825,0.0004693183151472486,0.00107095046854083,0.0031264489269169863
watch__04,device,watch,after_remainder_attachment_before_filter,1,2,0,0,0.0,0.0,0,0.0008162393906025825,0.0004693183151472486,0.00107095046854083,0.0031264489269169863
watch__04,device,watch,final_hpid,1,2,0,0,0.0,0.0,0,0.0008162393906025825,0.0004693183151472486,0.00107095046854083,0.0031264489269169863
watch__04,device,watch,final_dbscan,1,2,0,0,0.0,0.0,0,0.0008162393906025825,0.0004693183151472486,0.00107095046854083,0.0031264489269169863
