split,case_id,candidate_key,semantic_name,semantic_parent,source,score,source_reliability,mask_sha256,metadata_sha256,profile_gate_nomination
holdout42,belt__u01,root:14,daily_object,daily_object,grounded-sam2[IDEA-Research/grounding-dino-tiny|facebook/sam2.1-hiera-tiny]/root,0.242923304438591,0.98095703125,bc8f227aae7f4e29d8aefffe77fae68ceafa0223b5cb43cbeda7a25a81da81e4,b4636ca00dba9b07a6aa6a66400495e389138361077084397bfe8cf2aef4fb01,False
holdout42,belt__u01,root:14/profile-refine:IDEA-Research_grounding-dino-tiny:daily_object_buckle_prong:01,daily_object_buckle_prong,daily_object_buckle,grounded-sam2[IDEA-Research/grounding-dino-tiny|facebook/sam2.1-hiera-tiny]/profile-refine,0.39583462476730347,0.862017578125,8cf87eef1aea0dc10fbb0f339bcb30301e7bea63f3a8d9f0290a60ca140380d4,a203c9a0b1fe808c13082bf24f8c5df0c3024dba2da8d66dd4e394d6302d393d,True
holdout42,belt__u01,root:14/visual-region:01,daily_object_belt_loop,daily_object_band,sam2-amg[facebook/sam2.1-hiera-tiny]/prototype-labelled-region,0.7618249407893045,0.584176929359436,270851f64e412bfc9d8b205a6d0138ae1938d5e1b76ae15effedc0ca822fa0fe,a302bbfa49d9aea84f5faf7da24bcc31e7d4dd5def3df91770f0ff0f76f3e80d,False
holdout42,belt__u01,root:14/visual-region:02,daily_object_visual_panel_02,daily_object,sam2-amg[facebook/sam2.1-hiera-tiny]/point-grid,0.7827935886315519,0.62,aff8f813230175989983c05c5f21f35a8d937c34724da37704a3d700b3cc73bd,f7a10f1140ca859b7a10ec011ef422712fe702047954491112bc69e50f8ec104,False
holdout42,belt__u01,root:14/visual-region:03,daily_object_buckle_prong,daily_object_buckle,sam2-amg[facebook/sam2.1-hiera-tiny]/point-grid,0.9029066201752144,0.68,1df6bffbcb7d5cf1939906441ccae1b8984f03a36ec15d2e235fdbab4e072f75,8b984747c6618d5f178c7bce85ff33b873fccf6787ec2c9021732672f1c20831,False
holdout42,bench__u01,root:1,furniture,furniture,grounded-sam2[IDEA-Research/grounding-dino-tiny|facebook/sam2.1-hiera-tiny]/root,0.8899121284484863,0.9735351562500001,3291c7640d532df8ce0c8f02d860972b53ab3f3bc2ff6db8365f479c0517e87d,469a69b9e67040e4a96fba672043e3e546474daef095c7ee60ae0706c8ce50f8,False
holdout42,bench__u01,root:1/profile-dense:furniture_foot:03,furniture_foot,furniture_leg,clipseg-sam2[CIDAS/clipseg-rd64-refined|facebook/sam2.1-hiera-tiny]/profile-dense-supplement,0.5135259032249451,0.5007476396823651,f3dbc5d188eea7334bc5f01f4da25aa7d59a56fc8beaae6ad16c554cfe908561,6e6aef17c3eb5329e5545aafdbac6a5b425c300e132924fa72d6bb819a0fb2f1,True
holdout42,bench__u01,root:1/profile-dense:furniture_foot:04,furniture_foot,furniture_leg,clipseg-sam2[CIDAS/clipseg-rd64-refined|facebook/sam2.1-hiera-tiny]/profile-dense-supplement,0.3558049499988556,0.4214586066582881,ae250ebed9e714ec69f1358e59ce1d7a74afb3e360abef8f7913cd51b006963e,66c9d968955c56069422594312ee97076eeab74e5e4eae70fe3d96d9e3dc5936,True
holdout42,bench__u01,root:1/profile-dense:furniture_leg:04,furniture_leg,furniture_body,clipseg-sam2[CIDAS/clipseg-rd64-refined|facebook/sam2.1-hiera-tiny]/profile-dense-supplement,0.7484283447265625,0.6754371204650403,5bbd90fb481561770c29d7414f278c461c462841537abc05d91dcf25417e77c7,03bcf68dfd2c29a9dc8870bf2b2b9e6468745881ed0146ef059cc0976c52fe46,True
holdout42,bench__u01,root:1/profile-refine:IDEA-Research_grounding-dino-tiny:furniture_armrest:01,furniture_armrest,furniture_body,grounded-sam2[IDEA-Research/grounding-dino-tiny|facebook/sam2.1-hiera-tiny]/profile-refine,0.48718541860580444,0.8653046875000001,b0c7db93cb84ffe84f98a714179cffe8eb26f81921d1543d9518ff5dbaadcb1b,8a11355fe05b561b703279d0928bd50e8edf132081d4cb10637115f31def71bd,True
holdout42,bench__u01,root:1/profile-refine:IDEA-Research_grounding-dino-tiny:furniture_armrest:02,furniture_armrest,furniture_body,grounded-sam2[IDEA-Research/grounding-dino-tiny|facebook/sam2.1-hiera-tiny]/profile-refine,0.29007506370544434,0.8643378906250001,f86329a5085ed3fde8e6616e35ff3cade4d7633b68f4b1814b69b3c8c0820c11,7cd379e7250ebf20ce443041bf170ff0cf3b485e499d88c370c8136383537580,True
holdout42,bench__u01,root:1/profile-refine:IDEA-Research_grounding-dino-tiny:furniture_backrest:01,furniture_backrest,furniture_body,grounded-sam2[IDEA-Research/grounding-dino-tiny|facebook/sam2.1-hiera-tiny]/profile-refine,0.24436300992965698,0.96504375,66ddf3490689caa058232e2f460b64ffa728c2c826ba2211968bc10c4bf42741,66bc491cc612a3b50885c665c5a8afe61b4ec245fd39a442cb8026caddcadbbe,True
holdout42,bench__u01,root:1/profile-refine:IDEA-Research_grounding-dino-tiny:furniture_cushion:02,furniture_cushion,furniture_seat,grounded-sam2[IDEA-Research/grounding-dino-tiny|facebook/sam2.1-hiera-tiny]/profile-refine,0.2496301382780075,0.8571835937500001,98bb61740f205a4c6539c3352a99e8b871473a69e787e45e843e4810bcf9d7f2,f4fe7b56230e2719078cc779d977c78d997fadc0ff1ab553f2b58301fd6bcdf0,True
holdout42,bench__u01,root:1/profile-refine:IDEA-Research_grounding-dino-tiny:furniture_foot:01,furniture_foot,furniture_leg,grounded-sam2[IDEA-Research/grounding-dino-tiny|facebook/sam2.1-hiera-tiny]/profile-refine,0.34997692704200745,0.8571835937500001,9c4af4d3854d29123d0cdfc15c4b26f768189e1635ea5feeb2611907e5b72d11,6bd401edf75c545069b8da92af3c5310499669e8057b94fdb4e384b54f83c6c1,True
holdout42,bench__u01,root:1/profile-refine:IDEA-Research_grounding-dino-tiny:furniture_foot:02,furniture_foot,furniture_leg,grounded-sam2[IDEA-Research/grounding-dino-tiny|facebook/sam2.1-hiera-tiny]/profile-refine,0.33296075463294983,0.865111328125,84da7e3daac8f5ea8c112fd93244091caf030e83434e73c6ebb5c34180200b9f,0ceeae5d171ae284d3dde273b401970fc8cfed57e5b4f3b8f4052cd078594d97,True
holdout42,bench__u01,root:1/profile-refine:IDEA-Research_grounding-dino-tiny:furniture_leg:02,furniture_leg,furniture_body,grounded-sam2[IDEA-Research/grounding-dino-tiny|facebook/sam2.1-hiera-tiny]/profile-refine,0.31636926531791687,1.02049921875,da5ac9826c1b7770d8d7fbfd42b83386b51c427fe0bd708e6d2a685a4b56a8d6,18e095c6ca91ea44b797f03761da043b2bb5ecca84a992e8558243e3faa7c5f9,True
holdout42,bench__u01,root:1/profile-refine:IDEA-Research_grounding-dino-tiny:furniture_seat:01,furniture_seat,furniture_body,grounded-sam2[IDEA-Research/grounding-dino-tiny|facebook/sam2.1-hiera-tiny]/profile-refine,0.3967691659927368,1.1295281250000002,408baab03ac26b74bf35c2f56f4be400e919a42dcaea93b404cf985958d7cad5,83756b24b4a265eb6d98d8e3f95e65e2cd54db60c004900be4932ceba9da4ced,True
holdout42,bench__u01,root:1/profile-refine:IDEA-Research_grounding-dino-tiny:furniture_stretcher:03,furniture_stretcher,furniture_leg,grounded-sam2[IDEA-Research/grounding-dino-tiny|facebook/sam2.1-hiera-tiny]/profile-refine,0.2514638304710388,0.9507716796875002,be3fc5dd725a98ff8082d9b1d78f40b92b00bcc7d8b1aa6dadfd80c093777e00,6d84bc39f63feb1e47c0b6a3b1637383cdee80a3b32b13ef34a36f32447d0cd8,True
holdout42,bench__u01,root:1/visual-region:01,furniture_leg,furniture_body,sam2-amg[facebook/sam2.1-hiera-tiny]/point-grid,0.8678636243939973,0.68,6c0fc0d3badca18ed8739affa0f1fe4871722a72f8632dc624e0e5516d33bf24,39756a248d5ecf79536c9c89c875c4ca19c996b1a963cdeefe48cbf195f045a4,False
holdout42,bench__u01,root:1/visual-region:03,furniture_visual_panel_01,furniture,sam2-amg[facebook/sam2.1-hiera-tiny]/point-grid,0.7345763451828083,0.62,12d0957e6a8be1406c817db695edc4cf2aa48e3baf5762180a71a8d22ddf8782,131c81c2e8532b2bea1f0fe178528c50d7dce4482ab04f1da3c5bbd61ce74c88,False
holdout42,bench__u01,root:1/visual-region:04,furniture_leg,furniture_body,sam2-amg[facebook/sam2.1-hiera-tiny]/point-grid/semantic-rerank,0.5886789780983482,0.66,8284f04d954c70e7af4469b6cc111bf0ed3552838df6449cde52247450b61e50,ad9d8662fe66aecfcfca74d1c88445f354502e849778e212a0d59db92137c907,True
holdout42,bench__u01,root:1/visual-region:05,furniture_visual_strip_02,furniture,sam2-amg[facebook/sam2.1-hiera-tiny]/point-grid,0.6211457475359545,0.62,973c8bf192758f1cdc83541a8b35c23bbae01c9e641802fb5a9cbed34482c55f,6e7ad5cb29cbf6ddbd496803298a8f422153885e8d004a87338c33e582e31eac,False
holdout42,bench__u01,root:1/visual-region:06,furniture_leg,furniture_body,sam2-amg[facebook/sam2.1-hiera-tiny]/point-grid/semantic-rerank,0.5904263781804927,0.66,61dedbd9bc5c381917b0e5f78a61b7dbcdcd9fc0dbfabd1b84d1fcc5cb146841,dea30c693549d2f31d0e38f2d34a7c748ed45b85b1d36d2c1d2d4ab4fea6a54d,True
holdout42,bench__u01,root:1/visual-region:09,furniture_armrest,furniture_body,sam2-amg[facebook/sam2.1-hiera-tiny]/point-grid,0.801707920591229,0.68,2b3a8036255fc15126b7cee9341d7afee2b073df3d382fdad01127f2dc000b49,a66eee8bbcb3f91162e0e0452626ad0d0e0bef6f9f522c4de745762a1459ab15,False
holdout42,bench__u01,root:1/visual-region:10,furniture_visual_strip_04,furniture,sam2-amg[facebook/sam2.1-hiera-tiny]/point-grid,0.7251082688401824,0.62,edd2397b4e21ac538e6545e9516c6abbcc84ff3532b3c14c4142813c163fab4e,f905c72b4070a87fb8301a02d045172c9b4d005e932420b781a72ce56a51847d,False
holdout42,bench__u01,root:1/visual-region:12,furniture_seat,furniture_body,sam2-amg[facebook/sam2.1-hiera-tiny]/point-grid,0.8181641130350019,0.68,a094441fb5552b6a340210de32cf5de3c7c606b0d98f96960796fdc86b5c5be1,a0143b637a2cb6ebad2209eb1b895b28fd91dde5f03fabc85ceaf4b2b41fb6ad,False
holdout42,bench__u01,root:1/visual-region:13,furniture_leg,furniture_body,sam2-amg[facebook/sam2.1-hiera-tiny]/point-grid,0.6178157025597575,0.68,6866dc32b9040e561bafbdd3f684839d4995215d15b44971f91d89907623b039,3206810c3302706aabf3c69dc3a6e967f98b56bbf8059c9d3a7a4bbe2b01fdb1,False
holdout42,bench__u01,root:1/visual-region:16,furniture_visual_strip_05,furniture,sam2-amg[facebook/sam2.1-hiera-tiny]/point-grid,0.7163864137150755,0.62,0fff9dd478d0a31a3fbc06a0f4661ccf4cb373b1150688754a61623e5f5eb84d,bb4e767aa27669523bc8961fc1fc12526db06b8d6b47a07c5d306b949b9484ec,False
holdout42,bench__u01,root:1/visual-region:17,furniture_leg,furniture_body,sam2-amg[facebook/sam2.1-hiera-tiny]/point-grid/semantic-rerank,0.6034108991439037,0.66,11f3c1a714ece760f4ec624ec8ac7144b6ff6dadb819eebe83124f8d5eca6b9b,085141163e7d921d9319cf2998b2e6565734e98e7d8e6842d5ed28873e1e85bd,True
holdout42,bench__u01,root:1/visual-region:19,furniture_visual_panel_03,furniture,sam2-amg[facebook/sam2.1-hiera-tiny]/point-grid,0.6671231845323323,0.62,24558202e78c4e737e840e5db38b0de7e70ea3e2f9f6a71328a5b4fa56cc3d07,f89f27335cecd7312e9a25e04e513a76a8b0bf25972f352526476aa49ceec8e0,False
holdout42,bicycle__u01,root:1,vehicle,vehicle,grounded-sam2[IDEA-Research/grounding-dino-tiny|facebook/sam2.1-hiera-tiny]/root,0.9263036847114563,0.9808593750000001,4c50e50ddf3e9b994c081a7117ec1ff9fdda61e0cbde11cf9492248b3d49dcff,955488c5a44bc9a11831252d4389851c93758cbc0b2a45aee41ec4d572e379bc,False
holdout42,bicycle__u01,root:1/profile-refine:IDEA-Research_grounding-dino-tiny:vehicle_chain:01,vehicle_chain,vehicle_frame,grounded-sam2[IDEA-Research/grounding-dino-tiny|facebook/sam2.1-hiera-tiny]/profile-refine,0.3159469962120056,0.7927949218750001,f23d931304ae1ddad23f504e3fbc249664a9f5b63bfeb3cd2ea76c03e8decd5a,bb0d76bd775451791ffa6fdde5cb14b0bd04ff50d6a271e86cf0cbebef7d5ed9,True
holdout42,bicycle__u01,root:1/profile-refine:IDEA-Research_grounding-dino-tiny:vehicle_gear:01,vehicle_gear,vehicle_frame,grounded-sam2[IDEA-Research/grounding-dino-tiny|facebook/sam2.1-hiera-tiny]/profile-refine,0.27318641543388367,0.8341738281250001,dcc63013ff0bd0db75ce5b4b3df9b0660b863103677f36165aa2f87199dd097e,46df4a93472181d2b9807623fd42e4089b6bd86d2deb133b431a691f201deca1,True
holdout42,bicycle__u01,root:1/profile-refine:IDEA-Research_grounding-dino-tiny:vehicle_handlebar:02,vehicle_handlebar,vehicle_frame,grounded-sam2[IDEA-Research/grounding-dino-tiny|facebook/sam2.1-hiera-tiny]/profile-refine,0.3143661916255951,0.8386210937500002,76865848e827d431294658623b103fd1e4f9961a2c49ce2b971b29133a3110f6,ca9d9dd527db3e0b7282b1513a5884fa8796ea3031fbf4dabb0474e2691e10a6,True
holdout42,bicycle__u01,root:1/profile-refine:IDEA-Research_grounding-dino-tiny:vehicle_wheel:01,vehicle_wheel,vehicle_body,grounded-sam2[IDEA-Research/grounding-dino-tiny|facebook/sam2.1-hiera-tiny]/profile-refine,0.42042112350463867,0.8488691406250001,6e5439ea362dcc31087dd390f995a2a56f1490e3289c622918a32593e656f56f,ca93726fccd11ecadca06b49e79958848146b6d2d1eb134101abfeadb39f482b,True
holdout42,bicycle__u01,root:1/visual-region:01,vehicle_handlebar,vehicle_frame,sam2-amg[facebook/sam2.1-hiera-tiny]/point-grid,0.6457012223193959,0.68,3de4a3bb93ddbebec9bcdbdaa167b07913595d96f5e9ce72d26c3769ebe853f2,ac736ef411140033c6fd2b53251e1cad61c25dd3154a57ceefd7198bb3e09697,False
holdout42,bicycle__u01,root:1/visual-region:02,vehicle_visual_strip_01,vehicle,sam2-amg[facebook/sam2.1-hiera-tiny]/point-grid,0.6366217015984185,0.62,a03dbea27558b1ddee320b1c9bc9f7a6707bba690773eb6917071b23495a5a86,09c1b0e5bfd220a65eb87f4e48e9a99b096f9ac6642204149ce762b0c7f97c38,False
holdout42,bicycle__u01,root:1/visual-region:04,vehicle_wheel,vehicle_body,sam2-amg[facebook/sam2.1-hiera-tiny]/point-grid/semantic-rerank,0.564553186598403,0.66,6e7dcab02d4a61b13a59aa935634af2fa128dcbf0c14dd2a46d6494aa5988929,c9ea7fa30f5cc69e07158df046238f228267c76f0e19799dc1f742c36210b127,True
holdout42,bicycle__u01,root:1/visual-region:07,vehicle_pedal,vehicle_frame,sam2-amg[facebook/sam2.1-hiera-tiny]/point-grid/semantic-rerank,0.496487020043153,0.66,b15ae16c6559eefdee5fe28babc3ee317a0c7fb6d01fa06fe3acc00b70abcbd2,0c9c3bbcd5cefd2831da45f6d383675a4e546ec36f7d8c5684d4a13f835fa719,True
holdout42,bicycle__u02,root:1,vehicle,vehicle,grounded-sam2[IDEA-Research/grounding-dino-tiny|facebook/sam2.1-hiera-tiny]/root,0.9401335716247559,0.96787109375,7619876f062bccf01562cb354343b061eda28ce020372dd68e35ebfe6a96dd1a,04e7c18b99e82515e381d95ecbbaaa6c73f51e22d3265b615e91dd83fd552e4d,False
holdout42,bicycle__u02,root:1/profile-refine:IDEA-Research_grounding-dino-tiny:vehicle_chain:02,vehicle_chain,vehicle_frame,grounded-sam2[IDEA-Research/grounding-dino-tiny|facebook/sam2.1-hiera-tiny]/profile-refine,0.24274376034736633,0.773458984375,2185ccbaf75c6fbca3a5802313713151dbb9dc3ed5b0a5235feeda2a1d963442,5e84b6f626d3c49a1b341c709069125143cf7b8e7f1d2a70b31fdb6e00c01bf3,True
holdout42,bicycle__u02,root:1/profile-refine:IDEA-Research_grounding-dino-tiny:vehicle_fork:01,vehicle_fork,vehicle_frame,grounded-sam2[IDEA-Research/grounding-dino-tiny|facebook/sam2.1-hiera-tiny]/profile-refine,0.2615194618701935,0.84403515625,2faf63e6babf45f10fe8125af4557a1d65ead755744e66b0f71de9fba94db61d,2395899d32d949e17cbfb74723b52328b406dc8571079642fd7bf64196eb8467,True
holdout42,bicycle__u02,root:1/profile-refine:IDEA-Research_grounding-dino-tiny:vehicle_frame:01,vehicle_frame,vehicle_body,grounded-sam2[IDEA-Research/grounding-dino-tiny|facebook/sam2.1-hiera-tiny]/profile-refine,0.25590112805366516,0.7614707031250001,df7d885746027d28b592310468420a4765133d8726de8992bde8a12519b6021f,61b602fb5b4f3b820649c5428c77a419cae70803b5922fa3fbb8ca3dadb21212,True
holdout42,bicycle__u02,root:1/profile-refine:IDEA-Research_grounding-dino-tiny:vehicle_handlebar:02,vehicle_handlebar,vehicle_frame,grounded-sam2[IDEA-Research/grounding-dino-tiny|facebook/sam2.1-hiera-tiny]/profile-refine,0.319121390581131,0.8285664062500001,b0a26f7c166a50a14f9c37634916c2180098c68ab3820ded5ee15b43b8b89388,cbe0532a6a6430b1da9b7676ef04eb95d365decb3aed87db889ef62e523eece4,True
holdout42,bicycle__u02,root:1/profile-refine:IDEA-Research_grounding-dino-tiny:vehicle_wheel:01,vehicle_wheel,vehicle_body,grounded-sam2[IDEA-Research/grounding-dino-tiny|facebook/sam2.1-hiera-tiny]/profile-refine,0.4025682508945465,0.8132910156250001,c4460d36c40f96eac362c1156e49aeb19e1e44d07ca5c6c7662f7b5c8fd640fe,2c894ef97d4c7c46d608f4122cad9632a5bffc9bcc258f5953dd9222a8f6674f,True
holdout42,bicycle__u02,root:1/visual-region:01,vehicle_handlebar,vehicle_frame,sam2-amg[facebook/sam2.1-hiera-tiny]/point-grid,0.6621599138883428,0.68,220fd8c186be685644826aa9834a786d1d89aeefb5135d01da37bb17118c9f11,ebc5f1e84ae708773e227b5a3fd3eb10e062398796c207356d621f8f96805519,False
holdout42,bicycle__u02,root:1/visual-region:02,vehicle_seat_tube,vehicle_frame,sam2-amg[facebook/sam2.1-hiera-tiny]/point-grid/semantic-rerank,0.5964543844516598,0.66,7857ab9e56d0813df1cd2e687a65031872cc4394a8a2267ac87f86fd05952ac2,520f17e405679a3df2a230481976c93a8caf7ecb9dc0bf57c2a5f823d99f1a26,True
holdout42,bicycle__u02,root:1/visual-region:03,vehicle_visual_strip_02,vehicle,sam2-amg[facebook/sam2.1-hiera-tiny]/point-grid,0.6711742269096594,0.62,057913ecb0ca0ac706b0dd10be6e2c6e45eae943013cb3f75e157dbd9bf308dd,ec2f374a92a7f32b765de11ae0aafd7b31324295ad4539e28b841b4c7947596a,False
holdout42,bicycle__u02,root:1/visual-region:05,vehicle_visual_strip_03,vehicle,sam2-amg[facebook/sam2.1-hiera-tiny]/point-grid,0.6834717664214831,0.62,d917673d13d06c73fb15221afb942788a2c4814daa55165e3954465cad4d67c6,8064834a316da6004b2659b4faa87f1899a08feed7012cc77bcff8ef2f350f5b,False
holdout42,bicycle__u02,root:1/visual-region:06,vehicle_pedal,vehicle_frame,sam2-amg[facebook/sam2.1-hiera-tiny]/point-grid/semantic-rerank,0.5618012463483872,0.66,8dd8e0c40e9df222f5922028cd2d009534a37caf7c7566cd6bc11130f0a1b56a,950359e37634148ddacb4a1698ba2442c5dca4a43dde82b303e5fd44859a13fe,True
holdout42,bicycle__u02,root:1/visual-region:07,vehicle_pedal,vehicle_frame,sam2-amg[facebook/sam2.1-hiera-tiny]/prototype-labelled-region,0.7259074648447665,0.6097708808860778,562cfeb9aab2cd6510675f3544e77d9f03cccff8464c48afa08c6af678648138,428367991c7654b974114f216d8a5bf3e690324941cbf4352514d9d34c2016a2,False
holdout42,bicycle__u02,root:1/visual-region:08,vehicle_gear,vehicle_frame,sam2-amg[facebook/sam2.1-hiera-tiny]/prototype-labelled-region,0.6507154351522182,0.6124940881338119,2b3981eb88089c33f6de6d7c7ac7910d5e260553d91322500dd6cd507965d815,4f3d7ebcffb6f843000864d3ba90db8ed7b90029baa3b7576b20a0d5a0d3613b,False
holdout42,book__u01,root:1,daily_object,daily_object,grounded-sam2[IDEA-Research/grounding-dino-tiny|facebook/sam2.1-hiera-tiny]/root,0.7187917828559875,0.9904296875,e0852a3462f144b0fdf2b2c4d3b07c1ca66795ceb0f2f32a65a3c784c0c07a7d,b474014ebbdeed7f1bfa8fea89d05dfae9df9a884e21e27ea19505ad3d3f648c,False
holdout42,book__u01,root:1/profile-refine:IDEA-Research_grounding-dino-tiny:daily_object_cover:01,daily_object_cover,daily_object_body,grounded-sam2[IDEA-Research/grounding-dino-tiny|facebook/sam2.1-hiera-tiny]/profile-refine,0.28686797618865967,0.8697519531250001,c77f7e9c8be12619c8a39de2f0822171725f3a41c0ab812b37f4f204dc4dba8b,33a051701a7e0ca9eb5612ed1c637b40eae31ee11104ca908ff809fbfefa1242,True
holdout42,book__u01,root:1/visual-region:02,daily_object_cover,daily_object_body,sam2-amg[facebook/sam2.1-hiera-tiny]/point-grid/semantic-rerank,0.6811454985111465,0.66,daa8d162844f643567dcf7695b65c805ba2129ce0327489c540eee8ccf545189,70cc456208ad6feefd91ba04e644adc543eadddcd79486f0ab7daac8899d748a,True
holdout42,book__u01,root:1/visual-region:03,daily_object_page,daily_object_body,sam2-amg[facebook/sam2.1-hiera-tiny]/prototype-labelled-region,0.8390053886426356,0.6084733281841278,35e40b7ebb7e11e167e149e79d4a31f2fa0bfe620c98e9259fd895e45cd69372,e2da58997832664b2cb790131c48a3209c86d7f81b2204f1ac613fcf85f00888,False
holdout42,book__u01,root:1/visual-region:16,daily_object_spine,daily_object_body,sam2-amg[facebook/sam2.1-hiera-tiny]/point-grid/semantic-rerank,0.5887590153966044,0.66,a9bde194e8c96ff01e3ee173dd322f49a43a1d6dd99e62723bfd000d25a00abf,b5e353ee5e6ff530d5a40b9e2217306ad0b1cc0d377099678e1b359b0f4e4607,True
holdout42,book__u01,root:1/visual-region:17,daily_object_page,daily_object_body,sam2-amg[facebook/sam2.1-hiera-tiny]/point-grid/semantic-rerank,0.6386489390525673,0.66,f404bd4fd5594e636e357f52234f475f1f26340d8d4a931e28f08aeccb0066c7,76c6b044ad42e2bde44c7ca91355245482d4d809d169c266413a78f0ddba24be,True
holdout42,bottle__u01,root:1,container,container,grounded-sam2[IDEA-Research/grounding-dino-tiny|facebook/sam2.1-hiera-tiny]/root,0.5096042156219482,0.98837890625,482f838fe4cdc012216d10582d046eb550ca239d7bc0ba0a61926388f336b3b5,2e8ccbae3cd106b25383f663bb09c2d0374c04159a51bae387eee87bb7d2e6dd,False
holdout42,bottle__u01,root:1/container_base:conditional:01,container_base,container_body,conditional-part[model]/direct-calibrated-mask,0.37469658590616384,0.8407382881810157,a382c23ea91520c0985e630af6898beb1893485fa4280624e5e13a4a5bee1c7b,c0cf1e39a0204c4cc350ebe98737038e8c13e69a2e2b5c5d5cde045f2021c698,True
holdout42,bottle__u01,root:1/container_guided_container_pull_tab:01,container_pull_tab,container_lid,grounded-sam2[IDEA-Research/grounding-dino-tiny|facebook/sam2.1-hiera-tiny]/retrieved-part,0.4298605487591522,0.7085246322927209,3daeb102b69dfcf206ea54c0bd9d148a7ae00aeeb038fa0a91a9d466582574d9,51fa9fed6ccdf6ccb783113cf3a42335c1b7463128dc8050b85b371abc3d1a59,False
holdout42,bottle__u01,root:1/container_inner:conditional:01,container_inner,container_body,conditional-part[model]/direct-calibrated-mask,0.6698636890915743,0.784011775599001,1711fd6935ab782855ca5747cc6837a62895afcb391aa791a7ebcca0be8b9d74,1132ab08c2064952e421f5a192318cff95694e4ae8c8e4f8c9ea0ec035c914ad,True
holdout42,bottle__u01,root:1/container_pull_tab:conditional:01,container_pull_tab,container_lid,conditional-part[model]/direct-calibrated-mask,0.7969342941893532,0.8382693254238652,28a6b740c4c04f60f49ae79cb2aa5914da5639da137591916af4711cebd1dc6d,4b55862a527892811e416a62d3920b2047898dd74e8610b965f06d694bc310c3,True
holdout42,bottle__u01,root:1/profile-refine:IDEA-Research_grounding-dino-tiny:container_label:02,container_label,container_body,grounded-sam2[IDEA-Research/grounding-dino-tiny|facebook/sam2.1-hiera-tiny]/profile-refine,0.29982224106788635,0.8256660156250001,9b00e9753cff1faae08d72b57368172c31c4afacf76cecee7fc4b2794e8be909,e7409475fe9ece567f34b300af594c1cfe11cc5460806a8ba70927061f2e0955,True
holdout42,bottle__u01,root:1/visual-region:01,container_spout,container_body,sam2-amg[facebook/sam2.1-hiera-tiny]/point-grid/semantic-rerank,0.5662298204736582,0.66,b2cdad504be9f037153778426536acc2d1f79cadab3367ab0e861c61848fb799,f91304e6640677a1446b5d351db8862aed720cbb088657f677fb5f8db8cb63c1,True
holdout42,bottle__u01,root:1/visual-region:02,container_visual_panel_02,container,sam2-amg[facebook/sam2.1-hiera-tiny]/point-grid,0.7127532634509249,0.62,5c7cb309965b3863696789ddcb3601554fc67742c5cc66044fc8b3535035d690,676c9454646963ef8553b9e382e4ea9e447ff7e18b0f6b7c0758a76f5ba09514,False
holdout42,bottle__u01,root:1/visual-region:03,container_visual_panel_03,container_visual_panel_02,sam2-amg[facebook/sam2.1-hiera-tiny]/point-grid,0.7130519734694883,0.62,0eae227039fb718cf0c9c0487fa171a401af9745cd7b05be63ee8fb3937a75fc,ecb863deee3c5c92acad3f3a468de177acf8bf11a27b691ceeee88bcf15c4b42,False
holdout42,bottle__u01,root:1/visual-region:04,container_label,container_body,sam2-amg[facebook/sam2.1-hiera-tiny]/point-grid,0.8788030490059189,0.68,86ec4992b3a661b7dea3e250b99fe0f2eca3239b6fd59b4776dc4cedcd0496ae,1ce7b3b3a939f8a48695d5d7b3b446e0ab99a11fdf2159a483cbee3240eea092,False
holdout42,bottle__u01,root:1/visual-region:08,container_visual_panel_05,container,sam2-amg[facebook/sam2.1-hiera-tiny]/point-grid,0.7138298664093315,0.62,bce08f319a7321e74c5cd65477d63cd2b6bc9edc28d91bf78b133432d86c0ccb,b82ba12e4d1890d7720c9a50c811c108232454408f3d4b0f6484ba033594abc6,False
holdout42,bottle__u01,root:1/visual-region:09,container_handle,container_body,sam2-amg[facebook/sam2.1-hiera-tiny]/point-grid/semantic-rerank,0.5267164007570198,0.66,c6919cdc854e1aacd71ec5cb08e73aca41b90dc91a32563051199b8b5178d5f5,cf1db0cb30e9467c8c62e95473f0a2e099a63c41801d8b17e50cea112b7cf8b7,True
holdout42,bowl__u01,root:1,container,container,grounded-sam2[IDEA-Research/grounding-dino-tiny|facebook/sam2.1-hiera-tiny]/root,0.6014765501022339,0.9787109375,4231f842d6918bdab0ccae7184825edb928816af874cb9a1ce2cec8ff050c3ae,5f2fa44ca839ec93bd11c3f19587ead2e8e26ac84dd82bd9f384307a4b0f201a,False
holdout42,bowl__u01,root:1/container_base:conditional:01,container_base,container_body,conditional-part[model]/direct-calibrated-mask,0.5157159436097405,0.8785595718911434,0ff740ca065a91e4647238e12f4d8705ba5946017f199cd0f4afdc3ebe8289b6,91270ac0cc86d73839986c06072b43e950797082c77a5b193c1b8a3e061a3145,True
holdout42,bowl__u01,root:1/container_bottom:conditional:01,container_bottom,container_body,conditional-part[model]/direct-calibrated-mask,0.5180452767581871,0.835655755640058,b8d77c9730839ab1f588c81610e54a23e2a9c53b798bb8f49c2ac4a82b879b23,071f947df48b99fb1c60874d71121f8a757a07aec27ec6eb2cc7e4cb2fa18478,True
holdout42,bowl__u01,root:1/container_inner:conditional:01,container_inner,container_body,conditional-part[model]/direct-calibrated-mask,0.6601951144023486,0.8906612498690931,9883ea9bd39b02dc642faff699407907751fdf3a8f99493704488758080a574f,1ccb0905b8b2efbf82a55aa21d9785ddeed47e12dc71f4362fbceae0799b8032,True
holdout42,bowl__u01,root:1/container_rim:conditional:01,container_rim,container_opening,conditional-part[model]/direct-calibrated-mask,0.5779400042129863,0.8547942663093393,c8bf9aa6a4b3f975a4b64b2df67c2879fe8b45686765cfeb8c49a9f281180b7e,1212180a713412b80a0b5c4016a33038eda4f4f4e9fe062b8b334b2224da3fcd,True
holdout42,bowl__u01,root:1/profile-refine:IDEA-Research_grounding-dino-tiny:container_inner:01,container_inner,container_body,grounded-sam2[IDEA-Research/grounding-dino-tiny|facebook/sam2.1-hiera-tiny]/profile-refine,0.29665425419807434,0.8202519531250001,9003f5646027ef0ef127dd881305949933f2dbd3e1733a04e43364b36a22701b,502c6d71f4c3e5a8dc52a27bef4ca2ff0071f3db94e2d7bc7d8355985b314e49,True
holdout42,bowl__u01,root:1/visual-region:01,container_inner,container_body,sam2-amg[facebook/sam2.1-hiera-tiny]/point-grid,0.8476004251561646,0.68,181f786282b81661447f977dea77a7f07332cdcc42162128b3b9e6e6fafbf03d,ea55ae4c290054485adb0f636056da1ab4b2a9c55b2ee5259bd049e245807c4c,False
holdout42,bowl__u01,root:1/visual-region:05,container_visual_panel_04,container,sam2-amg[facebook/sam2.1-hiera-tiny]/point-grid,0.8793205637609781,0.62,6775e5ea690a401d0f0215688f88553270eb832e6336409ae7d7494108d155fb,88d1025a7e531bea9e16c4c17705af9a707fd1d7137117e1b25f1f1eb72b0977,False
holdout42,box__u01,root:1,container,container,grounded-sam2[IDEA-Research/grounding-dino-tiny|facebook/sam2.1-hiera-tiny]/root,0.8660192489624023,0.9796875,0c95239f86ae9f4a853f0196d250e6a4e0a22a6b20806786ea134aabc06d252e,57abc4ea9644ce051a82dd0631619646189f5d644b4868fb9fa5f5c43a1bf54a,False
holdout42,box__u01,root:1/container_bottom:conditional:01,container_bottom,container_body,conditional-part[model]/direct-calibrated-mask,0.6802810149695006,0.8533043403049321,8ecfdd20d218a531cc5cf8653b7ff487db799934b0feeb13295965ecda995f96,4aa8d2b50fdbff94de628294de6e12f30c97342f61b480c2f24fb741eecff9ff,True
holdout42,box__u01,root:1/container_side:conditional:01,container_side,container_body,conditional-part[model]/direct-calibrated-mask,0.7504926387743464,0.9173545005486197,946b1abe3b9ce2790a9be8f65c801fff45eeae9f61b74edbd1d3a88ca02238a4,177966cdb1eba6a6433c6f4a88eeff92cef25e57f263db5bb1dbb0f4100e4c8f,True
holdout42,box__u01,root:1/profile-refine:IDEA-Research_grounding-dino-tiny:container_bottom:01,container_bottom,container_body,grounded-sam2[IDEA-Research/grounding-dino-tiny|facebook/sam2.1-hiera-tiny]/profile-refine,0.38173800706863403,0.8111640625000001,edb7386e92e76a9cd29af2a2750be23f2348c957732a5911a1426d82cbd951b2,84baa58913b72b0ff0182a10dff760463b13fdeab9b9c9a7c66eeec320609055,True
holdout42,box__u01,root:1/profile-refine:IDEA-Research_grounding-dino-tiny:container_label:01,container_label,container_body,grounded-sam2[IDEA-Research/grounding-dino-tiny|facebook/sam2.1-hiera-tiny]/profile-refine,0.3510885536670685,0.850416015625,4b6c91602f50b718e4aa08590c0f4dd2de9daef8fd52f19456a0ab7008f3e595,667795bf9d81f0023b4c29c188184bf7d5c1dd22c210eb46c9ccbc4e9e6b6a01,True
holdout42,box__u01,root:1/profile-refine:IDEA-Research_grounding-dino-tiny:container_side:02,container_side,container_body,grounded-sam2[IDEA-Research/grounding-dino-tiny|facebook/sam2.1-hiera-tiny]/profile-refine,0.28219619393348694,0.869365234375,9191d5d052105799ecf4dd55f16db62d319419f19346aba39d17321535005c43,cd938538bbbfc72bc4091dbf5b545b50e8a61c64e5ee81fe6c195be43763a950,True
holdout42,box__u01,root:1/profile-refine:IDEA-Research_grounding-dino-tiny:container_side:03,container_side,container_body,grounded-sam2[IDEA-Research/grounding-dino-tiny|facebook/sam2.1-hiera-tiny]/profile-refine,0.27737510204315186,0.80845703125,417064518360bce3a7ccdbdebac30a83f5bfe56160af3736188078d245c6c406,1fe1b81391e2860e22c8f7cd4b21c83706896e7b2c77a70d9e24c6be5a75552d,True
holdout42,box__u01,root:1/visual-region:01,container_visual_panel_01,container,sam2-amg[facebook/sam2.1-hiera-tiny]/point-grid,0.7033097732776894,0.62,c072aae3706a1ff9157a7eb4b4d947b9d00fbadd12128cda58943f8eecb71dec,0e4ab7d63c13f3d8deb055ff20b162f846152a3d95c4bf871c3a51029ae94b37,False
holdout42,box__u01,root:1/visual-region:02,container_visual_strip_01,container,sam2-amg[facebook/sam2.1-hiera-tiny]/point-grid,0.849473055758453,0.62,a21789de090e1afcf2d6af15cbde34dda3f8bc8815def74ed7aa5b3cd4ae1bea,e7a5b53d498c28c0c73bcc7f5335adad4ac452c270ffeb5de92bff026f181a46,False
holdout42,box__u01,root:1/visual-region:03,container_lid,container_body,sam2-amg[facebook/sam2.1-hiera-tiny]/prototype-labelled-region,0.701393855239709,0.6020428946714401,aa7042cdac3d75004854549b64f13ed455473ea7f4052aafa8a464c2da26209d,e6ba80eafa48b8e9f7bdc319f6c76b8454e26ae216070d74688dbeacdee470aa,False
holdout42,box__u01,root:1/visual-region:04,container_side,container_body,sam2-amg[facebook/sam2.1-hiera-tiny]/point-grid,0.8265743174819121,0.68,d74934252ebecdef19eb3631143732c334ad807ecd86d16f730e8ca749a675a9,909808f945bbd3a65d77eb448382b1dd88ac20782af59181830867db3a4e22de,False
holdout42,box__u01,root:1/visual-region:09,container_outer_side,container_body,sam2-amg[facebook/sam2.1-hiera-tiny]/point-grid/semantic-rerank,0.6292386518967086,0.66,d38f00224a63752409bbaa2989e28164823d960d7e86d89fbb1678d18925d33a,27f921296fa95e07b8c325fe3575cda26a784d5aea13386bb1a9e861383aa43f,True
holdout42,box__u01,root:1/visual-region:10,container_shoulder,container_body,sam2-amg[facebook/sam2.1-hiera-tiny]/point-grid/semantic-rerank,0.5648582443653378,0.66,7d1a245e94bf99e3d6c4bbc15a18de1ee465eb5ba70e5e9ede70826b7c558268,3e1e02a586b1907e4b1dceac00480405560d291d02d30a0c4f75721ff073fab9,True
holdout42,box__u01,root:1/visual-region:12,container_side,container_body,sam2-amg[facebook/sam2.1-hiera-tiny]/prototype-labelled-region,0.7720215742695001,0.6007878692312241,252677ffd1c5d11cd7f90adcd077626848c2b59aafff59c0168fb62d3ba7d219,9a4040429c50d2fbd4d93bb9ec89fbec14253621066c54252ce8148d69509233,False
holdout42,box__u01,root:1/visual-region:16,container_outer_side,container_body,sam2-amg[facebook/sam2.1-hiera-tiny]/point-grid/semantic-rerank,0.624196505873061,0.66,5b5a58ce590c81b3e84f7b5f66a939667c7f9828ba264c781843f6f0995eb497,4f7a3c2a5e09b808a4d043c1bfa4791ed92360212fa706237969730b082be71f,True
holdout42,box__u01,root:1/visual-region:17,container_label,container_body,sam2-amg[facebook/sam2.1-hiera-tiny]/point-grid,0.7978340466830784,0.68,e6866670f1f39e1ba4ae00eee167f90ff0d49406cfd3510e070e9924939c94de,d64bfe16e8ada1f28d8d4738cec5c252688d48daeab7d3f931f8df2fc9f057d1,False
holdout42,box__u01,root:1/visual-region:18,container_bottom,container_body,sam2-amg[facebook/sam2.1-hiera-tiny]/point-grid,0.7765820367267127,0.68,a6ca9c88c2c2e0c61b3f33f8142cd625fc33b3a90ff59c3ad5392f30ca631b86,5b09b207365d8b4d8c9efeece69cff4f36c0c020edb957b788f90606247f6696,False
holdout42,calculator__u01,root:1,device,device,grounded-sam2[IDEA-Research/grounding-dino-tiny|facebook/sam2.1-hiera-tiny]/root,0.9194981455802917,0.99462890625,b47bac8d3db9189124319f218a05ac5e71b8b2171b4aac983d8133647098bcd7,9f0d2a872d63e588ff67e2b2424a02eb16ae3e3267282c530cf99a769684f3e2,False
holdout42,calculator__u01,root:1/device_bezel:conditional:01,device_bezel,device_screen,conditional-part[model]/direct-calibrated-mask,0.6689366535051656,0.8787759200158114,4a35dc3b384bba4bdc78b6bc1999b6bbc1b31d87dc6824fc3c6917f13b085117,8273c99d03eb031b9cf425a988c614cb020ad9127be3c4b9a72ae9a66a4168dc,True
holdout42,calculator__u01,root:1/device_screen:conditional:01,device_screen,device_body,conditional-part[model]/direct-calibrated-mask,0.7703486671496802,0.8470094442635401,cc322692ed4858319c8e5acee82fd06a443917dd7aba5cebe40e5373ad45f146,638ffaebe9046941b95cfcbc4d15add9020768e9f04e45db47b01fae004342c5,True
holdout42,calculator__u01,root:1/profile-refine:IDEA-Research_grounding-dino-tiny:device_button:01,device_button,device_body,grounded-sam2[IDEA-Research/grounding-dino-tiny|facebook/sam2.1-hiera-tiny]/profile-refine,0.30756595730781555,0.85486328125,41116b671d700a74c81fdbac7db5f35628efb8ba1c7ebb02b467955ce272b863,f0f8422da9fdfa336745f278537e7233df1abadef5b1f78083a8c185a3e9b67e,True
holdout42,calculator__u01,root:1/profile-refine:IDEA-Research_grounding-dino-tiny:device_screen:01,device_screen,device_body,grounded-sam2[IDEA-Research/grounding-dino-tiny|facebook/sam2.1-hiera-tiny]/profile-refine,0.5431662201881409,0.8589238281250001,a690859b9b508a6c66fbb4db1aa8166b7ff353814c5c775d9b607108812203e0,8fefdde412b6c814f6ed77e2d67f185ff8f030b8531dc248eb5a5ad70c6f13a6,True
holdout42,calculator__u01,root:1/profile-topology:IDEA-Research_grounding-dino-tiny:device_bezel:01,device_bezel,device_screen,hpid-topology-v2/surround,0.5105762469768523,0.82,48927d0f46f0659bdee49f73d3d14d5b6ecdca983a73854bcca62d94fb826a92,ea2c31c50f5d7c7ecdc4fc1b76beb0684323eee63bbe70032c83c55b04e60d78,True
holdout42,calculator__u01,root:1/visual-region:01,device_screen,device_body,sam2-amg[facebook/sam2.1-hiera-tiny]/point-grid,0.7788206391698578,0.68,4876472d665bbd47ea9f5236ce1a8fed16f664083ac7ff5c099bb21d05f1fa1e,f4da8e81632258a1c71f7918126fd4469691bc7d5ee867148b8b91d8393aa8ea,False
holdout42,calculator__u01,root:1/visual-region:02,device_visual_strip_01,device,sam2-amg[facebook/sam2.1-hiera-tiny]/point-grid,0.7714992385802746,0.62,34f6fd8bffa4939f29560100517c60e9ec004bdb8c5bbaa56fe2783d8c8e9f88,12a4fe8f0f88da5e1c5298073f0b1de8e9e8337fbdbdff97c4a94431bff929ed,False
holdout42,calculator__u01,root:1/visual-region:03,device_button,device_body,sam2-amg[facebook/sam2.1-hiera-tiny]/point-grid,0.726529552225414,0.68,41116b671d700a74c81fdbac7db5f35628efb8ba1c7ebb02b467955ce272b863,4877c571d10af23a5c143d746164387361a44c4539a8bad9470f73f756698897,False
holdout42,calculator__u01,root:1/visual-region:05,device_button,device_body,sam2-amg[facebook/sam2.1-hiera-tiny]/point-grid/semantic-rerank,0.6067134338159065,0.66,901a08098d62e5ca6f5222922bae549e6b6f5b241de1f482b6fb98eabb605771,b6522d64a10f91df059eb5b3d582ec7399223e8ccada1825490f58f274907ef7,True
holdout42,calculator__u01,root:1/visual-region:06,device_back_panel,device_body,sam2-amg[facebook/sam2.1-hiera-tiny]/prototype-labelled-region,0.7052275034954474,0.6100072850952148,768d6a2e25c086daf1561e441254f4f74debc37685de18703150ff4726106d19,a81e1eac9648232020aacb21a694f82575bbedf7e57553c67d6cf17717d36371,False
holdout42,calculator__u01,root:1/visual-region:07,device_button,device_body,sam2-amg[facebook/sam2.1-hiera-tiny]/point-grid/semantic-rerank,0.6105239543007613,0.66,bd441c0051d03839ee3d8b8305ca371ca4d429db72d32774fada80bcdd84f120,0ceb4a2746aaf3bc550a0386413a5b01260bbbac5adda9f072ba87c6eebe1c70,True
holdout42,calculator__u01,root:1/visual-region:09,device_button,device_body,sam2-amg[facebook/sam2.1-hiera-tiny]/point-grid/semantic-rerank,0.592221467366617,0.66,412062ab54d26136301041666c31bb7cb27344f2d600c6f9274191b70fe51e5c,7f3ac036cac24ffec4a7d070da6751c1864817079b9bb319616c4fff1496044a,True
holdout42,calculator__u01,root:1/visual-region:10,device_visual_strip_03,device,sam2-amg[facebook/sam2.1-hiera-tiny]/point-grid,0.698339203651191,0.62,47a5a873788eb5fa3ee3ce9959d9aacaa287bcc3b607920f3b43dcf11d5239bf,5cd3fbae82eb5822fb44b41c3d1226adad0ef6b6e9571e91c0c82cf9ba51e626,False
holdout42,calculator__u01,root:1/visual-region:11,device_button,device_body,sam2-amg[facebook/sam2.1-hiera-tiny]/point-grid/semantic-rerank,0.6247244525411713,0.66,059828bac32971ac67399c86988249b60306ab5d99656459dc6943f0a11a347c,64bdfcae50f9cc45bd171a0b968ecc0da20978e438640b556e8e5048f43d6518,True
holdout42,can__u01,root:1,container,container,grounded-sam2[IDEA-Research/grounding-dino-tiny|facebook/sam2.1-hiera-tiny]/root,0.9144436717033386,0.9935546875000001,9ebe85a1b237f15f2d08d53ea4944b03015ae81295fccf341c4f89d70673925e,564d891a50553d99a65c9cb1a1cbb616157dd2f244f3ec2fd3261450bc389f6d,False
holdout42,can__u01,root:1/container_base:conditional:01,container_base,container_body,conditional-part[model]/direct-calibrated-mask,0.6543737510408429,0.9059365578856414,f5ecefd47573623ae2d32f7e571afd8089fbf94638d65e52fc91f0e9629c6605,7291051146b3366cacd13a10497314d7ee71fab3ea0f8ab1ed9c0225aba2785e,True
holdout42,can__u01,root:1/container_guided_container_pull_tab:01,container_pull_tab,container_lid,grounded-sam2[IDEA-Research/grounding-dino-tiny|facebook/sam2.1-hiera-tiny]/retrieved-part,0.5892301126399999,0.6628117670820518,77e182ce05f7576ddcd2774d6a2fca4a45ed78ec142eeb36491c089eca02f180,3ff1c21a1c2e8967aa0f272f2334611625b4189155cfc82aed394122a2d31e5a,False
holdout42,can__u01,root:1/container_handle:conditional:01,container_handle,container_body,conditional-part[model]/direct-calibrated-mask,0.5533050453450723,0.8159789328973903,ffe8396fe5e84a90965f0cf79bb0ce0c62ae61ddef8741dd90af0ce47f3ac139,147682da9bbffe1e226d44e29f1d48d5f1dad171f76bcb27150729994e43230f,True
holdout42,can__u01,root:1/container_label:conditional:01,container_label,container_body,conditional-part[model]/direct-calibrated-mask,0.8614788822712034,0.865951690098383,8583d03ced2df53a67c666e0bf276d48b945e27455c06548469b12bc2cbfa23c,1d04e9ed7f433667d265d4caa02fec9bdbc8f6e966a09da587d5ce2173535e6d,True
holdout42,can__u01,root:1/container_lid:conditional:01,container_lid,container_body,conditional-part[model]/direct-calibrated-mask,0.9183396035388303,0.8782736222430751,a4cc1514ed690519f67b22df3bad3e47a6f2d964df19a5860ad56e4aa1b84975,212e35c745bf1c90f0402cb4776c549e96d728485ec79b1f8cde8aaa87f09bbb,True
holdout42,can__u01,root:1/container_pull_tab:conditional:01,container_pull_tab,container_lid,conditional-part[model]/direct-calibrated-mask,0.8995661835058126,0.8556812644743468,8a0e6460003cde51ed39c3f77d67821ad74b9f13ed1a8dace4cd7a9d3f15292b,9f4ea392b8093fdef2c0022ed706f54f0901758b4ea70283b798859eaa2ca81b,True
holdout42,can__u01,root:1/profile-refine:IDEA-Research_grounding-dino-tiny:container_label:02,container_label,container_body,grounded-sam2[IDEA-Research/grounding-dino-tiny|facebook/sam2.1-hiera-tiny]/profile-refine,0.24617071449756622,0.8699453125000001,532ac45152e4f3502a961f3ed0128c75ec768128679a00126b445efcb1e2f8bf,a7181ee45130549cad77c9af0241d0a75baee1e9e6e2c7c377d64e82d0ab84d8,True
holdout42,can__u01,root:1/profile-refine:IDEA-Research_grounding-dino-tiny:container_spout:01,container_spout,container_body,grounded-sam2[IDEA-Research/grounding-dino-tiny|facebook/sam2.1-hiera-tiny]/profile-refine,0.3898368775844574,0.8221855468750001,58f698b9eb9965d6403c2fe125862ecc123052d31f4c560792e3bcebc883883d,2e2883e60f870f76dda038a8c5d0bb27d214a8c4caa45689f9e66d2f4932ce0b,True
holdout42,can__u01,root:1/visual-region:02,container_pull_tab,container_lid,sam2-amg[facebook/sam2.1-hiera-tiny]/point-grid,0.8284273904461128,0.68,9b1a79645811c7a78b4d43ae28a70c55f421d672a23c8b00b1afc8a004e6c8c6,e597978272821feb03376e2783c95ba8e57aa94f48ee17cd80ba62364d54af63,False
holdout42,can__u01,root:1/visual-region:03,container_label,container_body,sam2-amg[facebook/sam2.1-hiera-tiny]/point-grid,0.7464512969146984,0.68,dd6a71b1b7b055b75ac3df622b849d267441dd7323b2218b356e51cb26455ebe,2365f13b76add92ad11d5645c9621ce4fb564eecc1d1a3214f6360fed5fce915,False
holdout42,can__u01,root:1/visual-region:04,container_lid,container_body,sam2-amg[facebook/sam2.1-hiera-tiny]/point-grid,0.6987114986584616,0.68,5fd5b7637019b2b6a3e60eb36ed6e8bb8601b956d758faf7be729de7dbb6e03a,4cc7c9631907a68b5c98c7182f86d0039c02cdf3248b62ec244856fd7633c993,False
holdout42,can__u01,root:1/visual-region:05,container_label,container_body,sam2-amg[facebook/sam2.1-hiera-tiny]/point-grid,0.7773722171303047,0.68,55a18cd73fdbba33f23f08744f8019681085addb06c6cbcffaecd81d4b0d73ea,a33b1639504a7f4db71c12150aae5e8a6c36dc52355f918d7a0bdee57d5a6872,False
holdout42,car_automobile__u01,root:1,vehicle,vehicle,grounded-sam2[IDEA-Research/grounding-dino-tiny|facebook/sam2.1-hiera-tiny]/root,0.5739769339561462,0.99619140625,b19b5ae5abdc0f6dc2e544562974e560d048aa6c5b201283934a721d88261384,7319a0c1c0320d2e8cfe4c1d89d1d3112767299af78cbc27f59323879f5438bc,False
holdout42,car_automobile__u01,root:1/profile-refine:IDEA-Research_grounding-dino-tiny:vehicle_door:02,vehicle_door,vehicle_body,grounded-sam2[IDEA-Research/grounding-dino-tiny|facebook/sam2.1-hiera-tiny]/profile-refine,0.24689629673957825,0.8250859375000001,a685666ea3464c64b8fb2dcdcff1327a28aff8b031b711de040d29bfb32b0f93,2c62b419f86d19f309b857a0199459f2b839293b02f63f55b4b46e4bdf1faca4,True
holdout42,car_automobile__u01,root:1/profile-refine:IDEA-Research_grounding-dino-tiny:vehicle_fender:01,vehicle_fender,vehicle_body,grounded-sam2[IDEA-Research/grounding-dino-tiny|facebook/sam2.1-hiera-tiny]/profile-refine,0.5189576148986816,0.85486328125,8b8c818809937bca417535c3247857f3f81ea28c62bbae06d3dae341c3f39732,b619daf30fa4def2f78502dd8d730d5997a94001efec5d8d772db2d950233983,True
holdout42,car_automobile__u01,root:1/profile-refine:IDEA-Research_grounding-dino-tiny:vehicle_grille:01,vehicle_grille,vehicle_body,grounded-sam2[IDEA-Research/grounding-dino-tiny|facebook/sam2.1-hiera-tiny]/profile-refine,0.4285920560359955,0.8513828125,861d8f652106d534901e6d2ac1f1e4ed3d48f8a5eb08500c4ed0f4456b1ee554,27352f3fcaa9c0e1b4274429828589f5fe4aa01933cf6bfbd03fa53bd26259c1,True
holdout42,car_automobile__u01,root:1/profile-refine:IDEA-Research_grounding-dino-tiny:vehicle_roof:02,vehicle_roof,vehicle_body,grounded-sam2[IDEA-Research/grounding-dino-tiny|facebook/sam2.1-hiera-tiny]/profile-refine,0.28378137946128845,0.840748046875,1d8860a5cb5fd42ad39f66158a9d1eb508ecda5fe0558a49edeab33e8c6345f4,cbb0c16baa2ae864452c53caf2946d9b369f2d3aeb973a027867a01b3655ba60,True
holdout42,car_automobile__u01,root:1/profile-refine:IDEA-Research_grounding-dino-tiny:vehicle_wheel:05,vehicle_wheel,vehicle_body,grounded-sam2[IDEA-Research/grounding-dino-tiny|facebook/sam2.1-hiera-tiny]/profile-refine,0.2496301382780075,0.840361328125,9244663764afd531b6fa7efd4e0f70ca9598bdfdf1be625543e4c79b4097ab18,f0913b67ef7eb295e11345ad24d403f0b6e977c4e877a0db78e569bccd84061a,True
holdout42,car_automobile__u01,root:1/profile-refine:IDEA-Research_grounding-dino-tiny:vehicle_window:03,vehicle_window,vehicle_body,grounded-sam2[IDEA-Research/grounding-dino-tiny|facebook/sam2.1-hiera-tiny]/profile-refine,0.257951945066452,0.862984375,e1bd5039b48943eaca8bd8fafac35ce4a782c315677da6b8ba2e6bfdabd265ef,b1fbb2cf806c82a794b69408275fd0923f947c909e40c68ca339ee443bcbe500,True
holdout42,car_automobile__u01,root:1/profile-refine:IDEA-Research_grounding-dino-tiny:vehicle_wiper:02,vehicle_wiper,vehicle_body,grounded-sam2[IDEA-Research/grounding-dino-tiny|facebook/sam2.1-hiera-tiny]/profile-refine,0.29614511132240295,0.7891210937500001,684d364de3873e02f5502567b6f0baabea3df344f69fd227022f5b7f9c2867ab,5a89a4db67789e6f7ca759cd6520f687096422f6eed860ec6d3e1bb697c27431,True
holdout42,car_automobile__u01,root:1/profile-refine:IDEA-Research_grounding-dino-tiny:vehicle_wiper:03,vehicle_wiper,vehicle_body,grounded-sam2[IDEA-Research/grounding-dino-tiny|facebook/sam2.1-hiera-tiny]/profile-refine,0.26435837149620056,0.786607421875,9eede610d50e1c55d27108b36492e73a8276e0f7cdfa27862e8ac13e4e9cd41b,51639454e00be213a40824487ca7c2b3fb20815f394e98a9fbea3d619ec71323,True
holdout42,car_automobile__u01,root:1/profile-refine:IDEA-Research_grounding-dino-tiny:vehicle_wiper:04,vehicle_wiper,vehicle_body,grounded-sam2[IDEA-Research/grounding-dino-tiny|facebook/sam2.1-hiera-tiny]/profile-refine,0.2628418207168579,0.8550566406250001,aaeb9edcddf111b4cdc71ba14e2d26f448e65a240fda393a20b18ca8be22fc4e,3b4387655738a7ef266481a76c9843bf039bae69eeb5b111f343e862132ee75b,True
holdout42,car_automobile__u01,root:1/vehicle_bumper:conditional:01,vehicle_bumper,vehicle_body,conditional-part[model]/direct-calibrated-mask,0.6478600268496225,0.8274854472239703,d305fdf809b123a5f2d6ece982a2719ace52416d7ed9f826be24dcfc7057f2d3,341f49e8003eeb277e9fd9710d44842f8b6492d4801dd4e575bfb68718b540e1,True
holdout42,car_automobile__u01,root:1/vehicle_guided_vehicle_mirror:01,vehicle_mirror,vehicle_body,grounded-sam2[IDEA-Research/grounding-dino-tiny|facebook/sam2.1-hiera-tiny]/retrieved-part,0.37260145364218994,0.8351672382446926,aaeb9edcddf111b4cdc71ba14e2d26f448e65a240fda393a20b18ca8be22fc4e,7c4cc209b5cef70c98d784830adbf8f9f769aec438c01bb96f37939e8b4d0827,False
holdout42,car_automobile__u01,root:1/vehicle_guided_vehicle_tire:01,vehicle_tire,vehicle_wheel,grounded-sam2[IDEA-Research/grounding-dino-tiny|facebook/sam2.1-hiera-tiny]/retrieved-part,0.3523036922837161,0.8325249675667729,a962a878f9ec906d3d4075f774c04f3107fae3ca4538a072403cee4ebf52f911,ee4aa4e4cbc78ea0bf2d68d1910291c4609fec0d563654a21eb97bce9bd2e298,False
holdout42,car_automobile__u01,root:1/vehicle_guided_vehicle_windshield:01,vehicle_windshield,vehicle_body,grounded-sam2[IDEA-Research/grounding-dino-tiny|facebook/sam2.1-hiera-tiny]/retrieved-part,0.37819251564253087,0.8423391157990462,1d3c8cd523f20d928160b67b64c7400f31d3a35f4e84547fca8d80ea3fc99389,8a53e7c8ed8642f3210283b5bbc2a254e7356b7b47c1ef17c419f76315e1b3ad,False
holdout42,car_automobile__u01,root:1/vehicle_handle:conditional:01,vehicle_handle,vehicle_body,conditional-part[model]/direct-calibrated-mask,0.6825623710491987,0.9042577051841456,5bef04e6aee1f9f282446063e7376c78ccc046be5dd1f76b0e6a790a1fbc50eb,9f23df73297690110116be1555e2de97a656980f9fa1d1cba7f088290495c195,True
holdout42,car_automobile__u01,root:1/vehicle_headlight:conditional:01,vehicle_headlight,vehicle_body,conditional-part[model]/direct-calibrated-mask,0.8463610774297698,0.8885700020590684,81908f42feeb28b340214a947fcadb18f5c6ccc462fb8e475edf8bcc41796ce6,46e0334507f142ca9a6757d89860e0062ecd89887032d3006e8c4847278b353f,True
holdout42,car_automobile__u01,root:1/vehicle_hood:conditional:01,vehicle_hood,vehicle_body,conditional-part[model]/direct-calibrated-mask,0.38747213236323624,0.8588068285482773,d997685ea3fb442efd4af351adb446b923aadc4676763dd88b7ba0f39a2c85a9,1fa931c18791cafbc311ead9819b31411334ef8b4b8cded57eeddb9b3bc83559,True
holdout42,car_automobile__u01,root:1/vehicle_rim:conditional:01,vehicle_rim,vehicle_wheel,conditional-part[model]/direct-calibrated-mask,0.8294961066055022,0.8901330197458102,05dcca913370c3898429f3fb680a4ed44964059365a51509756363f835fb574c,e5d2aadb9ec428ec2b7fc9be2a010cecef87361a554ae4dace9acfa0476fcc6a,True
holdout42,car_automobile__u01,root:1/vehicle_roof:conditional:01,vehicle_roof,vehicle_body,conditional-part[model]/direct-calibrated-mask,0.8482351017985696,0.9026782770749304,9683b16825c8d4854e905b208741d7f3aa81e77feba89ba5810c80dd785e0481,fa2b2e39b2d66eb04b867bebac539ff78e106f393bbc6111f9d3ebd1a37d5286,True
holdout42,car_automobile__u01,root:1/vehicle_taillight:conditional:01,vehicle_taillight,vehicle_body,conditional-part[model]/direct-calibrated-mask,0.6426545225806437,0.8447868259311562,2a9211ff127b6eb7d428a46a826c8a4f6aaa57b1f56b155ffcf1dfdeb4334037,cb24cc86db684e5db49968f88a9b73846e6e54dad817d33f47b061a46fa171d6,True
holdout42,car_automobile__u01,root:1/vehicle_turn_signal:conditional:01,vehicle_turn_signal,vehicle_body,conditional-part[model]/direct-calibrated-mask,0.8796914096270683,0.8881331947979499,f3374a57ad5c493ab8792318d9f97bda2c04d686338f687edff433eff413adcc,a0151b4553ac94586c3794950d8f760dbec79a0f6c17cd4380f7d6031068adbd,True
holdout42,car_automobile__u01,root:1/vehicle_window:conditional:01,vehicle_window,vehicle_body,conditional-part[model]/direct-calibrated-mask,0.6788638333900585,0.8316834372534642,aa47a3a1f08904a0fe2b29b0deac2aedd0ea4e64c50939c58284484fe0082a72,c3bd9bd3c66b0a1b01cccb9edce05b5d635a83df46d78df85b6985d7ce142382,True
holdout42,car_automobile__u01,root:1/visual-region:03,vehicle_windshield,vehicle_body,sam2-amg[facebook/sam2.1-hiera-tiny]/point-grid,0.8206072164937908,0.68,4d22c9b4f1f2d5d5c1ef0e6cd9bd99bfeb3e9ae1044a13c123d41e8aeebda76e,cd5b9adbf6a6cce0d9d6daf0659b0215c2ad194f88f202c79e105471078f5659,False
holdout42,car_automobile__u01,root:1/visual-region:05,vehicle_mirror,vehicle_body,sam2-amg[facebook/sam2.1-hiera-tiny]/point-grid,0.8596375208973783,0.68,8893cf518570373f9e73a21a68baa1a2515aa7f6aa70438d86f75d86223d5d81,d03a4e474b26996787839e5241fd231dae0d0cd1fc386049c02a8e6595fb1dab,False
holdout42,car_automobile__u01,root:1/visual-region:07,vehicle_wiper,vehicle_body,sam2-amg[facebook/sam2.1-hiera-tiny]/point-grid/semantic-rerank,0.495790677856195,0.66,c0046aa1b52c217e56892e44b6cf140f6c34bee8be6727620f8ff7c252dcf3fd,8d4e356ca64d31aedb8017ee040825ae09e164c9d95ec3779da136f021cc5c39,True
holdout42,car_automobile__u01,root:1/visual-region:08,vehicle_door,vehicle_body,sam2-amg[facebook/sam2.1-hiera-tiny]/point-grid,0.6930878050601561,0.68,d5a935539e5de8710bfaf60019a1db8c00cc4715993b7ec80bede0eccdf18a1c,f7161be22682f2f048ee521a55cdca6f7a5ef2d72a4fdbcda2f90aad85726ea5,False
holdout42,car_automobile__u01,root:1/visual-region:09,vehicle_headlight,vehicle_body,sam2-amg[facebook/sam2.1-hiera-tiny]/point-grid,0.8209433963794395,0.68,b604db5b6fd72ed186601565d52fdd1b27bce72a9c1af09a8a66f1b0f5cb0067,740bdbea325c931e37327e625a113144ddedba1297afb46247c265ab0b25c539,False
holdout42,car_automobile__u01,root:1/visual-region:10,vehicle_grille,vehicle_body,sam2-amg[facebook/sam2.1-hiera-tiny]/point-grid,0.760531095204974,0.68,c2b8dd50fb055bf3de35b5d5fc1164d6f5e5836a4c2db6c01f57db841c5c9099,d5f1f3fc19a694c80506a2cbf80c8b9a50c3e46945260d3d7de61340d4fe0d6d,False
holdout42,car_automobile__u01,root:1/visual-region:11,vehicle_turn_signal,vehicle_body,sam2-amg[facebook/sam2.1-hiera-tiny]/point-grid,0.7495511685338253,0.68,edafe481ae9a5f1061102aab522d911e73cb6f5e4bcd884d245cf8cf8824a9ad,3c6ce90cc87aac46ce06e9dbe5cdba3a9c285987d432aa603751aa8ba32ba666,False
holdout42,car_automobile__u01,root:1/visual-region:12,vehicle_visual_panel_01,vehicle,sam2-amg[facebook/sam2.1-hiera-tiny]/point-grid,0.7196477695760517,0.62,57b269c14e220691f3b1a0fe7d014ac1e92d9b7a64d1c59f7d52e4bb9829e9c9,b3f817daf3a2e1c31aa9bcd795d43fb8a0abdf5f53737dde7184caafe53d320e,False
holdout42,car_automobile__u01,root:1/visual-region:13,vehicle_tire,vehicle_wheel,sam2-amg[facebook/sam2.1-hiera-tiny]/point-grid,0.7736049949213964,0.68,3c9cebd3f0c8a7482c0e22b3f53c1b9c86a45b19847886a5c98272859afb6d95,c3ad315c9e1d3bb7d5e9d11904e8bdcd7fcdfb197b151756695664d95f40376b,False
holdout42,car_automobile__u02,root:1,vehicle,vehicle,grounded-sam2[IDEA-Research/grounding-dino-tiny|facebook/sam2.1-hiera-tiny]/root,0.6162432432174683,0.9830078125,5a700123f1941c5cf202ed1001d3f9fd211da0a3be7371d591500bbf6c0e244b,d67811bf5e55ef5022d6b3bc30c58465c4eef4b0f3cc5418cfd4ae54e5fb27c1,False
holdout42,car_automobile__u02,root:1/profile-refine:IDEA-Research_grounding-dino-tiny:vehicle_fender:02,vehicle_fender,vehicle_body,grounded-sam2[IDEA-Research/grounding-dino-tiny|facebook/sam2.1-hiera-tiny]/profile-refine,0.25478699803352356,0.8569902343750001,f12140cb55ad78a7a69bf6fc541a21d7664cccc566e89fb664db28e51963692f,dc7c274c5ab91cb37f3f0c2909b08bae6b632c3c3e18b59810a98cd46892d737,True
holdout42,car_automobile__u02,root:1/profile-refine:IDEA-Research_grounding-dino-tiny:vehicle_rim:05,vehicle_rim,vehicle_wheel,grounded-sam2[IDEA-Research/grounding-dino-tiny|facebook/sam2.1-hiera-tiny]/profile-refine,0.24166831374168396,0.836494140625,33ae4f7eab88ca410e4cfeaf4c2f410c3d873863c09abf20151c8873759093e8,4295138acbdc8b98095d980e225ec410feaa59bba036b18c9a943fdd034eb366,True
holdout42,car_automobile__u02,root:1/profile-refine:IDEA-Research_grounding-dino-tiny:vehicle_roof:01,vehicle_roof,vehicle_body,grounded-sam2[IDEA-Research/grounding-dino-tiny|facebook/sam2.1-hiera-tiny]/profile-refine,0.31027624011039734,0.7512226562500001,86de96999a0d9b8ed2852f691dccfd14c8caa8db23a9bbdb57506ce91f3ecb83,daed6cee199f3879050643b7cefa07c66f9f74f30165a11501fc82f9c8196da8,True
holdout42,car_automobile__u02,root:1/profile-refine:IDEA-Research_grounding-dino-tiny:vehicle_window:01,vehicle_window,vehicle_body,grounded-sam2[IDEA-Research/grounding-dino-tiny|facebook/sam2.1-hiera-tiny]/profile-refine,0.29462069272994995,0.8550566406250001,0624efbda67c27e8b544572901ed136c02221292d5cb006d40faa073deb84e8f,249c93f414e6d54881de9ff240e17957bd5b5c98dd6a0338952c8ae023a33224,True
holdout42,car_automobile__u02,root:1/profile-refine:IDEA-Research_grounding-dino-tiny:vehicle_windshield:01,vehicle_windshield,vehicle_body,grounded-sam2[IDEA-Research/grounding-dino-tiny|facebook/sam2.1-hiera-tiny]/profile-refine,0.3647775650024414,0.8451953125,915c95f6fef4652d62bb1df17e026f897ed82dfe42d24f42cc42f68cd2ac9dad,2dc97042b988d7e1c0840d6b1e452da0cdcb02abf70b2bdcafcf2f7267eeabc1,True
holdout42,car_automobile__u02,root:1/vehicle_handle:conditional:01,vehicle_handle,vehicle_body,conditional-part[model]/direct-calibrated-mask,0.6574368331906332,0.8681743880556304,4dc6b5d45f0843f9ffa72cf587a5c1ab2ec93c7cf01685a9d0048d8c053d74af,ce6b867aacdf0abe4c20518d709e9019880be4293e35e1fd0aecbee2acfc0e6b,True
holdout42,car_automobile__u02,root:1/vehicle_hood:conditional:01,vehicle_hood,vehicle_body,conditional-part[model]/direct-calibrated-mask,0.5457168192172464,0.8997265922491997,4b609a3c9a60eba33f983826d1fa2a348773ee889ee52ebba8516deaf4f7007c,00b256957bf1fc4ba1515a811ce10d56f921f66d0cfbb73a9d9dc20262bd635a,True
holdout42,car_automobile__u02,root:1/vehicle_mirror:conditional:01,vehicle_mirror,vehicle_body,conditional-part[model]/direct-calibrated-mask,0.653104613830235,0.909221411710731,f1659fc1c5c8e09bd65668888929508953536efcb16bf20c49d4e2b1f9405491,eda8d23c8ed804db7dab1480df987d3d7c47e40a3925678db1f038c9a4c0ee36,True
holdout42,car_automobile__u02,root:1/vehicle_roof:conditional:01,vehicle_roof,vehicle_body,conditional-part[model]/direct-calibrated-mask,0.7597950922769006,0.8823276279760417,68d76fe37b4df3b9eb85ae785fc977800d66300380475fb42235c115fa5a9655,b34b971a0f879b60b0f5304c42d12613e4216805ad8774669139d02f3a2353e1,True
holdout42,car_automobile__u02,root:1/vehicle_window:conditional:01,vehicle_window,vehicle_body,conditional-part[model]/direct-calibrated-mask,0.7475990472222346,0.8694623790970432,398c292c028f0981f6cabfd5de975a2ce4b8987cbeaefbb7877330478a8e901c,67f903a5761d4fc02168f95bfdfe27eef48a4f28e7fee100011d63145728cbbd,True
holdout42,car_automobile__u02,root:1/vehicle_window:conditional:02,vehicle_window,vehicle_body,conditional-part[model]/direct-calibrated-mask,0.8378850199363446,0.9056231097925791,5ab9cad94aa357b93f99a1d85facad13d6d244646fdb4b7d3f2e16ad8618c768,e1cfee502094ecf19c505a78aba2f8044d8dc24d5f5371d8f605f61db2c6a93e,True
holdout42,car_automobile__u02,root:1/vehicle_windshield:conditional:01,vehicle_windshield,vehicle_body,conditional-part[model]/direct-calibrated-mask,0.8153032073920999,0.8968316387859602,35f6d88f03c42a889d634c5b87ac31d429b95c32e98bcf36f73da38b57131ad0,d1690e1003341f9b4e9a826790c28c5c587c940652baccd78ffec9bb5b740113,True
holdout42,car_automobile__u02,root:1/vehicle_wiper:conditional:01,vehicle_wiper,vehicle_body,conditional-part[model]/direct-calibrated-mask,0.6516611813238844,0.8495749537401571,6cc4ea90e17ffaad772e636d64beb7cc4d94907a667c6222a730e8ceb6169e64,12176b471491b42401a11960d0e27b04c5c6f609f1f6dbf22e8a02eb74f06dec,True
holdout42,car_automobile__u02,root:1/visual-region:03,vehicle_visual_strip_01,vehicle,sam2-amg[facebook/sam2.1-hiera-tiny]/point-grid,0.6677808211253783,0.62,9d79698b1bb8297b9efbdebadb0c76b7490107fbe04857e1bfcba4e69c243b2f,e729da3782d48c78320f126d98e212de6edc573c0a9c18bdfce8e51bfcbe635e,False
holdout42,cellular_telephone__u01,root:1,device,device,grounded-sam2[IDEA-Research/grounding-dino-tiny|facebook/sam2.1-hiera-tiny]/root,0.8906751871109009,0.99521484375,375965662794b4144d06e5f66a8f5bd117d4a72cecb3e3bf2b1ca8977e47ab8b,ffccd4b293bd65160f60fe3b280ee6fa468661ed88c9db2bf7b77fd166a5a528,False
holdout42,cellular_telephone__u01,root:1/device_bezel:conditional:01,device_bezel,device_screen,conditional-part[model]/direct-calibrated-mask,0.7847756930149234,0.9167102526400468,7b1362b92571877135ce178e2be2f8028a0fef5c466204d5596b49e96ed15dde,167d968366f8916be619801c87c6fa649ee03ebe0f413d53e8fb3155cf05de50,True
holdout42,cellular_telephone__u01,root:1/device_screen:conditional:01,device_screen,device_body,conditional-part[model]/direct-calibrated-mask,0.8064024291382139,0.8509414674011413,e7ebe35a0b5588642785b54029e938ead77d159e7b31dc2c1d84b04ff9ec87fb,ea7e5edc1558411a45f13e0562888f2ac86657cdf963da4ee6c6a64f7f9eb177,True
holdout42,cellular_telephone__u01,root:1/profile-refine:IDEA-Research_grounding-dino-tiny:device_back_panel:01,device_back_panel,device_body,grounded-sam2[IDEA-Research/grounding-dino-tiny|facebook/sam2.1-hiera-tiny]/profile-refine,0.26779094338417053,0.8602773437500001,b6495d513778217c2d34791c24bcbc6402213f9e87c9feec82867ddd46385dd6,98f537cf77620e0c18c16cdd03e7153f1c36a62292df2318968d6841cab3fc70,False
holdout42,cellular_telephone__u01,root:1/profile-refine:IDEA-Research_grounding-dino-tiny:device_button:01,device_button,device_body,grounded-sam2[IDEA-Research/grounding-dino-tiny|facebook/sam2.1-hiera-tiny]/profile-refine,0.3217795789241791,0.867044921875,40af71a930fd1181bda6c3c94516a2ecd08623217bf919f11888fd3e5dc5b73f,2074542ea0aa26fc71a4a0831df015448cc7738f8af969660e2cd5e7f8b84fb9,True
holdout42,cellular_telephone__u01,root:1/profile-refine:IDEA-Research_grounding-dino-tiny:device_screen:01,device_screen,device_body,grounded-sam2[IDEA-Research/grounding-dino-tiny|facebook/sam2.1-hiera-tiny]/profile-refine,0.47283563017845154,0.860083984375,a99d5779696b031c6d3de5892b84eb732f296fce1c0d6a124c8e0b255bcfe2fb,04bdb29f3244abf77092ecbf199455f442f5b9dd625d122c811dbf61644dd952,True
holdout42,cellular_telephone__u01,root:1/profile-refine:IDEA-Research_grounding-dino-tiny:device_speaker:01,device_speaker,device_body,grounded-sam2[IDEA-Research/grounding-dino-tiny|facebook/sam2.1-hiera-tiny]/profile-refine,0.28967300057411194,0.8653046875000001,68d3f857bf34bbaa1704a84675ca11c8fc68cf024c07eb363935840a528d5ba0,7d9fe7cf808c891ca647c131b47eb96f287be716c8fbf7f4ff7499a360f881c0,True
holdout42,cellular_telephone__u01,root:1/visual-region:02,device_screen,device_body,sam2-amg[facebook/sam2.1-hiera-tiny]/point-grid,0.7851498825861651,0.68,7986f7c5106e0a3c5e3e1eb82471823b6e9552bab6105434249d214a8eb95d2d,97d386ab5d6a5f142b96a479b15774725c6cf8442c1912e8ffd703869f7958bf,False
holdout42,cellular_telephone__u01,root:1/visual-region:03,device_camera,device_body,sam2-amg[facebook/sam2.1-hiera-tiny]/point-grid/semantic-rerank,0.5604615315605,0.66,47ed302fa417d11031e5b3df69a69c91530f4a6ce857315591291ae1533caa25,23d498e375b576352d5790787909ed65b1f70d555c0089903da6ff3b9fe76ae1,True
holdout42,cellular_telephone__u01,root:1/visual-region:04,device_button,device_body,sam2-amg[facebook/sam2.1-hiera-tiny]/point-grid/semantic-rerank,0.5174623360348659,0.66,64ce7612c86e90846122e48ce6171cef25fc4e7b2423bf3196e55071b2322dda,7492bd08f92a21303e4f6e77e9799335237f2eb43615070632559bdb85d3017e,True
holdout42,cellular_telephone__u01,root:1/visual-region:05,device_button,device_body,sam2-amg[facebook/sam2.1-hiera-tiny]/point-grid/semantic-rerank,0.5689356055088571,0.66,be445db11df3d87e8b33e2e3117e27f1a83679e0791ccba18bd0bc2bec599822,4ead701f687acd8c0d252cc19839ec2f44ad0b1d960e2d6e5b3bc0aad62b5131,True
holdout42,cellular_telephone__u01,root:1/visual-region:06,device_lens,device_camera,sam2-amg[facebook/sam2.1-hiera-tiny]/point-grid/semantic-rerank,0.5858630608206429,0.66,eec0c2b895b0ef68293b8bd9c9c49a8f45e09f3ff8874aaa30aede950c7cf017,65cd8c69b9ea619e9f0350048c68f3d3eaf2cc9f199a513c05395b040996915a,True
holdout42,cellular_telephone__u01,root:1/visual-region:08,device_button,device_body,sam2-amg[facebook/sam2.1-hiera-tiny]/point-grid/semantic-rerank,0.641593223883669,0.66,cf59b689380785165e12bb7bea6df780aa8922de7188c215fc15fbac31cfec48,cda53fb2279658b46cc9d8d52c0686e5e8b59b92584cec6c7c5615d7c5bc8dfc,True
holdout42,cellular_telephone__u01,root:1/visual-region:09,device_visual_strip_03,device,sam2-amg[facebook/sam2.1-hiera-tiny]/point-grid,0.8895697707975239,0.62,584b3a4061fc1ed26075cd10d60adcfd87cad3b3c54c2da5c2968ca2f4a645ff,aaf7887ac7657fc856d67d37980c4342be3d5178e1dc48068f7efd44c98961ef,False
holdout42,cellular_telephone__u01,root:1/visual-region:11,device_port,device_body,sam2-amg[facebook/sam2.1-hiera-tiny]/point-grid/semantic-rerank,0.49986600985362006,0.66,69aa1f0a5635a01556388e9f79cf5b67489b2d9d39206cf43ed83ef05eec5c93,06617198ded454354a9b71226e51972c44d4a2b29d20a8c1836bff5438616ea3,True
holdout42,cellular_telephone__u01,root:1/visual-region:15,device_visual_panel_04,device_visual_panel_02,sam2-amg[facebook/sam2.1-hiera-tiny]/point-grid,0.7886944533354951,0.62,eb6a73bbb93ed679c1942854945dcba8f8635723888f5b1d5e9b54c0710a46cb,380755f550ec2d551139fca526f44fc6e4891f863c413b30196c574fd9b390bb,False
holdout42,cellular_telephone__u01,root:1/visual-region:16,device_button,device_body,sam2-amg[facebook/sam2.1-hiera-tiny]/point-grid/semantic-rerank,0.5497987815841344,0.66,6a9012dffe5664594298faebfd9e93379ba39c384c6344177ed3e3d62ca79b1c,a7291f0b9e9c8cca5b06c71cff8be246ae4beeff833a66d035413c2cab5f3bfe,True
holdout42,cellular_telephone__u01,root:1/visual-region:20,device_button,device_body,sam2-amg[facebook/sam2.1-hiera-tiny]/point-grid/semantic-rerank,0.5406384234950284,0.66,b55e92d71574aed819be24a90b9daf4927b9160da3cf97669dc46d498f19c38f,27f71812ba3e4771e3fa9e104fbf6ccd464947889c3a0b695d4c815fbb00984c,True
holdout42,cellular_telephone__u01,root:1/visual-region:21,device_button,device_body,sam2-amg[facebook/sam2.1-hiera-tiny]/point-grid,0.788163778614414,0.68,e14144cee738fb036e5f4821a3bed973886a598b520ba96175c268d6ce22df87,3f214cfe6bfd9bee4089209f07c88aa273c609f7e45abd1290463975646667dd,False
holdout42,cellular_telephone__u01,root:1/visual-region:24,device_flash,device_camera,sam2-amg[facebook/sam2.1-hiera-tiny]/point-grid/semantic-rerank,0.5397399464772996,0.66,416d367da7e05782811d23fb7310cfcf6e6bc03912c642e02e56ff52a3fa1090,b1c87f926dc08d0e048e2e2a0b0800b7656f105d64e47ce89668cccc449d3b4d,True
holdout42,cellular_telephone__u01,root:1/visual-region:25,device_button,device_body,sam2-amg[facebook/sam2.1-hiera-tiny]/point-grid/semantic-rerank,0.5555539158767819,0.66,45822e7d8b99a691db3f36214f253fcb102f755d52ed92c03931f5f28f3f2c26,c4a38d06f419a91486b512caa9838dd7df705fe279184c927fed5e47446fbb37,True
holdout42,chair__u01,root:1,furniture,furniture,grounded-sam2[IDEA-Research/grounding-dino-tiny|facebook/sam2.1-hiera-tiny]/root,0.43857479095458984,0.9725585937500001,9c7b085507bd98f2b9be6fa0e426541954ff67cc69abd65aa93933a8bd01c28b,34c65b19e441d39d0882bd7ed4f708a6f21b4ea2c4099f9992faf029cb2e5b81,False
holdout42,chair__u01,root:1/profile-dense:furniture_leg:01,furniture_leg,furniture_body,clipseg-sam2[CIDAS/clipseg-rd64-refined|facebook/sam2.1-hiera-tiny]/profile-dense-supplement,0.6659073829650879,0.5975159492811375,8e984b5a1083fa04b2003133dab75d277596c8808bbcbc365d9017cf7b8988b2,3d60e90001c4f680c00b15739b2525eab969250e66c4348e78378d2fb20cbb92,True
holdout42,chair__u01,root:1/profile-refine:IDEA-Research_grounding-dino-tiny:furniture_backrest:01,furniture_backrest,furniture_body,grounded-sam2[IDEA-Research/grounding-dino-tiny|facebook/sam2.1-hiera-tiny]/profile-refine,0.42990797758102417,1.03395703125,302869dadab5cde538f7959fb2cd847b9e792132cfdca919b9b2d8c2b973f7ec,2fc0f0dcb8e290b3d7db0198b6c11404b6e2de019410121b0e44047301ff9f09,True
holdout42,chair__u01,root:1/profile-refine:IDEA-Research_grounding-dino-tiny:furniture_cushion:01,furniture_cushion,furniture_seat,grounded-sam2[IDEA-Research/grounding-dino-tiny|facebook/sam2.1-hiera-tiny]/profile-refine,0.3209277093410492,0.8616308593750001,302869dadab5cde538f7959fb2cd847b9e792132cfdca919b9b2d8c2b973f7ec,119dfa0abb6d287275eaee9624ec8d2ea07baff3b6f0333935872b48fa109fff,True
holdout42,chair__u01,root:1/profile-refine:IDEA-Research_grounding-dino-tiny:furniture_seat:01,furniture_seat,furniture_body,grounded-sam2[IDEA-Research/grounding-dino-tiny|facebook/sam2.1-hiera-tiny]/profile-refine,0.2458084672689438,1.1632016601562503,302869dadab5cde538f7959fb2cd847b9e792132cfdca919b9b2d8c2b973f7ec,61eee6838c6eb94ae68b6cc709fade697c29b9cdcd307d28cdced2d9b3db9b43,True
holdout42,chair__u01,root:1/profile-refine:IDEA-Research_grounding-dino-tiny:furniture_stile:01,furniture_stile,furniture_backrest,grounded-sam2[IDEA-Research/grounding-dino-tiny|facebook/sam2.1-hiera-tiny]/profile-refine,0.2841785252094269,0.859697265625,c4f5dd23b8cd4bc92b1219d22755b9dca0d67ee333b34d5403e02b646a7f7fde,9df8f754b341bcc02c0ef26754f5e0c59698784450a88c96e5068f6387a0d11e,True
holdout42,chair__u01,root:1/profile-refine:IDEA-Research_grounding-dino-tiny:furniture_stile:02,furniture_stile,furniture_backrest,grounded-sam2[IDEA-Research/grounding-dino-tiny|facebook/sam2.1-hiera-tiny]/profile-refine,0.24346251785755157,0.8616308593750001,302869dadab5cde538f7959fb2cd847b9e792132cfdca919b9b2d8c2b973f7ec,6ca8524669361ef3722db1ee96e78f7e8f5b005637b9506e9c6b7223be4b2ea8,True
holdout42,chair__u01,root:1/visual-region:01,furniture_backrest,furniture_body,sam2-amg[facebook/sam2.1-hiera-tiny]/point-grid,0.8161577771377932,0.68,e90d407c2977537b3d54cf3cffda503671ace97f40c98d031d74987ce13ebb4a,69e273268c7220fe41854eb9f90d684e8a552efb0778cf69ac18fa97e8e1d7b7,False
holdout42,clock__u01,root:1,device,device,grounded-sam2[IDEA-Research/grounding-dino-tiny|facebook/sam2.1-hiera-tiny]/root,0.4824444055557251,0.99755859375,c8166c6b81f4eb99b3d45043392b2dfd5151be9fbdcaa3c2131edc4008047013,201d1a4da131dfbe1a90f025d90ce3f4412c6224236267cd524c8f8170cd93b7,False
holdout42,clock__u01,root:1/device_base:conditional:01,device_base,device_body,conditional-part[model]/direct-calibrated-mask,0.47071830759098615,0.8536062734705134,6ce13468bcfd1c120f17414a276c3918a3231ffa61cf490b1519ecb74de80a4c,255ec7cef5cf09a2de725e62d4a641897f9be9f9b82f8f3b3f81f5ec5d6d8671,True
holdout42,clock__u01,root:1/device_finial:conditional:01,device_finial,device_body,conditional-part[model]/direct-calibrated-mask,0.7892884359315733,0.856878744514906,1ae86915688357e75cd3ea118a44e7a58af37fb826a47f3bcf668f4f551f8c33,10c58f465699c6d37d079f37be251b5777b1ea33fe2bce4d0d03a01671c6fdc2,True
holdout42,clock__u01,root:1/profile-refine:IDEA-Research_grounding-dino-tiny:device_clock_hand:01,device_clock_hand,device_dial,grounded-sam2[IDEA-Research/grounding-dino-tiny|facebook/sam2.1-hiera-tiny]/profile-refine,0.36229208111763,0.83939453125,e509bea501759962a969e9bb508a03261796616f73675b8276db30c5cf31a898,f1052128838ae9dc2174109f205374b359116f8b89ef2f6f9d8fc344d0979f4c,True
holdout42,clock__u01,root:1/profile-refine:IDEA-Research_grounding-dino-tiny:device_dial:01,device_dial,device_body,grounded-sam2[IDEA-Research/grounding-dino-tiny|facebook/sam2.1-hiera-tiny]/profile-refine,0.5093525648117065,0.8720722656250001,5678f40d323cf936c027227010fd21f45aab243666d29808ede605706f15fba5,82372c263d8626435e15bd668d988fef6dc457e031570b142e0e200e5dea3bdc,True
holdout42,clock__u01,root:1/profile-refine:IDEA-Research_grounding-dino-tiny:device_screen:01,device_screen,device_body,grounded-sam2[IDEA-Research/grounding-dino-tiny|facebook/sam2.1-hiera-tiny]/profile-refine,0.3643251061439514,0.872265625,649b57fb76b21293e8672adae96885106688df9a69932a42706c2ea8cef3aa11,f5de72c29d52f8147d34f851771a54e73df9e0bb339f096ef637c72fd48ee572,True
holdout42,clock__u01,root:1/visual-region:01,device_visual_panel_01,device,sam2-amg[facebook/sam2.1-hiera-tiny]/point-grid,0.709275138589099,0.62,8fa770a89dcef5381c33e6808cb59cacabc26780b04aed35aec6d8dbc2cf1bf6,35f6c839122cc2cb7b3cfa249d50dd05984f76c06418479f6028f3705a9b942b,False
holdout42,clock__u01,root:1/visual-region:02,device_dial,device_body,sam2-amg[facebook/sam2.1-hiera-tiny]/point-grid,0.748481870953724,0.68,cea57e054aa29f710de89817fda7164317cad0a902c313a959125080c7cadf67,aef007f43ed376c5275d6bd7f2a805fecd7412dbbff8d15fd969f4b3b3deb699,False
holdout42,clock__u01,root:1/visual-region:05,device_clock_hand,device_dial,sam2-amg[facebook/sam2.1-hiera-tiny]/point-grid/semantic-rerank,0.5979965345400187,0.66,ec9638828f1a3d0a9a9af7b596de46ba3cc10aa7e974fbb715ce85ff79805aee,6175f803e1aa658b6ddbe69d7b4bfeb756e86065e4eeb0dcdcb209cf26abf050,True
holdout42,clock__u01,root:1/visual-region:11,device_dial,device_body,sam2-amg[facebook/sam2.1-hiera-tiny]/point-grid,0.6513323041217853,0.68,75a0ca44f70cf9c3a7e585d81d7834358d7390e62bc51882f46b567b70b2585d,86bcb7a4f70788bf1094f617d8160742884568b122bce2a08d516bcd27a9bbc4,False
holdout42,clock__u01,root:1/visual-region:13,device_clock_hand,device_dial,sam2-amg[facebook/sam2.1-hiera-tiny]/point-grid/semantic-rerank,0.5876778003483798,0.66,d6523786e6c2efd823331b1c7156c2b4532a125afdd1dc15921876086ec8f606,c1ee4dc85176a1651d3224c84beda5259c20cc250da3d3f03f90085ee105df7a,True
holdout42,clock__u01,root:1/visual-region:17,device_clock_hand,device_dial,sam2-amg[facebook/sam2.1-hiera-tiny]/point-grid/semantic-rerank,0.6179400189238262,0.66,c3ff3fe389d666cf1848358ef1de3ad0e529c66c6329225dbba3feed73c11ec6,72862e867afedf4a5d9b1a0da9003aeb17f24c2e5580ea4fa6febd81ef24416c,True
holdout42,cup__u01,root:4,container,container,grounded-sam2[IDEA-Research/grounding-dino-tiny|facebook/sam2.1-hiera-tiny]/root,0.3527590036392212,0.9901367187500001,4d47e582ee41292c046a4118aac9d609c7fb3f4f8d9fb1d3ea800a45875020db,fc3d3903142bfa8f417e9455fce001fbcc2e71a8ca3c73c05bfe15d7534eaf0d,False
holdout42,cup__u01,root:4/container_base:conditional:01,container_base,container_body,conditional-part[model]/direct-calibrated-mask,0.7111607267524945,0.8958496865073531,ac07ff29d3b72b396752ea5ed3aed96a7b7023cd31efaaac5ce5d6981dd2d1ba,26948c7ab207f244c0583f2030034c342125e27e58a81574cd905a52ec6cca78,True
holdout42,cup__u01,root:4/container_inner:conditional:01,container_inner,container_body,conditional-part[model]/direct-calibrated-mask,0.9283043986453081,0.9139782772000709,eb50e8b13778612a6aea29221221d99256b45a8d0fc222fbf47f2beaa86adf80,d39eefe53305a971dba69d76add744ef20523c908c2ac9769479c4760839d57d,True
holdout42,cup__u01,root:4/profile-refine:IDEA-Research_grounding-dino-tiny:container_bottom:01,container_bottom,container_body,grounded-sam2[IDEA-Research/grounding-dino-tiny|facebook/sam2.1-hiera-tiny]/profile-refine,0.26020142436027527,0.83939453125,af601f062cbea7cd4f3a944d5f366a9610f7c32da8cdc63cf9dbd8f809503672,8789a512be72e61c6db6d4c782c7154984fffc7238290c30fb4f236903a4d0fd,True
holdout42,cup__u01,root:4/visual-region:01,container_inner,container_body,sam2-amg[facebook/sam2.1-hiera-tiny]/point-grid,0.8759820638793705,0.68,a58882f742145cae01b5890814dd329f34d30056843e70fea30c86c8384a4e16,12f74ac82f5e0630ff0ff08a59cbef7d89b9a21efb771c52950c01ca7ca18f56,False
holdout42,cup__u01,root:4/visual-region:04,container_rim,container_opening,sam2-amg[facebook/sam2.1-hiera-tiny]/point-grid/semantic-rerank,0.6365586888918109,0.66,ed1b2dc447ba4657b4036fb1444ce8ed07b6563149123a5513029df51b155072,b6fcd2a4f0beec6a0a92ad06b28090ef19cc486904c1dc6339f4c0ad0220ca8f,True
holdout42,cup__u01,root:4/visual-region:05,container_visual_strip_02,container,sam2-amg[facebook/sam2.1-hiera-tiny]/point-grid,0.6694612243258222,0.62,93e5e9fd5669f124d75d65756995671b729e1ee1059b84032db4266196545354,d2727a2ad0000bf0c14acfc9fb57c0d11bdea42eb515ca2c7d03df2280d40ab7,False
holdout42,cup__u01,root:4/visual-region:06,container_visual_panel_02,container,sam2-amg[facebook/sam2.1-hiera-tiny]/point-grid,0.6513094288683174,0.62,17bd26960b213ab0b2498ac9ffe3038511bea8283c2fcd74d8571e0d114133ea,8e0e7899d8eea3cd3f1426e9ca5b4d0649f8a0e29e1f5c89b9a8ebc912cdf37c,False
holdout42,cup__u01,root:4/visual-region:07,container_rim,container_opening,sam2-amg[facebook/sam2.1-hiera-tiny]/point-grid/semantic-rerank,0.5016873544969606,0.66,3ea3ec31a557ce007e0cf2199d22ce30a4690bce9ce30463e911887a38118216,a946b719a547e76c84731c9a87c2be743f23ffea0e36f06b321528998238fd51,True
holdout42,cup__u01,root:4/visual-region:08,container_visual_panel_03,container,sam2-amg[facebook/sam2.1-hiera-tiny]/point-grid,0.6352507457419874,0.62,9887c88c8d2af0f0312017ae9532fb7910cdc209294cbc9c054ced28b88d1d02,1a5b2caa4ae6e22efc631a88fe7ad917e0d20946d10c8b2210e3a369565a5775,False
holdout42,glass_drink_container__u01,root:1,container,container,grounded-sam2[IDEA-Research/grounding-dino-tiny|facebook/sam2.1-hiera-tiny]/root,0.6363531351089478,0.9599609375,1edd1742057562b444a67e4aca0c5cd4b3fa89a02997a0067e3ba346eb6586cf,2d3379c1a4bc8bf79d51d3fc9aa7f598fab421de23885dc8e4702fa77772c65e,False
holdout42,glass_drink_container__u01,root:1/profile-refine:IDEA-Research_grounding-dino-tiny:container_label:01,container_label,container_body,grounded-sam2[IDEA-Research/grounding-dino-tiny|facebook/sam2.1-hiera-tiny]/profile-refine,0.3479801416397095,0.818125,7b1a5bb915d727c2679be52613e8a1b927ffc98cdcef74b2b4968c99f04016a4,7c39a52bf7f347708c6abcfbe6713d6400bc552d09d5af3bd701706bf162a313,True
holdout42,glass_drink_container__u01,root:1/profile-refine:IDEA-Research_grounding-dino-tiny:container_label:03,container_label,container_body,grounded-sam2[IDEA-Research/grounding-dino-tiny|facebook/sam2.1-hiera-tiny]/profile-refine,0.26664361357688904,0.85331640625,cd08847277dcdf4a7edd56dcda207e9eeebec38781a09e8ea2c13cf2019d9c3a,6bda5afaaedc3e7b4a087672d57c7bc3484669a775cfb302d7beee7c69946d40,True
holdout42,glass_drink_container__u01,root:1/visual-region:01,container_base,container_body,sam2-amg[facebook/sam2.1-hiera-tiny]/point-grid/semantic-rerank,0.5741428406674739,0.66,9ec54067af01e0d139c8073ee24c30668c33f55e9f0dc96ce2da8176f603f997,294ae48994f6acb30aaa4491b4d0d464b5753766eab837ba5720bb68257fd709,True
holdout42,glass_drink_container__u01,root:1/visual-region:02,container_inner,container_body,sam2-amg[facebook/sam2.1-hiera-tiny]/prototype-labelled-region,0.6731508950745503,0.6041374002866745,a2169198b86ed93709a50129223bf4e9abf497679995e4d6924189b111ef364e,32f954eb40cf937c495c1c1d212ff3ddb0ab36a75d75d645df4824c0f56fb315,False
holdout42,glass_drink_container__u01,root:1/visual-region:03,container_rim,container_opening,sam2-amg[facebook/sam2.1-hiera-tiny]/point-grid/semantic-rerank,0.5404637330756769,0.66,21f30bec8c55a0733072d49cbbdb5d78f18186c892a37f1dad733e2ee194eaab,246acf86ee9111af0567dda49ef7c1752491705f275f840f25b2b64c88efbabc,True
holdout42,glass_drink_container__u01,root:1/visual-region:06,container_rim,container_opening,sam2-amg[facebook/sam2.1-hiera-tiny]/point-grid/semantic-rerank,0.5687320998346105,0.66,f6dbc92097aa760d8b531a94527edd5229ead02bc523800a23c35ca7c1daa67a,e5bca555ce141d8f1145657811d69e5b9e9f5d364435a3b1b51eb6044f4385f5,True
holdout42,glass_drink_container__u01,root:1/visual-region:08,container_bottom,container_body,sam2-amg[facebook/sam2.1-hiera-tiny]/prototype-labelled-region,0.7281308421021901,0.6098679296627044,73d8df219cea9ec59a0ee01660dff8870eaf81aafb7af92e5231f3f12460e202,d917bb3850e14939eadfbcf51e66734bf2849d19b32e84e1674840f53a3f0c41,False
holdout42,guitar__u01,root:2,tool_prop,tool_prop,grounded-sam2[IDEA-Research/grounding-dino-tiny|facebook/sam2.1-hiera-tiny]/root,0.44122153520584106,0.94306640625,cecf91e4615d2c84ed95b695c890f9d8b419ccf7e36127a58bcf3f6523331ab8,68b535f58f999570ec6850549178cdd46791ebdbdf1e6812f3cd62bbb98748d4,False
holdout42,guitar__u01,root:2/visual-region:01,tool_prop_fingerboard,tool_prop_neck,sam2-amg[facebook/sam2.1-hiera-tiny]/prototype-labelled-region,0.8174015692451861,0.6088481973314285,e206151e4b45c06d32ae9da922e9191c26441223116948de0bc98fcd9d2e5615,7e69427ca6ceb53c6eba8bfb396e1379459820a175632022b7377b23f519cecd,False
holdout42,guitar__u01,root:2/visual-region:02,tool_prop_visual_strip_02,tool_prop,sam2-amg[facebook/sam2.1-hiera-tiny]/point-grid,0.675140370992743,0.62,790797494fb413b3bb91ebd627e3229e30c6ff52ebbc8f5daa319be449668068,48a11e9f99fae90ab7a6e50db487b8646868f7ce433dd31a689fa73bf218a4a3,False
holdout42,guitar__u01,root:2/visual-region:03,tool_prop_visual_panel_01,tool_prop,sam2-amg[facebook/sam2.1-hiera-tiny]/point-grid,0.7879561736902005,0.62,fbca5b0786657c3f1ac833a44599c4988f8300cd72a5cb623718f6837366eacd,c6b2e602938f96468b3f503c01076c31edc67427621ae26b6162af3e57b5778b,False
holdout42,guitar__u01,root:2/visual-region:04,tool_prop_visual_strip_03,tool_prop_visual_strip_02,sam2-amg[facebook/sam2.1-hiera-tiny]/point-grid,0.6403894568986904,0.62,c5a6c7cd61a546a2fb0977e68fdd65ef277deba32beb64fbe6d672b3e53178db,62be3aba455e8da22e3f2469f2cc5c67602c54739c4824fb842e35a50ed1635d,False
holdout42,handbag__u01,root:1,container,container,grounded-sam2[IDEA-Research/grounding-dino-tiny|facebook/sam2.1-hiera-tiny]/root,0.3905920386314392,0.93515625,1d49902d2af063c09fbe104e5b55f4673bf503bae14d69d4257756effb524098,2c6beee6304ad960174bca931dac50323fd136ee7bc97bffb5460f2b1f2fa26b,False
holdout42,handbag__u01,root:1/container_opening:conditional:01,container_opening,container_body,conditional-part[model]/direct-calibrated-mask,0.6523690432350615,0.8331611274792368,c3321d666bb6026a86bfbe73c49552f96ce4f3d54dc159a45b336d197db919b7,93905f445b9b490abdd8f114ac5113a783b91d84a91a601514be369d410422a7,True
holdout42,handbag__u01,root:1/profile-refine:IDEA-Research_grounding-dino-tiny:container_handle:02,container_handle,container_body,grounded-sam2[IDEA-Research/grounding-dino-tiny|facebook/sam2.1-hiera-tiny]/profile-refine,0.24166831374168396,0.6687548828125,8883e13f272104a0bc596a1c0982053ba1be220da2f825a8a1dec70b2e4666b2,18f496f8c3d66f4a939ed588a21d18af4b036e5ceee7014a508013486f0601d2,True
holdout42,handbag__u01,root:1/profile-refine:IDEA-Research_grounding-dino-tiny:container_strap:01,container_strap,container_body,grounded-sam2[IDEA-Research/grounding-dino-tiny|facebook/sam2.1-hiera-tiny]/profile-refine,0.27396270632743835,0.6720419921875,08c1fc5a0a9457a2f398a954a9f5bcfb3a684f30e91497d2aeed9f70416a6464,f4351d2aad0b6ce997f6d94c474477b2147d21b9d6e1b4b03053eafbe99bc5b4,True
holdout42,handbag__u01,root:1/visual-region:03,container_pocket,container_body,sam2-amg[facebook/sam2.1-hiera-tiny]/point-grid/semantic-rerank,0.5297723708938475,0.66,12b69619c80f5db89a8ad942f84b1c8de8af9fb362598b487c1c9e719e5a45da,a689b684103f912a0a2dfc208bf5acc1427590a4d06bfe8d5f8e3acc3cb27bf2,True
holdout42,handbag__u01,root:1/visual-region:04,container_visual_panel_04,container,sam2-amg[facebook/sam2.1-hiera-tiny]/point-grid,0.7070133082010737,0.62,82e96f998d61488e0e1a55910c1159d96684d591c76a7a7558b209637f396e21,80d7b43f8aad20679ef92f1c66cd5cde5b14c3469595a98fb1a5a2c5eaf22ae3,False
holdout42,handbag__u01,root:1/visual-region:05,container_visual_panel_05,container,sam2-amg[facebook/sam2.1-hiera-tiny]/point-grid,0.7362772208064947,0.62,26023891a4afa22aefa63e6e9f55418dd8b37485c940a3c6db702e20c680590b,93e5cbb6e40e043458c36f42ea73f59e85589b2d114ed2e1f6eed4eed23e6589,False
holdout42,handbag__u01,root:1/visual-region:07,container_pocket,container_body,sam2-amg[facebook/sam2.1-hiera-tiny]/point-grid/semantic-rerank,0.5490109352367817,0.66,ec83a215bdf017da6febec45ff638098db4f20a149c5ca89dd6030de4e26df04,0643531dda1a700bc8ff8ebd85453ad4480707aae340044a84b9526674ccca16,True
holdout42,handbag__u01,root:1/visual-region:11,container_zipper,container_body,sam2-amg[facebook/sam2.1-hiera-tiny]/prototype-labelled-region,0.8814048902579534,0.604904511809349,9fa43a264239c7d49e0fe51e30a6d86e76c1c6bb6cecadb50e3b7a3bd92268bb,5425db3cc63df4676403b606b64483eccfa366c642625676d3ec7d80183d08a5,False
holdout42,hat__u01,root:2,daily_object,daily_object,grounded-sam2[IDEA-Research/grounding-dino-tiny|facebook/sam2.1-hiera-tiny]/root,0.4324828088283539,0.9905273437500001,9a12e2a11b9d68e9c5126d16480c027f85660b17b232a548462e4aa42fc73fe7,4c27624d7674779e551e776165142c865126796a6a67ff00b61957988575eb26,False
holdout42,hat__u01,root:2/daily_object_guided_daily_object_logo:01,daily_object_logo,daily_object_body,grounded-sam2[IDEA-Research/grounding-dino-tiny|facebook/sam2.1-hiera-tiny]/retrieved-part,0.3008974155926821,0.6843162806447661,f973eebf790fee2f72907bd6250303e0ec9c4931ab4db17655d34f899729b32a,4c3139bb8b92afb48ae25af9126f22ffdfc024a1fb59fed876088c371d0e7ba3,False
holdout42,hat__u01,root:2/visual-region:01,daily_object_visual_panel_01,daily_object,sam2-amg[facebook/sam2.1-hiera-tiny]/point-grid,0.7655677237019816,0.62,52a7525fd183763cd626c866532a791cb3c944d8222a281ea0e1975d0d578a3f,66ec2d0d90be8f50d02a0e25501d9804ab16ecd89022df071aae867f5eb8775b,False
holdout42,hat__u01,root:2/visual-region:03,daily_object_logo,daily_object_body,sam2-amg[facebook/sam2.1-hiera-tiny]/point-grid,0.6711372674668564,0.68,3ac1cc8765bbd2ad685c624bc66b908512530a75f8a16ff8c6400036dbd9e1e4,06995a12cff84adbdcc115e02eb76a9df2cea22dd2f5ecd0e0eb27ae81e04efb,False
holdout42,helmet__u01,root:1,daily_object,daily_object,grounded-sam2[IDEA-Research/grounding-dino-tiny|facebook/sam2.1-hiera-tiny]/root,0.7977144718170166,0.9920898437500001,e45fc655f7028620b3255fa3281e5c2d8b814774b94992ca39f5bbfc70d17952,423e8237685b61c4376cca4b3fb8e84c6e0eaee1b273d105d8e64a1159905d64,False
holdout42,helmet__u01,root:1/daily_object_inner_lining:conditional:01,daily_object_inner_lining,daily_object_body,conditional-part[model]/direct-calibrated-mask,0.8096616120726068,0.8745489688755711,2f79df356f5f83a4efc53752b3931d85999fb61192701ad3e405a4163eb3bfd8,d52da95f30b7d9987c0578bf33e1681c73938c25f182c5b2d63d5707fd0e36cf,True
holdout42,helmet__u01,root:1/daily_object_logo:conditional:01,daily_object_logo,daily_object_body,conditional-part[model]/direct-calibrated-mask,0.7996898728900661,0.8158224449444398,31ca2d75dd2ee86b9400637bbbaff72d4e206f4f9bc1955568e24c39c37afb15,1890bff0e3bba6f0ae407b5b2f4df2340f092bf2b5fde9ef87f050fdad81ccc0,True
holdout42,helmet__u01,root:1/profile-refine:IDEA-Research_grounding-dino-tiny:daily_object_inner_lining:01,daily_object_inner_lining,daily_object_body,grounded-sam2[IDEA-Research/grounding-dino-tiny|facebook/sam2.1-hiera-tiny]/profile-refine,0.2857704162597656,0.8714921875000001,1191aedcdcdbf37c04b9ed09e84d2e3ba9c550c70c63858a393a69191b4eb034,187eea75cb903b5519a860d46a8a0b401d3de2515dcb3a6a5584b82ef38fc072,True
holdout42,helmet__u01,root:1/profile-refine:IDEA-Research_grounding-dino-tiny:daily_object_logo:05,daily_object_logo,daily_object_body,grounded-sam2[IDEA-Research/grounding-dino-tiny|facebook/sam2.1-hiera-tiny]/profile-refine,0.24310296773910522,0.85486328125,6863b969c6f75ad8e774b14488a729875de190537add3dad995a57fb45b7c0f0,316483531477b82249e7dc1fd5b52c9e2f0cc3ced3941e94081d661e94443abd,True
holdout42,helmet__u01,root:1/profile-refine:IDEA-Research_grounding-dino-tiny:daily_object_visor:02,daily_object_visor,daily_object_shell,grounded-sam2[IDEA-Research/grounding-dino-tiny|facebook/sam2.1-hiera-tiny]/profile-refine,0.28736767172813416,0.7525761718750001,9e12310af434fa7d33185d10be57339a21b8479d53b4d57ab0a180d26841a1f9,388d089d583b481b426cad1984f921b91cc04970f27cfde4678a46a3ff5a7396,True
holdout42,helmet__u01,root:1/visual-region:03,daily_object_band,daily_object_body,sam2-amg[facebook/sam2.1-hiera-tiny]/prototype-labelled-region,0.7951855718588356,0.6104481903066635,8c2ed2ab0e6f4e821141758a54ce62418f4f2f7ab169c08b528b88dfd9ccb79e,204f3a6df14b85f2514c01a76f96b510dbc5376768445f31879cc0d70b838c68,False
holdout42,helmet__u01,root:1/visual-region:06,daily_object_logo,daily_object_body,sam2-amg[facebook/sam2.1-hiera-tiny]/point-grid,0.8232301705773356,0.68,fd1132996f55761dd87ac677950d963d38319a0558ab8dee58ac3bc5c6fb54ab,82e780fb74bfc1de7a5101eb0935ea7c5c829d26771481946a6ed3d7195b0e44,False
holdout42,helmet__u01,root:1/visual-region:08,daily_object_visual_panel_04,daily_object,sam2-amg[facebook/sam2.1-hiera-tiny]/point-grid,0.7481754127472533,0.62,220deecf7a26fbe562d9343f4fcbffe40d064f17e67a35d061d3339b924f430a,d96eec1defbd8c6854d7cc15afeb4c2fc579940fb7cd0fbdfdbcaef70230ca4b,False
holdout42,helmet__u01,root:1/visual-region:09,daily_object_inner_lining,daily_object_body,sam2-amg[facebook/sam2.1-hiera-tiny]/point-grid,0.847552685976095,0.68,610e6932d105f589be7270340ff6e94babc2e31e1093beabb11fa85c7ad55371,14f17be21c75329303e611599c0caf2c6d5d5aa2ed709700f3770e7f28859524,False
holdout42,helmet__u01,root:1/visual-region:11,daily_object_visual_panel_05,daily_object_visual_panel_03,sam2-amg[facebook/sam2.1-hiera-tiny]/point-grid,0.8524423695924244,0.62,c18e825f61224f2d6b7acc397331a667cb8bc6476eba9477ee8a924151b9cc1d,d53802c09bbdac028c8f80abfd198ea81470b313626cb0892a24c292cccc0ea2,False
holdout42,jar__u01,root:1,container,container,grounded-sam2[IDEA-Research/grounding-dino-tiny|facebook/sam2.1-hiera-tiny]/root,0.8850365877151489,0.991796875,0c5c227fd405f7ec38b939bf7bc7cdd0d7a98f86b50b98a23bba0f7879cf5c71,95fc049b454d8a17ea09b890eab3ce107acfa29f841fbbf4f457f05cac64a9c3,False
holdout42,jar__u01,root:1/container_guided_container_label:01,container_label,container_body,grounded-sam2[IDEA-Research/grounding-dino-tiny|facebook/sam2.1-hiera-tiny]/retrieved-part,0.36127609118578674,0.7784974619448207,62eddf9cbe3492b32175c45bd834263ad6a373ae4b32914429c90d413953a156,e22f021da9627de41018cd1e8242b229e756f23d80dbefa0fa011d7d1a136fc6,False
holdout42,jar__u01,root:1/container_handle:conditional:01,container_handle,container_body,conditional-part[model]/direct-calibrated-mask,0.5256711751064622,0.8600519884975926,47bee127feeb2f74578d0f1f2c4511f6f2fd95a1600c8ad33d5f096c742dc8ac,963815fbe4fc9bdbf1364132b483a43bdabc911dff401c609c24b41a658930b9,True
holdout42,jar__u01,root:1/container_label:conditional:01,container_label,container_body,conditional-part[model]/direct-calibrated-mask,0.8246196241252421,0.8607906821128638,0322543dbeac89704ec8743c3bab035de9dcdbdc59662ebf8955161ba0168962,4116f77444b88b2c7e58bba8800fa0eb455ba7659d4711677c3e0f68d51e69f6,True
holdout42,jar__u01,root:1/container_label:conditional:02,container_label,container_body,conditional-part[model]/direct-calibrated-mask,0.8914908741795349,0.8655378650668489,227294bb7464def23b1a9cd32c23adb7be50258b3256b223ad182c6e3196468c,55388af14f5e41334e22fb62b148f4bd2bb4aae85d6eeb0e9aa8e582d4101fcd,True
holdout42,jar__u01,root:1/container_lid:conditional:01,container_lid,container_body,conditional-part[model]/direct-calibrated-mask,0.6273864253571494,0.8718252243230854,2f065c59257714c5c3d7bc8774510b180fcd0b3ea03659cd1b9c7dc64f233608,d6a6da157a28aad0609d208959fd3d976be0cfd47eb8ede134adc7af4628322a,True
holdout42,jar__u01,root:1/profile-refine:IDEA-Research_grounding-dino-tiny:container_bottom:01,container_bottom,container_body,grounded-sam2[IDEA-Research/grounding-dino-tiny|facebook/sam2.1-hiera-tiny]/profile-refine,0.37399014830589294,0.7539296875000001,dfb777647f8b006c7303fb6d688779a06a529f76f58f57d9c58a73785c807838,b804b5929d1188a0f0bc54400251fd1c0bf686170d652ffb39845469e634207c,True
holdout42,jar__u01,root:1/profile-refine:IDEA-Research_grounding-dino-tiny:container_label:02,container_label,container_body,grounded-sam2[IDEA-Research/grounding-dino-tiny|facebook/sam2.1-hiera-tiny]/profile-refine,0.4057430624961853,0.83978125,0efaa843bd563416afc994ee7d1c9d6dbea36a65ddb20267229120dc52cc6b9c,0eac5663da04f31a5183bd7e35c365f28f8b8331e2b1e3508780c36ace92a47d,True
holdout42,jar__u01,root:1/profile-refine:IDEA-Research_grounding-dino-tiny:container_label:03,container_label,container_body,grounded-sam2[IDEA-Research/grounding-dino-tiny|facebook/sam2.1-hiera-tiny]/profile-refine,0.3940260410308838,0.85641015625,43428b9bd177797a0b57cfd4a8002f9b4a20d8a03c9abc58ae6d0030072529a6,55dc9b7f4847db0bca1c0dba79d1810607533a5fb2befce30bd6c46b42b9269e,True
holdout42,jar__u01,root:1/profile-refine:IDEA-Research_grounding-dino-tiny:container_pull_tab:01,container_pull_tab,container_lid,grounded-sam2[IDEA-Research/grounding-dino-tiny|facebook/sam2.1-hiera-tiny]/profile-refine,0.26961395144462585,0.84596875,b96fed72d4f86449a29a6ec13f6230d27db11fad8957848d5df6ded4a8b3394e,13f678a9bdcf2071b58ba670c5caf2b4fff7a9dddbbdc124f58fd4e74f72f4ff,True
holdout42,jar__u01,root:1/profile-refine:IDEA-Research_grounding-dino-tiny:container_rim:02,container_rim,container_opening,grounded-sam2[IDEA-Research/grounding-dino-tiny|facebook/sam2.1-hiera-tiny]/profile-refine,0.25091278553009033,0.8540898437500001,95268beb7c83018a81b0b8175cc661c9f5f067dd85f09317f93d55d8cebcd8c3,29131bea5068dafaa2674454edc372e43b7f91e3a5f175ae52a1692819ac40c4,True
holdout42,jar__u01,root:1/visual-region:04,container_label,container_body,sam2-amg[facebook/sam2.1-hiera-tiny]/point-grid,0.7455478122285819,0.68,674a75e9a9eb5dd2017ad5d75e93c27f7fdb65c74eb76a69f75e6597c8633f43,5ce0c38a5648d75c085cf417b865473c88fca8fc741c7f7279a4af5b6a4c8406,False
holdout42,jar__u01,root:1/visual-region:05,container_label,container_body,sam2-amg[facebook/sam2.1-hiera-tiny]/point-grid,0.8401844194578033,0.68,2f38b4b6bbe7c54768924ed40c9559e52eda7d8a0c4c60b3ef71e6044dc416d7,0daeea3958342d29e1d0702671d307023b80bb12f30fa1fcf444ebd56ea215a8,False
holdout42,knife__u01,root:1,tool_prop,tool_prop,grounded-sam2[IDEA-Research/grounding-dino-tiny|facebook/sam2.1-hiera-tiny]/root,0.8060905337333679,0.9920898437500001,c3ddd8a87571b3787f36d369cdd7ef40786d06e3b9d22f287ce240ad36dbee60,7b610558dd58b76b1b2e23f7b5ac149f9bbf736b0d90bca9e3eb6a5ee718b9b3,False
holdout42,knife__u01,root:1/profile-refine:IDEA-Research_grounding-dino-tiny:tool_prop_blade:01,tool_prop_blade,tool_prop_body,grounded-sam2[IDEA-Research/grounding-dino-tiny|facebook/sam2.1-hiera-tiny]/profile-refine,0.2756168842315674,0.85099609375,10f61723d33cc9dc5ba5b90d6edb0dc37e2db56444980ddce0f3a29c8676e343,a4ad135f16fe16980de8a811586f68a823acedaae234d4def2de5e8c9707a466,True
holdout42,knife__u01,root:1/profile-refine:IDEA-Research_grounding-dino-tiny:tool_prop_wrap:01,tool_prop_wrap,tool_prop_handle,grounded-sam2[IDEA-Research/grounding-dino-tiny|facebook/sam2.1-hiera-tiny]/profile-refine,0.2729925513267517,0.852349609375,e5df6420b24a0cfa98d2346f61f903e96cb3fcadde5890437fce54808d6fc1ea,e891689f01c3fe0176f40dbcf1c1e9b44040722acdbbc3f0383a015ef9d3cc42,True
holdout42,knife__u01,root:1/profile-topology:IDEA-Research_grounding-dino-tiny:tool_prop_handle:01,tool_prop_handle,tool_prop_body,hpid-topology-v2/terminal_complement,0.25907987117767334,0.82,3a4f6046f0ac3cc35584688af16999efd627505a07a8d8aa91c26b84103682e1,2bf17028f8fd2f6e493c4594e7758b3ca3330363e29be67b68321f05b2ff594e,True
holdout42,knife__u01,root:1/tool_prop_blade:conditional:01,tool_prop_blade,tool_prop_body,conditional-part[model]/direct-calibrated-mask,0.9170865881234275,0.892494891154162,e2eea85316c3651c46f560629527069736fed3efc3a51451157e2298ab16cff0,6d70e2ad29bbf2098e536734a2ac4ef8b1626a00a22e05802569d7f40cd94704,True
holdout42,knife__u01,root:1/tool_prop_handle:conditional:01,tool_prop_handle,tool_prop_body,conditional-part[model]/direct-calibrated-mask,0.8083939339685449,0.899249575493813,bfec60a86b2700abfc31a8272f65a0503d2d0c9ef31de9af8d81868c25e60f8e,37ceeecaff2e124321adcdbf9423654d64c1eb856328946ffcec17c33bc07ca3,True
holdout42,knife__u01,root:1/visual-region:02,tool_prop_blade,tool_prop_body,sam2-amg[facebook/sam2.1-hiera-tiny]/point-grid,0.7925371214963547,0.68,13003f9d91ca86a05489b59d6863cf6a85e23b6b44c56f5ee40b88c722fddc8c,4cae375dac6ad6a7c1692019de4f579ad35459586e01b5dc5035fbf474dd80ae,False
holdout42,knife__u01,root:1/visual-region:03,tool_prop_visual_panel_01,tool_prop,sam2-amg[facebook/sam2.1-hiera-tiny]/point-grid,0.6534482907032712,0.62,10f57451f65cd860f3b3b6b54eba6fcb48f4ee986ef0c40221f7e4965b1c77cd,9a6841f4082cdf85bdbfdc96949fc9d86d263d245f504cfa645c90af3b727710,False
holdout42,ladder__u01,root:10,tool_prop,tool_prop,grounded-sam2[IDEA-Research/grounding-dino-tiny|facebook/sam2.1-hiera-tiny]/root,0.26020142436027527,0.9754882812500001,9da49912b9838f31c16015f2b2c100858556768b3289fd77adf1cef69ee14116,fa73510dad1e2477c9d4d67029a50bd5239be50df0e0fe224ba228fbc52929b7,False
holdout42,ladder__u01,root:10/tool_prop_guided_tool_prop_body:01,tool_prop_body,tool_prop,grounded-sam2[IDEA-Research/grounding-dino-tiny|facebook/sam2.1-hiera-tiny]/retrieved-part,0.27172457767041996,0.6780725409990143,61466f1075b49713da8f03de33106a924669da0fd2ef61cc4c55d21bcbca9039,711a028f3c34d0126b4d0d146791fdeab710577cb038c74f02941608c710d5d3,False
holdout42,ladder__u01,root:10/visual-region:01,tool_prop_top_cap,tool_prop_rail,sam2-amg[facebook/sam2.1-hiera-tiny]/prototype-labelled-region,0.7201486522830484,0.6038837747488022,eac40d9e2afc0defbf386e23146f8a8ee0e38d0b182037caed8e22e001b3c2f1,e06e7beb8b58b3bd27632946ae12155ca30198bb8a9a09a12a8ef85285fbcb02,False
holdout42,ladder__u01,root:10/visual-region:04,tool_prop_body,tool_prop,sam2-amg[facebook/sam2.1-hiera-tiny]/point-grid,0.8380772010546105,0.68,fd1b8a849d1544eb2a5fa340b7dd2dfbd7ba17433d65e1290e5dcb489acde65b,56ae50df004521c14b591a8a6d7e7fe7b0e9dace973b5f4025be9e49ed0e1fb3,False
holdout42,ladder__u01,root:10/visual-region:05,tool_prop_step,tool_prop_rail,sam2-amg[facebook/sam2.1-hiera-tiny]/prototype-labelled-region,0.726484896877386,0.5883958324756622,5a2f48e66215a0d8efa782481d08ac6ad2397ce0ac041b5e012302fede302f4a,5f41a0fce3aa16be11294e30ee3243984f75494889fd5a3236b26caa0c915cc5,False
holdout42,laptop_computer__u01,root:1,device,device,grounded-sam2[IDEA-Research/grounding-dino-tiny|facebook/sam2.1-hiera-tiny]/root,0.849846601486206,0.9929687500000001,981bb87d0a7aa9ca26950a2a67382b910ccc02387d67dbd881d5e155c004f1fb,9185382a45fe7a446e1ddef1ac34ea947a9810dc61c52c377921702f1627a405,False
holdout42,laptop_computer__u01,root:1/device_screen:conditional:01,device_screen,device_body,conditional-part[model]/direct-calibrated-mask,0.9284070042075665,0.9068103615821571,3e6a7a1843d5110df6ca37b973be9bec59624c028a667cea06a32b5ea4e68ce6,b6a08c8c6fac9861aa4948014808bb6089d89d5e7657771102a128b345a92f1b,True
holdout42,laptop_computer__u01,root:1/profile-refine:IDEA-Research_grounding-dino-tiny:device_key:01,device_key,device_keyboard,grounded-sam2[IDEA-Research/grounding-dino-tiny|facebook/sam2.1-hiera-tiny]/profile-refine,0.24256430566310883,0.84712890625,aa471918a6effc852ca769e27fc76a8cb5679d7a62d41acc0555db772782948e,87e4e409ac730353e6b2f87f6480eb670a4ed5f060a4b2bfa8bcf7369bfb9fcd,True
holdout42,laptop_computer__u01,root:1/profile-refine:IDEA-Research_grounding-dino-tiny:device_keyboard:01,device_keyboard,device_body,grounded-sam2[IDEA-Research/grounding-dino-tiny|facebook/sam2.1-hiera-tiny]/profile-refine,0.35309353470802307,0.855830078125,6293b186bf2015e1b0bb17808412a5860aaede9aecd04ac7b59fd0a862b73b41,11834b8b580a3d8273cc5e9d40447fd58e83be765cfbb0e83f4c908aa1347e02,True
holdout42,laptop_computer__u01,root:1/profile-refine:IDEA-Research_grounding-dino-tiny:device_screen:01,device_screen,device_body,grounded-sam2[IDEA-Research/grounding-dino-tiny|facebook/sam2.1-hiera-tiny]/profile-refine,0.43008753657341003,0.8622109375000001,17e7ee220ba2defa5c37f4fac90476db0a9b77a3fae15b6fa2bcb613ffe901c5,5de975237c3fdd9062e95085c48d1cc413b9193a516ac85c9fa9044071bd9092,True
holdout42,laptop_computer__u01,root:1/profile-refine:IDEA-Research_grounding-dino-tiny:device_touchpad:01,device_touchpad,device_body,grounded-sam2[IDEA-Research/grounding-dino-tiny|facebook/sam2.1-hiera-tiny]/profile-refine,0.33133605122566223,0.8575703125,2754f1e06cda69c5696ba84ee292b554c484493246882fc6f6df9538aeec5028,7ca61322bdec162395e5b82f0a60bdd6309950a7d23fcd576a6ccf2741fd64d8,True
holdout42,laptop_computer__u01,root:1/profile-topology:IDEA-Research_grounding-dino-tiny:device_bezel:01,device_bezel,device_screen,hpid-topology-v2/surround,0.40428228437900543,0.82,6aaeba200bd4ca8c824cc592ce536273778e100b15dcef55349eb99edd436ac6,898271129432a362b70785f9c42b8252a46d8999ab02a91abb15361d6355463d,True
holdout42,laptop_computer__u01,root:1/visual-region:01,device_screen,device_body,sam2-amg[facebook/sam2.1-hiera-tiny]/point-grid,0.8753130857942583,0.68,5c3a254c3ebe8890f3f74d58eb8ed7b5af0179a158f1c0fff876bac07091f817,39a7c442a51134b57a6618e8651afb70d086a28fe2a228c92ce14f721ab61234,False
holdout42,laptop_computer__u01,root:1/visual-region:03,device_camera,device_body,sam2-amg[facebook/sam2.1-hiera-tiny]/prototype-labelled-region,0.7406333513127875,0.6141616905937195,c48b984c63660d83b25ab574a077cc1f44d7a70c7a69596040a493311c665f40,af3340870ecedaea71d50da22af7d0e5064ec3c1bcb458184fca57e8a4370bca,False
holdout42,laptop_computer__u01,root:1/visual-region:04,device_visual_panel_01,device,sam2-amg[facebook/sam2.1-hiera-tiny]/point-grid,0.850298455469712,0.62,e1ed106a67494ac842db2302401d2c18ab1361825272694971ae1b30f5ce5b2d,3b2b857263f2dc672479a1ec8d8d00afb61b518cd6b1567039855a5a9975293c,False
holdout42,laptop_computer__u01,root:1/visual-region:05,device_keyboard,device_body,sam2-amg[facebook/sam2.1-hiera-tiny]/point-grid,0.7705769237700322,0.68,9ecf8c4d9d9bb37653d7f3b8dca957e4fb41f91a5fece871598a7aacd0383b7e,decf2b8c04e1c6326f9c921159a9710148eb2da3eacaf63762f37437bc481abb,False
holdout42,laptop_computer__u01,root:1/visual-region:06,device_logo,device_body,sam2-amg[facebook/sam2.1-hiera-tiny]/point-grid/semantic-rerank,0.5987050922115509,0.66,777a52b6cc5da74a01c2b7d36f818653c509a845ce5824552669db2a4a563df4,593fd6c3a0ab679c3d122ca654e13cd80185f7201b170f859b8a7410333d2f47,True
holdout42,laptop_computer__u01,root:1/visual-region:09,device_hinge,device_body,sam2-amg[facebook/sam2.1-hiera-tiny]/point-grid/semantic-rerank,0.5534474799948221,0.66,7d4fb715a741bff9f0ba6c683c416deeb92841cbe9f29f78153494169340e446,8ea83e1d9e08d266bb6bdd29170f9ea810465d49858e8170070483c3fca24a09,True
holdout42,laptop_computer__u01,root:1/visual-region:10,device_port,device_body,sam2-amg[facebook/sam2.1-hiera-tiny]/point-grid/within-root-repetition-consensus,0.617746428610471,0.62,e825ac1685f5380d6d93200dca957a1db69c037df8afd437ddf932ab3f5134c4,eab2cfa40c3182911c5fb712bbe2e03f4d8a1a29def512dcfe49b94ed67f0bf8,True
holdout42,laptop_computer__u01,root:1/visual-region:11,device_port,device_body,sam2-amg[facebook/sam2.1-hiera-tiny]/point-grid/within-root-repetition-consensus,0.5283286327143188,0.62,53737d3a056dfd648a23026a937d658d0bd039c93e2af590255a498fafc2b1d8,50f609976d6e6e51e261877d39d2f9f6e5547113483d5879877c0f22cc2858f0,True
holdout42,laptop_computer__u01,root:1/visual-region:12,device_hinge,device_body,sam2-amg[facebook/sam2.1-hiera-tiny]/point-grid/semantic-rerank,0.6152685342817094,0.66,4c09c796745a8b6f5b66d5518cec3d2a1d6b92e547183edff18c11080cbc4b4d,460d981cf366526801250bcdd25f77ee634b3f9e7a87db9ff3606f18bb758b92,True
holdout42,laptop_computer__u01,root:1/visual-region:13,device_key,device_keyboard,sam2-amg[facebook/sam2.1-hiera-tiny]/point-grid/semantic-rerank,0.5419071194464222,0.66,98c2f5e8795a504b1cbec1a88c0b5c08ccff4bd3f57c489769c6cfe02b13d58a,95024926faf664c1179783c528cb614e4a849b0a9519238812de1b56173ea95e,True
holdout42,laptop_computer__u01,root:1/visual-region:15,device_port,device_body,sam2-amg[facebook/sam2.1-hiera-tiny]/point-grid/within-root-repetition-consensus,0.5146257941471597,0.62,1e7db6d08d5c701d7cebaaf3e9e5d814036a2568b5a91b5df345442298e26179,d01e179789abd5d515dd27432db0877bcdc0ec30affb311b1b2477d28c19e2f7,True
holdout42,laptop_computer__u01,root:1/visual-region:16,device_port,device_body,sam2-amg[facebook/sam2.1-hiera-tiny]/point-grid/within-root-repetition-consensus,0.5409290070178999,0.62,9f36a0b7f79f87c79faa55082d5fabf5f4eb5d937ed872fb3c5bc4cf6c36b07e,0d5b9c137b5bd44c4e4b905140e2e7cfe74e13b51b61881db97df542dd9bcbd7,True
holdout42,laptop_computer__u01,root:1/visual-region:17,device_touchpad,device_body,sam2-amg[facebook/sam2.1-hiera-tiny]/point-grid,0.6910844429090579,0.68,38ab7fd1cd381a971a3d2c6e3c261c5ba6edc3917974e3e57940a3ec12ada6f2,a05ed209d0c00d92ea15466d7edcc8315990b43283a715638027c7ceb9342442,False
holdout42,laptop_computer__u01,root:1/visual-region:18,device_key,device_keyboard,sam2-amg[facebook/sam2.1-hiera-tiny]/point-grid/semantic-rerank,0.5194160921550998,0.66,47ff110c526e70db8ce8f3ca945d66798c1ee178d7aed37900aab9533ca8d585,a038315bc80f8fd49430fa4123141527c9ace5043d4ef76e19db6f1610a5142a,True
holdout42,laptop_computer__u01,root:1/visual-region:25,device_port,device_body,sam2-amg[facebook/sam2.1-hiera-tiny]/point-grid/semantic-rerank,0.48215804448577654,0.66,1c54c365d0dd86cba5548fed13318061f90785d3924fdf65b7f2cf373dc05ba2,6544481151f625a6e27fd9f1ac6daa65fb993042b3a0d3fd51b157aedf1fa87a,True
holdout42,laptop_computer__u01,root:1/visual-region:27,device_logo,device_body,sam2-amg[facebook/sam2.1-hiera-tiny]/prototype-labelled-region,0.6779978601676672,0.6130871619215011,dbc99e25f0f80cc058d2d460303335c15ded5ea1aa48b388d8e01dd70a9a6c51,7613442bb385891dfbd250c2bbd5e9b979237ad6eb2b520d879fd691c2bb304a,False
holdout42,laptop_computer__u01,root:1/visual-region:29,device_logo,device_body,sam2-amg[facebook/sam2.1-hiera-tiny]/point-grid/within-root-repetition-consensus,0.5123529832570073,0.62,4e026a74c0cbf5507f524b04389857b88df283ab31c2dcc7d2979374407d2bb3,b48b633d9ea6395b08f5eee6da5742178085f67f933519f210a9fe3c8fa851a6,True
holdout42,laptop_computer__u01,root:1/visual-region:32,device_port,device_body,sam2-amg[facebook/sam2.1-hiera-tiny]/point-grid/within-root-repetition-consensus,0.5287627018549964,0.62,aceaef0d7305700c355fef6f013d5f6a733ec21ea603d2385bdeef83231eab4f,ebb365289704ab5dd88b0a8adb6d814abb20a7e5c606b1d2bb1b27db343d85b0,True
holdout42,mug__u01,root:1,container,container,grounded-sam2[IDEA-Research/grounding-dino-tiny|facebook/sam2.1-hiera-tiny]/root,0.8846385478973389,0.99423828125,8bb85cce955e10a17c10d9cbb316e70500fe0c7005012fa30096612d058d1bde,98da6a1b37dd9e03405568881b25278985aef20b21ace28ce12724a471aa34fb,False
holdout42,mug__u01,root:1/container_bottom:conditional:01,container_bottom,container_body,conditional-part[model]/direct-calibrated-mask,0.671770418936288,0.8306269935036137,251f2b804484d7fd0c4052886bdd194bb9067f2f9089f92c4ec8e630590d9852,c09f0dbe2592dc050fe6fa1321fcb9ebeb79e1e3c23ca87a18214bd3e0fa0874,True
holdout42,mug__u01,root:1/container_handle:conditional:01,container_handle,container_body,conditional-part[model]/direct-calibrated-mask,0.922421647019513,0.8619696245382724,500e50a680e99da7fc8c739b61cf5db44a28d36f18a9b4a60a6be070bf43eb18,39133d0b2219ddaed0d63d24be28f211911d145ad207a75d86b5dd287ec4df15,True
holdout42,mug__u01,root:1/container_inner:conditional:01,container_inner,container_body,conditional-part[model]/direct-calibrated-mask,0.8520576804578776,0.91807906745079,f87585624de0d3b2d6977d7df09d3aa44f91db466f5a0575a898b4921f1637f0,9bb224705cb7a5faa109f0aad49d1ce5013a2b332a6f321dfee25521102c976b,True
holdout42,mug__u01,root:1/container_label:conditional:01,container_label,container_body,conditional-part[model]/direct-calibrated-mask,0.7826940077979178,0.8136393631354175,fdce56043c15c42622da555fb3b644c56927e99aded3cd2158b5a82e23abf672,ad33764efc6ac9d76d59aee1616861fcfa9c6824ec7ebbb9d10f9944f9aac7f2,True
holdout42,mug__u01,root:1/container_label:conditional:02,container_label,container_body,conditional-part[model]/direct-calibrated-mask,0.6587000439549413,0.8318076594454915,30f8d68e52ab424cc224df3e6d573a68ed198e579a71c360f7a8fde731bd5b42,822dc4b248d003c12f85f5c2889a9ab92895792297fcf94346f20ccc9d3b9bd8,True
holdout42,mug__u01,root:1/profile-refine:IDEA-Research_grounding-dino-tiny:container_label:02,container_label,container_body,grounded-sam2[IDEA-Research/grounding-dino-tiny|facebook/sam2.1-hiera-tiny]/profile-refine,0.3350244164466858,0.8647246093750002,f16d50e677b2f0b6436c9af0f51e43b2a39a4583b87f2c85e80b3e82970ca5d4,b74da42c08455ef81cbd414c4fd7b6f3576f3815ec7a914dd4cd7c818951defb,True
holdout42,mug__u01,root:1/profile-refine:IDEA-Research_grounding-dino-tiny:container_label:03,container_label,container_body,grounded-sam2[IDEA-Research/grounding-dino-tiny|facebook/sam2.1-hiera-tiny]/profile-refine,0.281701922416687,0.8341738281250001,64ed442ed76fd42a37c2367da7310c1583ead053c190b732129f3460bbdd200f,59f1ceec3ead52ec5d8fba2a5d26e425795aa5f07ab76b19a4577c1d18fc207a,True
holdout42,mug__u01,root:1/visual-region:03,container_handle,container_body,sam2-amg[facebook/sam2.1-hiera-tiny]/point-grid,0.8963825619013177,0.68,87d017d1c28851f142a4bdc185cf30a4346e0fca0cefbf990c3fc70bd8f333fd,24b36587c17b5b7a805d3ef9de57d30fc51ec2f8e88bbdd40f4aeb0acf8cafff,False
holdout42,mug__u01,root:1/visual-region:05,container_label,container_body,sam2-amg[facebook/sam2.1-hiera-tiny]/point-grid,0.7447472975896997,0.68,f45c7dbe835b910f31823eea16e168f945205405f3c423d479d3fa78985d067e,fd983156241431fb31e9d47ca1ccb83c808d0f16dc78327efcf30abdee0edd4a,False
holdout42,mug__u01,root:1/visual-region:11,container_base,container_body,sam2-amg[facebook/sam2.1-hiera-tiny]/prototype-labelled-region,0.6549653409666824,0.6058581430950164,c8714407ced44ec152fad18b3e67eb3e3b368926acbc7decb7a844e9f95a4780,5b4dd95ed9a071ff5ab9bb88d1bc66720c3d8d4568f7e6cfb426eff727168e18,False
holdout42,mug__u01,root:1/visual-region:12,container_rim,container_opening,sam2-amg[facebook/sam2.1-hiera-tiny]/point-grid/semantic-rerank,0.5426753254204103,0.66,1e282e6cfe093ead3bf47fcbfd727766cd68960ee20a56ef7c7ba82152ba8537,9884ab56fdaff0851c2599b8a9b79541ea0cb9014fcc7ddf7f9e3b7cd191ebdf,True
holdout42,pan_for_cooking__u01,root:2,tool_prop,tool_prop,grounded-sam2[IDEA-Research/grounding-dino-tiny|facebook/sam2.1-hiera-tiny]/root,0.503868043422699,0.9826171875,13233cd67a71ff082a7bee90712c95c77158a755907644b41a40bbe03f5b8dcc,7132bdba372fb22d5876fe8184930518f9b0b65a647a11d1707d3d285c4a679d,False
holdout42,pan_for_cooking__u01,root:2/visual-region:01,tool_prop_lid,tool_prop_pan_body,sam2-amg[facebook/sam2.1-hiera-tiny]/point-grid/semantic-rerank,0.6063962874554257,0.66,58b5dbd93c1da8545ba2989d8eef277142757d43c1c96963d0c2a8b0f11937af,beb36ba8cefa15574a88c5000919917ae99ad50b487f61dc732105a4d4e59b50,True
holdout42,pencil__u01,root:1,daily_object,daily_object,grounded-sam2[IDEA-Research/grounding-dino-tiny|facebook/sam2.1-hiera-tiny]/root,0.6768335103988647,0.99130859375,bb3de5523391e67e9f2f3d2d96300f2a312ea57d3e9e82a923fa2837525c5a5a,1237da49604937f6e2fff25a92dfd0ec8463721164561ba9e7fc9dbb7b43aee5,False
holdout42,pencil__u01,root:1/daily_object_cap:conditional:01,daily_object_cap,daily_object_body,conditional-part[model]/direct-calibrated-mask,0.814399941036585,0.8341036095617349,ee1bb77d8e967f5f9012d85cd19960a63e7d2709c63b9ffb80e17b87a01f39b5,a5e243312eb07fcf495ecd325009c8a1f1f352eda4dd730a409f9fce14687a39,True
holdout42,pencil__u01,root:1/profile-refine:IDEA-Research_grounding-dino-tiny:daily_object_clip:01,daily_object_clip,daily_object_body,grounded-sam2[IDEA-Research/grounding-dino-tiny|facebook/sam2.1-hiera-tiny]/profile-refine,0.31027624011039734,0.863951171875,9edfc2bcc808e3f2d1cd48a308dfa87a76c07f667c54b6e7a75fb275c2749710,cdcf9ed4383b597f2f4d3c6e6128ecae0aa3f88e1832677b7fb5ba53a6ecc8a4,True
holdout42,pencil__u01,root:1/visual-region:01,daily_object_lead,daily_object_body,sam2-amg[facebook/sam2.1-hiera-tiny]/prototype-labelled-region,0.6934175802229613,0.6035339184970856,7bb32a4970f67031c473b690206acdaf8e6066ddd5515dcf47d35a120b7fb351,867a342f2556d0cc6c64fc1386a22570d91236ecfc1fee7670d4ed2ccac0c02c,False
holdout42,pencil__u01,root:1/visual-region:03,daily_object_visual_panel_01,daily_object_visual_strip_02,sam2-amg[facebook/sam2.1-hiera-tiny]/point-grid,0.7228129522627,0.62,47d66f1d7b6c35d4d8d1b3ee54e54d61b858afa3fa3a7286bf2a66e51b057368,1cd073584e8ef10446d93603f9f7ab5d8e382d0ff89472a917d1617e4504fcc8,False
holdout42,pencil__u01,root:1/visual-region:04,daily_object_body,daily_object,sam2-amg[facebook/sam2.1-hiera-tiny]/prototype-labelled-region,0.6843790194288583,0.6054663638677598,bc2f8c8213833172854625e08d35a051c80bad72c571692d0514facc02152af7,055e6ac16aa7ecf975e935a9205eef9fd80ac3cae0ea9b8aed4abcbace955f78,False
holdout42,pencil__u01,root:1/visual-region:05,daily_object_visual_panel_02,daily_object_visual_strip_02,sam2-amg[facebook/sam2.1-hiera-tiny]/point-grid,0.725697513061089,0.62,c6e77a6daa784cb8879ea951a69bd55fca178099dc521043b3b0729a63a0e366,25257c1146c655178d7369df0c1d7708452f85182df3186cba2b744868c925be,False
holdout42,pencil__u01,root:1/visual-region:06,daily_object_ferrule,daily_object_body,sam2-amg[facebook/sam2.1-hiera-tiny]/point-grid/semantic-rerank,0.6223681567029453,0.66,1b3ac6fd0e6d397be84ec6aca4b4b9ce7246faaa026a428c38a2ef1a986fe6ea,5bae47a685d9ba817ec1a15a23ba45843ff3dd911d64be685ff5ffe47622c326,True
holdout42,plastic_bag__u01,root:1,container,container,grounded-sam2[IDEA-Research/grounding-dino-tiny|facebook/sam2.1-hiera-tiny]/root,0.8816148638725281,0.9943359375,e4178d65cc321a6d8ec4cb521b85d67bd4d373fefd2d421968bab076cd01829e,877c42ff269f464d7c9646b3a879c4de54a0d0f45d4fe9ee0a552775bc40e5d8,False
holdout42,plastic_bag__u01,root:1/visual-region:01,container_handle,container_body,sam2-amg[facebook/sam2.1-hiera-tiny]/prototype-labelled-region,0.6797956748902774,0.6068070657081603,3765a1e8859fca8262a3f20770f77fe0d2e03c23d9a423acc6335287f9c0f9dd,6fdee69839fe6179121944d229bcc4a92ed5889056ea0612ef6f57ae07d1591a,False
holdout42,plastic_bag__u01,root:1/visual-region:02,container_handle,container_body,sam2-amg[facebook/sam2.1-hiera-tiny]/point-grid/semantic-rerank,0.7743037083468947,0.66,008a6c3ea66e2930f21fceb187b37c416a8adc0a649e92fca355b11d8f0a758d,edbe140fda63403bda69a2664d2f2815480113906343db7991a5f31ea90ffd99,True
holdout42,plastic_bag__u01,root:1/visual-region:06,container_body,container,sam2-amg[facebook/sam2.1-hiera-tiny]/prototype-labelled-region,0.7137209128225566,0.5852643241539002,bb265fce8765e0e5150feb1c655d7ced5a9113fca6d3b64354d36d41ddeddcfa,a3606ada02fdfdf588d60cf23533a82f0827f72941b0988c1ece83aeac3d95e5,False
holdout42,plastic_bag__u01,root:1/visual-region:07,container_opening,container_body,sam2-amg[facebook/sam2.1-hiera-tiny]/prototype-labelled-region,0.6603091264747968,0.6042919835243226,f5e4e7b908264d15b3fb6ebb608e8a4fef5a404fc5d14cd33450cdc25574e6c6,459f9d086e8a8476b1a4e97173c845d24559c7ecf8834ca82b262e2bcdf35f6e,False
holdout42,plastic_bag__u01,root:1/visual-region:08,container_handle,container_body,sam2-amg[facebook/sam2.1-hiera-tiny]/point-grid/semantic-rerank,0.7601829071452864,0.66,df00b97bd12f8a4cf04d7c2b81d25baa02444530b2455ce3036e2b989141336e,f4bf7a05a64ffd5ebbc901c3d3e8ca9bed6e5090d9dd5e9bd7dcc6ddfe89219b,True
holdout42,pliers__u01,root:1,tool_prop,tool_prop,grounded-sam2[IDEA-Research/grounding-dino-tiny|facebook/sam2.1-hiera-tiny]/root,0.38931432366371155,0.98212890625,a52d25798eaf50ae3c97df3d3f61bedaf8d2a9ff83ef494aee5e2efeb14fc063,42af788af05647d6f2106274700c1207b226db8b5555cbadcaf0a2b08b7caec9,False
holdout42,pliers__u01,root:1/visual-region:02,tool_prop_handle,tool_prop_body,sam2-amg[facebook/sam2.1-hiera-tiny]/prototype-labelled-region,0.8365005265730013,0.604960353234291,44a6f3bc4d733045306bde1d8488753104a2071b6e5c69e59b42b2c32403ebf8,ab22789bd1976d694e9cb8164d78feb3aa53a12ff63d7ddc68f3336c36ab7ae7,False
holdout42,pliers__u01,root:1/visual-region:03,tool_prop_jaw,tool_prop_head,sam2-amg[facebook/sam2.1-hiera-tiny]/point-grid/semantic-rerank,0.6533921033959795,0.66,9f1d17ceebfb2cb93d144421823db69dcfbb4a855e8b6d277bb4186658f088fa,ce216976d5a024d9b2ab7405f9edb618578664eecfb226ec9e6286a436c4a340,True
holdout42,pliers__u01,root:1/visual-region:06,tool_prop_jaw,tool_prop_head,sam2-amg[facebook/sam2.1-hiera-tiny]/point-grid/semantic-rerank,0.6709649388987584,0.66,f2490888917db010b0c5bd9f392c4ae452c9a65403e7bfd185b1e2311e501e2b,881e46826df3760fc957522e2223bb0d46f7e4f7685d066b8b1fabe8bbe3f9ac,True
holdout42,pliers__u01,root:1/visual-region:07,tool_prop_visual_strip_06,tool_prop,sam2-amg[facebook/sam2.1-hiera-tiny]/point-grid,0.7631650990295331,0.62,38be1cd062cc08671c68d987607329dda3661f25e2e79f6d5dc8ee724b29c449,823e9607c5679461922173b0e28e38af76ac06db6e007beb04dfe2698fb0cc50,False
holdout42,remote_control__u01,root:3,device,device,grounded-sam2[IDEA-Research/grounding-dino-tiny|facebook/sam2.1-hiera-tiny]/root,0.41176119446754456,0.9951171875,933d4004e7d1cc6242d58c31b409bc61c4a236d5a4612e30a84f9bf9ffd64973,de38225fe49e590f9e27617d53aada50b9d8980990ed29b870f269cc12ba9545,False
holdout42,remote_control__u01,root:3/device_button:conditional:01,device_button,device_body,conditional-part[model]/direct-calibrated-mask,0.6939693561341401,0.8248803735823889,f91f1e2695420121871290e8dc20ccd81bf0f34ce6bdcf71874f29b88053efcf,872f87985ffa315f2ee49806611e0eb540ffa5432915cb320860efb3c7f810e5,True
holdout42,remote_control__u01,root:3/device_logo:conditional:01,device_logo,device_body,conditional-part[model]/direct-calibrated-mask,0.8688293004828751,0.8459643669525939,955d39928cf666efd4a6ed6ed3f5358fa962453b6c3e6dbd1b8324e4393ba43d,e38339c388940b2a24349668216f12df13178d71d577dee3d53ada11a1f87d81,True
holdout42,remote_control__u01,root:3/device_screen:conditional:01,device_screen,device_body,conditional-part[model]/direct-calibrated-mask,0.6097093158245163,0.8097716925154689,e8c8ba87423e2ca335e01aeb72792eb4507f97efb2a7f819df93e7fe29cc9f00,965dcaf3591edbd82a9ca3a781dde0e5ea5ca3d6aac5d3fa7bafb61d4b9fa2a6,True
holdout42,remote_control__u01,root:3/profile-refine:IDEA-Research_grounding-dino-tiny:device_logo:01,device_logo,device_body,grounded-sam2[IDEA-Research/grounding-dino-tiny|facebook/sam2.1-hiera-tiny]/profile-refine,0.3607141971588135,0.829146484375,2887ba0755a488a8b07edab3c621ef247dfe8e6dc2e33b519db64e004f49b54a,a6dc483cf4d9ee7855f8796f8f3a2915b1074b85beaeae4afefa008cdfa8fc49,True
holdout42,remote_control__u01,root:3/visual-region:01,device_visual_panel_01,device,sam2-amg[facebook/sam2.1-hiera-tiny]/point-grid,0.7330368662907912,0.62,828a5015cb8f7853f2c12a2544bca50eb6b4efef57e3be50ff0f381e41939ab3,c5a40361749f4cf17b4492a6f0e17f2b24ea23ed839e75dbc54aff86a5f34377,False
holdout42,remote_control__u01,root:3/visual-region:02,device_visual_panel_02,device_visual_panel_01,sam2-amg[facebook/sam2.1-hiera-tiny]/point-grid,0.7664193904171238,0.62,cb384fe1e00691e378eb45b6e1192d9a8991b06975f29de1e9189f0d25edcb5c,c706e7700ca62c7a28f6cdfb8cd127370484c2cfe469c4288f672f40be40ae3d,False
holdout42,remote_control__u01,root:3/visual-region:03,device_bezel,device_screen,sam2-amg[facebook/sam2.1-hiera-tiny]/prototype-labelled-region,0.761696906083935,0.5987329416713715,07e2c57ad95946d1d8488536382ab513186e86f8f4e7f9d53c35aacdf19427ea,7572aaea728c5abeebf0f91619ba3dfeebe8124ed2d610d451dfbad48276c0d8,False
holdout42,remote_control__u01,root:3:repeated-detail:01,device_button,device_body,hpid-repetitive-physical-detail-v1,0.524281805745554,0.76,0e09a6fc2a09150e130ba5873766e1edfa592e9c2fbe050d5972b4ec7c1fddc2,9b23a72de4e00eaabded6eab68093a6c29e80461117a58d2e005229857706abc,True
holdout42,remote_control__u01,root:3:repeated-detail:02,device_button,device_body,hpid-repetitive-physical-detail-v1,0.5170187165775401,0.76,34e2aa66541f91e01d4dabbe8f7aaa0aa60594c284bbdb3b7789206830a64eed,c3318683343ef4df3733075f47996067146fd134f968a8d044b0b73a538c1453,True
holdout42,remote_control__u01,root:3:repeated-detail:04,device_button,device_body,hpid-repetitive-physical-detail-v1,0.5509901960784314,0.76,6560fb9076b53bc7514e84d5f408189d2dc7b7dfd16cf428279bef0bd53767f3,cac065373a8556b0260012859db985b7e336b2ef46afe0daa3bc3b7bf20d6d76,True
holdout42,remote_control__u01,root:3:repeated-detail:06,device_button,device_body,hpid-repetitive-physical-detail-v1,0.5454248366013071,0.76,5626dc14ca43db8599ede3254dc4a2e16da6a33e231c39ad9296688ddeeb26b8,75b657c665a44215cfb236fbd68a5e07debec28b957332360ddb71ad0409ed16,True
holdout42,scarf__u01,root:15,device,device,grounded-sam2[IDEA-Research/grounding-dino-tiny|facebook/sam2.1-hiera-tiny]/root,0.2492644488811493,0.98388671875,fe384577f9acc945db09cdc74789ad1d6f6117590d5e8999c66eb08a0bf30e81,966c1a8b4ae325511d3d1e7f28e7890ed91992740d6511655c28d91f87b35fbc,False
holdout42,scarf__u01,root:15/device_guided_device_button:01,device_button,device_body,grounded-sam2[IDEA-Research/grounding-dino-tiny|facebook/sam2.1-hiera-tiny]/retrieved-part,0.27251147854986785,0.6940840974458943,840ada367f5e22d5f42e04a22635447367786a1a41fa1dd9db589ffd289045b4,94bd7f180a6a18c5159f85025503ea34f6de49902ca68e4684ca2cb522009c9e,False
holdout42,scarf__u01,root:15/visual-region:01,device_body,device,sam2-amg[facebook/sam2.1-hiera-tiny]/prototype-labelled-region,0.7759393882642391,0.6017645581741333,7b64152170f87b95f1a0e4920e4279c1170cf119191d3747c0bb1230e3febeb3,16a6bd1a5472da6b3cf2e2401efce3057c7ec504c5a38171729df0545bf4471c,False
holdout42,scissors__u01,root:1,tool_prop,tool_prop,grounded-sam2[IDEA-Research/grounding-dino-tiny|facebook/sam2.1-hiera-tiny]/root,0.9102266430854797,0.98994140625,256fc75435adde09a3dfa1b0ec4b467b2dbe590d9855542a46cbb9fe54243b37,5fd3779f4bde7fbe35c84a66978fd3791d008004040d78ca8d04f2b9e7fc42e9,False
holdout42,scissors__u01,root:1/profile-refine:IDEA-Research_grounding-dino-tiny:tool_prop_blade:01,tool_prop_blade,tool_prop_body,grounded-sam2[IDEA-Research/grounding-dino-tiny|facebook/sam2.1-hiera-tiny]/profile-refine,0.4697178900241852,0.8614375000000001,df716e28fa006e42bb0d689cbe7b27d21dabf5db72b7fb06d1b3200c31b1cbf4,2249ee00e79def236de787bf73b691172ea710b9227ac253db825c572c0f7593,True
holdout42,scissors__u01,root:1/profile-refine:IDEA-Research_grounding-dino-tiny:tool_prop_handle:01,tool_prop_handle,tool_prop_body,grounded-sam2[IDEA-Research/grounding-dino-tiny|facebook/sam2.1-hiera-tiny]/profile-refine,0.2965523898601532,0.859697265625,d995c203571edfb85762ce996acf390bd692002544d019e501a78489856784e5,e0203152a870c32f8bccac8c781f44b75d5abedc3e2c3e9fec1fc33f37cc3dfe,True
holdout42,scissors__u01,root:1/profile-refine:IDEA-Research_grounding-dino-tiny:tool_prop_pivot:01,tool_prop_pivot,tool_prop_body,grounded-sam2[IDEA-Research/grounding-dino-tiny|facebook/sam2.1-hiera-tiny]/profile-refine,0.2560870945453644,0.83784765625,16d615e7db4cff9990e08da9352e6abb2a94a75c79652dc3630fcfd28213868c,e76151af6a0e01fae2957a7cdabc494aa5cab5d7e655f1e045222fdd4892830e,True
holdout42,scissors__u01,root:1/visual-region:01,tool_prop_blade,tool_prop_body,sam2-amg[facebook/sam2.1-hiera-tiny]/point-grid,0.8338746351952249,0.68,6339d620e5e8dc8c9b08caec2965ab710a3caf4b788721fac7b0c9b27863c58c,c2e1217b16d9b73641db6da533bf9ee033a6028752ce82a8339f37936ab4f079,False
holdout42,scissors__u01,root:1/visual-region:04,tool_prop_finger_hole,tool_prop_handle,sam2-amg[facebook/sam2.1-hiera-tiny]/point-grid/semantic-rerank,0.6120022984267026,0.66,4da90577a013ec2079a52e823db073b5882a16d0f4322925e9380dd584e74a54,02bff24b7f259b3140f5804a3b999b7a72663e9f569fb47255a08839585784c9,True
holdout42,scissors__u01,root:1/visual-region:05,tool_prop_handle,tool_prop_body,sam2-amg[facebook/sam2.1-hiera-tiny]/point-grid/structural-fusion,0.7497895379197258,0.74,557d64be3d599be1aab9140170220e848ed34bd28a03ac018d461215091816b8,500e0a260d6b1961d00ff7e3ffa91240614b6853385aa3c2db2e3391e17132e1,True
holdout42,screwdriver__u01,root:1,tool_prop,tool_prop,grounded-sam2[IDEA-Research/grounding-dino-tiny|facebook/sam2.1-hiera-tiny]/root,0.814643383026123,0.9954101562500001,ba4c6dbbdcc8bdd1d7309cc2dc32632decc1c2d0aa27c0df9c93239e57deb7a3,13b48a06de26cf3897b0584080fda91b8b5df221672376569a3dc25367c3c3e6,False
holdout42,screwdriver__u01,root:1/profile-refine:IDEA-Research_grounding-dino-tiny:tool_prop_blade:01,tool_prop_blade,tool_prop_body,grounded-sam2[IDEA-Research/grounding-dino-tiny|facebook/sam2.1-hiera-tiny]/profile-refine,0.26303109526634216,0.8687851562500001,8fac28c8d743a77c8f543f83f648a0571455f6b19f5f246a22cb03b83ee3b0e3,6745702b712d501beb0d72bd2d38e476fc160bd929c3cb22527c48608bdaaa23,True
holdout42,screwdriver__u01,root:1/profile-topology:IDEA-Research_grounding-dino-tiny:tool_prop_handle:01,tool_prop_handle,tool_prop_body,hpid-topology-v2/terminal_complement,0.24724922955036163,0.82,74b0c7fd0c5b4fe24d2e065301e32b9fee4e4a7fea8514ea1e58e8f5787b20f2,1476d01429ccb6d07a670c2087cd319492a49f572c2feea2a7e671f33e21b36b,True
holdout42,shoe__u01,root:1,daily_object,daily_object,grounded-sam2[IDEA-Research/grounding-dino-tiny|facebook/sam2.1-hiera-tiny]/root,0.5970206260681152,0.9910156250000001,5baee3dde32f2125754b1dfb820662fd1042e8f3ea6e7d77dfdb445ad086c647,76525d5abf4c0d4456bb1c9f75bb2875de5d3565c93f2b6575da359ba877a69e,False
holdout42,shoe__u01,root:1/profile-refine:IDEA-Research_grounding-dino-tiny:daily_object_eyelet:02,daily_object_eyelet,daily_object_upper,grounded-sam2[IDEA-Research/grounding-dino-tiny|facebook/sam2.1-hiera-tiny]/profile-refine,0.27376851439476013,0.8382343750000001,06582ded208695ff80128b5cb82addd24305577ab2d975d71cd75f28fedf925a,de8d3a5612978a63c5cf898cdeff3226483599701087779c4f2aca4a4ef5e1e2,True
holdout42,shoe__u01,root:1/profile-refine:IDEA-Research_grounding-dino-tiny:daily_object_upper:01,daily_object_upper,daily_object_body,grounded-sam2[IDEA-Research/grounding-dino-tiny|facebook/sam2.1-hiera-tiny]/profile-refine,0.2483518421649933,0.8328203125000001,48e1b51e103009b8aa12df1a0abe5a2ec12ab960dc1588799cc2c081ffa058d9,c8ddac616b534bbdcfcf9dd0d23149f0b356a0f525287701404e367b7447663c,True
holdout42,shoe__u01,root:1/visual-region:02,daily_object_eyelet,daily_object_upper,sam2-amg[facebook/sam2.1-hiera-tiny]/point-grid,0.8192069749864804,0.68,b5e19e4afc35c7694156971754403c3f42c3484ae2d66a032d84c46a66896420,39e3473e66f23d436c336932ce0493bce2d5900e1fd3248d1414a2d95ff579c1,False
holdout42,shoe__u01,root:1/visual-region:03,daily_object_visual_panel_01,daily_object,sam2-amg[facebook/sam2.1-hiera-tiny]/point-grid,0.6879812120366204,0.62,66534a9e94973da5e2f46cb82e6b99511c00162c3cd911487b8dc5750e8ab2bf,8779365be14d4b483f0ad9979975379f71803518e532143717703ec0ea48c1ec,False
holdout42,shoe__u01,root:1/visual-region:04,daily_object_visual_panel_02,daily_object_visual_panel_01,sam2-amg[facebook/sam2.1-hiera-tiny]/point-grid,0.7704822568720755,0.62,ae88f10521b6ac173d54e26d6908eb0acebd860996acff13126abed102ff367b,3bca85e8e099bb3a2c9e5a389071c6f06d2d30be9512abd8f5bd8e890f80664a,False
holdout42,shoe__u01,root:1/visual-region:07,daily_object_eyelet,daily_object_upper,sam2-amg[facebook/sam2.1-hiera-tiny]/point-grid/semantic-rerank,0.5385479733732264,0.66,cfbae90b54a6d977bebd70ed40e1ca2f3262446b58bf3949264d463c7a738738,879432b7e2a38d8924162cee0dd52b2b7ee8027e99ae4be81a7b3fdef1f5ee3f,True
holdout42,shoe__u01,root:1/visual-region:08,daily_object_lining,daily_object_upper,sam2-amg[facebook/sam2.1-hiera-tiny]/prototype-labelled-region,0.7200454887676868,0.6137147296895981,ca2979c704cd602aa861770b83926cc4114eaa6b9026d496f3c2e5c8864bc0cb,9e0a4fccd23c8dfe7e871957727ea8ea688bc80ee6f0b7f68cb3ab1482e15e80,False
holdout42,shoe__u01,root:1/visual-region:09,daily_object_eyelet,daily_object_upper,sam2-amg[facebook/sam2.1-hiera-tiny]/point-grid/semantic-rerank,0.591120172742659,0.66,fe37729866092e3327131ac0bf5a3b1768d63a15cbe6ba1cce1ca0fdea9ca9a6,d530bdb236edbad261ef84010a03d0d16bd520bbc584e276757c37a643b9429b,True
holdout42,slipper_footwear__u01,root:3,daily_object,daily_object,grounded-sam2[IDEA-Research/grounding-dino-tiny|facebook/sam2.1-hiera-tiny]/root,0.35253605246543884,0.9900390625000001,c4c64015d5b5831c8330b6ed9a60a3f2cbf3c63222a25fc27383e50a780bf8e1,dba8b9554bdbc63c2b647b3b31ce59698a2e602a616936d8235c5f59a19b5782,False
holdout42,slipper_footwear__u01,root:3/visual-region:01,daily_object_body,daily_object,sam2-amg[facebook/sam2.1-hiera-tiny]/prototype-labelled-region,0.7103075883412411,0.5849722880539894,1c9f0c8791ac5a40a2847ef0cc3baccab8115a266e4478aad02badbf5845723f,c47e84efccc2e1761245dba4ae2ce9d04d2c099181df5b12272255a78f351225,False
holdout42,stool__u01,root:2,character,character,grounded-sam2[IDEA-Research/grounding-dino-tiny|facebook/sam2.1-hiera-tiny]/root,0.40321433544158936,0.9945312500000001,be2a614718b796eefd2a3ec29b3c1e5769ed9d389b717d1c067b294ad6d6602f,0e8666583cd61b66afe276a41d1fda1a74b70efde5ac6bd5fd9446099dc4bbcc,False
holdout42,stool__u01,root:2/contour-visual-region:01,character_shoe,character,hpid-appearance-contour/closed-edge/semantic-rerank,0.5877979628913367,0.66,95826d8be184167e41f9f145f7487fe717818e4ed64d586b5b4fb791d9cdc02b,31f5e121f78021021e7841b9916851f2943e0ba495e58afcafaf87f7f3da922f,True
holdout42,stool__u01,root:2/contour-visual-region:02,character_shoe,character,hpid-appearance-contour/closed-edge/semantic-rerank,0.5262387695036688,0.66,82b6dd08a78123308bf4f14c6a4ca0c8908e4000116af171a476d36da218e65f,3979f3e938a13c7f26ab4734cbc9cbc837c2aec43bf88031d240c4abee7838d4,True
holdout42,stool__u01,root:2/contour-visual-region:03,character_leg,character,hpid-appearance-contour/closed-edge/semantic-rerank,0.5386641801679066,0.66,bc87f5c561553a54e2945267f403c160cef6872b24d0b13cc7912548682846a1,80522471222e7dd82729e63b1e768421ab92326dc313fa6f0cb7f7a0ac2ae475,True
holdout42,stool__u01,root:2/contour-visual-region:04,character_torso,character,hpid-appearance-contour/closed-edge/semantic-rerank,0.52203464140339,0.66,03ed9d5345b9f52db65838c1a19339a714e1c36ad9af0b88781c41a0a1b2d624,95bf8b1c6342f166ebf0d562229f9ecac994f954833484d6bd1c752cfa6a2bfc,True
holdout42,stool__u01,root:2/contour-visual-region:06,character_accessory,character,hpid-appearance-contour/closed-edge/semantic-rerank,0.49164696888061066,0.66,cd8fbc6d2c147afc66ded179920570b07da0548390ffb3ea13bec9d6ca0e2ee1,a350baf190b2ae9bae5c526f7c1b32c07886fc36c827df5ba20e83e11c1ba1f4,True
holdout42,stool__u01,root:2/contour-visual-region:07,character_visual_contour_panel_04,character_visual_contour_panel_03,hpid-appearance-contour/closed-edge,0.7251883739881813,0.62,265d5ff28ee060648fc333ccb0133abf4a46b5fbc1f428f91ca0d1ca432634d4,65a365f740ac0ea99440d9e1402f9202ccd0a5055c835b8f9355939a888dc4fe,False
holdout42,stool__u01,root:2/contour-visual-region:08,character_accessory,character,hpid-appearance-contour/closed-edge/semantic-rerank,0.5298376457060151,0.66,9694bda4a07cd464f08d21d2a255ab34d4fc084044b246dbb50e6fe6ac05db72,5d14b5542a0f55cedb5eb2475da33c83575b267e33b03efd8f8602d3e528eca3,True
holdout42,stool__u01,root:2/contour-visual-region:10,character_visual_contour_panel_05,character,hpid-appearance-contour/closed-edge,0.7678761309375985,0.62,dc3c5171fd908690437d5556b5d38b58c462828e98af29d2d4e430bce154399f,dd1f397845fe3f9733b3507ca8b73d561ebf9305cbf6fd8f1042fda1756643b3,False
holdout42,stool__u01,root:2/profile-refine:IDEA-Research_grounding-dino-tiny:character_head:01,character_head,character,grounded-sam2[IDEA-Research/grounding-dino-tiny|facebook/sam2.1-hiera-tiny]/profile-refine,0.25367605686187744,0.76978515625,d82c69eb7672e86dcf4a0a72d3f8f36532d523f2ac43e9faddd91b284025784a,f30403e3402c94c55a6830cb88a5a172252fde342fe81bd961d700e320d7be6f,True
holdout42,stool__u01,root:2/visual-region:01,character_visual_panel_01,character,sam2-amg[facebook/sam2.1-hiera-tiny]/point-grid,0.7957132125747993,0.62,9cc3094d93eb4ba412ef3b7c7c512022acc5c947e4f75c620ad26242c9803589,1579e45f51c257108f0ebda468ac4a336390d335f8fc3270f67159af9b47530c,False
holdout42,stool__u01,root:2/visual-region:02,character_accessory,character,sam2-amg[facebook/sam2.1-hiera-tiny]/point-grid/semantic-rerank,0.5279743574273223,0.66,2191a12565a138f3e7aacaf3c279b750fa603d1799b27b632fdd708c515fdfcd,82627f25de548609d9826b0620d12c22006728b08c25f332f938372671cc3695,True
holdout42,stool__u01,root:2/visual-region:04,character_visual_panel_03,character,sam2-amg[facebook/sam2.1-hiera-tiny]/point-grid,0.7823196113559612,0.62,900343cecf475f046a2b43c35ad9e386731b1899cff775a691483efc9cf6321d,bb31de4870cc0dafe861492bc9437f1f022bdac5c0b57c295409e1d1b6f16577,False
holdout42,stool__u01,root:2/visual-region:05,character_visual_panel_04,character,sam2-amg[facebook/sam2.1-hiera-tiny]/point-grid,0.8344891484369341,0.62,0252d6a29e5150c7ad576bca1a1d57f2987551c6337dd22b7c7a2a7f54fd1640,2b8acd770ab99e1512c742e1cdaac564055392e6ff80310f6be12a308b607af5,False
holdout42,table__u01,root:3,furniture,furniture,grounded-sam2[IDEA-Research/grounding-dino-tiny|facebook/sam2.1-hiera-tiny]/root,0.6111499667167664,0.9841796875000001,7653f214cc7a2f3c1cddb62e9c289c0ae0805cc423280b49c142e9b3c0461ea5,92a86b6331a98a57e6c62b51d8b0644601c013a1652221638898b1144a3ec018,False
holdout42,table__u01,root:3/profile-dense:furniture_backrest:01,furniture_backrest,furniture_body,clipseg-sam2[CIDAS/clipseg-rd64-refined|facebook/sam2.1-hiera-tiny]/profile-dense-supplement,0.7001221776008606,0.662780843803694,2cb9fb8acd52645bef520cc3ff396b91461674f7df9e56783511c63159f4c917,07f158b422075b0fd078787fb398e77e39f12e0987a1828e26abf77b65aa3f7b,True
holdout42,table__u01,root:3/profile-dense:furniture_leg:03,furniture_leg,furniture_body,clipseg-sam2[CIDAS/clipseg-rd64-refined|facebook/sam2.1-hiera-tiny]/profile-dense-supplement,0.6124894022941589,0.6008184563491193,dc94efb9fb8e00a749617d2845b2f13865bf520b2fc5b2967c69fd3cd3913ccc,98e766ac034fd473079f65aad661bb9dafa8cf7d0f8bf37f7cfa169e72da1ffb,True
holdout42,table__u01,root:3/profile-dense:furniture_seat:01,furniture_seat,furniture_body,clipseg-sam2[CIDAS/clipseg-rd64-refined|facebook/sam2.1-hiera-tiny]/profile-dense-supplement,0.8810833096504211,0.8469987078550705,2c7ce7677d027bfd751139dc486f70c75680fb873f354eae65936efb3ac28352,9bd1761fe6fba91498fc05e76b0c95a40fb5e38230f595c9515a5f01499115fe,True
holdout42,table__u01,root:3/profile-dense:furniture_stretcher:04,furniture_stretcher,furniture_leg,clipseg-sam2[CIDAS/clipseg-rd64-refined|facebook/sam2.1-hiera-tiny]/profile-dense-supplement,0.7648866772651672,0.5841045063730488,e11592f7bb21151abefb276ecd1804a7f21a0ec9efe97a3ac5548e7a2b0f0fc9,efe3aaf5ffaf39ad24b373202493165e9fecbc628ff0d8ae265b2f05aaafbbd2,True
holdout42,table__u01,root:3/profile-dense:furniture_stretcher:05,furniture_stretcher,furniture_leg,clipseg-sam2[CIDAS/clipseg-rd64-refined|facebook/sam2.1-hiera-tiny]/profile-dense-supplement,0.7536384463310242,0.5613770938903863,741e5d090b4633ba8fbf23a5275b2e80844959602d686a4e71ddcc1304833bcd,3c0911c84fbd7002ae5cd1ed46f47dd56dd8ea8ab1c1e975a67b3efbbb606deb,True
holdout42,table__u01,root:3/profile-refine:IDEA-Research_grounding-dino-tiny:furniture_armrest:01,furniture_armrest,furniture_body,grounded-sam2[IDEA-Research/grounding-dino-tiny|facebook/sam2.1-hiera-tiny]/profile-refine,0.3086068332195282,0.8347539062500001,bf8d4d5c58d2cc157045898c045574d21b7674cf966581ea441b33d8c4d40a92,ac723c58e07c44d8b0ad816c6b2bd749219da1184324b7cb62d0393f090a820b,True
holdout42,table__u01,root:3/visual-region:01,furniture_leg,furniture_body,sam2-amg[facebook/sam2.1-hiera-tiny]/point-grid,0.7802721615957481,0.68,23bee082a16db0ab7a8729fc232123ced60a698d402ca0a8225ad554683e40e7,eaaee998f1a1cfcff4e828c6b2eb15bb6af8bbf04292342ceae4a5cd5ce34627,False
holdout42,table__u01,root:3/visual-region:02,furniture_visual_panel_01,furniture,sam2-amg[facebook/sam2.1-hiera-tiny]/point-grid,0.6488761891541527,0.62,c8d9a325b95637df671ad000f0340c7662c81f2faf7b1e38d44286a34a59a3e9,139d371c6d8f79474b70b1b00357caec1693b0643854e01348aecde71dc60848,False
holdout42,table__u01,root:3/visual-region:03,furniture_visual_panel_02,furniture,sam2-amg[facebook/sam2.1-hiera-tiny]/point-grid,0.8131693300684237,0.62,b2c50e0bf7e35d6dbcb9bb27dc35e14481e23a36b75c88c9eff0bc2b963764ef,2387044f0774c403467b4a33fe1cee1cd991c8b4de5041eac8d5a4413eac98be,False
holdout42,telephone__u01,root:1,device,device,grounded-sam2[IDEA-Research/grounding-dino-tiny|facebook/sam2.1-hiera-tiny]/root,0.4088076949119568,0.9880859375000001,872f68f598025985a3ec55d0fc42bc8f7fc5cf7a44a006b63c0fd7a8efa75174,67d0b406b4761d1533fbd3cbec7450431e7c5ae12adbce9afa6b471251a9d4a8,False
holdout42,telephone__u01,root:1/device_bezel:conditional:01,device_bezel,device_screen,conditional-part[model]/direct-calibrated-mask,0.7567096155552115,0.8404671554989395,908a5207d33293cce3caf60d02b62135adf44bf37de6396cdff8680d56eb3f40,422fad48f38dccd250716797b26d7a98ff01b75a086d769333a4976237b77192,True
holdout42,telephone__u01,root:1/device_button:conditional:01,device_button,device_body,conditional-part[model]/direct-calibrated-mask,0.8626303254468698,0.8567681153686958,3884e3acf7efa91c0db22101d9e418765eabfe7c92dba36e257671d74c4a40ea,17ff035bd4371fa1a7412a6d4bf7ce9a7a0acf3f69edb0a12315149649bae45e,True
holdout42,telephone__u01,root:1/device_guided_device_back_panel:01,device_back_panel,device_body,grounded-sam2[IDEA-Research/grounding-dino-tiny|facebook/sam2.1-hiera-tiny]/retrieved-part,0.3241951295135479,0.7611679248460939,c89c09b122e58a3ec02938a2369ac461402084e267332594191011d0d1d59733,0698847e0839007f84501cd91e3f6bf5f78d983a9d7b3570746ef8ce981cde17,False
holdout42,telephone__u01,root:1/device_logo:conditional:01,device_logo,device_body,conditional-part[model]/direct-calibrated-mask,0.835463602232845,0.8344240561953743,de2ad6c3a2142ff86ff63d62a4ab8faf6d5a2bb47ad3ad5b617fdd69220982c3,e7fe827b7db0094a9f77cc11c8fa2e3ca95a9f223cbebc3cca9a1cae45c02952,True
holdout42,telephone__u01,root:1/device_screen:conditional:01,device_screen,device_body,conditional-part[model]/direct-calibrated-mask,0.8163381033480658,0.8636977452268447,01d1cff3071f05492a249d4a53d17d1ad1614908636715330b0ce236f8394e0e,209bee8679747d992442ed462b7442b04dde9d54b45e75cd4e6a213c8a4f70e5,True
holdout42,telephone__u01,root:1/profile-refine:IDEA-Research_grounding-dino-tiny:device_button:02,device_button,device_body,grounded-sam2[IDEA-Research/grounding-dino-tiny|facebook/sam2.1-hiera-tiny]/profile-refine,0.2683658003807068,0.8401679687500001,2c261b65056e85111b87642da52c1fbbf0527dfa24a8a85cd723e840a0813126,9317f8f47980062bd71f4dacdba4ca6d662deab4897bb20eedf14c5b3c17b427,True
holdout42,telephone__u01,root:1/profile-refine:IDEA-Research_grounding-dino-tiny:device_keyboard:01,device_keyboard,device_body,grounded-sam2[IDEA-Research/grounding-dino-tiny|facebook/sam2.1-hiera-tiny]/profile-refine,0.3116363286972046,0.8643378906250001,2faa5c0f3ad476479794cfb646f2882df40e3690dee0b3b0aa74dc942a7d2529,78b81c17ba1bcb839b0c2ef76ce2f5fb72d6853b89f002f520c6c61626488c69,True
holdout42,telephone__u01,root:1/visual-region:03,device_keyboard,device_body,sam2-amg[facebook/sam2.1-hiera-tiny]/point-grid,0.7827274114253091,0.68,6b62c15b4d91a43bf3aeac8fc3edf43bc4016ac383a1e06f1e9324680b3524cf,97fe89018331748e224164947831e2a96d6be68aca87321b6052e2615b34016b,False
holdout42,telephone__u01,root:1/visual-region:04,device_screen,device_body,sam2-amg[facebook/sam2.1-hiera-tiny]/point-grid,0.8550234962049069,0.68,f37fc8647c467f44cef66cf50c01498680f1fe6092e6dd818aeaceb0448bfaf0,3c1669c462dc0245be4cacdbca7b44948f017b58b57eb745fbac4ec32d81dd68,False
holdout42,telephone__u01,root:1/visual-region:06,device_visual_panel_01,device,sam2-amg[facebook/sam2.1-hiera-tiny]/point-grid,0.7057031494103143,0.62,8f043df9c181c463773e5ef82a9acfa3019c463a10522d7198f8d13cd5211e64,b0767daabee6a63f1b4b2fab16d47704e6a7b0386ac11f6d08239c0e068a0b4d,False
holdout42,telephone__u01,root:1/visual-region:09,device_key,device_keyboard,sam2-amg[facebook/sam2.1-hiera-tiny]/point-grid/semantic-rerank,0.5403436701595392,0.66,81a5f0dfbb758e9d66e202993712affce0fb2b11877fdbeee6e76702814c6376,3dc67d7edddfecb2d0b150a04f601bc4d635828beccbac551aed59680d749249,True
holdout42,telephone__u01,root:1/visual-region:21,device_visual_panel_02,device,sam2-amg[facebook/sam2.1-hiera-tiny]/point-grid,0.63839149086829,0.62,c407b372342e8181c9e79eff3c48dbfc30c310bf3d1b5d2076d7c6ccb88e200e,c1214703d055ce765af4d273bd4b7e8f94a3b8e17de631c9e25fa86637eb8b2c,False
holdout42,telephone__u01,root:1:repeated-detail:01,device_button,device_body,hpid-repetitive-physical-detail-v1,0.633518954248366,0.76,a4c63d87693961f7f1648c410c4e9cb5ed6a714f8d3e83d6b6ffe62f4942bb8e,7540be44d3889fa92f95d06dbc168daa927db1251723343dad5dbc15a12070d9,True
holdout42,telephone__u01,root:1:repeated-detail:02,device_button,device_body,hpid-repetitive-physical-detail-v1,0.6959189542483659,0.76,1ddfcd9c8ac4da2d126f85cbe707ddb514de7359009e59805ada2276f3a76a2a,c5b3fdca4deb05b75e55c82b9da8fb319a422daae6f362aace0398f2912dcedb,True
holdout42,telephone__u01,root:1:repeated-detail:03,device_button,device_body,hpid-repetitive-physical-detail-v1,0.617155142758858,0.76,4642f4dadad880d1478975616d33c5982f6169da7fd147b6ead6d39e6064ea40,79988ec6ed7af38f966ca855304e5209d98cc061363720728acf74fc1e092766,True
holdout42,telephone__u01,root:1:repeated-detail:04,device_button,device_body,hpid-repetitive-physical-detail-v1,0.6329775910364146,0.76,761c7c1c33232008d3ac6347e8eab345bfc7a540fec9190679020b175c68680d,42440aaa13a8faa919a2cda7ac86e2c57157b876183165d65910bd05fd43afd6,True
holdout42,television_set__u01,root:1,device,device,grounded-sam2[IDEA-Research/grounding-dino-tiny|facebook/sam2.1-hiera-tiny]/root,0.8615382313728333,0.9869140625,9e35bca9e4b2725bc7a8be583ca9dcd06c1fc861088a2453ae8e0f3df12f6cba,18b2b4f10d5697b4a8124a3c4c6863ea4f7591f070c159fc462692d9d68174f0,False
holdout42,television_set__u01,root:1/device_bottom_panel:conditional:01,device_bottom_panel,device_body,conditional-part[model]/direct-calibrated-mask,0.664238463000203,0.8930035198663144,c845d2dcc8563ad8ca6c1cb0edead63c534bb087cb0bd8bc958a6cad68e86da3,2d9a6efb36e1d42526ae7d863b95f328657df56ef141bf749cc945d6f5072fcf,False
holdout42,television_set__u01,root:1/profile-refine:IDEA-Research_grounding-dino-tiny:device_screen:01,device_screen,device_body,grounded-sam2[IDEA-Research/grounding-dino-tiny|facebook/sam2.1-hiera-tiny]/profile-refine,0.6156657338142395,0.8740058593750001,b4e354d3d24bbb29ee90d4ebb274d77fbba5f12da2f4d9139f46c0e61f609b50,62d1e92b363e0a99532300e2e7afc2211ee13d615716d1de6618defe86c40440,True
holdout42,television_set__u01,root:1/profile-refine:IDEA-Research_grounding-dino-tiny:device_speaker:01,device_speaker,device_body,grounded-sam2[IDEA-Research/grounding-dino-tiny|facebook/sam2.1-hiera-tiny]/profile-refine,0.2716379463672638,0.86414453125,d5b76248d39f7637865097d8e48ecab560ef052b1733ac44dbe2026cd42f61ff,e7914dd116413ddbd900e4bbfb5937ea8469896e96b598cbd8722e99423f1377,True
holdout42,television_set__u01,root:1/profile-topology:IDEA-Research_grounding-dino-tiny:device_bezel:01,device_bezel,device_screen,hpid-topology-v2/surround,0.5787257897853851,0.82,7de26afd0b79c8032d7e5d384153e866df6cfe1b01269d8f5858986efcc99552,7be4f4950d8c2aba805450cbdb9f7d8406a91ce67d4b3a6b76cfc3da5262ac2a,True
holdout42,television_set__u01,root:1/visual-region:01,device_visual_strip_01,device,sam2-amg[facebook/sam2.1-hiera-tiny]/point-grid,0.7224953870176984,0.62,f74aa1b03391f53d5a1b2e9af8b36d23fb5efe5ba54d995d296bc54dce7e3e4f,efc225a8b14399f9a3dbf3ba75c04f2c86a6d600a685462417a5306fb314505f,False
holdout42,television_set__u01,root:1/visual-region:02,device_screen,device_body,sam2-amg[facebook/sam2.1-hiera-tiny]/point-grid,0.8411665700800868,0.68,80ebc6a6c14cc1f21b78c8064f51853ee6af7bfe44377c9bbfe1b1c97bab9667,5a334023b8f2e95b5545dd45eed653f477de618d428a1b16463f14c3d9b0a9ab,False
holdout42,television_set__u01,root:1/visual-region:06,device_side_panel,device_body,sam2-amg[facebook/sam2.1-hiera-tiny]/prototype-labelled-region,0.8466566335080301,0.5819282868919372,c4053d9c3b747c9c602b15ac3f70dcb94c2e1bf3cdd06a6ecd53f2f3786af42d,155afb6f0b30f8039f5cccd60c9d686def6a07e6a7a5fa7858dc34fdcc28fd20,False
holdout42,watch__u01,root:1,device,device,grounded-sam2[IDEA-Research/grounding-dino-tiny|facebook/sam2.1-hiera-tiny]/root,0.4780871570110321,0.9951171875,36e19ac248b83b531945349506c0453931aabc0cda6c06622bfd1eeb6fc54057,e9c39efe6175a3d9f4baaa553653da131ad61fbe6f55e81f0d9bfcc4b0a04a11,False
holdout42,watch__u01,root:1/device_logo:conditional:01,device_logo,device_body,conditional-part[model]/direct-calibrated-mask,0.7621304910069306,0.8212174508432097,0cc1c512bff80d62474c7f33a151dc1a706c0e30fdf2bb9d2303fb63c6063e12,afeb26f5505514b0020595ce40f04920c4f08b28858aaafb218c3ab87aff9ebc,True
holdout42,watch__u01,root:1/device_screen:conditional:01,device_screen,device_body,conditional-part[model]/direct-calibrated-mask,0.598749437022655,0.8526220624931891,0c65a287e3536256eb1942c4923538bb83db46b954776d77e2a8b3d546b45815,b5c6001a044f71c6ef9ac4cb85c70a18b5c3ec19db42993b80fefb7944ae283c,True
holdout42,watch__u01,root:1/profile-refine:IDEA-Research_grounding-dino-tiny:device_dial:01,device_dial,device_body,grounded-sam2[IDEA-Research/grounding-dino-tiny|facebook/sam2.1-hiera-tiny]/profile-refine,0.3557748794555664,0.8618242187500001,2628a45afbab195e59e192e4427946487babaeb8f5522e36612407af8811f2ec,e5d4943035e8e91092edb049dff2f6d1a7f7bd3fd9dde33283b380b22fa903df,True
holdout42,watch__u01,root:1/profile-refine:IDEA-Research_grounding-dino-tiny:device_screen:01,device_screen,device_body,grounded-sam2[IDEA-Research/grounding-dino-tiny|facebook/sam2.1-hiera-tiny]/profile-refine,0.24131056666374207,0.862017578125,02924c63558ec52a48078d69e3af78093f2197879d8d0333415491f178bcccbe,7f3381ce2146a62245a639eeef1d2870cb593db3d624905fd571c6c29dbf0f69,True
holdout42,watch__u01,root:1/visual-region:01,device_dial,device_body,sam2-amg[facebook/sam2.1-hiera-tiny]/point-grid,0.6726387375116496,0.68,ca9283313bb3f049894e02ec0cf8f1f158815647cad327741d67f89d91468766,39982f45fce82ceb8ea71b56852cf40c119383c42ea424e77ae19bec39f203e1,False
holdout42,watch__u01,root:1/visual-region:02,device_lug,device_body,sam2-amg[facebook/sam2.1-hiera-tiny]/point-grid/semantic-rerank,0.5753214333100903,0.66,8a167a71ce4cddde4a992f1d66cd417c121193ee339bf8f9c98e9cd9340ba6c9,fb30d727ac61c885a5b4d2c59ea9fcd010ba88729143a3dcc7045c9400ae7eda,True
holdout42,watch__u01,root:1/visual-region:04,device_lug,device_body,sam2-amg[facebook/sam2.1-hiera-tiny]/point-grid/semantic-rerank,0.5952199436739688,0.66,e5860408fd438eef5ba4bf433b728f8af304370c5e2ab01679512164d799f0e4,995435edfdb80a11e4048aa9c90046517913897e027500e5d0a98ed4de4ba71d,True
holdout42,watch__u01,root:1/visual-region:05,device_visual_panel_01,device,sam2-amg[facebook/sam2.1-hiera-tiny]/point-grid,0.786962357083524,0.62,1d23bcc37488207e2aefe709f4fe7c03a527dc61e03f56f891edd7a2b60e03f8,4a0af34d83c414564216217935f1e9d22902b6f87252fdb5bcda0c93a8e1462a,False
holdout42,watch__u01,root:1/visual-region:06,device_clock_hand,device_dial,sam2-amg[facebook/sam2.1-hiera-tiny]/point-grid/semantic-rerank,0.5864531792330101,0.66,4824e0abb3a0f57e8539b3429f14cb165358ac8b605f96043c2a34c4e9cd7298,6dd857141b83f4ff6322fb715b7a01b7b8f400fa420cf06fe3fc67abe34d5181,True
holdout42,watch__u01,root:1/visual-region:10,device_dial,device_body,sam2-amg[facebook/sam2.1-hiera-tiny]/point-grid,0.719492608654729,0.68,7eda1005e32717b17657a401744876f4610a2229586b041e65f953e286a1230e,508940fad3704b4f42fac4914bb19bb117200bce2b3bd94d710fab4d463ac7a0,False
holdout42,watch__u01,root:1/visual-region:12,device_dial,device_body,sam2-amg[facebook/sam2.1-hiera-tiny]/point-grid,0.7117063240392358,0.68,0e09093fb1032847c8f8032b36ac8ff3c987ad09e5ee9b69fa20d72eff2b8076,388e8ae0f2c1f25acb16cd01878066907985f54705193537c30214b23a267d34,False
holdout42,watch__u01,root:1/visual-region:17,device_band,device_body,sam2-amg[facebook/sam2.1-hiera-tiny]/point-grid/semantic-rerank,0.5933548731926759,0.66,9dcd3451adb6f5b5a8392dab8eae9a7a8399796d5759a290142749a852bc89de,352bb54a52e2e5e74a2f45707a378f0afb3131fccea50b2a67e30a887fb6e8f5,True
holdout42,watch__u01,root:1/visual-region:18,device_lug,device_body,sam2-amg[facebook/sam2.1-hiera-tiny]/point-grid/semantic-rerank,0.5367147807317888,0.66,423a340010fca119e9526429e402823e655adc4880a88e15be7120e2f2d25d67,359ad5b5c0588cf051818e0fafda46e623bfd98990239a4d94b68612ecb48ddc,True
holdout42,watch__u01,root:1/visual-region:30,device_lug,device_body,sam2-amg[facebook/sam2.1-hiera-tiny]/point-grid/semantic-rerank,0.5705283032475292,0.66,dde8c4cbeeeb93bfc204f017f1b4af808138a336d0e16ca32faa529aa3d6206b,db4f7b2e9c697f6e72b9348fd7dbaa05de55b3bddd5f391d184f4ed2b4833f0c,True
holdout42,wrench__u01,root:1,tool_prop,tool_prop,grounded-sam2[IDEA-Research/grounding-dino-tiny|facebook/sam2.1-hiera-tiny]/root,0.7472472190856934,0.98896484375,a22b27b6e1d203bdb4df9eda5536d8e9b9ff0f6c97ba69b2043d3922d696836d,6ef6bd4ec4a0211099e8be0bd3b841af22fcf34442fe4ce974707b5d39c9e8e4,False
holdout42,wrench__u01,root:1/profile-refine:IDEA-Research_grounding-dino-tiny:tool_prop_blade:01,tool_prop_blade,tool_prop_body,grounded-sam2[IDEA-Research/grounding-dino-tiny|facebook/sam2.1-hiera-tiny]/profile-refine,0.6315943002700806,0.8683984375,b6356ea2cea795e689c755c7f44317789c0cc6751a63c5ff0bee1133393ece51,37561311b6435e6f9e7d2530ab952c889968ec4f060a5d769de4deefda22ebbc,True
holdout42,wrench__u01,root:1/profile-refine:IDEA-Research_grounding-dino-tiny:tool_prop_wrap:01,tool_prop_wrap,tool_prop_handle,grounded-sam2[IDEA-Research/grounding-dino-tiny|facebook/sam2.1-hiera-tiny]/profile-refine,0.28318628668785095,0.8446152343750001,d8884e28f6b1f33cc0e3fa83c4dcfb88b798b938ea73c4bc53a8f9feab2a1bc2,a79e9455d6c005e54ac10784c99c1d97c23a5606350c159dd5888223ff08d6e8,True
holdout42,wrench__u01,root:1/profile-topology:IDEA-Research_grounding-dino-tiny:tool_prop_handle:01,tool_prop_handle,tool_prop_body,hpid-topology-v2/terminal_complement,0.5936986422538757,0.82,273073ecd959f061379e6e0f5115d2fe20f9477f8505333eb2135fe51a5d1686,c3332a5ebe38fd1633b675915ff6294dbdd1932c2645035bbf08d38b9017777b,True
holdout42,wrench__u01,root:1/visual-region:03,tool_prop_blade,tool_prop_body,sam2-amg[facebook/sam2.1-hiera-tiny]/point-grid,0.7621635344693883,0.68,03f936363a1a87c09b0df2a92aeb7296fc364901d32d135924eed5798b9f97b7,2da9fe0cf4f084104931d85e0d5068daf450fa3da3b39b1a8a594cb918751ce0,False
holdout42,wrench__u01,root:1/visual-region:04,tool_prop_handle,tool_prop_body,sam2-amg[facebook/sam2.1-hiera-tiny]/point-grid,0.8881703822543477,0.68,581eec61964adee5c90dc2ab3c5eb74a0b9762d56e258faa5d2fd1cf06aca8ef,379fe5b308e85650c8b8363b2be6330afd656943a1fb12a68a0ddbd30d4dcf0c,False
holdout42,wrench__u01,root:1/visual-region:05,tool_prop_visual_strip_01,tool_prop_visual_strip_02,sam2-amg[facebook/sam2.1-hiera-tiny]/point-grid,0.7605800949111722,0.62,214576b5061d821955ec2b5c68d9ce33832a13bbdec4e473b984ff5a26ae46d8,c791f06b0e5e9c6dfd0ec1e8d6a8aaedbae0f8344af87875e3b2fca69c5ccf6d,False
holdout42,wrench__u01,root:1/visual-region:06,tool_prop_visual_strip_02,tool_prop,sam2-amg[facebook/sam2.1-hiera-tiny]/point-grid,0.8413930421316476,0.62,7954e21b0ddf3f5593354ca2b66bc67bc549763aef89a811e052b5c8e724c5a8,5f21cd67d7e98c3007e7244dc4a4f2eeeb6e6d00a1ead02e848c4db42bcad15d,False
test226,basket__01,root:1,container,container,grounded-sam2[IDEA-Research/grounding-dino-tiny|facebook/sam2.1-hiera-tiny]/root,0.6347697377204895,0.9861328125000001,62f894f7a462ccb87b4849aa32e83d029f2b00e5fc005842edcb516f71e5f9fb,3122fc05b79325db4d1a74ec3a159507517aec93979e58b8f5dbfbb71aedcd18,False
test226,basket__01,root:1/visual-region:01,container_handle,container_body,sam2-amg[facebook/sam2.1-hiera-tiny]/prototype-labelled-region,0.734154302129301,0.5942809070110321,274910d0acd79e3f365fc0cdca6e451589f125e4fb71080d52365e850c8a67a6,65f50d136e9b8a0c7ce7acc14ed4002f12f81311c828ec0a0c75f24d819611fc,False
test226,basket__01,root:1/visual-region:03,container_outer_side,container_body,sam2-amg[facebook/sam2.1-hiera-tiny]/prototype-labelled-region,0.7454132291193619,0.6037675597524643,b38f73c35b387f73bc46038a46b0fbd5495f1f89b7f9a908fd18cb1249ffc0a2,05f684b357d8cc7886b2e35ac531c8fc04b57b3eea5347cde87e84f342b0aa4b,False
test226,basket__02,root:1,container,container,grounded-sam2[IDEA-Research/grounding-dino-tiny|facebook/sam2.1-hiera-tiny]/root,0.8254490494728088,0.9876953125000001,acac74e738149323beacc85d4ec07064921a7b9e20f4fc911dc437377f7ba7c8,1a24a8e6029f6e9d8c3be052d62781ef2223e6abb0ae29086a100fac0a52ab5f,False
test226,basket__02,root:1/profile-refine:IDEA-Research_grounding-dino-tiny:container_label:01,container_label,container_body,grounded-sam2[IDEA-Research/grounding-dino-tiny|facebook/sam2.1-hiera-tiny]/profile-refine,0.2929997146129608,0.801689453125,41d1a69a844e6425b578442d34e57c5d04b7e9ad6b4c8a3553700ec4ce8e73e2,16f8b01f31901f7e1db869c0864ea6ab6dd2d4bc726f7f16838f35deef8f7bfc,True
test226,basket__02,root:1/profile-refine:IDEA-Research_grounding-dino-tiny:container_side:01,container_side,container_body,grounded-sam2[IDEA-Research/grounding-dino-tiny|facebook/sam2.1-hiera-tiny]/profile-refine,0.2963487207889557,0.8424882812500001,3602fbeb51a939c8f1344862a316f97f67b0013c66d5172913de28a4fafb547d,1c3871ef57ec7d117e0f5e8073a0ad23143aef92df498ffd55d25e5b29d86524,True
test226,basket__02,root:1/visual-region:01,container_side,container_body,sam2-amg[facebook/sam2.1-hiera-tiny]/prototype-labelled-region,0.7275124135192867,0.5917270329647064,7d116f118011d3067919a8fae4a8f471955d5689371407fc718ce1bf9860e1a6,957766463677a0973c363362eac42e0832762f14a6e9fb61065fd12f089cd3fd,False
test226,basket__02,root:1/visual-region:04,container_handle,container_body,sam2-amg[facebook/sam2.1-hiera-tiny]/prototype-labelled-region,0.7538342186161704,0.6085547843074799,0a5bdd8943e78396f56031f1c5956cf7b5a283f6c3ad744006b321e0370bc79b,82794edeeb8f0cdc14b253f53f409cb71e3483b51622c6bbdd71290edcdb2007,False
test226,basket__02,root:1/visual-region:05,container_inner_wall,container_body,sam2-amg[facebook/sam2.1-hiera-tiny]/point-grid/semantic-rerank,0.5658365685948069,0.66,1758e6b7ab73f1e04a85987e1e69b6987ddc2fd304ce6d68d725a4e2648ce373,74e9d4a16f769fb829febc3350aeb12ccbd72cf4a66c12f6746ddf1d9f5191d5,True
test226,basket__02,root:1/visual-region:15,container_inner_wall,container_body,sam2-amg[facebook/sam2.1-hiera-tiny]/point-grid/semantic-rerank,0.6083308129287679,0.66,cc4a7a804fa8e79dd5a5f0c6acfeaa2859cdb097be84c69e37f22e29e7667073,9a7b860fc0cbbf7dedee0eb495dde6853bf7748883e90f8ea75c58bc64830f41,True
test226,basket__02,root:1/visual-region:16,container_shoulder,container_body,sam2-amg[facebook/sam2.1-hiera-tiny]/point-grid/semantic-rerank,0.5627494127902032,0.66,cdedf0da1147ad173fe17c80cff073117f26d8eedc91ee5d7fa9a5584df84a12,75848b49bedb9e11cb62870c1a701e205fa643cd0829587283e2f1f171c84397,True
test226,basket__02,root:1/visual-region:30,container_base,container_body,sam2-amg[facebook/sam2.1-hiera-tiny]/point-grid/semantic-rerank,0.5575130215246293,0.66,fc63f3a595d0b254143432352509140f15b841bf4dbda247baa5a552af5b262d,e216d8e8b0fe96bd301cb7084b9bdf7e2c10172d4fa99e627504373a6e6cdc6e,True
test226,basket__03,root:1,container,container,grounded-sam2[IDEA-Research/grounding-dino-tiny|facebook/sam2.1-hiera-tiny]/root,0.8485961556434631,0.9974609375000001,137ec0a92c15a029aea786a85bcbc97542afd48dd9411deeb430030e8b37cdf9,ac47147da3fea54dfa799859125410b35e9b910508d4060479784cc8aeadbba3,False
test226,basket__03,root:1/profile-refine:IDEA-Research_grounding-dino-tiny:container_bottom:01,container_bottom,container_body,grounded-sam2[IDEA-Research/grounding-dino-tiny|facebook/sam2.1-hiera-tiny]/profile-refine,0.34897783398628235,0.6858671875,b21929255db41e33f919fb92d07ade4cf29ca24d35e4efc1d7eb87bcaf8eca00,3be4b35233ee82b2147c0acd481d9ab65599cc3fde892332961d1304bd53a185,True
test226,basket__03,root:1/profile-refine:IDEA-Research_grounding-dino-tiny:container_outer_side:01,container_outer_side,container_body,grounded-sam2[IDEA-Research/grounding-dino-tiny|facebook/sam2.1-hiera-tiny]/profile-refine,0.4020985960960388,0.8740058593750001,38220f8e50f09098e911a7725093496de6e0b55a6d6e3f8203f4d9b28cdb05bd,7dfdbb82edb568de9c6bcacf5f6076c7e93521722c632c4a605d903416a4adef,True
test226,basket__03,root:1/visual-region:01,container_outer_side,container_body,sam2-amg[facebook/sam2.1-hiera-tiny]/point-grid,0.7869343570693152,0.68,d2fd39d9fdcaf23218458c0a524fe29736f11d5a8a17c9426b405fd43402d77b,ed16bf18ae36379d33c4ef847ba48757232d5606cd982ff89b1f6360c037d701,False
test226,basket__03,root:1/visual-region:02,container_outer_side,container_body,sam2-amg[facebook/sam2.1-hiera-tiny]/point-grid,0.7914541310111589,0.68,7920b6bcd26a0fd20f940de39084c6350fdaab19a73b68bb6dfba0632067078b,6a533c2f6255a342f4c50dc0a304ff85a61de533a8b0666b916ce23adc041819,False
test226,basket__03,root:1/visual-region:03,container_rim,container_opening,sam2-amg[facebook/sam2.1-hiera-tiny]/point-grid/semantic-rerank,0.6177149765239985,0.66,7f3aebdf3d031312cf8ae98d511367e0b991f197773ed9bee93cfcb95c7b99c6,dac88d0e48d7d12cd84691dbed33de7f5cefab3f83a78c6633870c59b99914a4,True
test226,basket__03,root:1/visual-region:04,container_visual_panel_01,container,sam2-amg[facebook/sam2.1-hiera-tiny]/point-grid,0.7242579350893185,0.62,30ac46784ace57e221f4f6a6eb11b3f3293aedaa68294ac76b311941eb055608,607e84d6ef43478aad80fe6a43b9d15a77ba124d17ea82393be5fd68b5f3056e,False
test226,basket__03,root:1/visual-region:06,container_handle,container_body,sam2-amg[facebook/sam2.1-hiera-tiny]/point-grid/semantic-rerank,0.5344484514336216,0.66,b8b988bddb90196bf5cf7eba0e2e56bde78569bf91824673ba50a04850508e57,2b86d74ce848cd8a42839e94a4bf7fd7234f1362e76fd17c8dd2cf7a404cdb6e,True
test226,basket__03,root:1/visual-region:07,container_handle,container_body,sam2-amg[facebook/sam2.1-hiera-tiny]/prototype-labelled-region,0.7172318899040686,0.6039741107749939,87d488382db6cb3f065898da280c53d0b9d80e9c33388d53fc290384cad3240e,48f13d3b5874b6a9d03a424da181e05b226f99db8eb2d24d867aa7888e378585,False
test226,basket__04,root:2,container,container,grounded-sam2[IDEA-Research/grounding-dino-tiny|facebook/sam2.1-hiera-tiny]/root,0.5923129320144653,0.96826171875,0c96ba98898d32b186d0bc3eeb8761352beb9f4cc81ba00c8bca99fcb807172e,3c9f3505aaecc394e95764c480b1efb3989a2cd68a26bcf51c4a82c7ef46cc1b,False
test226,basket__04,root:2/visual-region:01,container_inner_wall,container_body,sam2-amg[facebook/sam2.1-hiera-tiny]/prototype-labelled-region,0.6811905277488352,0.607792209897995,2c51d4b142394ba7b99d4cdf3d1073f8a955e6ef4f920ec04b21c059e0e0d53a,df5d904e3230e4a19a40dcb380437c9fd36abe3ef6dacbe732ef3f245cff40b3,False
test226,basket__04,root:2/visual-region:02,container_visual_panel_01,container_visual_strip_01,sam2-amg[facebook/sam2.1-hiera-tiny]/point-grid,0.7175907250123648,0.62,51ad4e01fdfb1b533bd6958280a4216c31cf5f2f6079b91b3ca2fcac4344d861,f841f1a1ab471e0480487c1fb2186f73c2302c13c24b4478f7ee8b2c6fb254f0,False
test226,basket__04,root:2/visual-region:03,container_outer_side,container_body,sam2-amg[facebook/sam2.1-hiera-tiny]/point-grid/semantic-rerank,0.5294079227571353,0.66,81c885ded4c5aa89262db737b08188f71132f3126237f08f8d80c8cb34ca0409,62ed98aab84e4a5f128aaff7c7191bb17400d9730ab2c98faebb9285d01b3005,True
test226,basket__04,root:2/visual-region:04,container_bottom,container_body,sam2-amg[facebook/sam2.1-hiera-tiny]/prototype-labelled-region,0.7926823397621086,0.6089220367584228,88ac574f8e305626da8cab833da302658a681ccf83b6be99430cf6ba747555ab,23eddf408c10f5c963ea183076dad2ccadc431fbe675436cc864e4a402dff2d2,False
test226,basket__04,root:2/visual-region:05,container_rim,container_opening,sam2-amg[facebook/sam2.1-hiera-tiny]/point-grid/semantic-rerank,0.5224762010044799,0.66,38ce2cd51b406c1039b76e780a5f7c8cc4248f08387fa3ad354d0744f8bc4177,9e6345f26fe74ade3c30623bc06315073f28e8ed088bede25cfb97d067ce2879,True
test226,basket__04,root:2/visual-region:07,container_outer_side,container_body,sam2-amg[facebook/sam2.1-hiera-tiny]/point-grid/semantic-rerank,0.5375213888881086,0.66,1d694073aedaac6644f7248e0da83f86c22582fb4a08684a8814526477314fe1,09fadd01cfea618568ee933f4e6e37b59d70cafd71eb262248dbbc568fd00a72,True
test226,basket__04,root:2/visual-region:11,container_body,container,sam2-amg[facebook/sam2.1-hiera-tiny]/prototype-labelled-region,0.7069684230357127,0.598967779496193,fcbb19e5b3359f93d37c6c37f864cb647bcdab27e495e13056862eb177d8dfb0,3b87a60ea57aa0492a5fb0a0e0d39c234ccc78817451d7a45b764e3f4d8169e0,False
test226,belt__01,root:9,daily_object,daily_object,grounded-sam2[IDEA-Research/grounding-dino-tiny|facebook/sam2.1-hiera-tiny]/root,0.3205021917819977,0.969921875,5bc08c576b7e984d93fcd5270abb8772cb5bc4fab2387a92362d6c304a357517,c6ec679ee2cd97c321c92f037bcd0a0eb32016d3c3ec81dd327b5f5dea75f083,False
test226,belt__01,root:9/daily_object_guided_daily_object_buckle:01,daily_object_buckle,daily_object_band,grounded-sam2[IDEA-Research/grounding-dino-tiny|facebook/sam2.1-hiera-tiny]/retrieved-part,0.3856090779832961,0.7692197019836504,1ac56fb0de0433baa3fa5616f88dfd7fe7496aab89e83485b00bf63a6302c7c3,3e5645e2d8bc67612d84c5f627e0d7ab82c6f331f362d903dd87529107dfafbe,False
test226,belt__01,root:9/visual-region:01,daily_object_flap,daily_object_body,sam2-amg[facebook/sam2.1-hiera-tiny]/point-grid/semantic-rerank,0.5906579623066945,0.66,0e48c504351d7706cccc72a93ebddd84190eff34c211095a0c1668b9c309afef,87d8061d05bf55e4423068ed8a48df5e9d6e7cf848b7f8efe86b806b426f0c1a,True
test226,belt__01,root:9/visual-region:02,daily_object_flap,daily_object_body,sam2-amg[facebook/sam2.1-hiera-tiny]/point-grid/semantic-rerank,0.7279284712334546,0.66,feaecc57e135195cf1344eb2eacfb114ac89e47d5b9754031269ccf790d0eef7,5e7e01303a7ec4aa1b91ef680b21f2b5c5a2b4d497873592aab53df48394b54d,True
test226,belt__02,root:8,terrain,terrain,grounded-sam2[IDEA-Research/grounding-dino-tiny|facebook/sam2.1-hiera-tiny]/root,0.28527238965034485,0.97529296875,23686166509ced29add08ec5a6b93d3f533d94cd79345b8e723841917ec95927,66767e4e26b9256fcb2d4f9fa908830805370a594f82ab989e5797c56a381666,False
test226,belt__02,root:8/visual-region:01,terrain_visual_panel_01,terrain,sam2-amg[facebook/sam2.1-hiera-tiny]/point-grid,0.7311343466483082,0.62,8672fb16b545a6223173dad0955d8962ba08bc1238e3a99a2e5384c79c3a81bb,de30069c425d9cfa93690968430f739be4111e734ef475e3237856a5238ff399,False
test226,belt__02,root:8/visual-region:03,terrain_visual_panel_02,terrain,sam2-amg[facebook/sam2.1-hiera-tiny]/point-grid,0.735634380948903,0.62,99984ae33c6016a059200e1f8217566e51fe08806b7c63cab63a5754fca96751,c23704def8f629c82ac5aac12d132272efed1de7b85ae97f03eda1143b38cb93,False
test226,belt__02,root:8/visual-region:05,terrain_visual_strip_01,terrain,sam2-amg[facebook/sam2.1-hiera-tiny]/point-grid,0.7142757050366741,0.62,c91f396c75d9a78115f30dc6c3f84772268b484412afaa89aaedbc1c88c6c917,86a498b9a5f99388e7497a06b8589d17718e3df57d79b438542e594d9b9f5bc5,False
test226,belt__03,root:1,daily_object,daily_object,grounded-sam2[IDEA-Research/grounding-dino-tiny|facebook/sam2.1-hiera-tiny]/root,0.6005398035049438,0.9334960937500001,54728aadfa5495d923cfa516b4519d186ed816cfd9c0faa4b8b88c761facd6dc,234450677a1a31bda1239a74ce14fca525f353d1af5e862eb0b89a546f583936,False
test226,belt__03,root:1/profile-refine:IDEA-Research_grounding-dino-tiny:daily_object_flap:02,daily_object_flap,daily_object_body,grounded-sam2[IDEA-Research/grounding-dino-tiny|facebook/sam2.1-hiera-tiny]/profile-refine,0.2822951078414917,0.8627910156250002,7ba9deafb98664d912bc98201be92003dafa66660999b0bf1b3ac0d73af8c33d,4cc2544938428a997c54b1197081a81f32eab0b5392fe3b7e0fdcb79f644a047,True
test226,belt__03,root:1/visual-region:01,daily_object_belt_loop,daily_object_band,sam2-amg[facebook/sam2.1-hiera-tiny]/prototype-labelled-region,0.812371981922648,0.5890262632565498,96ecb92d05c59c209a059e5668ebdfc92e71ce606403e450b2276f2d6689ffba,de51e251146340d3565eab5f0ee566b4c472a491b403ec2e97108aca61a88666,False
test226,belt__03,root:1/visual-region:02,daily_object_visual_panel_02,daily_object,sam2-amg[facebook/sam2.1-hiera-tiny]/point-grid,0.6354470090280042,0.62,b048d582b705803da612800fdf075e2dfaa8e27392b6876890a4d63630d4de1d,ff1683e45a396ceea0c5bb6581c408e2e736b1cb865a91d1c6c802406b21dbf9,False
test226,belt__03,root:1/visual-region:03,daily_object_visual_panel_03,daily_object_visual_panel_01,sam2-amg[facebook/sam2.1-hiera-tiny]/point-grid,0.7543526263578759,0.62,6a069ed886927c376624d578aea3e3f00941611dec5ab08a26edda858107a6ce,599d2a634d4160cd0b9125b2cefce8a4a84378341904d0c6897fd24d417fc93b,False
test226,belt__03,root:1/visual-region:04,daily_object_flap,daily_object_body,sam2-amg[facebook/sam2.1-hiera-tiny]/point-grid/semantic-rerank,0.6073659916457204,0.66,7ec099aa046f48ac421252a3ed282f74d3dcb6cf35dcdfa350f1b7b1273ded77,d84e7a06fc8875208f4c70fde7a9fe545857866f33d861435a0323e5ea2e1691,True
test226,belt__04,root:2,character,character,grounded-sam2[IDEA-Research/grounding-dino-tiny|facebook/sam2.1-hiera-tiny]/root,0.3880960941314697,0.99140625,207073c56943cfe7bdea1476a6294508043ab6ab8444e35428a0ec3149c00aff,1d0f86050139bbe42e62963f10f33e2d7ff3ab9dd4f360a9b676a31b211cb3ec,False
test226,belt__04,root:2/contour-visual-region:01,character_visual_contour_strip_01,character,hpid-appearance-contour/closed-edge,0.7524638858822505,0.62,6b6a6b298af85221f57e0f5140221182f0dc64102beacbf038dbaf70ae82486d,8d344f39001fdba07f64f46e7b833a63c11d55b6df3f474b902d164772741b71,False
test226,belt__04,root:2/contour-visual-region:05,character_torso,character,hpid-appearance-contour/closed-edge/semantic-rerank,0.41234577377663634,0.66,f957e8256350995fb7260ac8dc122baacb38d6792cc4eba9ee0042a4750652f4,94d24ca54491d40fe85025e4e3923cde04ed5a5377800a373d16a48d56cd3b33,True
test226,belt__04,root:2/contour-visual-region:06,character_hair,character,hpid-appearance-contour/closed-edge/semantic-rerank,0.40380664718596965,0.66,379a87da225232753dc1d501f019a1d5715e98ef7044d9d162365ab8ecbe95d1,a173839a4005666b641d3783a11f1e0f984babb05718636760f752a282084a64,True
test226,belt__04,root:2/profile-refine:IDEA-Research_grounding-dino-tiny:character_arm:02,character_arm,character,grounded-sam2[IDEA-Research/grounding-dino-tiny|facebook/sam2.1-hiera-tiny]/profile-refine,0.2501792907714844,0.7836279687500002,2ab203ae3919d7e5ade053621993ab898dfcf8529121d4727ec90379a2f389f8,445c605d06dde01e885a5159c024c196e91dec561785234642dabe754dcc0a23,True
test226,belt__04,root:2/profile-refine:IDEA-Research_grounding-dino-tiny:character_hand:01,character_hand,character,grounded-sam2[IDEA-Research/grounding-dino-tiny|facebook/sam2.1-hiera-tiny]/profile-refine,0.4098111391067505,0.91486376953125,ac743270e7181e4cd64088d4b92cd9cd2422120dc051f42499cb9161bdf79e78,de62b4a611c04a1417ffd31ba4f3360d090a1bc72f38875072f0b2f2b9cf8596,True
test226,belt__04,root:2/profile-refine:IDEA-Research_grounding-dino-tiny:character_leg:01,character_leg,character,grounded-sam2[IDEA-Research/grounding-dino-tiny|facebook/sam2.1-hiera-tiny]/profile-refine,0.34147265553474426,0.76299265625,574750d9a1d25f906e33100b31d6ebbd8cc59ecd73142a0c739765737604b85c,67d2779842adf180c6afb2f321ee5173ac26299de9d1c47059e1242c4fde963e,True
test226,belt__04,root:2/profile-refine:IDEA-Research_grounding-dino-tiny:character_leg:03,character_leg,character,grounded-sam2[IDEA-Research/grounding-dino-tiny|facebook/sam2.1-hiera-tiny]/profile-refine,0.24328269064426422,0.76156953125,5cfba8c80369100de65d939e5a25ed4fb3196a23f3654062661678792fa2f6a0,6c648871e27ee2d84bede4e2fdaa4b09e9e30ff630549362717e992ddc8e3fcf,True
test226,belt__04,root:2/profile-refine:IDEA-Research_grounding-dino-tiny:character_lower_clothing:01,character_lower_clothing,character,grounded-sam2[IDEA-Research/grounding-dino-tiny|facebook/sam2.1-hiera-tiny]/profile-refine,0.31394535303115845,0.9267371093750002,20f44469d7d965dd6b0eefe90d5a2f61052d0ef44604bd467e700f10e6e44be2,af2a1f31dc9ccedab9704e41fd5dd751b1ded786846f933c695e1f810a494d22,True
test226,belt__04,root:2/profile-refine:IDEA-Research_grounding-dino-tiny:character_sleeve:01,character_sleeve,character_upper_clothing,grounded-sam2[IDEA-Research/grounding-dino-tiny|facebook/sam2.1-hiera-tiny]/profile-refine,0.24095316231250763,0.9721731250000002,3ae3d0db2fa8491a79ce920e8f15449cd9b1575907382d0042a3f77f85b83872,2b0b54c9a9097667b018cf046a174b542c66c88b9113b2d32acee2ece9c5d3d8,True
test226,belt__04,root:2/visual-region:02,character_accessory,character,sam2-amg[facebook/sam2.1-hiera-tiny]/point-grid/semantic-rerank,0.5611030865507397,0.66,19abcedf8fd2aa3233cb52da7d35bc85c465a975617536ef10a332ac01bbe11b,bf0f5e1127463fc2ecc3946a3b6efd47566e87d95c67c34759d95ffde2d07ff2,True
test226,belt__04,root:2/visual-region:03,character_visual_panel_02,character,sam2-amg[facebook/sam2.1-hiera-tiny]/point-grid,0.7534186030778444,0.62,ef30db83f2a4802c0336beae8f4044a1b4ee0460089d5f5ea55a042816ae36a0,af00658f785f485b5b4db9d5ef448533916c23978ad988ba11e220764bb631ec,False
test226,belt__04,root:2/visual-region:04,character_accessory,character,sam2-amg[facebook/sam2.1-hiera-tiny]/point-grid/within-root-repetition-consensus,0.5330844607855216,0.62,66c9ae3e14337e4de5bff08c9ed90900000207e2b79f050a682805f8ef872c45,ade4fc4f53eb9bbacb42a5cdb6ac4043351e27e0726aa876ab75dab52e6510c5,True
test226,belt__04,root:2/visual-region:06,character_accessory,character,sam2-amg[facebook/sam2.1-hiera-tiny]/point-grid/semantic-rerank,0.6108253495797149,0.66,7a1b6a84a2c378b94178f9c211a96a611f48a1f8e12d3d580df7ad6e59176218,405656d5c54c7bbaa61fea57b2ef239ef4d068a3a89c5a44a50be19e500582e0,True
test226,belt__04,root:2/visual-region:11,character_hand,character,sam2-amg[facebook/sam2.1-hiera-tiny]/point-grid,0.8949272135935906,0.68,db3b7a917335a4667f9d305654f5ca68e3101c19037451d2a07675516c9cb259,b351926b5cf512f9d0161af2625293fbdad7eced5aa888e8f66a36be5a052faf,False
test226,belt__04,root:2/visual-region:12,character_accessory,character,sam2-amg[facebook/sam2.1-hiera-tiny]/point-grid/semantic-rerank,0.5002915357472199,0.66,b518464741070276965f7125c6d575cfe88d3c229785d5da1bca85ab79a0016e,0b1affe4c5688460254af853708d73036eec2a55b83ba947455ef170c976f5c5,True
test226,belt__04,root:2/visual-region:13,character_visual_panel_03,character,sam2-amg[facebook/sam2.1-hiera-tiny]/point-grid,0.8232088401812325,0.62,83d10b87df3d026a2ad9f7a1d3117e3e85daa45384a2b7e2336a941df92464fd,6569662c8b4eec50742beb2e2f7b7979368bed555a43cc6f09c6dfe48469fd79,False
test226,bench__01,root:4,furniture,furniture,grounded-sam2[IDEA-Research/grounding-dino-tiny|facebook/sam2.1-hiera-tiny]/root,0.5688949227333069,0.94140625,16572fcc1b58a1130790ca2775866f74a5b5fd1b6814e7df1e6155a44c1bdafa,c1384a07fad062fe048f5a1aa1de33adc377124a4091281859bbcaee02df7867,False
test226,bench__01,root:4/profile-refine:IDEA-Research_grounding-dino-tiny:furniture_rail:02,furniture_rail,furniture_body,grounded-sam2[IDEA-Research/grounding-dino-tiny|facebook/sam2.1-hiera-tiny]/profile-refine,0.2577650845050812,0.7719121093750001,7ad532cf741fc0dd1ae787b3d6b82cfe72dbb046742173de1f291509ca57a6d3,ea0a6db1ecd8da58e447b733da237148475abfc61ca40abfcd4bafed1e8a08ea,True
test226,bench__01,root:4/profile-refine:IDEA-Research_grounding-dino-tiny:furniture_spindle:02,furniture_spindle,furniture_backrest,grounded-sam2[IDEA-Research/grounding-dino-tiny|facebook/sam2.1-hiera-tiny]/profile-refine,0.3459886312484741,0.6610205078125,4848193a7f8ac1bc0d0848cbbb51e73edaf4fd7deac9a21b89148724ba61364e,a16b7957ab5b5b15d5b827ef6e0762d40921a0a477e8003bda9511a58a4e88de,True
test226,bench__01,root:4/profile-refine:IDEA-Research_grounding-dino-tiny:furniture_stile:03,furniture_stile,furniture_backrest,grounded-sam2[IDEA-Research/grounding-dino-tiny|facebook/sam2.1-hiera-tiny]/profile-refine,0.3005402386188507,0.7721054687500001,5aa46a038f0c7a75f7ecba904f003a42c220852fd3220cbf5be5d1218495b5b2,dc0de8a7333df5994876c4b5ad5dbe5b63f949cc75f3ac25a1be90daa1175e8b,True
test226,bench__01,root:4/visual-region:04,furniture_seat,furniture_body,sam2-amg[facebook/sam2.1-hiera-tiny]/prototype-labelled-region,0.8209886788711054,0.6077250867395401,ba8418153db2d57d5000ba6a7c7656e3e53222118d97430eca0c34890d5adf2d,84d721382b8f9013f211e70fd1f4ff7676599702c3966fc05e29b5f91a89a7c7,False
test226,bench__01,root:4/visual-region:05,furniture_visual_strip_03,furniture,sam2-amg[facebook/sam2.1-hiera-tiny]/point-grid,0.7399432342599281,0.62,51eac0e02c21024f61eaf1bf1030fd4ecd32f41f1814cc74251b2c3c30fdd21e,ff7e0966e9e7463b7b75a1cf7f89d79873586b5819978e104873aaaff336ad40,False
test226,bench__02,root:9,furniture,furniture,grounded-sam2[IDEA-Research/grounding-dino-tiny|facebook/sam2.1-hiera-tiny]/isolated-profile-root,0.5434387922286987,0.9852539062500001,065af1d9c057ab4652c3eaddcb92c9a06e1f71038f22c5708101093b5229a71b,2c3840ce0cb9df9d113dd18d21b7d3a838080366c731cd9efb766aa055ca1afb,False
test226,bench__02,root:9/profile-dense:furniture_backrest:02,furniture_backrest,furniture_body,clipseg-sam2[CIDAS/clipseg-rd64-refined|facebook/sam2.1-hiera-tiny]/profile-dense-supplement,0.47416168451309204,0.47959376638821555,017ecb1d6c95afc5ca847a54352fbc86002cca06c2fdd6b07072bd3a24b795dd,170a4c3cca2531934f5b4d5d036b46bb127fc7a135b810c55433fdb56b93f331,True
test226,bench__02,root:9/profile-refine:IDEA-Research_grounding-dino-tiny:furniture_cushion:01,furniture_cushion,furniture_seat,grounded-sam2[IDEA-Research/grounding-dino-tiny|facebook/sam2.1-hiera-tiny]/profile-refine,0.47706684470176697,0.8695585937500001,e41909735dd79761d3583757bf85dfc1fb836ed8fd5911f9314ef8b2c241c99d,4bdea47d790ee11138fb11f035a428a5561d8aac161d15bceca938a2c2f9be66,True
test226,bench__02,root:9/profile-refine:IDEA-Research_grounding-dino-tiny:furniture_cushion:02,furniture_cushion,furniture_seat,grounded-sam2[IDEA-Research/grounding-dino-tiny|facebook/sam2.1-hiera-tiny]/profile-refine,0.3042483627796173,0.8627910156250002,f8632ffdc1661ed96f040765be28f6908164df71b314fd16f2b7ac4e9c122aa9,c42f2dc6fb301199789b231cfbfa1f298d78b62cbef8433e4800ca0c314c36ad,True
test226,bench__02,root:9/visual-region:01,furniture_visual_panel_01,furniture,sam2-amg[facebook/sam2.1-hiera-tiny]/point-grid,0.6800285376985511,0.62,0699fca39c8ee173487ee8c305393917c455b1dcd94244994ec4ce56729b3c99,31351821e8c0c74e57c92558f7ad01196848aefa0411b0901b103a2ee9590b2b,False
test226,bench__02,root:9/visual-region:03,furniture_cushion,furniture_seat,sam2-amg[facebook/sam2.1-hiera-tiny]/point-grid,0.7756135484656945,0.68,797946aa2ad01d12832f5308c01d79b09406dfb6b737232a8feb0db1d3910121,2f0e0f263397eb48ac1a4215244711731de11e78d19908c3cd5bb6b21f78fd53,False
test226,bench__02,root:9/visual-region:07,furniture_cushion,furniture_seat,sam2-amg[facebook/sam2.1-hiera-tiny]/point-grid,0.8684522372940704,0.68,7f66ebfc9187ef95290ef48ad76f914181a7df488e6b2b9ee08010fa3a87df88,8e1cedc0957ec9d15b563cb8952da50bf260d7afbe29805d591de4a80372a82e,False
test226,bench__02,root:9/visual-region:08,furniture_visual_panel_05,furniture,sam2-amg[facebook/sam2.1-hiera-tiny]/point-grid,0.6989139938502298,0.62,f6276dc9e1f9d4529f0143bd63c6306fa5f8592dd3d117542173a3196cd7bb92,597e55423402cfa9563e4cdc13dc501d93081b2279b4e8ed27e4cbd865256708,False
test226,bench__03,root:1,furniture,furniture,grounded-sam2[IDEA-Research/grounding-dino-tiny|facebook/sam2.1-hiera-tiny]/root,0.8492224812507629,0.990234375,52f11a4ef16322e6f1675a62b7e330afe3155e077a97fb68d7eedb59f0492b1b,bb16f89af9815d41065f33eed75927f6e370e91a5e023d4f9a256e4110320a1e,False
test226,bench__03,root:1/profile-refine:IDEA-Research_grounding-dino-tiny:furniture_cushion:01,furniture_cushion,furniture_seat,grounded-sam2[IDEA-Research/grounding-dino-tiny|facebook/sam2.1-hiera-tiny]/profile-refine,0.30352529883384705,0.838427734375,5d527254b53c066f769922b43740b3d2c06e172de6f526e6790d1a4bac398ee8,fb2309110f5fd9343c8e6a81d35832619c0b3f09d7886a2945e662e538a462a3,True
test226,bench__03,root:1/profile-refine:IDEA-Research_grounding-dino-tiny:furniture_stile:02,furniture_stile,furniture_backrest,grounded-sam2[IDEA-Research/grounding-dino-tiny|facebook/sam2.1-hiera-tiny]/profile-refine,0.24131056666374207,0.870138671875,5a9c9a2d5a83d8720fb56fcae3416f8ad12f142b6a2a1a265b3f82d15f26a2c9,27d13b36026dc513ee7a7c83fd00fc231b2ca5e8dee3fdc81944b02ac3fd01f7,True
test226,bench__03,root:1/visual-region:01,furniture_leg,furniture_body,sam2-amg[facebook/sam2.1-hiera-tiny]/point-grid/semantic-rerank,0.5801591019596652,0.66,49c3af4202339b1adc3c86e8783666e9149a85e503688f0b17a20f15f1b4d240,0dfaddad15e59002eadac712306487476597c0e1e916d59f131de403d506bec8,True
test226,bench__03,root:1/visual-region:03,furniture_armrest,furniture_body,sam2-amg[facebook/sam2.1-hiera-tiny]/prototype-labelled-region,0.8224505276021176,0.5821598438773156,cbf261daeaefb75c6ad21ab90bf69729798d1cc053fc9a443302c5ccdce3322a,a0f663fff2383e85a260cb00d3be2332012851f9a2e0af249de1d8921697dae9,False
test226,bench__03,root:1/visual-region:04,furniture_leg,furniture_body,sam2-amg[facebook/sam2.1-hiera-tiny]/point-grid/semantic-rerank,0.6433156897536737,0.66,b583bb4cc2fa0dcba5b9a798dd641d46125e5c935fe45536896642d5b662c31a,bfbb1b1c4c823fc2a5ee7f3c73d8cd8dab63b199c6a227b2ab471bd870bb8ab2,True
test226,bench__03,root:1/visual-region:05,furniture_leg,furniture_body,sam2-amg[facebook/sam2.1-hiera-tiny]/point-grid/semantic-rerank,0.6371720519205983,0.66,9f2b218fce17b4e0c5274b12b9e73d473ad2f59a4a4ca5ac9630ee700ff2d062,be68cb9a7ad2e8d6cd65982cc6891a3bdfdc74591eee69249462645fd457b1e3,True
test226,bench__03,root:1/visual-region:06,furniture_leg,furniture_body,sam2-amg[facebook/sam2.1-hiera-tiny]/point-grid/semantic-rerank,0.647233484157614,0.66,06e1fdda2ad008a11791c6aa5e58178ea6c53cbe469ab8af51ddbedc6829aee8,2c2c5477155367703ddfaf6b18f26b1d2490ed6223aa01dbed7f6f0115074fa7,True
test226,bench__03,root:1/visual-region:07,furniture_leg,furniture_body,sam2-amg[facebook/sam2.1-hiera-tiny]/point-grid/semantic-rerank,0.6395550719054571,0.66,f1472bfecf6d37b4c2180317f896cf506dbf7ec882412ad57a0a3e50fe8c2f4b,730fec26df904605e7f976759947d303a3f22b8594d6e645faff5dd91ffde807,True
test226,bench__03,root:1/visual-region:08,furniture_leg,furniture_body,sam2-amg[facebook/sam2.1-hiera-tiny]/point-grid/semantic-rerank,0.6422996009333386,0.66,eec25e86800fb96b68f21fab1a510b33c28ddced67d05ca40fa0c7b0cac6e736,92c9799ee0e25fd58a365d4c995e94c3c2e96d94ddda21aca272443b4d1d41d3,True
test226,bench__03,root:1/visual-region:14,furniture_leg,furniture_body,sam2-amg[facebook/sam2.1-hiera-tiny]/prototype-labelled-region,0.7832279840596663,0.5826154246549606,59ef51409e5a2b1f5422f535f1bb5b01f4523eeac36250a23ac3106bda7da48d,bbb215b0e54c7e8e295d18cf9dbad7a097453b2114fef1286b59ec53b154d52f,False
test226,bench__03,root:1/visual-region:15,furniture_seat,furniture_body,sam2-amg[facebook/sam2.1-hiera-tiny]/prototype-labelled-region,0.8670921560199042,0.593044272772789,ed8589ad8585c92d1cd6d2bf01b00c659ac34dd75ab7726a05c371a6da402828,059a6aa7e64885954ae827f1ca7c2ec03605a0034c27dd2e605472b2ab2eb48f,False
test226,bench__04,root:1,furniture,furniture,grounded-sam2[IDEA-Research/grounding-dino-tiny|facebook/sam2.1-hiera-tiny]/root,0.8060905337333679,0.9712890625,e9524667b67586e42ff258b64fba4281ad46473b2d8cbe4c196f6a677b8d56c6,4511f69e1ec909dc216ea2471737c4c9d2b82a7ea71bfd9845a2397bd47621f5,False
test226,bench__04,root:1/profile-dense:furniture_backrest:01,furniture_backrest,furniture_body,clipseg-sam2[CIDAS/clipseg-rd64-refined|facebook/sam2.1-hiera-tiny]/profile-dense-supplement,0.5697596073150635,0.5978286696503219,20acfbad1b24dd43fc25408197bb31f85d620ace6bf4a43e4b924ae6246297ed,9a1a7bd102f728bd73f65164c419a0292ca38e81c62f46405fae71400749c56f,True
test226,bench__04,root:1/profile-dense:furniture_leg:04,furniture_leg,furniture_body,clipseg-sam2[CIDAS/clipseg-rd64-refined|facebook/sam2.1-hiera-tiny]/profile-dense-supplement,0.40781810879707336,0.4831743977746577,17873da7c06ccad3ef2241c3d71f53280a713a06e6f7476343a3555cccb0d6a7,02fb15065e266a5b6778330ad52ab55fd34ab76a77357eb15ba580f57e7581ba,True
test226,bench__04,root:1/profile-dense:furniture_leg:05,furniture_leg,furniture_body,clipseg-sam2[CIDAS/clipseg-rd64-refined|facebook/sam2.1-hiera-tiny]/profile-dense-supplement,0.2959938049316406,0.4700798936158418,2b27f8a25b39859163bb4a857627ca18403b19fbaab36d7f0f2037a12a7643ba,4f2822400098fcb552981276b68831e9c5b0703631224e0df33e879d9537efd7,True
test226,bench__04,root:1/profile-dense:furniture_seat:01,furniture_seat,furniture_body,clipseg-sam2[CIDAS/clipseg-rd64-refined|facebook/sam2.1-hiera-tiny]/profile-dense-supplement,0.6723732352256775,0.7356048392449448,d0175f5c5f00ba858a8a3268362c9df973a5e4419fa254c41f419e3e4ff1cc59,adeb91f76a4950228a0766ac1586528cab8e185adf60fc101cbb8db0fdd72a0d,True
test226,bench__04,root:1/profile-refine:IDEA-Research_grounding-dino-tiny:furniture_armrest:01,furniture_armrest,furniture_body,grounded-sam2[IDEA-Research/grounding-dino-tiny|facebook/sam2.1-hiera-tiny]/profile-refine,0.3970613479614258,0.79298828125,ae1774b4c29ab721c165ead925f7a63fb555f8ae04a601f467b72061ae627fd8,87d25d3a010e7d7bde01f79ed0904816a342a8dc89bde20a8f3f4c0497b54693,True
test226,bench__04,root:1/profile-refine:IDEA-Research_grounding-dino-tiny:furniture_spindle:01,furniture_spindle,furniture_backrest,grounded-sam2[IDEA-Research/grounding-dino-tiny|facebook/sam2.1-hiera-tiny]/profile-refine,0.3353508412837982,0.8720722656250001,1955d9153939276f76b799d83ea02becca3798f175415ec1281368a5fd1fb00d,504c0547762c2390b2ba600812e9977d9e333e380f6d6b71a19725a9135167ee,True
test226,bench__04,root:1/profile-refine:IDEA-Research_grounding-dino-tiny:furniture_stile:01,furniture_stile,furniture_backrest,grounded-sam2[IDEA-Research/grounding-dino-tiny|facebook/sam2.1-hiera-tiny]/profile-refine,0.43194353580474854,0.8720722656250001,30e182a2dcb68fa6baabf504c76baaf93c333d5c52dfa0df6ab36be703bfdeea,eb885f79021a35245123c6a2c41913d4ab4277ef30771da45f5e4e7aec01c9e5,True
test226,bench__04,root:1/profile-refine:IDEA-Research_grounding-dino-tiny:furniture_stile:03,furniture_stile,furniture_backrest,grounded-sam2[IDEA-Research/grounding-dino-tiny|facebook/sam2.1-hiera-tiny]/profile-refine,0.2487165927886963,0.8038164062500002,b39510d667d1854e6e982b9f1bc4503f86e27ee0e416e1c4cbf4d52438b8acbe,5fa267a1afa2787bc65b16aa877580a7e9084a7d76d1901847a9c362dcd17d7b,True
test226,bench__04,root:1/visual-region:01,furniture_stile,furniture_backrest,sam2-amg[facebook/sam2.1-hiera-tiny]/point-grid,0.8018729816527009,0.68,1621f4d68278496172ab57b2b4288c00e135b34a76cd48985de4c6d627189d21,4b33cd8e00428e29bc53093dffc575111f27ceabd273c72a282c673c6ef3c6b0,False
test226,bench__04,root:1/visual-region:02,furniture_spindle,furniture_backrest,sam2-amg[facebook/sam2.1-hiera-tiny]/point-grid,0.8844849632865517,0.68,92cca84beac9eef848355ef96686eff2c799b70d889e131637399b4fc50894f5,bf4d5522186c5fd090baea5c9be10552e68bdd847682820b9f32dc39dd8c90a2,False
test226,bench__04,root:1/visual-region:03,furniture_stretcher,furniture_leg,sam2-amg[facebook/sam2.1-hiera-tiny]/point-grid/semantic-rerank,0.5889443987050652,0.66,ba2ca1a29087bb5d6fc0eb23fcff0f99ab88175133411d14209b3508c6d273f3,cfc24cae87da252e8ba1a65c9dcb0c28581d36a572dda36340ed031ff538e8de,True
test226,bench__04,root:1/visual-region:05,furniture_foot,furniture_leg,sam2-amg[facebook/sam2.1-hiera-tiny]/point-grid/semantic-rerank,0.5518202793103637,0.66,8812e39e4c05420da2e80786a46400896a55024e75e2073cdb351d5cc8ec0e21,416d8d7cd022435636be5efd3b6562f09dca0dc2ef6db6f899bcd84b89d7c32c,True
test226,bench__04,root:1/visual-region:06,furniture_visual_detail_03,furniture,sam2-amg[facebook/sam2.1-hiera-tiny]/point-grid,0.8166632724020322,0.62,09c8db7bce121efcc55eaaeab0ad442eef179c38c1d1a91c9a4fff93e514827f,0dc1fcc1965267491d156a43c228f842f4420e3a89909c79ff7bae80a520acb8,False
test226,bench__04,root:1/visual-region:07,furniture_leg,furniture_body,sam2-amg[facebook/sam2.1-hiera-tiny]/point-grid/semantic-rerank,0.5264282568407956,0.66,eb1eb2899eadb3a3de32b5eaa167546eb6ea755925f134fd3cf50e823a048d29,34bfe68defe2b128cf6e9c52d964bc85042e85c878afc79f833c74868907560e,True
test226,bench__04,root:1/visual-region:08,furniture_armrest,furniture_body,sam2-amg[facebook/sam2.1-hiera-tiny]/point-grid,0.7050279174603643,0.68,4a2cc774c74a4c3fb25e3df6db377695dfd456dc6c9043665444aeef28a7cef0,7b4a0ab0c7bc007fe0bbc942db8f6ffeae238e5493c22a5f3bf2ac29fdc34580,False
test226,bench__04,root:1/visual-region:10,furniture_visual_panel_02,furniture,sam2-amg[facebook/sam2.1-hiera-tiny]/point-grid,0.693054341896691,0.62,c82d5c6cf6b1a46cb6236077cb540339c7315a6cd096b6bc1460174dc0b06d07,15e83d60cc943222915a1f0f428e248e51909914de311464fbbd5ac28a705264,False
test226,bicycle__01,root:1,vehicle,vehicle,grounded-sam2[IDEA-Research/grounding-dino-tiny|facebook/sam2.1-hiera-tiny]/root,0.9431384205818176,0.9773437500000001,ce7833ba78635afc6169eadbc3c72aa7dff6c8a505441eab9e4064776db71674,c8301fdd332cf784a240b88e26a0028eed2e3f1d4d51738a2ee6b46949caa594,False
test226,bicycle__01,root:1/profile-refine:IDEA-Research_grounding-dino-tiny:vehicle_chain:01,vehicle_chain,vehicle_frame,grounded-sam2[IDEA-Research/grounding-dino-tiny|facebook/sam2.1-hiera-tiny]/profile-refine,0.3408142030239105,0.7595371093750001,e7e90b67780996fa3fd9c08723379d19842e952f7b108cd935e0c83a1c06bfb0,307662eeeba27e5d8d92b0a337580ef35d7c146335f8ecb69dfea8c6d6aac3b3,True
test226,bicycle__01,root:1/profile-refine:IDEA-Research_grounding-dino-tiny:vehicle_down_tube:01,vehicle_down_tube,vehicle_frame,grounded-sam2[IDEA-Research/grounding-dino-tiny|facebook/sam2.1-hiera-tiny]/profile-refine,0.43296223878860474,0.8552500000000001,cb789e7edcdb3f51eaddce06c0e2c1e3b8cecb77201fe28ea926a17aab12daea,42f0e7fa5bd5221cc5dcd559d9e080a2dd6ba18568f6e3bfbc9163673484abd4,True
test226,bicycle__01,root:1/profile-refine:IDEA-Research_grounding-dino-tiny:vehicle_fork:01,vehicle_fork,vehicle_frame,grounded-sam2[IDEA-Research/grounding-dino-tiny|facebook/sam2.1-hiera-tiny]/profile-refine,0.36285629868507385,0.8614375000000001,84c576f637022f1bc523cf2d63d2d26592675414d33fc45f99558dd51769ed1b,e5829d057ea8bbbad1b8763447a50ef628f571bd68f47e94116f832a1ef6e124,True
test226,bicycle__01,root:1/profile-refine:IDEA-Research_grounding-dino-tiny:vehicle_gear:02,vehicle_gear,vehicle_frame,grounded-sam2[IDEA-Research/grounding-dino-tiny|facebook/sam2.1-hiera-tiny]/profile-refine,0.25720497965812683,0.8552500000000001,9ca691b107f6d0bd0a0039762c0e4adb304e0baa418ce2e3e9b1e0703a8fe5d7,e4da5a0a30e101b3f0dfa008188e891a2dae4f70aefa5c244e04149650580c5f,True
test226,bicycle__01,root:1/profile-refine:IDEA-Research_grounding-dino-tiny:vehicle_handlebar:02,vehicle_handlebar,vehicle_frame,grounded-sam2[IDEA-Research/grounding-dino-tiny|facebook/sam2.1-hiera-tiny]/profile-refine,0.3010537028312683,0.75625,7bb13298ae9be3c0974e993dbaa3fffae9040caa4ceab391460be8c7d6acc4f0,6375f8a3647146d3a3991e493d7fbda20f326d8ee93e48234b2263b36dd346db,True
test226,bicycle__01,root:1/profile-refine:IDEA-Research_grounding-dino-tiny:vehicle_head_tube:01,vehicle_head_tube,vehicle_frame,grounded-sam2[IDEA-Research/grounding-dino-tiny|facebook/sam2.1-hiera-tiny]/profile-refine,0.35611072182655334,0.8130976562500001,9b47265bd7b085cfb1ed62739bd771c75a30c707bfe397574890e07cfbbf90b7,e0f4b604ad451c4ab656865ddac089e7349caa7828fba2e711afbf42634fd801,True
test226,bicycle__01,root:1/profile-refine:IDEA-Research_grounding-dino-tiny:vehicle_top_tube:01,vehicle_top_tube,vehicle_frame,grounded-sam2[IDEA-Research/grounding-dino-tiny|facebook/sam2.1-hiera-tiny]/profile-refine,0.2994123697280884,0.8552500000000001,ce61fdc5874326e00675d0c4deeeb5fdfdab7e2fd304b5ad75f3a5cb4bc41b61,ae080ad2c67cb6d7583148d416679859094c06329ec74b0cec40e18b0ccf7ee7,True
test226,bicycle__01,root:1/visual-region:02,vehicle_fork,vehicle_frame,sam2-amg[facebook/sam2.1-hiera-tiny]/point-grid,0.7839356882012645,0.68,83791a8f1c9e79c4bed946fa544c41e62c3ea7e35f09b598aa1be4020f157529,f9c07eda3170ead92f065b4e0b14d2861f01b68bae43ca38dd0cf758a930c20a,False
test226,bicycle__01,root:1/visual-region:03,vehicle_down_tube,vehicle_frame,sam2-amg[facebook/sam2.1-hiera-tiny]/point-grid,0.8348876369131962,0.68,25e1bdef7c83b537c9579504bac9d05bb85a948971313e548b35851675f7ac96,738d4d5a6806e8364447701b7bc6e86c1fa62cd2d3a67454aa1cc9c1af83d7eb,False
test226,bicycle__01,root:1/visual-region:06,vehicle_pedal,vehicle_frame,sam2-amg[facebook/sam2.1-hiera-tiny]/point-grid/semantic-rerank,0.5241454442520342,0.66,e8c5805935a54046e2f2409d49459f9af5be6a20c64e5a4c5ced8ade8dd3583e,563bce95cf0a79bb79c9d87c77e44f5a5d52da8f3cf6a2a8d18b8071f84252a7,True
test226,bicycle__02,root:1,vehicle,vehicle,grounded-sam2[IDEA-Research/grounding-dino-tiny|facebook/sam2.1-hiera-tiny]/root,0.9024378061294556,0.9560546875,befb5f421647666da3033ea2a2a249f4aa7d12e598869ec4cf86288c35b605b4,d6437699eb3e715b0454373d2cf443f46ad1cd13ff120bcc4d46915a394b9d6c,False
test226,bicycle__02,root:1/profile-refine:IDEA-Research_grounding-dino-tiny:vehicle_fork:01,vehicle_fork,vehicle_frame,grounded-sam2[IDEA-Research/grounding-dino-tiny|facebook/sam2.1-hiera-tiny]/profile-refine,0.3037318289279938,0.841908203125,4d35aa3bfbe3d4e10421093b56e969915d1857179f380692880459386a34909b,e06841c7bcd2255830244d2d8d63ee2f5601688e2774a45199f9e458d85023df,True
test226,bicycle__02,root:1/profile-refine:IDEA-Research_grounding-dino-tiny:vehicle_handlebar:01,vehicle_handlebar,vehicle_frame,grounded-sam2[IDEA-Research/grounding-dino-tiny|facebook/sam2.1-hiera-tiny]/profile-refine,0.4399277865886688,0.85486328125,305ce87e7829629b4770b95815cfc91815be54b65502b114587eae56977e882a,cd9a5ba843e16ab28dbe6f3556d570fd22d31e5b22a4591b76fea41337958990,True
test226,bicycle__02,root:1/profile-refine:IDEA-Research_grounding-dino-tiny:vehicle_stem:01,vehicle_stem,vehicle_frame,grounded-sam2[IDEA-Research/grounding-dino-tiny|facebook/sam2.1-hiera-tiny]/profile-refine,0.24617071449756622,0.810197265625,727fc07bda36ba85647a42e20f08d0f205cdd56da74188281d9bf1c1ea7615d3,99934128b2d61681e9f68297f4c25918c2b43135e83837decd1637b064457973,True
test226,bicycle__02,root:1/profile-refine:IDEA-Research_grounding-dino-tiny:vehicle_top_tube:01,vehicle_top_tube,vehicle_frame,grounded-sam2[IDEA-Research/grounding-dino-tiny|facebook/sam2.1-hiera-tiny]/profile-refine,0.3485342860221863,0.85486328125,75e551a35f85c4a7822d4f2dbcdb751b2f7ebcb4a8e585678d3be1bdd14c6550,12cee5a4d31e1d41409619688f88c2a7ddcd7ba841e888ff31450f2a320363bf,True
test226,bicycle__02,root:1/visual-region:01,vehicle_visual_panel_01,vehicle,sam2-amg[facebook/sam2.1-hiera-tiny]/point-grid,0.7242240795442577,0.62,780f5c1f52d41fd5e88fc6536ab7ca17dcb7027afdd5b501c727f303d20ae379,c3975ce4c1b3babe127015fa0e1c8eb390aefc5720e3a0f66380905b516a86b1,False
test226,bicycle__02,root:1/visual-region:02,vehicle_top_tube,vehicle_frame,sam2-amg[facebook/sam2.1-hiera-tiny]/point-grid,0.7340555074815398,0.68,9ad1a410ec0d2bf1d31a4efd08049bc9fa0e018f983c12f9b4ec0ad579db7e0c,f57198d726008c60d2d7adf344cc19f35a9a200b85cdc48dfaf2351472985674,False
test226,bicycle__02,root:1/visual-region:05,vehicle_visual_strip_01,vehicle,sam2-amg[facebook/sam2.1-hiera-tiny]/point-grid,0.6430949742801844,0.62,1c4b9dca0846796929b04558f06d738aed971f8e0d6ffa4fd8bb761e68849fdb,9a8fe3cd5059397d3b373a493de98aebe65290222184abe3b2ade11db1250205,False
test226,bicycle__02,root:1/visual-region:06,vehicle_visual_strip_02,vehicle,sam2-amg[facebook/sam2.1-hiera-tiny]/point-grid,0.671285953200704,0.62,35ddbe2720ab1dabf7c9aed0de37978cefcef5f839f7653c37b832e5e77e7af2,a60e1472809c662fd0e57aaa10a7fb10608d56c3b8673f3708e208c3b5b60cc3,False
test226,bicycle__02,root:1/visual-region:07,vehicle_visual_strip_03,vehicle,sam2-amg[facebook/sam2.1-hiera-tiny]/point-grid,0.686394877085373,0.62,e6ae4fc32ad81327c4229749c10bf2fa61f302d294274f2afcb32ca355e25477,d4759ef4e6940d8f7d682d48675de67d331f544be76a4ac1e358a17cad3352e9,False
test226,bicycle__02,root:1/visual-region:11,vehicle_visual_strip_05,vehicle,sam2-amg[facebook/sam2.1-hiera-tiny]/point-grid,0.7603181020583949,0.62,f86543deb99dc000c8361d1e2e3beca5a1f146ba619bf06040c4fc1c87a279a5,924624289f1e7789890a29a699ec520f91b5736cf1508341b87d2f4629da9658,False
test226,bicycle__02,root:1/visual-region:12,vehicle_gear,vehicle_frame,sam2-amg[facebook/sam2.1-hiera-tiny]/prototype-labelled-region,0.7527370738026276,0.6091429257125854,3c59ac6197cc34c646d69f547287c98c312899c607a8301bb68f97c7cefa9a20,ce00b96cdeb98294b5ff86408c6fe95679795654f51b8da3f3ba6e5f193c0ad4,False
test226,bicycle__02,root:1/visual-region:14,vehicle_seat_tube,vehicle_frame,sam2-amg[facebook/sam2.1-hiera-tiny]/point-grid/semantic-rerank,0.5376713833082601,0.66,ebd25f80edffaa59804cab215568583e7a9ddff9959f1cf8babc65bf51105d57,f619b24cc5a305c27c87b8a5ca5936e1cb7f27cb4df43e7d517d68e88eaa819b,True
test226,bicycle__03,root:1,vehicle,vehicle,grounded-sam2[IDEA-Research/grounding-dino-tiny|facebook/sam2.1-hiera-tiny]/root,0.9102266430854797,0.9901367187500001,52ed3c107422e0164abe6851fa8b15abaa0be33dee90e78263b2cffe6228eefc,cb3a4967cd92cf300f07f836d0cccb8deb8c677df0d0ed73a3cb891cf634f193,False
test226,bicycle__03,root:1/profile-refine:IDEA-Research_grounding-dino-tiny:vehicle_chain:01,vehicle_chain,vehicle_frame,grounded-sam2[IDEA-Research/grounding-dino-tiny|facebook/sam2.1-hiera-tiny]/profile-refine,0.28997451066970825,0.75973046875,f7dde93b9cd0475791bf5761c562cd881886bf35eaba8ca32c249f6d5ef013a3,e826e199d882d4fa9af36840a381d45dcb980641eb43ec66de0c468ac7f3f9c3,True
test226,bicycle__03,root:1/profile-refine:IDEA-Research_grounding-dino-tiny:vehicle_fork:01,vehicle_fork,vehicle_frame,grounded-sam2[IDEA-Research/grounding-dino-tiny|facebook/sam2.1-hiera-tiny]/profile-refine,0.2732833921909332,0.82779296875,d1c91c4f9fb1b239b5f9c19ff93a8fec4b7e7d63b120ec8167181bf0cb28b894,1cc9049dddb0121fbe2c66f38adbea8888789225601fb9d56a7a897cd532a7cb,True
test226,bicycle__03,root:1/profile-refine:IDEA-Research_grounding-dino-tiny:vehicle_handlebar:01,vehicle_handlebar,vehicle_frame,grounded-sam2[IDEA-Research/grounding-dino-tiny|facebook/sam2.1-hiera-tiny]/profile-refine,0.31027624011039734,0.8343671875,c3cb040511401f2816cb277a9f3d9cbfb6bbcee0747f9595d10ac0f1c5c2a1e4,38d08da00aa405ec4ef9b22e2f38b2b392d6918a095d5c1577a446c009235385,True
test226,bicycle__03,root:1/profile-refine:IDEA-Research_grounding-dino-tiny:vehicle_seat_tube:02,vehicle_seat_tube,vehicle_frame,grounded-sam2[IDEA-Research/grounding-dino-tiny|facebook/sam2.1-hiera-tiny]/profile-refine,0.30352529883384705,0.841908203125,08cdb22c7c499276364041898ec3b04fba85bc102a6b6964edccf2ff6e0bffc9,a5a693ce5b0f7aa23b56b1618fb63c4cd2221d2fe0d6fed28b0c92f88cd1532b,True
test226,bicycle__03,root:1/profile-refine:IDEA-Research_grounding-dino-tiny:vehicle_top_tube:02,vehicle_top_tube,vehicle_frame,grounded-sam2[IDEA-Research/grounding-dino-tiny|facebook/sam2.1-hiera-tiny]/profile-refine,0.3665897250175476,0.83784765625,ce49c5ec10855ae7f76e7ce5b9df9a114a5e5c1cc362a536ebe6111e4746a752,e9d390223a4cd3fa8db953f137a0150f42b0d40c851caed73c0e8461546089d8,True
test226,bicycle__03,root:1/visual-region:01,vehicle_handlebar,vehicle_frame,sam2-amg[facebook/sam2.1-hiera-tiny]/point-grid,0.7449002985493256,0.68,8ce3859ba3e71b3307c6a783f43a375cfbcd40d8386b47d37ed0fa58495f51dd,bfde32cd360eba78b4026e9016cb2277359d98bf41d36928a7c731988efd13cf,False
test226,bicycle__03,root:1/visual-region:03,vehicle_seat,vehicle_body,sam2-amg[facebook/sam2.1-hiera-tiny]/prototype-labelled-region,0.7425852661458349,0.6106032501440048,ec14730b7ad7805f69adae9f19b156e90db9ffad79a4285d04ab05a23aef3ca4,30054dcb2271e0e08a7d6b4a52bce74616fd05d05a86055dc752c17efad4ac2a,False
test226,bicycle__03,root:1/visual-region:04,vehicle_stem,vehicle_frame,sam2-amg[facebook/sam2.1-hiera-tiny]/point-grid/semantic-rerank,0.5739380488267203,0.66,1b705a76ef7e0b5e887ee80e8368bd1766c1811423366b90c915e679abde8013,1fe838ab8ee25fcb7c936c63f9d849fffdb3b22a406ee8cfbeae64ffb8d12d89,True
test226,bicycle__03,root:1/visual-region:07,vehicle_visual_panel_02,vehicle,sam2-amg[facebook/sam2.1-hiera-tiny]/point-grid,0.6928213694074522,0.62,7dad2596d16a3310307c83caa56dac850e1441ffcf15c860c5e2c8fb77627ac0,e1d6abf1daeeaa553f4c7dbe41eb52c7c8daed6c0fbe3e4944ca89ae34394921,False
test226,bicycle__03,root:1/visual-region:08,vehicle_gear,vehicle_frame,sam2-amg[facebook/sam2.1-hiera-tiny]/prototype-labelled-region,0.6691484691757789,0.5893009598608017,973bf40dc18bc29a5dccc44f03b519e9bfdabf40d8c8e7774edce5ca368b29ab,b292c9a4e46b1e706585212fe5a6a34bf193b80a0b5abdee4162c8e3efd4e7ad,False
test226,bicycle__03,root:1/visual-region:12,vehicle_seat_tube,vehicle_frame,sam2-amg[facebook/sam2.1-hiera-tiny]/point-grid,0.8445035053141516,0.68,6fcc96f274f606b422d8d22f4a4ffc4bdc790f7ce69894620de31de1cb947653,5774f6cc366bc986a8ce6d54940d9e8173a06e4c5775956d823def7893fd7575,False
test226,bicycle__04,root:1,vehicle,vehicle,grounded-sam2[IDEA-Research/grounding-dino-tiny|facebook/sam2.1-hiera-tiny]/root,0.9155072569847107,0.97333984375,466c7a2962955a580b2c1ac4313420504b79fc4284edcb22d26fa5c100c3b6ba,644c62afe1fe2f08bc917afce2ad084ec0763e3688f1039569ed52e660667abd,False
test226,bicycle__04,root:1/profile-refine:IDEA-Research_grounding-dino-tiny:vehicle_chain:01,vehicle_chain,vehicle_frame,grounded-sam2[IDEA-Research/grounding-dino-tiny|facebook/sam2.1-hiera-tiny]/profile-refine,0.26454830169677734,0.8219921875,0e9042b1dc6c8fb6c294a3eba0999a5cb9635648ca94dce893b6e8c52baa81a5,a200e4088b0df46dc50ca7df8305d19ccc48ce1534d70e7396c7943b25f10682,True
test226,bicycle__04,root:1/profile-refine:IDEA-Research_grounding-dino-tiny:vehicle_handlebar:01,vehicle_handlebar,vehicle_frame,grounded-sam2[IDEA-Research/grounding-dino-tiny|facebook/sam2.1-hiera-tiny]/profile-refine,0.32402142882347107,0.84094140625,23da0e9510092834cdbdf0e3752390d3ca2684f48c8ddbad263b9530b9f0a64f,999c9afd7d95c3161b4759eb4a419f3c9ee5dd0cea947d2ee8c05ee502fbb2da,True
test226,bicycle__04,root:1/visual-region:02,vehicle_handlebar,vehicle_frame,sam2-amg[facebook/sam2.1-hiera-tiny]/point-grid,0.7484200482750436,0.68,ec600bb72f5800477d7cc40d00f68d80d32dccefde135c7f27d8dda48d389f74,7dd22f797bf9d5c8a809f197f7cee12c2a31422f3843ffcc94912fd4e65d9407,False
test226,bicycle__04,root:1/visual-region:04,vehicle_stem,vehicle_frame,sam2-amg[facebook/sam2.1-hiera-tiny]/point-grid/semantic-rerank,0.5169410224835765,0.66,532ff5596c069547db22fd166d60d04dbcffe0b8e7a7d014ffaae124bd8b1d84,d6f7d813cc14783fdf3c2569d8d77f6a17432302bc76979120474f103059dc72,True
test226,bicycle__04,root:1/visual-region:05,vehicle_wheel,vehicle_body,sam2-amg[facebook/sam2.1-hiera-tiny]/point-grid/semantic-rerank,0.5833189122090657,0.66,382aaa0b7677e6c4f7a6f80152707435172be570a0db2a9c2e51afaf766fe22f,8223fb6d2403faf95a3f4e992dd9d7ce8daa552e83c7d63e622310554a3a05be,True
test226,bicycle__04,root:1/visual-region:06,vehicle_seat_tube,vehicle_frame,sam2-amg[facebook/sam2.1-hiera-tiny]/prototype-labelled-region,0.7527203633552173,0.607996300523758,7280fe02895b4ff7accadff275e8b7f868d7143ff78de19e7230eb7fb89c22b3,8f0a612e56f36d30313ca76859a51cc4162d45a27e004775396d65f5ae676c10,False
test226,bicycle__04,root:1/visual-region:07,vehicle_visual_panel_03,vehicle,sam2-amg[facebook/sam2.1-hiera-tiny]/point-grid,0.761288816168789,0.62,14754ebd93b820f9d64948cc951d6e2f9a1996dedfbb18b1b71b2d5654b3628b,8cb76923b32673a54587bbfe19f45aa09a5750327d5e06a93cc36b3d7a0fead0,False
test226,bicycle__04,root:1/visual-region:08,vehicle_visual_strip_03,vehicle,sam2-amg[facebook/sam2.1-hiera-tiny]/point-grid,0.7023030187247077,0.62,6cc2077678b410b801e11328cb1605e8cbe90fa6ca213b2975db10b6b28c7136,c62307f13bf16495abc0c0ed521f81d975ae82a234c9f63917b587319910aee3,False
test226,bicycle__04,root:1/visual-region:11,vehicle_pedal,vehicle_frame,sam2-amg[facebook/sam2.1-hiera-tiny]/point-grid/semantic-rerank,0.49220502076625244,0.66,99a5fb4fa5b2f5ac89b7d9b7d47750811b4a4065e35334fead1425f9455f4441,81e67f47b7677f6bc34d35075cefd4fde6b0f261b3599b9dabc5ce1d742f176a,True
test226,bicycle__04,root:1/visual-region:12,vehicle_pedal,vehicle_frame,sam2-amg[facebook/sam2.1-hiera-tiny]/point-grid/semantic-rerank,0.5648737953202303,0.66,f63f318fc8a36a06660820f816823d495727321967ca40ed0929762d001390af,3caaecb802e33f3dc480e8eab70d6e6c61a7514d7f33d7a1b8b67f4c46849b31,True
test226,bicycle__04,root:1/visual-region:14,vehicle_gear,vehicle_frame,sam2-amg[facebook/sam2.1-hiera-tiny]/prototype-labelled-region,0.6839357023693243,0.6090242517681121,016ff0439df73243ec6999d1efaead01f7dd909dc62988d56092262c067d5010,65ce5bf4658b476e6ee005bcd439cd03fe0dcdf72dd5204802ce6e4c6db7cd37,False
test226,blender__01,root:1,device,device,grounded-sam2[IDEA-Research/grounding-dino-tiny|facebook/sam2.1-hiera-tiny]/root,0.8127187490463257,0.99267578125,115fe1deab130b6055d29764a2a32fafd96ce00bdb866532431edfbf7904bf6a,6fb516bf3f8a897389feecd4a77be349ede2cbbad0e2584b746851a8bdadb257,False
test226,blender__01,root:1/device_guided_device_base:01,device_base,device_body,grounded-sam2[IDEA-Research/grounding-dino-tiny|facebook/sam2.1-hiera-tiny]/retrieved-part,0.44036457630003517,0.845862415495576,7b6e85d71c642184026d8b5422a807cbef8bea374cf7baa141a238e1e29a7206,6c351827ff4a6dfe8f2e6d56e1f778ec09b4d33ba4063cdb854be6e70c117f8f,False
test226,blender__01,root:1/profile-refine:IDEA-Research_grounding-dino-tiny:device_button:04,device_button,device_body,grounded-sam2[IDEA-Research/grounding-dino-tiny|facebook/sam2.1-hiera-tiny]/profile-refine,0.25367605686187744,0.83784765625,6b4e95f8875595b626ca19572c32ca2e66998fcefcf801e00db0bf63636e7d2a,564df25d3ed96c99c03b3608b576b6888d60d208a17ddddeb6a1033334c2b604,True
test226,blender__01,root:1/profile-refine:IDEA-Research_grounding-dino-tiny:device_handle:01,device_handle,device_body,grounded-sam2[IDEA-Research/grounding-dino-tiny|facebook/sam2.1-hiera-tiny]/profile-refine,0.42292165756225586,0.84944921875,067a4b18f5bf0485aae8ae277b6e1076576731053e2d174124cdf5784f84f7fc,dfa0fe89c7ed675132c7501394ca66e8a5eeebeb1c1d5006249b3ed26408ad90,True
test226,blender__01,root:1/profile-refine:IDEA-Research_grounding-dino-tiny:device_lid:01,device_lid,device_jar,grounded-sam2[IDEA-Research/grounding-dino-tiny|facebook/sam2.1-hiera-tiny]/profile-refine,0.4380037784576416,0.8498359375000001,6c03d6e9c1406043e631170968f4506499be01c8884b64fe9c9acde03a7fc5bb,35f45bcfdaaf8f5bf123bf7c8b31f6d124ccb7c6b19b03e563790a9cefd20b0a,True
test226,blender__01,root:1/visual-region:02,device_jar,device_body,sam2-amg[facebook/sam2.1-hiera-tiny]/prototype-labelled-region,0.7606614982050074,0.5996790160684585,37ed2086705a0021696779ada498d7813c423ddd42f160b68977fdcb99d272fc,17e9f89a4e4a203cc0465d1407c0719c160e2566a174d164f2333d238fd7aab2,False
test226,blender__01,root:1/visual-region:04,device_base,device_body,sam2-amg[facebook/sam2.1-hiera-tiny]/point-grid,0.8037458738390758,0.68,024a63335792f6bac6cd11e15313aa83d5525512898538b6773f2a3f185ed854,38d9583b51d305cca17f5b8b24c32838aa8f3fe5a70b921a5271a68cbf0756a0,False
test226,blender__01,root:1/visual-region:07,device_blade,device_body,sam2-amg[facebook/sam2.1-hiera-tiny]/point-grid/semantic-rerank,0.5585117118223942,0.66,62c4311b46c6bcc9f25768dbce7afd479244e80f9d2a1fdd8c3cfad271bd20f8,28a2af7004e826ba68d4759c2d011f2e56a2b943395c3eab1d5676304e75a120,True
test226,blender__02,root:1,device,device,grounded-sam2[IDEA-Research/grounding-dino-tiny|facebook/sam2.1-hiera-tiny]/root,0.4853709638118744,0.980078125,f816102f0e7dd5858f9d7c8eee1438ec59610929d409042b3624186b39d4b412,c0fdea1d3cd3a20411c461219bec5781bd6d25e6145ecc6fe2b628eb49d5f817,False
test226,blender__02,root:1/profile-refine:IDEA-Research_grounding-dino-tiny:device_handle:01,device_handle,device_body,grounded-sam2[IDEA-Research/grounding-dino-tiny|facebook/sam2.1-hiera-tiny]/profile-refine,0.4509637653827667,0.8498359375000001,4f0ccb789a6d5d1e339f0485395ecedabdc476205462823bf8daf851fe0a1d9f,736afb0052293a01e1f460baa17b9894911edde11dbc850dac3119fffd60d8f5,True
test226,blender__02,root:1/profile-refine:IDEA-Research_grounding-dino-tiny:device_handle:02,device_handle,device_body,grounded-sam2[IDEA-Research/grounding-dino-tiny|facebook/sam2.1-hiera-tiny]/profile-refine,0.24908174574375153,0.7960820312500001,0f7526d47f9a09aa8c3c78c1ea98d915601ad58f0c0da16aa37c4d8f99705512,2e35ed66472cd5893c6e31f28e86b82e6910a7f1fd700d5e11cb1156f139943c,True
test226,blender__02,root:1/profile-refine:IDEA-Research_grounding-dino-tiny:device_jar:01,device_jar,device_body,grounded-sam2[IDEA-Research/grounding-dino-tiny|facebook/sam2.1-hiera-tiny]/profile-refine,0.5495499968528748,0.850416015625,a1f20675b29eaba500febd4b83bf0c40fdb89d4578204db906e4db34a220cea6,014485a65aae088982b13556fa0f97767eba4d19d56ad20ec3bd05d58ce2db34,True
test226,blender__02,root:1/profile-refine:IDEA-Research_grounding-dino-tiny:device_lid:01,device_lid,device_jar,grounded-sam2[IDEA-Research/grounding-dino-tiny|facebook/sam2.1-hiera-tiny]/profile-refine,0.3845653831958771,0.8498359375000001,a1f20675b29eaba500febd4b83bf0c40fdb89d4578204db906e4db34a220cea6,bbc23a15f7f9ac5f633aacab5088e0a81e447fdc9ffc91db94bde10d87496aa8,True
test226,blender__02,root:1/profile-refine:IDEA-Research_grounding-dino-tiny:device_lid:02,device_lid,device_jar,grounded-sam2[IDEA-Research/grounding-dino-tiny|facebook/sam2.1-hiera-tiny]/profile-refine,0.26817408204078674,0.8668515625000001,bce274ec4b2b9699608d4648ecc94396c8f0315e01136a207a7146e4d83ed2e9,f234c9fe8b640501d7ed1b4e887c6e1d68ec6b4e5b890938d348f69b380b9f17,True
test226,blender__02,root:1/visual-region:01,device_jar,device_body,sam2-amg[facebook/sam2.1-hiera-tiny]/point-grid,0.8260726217387022,0.68,4b22c1934d57b61608e432fee4483f996d8132ddf64dee46a65496f8a5888f9d,d1ff80ffd1f9280cb3241018a536e0b4a51352aad5eeeb7c787533a4e1661feb,False
test226,blender__02,root:1/visual-region:04,device_visual_panel_02,device,sam2-amg[facebook/sam2.1-hiera-tiny]/point-grid,0.7184937967648068,0.62,69a699f3d3a35cc7e8a5801d6552b7c7299d0d407b00dac25247b87d4da91ce6,4efe0b2a23e0ece287010543ef358ef1a30b9e4c6c3f24af20b9a82cac367a1f,False
test226,blender__02,root:1/visual-region:05,device_button,device_body,sam2-amg[facebook/sam2.1-hiera-tiny]/prototype-labelled-region,0.8329828517730244,0.6051750120391846,6be63f21db5e83df97472371f8a8fcb6a137d98b337dae17f36432d56e513965,e14fa89aec1f196ee122d52d97f7991455db67165251cc2c10d44c000c31446d,False
test226,blender__03,root:5,device,device,grounded-sam2[IDEA-Research/grounding-dino-tiny|facebook/sam2.1-hiera-tiny]/root,0.31310462951660156,0.96552734375,399274eaf149cf5009cdddd88a7abdc0bf540f98c6887402070cde082dd5ce2f,2bd78dd39a3652893e897b8d9ad3ff2f90ed18166b3ffa8922d159b2e41ef8f3,False
test226,blender__03,root:5/device_guided_device_base:01,device_base,device_body,grounded-sam2[IDEA-Research/grounding-dino-tiny|facebook/sam2.1-hiera-tiny]/retrieved-part,0.3935192199886972,0.8343692901902088,55f048ad31f4523fff64d3a6ae26f2eadc30ce551c2c5d21431f4fac67a59d16,253b750be5325cd7a8af1d5fbe7e85a33b5444eb97f3fb07fa3c1f17c08ea03d,False
test226,blender__03,root:5/profile-refine:IDEA-Research_grounding-dino-tiny:device_blade:02,device_blade,device_body,grounded-sam2[IDEA-Research/grounding-dino-tiny|facebook/sam2.1-hiera-tiny]/profile-refine,0.2628418207168579,0.84094140625,c823b17e747c624d30977864f5bc61fb4a2cb07824be993aa5c8aee6e973319b,f62a688a4d9ab2327d680d0a0282ccce3044e0409d21cae031934491a1454932,True
test226,blender__03,root:5/profile-refine:IDEA-Research_grounding-dino-tiny:device_button:03,device_button,device_body,grounded-sam2[IDEA-Research/grounding-dino-tiny|facebook/sam2.1-hiera-tiny]/profile-refine,0.24780535697937012,0.786220703125,438bae9fef90e7b415848cb33f8f8f0bc04c6d23dc1dc896acececa12f6388cb,9a3444cc5a7844980e2d6d4f9fc2e3ee1fba10e765fd8bee712e7c3f4b9a27b7,True
test226,blender__03,root:5/profile-refine:IDEA-Research_grounding-dino-tiny:device_jar:01,device_jar,device_body,grounded-sam2[IDEA-Research/grounding-dino-tiny|facebook/sam2.1-hiera-tiny]/profile-refine,0.3621792793273926,0.83359375,562196f2d14f78fd5130387b04f58853798c608562d4587d0bef38c65bdcb95c,d1efca70fff81ec134d91b36accaf820d8725a7af61525b9901320716536d86f,True
test226,blender__03,root:5/profile-refine:IDEA-Research_grounding-dino-tiny:device_lid:02,device_lid,device_jar,grounded-sam2[IDEA-Research/grounding-dino-tiny|facebook/sam2.1-hiera-tiny]/profile-refine,0.36840569972991943,0.850416015625,ffa47e47dbe4dd48f72cac73237bd01357e9a81334a293e73dc24f0468c67690,f2644d2b6d924c1affc08793c3a0e9efc1873d15fa43ed6a87e3b67634d8d957,True
test226,blender__03,root:5/visual-region:01,device_jar,device_body,sam2-amg[facebook/sam2.1-hiera-tiny]/point-grid,0.8562777025060578,0.68,305386c09e409c9031965b2c8c56049a47036d0baa905592559b514b4585c09b,9000db88bf3e97c385507e7d680ae84b374ddf36e08fd3c099122136d105ccbb,False
test226,blender__03,root:5/visual-region:02,device_visual_panel_01,device,sam2-amg[facebook/sam2.1-hiera-tiny]/point-grid,0.6847279647832809,0.62,06452ab73798817c1622653ae104217e62bb43794de838cae9c2b2719a4404ac,0d1e36ae3e2644b00ea8540287981869699acc8fe3ee0f6ba8fb96f1bedd73e9,False
test226,blender__03,root:5/visual-region:04,device_handle,device_body,sam2-amg[facebook/sam2.1-hiera-tiny]/point-grid/semantic-rerank,0.4669556229820074,0.66,82930e9a21a5a9e0647e972ee0823e355cc79aaec04496cd38ea3fdf2c48e1ce,10d40c263fc3d30edd7fe7cda5efce2969d8252146cf0aeec8d043a3cc9952d7,True
test226,blender__03,root:5/visual-region:05,device_base,device_body,sam2-amg[facebook/sam2.1-hiera-tiny]/point-grid,0.826028335906694,0.68,853ea55207c099a051e41678d485a227cfa4f28ec75f6dc07cafb99665bfc486,0d082c0c499ea82065d30e698917682e2106ad9c5ef095ecaff8e0e25fc021fe,False
test226,blender__03,root:5/visual-region:07,device_button,device_body,sam2-amg[facebook/sam2.1-hiera-tiny]/point-grid/semantic-rerank,0.470915072539363,0.66,afc1465d700b53c96e8ca99c4e9473554824ee86824c7a407202056de2f62857,eea74909c0dae79c7a4dec69bc4298f3b4d0caf8926380dac0e49a7ae598be89,True
test226,blender__03,root:5/visual-region:08,device_button,device_body,sam2-amg[facebook/sam2.1-hiera-tiny]/point-grid,0.7420323671579513,0.68,b258b9b39083470e1ea7c18fb2d1f67a80a0b1a49788b03bed458da833084d37,9051ca3c1a13d5390c0fa4f389343706f6d0489daa0626b68ee4576efe73be04,False
test226,blender__03,root:5/visual-region:09,device_handle,device_body,sam2-amg[facebook/sam2.1-hiera-tiny]/point-grid/semantic-rerank,0.582261866126284,0.66,c32b789eead1933fb3e0026f38253b4475171750c9921a4c9111e0429fa4c5fb,6d458a82840cc79da6f0755baa13f2665a26aaa9aafbfbe83c45e698e5c411c3,True
test226,blender__04,root:1,device,device,grounded-sam2[IDEA-Research/grounding-dino-tiny|facebook/sam2.1-hiera-tiny]/root,0.8814108967781067,0.990234375,2cb92eeee21187719ca283a5b1a0273583ab246dd67dd5eded3026fbf7d94f15,d0239e5a71fc8911c49df39c73c81b6b0a8c0d65774c384efc82d2965d33f10e,False
test226,blender__04,root:1/profile-refine:IDEA-Research_grounding-dino-tiny:device_base:01,device_base,device_body,grounded-sam2[IDEA-Research/grounding-dino-tiny|facebook/sam2.1-hiera-tiny]/profile-refine,0.4217899739742279,0.8544765625,927b930e29c73d11cdda3d71f3e86492e1e6411eb2d6392ea6c477a0fff9414d,4d8e53f204c84082cb23079000b7ec59b97dce2182bfe6d129d1e24786988859,True
test226,blender__04,root:1/profile-refine:IDEA-Research_grounding-dino-tiny:device_jar:01,device_jar,device_body,grounded-sam2[IDEA-Research/grounding-dino-tiny|facebook/sam2.1-hiera-tiny]/profile-refine,0.32809871435165405,0.873619140625,922151ebeb9633305da56f92fe1674d328078c64a7178933b6c5d26586709dd9,a87233e08c8771018e9eb13a6dcf054a1b23db466d1911204f0780c360d21a3c,True
test226,blender__04,root:1/profile-refine:IDEA-Research_grounding-dino-tiny:device_lid:01,device_lid,device_jar,grounded-sam2[IDEA-Research/grounding-dino-tiny|facebook/sam2.1-hiera-tiny]/profile-refine,0.4393864572048187,0.862017578125,1a431be63f5eea99c6ab431a2d2a51f86997192e686cad8544006125f52bb14f,693860648c45836503b16daba16e4044cf1741075035f13674a7e84bc9406665,True
test226,blender__04,root:1/profile-refine:IDEA-Research_grounding-dino-tiny:device_lid:02,device_lid,device_jar,grounded-sam2[IDEA-Research/grounding-dino-tiny|facebook/sam2.1-hiera-tiny]/profile-refine,0.338733047246933,0.8544765625,95ce00c68ac7c8f47882c1a9ebc26afa77e82007da31c3ce0437e2be9bb82706,2a84d6c465f2a69fc9c8993bf35c7a5398df4e3220efb23f5329f9a62b6b874b,True
test226,blender__04,root:1/visual-region:01,device_jar,device_body,sam2-amg[facebook/sam2.1-hiera-tiny]/point-grid,0.7866520398219341,0.68,08da06107192bfc7ae030df0fc41bc5340baf4902d7df9e2f1a574eb4210d0aa,141d49a705888a5c550f0c2f5cd9ba0c89253bdd50280e1e9516be3f8c1eedff,False
test226,blender__04,root:1/visual-region:03,device_lid,device_jar,sam2-amg[facebook/sam2.1-hiera-tiny]/point-grid,0.8736235884275777,0.68,9629a17fc3825dd993bde9aa642a1af5712b37a7fc0c3278f1bcc14aefa2b27e,d14640e420fb731144ef90fb2abacdc5f62f34cdeb49b41d355d6dbeb80b390c,False
test226,blender__04,root:1/visual-region:05,device_jar,device_body,sam2-amg[facebook/sam2.1-hiera-tiny]/point-grid,0.7175791726750045,0.68,1cc478df9c7b83ee66a65c1410b58ced0a00815fe54ab7ea7392f1e3cdcef6f6,7a3f05dbbb71ccb3a5032cd4b95e147212b1894134a27bec010c4a7aa68225db,False
test226,blender__04,root:1/visual-region:10,device_button,device_body,sam2-amg[facebook/sam2.1-hiera-tiny]/prototype-labelled-region,0.8614086227201034,0.6036961507148743,03a3868f0552338bff31ce69829ad2e778c6c1c2a7e1e7311e58deb7ad838ddf,d5e972ec360862db7c0d26930d4e61bebf03f0193a58e8b02792dc449a6fb36c,False
test226,blender__04,root:1/visual-region:11,device_base,device_body,sam2-amg[facebook/sam2.1-hiera-tiny]/point-grid,0.8334757701874136,0.68,1f6a6ba249997a76556ef9f8df0da00232048db08291e84155381e81f471fe95,54b7fe8d7451796cd823ef825f258fb18d288305de3862f9ccb023edc996ad9b,False
test226,book__01,root:1,daily_object,daily_object,grounded-sam2[IDEA-Research/grounding-dino-tiny|facebook/sam2.1-hiera-tiny]/root,0.749454140663147,0.987890625,444401dff1a40c9d6cc26d6e48d8d5accbf37f708ab96146f8292b57208a5f6e,83b5461309982a87c1d4a88e86954a87dffed26b66e553c60e3de53ace3c5887,False
test226,book__01,root:1/visual-region:02,daily_object_page,daily_object_body,sam2-amg[facebook/sam2.1-hiera-tiny]/point-grid/semantic-rerank,0.7024995474973309,0.66,c1c70aca128e8db4f75fe2dc0192d88435f8dcd931d96b4a44e6426354dbf45c,4c5ebbede0c0aae61c2d8bb580f7e01ca2b45b62664983ba52606524abe10978,True
test226,book__01,root:1/visual-region:03,daily_object_page,daily_object_body,sam2-amg[facebook/sam2.1-hiera-tiny]/point-grid/semantic-rerank,0.7506078259876756,0.66,85db9687ddb94f735b1ab4aea7321d12620f569bf810e60ee19c14b95193faa6,18da1d5ed375cb376e82e83de5e0a08fee3c29015c39aad237970906850e9733,True
test226,book__01,root:1/visual-region:08,daily_object_page,daily_object_body,sam2-amg[facebook/sam2.1-hiera-tiny]/point-grid/semantic-rerank,0.6081533299151233,0.66,d16aeb1942c6f6ff3c3d3e8da5f99bd9c9809f6392727689c5db1ba6e04798c0,319e03343f63e9907b79cb04dccc92206c715f9bec14f4156cf04670cc7864df,True
test226,book__02,root:1,daily_object,daily_object,grounded-sam2[IDEA-Research/grounding-dino-tiny|facebook/sam2.1-hiera-tiny]/root,0.7704647779464722,0.98837890625,52107b4490f2f6ca2e7f7d86ebcff281858afe78bb1829da316e4dd7cfdd3bbb,3f6ee51058f81b8c8da8a7683c2b3bc70f701cf48bd3f29019e6d91f72a8d474,False
test226,book__02,root:1/profile-refine:IDEA-Research_grounding-dino-tiny:daily_object_page:01,daily_object_page,daily_object_body,grounded-sam2[IDEA-Research/grounding-dino-tiny|facebook/sam2.1-hiera-tiny]/profile-refine,0.29178744554519653,0.8159980468750001,02d636c19fb2175d56550e967973eb22605d9d11c9566f5e7da4dbd231c71873,4a3c94c84ea695a491ed8a87b11dc5107fd861cad8cc8979d0b315243d480e85,True
test226,book__03,root:2,daily_object,daily_object,grounded-sam2[IDEA-Research/grounding-dino-tiny|facebook/sam2.1-hiera-tiny]/root,0.7016108632087708,0.9947265625,13d5e7c896196540b26b0616f88fa64c407b5ecfd91f8f60e7b826d3d38903fa,2a0ce5905892b7c01e9ab194df2ac3bc90cf04fb0700592ae9c9ee06931e7e10,False
test226,book__03,root:2/profile-refine:IDEA-Research_grounding-dino-tiny:daily_object_cover:01,daily_object_cover,daily_object_body,grounded-sam2[IDEA-Research/grounding-dino-tiny|facebook/sam2.1-hiera-tiny]/profile-refine,0.36681652069091797,0.8672382812500001,e3c4c8ef5a87b91dcedd7d7d8b8037199b6dbb073b3ba8fc3c1c7cba9979a8af,dccf4e95c49ef8fce4f6df047314cbe25cacf39bdd0243af0c1190b077b042f5,True
test226,book__03,root:2/profile-refine:IDEA-Research_grounding-dino-tiny:daily_object_page:01,daily_object_page,daily_object_body,grounded-sam2[IDEA-Research/grounding-dino-tiny|facebook/sam2.1-hiera-tiny]/profile-refine,0.2733803689479828,0.8457753906250001,a31b39ec34873a1b01f32969601caab210c245f898414b081ba9db359eb332b7,d0c67642060b4f3c6534f70d10566fccdaa459d06a99f55c2ec9fe421ccdedf6,True
test226,book__03,root:2/visual-region:03,daily_object_cover,daily_object_body,sam2-amg[facebook/sam2.1-hiera-tiny]/point-grid,0.8050854567324722,0.68,e98f7b27159c28cacc5ba0305e30a8d4246bd83525189d43eef5ab2619c8316f,c5d28e65a0ce6f0183c98ec2c45044f9442f17396f5b35f336c84fd52a95ac80,False
test226,book__03,root:2/visual-region:05,daily_object_cover,daily_object_body,sam2-amg[facebook/sam2.1-hiera-tiny]/point-grid/semantic-rerank,0.6237701207854337,0.66,b2f2f7497709222d253f60c4d6f2ceadf569b69d3fdb1bc4a9079e73db783406,c7e686784b0292f3b8fa828e94f08ee7fdb8f85c76713cb0979672705743f7d4,True
test226,book__03,root:2/visual-region:06,daily_object_page,daily_object_body,sam2-amg[facebook/sam2.1-hiera-tiny]/point-grid/semantic-rerank,0.6366312811029177,0.66,773ce08a92d0311b8d09c5e9921d99f474e24a264105ff91a42578948132be85,d02698e39c5e3e8d9910e2c05b76e301522787587679a79db077bafeede7544c,True
test226,book__03,root:2/visual-region:07,daily_object_visual_detail_02,daily_object_visual_strip_02,sam2-amg[facebook/sam2.1-hiera-tiny]/point-grid,0.7757096025363783,0.62,1714ee9fd2188fc9df9ed9fbd125e40ec2feee39529c5b60e2ddf92ce05781a7,a6b06394d27a8bcbb7a189caba85d8efb44f7012ee62ad3b463b34e9f224088e,False
test226,book__04,root:1,daily_object,daily_object,grounded-sam2[IDEA-Research/grounding-dino-tiny|facebook/sam2.1-hiera-tiny]/root,0.9133679866790771,0.9947265625,7c0089e224ec364408925c968a2080f96b94b85a63cba4c90e893ffd5bdd90ac,0defe3d8b2cc0a561d3571e3f8aa0010f68f94119f60c563aa31f3de4e56f859,False
test226,book__04,root:1/daily_object_guided_daily_object_text:01,daily_object_text,daily_object_body,grounded-sam2[IDEA-Research/grounding-dino-tiny|facebook/sam2.1-hiera-tiny]/retrieved-part,0.4035130870740154,0.7393079630873167,dd33077f7239e621934db45a952d2218e66dc6c6652c673b6bc28bc92039255f,3ff22d5a4fdb4c6a18ca7790f68041344e41c78778df00b5eaac8670766ae6d5,False
test226,book__04,root:1/visual-region:03,daily_object_text,daily_object_body,sam2-amg[facebook/sam2.1-hiera-tiny]/point-grid,0.6729121795816237,0.68,eee6133ebf148daa36bb013d1a726cfa07c6ba81f74a0509fc1101057b5afaef,d2b757841bccb895dd4576eb8d82abc95b2c6190c46d26ef638d446d3bb7623d,False
test226,book__04,root:1/visual-region:06,daily_object_spine,daily_object_body,sam2-amg[facebook/sam2.1-hiera-tiny]/point-grid/semantic-rerank,0.6574403231165215,0.66,5c7944d974d477febf90eaf6a140be7a07caec4e3560e03ae880b79f6d7d4ae2,0ffb9945a94f1e3c3bcce3db3be08b5f22a585d01c352434b5d5095927067548,True
test226,book__04,root:1/visual-region:08,daily_object_page,daily_object_body,sam2-amg[facebook/sam2.1-hiera-tiny]/prototype-labelled-region,0.7482058010898531,0.6018056703300476,9a8c137944771a6d65eaa33d6f629dea9b76c99ebeb02fcfa3d67a400593e221,5074a7ea796e42aeb18cd41f63b3a33f45dcd285a0310866ac67f570eda68c1b,False
test226,bottle__01,root:1,container,container,grounded-sam2[IDEA-Research/grounding-dino-tiny|facebook/sam2.1-hiera-tiny]/root,0.8193157911300659,0.99462890625,7a573512e54fa07320c0fc04b9913259226e7fa30004026ccc69be40f023a49a,e41ec93d63c143934eb265196b81155ae93169c95fefb5fc24c3a3d338a0703e,False
test226,bottle__01,root:1/profile-refine:IDEA-Research_grounding-dino-tiny:container_inner:01,container_inner,container_body,grounded-sam2[IDEA-Research/grounding-dino-tiny|facebook/sam2.1-hiera-tiny]/profile-refine,0.2958398759365082,0.870138671875,325ee6a728ed580260fa9c5a1db1501ee86bca3be7202ec2f38bcdddaf68ad18,8ec0dd99fcc5108b40a707a466e8e11ed6839f8901e3eb5002515575acc864b0,True
test226,bottle__01,root:1/profile-refine:IDEA-Research_grounding-dino-tiny:container_label:02,container_label,container_body,grounded-sam2[IDEA-Research/grounding-dino-tiny|facebook/sam2.1-hiera-tiny]/profile-refine,0.28587010502815247,0.868205078125,e0dfd5f1574f7c8cd222d119ecd28fa461ac017a372f211462f5b0dff3214712,0b49d6e5fa9194ebd1ca889241f1cc9248760a5c5e9953d2d4b589e7731d8e0b,True
test226,bottle__01,root:1/visual-region:03,container_visual_panel_02,container,sam2-amg[facebook/sam2.1-hiera-tiny]/point-grid,0.7423833706109092,0.62,d37defced4ab57926189e8c50e18b9fd8c04b0abc9817c31e76dd7e4c76a9030,ab5bbb4b2d733009c3abb0867e8f9cec525f89f164613d24e8cdd7a809200314,False
test226,bottle__01,root:1/visual-region:05,container_visual_panel_03,container_visual_panel_04,sam2-amg[facebook/sam2.1-hiera-tiny]/point-grid,0.723871772972536,0.62,58a47a18a334a4ee02e0628ae3d7d0deb78dffaac20827e1a94abae345789321,330536949174a6551c25453f08ccbcc52409f26394c86c6f4e97802f7c7aa89f,False
test226,bottle__01,root:1/visual-region:07,container_body,container,sam2-amg[facebook/sam2.1-hiera-tiny]/prototype-labelled-region,0.737314219321064,0.5687369725837708,aa0189145056e1fd14b495c85b93ebb6687c2234f74cc7c7a379fb74565a845f,3cb95302d7de2dc6d0a821e00567cc8da9d2b087709ef540dcbe69e00bd91b34,False
test226,bottle__01,root:1/visual-region:10,container_label,container_body,sam2-amg[facebook/sam2.1-hiera-tiny]/prototype-labelled-region,0.663987399940386,0.6123943550434112,d73b1e34d61931eb400300b49520975efc1a88d846f00aa5df2bd2a3836769c3,89e03382cdd2a69b0bcea8d68f9d7dbf1a418f6510dedf3e0184f31cc88da894,False
test226,bottle__02,root:1,container,container,grounded-sam2[IDEA-Research/grounding-dino-tiny|facebook/sam2.1-hiera-tiny]/root,0.8335957527160645,0.9958984375000001,b766a3f2429da93a8bb40897f5b132d9a600bdfdb3815a6871ea32cdd13e68df,4a1c10c9b42d787704048cf55ad140877ea98a29d0007ebf1a8ce815ced88c27,False
test226,bottle__02,root:1/profile-refine:IDEA-Research_grounding-dino-tiny:container_bottom:01,container_bottom,container_body,grounded-sam2[IDEA-Research/grounding-dino-tiny|facebook/sam2.1-hiera-tiny]/profile-refine,0.2583259642124176,0.865111328125,d4cc6fc3e9838043d2a6c7feceb83477ed01c3876b6ad59363931547fda790a9,0c42f41ec0d0c977db9403e5c3fda91c61bc8a2a3d0939c4892841f82581cd2e,True
test226,bottle__02,root:1/profile-refine:IDEA-Research_grounding-dino-tiny:container_label:01,container_label,container_body,grounded-sam2[IDEA-Research/grounding-dino-tiny|facebook/sam2.1-hiera-tiny]/profile-refine,0.36263054609298706,0.8672382812500001,e95959cb817afdb66792dc68cddaa3a6eee1576fe62c279048f4e89f9a3f5207,820b3ec0aa89acab85cc7e15ffdafd0d73b5f846971c828410410f65348a7356,True
test226,bottle__02,root:1/profile-refine:IDEA-Research_grounding-dino-tiny:container_spout:02,container_spout,container_body,grounded-sam2[IDEA-Research/grounding-dino-tiny|facebook/sam2.1-hiera-tiny]/profile-refine,0.25701841711997986,0.792021484375,cbd25cbb224ea2595bd4df578f5ac9fdbe5d578276134cfe0646971bc36cae73,a8c6bf0a8fc16ca3553b95a701e6f9bf06c4be5a91bb4997e13451ed75149284,True
test226,bottle__02,root:1/visual-region:02,container_label,container_body,sam2-amg[facebook/sam2.1-hiera-tiny]/point-grid,0.692983921723006,0.68,8a6666d88e52338a090fe0e53170c033074a6043510279fedac061320a2d761e,ec06b32d517e0a3d941b6702eb1cafda188bbb11366032591414ca4926ac5601,False
test226,bottle__02,root:1/visual-region:03,container_inner,container_body,sam2-amg[facebook/sam2.1-hiera-tiny]/prototype-labelled-region,0.7076256484678304,0.6055989560546875,17d8aef5986814b41ba90c6f85463c970ffd5312d40006c31e24a763c1ee42b6,d097d2e6035ab1dacdcb8468cbbe81502746590ec402ee76244d442570d59de0,False
test226,bottle__02,root:1/visual-region:04,container_label,container_body,sam2-amg[facebook/sam2.1-hiera-tiny]/point-grid,0.7147347879216406,0.68,03212ff458081ab53005e0fcdadb50f3c5a9ea43dcc829dc22ea8f5e48426fc8,246923b679f2ed5ab59d00e8b1710b7cfa37cc39e6eba2c9381927df0e8a4be1,False
test226,bottle__02,root:1/visual-region:05,container_label,container_body,sam2-amg[facebook/sam2.1-hiera-tiny]/prototype-labelled-region,0.6765105268677192,0.6051564294109344,a64f62abde166e37af06dc51c0d531f51f087f5f1c0b9503d82f96c9f1a13124,ffc8a85894bfb827ec581ee6b4f40dd7fdef8c0c3d4d7262e0c4a87ce5cd46c4,False
test226,bottle__03,root:1,container,container,grounded-sam2[IDEA-Research/grounding-dino-tiny|facebook/sam2.1-hiera-tiny]/root,0.7193835973739624,0.9924804687500001,d09431db0bfbf4db3d54ed78dd9ee4cae1cf6b2930118e089866e977b25886c1,f984e34d16feb564271c754653914c0a4d5d3adba2c6cfa5a05e311d98c09758,False
test226,bottle__03,root:1/profile-refine:IDEA-Research_grounding-dino-tiny:container_label:01,container_label,container_body,grounded-sam2[IDEA-Research/grounding-dino-tiny|facebook/sam2.1-hiera-tiny]/profile-refine,0.5678167343139648,0.8624042968750001,c94f9447c9c7034d533daf9a852612baa759cc44a3a7dc3a420ceb09beca27d9,077523d3e64b5c9c580ce173850d3fc7143cd0beae5c731294f30cdcbab2fcb5,True
test226,bottle__03,root:1/visual-region:02,container_lid,container_body,sam2-amg[facebook/sam2.1-hiera-tiny]/prototype-labelled-region,0.7897596922273165,0.6092673033323288,e94a57d43c967d78b29aeb5b5a7bbbd078fcaf94e993c8fafc23d81af11a5ef4,4e8ab66ae11b9be453dc8b8461494b2c74e0f8a1d6d704ec2062017f01322a59,False
test226,bottle__03,root:1/visual-region:04,container_shoulder,container_body,sam2-amg[facebook/sam2.1-hiera-tiny]/point-grid/semantic-rerank,0.5265332322892851,0.66,18fcd65e6cc70840ca7309fb45bb68025e0bf67c0042bc18ab96b13340ae8258,90e665eed4b9b761f15c93e4e1b91fc1bc0a3f555f90ff4644d54536e444ba64,True
test226,bottle__03,root:1/visual-region:05,container_label,container_body,sam2-amg[facebook/sam2.1-hiera-tiny]/point-grid/semantic-rerank,0.5718916361255071,0.66,df0970cc8b1d066cc9f37cf4a5c882115c3fe86a491f0426ad6c5c5171fe2199,3c90bbd5362816f510d74dae0b534076839b45102c5c113e73c7c2295c6d07a0,True
test226,bottle__03,root:1/visual-region:06,container_label,container_body,sam2-amg[facebook/sam2.1-hiera-tiny]/point-grid/semantic-rerank,0.5696197210830095,0.66,20c324761c3d01ae145b6159b25fb10df60320c65218f5f6fff5ebdefe434a9a,1c952ca3e63598751c69c791f11103984cd07673244e86454c2cde5e1135bd8d,True
test226,bottle__03,root:1/visual-region:07,container_visual_panel_05,container,sam2-amg[facebook/sam2.1-hiera-tiny]/point-grid,0.7431943223598596,0.62,04a1e3af7db8587712797123be1c2f8c7ab5dd312bece9c7a134aae306c9c97e,9877d09f922c650e553e068f30c28bf744521abec87686c26e19c59a11350775,False
test226,bottle__03,root:1/visual-region:11,container_spout,container_body,sam2-amg[facebook/sam2.1-hiera-tiny]/point-grid/semantic-rerank,0.6258197365543732,0.66,9f12cfd2226c311a7c3f72d3e7d1bc54b35bfe573c8cc49ee208281e0970c6a7,cb1f99b8a3db025cd7bca5fde2bc8a5502c6054f946a607e5d4ae5763bba431f,True
test226,bottle__03,root:1/visual-region:14,container_rim,container_opening,sam2-amg[facebook/sam2.1-hiera-tiny]/point-grid/semantic-rerank,0.560138102283885,0.66,acac5e7e45bc58d1ba661bfae9750caf61765f729858efe071946411b310e4b2,0622466dcc557d4362aa50931878a16657626790fa42079a9a75759a9fce21fa,True
test226,bottle__03,root:1/visual-region:15,container_ring,container_neck,sam2-amg[facebook/sam2.1-hiera-tiny]/point-grid/semantic-rerank,0.5668103767402422,0.66,b21f85d483af082f410c3725fb77e6fb8a26bd2c2e912848d79983101abe9074,931fc9ee1a46ba13e36a187b68717ccc2eca7638e372c4d743bbb4f303477f6d,True
test226,bottle__03,root:1/visual-region:17,container_label,container_body,sam2-amg[facebook/sam2.1-hiera-tiny]/prototype-labelled-region,0.9262731513554334,0.6137796623106003,c9a08f0e684793d825ecd2908a1852790cf090a0f6a6605606d76155ddab4b63,2b71a261f9de5cb4fc25d7e967f1e3297290346ff55312d166b5c5a97aceccff,False
test226,bottle__03,root:1/visual-region:18,container_label,container_body,sam2-amg[facebook/sam2.1-hiera-tiny]/point-grid,0.6998132171112647,0.68,1d05e0f40593ef5b5cb7ec8f448ebf5f64ee9a2f39443f92ef94ac05e282accb,1ccce2c573f09385788663480423b8ca8fa647b4f93537e36a8441a23fe3df26,False
test226,bottle__04,root:1,container,container,grounded-sam2[IDEA-Research/grounding-dino-tiny|facebook/sam2.1-hiera-tiny]/root,0.6621413826942444,0.9919921875000001,225a24b08ac422cde693377c7912f34be7d3028fee86757c5f2ecb1651c97a4a,4f22746cf9ab8458d5c89a29a089eef8425399cffc9ba11192de411b30e76ca8,False
test226,bottle__04,root:1/profile-refine:IDEA-Research_grounding-dino-tiny:container_base:01,container_base,container_body,grounded-sam2[IDEA-Research/grounding-dino-tiny|facebook/sam2.1-hiera-tiny]/profile-refine,0.296043336391449,0.7423281250000001,3a5e52383afc85143b15e9b5e29c21e538ea55abfb96e42dfa00c081d7afa9d1,db4e4b5cf4fbc5f15882b52b46ac80dc88f34b576dc4b067bd1f97445106e323,True
test226,bottle__04,root:1/profile-refine:IDEA-Research_grounding-dino-tiny:container_bottom:01,container_bottom,container_body,grounded-sam2[IDEA-Research/grounding-dino-tiny|facebook/sam2.1-hiera-tiny]/profile-refine,0.26416850090026855,0.780806640625,99fdfbb6f3890a840053b8292d5e75d9a639697e4a94ba5223b47dd024f1ddf9,94f84b7ef002971a259ba69a5f3c38b2a2d3cde8d562a4bcfcc3fbc94b154a35,True
test226,bottle__04,root:1/profile-refine:IDEA-Research_grounding-dino-tiny:container_inner:01,container_inner,container_body,grounded-sam2[IDEA-Research/grounding-dino-tiny|facebook/sam2.1-hiera-tiny]/profile-refine,0.35253605246543884,0.85486328125,38ec06c3a0f890be45e3dae07c8baa6d1c766f510c5e4d386b1068c4ee9a626d,125884278f9e61358a713b6a92065bd78a4ddc70836f68b909e5e149f1dec1e9,True
test226,bottle__04,root:1/profile-refine:IDEA-Research_grounding-dino-tiny:container_label:01,container_label,container_body,grounded-sam2[IDEA-Research/grounding-dino-tiny|facebook/sam2.1-hiera-tiny]/profile-refine,0.43002766370773315,0.87033203125,b8340ef8dd78f6bc125ea55653ac0f5e91261d7acbc784f4c0fcd893b26d562a,ca53b7658868d936963705eae3353fec85159e89063e2fb609bf44af1300e282,True
test226,bottle__04,root:1/profile-refine:IDEA-Research_grounding-dino-tiny:container_lid:01,container_lid,container_body,grounded-sam2[IDEA-Research/grounding-dino-tiny|facebook/sam2.1-hiera-tiny]/profile-refine,0.44200417399406433,0.8711054687500001,ebe08411d81c03192281524167a23d94ee0f1d444c428507be7a12a661a3e6a0,0c6e561fd30fadd0fe5b0d252fc8ed93938d9ecdb733a7ac8aabfd5f506a6f28,True
test226,bottle__04,root:1/visual-region:01,container_lid,container_body,sam2-amg[facebook/sam2.1-hiera-tiny]/point-grid,0.847788991382054,0.68,ebe08411d81c03192281524167a23d94ee0f1d444c428507be7a12a661a3e6a0,6fd3db42d4aebcb1b749b35028a1b47aed9ba3c6a5929abf0ea61dc2140f92e8,False
test226,bottle__04,root:1/visual-region:02,container_shoulder,container_body,sam2-amg[facebook/sam2.1-hiera-tiny]/point-grid/semantic-rerank,0.49534629029390487,0.66,2452b7aaba0321593767f4a2359838605824f49c1a5c0f35416c928a92686884,d3e76345d9efcf3760bfb1c55a30bfb2463699f2a7392d87d393bc852f857e91,True
test226,bottle__04,root:1/visual-region:03,container_visual_panel_01,container,sam2-amg[facebook/sam2.1-hiera-tiny]/point-grid,0.727569602538089,0.62,816bdb094a723afe60b15e704c6e83f29b933baf7066110aa9732d1654879a50,c51f924e30212979199d73347880c878b70b64457aea1cd15ed30db2265cb722,False
test226,bottle__04,root:1/visual-region:06,container_label,container_body,sam2-amg[facebook/sam2.1-hiera-tiny]/point-grid,0.8868149652523847,0.68,e844c118169e15938bf7e6247ca493de4b7661516be580a03a8eae552ce24bf9,69a42f27fd06a90164cd90d78f5f73eaa8d0cf528471cdff79ae2d883afc8ce9,False
test226,bowl__01,root:1,container,container,grounded-sam2[IDEA-Research/grounding-dino-tiny|facebook/sam2.1-hiera-tiny]/root,0.7906919717788696,0.9888671875,289ae14578306c4c0d7bc21a1c10c15ef67d41d681a894d4d07e0d327e2516d4,ede201f8c9105a1aa432fc34039e64717d8a2a875b7f73d6ed42c6c1c0f974db,False
test226,bowl__02,root:1,container,container,grounded-sam2[IDEA-Research/grounding-dino-tiny|facebook/sam2.1-hiera-tiny]/root,0.6317079067230225,0.962890625,bc160c17e721207fa69215847101282dacbf8f10b16c8871be98acf5ec614ea0,499811ba9ba11a860d7bb66159623bdfc4a7e826b0b6d43b993285fab4cb0722,False
test226,bowl__03,root:1,container,container,grounded-sam2[IDEA-Research/grounding-dino-tiny|facebook/sam2.1-hiera-tiny]/root,0.7327831387519836,0.98193359375,e31b2a24df1769ac4fee0ec0253540804f59ee7475d583394fd033ef635be6b9,6009df2608266ad2572613367d4566f98fad68c33f2debdf551ebe9b21b78bdd,False
test226,bowl__03,root:1/visual-region:01,container_visual_panel_01,container,sam2-amg[facebook/sam2.1-hiera-tiny]/point-grid,0.6886711808101542,0.62,20879b07401a2fb0e10a4b73e666582900a9f746cd36d79d3561682f242405cf,737c9b88aecadc21ebd09c7e5a4558987acf645d2bc914bbcfe13e802c44db95,False
test226,bowl__04,root:2,tool_prop,tool_prop,grounded-sam2[IDEA-Research/grounding-dino-tiny|facebook/sam2.1-hiera-tiny]/root,0.5545307993888855,0.9869140625,6732afc6e85910cb83a9854ac0696dc4a6893e3f7e966b7135f1d57621e44ef9,1b3d66b50321b2e9f114e435ea770fae3e5168afe84e4dcdbdc0bbf6f5ceb7d1,False
test226,bowl__04,root:2/visual-region:01,tool_prop_visual_panel_01,tool_prop,sam2-amg[facebook/sam2.1-hiera-tiny]/point-grid,0.7528370971549693,0.62,89fdd18b24de1a5d9aba23a4636d9f1b0e57e4c638c006e0eddae254776f889b,0a19ad736d1d28d71315d9cc587faae545bf2d928729485ce48c7bc757f343b1,False
test226,bowl__04,root:2/visual-region:02,tool_prop_lid,tool_prop_pan_body,sam2-amg[facebook/sam2.1-hiera-tiny]/point-grid/semantic-rerank,0.5689917989461084,0.66,cd4404e5c4c27e7222948c37b0376310efe0c5caf4e47a2b665bfdd80ed0f0e0,631c9d6ec5d8be36e74df7ece7123928023843455a50ee64059e76f7a12fe733,True
test226,bowl__04,root:2/visual-region:04,tool_prop_pan_body,tool_prop_body,sam2-amg[facebook/sam2.1-hiera-tiny]/prototype-labelled-region,0.734883457846539,0.6040481989526748,f7c89bef6e99531f6a498318b57de312a6b106abcfd18c2acfd9fe83a7c78f4b,fc95412065c80ee8ea2369f0dd293429da1566e33e81364b8b4507be9d57c596,False
test226,bowl__04,root:2/visual-region:05,tool_prop_visual_panel_04,tool_prop_visual_panel_03,sam2-amg[facebook/sam2.1-hiera-tiny]/point-grid,0.6921629515009997,0.62,1ccae775bbb938f474bed97456efc93e647812b76eaea42639d2ba20e6a7860f,e4d443292e69da6e5184bc3055b11311c53e9209d9867be1cb0522801c4461f6,False
test226,box__01,root:1,container,container,grounded-sam2[IDEA-Research/grounding-dino-tiny|facebook/sam2.1-hiera-tiny]/root,0.6214260458946228,0.893994140625,7522820a2ecd6c62c5623ba96cfbe93f8894fc89dfc3a14cb5086c9d12e6ed96,9e834cae1bddcc4e3a44adf743ec9e208529d342780ecf9cfd3d8c406a92f977,False
test226,box__01,root:1/profile-refine:IDEA-Research_grounding-dino-tiny:container_bottom:01,container_bottom,container_body,grounded-sam2[IDEA-Research/grounding-dino-tiny|facebook/sam2.1-hiera-tiny]/profile-refine,0.35064372420310974,0.7446484375,041d7db6ba5a6f193c2f9c3875c38e3df14754d15e6f674c90a0e277471a4366,9b8056d104e90bc88a2a1adef27bb38dc5b511617e7d36596ea5bb1c8367c0bc,True
test226,box__01,root:1/profile-refine:IDEA-Research_grounding-dino-tiny:container_side:01,container_side,container_body,grounded-sam2[IDEA-Research/grounding-dino-tiny|facebook/sam2.1-hiera-tiny]/profile-refine,0.5180433392524719,0.7446484375,c4e6b0446800c43b20acb34077d004c090f896851cde715f8f89f95a6d53bfaa,04aac2793a43b6036b3416193bab506696915db7e19554e1cd15b749f09e783e,True
test226,box__01,root:1/visual-region:02,container_lid,container_body,sam2-amg[facebook/sam2.1-hiera-tiny]/point-grid/semantic-rerank,0.6164283372463193,0.66,adf5d33039e29b07e292c2d7a80319bf0ae306247b7f127b960bb8663ab64b3b,277ba721b8dcac6428381163adfd49cd0c39f29ad9e32a6b6d167c5de58b0c59,True
test226,box__01,root:1/visual-region:03,container_bottom,container_body,sam2-amg[facebook/sam2.1-hiera-tiny]/point-grid,0.7936493651770662,0.68,5db21c357bfaab5a104bed8f648bfc8ac96e77d38dfbd488d5530dba712fa568,2236d61e0fdbb0fa008d20e067991a564af8406c32921a160d0a5ba6c29e51dd,False
test226,box__01,root:1/visual-region:04,container_visual_panel_03,container,sam2-amg[facebook/sam2.1-hiera-tiny]/point-grid,0.839081559348954,0.62,11f58b707e217f505558d8c79990e494707da4cbd2936759b10fe6ddb46da521,3b9af62b3ac5b8c033c00d70f8525cf14a581684a856a3d764da99f2b77260aa,False
test226,box__01,root:1/visual-region:05,container_visual_panel_04,container,sam2-amg[facebook/sam2.1-hiera-tiny]/point-grid,0.8477489549157164,0.62,33b005b9d4c7f847c2ebeb22ec3779a1e4438071f1f665531b0eac884836d5fd,1bf4b17a6ada286dbe62f698dcca4aecf5f9e81333bec71f04c041b648221f6f,False
test226,box__01,root:1/visual-region:06,container_visual_panel_05,container_visual_panel_06,sam2-amg[facebook/sam2.1-hiera-tiny]/point-grid,0.7002888601382715,0.62,4dc9d9f96a822400f3112b88d1f0da5e1162bb8752667cb65bfbf4a863217567,0ab0aad24086d846d0a26427f32cf99b787e5afa49238aefeb38f11a8a2199cf,False
test226,box__01,root:1/visual-region:07,container_visual_panel_06,container,sam2-amg[facebook/sam2.1-hiera-tiny]/point-grid,0.7977376783500083,0.62,ebfd98417294084ec2a16be416224ff173569a23880ae2c36380452bf087c414,67e26e28597b174a299a684cf8e82eb2661f775d2baef5ea6842b30658ca04ba,False
test226,box__01,root:1/visual-region:10,container_label,container_body,sam2-amg[facebook/sam2.1-hiera-tiny]/point-grid/semantic-rerank,0.5276992831984765,0.66,ba2720d5c693683934c6568e6d9e0b40447c7464aa2d625266d15d73a8398cc7,a8e75e5a3694dd13213cdde6832827b18acbfbe87a275ea949c94677b904e970,True
test226,box__01,root:1/visual-region:12,container_shoulder,container_body,sam2-amg[facebook/sam2.1-hiera-tiny]/point-grid/semantic-rerank,0.5668884627021636,0.66,1916b7292d51cba0c667bcd257f09d35a8016f4e060f38fe47c7fa4943decfbb,345b5d161e12270469f75aaed4356cac8a5079a62c26cf77d1cb10e90228c2cd,True
test226,box__02,root:1,container,container,grounded-sam2[IDEA-Research/grounding-dino-tiny|facebook/sam2.1-hiera-tiny]/root,0.9189178347587585,0.9842773437500001,eff27ab75e9603cfba68e0130bba223ea18b36b77f4ff3074a7c5d4e2b7844d9,1fea914e900d475458acb566e51ad66c6588af047fe9cc3e39dcc9b2a6a9bf07,False
test226,box__02,root:1/profile-refine:IDEA-Research_grounding-dino-tiny:container_side:01,container_side,container_body,grounded-sam2[IDEA-Research/grounding-dino-tiny|facebook/sam2.1-hiera-tiny]/profile-refine,0.24113182723522186,0.8720722656250001,2c3c53598875a1d31c694a48777d22184cd17f1db41d524d9abd10dd4541e0c0,dff70bfc3751761b2effac943fd41afc6d4d0dbad7d35d8785155aff12635bcd,True
test226,box__02,root:1/visual-region:03,container_shoulder,container_body,sam2-amg[facebook/sam2.1-hiera-tiny]/point-grid/semantic-rerank,0.6377483420009491,0.66,2fe53abc3397bdeda1d7ed3cd66b1be54fb1f1cdd2bd858c98005d1675b17221,ece174ea9a32b8873e2e59d78586746df6bc06e83287ef980f32ac57dfab2d66,True
test226,box__02,root:1/visual-region:04,container_lid,container_body,sam2-amg[facebook/sam2.1-hiera-tiny]/point-grid/semantic-rerank,0.6542309942651551,0.66,779e3bccee10412ba176e71b908b84dadd324f9495cd4232dac72dc2c1a42465,42d63e1ec223bac2d876c69a5a7ae3cc487eea26ec515c2d1e7bc077b2651ff5,True
test226,box__02,root:1/visual-region:06,container_side,container_body,sam2-amg[facebook/sam2.1-hiera-tiny]/point-grid/semantic-rerank,0.5300217415942132,0.66,414d084b46302a24ac3432db0affe58a5ac8616b7138d101f371482f4a52904e,98e3ed841b79a6437e39d57e21d37f78717574830873b954cc0d086e7f7121a3,True
test226,box__02,root:1/visual-region:07,container_side,container_body,sam2-amg[facebook/sam2.1-hiera-tiny]/prototype-labelled-region,0.7408386322263913,0.6041533250904083,be3df6affe216c49b966e8af81e93d5efa3c1ab784dd1bdccf4ca4c0cca4c088,5aadc6be879ebdea30abfef028fc34030cdbb99752f5d97295e3a37894b69831,False
test226,box__02,root:1/visual-region:09,container_visual_panel_03,container,sam2-amg[facebook/sam2.1-hiera-tiny]/point-grid,0.7525305700970738,0.62,548883324945dcaf51ca58fb7dea55ddeb4d73456656a662f2f12f534ad66086,b2074befc6ded99cf2380c5b24f992d093153d951151005440645ae936ed1827,False
test226,box__02,root:1/visual-region:11,container_bottom,container_body,sam2-amg[facebook/sam2.1-hiera-tiny]/prototype-labelled-region,0.753730747052034,0.6048336774644851,7ccab60b8eba7dfe2467cedb4a6c732f57b112e293896f50c9659ddd3ff8c1b4,72f80c0d3568b45f8f2463f44d1bd05acb8fbc027491fd6fe00f76d64a23e232,False
test226,box__03,root:6,container,container,grounded-sam2[IDEA-Research/grounding-dino-tiny|facebook/sam2.1-hiera-tiny]/root,0.3074619770050049,0.9404296875,b1073bb6bdfcc4bc32250db9ee731eb8aec7426d81e85bd0695c5885f1ba055a,aa8301214574068de6411dd104ef8b1c1c11cb76d2bd26680feb16e4a59a59a3,False
test226,box__03,root:6/visual-region:01,container_visual_panel_01,container,sam2-amg[facebook/sam2.1-hiera-tiny]/point-grid,0.8147192864266666,0.62,0ea27d565da2f60d1a03bf5d1c6d17d481492efacfff389cc55999a18c5a84e9,d28ca58dd6e8f6902cd09c0a2baa4146ed9b7f001c224e193b3b7b90fd90eae5,False
test226,box__04,root:5,tool_prop,tool_prop,grounded-sam2[IDEA-Research/grounding-dino-tiny|facebook/sam2.1-hiera-tiny]/root,0.3103807270526886,0.92353515625,0b1cd35e50e404c7f4b3a23a58e224178fd514b21ddab17dd61197eccea3cb9f,3411a8a5a29c1911717d911440fea71ff14d20f8b3f04837e0619dd954f09f9d,False
test226,broom__01,root:1,tool_prop,tool_prop,grounded-sam2[IDEA-Research/grounding-dino-tiny|facebook/sam2.1-hiera-tiny]/root,0.7964508533477783,0.98828125,e08461bba6224f892008a475869f49fe7f78bd074520a68357de43753445e1bb,3712cab498f9831ff30e9d33f821e7f83c1e08673f2390bfa3d85108504ffa8b,False
test226,broom__01,root:1/profile-refine:IDEA-Research_grounding-dino-tiny:tool_prop_brush:01,tool_prop_brush,tool_prop_shaft,grounded-sam2[IDEA-Research/grounding-dino-tiny|facebook/sam2.1-hiera-tiny]/profile-refine,0.36965635418891907,0.852349609375,ab161402b2a9a73b0f6345261f027ce8e7d0ca353fae0491ea749dcbfb370370,e9d5d6e688fb504ee30f0b7d9b998f2db18e7881b55b6f54bd574435cb14024a,True
test226,broom__01,root:1/profile-refine:IDEA-Research_grounding-dino-tiny:tool_prop_lower_bristles:02,tool_prop_lower_bristles,tool_prop_brush,grounded-sam2[IDEA-Research/grounding-dino-tiny|facebook/sam2.1-hiera-tiny]/profile-refine,0.27347737550735474,0.859697265625,b9d8ea1dc64de699196f6e48d3c0b256e4d9a0023770ffbc9c6fd331648d60d0,4d96266764ccfe88d7b2e9d8f6bbc90e1a3343479ee9578540440bfb8ca1274d,True
test226,broom__01,root:1/profile-refine:IDEA-Research_grounding-dino-tiny:tool_prop_shaft:01,tool_prop_shaft,tool_prop_body,grounded-sam2[IDEA-Research/grounding-dino-tiny|facebook/sam2.1-hiera-tiny]/profile-refine,0.2879680097103119,0.8583437500000001,bf9fd896427517b1585cfc5804b2863fa829c953d70a6b3aefc5274472cd4a09,f8a9c9ce3b9937ead7b43e2c122e0cc54b55469bdc9845f5640c8a493949656b,True
test226,broom__01,root:1/visual-region:02,tool_prop_visual_strip_02,tool_prop_visual_strip_01,sam2-amg[facebook/sam2.1-hiera-tiny]/point-grid,0.751273041459948,0.62,72c42fe098fbbc12f779a26d094baebcb8106f7408501d65387b1ba7de8263c7,d29370881c2ba7741572315592fc20154d417eb2b682b57a910211bfa783a272,False
test226,broom__02,root:6,daily_object,daily_object,grounded-sam2[IDEA-Research/grounding-dino-tiny|facebook/sam2.1-hiera-tiny]/root,0.32316645979881287,0.9794921875,ea2079fb79fda27ba08b2cb46cbdcd09ac19ecf0d99cdccd1257936ad7258f41,4f0ba38b70f08472ca6517d67059901db9a2a56546c3c9d283e43a29f1775b5a,False
test226,broom__02,root:6/daily_object_guided_daily_object_cap:01,daily_object_cap,daily_object_body,grounded-sam2[IDEA-Research/grounding-dino-tiny|facebook/sam2.1-hiera-tiny]/retrieved-part,0.31253222017713533,0.7131621707026474,8be2cce8e282013bbfa358987806446dc384ba30a2434ab8e443c1fa05d234b3,1731750fa46f3735194222b84d97c5fb7a5aad1a5e1d5640a85fce301c54d5f4,False
test226,broom__03,root:1,tool_prop,tool_prop,grounded-sam2[IDEA-Research/grounding-dino-tiny|facebook/sam2.1-hiera-tiny]/root,0.44845646619796753,0.9871093750000001,751b45f807378ca48b7d2e05060d2427ed241a00bbd415706f83b38f3f139784,79c5ef1c553f3a9b2049eaea2073c747d7a0de1654da02d601a13f6999829ad2,False
test226,broom__03,root:1/profile-refine:IDEA-Research_grounding-dino-tiny:tool_prop_brush_cap:01,tool_prop_brush_cap,tool_prop_brush,grounded-sam2[IDEA-Research/grounding-dino-tiny|facebook/sam2.1-hiera-tiny]/profile-refine,0.30600830912590027,0.8332070312500001,0653645d681d82837406cde167c50010c673a952554c553cad44438edc92e8ab,4aa24849d21b24a1fd3ebab17526a727341f02cd01a4c305c8b425967d2074dd,True
test226,broom__03,root:1/profile-refine:IDEA-Research_grounding-dino-tiny:tool_prop_lower_bristles:01,tool_prop_lower_bristles,tool_prop_brush,grounded-sam2[IDEA-Research/grounding-dino-tiny|facebook/sam2.1-hiera-tiny]/profile-refine,0.45165902376174927,0.8361074218750001,164491121ee3ab07b3d2661babd378151aee1bb7fb3e2b5924c77ecfaa341d03,ad33d93805b3a3c36ff49f74ab9cc35c6dfcfeeea59f6ae21bd9aab8e1c93e95,True
test226,broom__03,root:1/profile-refine:IDEA-Research_grounding-dino-tiny:tool_prop_lower_bristles:02,tool_prop_lower_bristles,tool_prop_brush,grounded-sam2[IDEA-Research/grounding-dino-tiny|facebook/sam2.1-hiera-tiny]/profile-refine,0.3447742760181427,0.8662714843750001,52141286fd11ac08fa42f9cbebb0c82c5c047bbb85e057b3bc7028fa525062fb,ac531326a26f257c22c950302294771321983edfd84f4d0dab747f3cd005fc94,True
test226,broom__03,root:1/profile-refine:IDEA-Research_grounding-dino-tiny:tool_prop_ring:02,tool_prop_ring,tool_prop_body,grounded-sam2[IDEA-Research/grounding-dino-tiny|facebook/sam2.1-hiera-tiny]/profile-refine,0.30985841155052185,0.8498359375000001,7777d2aa8661931e31a69d845cfb5e7dbfdf68eb12a80062faf4c92621c7cfdf,15cc99c3e8e93d4d2fc9ae3b53b37eb512dbef87593cff0e15bf628af9d9bbef,True
test226,broom__03,root:1/profile-refine:IDEA-Research_grounding-dino-tiny:tool_prop_shaft:01,tool_prop_shaft,tool_prop_body,grounded-sam2[IDEA-Research/grounding-dino-tiny|facebook/sam2.1-hiera-tiny]/profile-refine,0.3375310003757477,0.8341738281250001,0653645d681d82837406cde167c50010c673a952554c553cad44438edc92e8ab,aa60c3f3a1cd40b8a7c760299e425b3f479f123b6ba9bc4a52caa0ad10f01c96,True
test226,broom__03,root:1/visual-region:01,tool_prop_brush,tool_prop_shaft,sam2-amg[facebook/sam2.1-hiera-tiny]/point-grid/semantic-rerank,0.5941674070988298,0.66,e393099d9b2dc4571e53d652f80be09e9280b1aae1a8cd95be950570d8cd0d96,9b10f76d813086d8302ffdd85544400fafd7d29d9b68b7961ef3155fa056dc1d,True
test226,broom__03,root:1/visual-region:02,tool_prop_ring,tool_prop_body,sam2-amg[facebook/sam2.1-hiera-tiny]/point-grid,0.8374644379224375,0.68,ff8f31f9abf37f1146e2724d751f61e818f6a4492854de15c18e4e31f6693d0b,8f9bc89c488c0774f1b7910d8b28bec359cd18061aad2fab4038289ccad91e32,False
test226,bucket__01,root:1,container,container,grounded-sam2[IDEA-Research/grounding-dino-tiny|facebook/sam2.1-hiera-tiny]/root,0.5939037203788757,0.9945312500000001,404affbfc00ac73852b98787ec25842f009aa97be78e39325f40e618a8fe0bb6,ad6cbc71e9f0acb0a7ddfacc96c34a26042a02b55acbb5d83dec696de6f79a9d,False
test226,bucket__01,root:1/profile-refine:IDEA-Research_grounding-dino-tiny:container_bottom:01,container_bottom,container_body,grounded-sam2[IDEA-Research/grounding-dino-tiny|facebook/sam2.1-hiera-tiny]/profile-refine,0.24148941040039062,0.8047832031250001,d70f3f2e84ca85609082ba0f2ea9b3a113886988887336992f99b7b73340cc98,51839a71c1df0369b5ec77a7f75160ec12d3ca4b6f4d08fea37f889ccfb41cda,True
test226,bucket__01,root:1/profile-refine:IDEA-Research_grounding-dino-tiny:container_inner:02,container_inner,container_body,grounded-sam2[IDEA-Research/grounding-dino-tiny|facebook/sam2.1-hiera-tiny]/profile-refine,0.25945019721984863,0.867044921875,87c031614aab3dffbd4a28b752db002018dfe0a48678aaa33c00fa459b0ba365,9c7babb3c12b35eaf5a6919231371e0176502c62b8537cd9215b92e08ec83c77,True
test226,bucket__01,root:1/profile-refine:IDEA-Research_grounding-dino-tiny:container_inner_wall:01,container_inner_wall,container_body,grounded-sam2[IDEA-Research/grounding-dino-tiny|facebook/sam2.1-hiera-tiny]/profile-refine,0.4049191474914551,0.8049765625,44b5d534ae278652057c498d55c18bc8a98d82cd86ea33fbdaad59acc4891168,f0e57c7355357998543ac407a77d531eb02884951f38875e3e686582f7cf997a,True
test226,bucket__01,root:1/visual-region:01,container_visual_panel_01,container,sam2-amg[facebook/sam2.1-hiera-tiny]/point-grid,0.753069985023054,0.62,58c65de316f3082944269fe27aa0aa243cdf68f97a87be1c2f9dbac6d99b853d,1094939de2adc3a2636dba9319c534788529e85cef100069aec530c708def6b0,False
test226,bucket__01,root:1/visual-region:02,container_visual_panel_02,container,sam2-amg[facebook/sam2.1-hiera-tiny]/point-grid,0.7637902229450406,0.62,566797cfc703792749910b2d09ea35d358aaa3d43ab9d0558326779727d45f33,5e51e0f665784e5177d846a9553986cd7516cec71af910e4523726effb307d16,False
test226,bucket__01,root:1/visual-region:03,container_inner_wall,container_body,sam2-amg[facebook/sam2.1-hiera-tiny]/point-grid,0.750969999814207,0.68,97744a0c2fb161d0ec1d97fbaf3b9100855ebb3f2263ccb187eb416d5e8d9b2b,5f1bf70569761cf9cc0cf9b2b59e7b956bf146db5138e1ff15f7e977f45b44d1,False
test226,bucket__01,root:1/visual-region:04,container_handle,container_body,sam2-amg[facebook/sam2.1-hiera-tiny]/prototype-labelled-region,0.7236421279660858,0.6082763488893509,9f32e4a268945631bb42fc91aa4aa3ea73bb6771d95a1ad8154e13244d112a1b,89838fdd6578aa6662e30271d92e6497e70480900f0f4a40e48904584a21bdd7,False
test226,bucket__01,root:1/visual-region:07,container_handle,container_body,sam2-amg[facebook/sam2.1-hiera-tiny]/prototype-labelled-region,0.7239986567372781,0.604626804224968,5c3be9dfd9e759eaa406640bd2c269b8105dc882687f6063601f0980de3bf1b7,29e284dac4fc5185a4111f1438af4018d020ef21bf6721d5d14aedbabcd7eebe,False
test226,bucket__02,root:1,container,container,grounded-sam2[IDEA-Research/grounding-dino-tiny|facebook/sam2.1-hiera-tiny]/root,0.4680611193180084,0.96005859375,d9ce61c0e7a763edeff62eced344649c7ef465d65eeda16848283c530edbecac,5c5a517f9ec4cc87f76b71860240026319b57addc62aff37df84ffee4fa7384b,False
test226,bucket__03,root:1,container,container,grounded-sam2[IDEA-Research/grounding-dino-tiny|facebook/sam2.1-hiera-tiny]/root,0.5278641581535339,0.99189453125,77065da91c15d64ecc73928945497b386bb59b31ba566cc3538fce449ff8c7e8,67a16b4ef308139ed0fc135e1368012250f7c17099b4a4a9b86b25289ef0bdff,False
test226,bucket__03,root:1/profile-refine:IDEA-Research_grounding-dino-tiny:container_opening:01,container_opening,container_body,grounded-sam2[IDEA-Research/grounding-dino-tiny|facebook/sam2.1-hiera-tiny]/profile-refine,0.3093366026878357,0.815611328125,cb641b1486744c443b38645577550a2979f1e6c1ddf20f806225823299b63d23,87b77eba006db52c2b2944cc843d8c45fc1ef8cbe19645ab3c730f7dd66aab5e,True
test226,bucket__03,root:1/visual-region:02,container_inner,container_body,sam2-amg[facebook/sam2.1-hiera-tiny]/prototype-labelled-region,0.7643125463671381,0.6071939543561935,31261ce33a94ddecf4d1da6c1a2b4d2a56b51db3b19095339774807bd0da917d,f51efe4a13f009b8f987a4aca396b25db72722eb4d5bfe345951778a3b9f104b,False
test226,bucket__03,root:1/visual-region:03,container_outer_side,container_body,sam2-amg[facebook/sam2.1-hiera-tiny]/point-grid/semantic-rerank,0.5099046460688402,0.66,0022067c76d5f12ed3fd494307e689fe54d27856d44d2977e2b30a0f6cd6fb2b,29f83c5efffd0b15e9167e96ebb1f570abd18b065c6682358e1ee170a63806ca,True
test226,bucket__03,root:1/visual-region:04,container_handle,container_body,sam2-amg[facebook/sam2.1-hiera-tiny]/point-grid/semantic-rerank,0.49693354423148467,0.66,462508132b20b2ee19502e70b9b84b936a2df8c91e9c3daa52f0ddb72d6483ae,def26d3e5ac1caf0f8c42b67c8f95575f3a308642ec88d61250b3b7320162cf0,True
test226,bucket__03,root:1/visual-region:05,container_handle,container_body,sam2-amg[facebook/sam2.1-hiera-tiny]/point-grid/semantic-rerank,0.5336998626150773,0.66,0ee000d43fec0d022a636897b90fce1b9f1f4e6e48960c3cc5f2214210d7e3dd,4592e6bcbfe42095cc62aed4978d3f801ead09dfdec65d066e017f8adbb84c2b,True
test226,bucket__03,root:1/visual-region:07,container_handle,container_body,sam2-amg[facebook/sam2.1-hiera-tiny]/prototype-labelled-region,0.8052340657967765,0.6063022129449844,7b994fdcd8648c4890eabc1f69959cc3433d0f8914bfb6b87bd715f09d74a179,fdcce9ac6009a28821c6f44a55e3bbd551b59c32a0e7e54aa7da449ba2a5d6c8,False
test226,bucket__03,root:1/visual-region:08,container_opening,container_body,sam2-amg[facebook/sam2.1-hiera-tiny]/point-grid,0.7065313128082714,0.68,ce02f495b017d350e44e7e094549a006a6f5305e65055777a215a67e8f629f48,043a2c172355f6f7bfc3f6799610e277b0d192dfb47c7590e4e224842c2779b1,False
test226,bucket__03,root:1/visual-region:09,container_handle,container_body,sam2-amg[facebook/sam2.1-hiera-tiny]/point-grid/semantic-rerank,0.5256825897278754,0.66,6b5e501343818d348035f1d75b09ae82c0c23df1d80a99819b867742215b1edb,651d27a4f425594e1a33cc802c27d2a0de4e9b5b48f42099ca464aec4fc45493,True
test226,bucket__03,root:1/visual-region:10,container_base,container_body,sam2-amg[facebook/sam2.1-hiera-tiny]/point-grid/semantic-rerank,0.4987879752134379,0.66,06c77654d6efa77969c9e96aded5c89bb29ee27117311e781459172af721d4e8,66c483ea470aab634983295b80825aa51e8747f4a139fdf7ca604af589f244f1,True
test226,bucket__04,root:1,container,container,grounded-sam2[IDEA-Research/grounding-dino-tiny|facebook/sam2.1-hiera-tiny]/root,0.8632764220237732,0.9911132812500001,3e13f121db50392a66b8d0ebf6344c9b996e7bb11c85204456365a22709313c8,6d53f8277d91106cf9898ca4cbda8c4ce8ae98696fffad75e02e255f65fd046f,False
test226,bucket__04,root:1/visual-region:01,container_inner,container_body,sam2-amg[facebook/sam2.1-hiera-tiny]/prototype-labelled-region,0.7677044273887805,0.5975492424898148,97e4c9cfc1bbddd95195f11752aec4afa11a17ccbe5c629328f812518835e9df,ca02d4c9b524fa795961d1ff9bebd7f850a8c899c0530d82de76435392137b80,False
test226,bucket__04,root:1/visual-region:02,container_handle,container_body,sam2-amg[facebook/sam2.1-hiera-tiny]/point-grid/semantic-rerank,0.5256093935389993,0.66,e8de1ad9e47883a08462e8a949dee0be98857e6b5d9250338ba0cc6ae1f4eede,471638ae679ca7fbe8238eb68da456a8529d00074e91169dfe503d5d84e5d7ba,True
test226,calculator__01,root:13,character,character,grounded-sam2[IDEA-Research/grounding-dino-tiny|facebook/sam2.1-hiera-tiny]/root,0.24981309473514557,0.96201171875,0df0b868188a9e5be09274c7ff0540e95c2ea78570c95f8a6d7d697ce38021c3,14d7b5f0d0d2d77390c0b4fee570ced5d12f7d98921fb23d7b4d30c8bb8c1104,False
test226,calculator__01,root:13/contour-visual-region:01,character_visual_contour_panel_01,character,hpid-appearance-contour/closed-edge,0.7232916243733507,0.62,198874e62526f30267f4d11cfce640b5ba0d1ce1fa40d815b0a2873091dfe41d,d542ade19c37b84f47e41e73638990693ee01135b6f4da1735cd80a37116ecd6,False
test226,calculator__01,root:13/contour-visual-region:03,character_torso,character,hpid-appearance-contour/closed-edge/semantic-rerank,0.5090610987527515,0.66,e72790c6300475e89ed6cc39a76610b1ade0584fa1f1f194b86bb35c5865f05f,5795030ca9b625583686a0eeb82ab798ef7841e9f0f2fd92dd3b0d481d0fbeb6,True
test226,calculator__01,root:13/contour-visual-region:05,character_arm,character,hpid-appearance-contour/closed-edge/semantic-rerank,0.5053554301406826,0.66,8aaaffbe871dd15661021c738a8da25ffe96aa9e627eec4c2fdce47e8ba18668,8205a8efa50005c6e7f4e42474a0848f6fc48527b917d9e51e81184bc7a98f6a,True
test226,calculator__01,root:13/contour-visual-region:06,character_hair,character,hpid-appearance-contour/closed-edge/semantic-rerank,0.4240517693057456,0.66,70bf6d23fd51b823927a4feb55bd62768e17b7b6655a615b7f12d4e13b31a53f,3c0f9fda3242f2d617f0c5fb7143e04efbdf392c8e5713e3a52f0c9c90242572,True
test226,calculator__01,root:13/contour-visual-region:07,character_visual_contour_panel_05,character_visual_contour_panel_04,hpid-appearance-contour/closed-edge,0.5830510306034711,0.62,7e304f8206fcfbbfc62f88be8b40ef37b11f13d26408c484c2be1e6d46754e19,ad1631e9a802dced8e0957d7c9fafbb5d9be3c28663ff5192760bfd0826a540c,False
test226,calculator__01,root:13/contour-visual-region:08,character_visual_contour_panel_06,character_visual_contour_panel_05,hpid-appearance-contour/closed-edge,0.6473800426890925,0.62,ae519560e620736d9b396991506e0a92115926cd038455c0d7aeb582df6ac847,d6b2deacdaa3269bed82d9b16ec68a665d42c1e0c8f0f62d21e63c72d7222aa0,False
test226,calculator__01,root:13/contour-visual-region:10,character_shoe,character,hpid-appearance-contour/closed-edge/semantic-rerank,0.4519225658782107,0.66,5027aa1f67a4586a17493664886581a48be24208c466802c5e272f3378977e32,df4e62dcebf24700c35b8d22f9ccd99e147b5df649bf6ac0395941ab29763a4f,True
test226,calculator__01,root:13/visual-region:01,character_head,character,sam2-amg[facebook/sam2.1-hiera-tiny]/point-grid/semantic-rerank,0.5228366982841941,0.66,6170cb4e601c676cd39e4b908f840e94fbbe54256e49db7b6d95248d65d386b4,efa8051c26c95c76c2299231c7d8af4e900a54cfaf8fa2bbb301fdaaae780f64,True
test226,calculator__02,root:1,device,device,grounded-sam2[IDEA-Research/grounding-dino-tiny|facebook/sam2.1-hiera-tiny]/root,0.8616546392440796,0.9895507812500001,023fa9d050759753a4af8918544c0b23cf096150936dd3569fb69f793de5a49f,9d34594a57284b80adeeed633f7ccb0f32e61ec53b577304c0fb8fa2fe4cf61f,False
test226,calculator__02,root:1/profile-dense:device_keyboard:01,device_keyboard,device_body,clipseg-sam2[CIDAS/clipseg-rd64-refined|facebook/sam2.1-hiera-tiny]/profile-dense-supplement,0.8491138219833374,0.6577751634312444,1b4c62d7653e818191681c0d9d3da90271284ea8b4dcc060fe5a6f411a5b7ec4,c63c7522e353000920e9b5c88ea5bec0a8b544bcc25950f11df586cf86feb3ee,True
test226,calculator__02,root:1/profile-refine:IDEA-Research_grounding-dino-tiny:device_back_panel:01,device_back_panel,device_body,grounded-sam2[IDEA-Research/grounding-dino-tiny|facebook/sam2.1-hiera-tiny]/profile-refine,0.2812081575393677,0.85331640625,f5f8b0f2c916d4806ac531c06ef87a7d122b15be5ad889a99ff30b21615dc11f,2738835f1adb0da2d97f39f70e8033fbc5cfddacf06ce059e001239664bc3c94,False
test226,calculator__02,root:1/profile-refine:IDEA-Research_grounding-dino-tiny:device_button:01,device_button,device_body,grounded-sam2[IDEA-Research/grounding-dino-tiny|facebook/sam2.1-hiera-tiny]/profile-refine,0.28686797618865967,0.83939453125,a77466132a3e89aa005b042700236cbbd99cfbed351057d3da25757bc3ab169c,e42f9a9f503bfa561a0632f3389914323593cbeda80b5f6bc95232e201f68ea2,True
test226,calculator__02,root:1/visual-region:02,device_base,device_body,sam2-amg[facebook/sam2.1-hiera-tiny]/point-grid/semantic-rerank,0.5568551587199342,0.66,0eea5a77ca5e3261ef538ce17ef0ef8b14a24b5be10be3f0c8f9312946d59b2b,aec5afc86dcd63e5ea1975a660d5e866c3468b65997d36eea65306c197f111ca,True
test226,calculator__02,root:1/visual-region:03,device_visual_strip_01,device,sam2-amg[facebook/sam2.1-hiera-tiny]/point-grid,0.7465104625714677,0.62,fb9b0aede5b1cc71d0e64d4f1cd9bb6336c6bad3da39fd5b41e66965bb7d7b80,07615feca64fe33f02de91d7ec53d3b1887002f813a40d31cb0b4750c1c595ca,False
test226,calculator__02,root:1/visual-region:05,device_visual_panel_04,device_visual_panel_03,sam2-amg[facebook/sam2.1-hiera-tiny]/point-grid,0.7290137517095958,0.62,b0a260b89fe36a5cc29820a6da2c21ca6ab9224a1a7845f7d3a03574fd34579e,4d489f25cc4ce2caf9666478139fb27fb2206188ea70cf11dd728e74887c035f,False
test226,calculator__02,root:1/visual-region:06,device_screen,device_body,sam2-amg[facebook/sam2.1-hiera-tiny]/prototype-labelled-region,0.7114896549975597,0.6106338497896194,e05f89031bbc54c9f311337ee75f90bcd46f931199d8ba7be54e08b6cde2280d,041438fad193e08d997b3c810ee58ac00775153537d69c6447410fc3de615ecb,False
test226,calculator__02,root:1/visual-region:09,device_visual_panel_05,device_visual_strip_01,sam2-amg[facebook/sam2.1-hiera-tiny]/point-grid,0.6553339313272336,0.62,75f1a15cefcd1f8fbf153026ef75fd183f67389b6076a002da370bc185cfe560,f60d5837e61936b10bfcc6c41029b71d16ea6752883d052f9be9fb0d064e2692,False
test226,calculator__02,root:1:repeated-detail:01,device_button,device_body,hpid-repetitive-physical-detail-v1,0.5201095732410611,0.76,e7cf271c49a81b454abdd34ab413e3c0c99124eb72c1f7b97647fb9f852143ab,0febb8d557e3e26d2233b82dda5fb9e51c7dd919e32740445fa14fc7ca1d4464,True
test226,calculator__02,root:1:repeated-detail:02,device_button,device_body,hpid-repetitive-physical-detail-v1,0.5314777618364419,0.76,06c7fed9ad397f7d4fcab80bdfed7c32788633f38caeaad45ecdd8a6b68117b1,67a4d5501eb2b512fd63055a78a58cbc30f303e9c65c167ef463095473c16468,True
test226,calculator__02,root:1:repeated-detail:03,device_button,device_body,hpid-repetitive-physical-detail-v1,0.5480100125156445,0.76,fb0d80bc39f47106afcb576a1759dc8597510e5ead9310f57aed0fb45eab85fe,d26a81959dab94b96060661caaebcb92fc599b1b503981aeba4b76460507f270,True
test226,calculator__02,root:1:repeated-detail:04,device_button,device_body,hpid-repetitive-physical-detail-v1,0.529250700280112,0.76,2adfea1da0486b7481e5b1e4490fbefeac17924a2250b8917f2ba73737e23045,b62f9f3a24c4c869c19ee0e8495b1ac0a148150f40f834b0dd158ef1255f48d2,True
test226,calculator__02,root:1:repeated-detail:06,device_button,device_body,hpid-repetitive-physical-detail-v1,0.5445144724556489,0.76,3fd4fa616fc27693fa1ac8469588abee82571978e03032bb5739553ff52e65f1,f2b0d90ca6248f352796bd16ffb8e247399ad4e7115b848fe66355f8c9ed68c5,True
test226,calculator__02,root:1:repeated-detail:07,device_button,device_body,hpid-repetitive-physical-detail-v1,0.525563725490196,0.76,51b896ac198ec284900d4ecb47e967037168316bfa6bfacbafaf2df6f6c24897,0bf915db811c7f95cc28bb3463cbba385ba3d8554e0d0edb30a8cadba64336b5,True
test226,calculator__02,root:1:repeated-detail:08,device_button,device_body,hpid-repetitive-physical-detail-v1,0.5691467938526762,0.76,adc821a8dc36d67fb5cacdcb6469a0a5a4e7bea0e971b67a352b6b8fcf2d6f45,1f4f8e453467d86b862e1ec279da7ddd6d9e1d5e021300753e9a6b04b45da443,True
test226,calculator__02,root:1:repeated-detail:09,device_button,device_body,hpid-repetitive-physical-detail-v1,0.6366488413547238,0.76,a466ba00db2e212c3037167f69b08165f181a2f8addbccc715df1ac0211190f9,02ee79d8632e3cdd9210266a8e1afc16306165e35f334e6a25064b1b2dbddaec,True
test226,calculator__03,root:1,device,device,grounded-sam2[IDEA-Research/grounding-dino-tiny|facebook/sam2.1-hiera-tiny]/root,0.5830846428871155,0.99189453125,69e3f7452308c78f1e410bfa95855657ce39906f557cc04e4cc8c44c5b7d1b98,ef6ec65dccb2a65a7d956786f5c396afacc4d0765b54e1ba979afeee77043fce,False
test226,calculator__03,root:1/profile-dense:device_keyboard:01,device_keyboard,device_body,clipseg-sam2[CIDAS/clipseg-rd64-refined|facebook/sam2.1-hiera-tiny]/profile-dense-supplement,0.9257357716560364,0.6933556588693988,8ac128f9c3e303608b95f0cfb46a57b27964b7ecb57026d6fab59f02d57b8440,56224021c14e9d4f0d90739bdd10d4725a2800fb0ec02acbff083de054a7cb91,True
test226,calculator__03,root:1/profile-refine:IDEA-Research_grounding-dino-tiny:device_button:01,device_button,device_body,grounded-sam2[IDEA-Research/grounding-dino-tiny|facebook/sam2.1-hiera-tiny]/profile-refine,0.2907794415950775,0.8446152343750001,d9ba8d98d1d8b6ac08a4e21f4c0069b122d6e6190a925d97379807f0f6c5a0a0,b7d2ca3473e5094e59e5b37d61b9b5ca78f6d70225f48f11f142de31a73825a4,True
test226,calculator__03,root:1/profile-refine:IDEA-Research_grounding-dino-tiny:device_screen:01,device_screen,device_body,grounded-sam2[IDEA-Research/grounding-dino-tiny|facebook/sam2.1-hiera-tiny]/profile-refine,0.5940214991569519,0.859697265625,f1ca1287ea0dffd8f5a4d1b6c1b0fdedf4cc5135ff0341e005c96e129252504d,121b4053526ca842a7c1c73986d7cd2ea07c3e91da12934c6a556221e2d7cc6a,True
test226,calculator__03,root:1/profile-topology:IDEA-Research_grounding-dino-tiny:device_bezel:01,device_bezel,device_screen,hpid-topology-v2/surround,0.5583802092075347,0.82,808947cfda3ee62d486086a622f9c01c82dbb0bc9a558336a26f2969b5046e6d,b137c4fa2bc7084ff1aeb013b9e7dd4d2a8d2e55dbf3cc87b3dd63b80ff40d3c,True
test226,calculator__03,root:1/visual-region:01,device_screen,device_body,sam2-amg[facebook/sam2.1-hiera-tiny]/point-grid,0.6684560094529558,0.68,024d8e5de11ce4b7775ad25ae6501c92dbf882bc32670dd35f255e03cae2e6ff,780d8031528c3fc1f2dfb946498dc69044c87990b420371cda39153190f57160,False
test226,calculator__03,root:1/visual-region:02,device_key,device_keyboard,sam2-amg[facebook/sam2.1-hiera-tiny]/point-grid/semantic-rerank,0.5865935466944605,0.66,e2dcb5de5368f315bc8969fff7eeead43c1302d267bb735a9de56862f6db69f9,01925e04bef2170af8ca228cceedaf3b76d1aa058a3c4f1d88bca08b8f9e6762,True
test226,calculator__03,root:1/visual-region:04,device_base,device_body,sam2-amg[facebook/sam2.1-hiera-tiny]/point-grid/semantic-rerank,0.5435180362354751,0.66,5805b0883e1dce818eb83d3ba96b28c86f2a0b7f909b49d977a2cc10c767a3f7,d805c1389029d7e0038849c2b4bde02734c4cd4939bc9575e6a4090fae58bdf0,True
test226,calculator__03,root:1/visual-region:05,device_key,device_keyboard,sam2-amg[facebook/sam2.1-hiera-tiny]/prototype-labelled-region,0.6664106270036728,0.5783351507916451,a7eba43d36b93dfb4dab8cc8868cf4e7263b999bf63b7375d02591b8169f4777,071ca4d87f0c1706d3b5ea0f5d92898c62e55234849e58263badc6b37e52d08c,False
test226,calculator__03,root:1/visual-region:06,device_visual_panel_03,device_visual_panel_02,sam2-amg[facebook/sam2.1-hiera-tiny]/point-grid,0.7334856303696436,0.62,b793fdc1e016de8acf751eb19dc68934ec9ac0102456031f09a298128a626f18,36e467937be7a624fc2ac6a33c118bbc2a86cf23ebb5d553b70b08913e1c82e1,False
test226,calculator__03,root:1/visual-region:07,device_logo,device_body,sam2-amg[facebook/sam2.1-hiera-tiny]/point-grid/semantic-rerank,0.5201183809553112,0.66,cb8edca809acf6704ec70414acbedd14203f972edaa890e00d1c08536a4043fb,a4e21dffe34cdab96816abe759f922a2d5444e1bd76dedb555b80ba84ee91862,True
test226,calculator__03,root:1/visual-region:08,device_visual_panel_04,device,sam2-amg[facebook/sam2.1-hiera-tiny]/point-grid,0.7012688475576923,0.62,715ae5b12c44d7abffe41678074c1bf70b31eaecc94be3a8bce6e8599a614a21,f508ebb28813ca4017c86ef6bbc11f52826a9694fdc9f9753b1587fae284a8dd,False
test226,calculator__03,root:1/visual-region:10,device_keyboard,device_body,sam2-amg[facebook/sam2.1-hiera-tiny]/point-grid,0.7791704284291225,0.68,93ff00963d6568889e11589038a02b3211a43c6fc48bac7732e87d9a24ff3186,465e09ed85e0e503960aff08b034705cb62f78f523532a0ddec3a058c3ccb0d7,False
test226,can__01,root:1,container,container,grounded-sam2[IDEA-Research/grounding-dino-tiny|facebook/sam2.1-hiera-tiny]/root,0.8467044830322266,0.99375,5d883400c83313c59d7326b8a9e47e6e8d373eec61300b7b1f11aaa4501de37b,3e9c617a35f2fb6bb7b1153e430622a6935d91b0758f9d3a09a3a554df3a19c9,False
test226,can__01,root:1/profile-refine:IDEA-Research_grounding-dino-tiny:container_label:01,container_label,container_body,grounded-sam2[IDEA-Research/grounding-dino-tiny|facebook/sam2.1-hiera-tiny]/profile-refine,0.5687152743339539,0.86453125,83e65864240011cd3ebc0250c0916b7d7d25da9c3e62b79f391066abf354cd49,7a9c35cfebdc609ea04e3173201601e1f88abad858701e9c68647aeee96480f1,True
test226,can__01,root:1/profile-refine:IDEA-Research_grounding-dino-tiny:container_label:02,container_label,container_body,grounded-sam2[IDEA-Research/grounding-dino-tiny|facebook/sam2.1-hiera-tiny]/profile-refine,0.3487560451030731,0.839974609375,97b7f6d57585e865ea1586cd0aa82011ea36a7922d3601ff3f4e902a4a22eb79,cfcf3fe1040500445b24ce64937386ca0a5e5af5a3770bee583f6b1697640cf1,True
test226,can__01,root:1/profile-refine:IDEA-Research_grounding-dino-tiny:container_pull_tab:02,container_pull_tab,container_lid,grounded-sam2[IDEA-Research/grounding-dino-tiny|facebook/sam2.1-hiera-tiny]/profile-refine,0.280419260263443,0.86491796875,83e65864240011cd3ebc0250c0916b7d7d25da9c3e62b79f391066abf354cd49,420f3c2ff18e51fbab7cb66eb05db9b75f56402cfca21f2751b4b594b90750b3,True
test226,can__01,root:1/visual-region:01,container_rim,container_opening,sam2-amg[facebook/sam2.1-hiera-tiny]/point-grid/semantic-rerank,0.56268589946367,0.66,4358fa2f66e1ddb472e9c8a60bf359c7ae2654791b6ad336535f36e1b1246b09,ae6d2be73ef2ba3d8bac01d36febee482b3cc756d828051b3b43532073817221,True
test226,can__01,root:1/visual-region:02,container_lid,container_body,sam2-amg[facebook/sam2.1-hiera-tiny]/point-grid/semantic-rerank,0.45660686231313824,0.66,0440a72443ecb52ff903b6f3fe9c855bc4c4d9657d0acc1783c149e5645554f1,77ac271ed58730474077529c1af3a69b6b9c8ca0b622971f506c90cfd205aca4,True
test226,can__01,root:1/visual-region:05,container_label,container_body,sam2-amg[facebook/sam2.1-hiera-tiny]/point-grid,0.683709992369633,0.68,ff121f8c2031c7a1ef6ce1d4cf14805c48e6081efbd4a22717d71a29e8c4f537,bebfd55bda4b9ecc19c9a626fd30fda6f46d4f5633160af003945ae5f38d2e4d,False
test226,can__01,root:1/visual-region:06,container_handle,container_body,sam2-amg[facebook/sam2.1-hiera-tiny]/point-grid/semantic-rerank,0.5517951219193062,0.66,138b09626bb15151e4c8672b0e597f6bbd278a247cdb06b4addb9e9527d01c44,ceb812be0075224a5eb7a01961b1225fef8c161c75defa4e9d90c2c1f3829ee7,True
test226,can__01,root:1/visual-region:07,container_lid,container_body,sam2-amg[facebook/sam2.1-hiera-tiny]/prototype-labelled-region,0.6925368772375647,0.593918217748642,dd6746906fd66358e33c09fda17a1c07bb3d7454e666da7cb741ea1600bc4739,0ec2c018c8541d05f57dccd7d4dc6ee11ee4260c2109dc2033e36e20a85a4520,False
test226,can__01,root:1/visual-region:08,container_label,container_body,sam2-amg[facebook/sam2.1-hiera-tiny]/point-grid,0.7940432749093036,0.68,943876a2f535fc1b684d1a31bd822b09f699c7d04579f46687a207c61ff96bdd,3f6695d937335360985b59426e255a91b1e8902d4f40dc057d7f0b91124bf6bf,False
test226,can__01,root:1/visual-region:10,container_visual_strip_02,container,sam2-amg[facebook/sam2.1-hiera-tiny]/point-grid,0.7196122614738283,0.62,1e79eb0635b15c6662c928bddbb76ac0785b039054ec71086db58e1ac3428b94,4993ed7ca05c99170f49a69f297ace06c8b8b7dd4a57f6335438e55a092556ab,False
test226,can__02,root:1,container,container,grounded-sam2[IDEA-Research/grounding-dino-tiny|facebook/sam2.1-hiera-tiny]/root,0.7846492528915405,0.98505859375,9e87c0b82d36b733e5a6d8ba503c0e416a35a14176ab7fd7a2572d3deb785610,9d490bf63ecb4f858636bac7674a295869eac7213397457a965da217c06277ce,False
test226,can__02,root:1/profile-refine:IDEA-Research_grounding-dino-tiny:container_handle:03,container_handle,container_body,grounded-sam2[IDEA-Research/grounding-dino-tiny|facebook/sam2.1-hiera-tiny]/profile-refine,0.24184732139110565,0.8078769531250001,1dba546d950fc9df4fea36e06dd9f88f86a8bb9122a34868069f1a37dd4d925d,b52797204cd7e665e82bc08b4e6b3116964d2af991592988a13530a1d2f70e92,True
test226,can__02,root:1/profile-refine:IDEA-Research_grounding-dino-tiny:container_label:01,container_label,container_body,grounded-sam2[IDEA-Research/grounding-dino-tiny|facebook/sam2.1-hiera-tiny]/profile-refine,0.27405986189842224,0.8616308593750001,202d18dd4acb9181beb0e945165d28ce858e301ecb6dec43dfd2810180341668,7eb02e6836d6e32915c4b9ce1c37d2a7bc4558b134651228adbefd91c9cdab41,True
test226,can__02,root:1/profile-refine:IDEA-Research_grounding-dino-tiny:container_ring:02,container_ring,container_neck,grounded-sam2[IDEA-Research/grounding-dino-tiny|facebook/sam2.1-hiera-tiny]/profile-refine,0.27396270632743835,0.836880859375,4149823dfec29d1a47fb0b9998265343e155332e100dd7ec55f8cc0bd4857ca9,89329caad10bc4a580401d01da8473986bd12970eb70f91857850d7749c5c31c,True
test226,can__02,root:1/profile-refine:IDEA-Research_grounding-dino-tiny:container_spout:02,container_spout,container_body,grounded-sam2[IDEA-Research/grounding-dino-tiny|facebook/sam2.1-hiera-tiny]/profile-refine,0.2592625916004181,0.82740625,ca29e574f2e5118d63b84dc3e0b2ff7ffb42fb8f04ad69fc4da68d9aa4edcd1b,2066d6da857ba6ffc7e4bcaf081b22e7dccf7e381b50f164c084ee06c1caa01b,True
test226,can__02,root:1/visual-region:01,container_lid,container_body,sam2-amg[facebook/sam2.1-hiera-tiny]/prototype-labelled-region,0.8466186417030812,0.6008475673265458,4b513a7d96fc5bacc86f5a8e3a125b6b652bd233b4303fd44055972e13277032,ae4d28e872547ab1c82706452d9076424cce17acf868ed03c5fef993931138e1,False
test226,can__02,root:1/visual-region:02,container_pull_tab,container_lid,sam2-amg[facebook/sam2.1-hiera-tiny]/prototype-labelled-region,0.7652799413074152,0.6088460363874435,38acedb4c08303f42ababcc8dd1322c3fa12aa4ed6785773a5295cee1a51ba54,bb7e98248963334395501d9fc9ed5927efd29900f3ffed5d6ca578631a1e530f,False
test226,can__02,root:1/visual-region:04,container_label,container_body,sam2-amg[facebook/sam2.1-hiera-tiny]/point-grid,0.8276207401209043,0.68,71281fbd944a06e1a0cb47124f249d0e5cc779e7cda5b720769e6b61c5a80423,5ea45d290ebc39052b43319b4810bb7690aaff8a693f5ad0db4b761378f83d63,False
test226,can__02,root:1/visual-region:05,container_visual_panel_03,container,sam2-amg[facebook/sam2.1-hiera-tiny]/point-grid,0.6971019143697152,0.62,7ae58b942d4249592f8a49c878178bcba7fc550bda7c1e8784fd9656d79fa807,905e5117585a3e46cbc16f4121a7cd1cc7659c14415501bb7bd5b768b5210424,False
test226,can__02,root:1/visual-region:06,container_ring,container_neck,sam2-amg[facebook/sam2.1-hiera-tiny]/point-grid,0.8104385053796038,0.68,91c1eaa733dd59571c365ec55f211e6f51503874f0983728a128c2d5e8227350,f180e5b9782fe3b298748ba7e045c68b4560317f55f2b0c326a0aa8f026631e0,False
test226,can__02,root:1/visual-region:08,container_lid,container_body,sam2-amg[facebook/sam2.1-hiera-tiny]/point-grid/semantic-rerank,0.5325886889154234,0.66,86314046bad4d0e3a2eeb519ecbbcf70b88b55e61237492bfdab91f39efb2386,9b364ea91af8ecf0c3b3b0c953188abd2a0a7a8414e74755cb2a12cda8e94ab3,True
test226,can__03,root:1,container,container,grounded-sam2[IDEA-Research/grounding-dino-tiny|facebook/sam2.1-hiera-tiny]/root,0.6547843813896179,0.9856445312500001,c57894e852f98637c0d2c44e356896912368f6151b1e8001af4602a136a8d21c,3e70dd3d1d616523b987b99f82d66fd48200f343943bc71998b544cc4145397d,False
test226,can__03,root:1/profile-refine:IDEA-Research_grounding-dino-tiny:container_inner:01,container_inner,container_body,grounded-sam2[IDEA-Research/grounding-dino-tiny|facebook/sam2.1-hiera-tiny]/profile-refine,0.26759952306747437,0.84596875,d7e1aed0534513bbb8e84506dfc776e0d0d33e2a930f3cb7f56554e7285a0678,9345142f75570369b43c8629637daa06a7f427d35bf09669be0d1241e5c4886a,True
test226,can__03,root:1/profile-refine:IDEA-Research_grounding-dino-tiny:container_label:02,container_label,container_body,grounded-sam2[IDEA-Research/grounding-dino-tiny|facebook/sam2.1-hiera-tiny]/profile-refine,0.3116363286972046,0.8517695312500001,9b6342327c2610250571d7a2b11a6434c109cf6f859fe7437c54b92f33e96f4f,18af38d3d8066771aa6e4824004c5d07901e2e0b7996aee7d71cde65fa0717ec,True
test226,can__03,root:1/visual-region:01,container_visual_panel_01,container,sam2-amg[facebook/sam2.1-hiera-tiny]/point-grid,0.8198670607104735,0.62,8ffb2d7b8e21def6a74adb5ba2a0875f433f4751eaf26ec63274ef9c2c59b93b,d028fdb6fdd35177d6925f679ffc1d87da54953220a9220ec18085d297ae7ca5,False
test226,can__03,root:1/visual-region:03,container_pull_tab,container_lid,sam2-amg[facebook/sam2.1-hiera-tiny]/prototype-labelled-region,0.6561648289299022,0.613263490149498,de098e699458d8e137f9a2487093f49b449cb907c5260ff9884eabecdf94055a,d61d51702b1b43012198d2d25b36f373d775b6fa4a5a5a7dccd8423fb871a83b,False
test226,can__03,root:1/visual-region:04,container_visual_detail_02,container,sam2-amg[facebook/sam2.1-hiera-tiny]/point-grid,0.8138875768737918,0.62,2dbd66b0825e7b2326dd7e2207a765d7333704f4f4d01a14ac88173faeef5762,62c4a47dbfd26790a2f1fd8aff210bc04d6515918c4ab8881c5b2a05f79ca913,False
test226,can__03,root:1/visual-region:05,container_label,container_body,sam2-amg[facebook/sam2.1-hiera-tiny]/point-grid,0.7408303078647875,0.68,ed4bc4cdf8c5feae4cb758121c8350a370eee076e22e7b7df2be12b5a72886f0,0dcb3bb0232ece6780dcfb5fac6cf8c64b28c8950656fa663f03061431cc6eea,False
test226,can__04,root:1,container,container,grounded-sam2[IDEA-Research/grounding-dino-tiny|facebook/sam2.1-hiera-tiny]/root,0.8608377575874329,0.9949218750000001,3d57419ba37eefd5a8bf987b2eb1a775fc3fba0e9d9c452e5d8b90d9dcd9df66,5f9590220f4c040b6c7daddab0391f8dec164902b1dac5008e704d82231dd780,False
test226,can__04,root:1/profile-refine:IDEA-Research_grounding-dino-tiny:container_inner:01,container_inner,container_body,grounded-sam2[IDEA-Research/grounding-dino-tiny|facebook/sam2.1-hiera-tiny]/profile-refine,0.2587003707885742,0.8339804687500001,ab5e76357c01f2e1b7935e0e2355230e0de93a12f184b1ae2ea4f34e5d533a1f,b4f8a4f8721fcdbe72f1a6e9a3ff7fd3c65645437ef014d3cc37c683386e8186,True
test226,can__04,root:1/profile-refine:IDEA-Research_grounding-dino-tiny:container_label:01,container_label,container_body,grounded-sam2[IDEA-Research/grounding-dino-tiny|facebook/sam2.1-hiera-tiny]/profile-refine,0.5390135645866394,0.8705253906250001,5652b3d3d0e585efefd70a0ba71c1bee72ef6326148edb093dc612dd4c5e3562,a4cb67f1362d8038673422df63fee1f356d3efab0d6e08a9e98f76c6a3e84e10,True
test226,can__04,root:1/profile-refine:IDEA-Research_grounding-dino-tiny:container_label:02,container_label,container_body,grounded-sam2[IDEA-Research/grounding-dino-tiny|facebook/sam2.1-hiera-tiny]/profile-refine,0.4347012937068939,0.87265234375,1a061cc30922038bffe67a79af68cbc45a049ce7aace2cc874a818982c11bdb7,65572bf393c2ad21cb4a60e85451580d65a01e6b8271bb9c4ffe54b453a0cdaa,True
test226,can__04,root:1/profile-refine:IDEA-Research_grounding-dino-tiny:container_ring:01,container_ring,container_neck,grounded-sam2[IDEA-Research/grounding-dino-tiny|facebook/sam2.1-hiera-tiny]/profile-refine,0.2864685654640198,0.821025390625,5505e49685adce2a9de737c5310b285d65467a653fe96adfe97b329317b39d60,7e5a5583fd3f7682d629f74d803ba7e187b117d36dbf283db456e714e20f72f3,True
test226,can__04,root:1/profile-refine:IDEA-Research_grounding-dino-tiny:container_spout:01,container_spout,container_body,grounded-sam2[IDEA-Research/grounding-dino-tiny|facebook/sam2.1-hiera-tiny]/profile-refine,0.25720497965812683,0.8453886718750001,83926cfb2b26c7072d62bde8834e70d0a0c5b40a2ea7a950027bf5095f7758bd,b2aac9b5cf75e7551b98dcf4fb787ccd2016009fd73db516a8f3267f7ff886a5,True
test226,can__04,root:1/visual-region:04,container_label,container_body,sam2-amg[facebook/sam2.1-hiera-tiny]/point-grid,0.8045012973618639,0.68,63c13195daf651d2e85c0a522b5825b8103c1d31a2d60b39bb3d5fa8dd1f5c76,049227edd0ed79cd4e1d29e98dd8bc6d024f7b1894d80117e2ac5d5d7d313985,False
test226,can__04,root:1/visual-region:07,container_label,container_body,sam2-amg[facebook/sam2.1-hiera-tiny]/point-grid,0.7583343451352309,0.68,4c9a1f6f198aebdc78786a6120650dafc8825537dc3c5ed4bdd22855c5619a33,2d60f50d76b0f2590bbc3831bd741f0d83a01e4df766e927e21b4965315765f2,False
test226,can__04,root:1/visual-region:12,container_label,container_body,sam2-amg[facebook/sam2.1-hiera-tiny]/point-grid,0.7171177203444741,0.68,42aafabf4ab1cd34d0226ce3defe3ff23e282081fa29eaac954a6861d4fe605a,f460578ef73399b3116d7df555e1222d1ed4638e2ee1bee31c383b0f1c0c145b,False
test226,can__04,root:1/visual-region:14,container_ring,container_neck,sam2-amg[facebook/sam2.1-hiera-tiny]/point-grid/semantic-rerank,0.48816844482145444,0.66,e6b39594f94686aff84935d99e78b4bb195700cd4d47ffa78f7b23bfacd8705c,909e5e8a8e5d956c0cce9bf82506a8ff4c016816970107bceddfa20f0c630f54,True
test226,can__04,root:1/visual-region:16,container_rim,container_opening,sam2-amg[facebook/sam2.1-hiera-tiny]/point-grid/semantic-rerank,0.6254922555480411,0.66,844c6d5b0245d8940990fc0a0a624634e2138505aa46ff5ce2bf48743971cae8,2c870901e3652cde4ffa0efd6e3fc5858bb4af70afca9540505ed493b2d6fcc3,True
test226,can__04,root:1/visual-region:18,container_visual_strip_01,container,sam2-amg[facebook/sam2.1-hiera-tiny]/point-grid,0.6658231485966457,0.62,30b1329e9ffd8e819009950bd5bac4e9c9cb0b403ba2540bf58c15f738479b74,ebec14e5209ad320cfe60c1faf86738d468de41d17226fa6ed990eb014893a9a,False
test226,can__04,root:1/visual-region:21,container_label,container_body,sam2-amg[facebook/sam2.1-hiera-tiny]/prototype-labelled-region,0.8155115685315355,0.6045328582096099,e0fb66e3e6cb95396223178592a5cfdd6ae170edd686eee972ea4395f23106b3,a699895d950ed4599f3e1c164be58325e57574de9333f5fd8276586ff104eba6,False
test226,car_automobile__01,root:1,vehicle,vehicle,grounded-sam2[IDEA-Research/grounding-dino-tiny|facebook/sam2.1-hiera-tiny]/root,0.842863142490387,0.9947265625,6091bd5a3762846b42bea2216c41ad904589a1e61420c48e139d27b0cd665da7,ceeb22d05345e97fc25cabf64e4a3e212b4de4eb23be4eb61afe93850acacdc5,False
test226,car_automobile__01,root:1/profile-refine:IDEA-Research_grounding-dino-tiny:vehicle_door:01,vehicle_door,vehicle_body,grounded-sam2[IDEA-Research/grounding-dino-tiny|facebook/sam2.1-hiera-tiny]/profile-refine,0.4569246172904968,0.8542832031250001,9ef93963aa70995d5c57a538ffdbe1f22e04cb2e249797d373bde2f551c0365b,e44fb2df644b10b053928c98fc7a641b292ae919cfc413cf4e35fb375d6f1cce,True
test226,car_automobile__01,root:1/profile-refine:IDEA-Research_grounding-dino-tiny:vehicle_fender:01,vehicle_fender,vehicle_body,grounded-sam2[IDEA-Research/grounding-dino-tiny|facebook/sam2.1-hiera-tiny]/profile-refine,0.3199707269668579,0.8529296875,48a03d3757e526484f88b7a048cd0da96017f5e36aeecb87087384c4db2807da,efe9910761d123dea33fda7bff96f50b2e83f5615023b5cba029c93c87a2a349,True
test226,car_automobile__01,root:1/profile-refine:IDEA-Research_grounding-dino-tiny:vehicle_handle:01,vehicle_handle,vehicle_body,grounded-sam2[IDEA-Research/grounding-dino-tiny|facebook/sam2.1-hiera-tiny]/profile-refine,0.2879680097103119,0.8453886718750001,4d9dd7f1355505787b106fde9d5440a98821f7bd8b6b5bb64b51e1b672e8df50,2c7c68bd0231ea75a339d58ceaca009e2147cbaffc1f584e448e15e092ed985c,True
test226,car_automobile__01,root:1/profile-refine:IDEA-Research_grounding-dino-tiny:vehicle_rim:02,vehicle_rim,vehicle_wheel,grounded-sam2[IDEA-Research/grounding-dino-tiny|facebook/sam2.1-hiera-tiny]/profile-refine,0.3642120361328125,0.8527363281250001,dbd7281054e3e2eb6d2971b0485e44a9dbdf9916fb38ac665bccfa053f8c0c27,fe12ae1a8f99e2072694d54d7909894e0e2c395c11c9104ae859fd8c0b10ab68,True
test226,car_automobile__01,root:1/profile-refine:IDEA-Research_grounding-dino-tiny:vehicle_roof:01,vehicle_roof,vehicle_body,grounded-sam2[IDEA-Research/grounding-dino-tiny|facebook/sam2.1-hiera-tiny]/profile-refine,0.24562746286392212,0.784287109375,1b9ae7eeab8e1f97a424305797455a9c3c0d086e701b9397739d88cfb01f9ea0,0d337d928a112c53bf110afcd688da57574de4b2d5f9a5161b332f3394f7269c,True
test226,car_automobile__01,root:1/profile-refine:IDEA-Research_grounding-dino-tiny:vehicle_steering_wheel:01,vehicle_steering_wheel,vehicle_body,grounded-sam2[IDEA-Research/grounding-dino-tiny|facebook/sam2.1-hiera-tiny]/profile-refine,0.5271035432815552,0.8531230468750001,79d3913df0a52ce546bf8ca89da479f46d410640e0ebb409adcf9dcda1c5d22d,2784c0d5ca6cb70ba0dcb7ab6a0b7bbd06df6a0cf8b7cccd32ac0985b568068b,True
test226,car_automobile__01,root:1/profile-refine:IDEA-Research_grounding-dino-tiny:vehicle_taillight:02,vehicle_taillight,vehicle_body,grounded-sam2[IDEA-Research/grounding-dino-tiny|facebook/sam2.1-hiera-tiny]/profile-refine,0.3554392158985138,0.82779296875,23908ccc185b609f48d7a1f5d81f84fe6074025b3b8a289fdfdf58e1112cb69d,e76558ae996e36625e0f98e2a6ed61c283de6924946a17e825574d449e220ce7,True
test226,car_automobile__01,root:1/profile-refine:IDEA-Research_grounding-dino-tiny:vehicle_tire:01,vehicle_tire,vehicle_wheel,grounded-sam2[IDEA-Research/grounding-dino-tiny|facebook/sam2.1-hiera-tiny]/profile-refine,0.36534345149993896,0.8527363281250001,dbd7281054e3e2eb6d2971b0485e44a9dbdf9916fb38ac665bccfa053f8c0c27,100a7ada258221ae9925679478479437162aa5173d91fdc6da52a5adcbb04bca,True
test226,car_automobile__01,root:1/profile-refine:IDEA-Research_grounding-dino-tiny:vehicle_trunk:01,vehicle_trunk,vehicle_body,grounded-sam2[IDEA-Research/grounding-dino-tiny|facebook/sam2.1-hiera-tiny]/profile-refine,0.3076699376106262,0.8521562500000002,c3c06d76b1b5aec4d8a5d59ea608904bb2cc7b365facd8715932dd6e70c08078,a36f5a47546c5910937ccd89fa453aaf2eeae2f8d9ab7606cb3353e02e1719fc,True
test226,car_automobile__01,root:1/profile-refine:IDEA-Research_grounding-dino-tiny:vehicle_window:01,vehicle_window,vehicle_body,grounded-sam2[IDEA-Research/grounding-dino-tiny|facebook/sam2.1-hiera-tiny]/profile-refine,0.36817848682403564,0.852349609375,edf4e0a1de7b65beefbcbddab5c2ab31de4b9b8a5de3528307f97c1b5e39e0ac,bc80f3d88072b8d278260b46777103e9257b298a09a6687a165764af48f876a7,True
test226,car_automobile__01,root:1/profile-refine:IDEA-Research_grounding-dino-tiny:vehicle_window:03,vehicle_window,vehicle_body,grounded-sam2[IDEA-Research/grounding-dino-tiny|facebook/sam2.1-hiera-tiny]/profile-refine,0.2743513584136963,0.855443359375,d1d3fd81558460ea89c7822629b87d66f7c6127f609a613d06edbc7dc1a58db0,9b3aaa060fe62425b66aab74378f29c2e6f85db9c22a8777bd599deaecebfb38,True
test226,car_automobile__01,root:1/profile-refine:IDEA-Research_grounding-dino-tiny:vehicle_windshield:01,vehicle_windshield,vehicle_body,grounded-sam2[IDEA-Research/grounding-dino-tiny|facebook/sam2.1-hiera-tiny]/profile-refine,0.4003390371799469,0.8386210937500002,075de434cf82eaadc82961baa1f3fdc26472b896548e6b13572ca489b4330874,528321405a7e48647a1aafb1a6516d0884b4a77d7285a2e5cdd7fa8f3b39a6d3,True
test226,car_automobile__01,root:1/profile-refine:IDEA-Research_grounding-dino-tiny:vehicle_wiper:01,vehicle_wiper,vehicle_body,grounded-sam2[IDEA-Research/grounding-dino-tiny|facebook/sam2.1-hiera-tiny]/profile-refine,0.27835485339164734,0.8130976562500001,ebd21ac4b895e4c9b8086c13dbe296e452feb0f0720cbfc05f7e4708c7cf81bd,ebc0c6502423cde3285995dbdf2b2dd5389a1654c422ca4d314285b440d12a81,True
test226,car_automobile__01,root:1/profile-refine:IDEA-Research_grounding-dino-tiny:vehicle_wiper:02,vehicle_wiper,vehicle_body,grounded-sam2[IDEA-Research/grounding-dino-tiny|facebook/sam2.1-hiera-tiny]/profile-refine,0.2656899094581604,0.8231523437500001,dfbfa58f84d314060bbf6d589eecee91579f84cffb6143ea1243088619d74070,ca3e98bba682a7a387f010feb20ce74fdcafcf48fbe1efffdfa8301505defaa7,True
test226,car_automobile__01,root:1/visual-region:01,vehicle_trunk,vehicle_body,sam2-amg[facebook/sam2.1-hiera-tiny]/point-grid,0.7616406662078038,0.68,e58a11cdb07c7306f21d99da916cdea54dac11132733c468f41405ddce73975d,be6193a88a96617dc33a4c36c059b8d2759a9848de3d31149e12af3dcbe8df50,False
test226,car_automobile__01,root:1/visual-region:09,vehicle_door,vehicle_body,sam2-amg[facebook/sam2.1-hiera-tiny]/point-grid,0.7366666583021231,0.68,34ea037d866a071144430abff3ef2d9ace7d72b053c1eed653ea8dddd1e4b7b1,121138dfda3a011a50c0621936e75e90f43f4ee083d570df04ed8fd2ef26b1ea,False
test226,car_automobile__01,root:1/visual-region:11,vehicle_bumper,vehicle_body,sam2-amg[facebook/sam2.1-hiera-tiny]/prototype-labelled-region,0.7319630494287229,0.6035591155757905,9a71c84c4bce2d23224f7d3575d18da16bef9e6cfb227c11659602d6bbc58f7e,58fc230c4eb5e58b0cf571eff7df38f19ddea9fc3eeaeca1118f499cfb475186,False
test226,car_automobile__01,root:1/visual-region:12,vehicle_wheel,vehicle_body,sam2-amg[facebook/sam2.1-hiera-tiny]/point-grid/semantic-rerank,0.5067172278163565,0.66,b96805f544ef922d507ae66c0418d2b7753a7bbbb1d2799825670ffc7e1253a9,679b4646cc64039d8ee6998cdee3db894e1045d4edd00707acc4d1e9d28b1787,True
test226,car_automobile__02,root:1,vehicle,vehicle,grounded-sam2[IDEA-Research/grounding-dino-tiny|facebook/sam2.1-hiera-tiny]/root,0.5684158205986023,0.9949218750000001,ca3e9083cd353303bdd0c1010d589c0d603a4667e29a794ba3bbf9bfbc49b7da,1fde1a2045ba9253db308da228cfb7cdb38f938a2e3c4a746b6905a2585f6783,False
test226,car_automobile__02,root:1/profile-refine:IDEA-Research_grounding-dino-tiny:vehicle_antenna:01,vehicle_antenna,vehicle_body,grounded-sam2[IDEA-Research/grounding-dino-tiny|facebook/sam2.1-hiera-tiny]/profile-refine,0.2540460228919983,0.7334335937500001,13d4932658360a722e0f151d64987992c9e150b50a9a82e2cb98b7289ae0a6e4,b61803a48677dfa322154583a89431d8c458194453a01391a4a9f6b0b51eacc0,True
test226,car_automobile__02,root:1/profile-refine:IDEA-Research_grounding-dino-tiny:vehicle_badge:02,vehicle_badge,vehicle_body,grounded-sam2[IDEA-Research/grounding-dino-tiny|facebook/sam2.1-hiera-tiny]/profile-refine,0.250545859336853,0.8614375000000001,e35554977f67c5237d240e9c7af1e3c29263dc8552d37fa07ab69e6dee3f9b13,7c23e045fe782bac4065a586bd8c433f683db7e758d43427e929fc665673a11e,True
test226,car_automobile__02,root:1/profile-refine:IDEA-Research_grounding-dino-tiny:vehicle_fender:01,vehicle_fender,vehicle_body,grounded-sam2[IDEA-Research/grounding-dino-tiny|facebook/sam2.1-hiera-tiny]/profile-refine,0.41418781876564026,0.853896484375,b2926815c0d7c76550aae0487aa1bba09d3a45b51e09b1548cdf9c4dd91afb70,e19fe6c7b79118e96f596a81ff2c1d7d48ba7de512f9c4d506a112c2a118a4a1,True
test226,car_automobile__02,root:1/profile-refine:IDEA-Research_grounding-dino-tiny:vehicle_grille:01,vehicle_grille,vehicle_body,grounded-sam2[IDEA-Research/grounding-dino-tiny|facebook/sam2.1-hiera-tiny]/profile-refine,0.29320207238197327,0.856796875,da667193637b6fbf6256c02b887ab11c789d106dd976107c9cbac56700eadc9e,1b04699dfedbc240cc2184b5148fc909b63c12efa8790ddf1e3523cf7b941848,True
test226,car_automobile__02,root:1/profile-refine:IDEA-Research_grounding-dino-tiny:vehicle_headlight:01,vehicle_headlight,vehicle_body,grounded-sam2[IDEA-Research/grounding-dino-tiny|facebook/sam2.1-hiera-tiny]/profile-refine,0.2936069667339325,0.847515625,89f7977cafd40832eea79bb45a393a6a55bc6b992e7cbf81a7ac1bc5ad851944,7d86045cc7dd001edf7427663b4beec27433de89494ae9b850a338a7b7e27711,True
test226,car_automobile__02,root:1/profile-refine:IDEA-Research_grounding-dino-tiny:vehicle_headlight:02,vehicle_headlight,vehicle_body,grounded-sam2[IDEA-Research/grounding-dino-tiny|facebook/sam2.1-hiera-tiny]/profile-refine,0.2835829555988312,0.85254296875,a01e92c6d805ab00377cb090fb788e6fe80630f3c2bf19947004e7ce642cd42e,079dc1a536682dbd4876bf5bff57586d262b271c2aa45a80d691f7a05b0252c6,True
test226,car_automobile__02,root:1/profile-refine:IDEA-Research_grounding-dino-tiny:vehicle_hood:02,vehicle_hood,vehicle_body,grounded-sam2[IDEA-Research/grounding-dino-tiny|facebook/sam2.1-hiera-tiny]/profile-refine,0.249996155500412,0.841908203125,cdf1f1bec1623ee01726533cf32f2b0dde146f1ef3b33bdac8dc99e1d5fb5cfa,034b3735eb5cb5a5fdcfa8505225fc258faac3a66687c61305c83e1f0abc5db3,True
test226,car_automobile__02,root:1/profile-refine:IDEA-Research_grounding-dino-tiny:vehicle_mirror:01,vehicle_mirror,vehicle_body,grounded-sam2[IDEA-Research/grounding-dino-tiny|facebook/sam2.1-hiera-tiny]/profile-refine,0.25515803694725037,0.8529296875,25014c4c38952ceb69062d5be4c75446e36db0ba99faf26ac1bb6b8b860728b1,024d9f212ea845ca31a466c52967653853d4b221dbadd0c65768786316baf33b,True
test226,car_automobile__02,root:1/profile-refine:IDEA-Research_grounding-dino-tiny:vehicle_roof:01,vehicle_roof,vehicle_body,grounded-sam2[IDEA-Research/grounding-dino-tiny|facebook/sam2.1-hiera-tiny]/profile-refine,0.40627291798591614,0.8297265625,02a73187945f90c25ab699c8b908970087bc540e86408a325d7afbde09c5cd13,7fbaf3c85557a4c42bb61d492d4d155c4749e4d8e33b2516f39f957c1ce56d09,True
test226,car_automobile__02,root:1/profile-refine:IDEA-Research_grounding-dino-tiny:vehicle_seat:02,vehicle_seat,vehicle_body,grounded-sam2[IDEA-Research/grounding-dino-tiny|facebook/sam2.1-hiera-tiny]/profile-refine,0.3749051094055176,0.8411347656250001,4e033b9e45c61af3f9136f30bf8f6f92193fe553e7b8435146f73ca910a179e9,353ab2df3610be7895754cd99f483ab86505fbbbdb246f8eb086f10b99dba080,True
test226,car_automobile__02,root:1/profile-refine:IDEA-Research_grounding-dino-tiny:vehicle_wiper:02,vehicle_wiper,vehicle_body,grounded-sam2[IDEA-Research/grounding-dino-tiny|facebook/sam2.1-hiera-tiny]/profile-refine,0.2514638304710388,0.7728789062500001,5b3bdf55f1084d07fdf6218be7255eba07a46973e33d47567c6a1b4483bb1391,6a88a8a077681176ad0150f278eb8275bbcd11b7689854d6ec3ae45e697e0136,True
test226,car_automobile__02,root:1/vehicle_guided_vehicle_bumper:01,vehicle_bumper,vehicle_body,grounded-sam2[IDEA-Research/grounding-dino-tiny|facebook/sam2.1-hiera-tiny]/retrieved-part,0.3937831068064683,0.8364338466962614,9ff508c5bd6765ed1d44db43ded2faba612947604972f4c678b8b5020e130ba6,97b03db1754dc25bc894ee335de1c6c396d784f15fcd3a782b22dded9a915daa,False
test226,car_automobile__02,root:1/visual-region:01,vehicle_visual_panel_01,vehicle,sam2-amg[facebook/sam2.1-hiera-tiny]/point-grid,0.7602753363837293,0.62,04ad25a79924279b62803ad9bbd647fa868537d0388bd7251e578dc439fa652e,e3b42c6ff43a52384f851c04ecf61ea10e084dab6f28a95c990010da88a46485,False
test226,car_automobile__02,root:1/visual-region:09,vehicle_fender,vehicle_body,sam2-amg[facebook/sam2.1-hiera-tiny]/point-grid,0.8181162475682631,0.68,40c73eccef65289df45c504b56917dc24170f9fbc388d1878b9dc84d1376ef21,c91605f3da406893326cd2f7eeec365b9929011caec5405be915c70951172b0a,False
test226,car_automobile__02,root:1/visual-region:10,vehicle_headlight,vehicle_body,sam2-amg[facebook/sam2.1-hiera-tiny]/point-grid,0.7607307080994317,0.68,2e22c30e108668e21011c6346741f43759ace2b4ce329e980f731d48d5783ab2,b357102e73decfce487bc28bb8a886dccdf37cc24ed3e6f2cb1f104fc03f5a8d,False
test226,car_automobile__02,root:1/visual-region:11,vehicle_visual_detail_06,vehicle,sam2-amg[facebook/sam2.1-hiera-tiny]/point-grid,0.7010875411382989,0.62,447668176d95c78dac8d39db4cc21c6d94496e3732d57dc5c270a51051bbbbae,e24d4890da07ce29013c1fbd45812e3d1a93eb23f3a85741f89d2b21a0451381,False
test226,car_automobile__02,root:1/visual-region:15,vehicle_turn_signal,vehicle_body,sam2-amg[facebook/sam2.1-hiera-tiny]/point-grid/semantic-rerank,0.49752036406558364,0.66,5cbf0d1a690b826db1442c855de081d69c0715f5e9afc6b866685c4e05324dc3,43daa2ca5f6577eb23e60805c662106f1bd8abe5937cb8e1f810de3207bad55c,True
test226,car_automobile__02,root:1/visual-region:16,vehicle_visual_panel_05,vehicle,sam2-amg[facebook/sam2.1-hiera-tiny]/point-grid,0.6535960220744238,0.62,53d5a0c52e4fe6cea93d6d35611da2fb14c7431fd3accb3d9b91b601615d16a4,c8af5d19685cf6dfb2dc077e515fa6296a777d0f4d55a865f5864b13e189bfef,False
test226,car_automobile__03,root:2,vehicle,vehicle,grounded-sam2[IDEA-Research/grounding-dino-tiny|facebook/sam2.1-hiera-tiny]/root,0.6489114165306091,0.9950195312500001,f5035481d16181b6e2f4f6dbbc812596c29cbeb24386785fff366d6c44fa9b64,7f70996cf53800d89bc3f8a9a9d369966d72ca20d6bd2a0b43e36768532173c5,False
test226,car_automobile__03,root:2/profile-refine:IDEA-Research_grounding-dino-tiny:vehicle_bumper:01,vehicle_bumper,vehicle_body,grounded-sam2[IDEA-Research/grounding-dino-tiny|facebook/sam2.1-hiera-tiny]/profile-refine,0.4049191474914551,0.8121308593750001,55605bd015206349a25c8ebb20a52ca7653207943cdee285855d6a10bdb4e68f,863887f9be5e4312f25c23acb5d3d46fda4d2ac50362845e2ac707571d168ba8,True
test226,car_automobile__03,root:2/profile-refine:IDEA-Research_grounding-dino-tiny:vehicle_dashboard:01,vehicle_dashboard,vehicle_body,grounded-sam2[IDEA-Research/grounding-dino-tiny|facebook/sam2.1-hiera-tiny]/profile-refine,0.316791832447052,0.84944921875,f2af982afdeff0584b569aae72ad0c0674307572dc79432ec0cdfc923666d66c,0352bab8c40720a84ccd4b60b8f2f837406d4c805871a829a5ebb79a8d92bb05,True
test226,car_automobile__03,root:2/profile-refine:IDEA-Research_grounding-dino-tiny:vehicle_door:01,vehicle_door,vehicle_body,grounded-sam2[IDEA-Research/grounding-dino-tiny|facebook/sam2.1-hiera-tiny]/profile-refine,0.38439205288887024,0.84596875,7feb7521f619a3fff8104539111b50ea812540bec49732cbc4dc4cc868543df5,5e8591fdec5646a28fd16d7dbfc007b9ca79490378acca97242400b5b6616254,True
test226,car_automobile__03,root:2/profile-refine:IDEA-Research_grounding-dino-tiny:vehicle_fender:02,vehicle_fender,vehicle_body,grounded-sam2[IDEA-Research/grounding-dino-tiny|facebook/sam2.1-hiera-tiny]/profile-refine,0.28517282009124756,0.8132910156250001,dfba95abfd56a01d76fdfd6f2c8b25cbe78e457021519c77ad5bc5d2f145a6f4,d4b90d4fd9720ad94f58249b4c83e9fd3a58f91464498b1727574dd985de2744,True
test226,car_automobile__03,root:2/profile-refine:IDEA-Research_grounding-dino-tiny:vehicle_grille:02,vehicle_grille,vehicle_body,grounded-sam2[IDEA-Research/grounding-dino-tiny|facebook/sam2.1-hiera-tiny]/profile-refine,0.2628418207168579,0.8127109375,30e004e964fbdcdcc2829368b02dede4b2d74133c2497b730b65fe9ebe2847bd,4580eefc52a1c2912fa48ceae7b581ce92e84c8decb5f96dfe95a4d11cca9004,True
test226,car_automobile__03,root:2/profile-refine:IDEA-Research_grounding-dino-tiny:vehicle_headlight:01,vehicle_headlight,vehicle_body,grounded-sam2[IDEA-Research/grounding-dino-tiny|facebook/sam2.1-hiera-tiny]/profile-refine,0.333720326423645,0.8540898437500001,6db8a1fb7ec7efa34072c10e845220b866a45d46ae106327f1aeb22cf5875f43,ea52f3bb5451cd243489cd97e64e7e96a2c6d5dd6b4d9bb13e02718086135805,True
test226,car_automobile__03,root:2/profile-refine:IDEA-Research_grounding-dino-tiny:vehicle_hood:01,vehicle_hood,vehicle_body,grounded-sam2[IDEA-Research/grounding-dino-tiny|facebook/sam2.1-hiera-tiny]/profile-refine,0.2760069966316223,0.836494140625,786de3531a88f2ef44529a64ab55396991f75e88755498a635b4ef5fe1861fd0,db18ec21c730ac99ab167ada9614b4d30d9a9647dec63875114553dc40021b8f,True
test226,car_automobile__03,root:2/profile-refine:IDEA-Research_grounding-dino-tiny:vehicle_rim:03,vehicle_rim,vehicle_wheel,grounded-sam2[IDEA-Research/grounding-dino-tiny|facebook/sam2.1-hiera-tiny]/profile-refine,0.30455854535102844,0.8579570312500001,90f56543280b866801b29dd3f71ba2eb079ca0f4080c3d205a09c1a35b53aa30,342d0e333ec9b7b40ed8433d14f9e576a0028fb6fec15d8f0ff2f3e9ff70c453,True
test226,car_automobile__03,root:2/profile-refine:IDEA-Research_grounding-dino-tiny:vehicle_roof:01,vehicle_roof,vehicle_body,grounded-sam2[IDEA-Research/grounding-dino-tiny|facebook/sam2.1-hiera-tiny]/profile-refine,0.2546016275882721,0.8469355468750001,daf61902bd0995ad1e3781370f0dad2c27a1b7b6c626f6da00f49b986d1bbdc2,59cb3c009ff0d9d62deefa630458464691ad02ba6caa5552e646cfcf76b0fdde,True
test226,car_automobile__03,root:2/profile-refine:IDEA-Research_grounding-dino-tiny:vehicle_seat:01,vehicle_seat,vehicle_body,grounded-sam2[IDEA-Research/grounding-dino-tiny|facebook/sam2.1-hiera-tiny]/profile-refine,0.2958398759365082,0.8129042968750001,3d94c448364c930c56ad54075581548e59ad77f84ca23fed179ae1f63ed6ffeb,9cdb7bd04d24bc3f6f92893e88847f06b203a5121f925d88b5fc4d471eeefb98,True
test226,car_automobile__03,root:2/profile-refine:IDEA-Research_grounding-dino-tiny:vehicle_steering_wheel:01,vehicle_steering_wheel,vehicle_body,grounded-sam2[IDEA-Research/grounding-dino-tiny|facebook/sam2.1-hiera-tiny]/profile-refine,0.3377494215965271,0.7489023437500001,807c0b34152b23e96a6fc70452516f1b09586506a48c68365a64c1d371365f9a,023391fce8f864f7e0ff37a3da54fd9295a54acffb38a98777ebf568366901dc,True
test226,car_automobile__03,root:2/profile-refine:IDEA-Research_grounding-dino-tiny:vehicle_window:02,vehicle_window,vehicle_body,grounded-sam2[IDEA-Research/grounding-dino-tiny|facebook/sam2.1-hiera-tiny]/profile-refine,0.3453260362148285,0.8245058593750001,05c1d830c526c63f5cf467adae57c2f511e9c5d92fef17e20b15d1594511233d,566a957fb06d828040f40d793bdaff88247e08f38f9fe6a999239fb4d41b8130,True
test226,car_automobile__03,root:2/profile-refine:IDEA-Research_grounding-dino-tiny:vehicle_windshield:02,vehicle_windshield,vehicle_body,grounded-sam2[IDEA-Research/grounding-dino-tiny|facebook/sam2.1-hiera-tiny]/profile-refine,0.3306873142719269,0.823345703125,5ca2180dcfd9d883047d7702168a91d6c6132681a2ecf480ad3b23a4f28616fe,32d27ec0f3c548f4573c318d782ff3f053abbe19bdcdc09e43153bd0bd20f95d,True
test226,car_automobile__03,root:2/profile-refine:IDEA-Research_grounding-dino-tiny:vehicle_wiper:01,vehicle_wiper,vehicle_body,grounded-sam2[IDEA-Research/grounding-dino-tiny|facebook/sam2.1-hiera-tiny]/profile-refine,0.32348695397377014,0.7984023437500001,c21499b43be0459e101f70b108903870febd1e3af8694cf266213d350c13f315,d16d54bfe765f0bbc3ef085c38da587d0182636e0d30e2d47c1521bfe34409ce,True
test226,car_automobile__03,root:2/profile-refine:IDEA-Research_grounding-dino-tiny:vehicle_wiper:02,vehicle_wiper,vehicle_body,grounded-sam2[IDEA-Research/grounding-dino-tiny|facebook/sam2.1-hiera-tiny]/profile-refine,0.26721689105033875,0.7583769531250001,8f662998e7304a9b90cd1e60dad0f5db4891cee287913a6f3a09ed99c9e15c76,e8f3d21662b1269304bd5a5c6a38f63fd371d4c293592624d38f97901b5e4408,True
test226,car_automobile__03,root:2/profile-refine:IDEA-Research_grounding-dino-tiny:vehicle_wiper:03,vehicle_wiper,vehicle_body,grounded-sam2[IDEA-Research/grounding-dino-tiny|facebook/sam2.1-hiera-tiny]/profile-refine,0.2512800693511963,0.7897011718750001,5f1cffe27bee527f7770a40432993e16d49bb9d9ef62856e1a923521a3415edc,3eed0a67ffab62d56842f418113acfd7a5465483d65c8ca736d4082ef2046f45,True
test226,car_automobile__03,root:2/vehicle_guided_vehicle_tire:01,vehicle_tire,vehicle_wheel,grounded-sam2[IDEA-Research/grounding-dino-tiny|facebook/sam2.1-hiera-tiny]/retrieved-part,0.4064420705036392,0.8408549792309291,20ab927c7299d3c035fe2e204cd63bab3a99b4f903adca60a3a48156602d87dc,fa510444ce13ac2ac387eff67b1ab92c1c545b920e5ed5364de0ec10f360ecba,False
test226,car_automobile__03,root:2/visual-region:01,vehicle_door,vehicle_body,sam2-amg[facebook/sam2.1-hiera-tiny]/point-grid,0.7737319494524653,0.68,3ab5e30bbb1760a272ca51dc3f7b3e2a176213db62eb498e515889f2afd1a0e2,b18b49b5fd101cff411a5b30d79ffcdffe6585b03a1af925d4d18b66eefe971e,False
test226,car_automobile__03,root:2/visual-region:05,vehicle_headlight,vehicle_body,sam2-amg[facebook/sam2.1-hiera-tiny]/point-grid/semantic-rerank,0.5503601649308139,0.66,c21cb694f6209f77b38c5cd2458aaa46637a12487cc3318d26accf00ea7f4fdc,4190d218d8f944fb675af1b67efe1d43f06765d72cc31c4ec5216138223f54bc,True
test226,car_automobile__03,root:2/visual-region:07,vehicle_fender,vehicle_body,sam2-amg[facebook/sam2.1-hiera-tiny]/point-grid/semantic-rerank,0.5883083714212617,0.66,b2accc86479507853ec4cfae5e6ded7e54ba2fe412507f5e70075f06a0b634da,4a0b8dbd2e5970b8920d1a0636603dd06781a8271a0f2dae31e265e746135193,True
test226,car_automobile__03,root:2/visual-region:11,vehicle_dashboard,vehicle_body,sam2-amg[facebook/sam2.1-hiera-tiny]/point-grid,0.6825786191475649,0.68,615339243d50bfc9986ae05d5aecd595390a4e0126bcf7aa94a210164d7cd209,6b1030cf217f636d0e745b37122cd72ca4c42db1812273fd3029274824d97075,False
test226,car_automobile__03,root:2/visual-region:13,vehicle_tire,vehicle_wheel,sam2-amg[facebook/sam2.1-hiera-tiny]/point-grid,0.8399191702611004,0.68,27ca9eef1324a8dbb3b3d2642a8b7fc31e44d7d7c8c17a4fb40d8adedee534c4,76907c50e078ffdb47d9866395883207a94ef1cd9d7e7e1d5f0fcb335576cee5,False
test226,car_automobile__03,root:2/visual-region:16,vehicle_handle,vehicle_body,sam2-amg[facebook/sam2.1-hiera-tiny]/prototype-labelled-region,0.792585685743668,0.6101247018346787,041fc58121e3ed5415e3be0f3f3c6283ceae7f0dab344e204c653af9c287917e,84df45eb88e2e87cdd188b6665da8e795e8a0e3b4375d27f39403f89e4300431,False
test226,car_automobile__03,root:2/visual-region:17,vehicle_headlight,vehicle_body,sam2-amg[facebook/sam2.1-hiera-tiny]/point-grid,0.7021587987345976,0.68,d002a7f3eba7089439910738c17226785322b736b47ace9e0bf5dc2948493515,ffb71a75b5dbfd1f530c7c0710abacfbdbc18e99824f797648d91146351a2dc0,False
test226,car_automobile__03,root:2/visual-region:18,vehicle_rim,vehicle_wheel,sam2-amg[facebook/sam2.1-hiera-tiny]/point-grid,0.7960101424889274,0.68,d08e5bb373f6ac1d616bdfbdcac8c1a74c468297a548a0e8cd17198c430731f6,a7807ea3bbffeebd94c58e29255446d53514a64cf089d26526aabb9d2ffbd836,False
test226,car_automobile__04,root:1,vehicle,vehicle,grounded-sam2[IDEA-Research/grounding-dino-tiny|facebook/sam2.1-hiera-tiny]/root,0.7676898241043091,0.9959960937500001,2734d550d5887803eef3268ee948fcbe3f1833e575fff2331a253905dfe0fd76,cabcf859129771d1659d38c49cd3fcf326e4f8012723dbd2115015b6ade5d7df,False
test226,car_automobile__04,root:1/profile-refine:IDEA-Research_grounding-dino-tiny:vehicle_door:01,vehicle_door,vehicle_body,grounded-sam2[IDEA-Research/grounding-dino-tiny|facebook/sam2.1-hiera-tiny]/profile-refine,0.4957352578639984,0.8521562500000002,d27005a8912cddee7442bce9afc65a69d91d58c4b9207fc0a288a2e01da95a82,097a08c73af0c0ad0fe9cf47e9256402656f583c7c20ec4f2395e38b826d9f57,True
test226,car_automobile__04,root:1/profile-refine:IDEA-Research_grounding-dino-tiny:vehicle_headlight:02,vehicle_headlight,vehicle_body,grounded-sam2[IDEA-Research/grounding-dino-tiny|facebook/sam2.1-hiera-tiny]/profile-refine,0.29209020733833313,0.8237324218750001,7c2be8d419be69e47ef10eeae1a6dd89e12eac463d4394e4d4e1a42e4a7c995e,1ba0c6fa66a5edabb402eb795b6b01e449f360d6cb1f612311fa538a965acc21,True
test226,car_automobile__04,root:1/profile-refine:IDEA-Research_grounding-dino-tiny:vehicle_hood:01,vehicle_hood,vehicle_body,grounded-sam2[IDEA-Research/grounding-dino-tiny|facebook/sam2.1-hiera-tiny]/profile-refine,0.28806814551353455,0.815611328125,4d437aff6aafb475695c293925f63bf08c2654fa8271df8f3a5948fc127d2871,142b4f6a6859c07c87a5162110432b5b5fddf715aadee2d857f5f3097de6c0ba,True
test226,car_automobile__04,root:1/profile-refine:IDEA-Research_grounding-dino-tiny:vehicle_mirror:01,vehicle_mirror,vehicle_body,grounded-sam2[IDEA-Research/grounding-dino-tiny|facebook/sam2.1-hiera-tiny]/profile-refine,0.39233678579330444,0.847515625,4e32ac5b577703e0c309952d521bcc1322552793a824f8c6b0f9adbfca2e1d7c,3e527e10d190da6bed7c35fc4b085eb03e983605dbbf39dee9130e170887d84a,True
test226,car_automobile__04,root:1/profile-refine:IDEA-Research_grounding-dino-tiny:vehicle_rim:02,vehicle_rim,vehicle_wheel,grounded-sam2[IDEA-Research/grounding-dino-tiny|facebook/sam2.1-hiera-tiny]/profile-refine,0.2884688675403595,0.86453125,12b68767993e6a4b9ed0d767e7cfbe0abe0771693d6c7168f7189c6d971128b6,cfd9855c281c048856a2c625cba8d503186b162d88cec81857916e4a4e86cae0,True
test226,car_automobile__04,root:1/profile-refine:IDEA-Research_grounding-dino-tiny:vehicle_tire:04,vehicle_tire,vehicle_wheel,grounded-sam2[IDEA-Research/grounding-dino-tiny|facebook/sam2.1-hiera-tiny]/profile-refine,0.28388065099716187,0.8246992187500001,1ddfca74142d6713a74f3b41c711fb19a021421eac3bcef6dea9e1347d9a4dbd,e99a62b1c84ab3715c562b517f715b9a3ec2ac23693a4643ac3ac8ceeb9d7803,True
test226,car_automobile__04,root:1/profile-refine:IDEA-Research_grounding-dino-tiny:vehicle_trunk:01,vehicle_trunk,vehicle_body,grounded-sam2[IDEA-Research/grounding-dino-tiny|facebook/sam2.1-hiera-tiny]/profile-refine,0.2728956639766693,0.8457753906250001,de9d92bef5f41f8c584ab2f25a9b1a2db552d60a61a66cb543847ad20319c6eb,7c9b30ccbe53325eaba5145c75c0cbd41fb3f2af5edcc762f0cd6978b4b63afb,True
test226,car_automobile__04,root:1/profile-refine:IDEA-Research_grounding-dino-tiny:vehicle_window:01,vehicle_window,vehicle_body,grounded-sam2[IDEA-Research/grounding-dino-tiny|facebook/sam2.1-hiera-tiny]/profile-refine,0.4326026439666748,0.843841796875,a122db1aa1cfd1112628d78cb31c3b027ba6aa7ca92f76a8c7e1bc18dac54270,28376c180b10c4f1e31a111dafda5371c78b4fd03498fe70d20f2b50e0ff7bf1,True
test226,car_automobile__04,root:1/profile-refine:IDEA-Research_grounding-dino-tiny:vehicle_window:03,vehicle_window,vehicle_body,grounded-sam2[IDEA-Research/grounding-dino-tiny|facebook/sam2.1-hiera-tiny]/profile-refine,0.28517282009124756,0.865498046875,c0111762bbdeb0d148622faee69969524dac2f4bfda02383cc02dc5dceb2c81c,16c2915bf586d2911c793052f4dd9aa53915dde2f69574f2538941c01085a6a0,True
test226,car_automobile__04,root:1/profile-refine:IDEA-Research_grounding-dino-tiny:vehicle_wiper:01,vehicle_wiper,vehicle_body,grounded-sam2[IDEA-Research/grounding-dino-tiny|facebook/sam2.1-hiera-tiny]/profile-refine,0.2965523898601532,0.8043964843750001,0c285e82982ca560615eed9746bdf29c3439094be9c8185a81e8490e4d7192e0,c630b95b034faa671938b24a666c45c58ace6a7f8ada0525b04eb4be59669a02,True
test226,car_automobile__04,root:1/vehicle_guided_vehicle_bumper:01,vehicle_bumper,vehicle_body,grounded-sam2[IDEA-Research/grounding-dino-tiny|facebook/sam2.1-hiera-tiny]/retrieved-part,0.4457593327321796,0.8070906209847226,cd89e68221cfcf0a991fc932fc9ecdabd701c54e4334359c8a326bc839f3de4e,f6aa36b03b0b1ebf3ed58dfec0ae090a04cf9ee13fb6bb1c1acf397d868bdd2c,False
test226,car_automobile__04,root:1/vehicle_guided_vehicle_windshield:01,vehicle_windshield,vehicle_body,grounded-sam2[IDEA-Research/grounding-dino-tiny|facebook/sam2.1-hiera-tiny]/retrieved-part,0.4188441537454761,0.8364934397361835,5a4610af979f99cc18343a4a5f5c68fdb1c0565846cde012b2d145c82023203b,aef8a91f36d36350ff2641661d39bc1a08733f952338340e19e61c89999094a8,False
test226,car_automobile__04,root:1/visual-region:01,vehicle_roof,vehicle_body,sam2-amg[facebook/sam2.1-hiera-tiny]/prototype-labelled-region,0.8273841793444212,0.6078478211975098,11b47de4f879a4f7ceefaa4c362b791752d37c99316dd5d9498c763d486b667d,2d8eab85a543a4e2eec77ca83cd1170c7ffc43501e3b8452b754f4802c2a5fa8,False
test226,car_automobile__04,root:1/visual-region:03,vehicle_door,vehicle_body,sam2-amg[facebook/sam2.1-hiera-tiny]/point-grid,0.7743235223087419,0.68,39c2913777c5e6bb0ed7147899c268260ff3f322fb006584baf3bfc8e00adb56,ee9ef16c0bb2263d3219a9e89f56b1efa36bd947f13d23fa4ed5f3a1183f557c,False
test226,car_automobile__04,root:1/visual-region:05,vehicle_mirror,vehicle_body,sam2-amg[facebook/sam2.1-hiera-tiny]/point-grid,0.8314804922371264,0.68,83f2294def95da00e6de335e6248f979721b42dff18c9e5945b6815a9704ddec,012003f444f5f5ead3aab782a7145425da0946e5d4a9c84fc89b15dac709c3a0,False
test226,car_automobile__04,root:1/visual-region:06,vehicle_taillight,vehicle_body,sam2-amg[facebook/sam2.1-hiera-tiny]/point-grid/semantic-rerank,0.497106388883924,0.66,eb4d3126389b551c6f59869d090a77e8df5d9f65351d608ad5cf174b86ba2f8a,7b7480661652b001d4d3a6e5336f7142da9b618da84520868b59c814e04b33d4,True
test226,carton__01,root:1,container,container,grounded-sam2[IDEA-Research/grounding-dino-tiny|facebook/sam2.1-hiera-tiny]/root,0.43572142720222473,0.9670898437500001,39d40ffc6e01b693c2e8bab70f7e2c5e7bfcf85725885bc6fdeba0503745a0c2,8f69932e494b8a01a0bfd34f617fb3139defbfb9297857b4280d841de18871e1,False
test226,carton__01,root:1/profile-refine:IDEA-Research_grounding-dino-tiny:container_base:01,container_base,container_body,grounded-sam2[IDEA-Research/grounding-dino-tiny|facebook/sam2.1-hiera-tiny]/profile-refine,0.3954259753227234,0.801689453125,db6a95ddf36ed9cc4f4c87558a7f89607e42667e9fb234a9ff47b697d05cc7a0,bf80e560e196b9a49fa27c563bfc54d4ac13cb18e812cfa08a08db70c992d461,True
test226,carton__01,root:1/profile-refine:IDEA-Research_grounding-dino-tiny:container_label:01,container_label,container_body,grounded-sam2[IDEA-Research/grounding-dino-tiny|facebook/sam2.1-hiera-tiny]/profile-refine,0.5202069282531738,0.8038164062500002,007fe78843b9ce3e569a0d5274497ce8f337ea05e6cf0ee915087d869b2e999f,8325b69bbdb7d3fd11ef1da4872c17c481bdc7f79d10af5e401e2d0f295df3b8,True
test226,carton__01,root:1/profile-refine:IDEA-Research_grounding-dino-tiny:container_label:02,container_label,container_body,grounded-sam2[IDEA-Research/grounding-dino-tiny|facebook/sam2.1-hiera-tiny]/profile-refine,0.4038606882095337,0.87033203125,ee4ef1eb98f97ca963e5155e19a8309da138b923ddc04e3310687735404cdf5e,23837e51ea67da461eb6c0bba599191092adb8c54a84f7425bea4e9aad566703,True
test226,carton__01,root:1/profile-refine:IDEA-Research_grounding-dino-tiny:container_label:04,container_label,container_body,grounded-sam2[IDEA-Research/grounding-dino-tiny|facebook/sam2.1-hiera-tiny]/profile-refine,0.257951945066452,0.8223789062500001,ac56ccf85604dd3011bcfbf594b0b78a3c02d607b313f9ef715f2002d2bc04e3,8a1aac741bdc33f08ea1a3fc8a1fa90016a29f773d474f7797ce2a00f8889ee6,True
test226,carton__01,root:1/profile-refine:IDEA-Research_grounding-dino-tiny:container_lid:01,container_lid,container_body,grounded-sam2[IDEA-Research/grounding-dino-tiny|facebook/sam2.1-hiera-tiny]/profile-refine,0.2617081105709076,0.8455820312500001,7ebf44216a28b886ec869e5b888c689d2c4fdf959a169186929ba8def5794701,882527d6206a4bdf98ebe1d0eac6ad7de97b13352806ae3242a48e590d7ac697,True
test226,carton__01,root:1/profile-refine:IDEA-Research_grounding-dino-tiny:container_shoulder:01,container_shoulder,container_body,grounded-sam2[IDEA-Research/grounding-dino-tiny|facebook/sam2.1-hiera-tiny]/profile-refine,0.39893320202827454,0.8022695312500001,c5f68787410260761bd047f54270ca10b1872689b8739a821deff4fed2ab0eab,d7c14cb9851fc10f4d14e27b15ccf552273f96adaa60f6071a5b328d9ba6e960,True
test226,carton__01,root:1/profile-refine:IDEA-Research_grounding-dino-tiny:container_side:02,container_side,container_body,grounded-sam2[IDEA-Research/grounding-dino-tiny|facebook/sam2.1-hiera-tiny]/profile-refine,0.2994123697280884,0.8631777343750001,d5e893d40435975540ee615187017cd591602a505f5cab25e05dccb1412e4567,42bf75877b1b54e14cff2acde837e8aef7c5d5ae5a9990c79f5c83892426f218,True
test226,carton__01,root:1/visual-region:01,container_visual_panel_01,container,sam2-amg[facebook/sam2.1-hiera-tiny]/point-grid,0.773109526451341,0.62,8fa7b2352a8b78c6bbb2445c1145a75c6d6bb81c0c0870304777a517985771c8,d382f21b3f9eff3cc650bc5f6b4b504f671309f9f90138cb0e060e68ab38d3f3,False
test226,carton__01,root:1/visual-region:03,container_visual_panel_03,container,sam2-amg[facebook/sam2.1-hiera-tiny]/point-grid,0.6932078464971207,0.62,79e39d0914d909a2a1b330b05f5af9df70148031ea943ca76978fdd1ed389676,7ea013ee65a264c56ee1fbbc2ff487c53416e976b17de4f9e79de50b78c36f84,False
test226,carton__01,root:1/visual-region:06,container_label,container_body,sam2-amg[facebook/sam2.1-hiera-tiny]/point-grid,0.7904900993401576,0.68,6d5ed6ce68f7e2df397fefd101ccde258777c3200e658ac05ed15339a5ae3111,7cc21ff791b186268f5568240ace74d02ad595beaa39db308f80256c755b2100,False
test226,carton__01,root:1/visual-region:07,container_visual_strip_01,container,sam2-amg[facebook/sam2.1-hiera-tiny]/point-grid,0.7580952194114908,0.62,57c26e77e9bf91f52d8071d627273ac90e49b8f85a314c9f1519497b93984d30,9bc458d9bee7e8a6b4cd4537eb04f8f4501fda1a36074d60f245fc05e83bf18d,False
test226,carton__01,root:1/visual-region:10,container_visual_panel_06,container,sam2-amg[facebook/sam2.1-hiera-tiny]/point-grid,0.838418519597874,0.62,e0062ac08b3bb7423b785036525990f00bd6f280ddf70c3bac5c25e7e93a25d3,a75e4ddc22f5d49dcee540902a568d6cdd3c606e265a49db86d587b9edbf8989,False
test226,carton__02,root:1,container,container,grounded-sam2[IDEA-Research/grounding-dino-tiny|facebook/sam2.1-hiera-tiny]/root,0.8473372459411621,0.9773437500000001,666e76c948777b3c74a03feefaf3fb0a93e92afcdcddeaac2c0214193697b11d,ac339b40f5f96ecd0d03c930d4894c4c86f66f62e2b3cf81733ce3cd3b5d8d00,False
test226,carton__03,root:1,container,container,grounded-sam2[IDEA-Research/grounding-dino-tiny|facebook/sam2.1-hiera-tiny]/root,0.474661648273468,0.9533203125,f848742aac97e291767e63745fe535ff65853b3b23124d4489ce351c7dddf592,2db284ef866cda13ed52e8660d8636a49fe149df89c377ba42832efc84061e16,False
test226,carton__03,root:1/profile-refine:IDEA-Research_grounding-dino-tiny:container_inner_wall:02,container_inner_wall,container_body,grounded-sam2[IDEA-Research/grounding-dino-tiny|facebook/sam2.1-hiera-tiny]/profile-refine,0.2520156800746918,0.7686250000000001,f9820dbdf815787b978272b7acd60ffec345ec7e2eba08ac98245cff42837100,8c9d85d9f17948effa058d93bc57085963dabb880d0f1de4a6e8a43248bc92a9,True
test226,carton__03,root:1/visual-region:01,container_lid,container_body,sam2-amg[facebook/sam2.1-hiera-tiny]/prototype-labelled-region,0.8501625233296537,0.6127563694505692,7a5d99f79d6b33ca6e642021419d611baefdcab1b8e7f37f6487929b75fa1f7b,b91846fe67f3005656472b93a2c8c92c298a94fe94436e80a44796b1cdc1c474,False
test226,carton__03,root:1/visual-region:06,container_shoulder,container_body,sam2-amg[facebook/sam2.1-hiera-tiny]/point-grid/semantic-rerank,0.5969131368699958,0.66,142158d46040cbd2bc6c4950c2a697a14e1b55e477b477a541c4ef853e247ebb,050f8410e56ae3d008cec15c4f8bb01b4da8fbe80619e53f899662de19e9a4bf,True
test226,carton__03,root:1/visual-region:09,container_visual_panel_08,container,sam2-amg[facebook/sam2.1-hiera-tiny]/point-grid,0.8874884146053963,0.62,67a5390ac93ddb3f1f68c612b8bc5590ce2d4d17a4ae9e40e335c0dad04da0c2,103e6b1765f1738c3e22ddd6973bca5657a61b4c8967d3409ef4f4236b8e29c9,False
test226,carton__03,root:1/visual-region:10,container_visual_panel_09,container,sam2-amg[facebook/sam2.1-hiera-tiny]/point-grid,0.8869558298946365,0.62,95412086e804e5cd54b306d027a7776fe2c4fe90d146da9bfd8964fc66f45715,87c6bf7524a3ef59332195ce08b88d84cfa9cde033723a7bfe7a37b801155aee,False
test226,carton__03,root:1/visual-region:13,container_base,container_body,sam2-amg[facebook/sam2.1-hiera-tiny]/point-grid/semantic-rerank,0.605968636232391,0.66,20dda985a291b7aeb9c76808082bd58d97dcadb6ddd3407cd1f81acdd5f7f8dc,2e9662954475f26209f4aaa0356ba7af45dba993cb97f9c150f6b5ba50a67f13,True
test226,carton__03,root:1/visual-region:15,container_side,container_body,sam2-amg[facebook/sam2.1-hiera-tiny]/prototype-labelled-region,0.8049667436255525,0.5997244718418122,aa9de4ec097d88ad291a77159e24557111622823bd6f91e62cc3c6bad94afc2b,bce514fb04e9aed0d41e6cb30da74579335a856dba3a462f78ff21d6473a3073,False
test226,carton__03,root:1/visual-region:16,container_handle,container_body,sam2-amg[facebook/sam2.1-hiera-tiny]/prototype-labelled-region,0.8264594283208995,0.6073292784547806,67a910cf400b9ab029dabd12d8b4f89e580bf15446c4d639ea71ecd12d92e1db,cdb996e2cf061e7e91b0c61d36627de364b3ecdbb630d786c0651f837bab2906,False
test226,carton__03,root:1/visual-region:18,container_side,container_body,sam2-amg[facebook/sam2.1-hiera-tiny]/prototype-labelled-region,0.702625090406422,0.6081015812511444,69e9aecbaaa5851fbf3e4d8a242174e270e5fd0a587b0f4db3cf3dbbb4b76526,982992e0824d31b328a36c6ae0a72f6c1073a11b3d36d0a73aeba98e21c0573e,False
test226,carton__03,root:1/visual-region:22,container_visual_strip_01,container_visual_panel_16,sam2-amg[facebook/sam2.1-hiera-tiny]/point-grid,0.7115854100231525,0.62,af25c537c5ed359a72bb37a65ebb20ad84937f92c34d85c4272baaa5e771c672,7ce08789d0a564088030f3f1e003a9279e71d12e7e93a832041bcdfac7bff5a6,False
test226,carton__04,root:2,container,container,grounded-sam2[IDEA-Research/grounding-dino-tiny|facebook/sam2.1-hiera-tiny]/root,0.37467628717422485,0.973828125,646ec8b1db2b6b057747c5e9fdee1bd849494ed6e14cae0bb6ad7b21172be38f,1eadb6f5b856c60b0391c0f24ded5e638556d46323d76f73073a2b8959a299b8,False
test226,carton__04,root:2/profile-refine:IDEA-Research_grounding-dino-tiny:container_handle:02,container_handle,container_body,grounded-sam2[IDEA-Research/grounding-dino-tiny|facebook/sam2.1-hiera-tiny]/profile-refine,0.28547152876853943,0.74658203125,031c1fc1ad57d2da2e9ac8ceb33e44cc8a062f3eb98517d4804e245b2251c3cb,f0be0cd14b411c78a60bcf63f55beffff2e66fe53b6334cfdc05d4b34a18015c,True
test226,carton__04,root:2/profile-refine:IDEA-Research_grounding-dino-tiny:container_label:02,container_label,container_body,grounded-sam2[IDEA-Research/grounding-dino-tiny|facebook/sam2.1-hiera-tiny]/profile-refine,0.36229208111763,0.862984375,1f493423fa2dc83c2c8151afcc081e62f8ffbf80daea4080ba338aba4039b5ad,3fd863145c44f950c2797124effe1affc6edb7bfe4b0ec0d3da4f3c68f65a733,True
test226,carton__04,root:2/profile-refine:IDEA-Research_grounding-dino-tiny:container_lid:02,container_lid,container_body,grounded-sam2[IDEA-Research/grounding-dino-tiny|facebook/sam2.1-hiera-tiny]/profile-refine,0.2708657681941986,0.862984375,399449d9bec36d910e179c0d0015a94b5216e35b48cf38a3b5e13b8a659c5551,dd85ac48d3319318d84b425261995093a58d462ee2c92218223dd27ade5fd613,True
test226,carton__04,root:2/profile-refine:IDEA-Research_grounding-dino-tiny:container_neck:03,container_neck,container_body,grounded-sam2[IDEA-Research/grounding-dino-tiny|facebook/sam2.1-hiera-tiny]/profile-refine,0.26454830169677734,0.862984375,926eaa66432840bd8e489da3f6d2c8c7d51af234001d27f0512a10d5c80b336e,c975e91d7ac63b805955223153881193f5c22fa04fb7c14541aac96c4fda0d4d,True
test226,carton__04,root:2/profile-refine:IDEA-Research_grounding-dino-tiny:container_opening:02,container_opening,container_body,grounded-sam2[IDEA-Research/grounding-dino-tiny|facebook/sam2.1-hiera-tiny]/profile-refine,0.24095316231250763,0.83359375,5faa09b9a7369ae112b5cdc3d8b22fdd72d27945b72344cadd9c2a93220b460e,02c852d28562e6ce36e37595f8184e70548f2b7afccfafd5f2737d79fd470de0,True
test226,carton__04,root:2/profile-refine:IDEA-Research_grounding-dino-tiny:container_spout:03,container_spout,container_body,grounded-sam2[IDEA-Research/grounding-dino-tiny|facebook/sam2.1-hiera-tiny]/profile-refine,0.25515803694725037,0.850416015625,6c992513bd0859b9f1c6560f16e00957531824ccbd7cb4af71cd50fde474f1ab,5b24b52b8feb8fe9e89bd93d57fa6636f690e9f2b8993706f012a710f63ccd1e,True
test226,carton__04,root:2/visual-region:03,container_label,container_body,sam2-amg[facebook/sam2.1-hiera-tiny]/point-grid,0.7489509906690629,0.68,ef463580676229fd645ddde0881ce2a121e6db171a0827b7eaa803f8c4d7a0bb,1065074e314a79e8ff46621e2318ebca3c6585a0b4ff99e30594b7d58994b76f,False
test226,carton__04,root:2/visual-region:05,container_inner,container_body,sam2-amg[facebook/sam2.1-hiera-tiny]/prototype-labelled-region,0.8697784465586682,0.5998398851242066,2cf2f7ef79c0cf2fec3b7f346354bed184ea1da0717cbb9eb3461e7458fd4250,b4f86339b663b09cae1d4f4c3f651eba07b544da184ee4cf20648370e55c9ad6,False
test226,carton__04,root:2/visual-region:14,container_visual_panel_02,container_visual_strip_02,sam2-amg[facebook/sam2.1-hiera-tiny]/point-grid,0.7113158234573992,0.62,d56f49bee68cbd68fe3be117101a49b6a920ba290d023c75ddd71cc972a8470e,2e115962433dcd5a7d6b364f94fc0acf966407fbffc83d677cc54fe5fb23c8bc,False
test226,carton__04,root:2/visual-region:17,container_visual_panel_05,container_visual_strip_02,sam2-amg[facebook/sam2.1-hiera-tiny]/point-grid,0.8992049960814963,0.62,b1ee9daa8a9e5c0cf4f87d799750783c6eccca9b3fd66536214e4a2623009679,d7d2a5a48fe7ade9fc254dd39bdc807770c63c2ee9da2e56067b21bf551da00f,False
test226,carton__04,root:2/visual-region:23,container_visual_panel_09,container,sam2-amg[facebook/sam2.1-hiera-tiny]/point-grid,0.8493017150195088,0.62,78bd00cacfd24beb789c8d8963a413bf6617fd335decf7e4122aa0d38ad66009,01e1756d18b83f440f66ee278f90ee968edaaaf3557ce3d68860a660f63ebc2c,False
test226,carton__04,root:2/visual-region:25,container_label,container_body,sam2-amg[facebook/sam2.1-hiera-tiny]/point-grid/semantic-rerank,0.5391098303977993,0.66,5e1cdd19caaef55ad29f0ba5a1775a8b03abeaba44885a288c667379171aac3d,98e3125a84f0fb12e6d3d08f485859b799be37c9f2fb1bb99e36f64b956475d6,True
test226,carton__04,root:2/visual-region:28,container_visual_panel_12,container,sam2-amg[facebook/sam2.1-hiera-tiny]/point-grid,0.8769209779411216,0.62,801c79a3a1d33a861bf3849ea1aa8358544e058a021516a73da4d50f9f7b531b,fb4a18d4a561e8fe75f519072118eb4e55681b61080a6a90ea1e3544de19d37b,False
test226,carton__04,root:2/visual-region:30,container_label,container_body,sam2-amg[facebook/sam2.1-hiera-tiny]/prototype-labelled-region,0.8813971694217264,0.6078809381504059,4af2eef5c1644aa96515fa928fbc34346415c6aa75546d30e4c9a6b8834a74be,e051c6b111cde6e18d025e8bf32a602f5414427627bd608596d8b1ca6b61ca22,False
test226,carton__04,root:2/visual-region:31,container_shoulder,container_body,sam2-amg[facebook/sam2.1-hiera-tiny]/point-grid/semantic-rerank,0.5571177759420177,0.66,889c7bd86700620e1d3d3822da6512a925f59a01af873c9fd61fca615402503d,f3bc0a7b9025723e6ea2960863c9ce2b95d4ebd96f435a5d408c6b01b3c054b8,True
test226,carton__04,root:2/visual-region:32,container_visual_panel_14,container,sam2-amg[facebook/sam2.1-hiera-tiny]/point-grid,0.7576446467555364,0.62,e611736f84281b44e2c47c3930d4df027fd6bd5e97b94977b31ef5e304147aa7,0444af87e2119acbb318691021b891a521741054d101b30cdd23695ec383b77c,False
test226,cellular_telephone__01,root:1,device,device,grounded-sam2[IDEA-Research/grounding-dino-tiny|facebook/sam2.1-hiera-tiny]/root,0.7201715111732483,0.9869140625,10e252964f5358e71fbdbc1fd27f096f59a419c62a46081d9d7d6840a2bc50bb,3e2ec9a82290dbee4b6c5dc40054f18e0340dcaf28af37f33676f9e692504abb,False
test226,cellular_telephone__01,root:1/profile-topology:IDEA-Research_grounding-dino-tiny:device_bezel:01,device_bezel,device_screen,hpid-topology-v2/surround,0.410424730181694,0.82,1bf5a7bed0df6f4ab3a752dd7c6698777edacf10b1f6534c591c101e7b83fb20,3435ec30e8cf70e1d9aecc4d2a5717c9b66c1130f463055a81041b139018c4c5,True
test226,cellular_telephone__01,root:1/visual-region:03,device_button,device_body,sam2-amg[facebook/sam2.1-hiera-tiny]/point-grid/semantic-rerank,0.574185199606067,0.66,02279545fe00bcfebf2c12cf48ec49a67e0c29892ad3ab34d3207f4d44855f8d,b70bac8ae3d4e435d1493319a6a88125263c204a4fb2d261caf90c8aa83ddc77,True
test226,cellular_telephone__01,root:1/visual-region:06,device_screen,device_body,sam2-amg[facebook/sam2.1-hiera-tiny]/point-grid,0.8930440016732877,0.68,f62f845a5f1285993581d7138dda42259ebddfaec534cb05865a2cb4706f95db,730d8d485d61e21f42531f9c56f018707ae3c1e082ae774f9aa9b4e6e37cfde1,False
test226,cellular_telephone__01,root:1/visual-region:08,device_flash,device_camera,sam2-amg[facebook/sam2.1-hiera-tiny]/point-grid/semantic-rerank,0.5175717252029969,0.66,7ddd822674ee98797bf1bb65e8c2ee91dcbffe506530ec7a690ea56ac8a14611,3c0d8525480b3b7f1ecb0dd3e359963fa32a5fcbd13c22fecf2b3c3afe9621d6,True
test226,cellular_telephone__01,root:1/visual-region:09,device_visual_panel_03,device,sam2-amg[facebook/sam2.1-hiera-tiny]/point-grid,0.916216811118044,0.62,e0ddd3dddfa95342eb570be5842915b83591d3742efb64cee9c929c63500f125,ae7c16acf27703f1c8e4321ce94f4f9399de4acbb3b182fde9590e1cd7e012a8,False
test226,cellular_telephone__01,root:1/visual-region:12,device_port,device_body,sam2-amg[facebook/sam2.1-hiera-tiny]/point-grid/semantic-rerank,0.5495505273091912,0.66,41a016a067e154166e6991a5a1559fb3031f76ce6d3f472596082b06dc18fb71,657e552847f4bc8a87074d952b397a30ef94e37c318f041d1a9157f9eae425b7,True
test226,cellular_telephone__01,root:1/visual-region:13,device_back_panel,device_body,sam2-amg[facebook/sam2.1-hiera-tiny]/prototype-labelled-region,0.8333385641999339,0.6098930694169998,df317568b47bef4a07f9ce1cd6bcce1e7bf4d1544a778939765cd2ee9fd21ccf,ad3981218b23ff75bd5ccea21fd2bb172d8984c791b7597dada4d2d1177d477b,False
test226,cellular_telephone__01,root:1/visual-region:14,device_port,device_body,sam2-amg[facebook/sam2.1-hiera-tiny]/point-grid/semantic-rerank,0.5305921116572586,0.66,c6ea48ddd2d740081a9c68de13cc0bfc3ee5aa66ee94b8f04f500242a9f2522d,9b3c2e3c4c656019420a3eede9fd111b0ce01d1bdd79f02f511e285373e0a652,True
test226,cellular_telephone__01,root:1/visual-region:15,device_button,device_body,sam2-amg[facebook/sam2.1-hiera-tiny]/point-grid/semantic-rerank,0.5967676339814243,0.66,77186d8d70746d503824353e9eca1f3d0ed8b79746ebe08c39892fa5c33e7b81,1790ba52f33885881d1996f268ade723266618b03dc4a97a76828da80026b754,True
test226,cellular_telephone__01,root:1/visual-region:16,device_button,device_body,sam2-amg[facebook/sam2.1-hiera-tiny]/prototype-labelled-region,0.7806873459966012,0.6011938048973083,bb6d15ebeaac3d9fb2173d2ea2ecd48bebd364e177af8f77d72e496df3b8ae49,9bab4868fd6ff25ba4ad0223c0557a0725194acddce42ecfc76c7edc9c301d12,False
test226,cellular_telephone__02,root:1,device,device,grounded-sam2[IDEA-Research/grounding-dino-tiny|facebook/sam2.1-hiera-tiny]/root,0.7784809470176697,0.9901367187500001,450afaebb7674f37340491987d81d120ce9ca90cfd60e0399e7df732fb3bec47,f9df44fcb53a17c72eacab06a554e67e8c5c1bbf00e7815e00b112a8e45fde97,False
test226,cellular_telephone__02,root:1/profile-dense:device_lens:02,device_lens,device_camera,clipseg-sam2[CIDAS/clipseg-rd64-refined|facebook/sam2.1-hiera-tiny]/profile-dense-supplement,0.1459929645061493,0.30897049348797306,77c7933f7b7309bf1559d5cb202c316448f16a4ef587e759b5476252e0f8fe97,41f64cca25c45278c1981c7b502a16944d289893aa63998ede33c58777b417c9,True
test226,cellular_telephone__02,root:1/profile-refine:IDEA-Research_grounding-dino-tiny:device_back_panel:01,device_back_panel,device_body,grounded-sam2[IDEA-Research/grounding-dino-tiny|facebook/sam2.1-hiera-tiny]/profile-refine,0.31058982014656067,0.8606640625,6bea2a074d392a9c50d665c42f2a4fd29208e325ee5963d532e254398761c8e6,758f2b9c21e463cb98c65c41ca1470f0a84dd15a5911d2d8435db21ed606da9d,False
test226,cellular_telephone__02,root:1/profile-refine:IDEA-Research_grounding-dino-tiny:device_microphone:02,device_microphone,device_body,grounded-sam2[IDEA-Research/grounding-dino-tiny|facebook/sam2.1-hiera-tiny]/profile-refine,0.29289859533309937,0.784287109375,eba3bffadab7c66bad1e4cb7ced809590cec9cf22f205d85d860b3cb678d5a76,2c455a7fcda591b9665859314ac7b3a6e7e160774459b4ee5c62c99708a7d47e,True
test226,cellular_telephone__02,root:1/profile-refine:IDEA-Research_grounding-dino-tiny:device_screen:01,device_screen,device_body,grounded-sam2[IDEA-Research/grounding-dino-tiny|facebook/sam2.1-hiera-tiny]/profile-refine,0.5504865646362305,0.8595039062500001,6bea2a074d392a9c50d665c42f2a4fd29208e325ee5963d532e254398761c8e6,6a6780aef52cabae1db69ba4241ff48551e31a57c16a884cea319a19182e3e9c,True
test226,cellular_telephone__02,root:1/profile-refine:IDEA-Research_grounding-dino-tiny:device_speaker:01,device_speaker,device_body,grounded-sam2[IDEA-Research/grounding-dino-tiny|facebook/sam2.1-hiera-tiny]/profile-refine,0.29209020733833313,0.828759765625,1d5c6eb10e815b606bd5c527a2ccdaf13f624fd652adaba5960149cbc822b8d0,46e1b43b6f99113ae6e2ec347df3de993529a3b8f8557fdf5545a04129b0e8af,True
test226,cellular_telephone__02,root:1/profile-refine:IDEA-Research_grounding-dino-tiny:device_speaker:02,device_speaker,device_body,grounded-sam2[IDEA-Research/grounding-dino-tiny|facebook/sam2.1-hiera-tiny]/profile-refine,0.28756770491600037,0.848482421875,ff6eaaf51d1a51f2421e094d98c179934b4be43c6008c857ef1fd5063075b4c7,3322d704e9e0cb49f95f066ff9873c1044b9ec10cba8dc852de6a3e38dd77494,True
test226,cellular_telephone__02,root:1/profile-topology:IDEA-Research_grounding-dino-tiny:device_bezel:01,device_bezel,device_screen,hpid-topology-v2/surround,0.5174573707580566,0.82,d6ca27291d6b3c35194e3c596fb603cb6f7c685cbbced0aef81927fe8593174c,5a9351a34ce6cdb92274c227ada5d4a23a474516483621c3692d724db43b177f,True
test226,cellular_telephone__02,root:1/visual-region:01,device_camera,device_body,sam2-amg[facebook/sam2.1-hiera-tiny]/point-grid/semantic-rerank,0.5507004729313102,0.66,95611a4026a4ef0ff1f03e92ffe97dc8da94880817db78d379209eaf1294a31e,041d85f49b2b42f0c81dbebce776bd7f2cfc743366bfbdf04e43c65450d7664d,True
test226,cellular_telephone__02,root:1/visual-region:02,device_visual_panel_01,device,sam2-amg[facebook/sam2.1-hiera-tiny]/point-grid,0.7480626163073529,0.62,c085399c65ce493215e43678f2662d7251fa3b9e9145971a0d5833473c9ab254,78cc56a88a0750d393dd29ee88bad9318f7bd58acb2297a4fff337a2f600227f,False
test226,cellular_telephone__02,root:1/visual-region:12,device_visual_panel_02,device,sam2-amg[facebook/sam2.1-hiera-tiny]/point-grid,0.794615304947966,0.62,a7e7e3233f2f44c14d7e02e29dba04b35a8979fb55a14309b6bb8a221153b32f,861876a384a655868b4134ad043ee21e3886841dcd54926acaec8c107dfc5a7d,False
test226,cellular_telephone__02,root:1/visual-region:13,device_visual_strip_03,device,sam2-amg[facebook/sam2.1-hiera-tiny]/point-grid,0.7938454407992104,0.62,b9ef69bcac6408319c913a2d5568d8771997db369f8aad8a52b15bde46f74a6e,078d6a39aababce4a24ac8a389d78a44195d8738067ededcbb3e60a9100c0e3f,False
test226,cellular_telephone__02,root:1/visual-region:15,device_button,device_body,sam2-amg[facebook/sam2.1-hiera-tiny]/prototype-labelled-region,0.6565433042748695,0.5832428515954018,656a66735e6ee1be62ab4dc3f3cbec2bf84b237c6bfbca318fdbcae7a1f0e1b1,ff182f6a691b2e5c9855188294fa553b551e961f17c7cebd4bb9d49a1e6ff9d2,False
test226,cellular_telephone__02,root:1/visual-region:18,device_back_panel,device_body,sam2-amg[facebook/sam2.1-hiera-tiny]/point-grid,0.7177094913035443,0.68,5d01148b22e06feabded2a58841f2d87476f8bfc7ee67be85ae47eb56b4ece87,89d9ca4d60a35a1d9260a9882b41c0c78271eeeecc15275b494f6b713a908ab3,False
test226,cellular_telephone__02,root:1/visual-region:19,device_camera,device_body,sam2-amg[facebook/sam2.1-hiera-tiny]/point-grid/semantic-rerank,0.5600149964735446,0.66,e93b4b33a2536880d50d08f28c08ecf2b6dab3bfc5cf66c908b4d22487aa874b,f01a258b64b2dc43a51347c8c7444acd7fc0babb91e83834e621a937615ec517,True
test226,cellular_telephone__02,root:1/visual-region:21,device_camera,device_body,sam2-amg[facebook/sam2.1-hiera-tiny]/point-grid/semantic-rerank,0.5533614796635082,0.66,4d291f326cde43039bc43a6ebad9eb700466cad0a00cbd1da04709b25b911fea,f910558c6bcaa979ac67cd84e41d4989c2ad079525890da980edfa00dbf69ea7,True
test226,cellular_telephone__02,root:1/visual-region:26,device_camera,device_body,sam2-amg[facebook/sam2.1-hiera-tiny]/point-grid/semantic-rerank,0.5486931811296454,0.66,c9f839eec228242ec9a65736d1eccef01c2ecc4aa5f0e9e0a8ed0f988d20899b,499d0c248750a0ddd2788c9d202d0c1581183762fee8c3b5ccb06bd37a16de30,True
test226,cellular_telephone__03,root:1,device,device,grounded-sam2[IDEA-Research/grounding-dino-tiny|facebook/sam2.1-hiera-tiny]/root,0.7142295241355896,0.994140625,8c361855e3e75db94bba93bbefef5220fae841309265cec0a9f360f03cffea56,7b2c14d1a1a2e797f94444e02a01ca1d66c0b55e83d923ab9a64d71677ef793d,False
test226,cellular_telephone__03,root:1/profile-refine:IDEA-Research_grounding-dino-tiny:device_screen:01,device_screen,device_body,grounded-sam2[IDEA-Research/grounding-dino-tiny|facebook/sam2.1-hiera-tiny]/profile-refine,0.4323030412197113,0.824892578125,f16600f9c069c8667be0be96115e27c2e7117670675a8099853df89bf6725f16,cc55ca8b79e0d5ed4bb6b680e25e248302ab282ce9f13239a3f71a1ec04b1204,True
test226,cellular_telephone__03,root:1/profile-topology:IDEA-Research_grounding-dino-tiny:device_bezel:01,device_bezel,device_screen,hpid-topology-v2/surround,0.4063648587465286,0.82,0740f0506eabb1aefc4014ac8a2c120c8914f0fb1af5bdc8b233fa061b938ebe,da169aef3a5a9837e7568e8250e7908ad84d9503921af888a85badd0ada02243,True
test226,cellular_telephone__03,root:1/visual-region:01,device_screen,device_body,sam2-amg[facebook/sam2.1-hiera-tiny]/point-grid,0.6558063539248005,0.68,cf2325067aa3cde314cd5edc7ba9771e541031b7fd99d0b3e305cfb2758e077e,426d50ee65a7da5b62e97caa476de5ae0ba0d21e7e8a3f471e2ce8dd5d2f1680,False
test226,cellular_telephone__03,root:1/visual-region:02,device_visual_panel_01,device,sam2-amg[facebook/sam2.1-hiera-tiny]/point-grid,0.7175359860105435,0.62,c2d97162a55acbfae7df54daa0e4f25450b51e6b15b6efa68f4f8ca6d0767d0b,a6fada23356cd3226ed05a807e6b2cdf0ef88db4f766258ac6caf0dce9479c4f,False
test226,cellular_telephone__03,root:1/visual-region:05,device_button,device_body,sam2-amg[facebook/sam2.1-hiera-tiny]/point-grid/within-root-repetition-consensus,0.5089653796623598,0.62,ecfd19a5ab9b6be5e1281e31d274272380730c44d288ef5e3af256d8cf4c56e3,9b70459f5c870b220f8a5179efd5778101533b4e31e10113ae9b20e8a7c9b955,True
test226,cellular_telephone__03,root:1/visual-region:06,device_visual_panel_02,device,sam2-amg[facebook/sam2.1-hiera-tiny]/point-grid,0.7220242102718983,0.62,ee363f375763c64e691899c8f0139c368d449f34b5e1396a565147d0209172fb,72aa638296b6de029ed3a361a325b712f668d61b0941a8df2b4f48240583c2cd,False
test226,cellular_telephone__03,root:1/visual-region:07,device_button,device_body,sam2-amg[facebook/sam2.1-hiera-tiny]/prototype-labelled-region,0.7135605025200961,0.6030702482519149,8f3b106bdf89219e24d5002854ccd812733c21d33398a5d84fc19a54b7a0c7b0,37bca39ce8397643316ee79ceb5f1388af1099a8c45f7db090ba6585f27c4a36,False
test226,cellular_telephone__03,root:1/visual-region:09,device_flash,device_camera,sam2-amg[facebook/sam2.1-hiera-tiny]/point-grid/semantic-rerank,0.6023940011869656,0.66,b41863906c5a3e49964a37d413d6d43f2ab39ddeb15d2b327cf2f1f37e4ce2a2,0900b76388e91781692ef056abcd82e90bec24ed4d39011c97bd19732b4897c9,True
test226,cellular_telephone__03,root:1/visual-region:10,device_button,device_body,sam2-amg[facebook/sam2.1-hiera-tiny]/point-grid/within-root-repetition-consensus,0.5457971579680504,0.62,5950907111944d5f7bef0a837ec91f3f25a18ab570a60310cbb2179424d28e43,8bb9b19a64f788e34cc828c9e471de6f228f0edacc8662aae878a35da20a20ba,True
test226,cellular_telephone__03,root:1/visual-region:13,device_button,device_body,sam2-amg[facebook/sam2.1-hiera-tiny]/point-grid/semantic-rerank,0.5878810424374755,0.66,24a82af35786dcc25a4bf3ef21f22fa9f87d69c295b08fcc39934af2e21238ee,a967cdc65912035a5268b31beb31c990334d12c2e0593eb853d70f3179e531f3,True
test226,cellular_telephone__03,root:1/visual-region:16,device_button,device_body,sam2-amg[facebook/sam2.1-hiera-tiny]/point-grid/semantic-rerank,0.5665313133907528,0.66,0d3af76f0f6685ec4b7231e05d48eb18ca8d6675259043731325fd293193ba00,d423043cdf08985c6e70cb3adcdeea974f02d5334948370af08fa1c2c395b678,True
test226,cellular_telephone__03,root:1/visual-region:18,device_button,device_body,sam2-amg[facebook/sam2.1-hiera-tiny]/point-grid/semantic-rerank,0.5945569915685246,0.66,99585edb91cffb66535214610e21d4d2883dc3febf051c7c13209a08ce933ce7,60c25105ff22ccf98b1e85501eb114255380a942703568f46622f7c60c83a9e4,True
test226,cellular_telephone__03,root:1/visual-region:20,device_button,device_body,sam2-amg[facebook/sam2.1-hiera-tiny]/point-grid/semantic-rerank,0.5630449078348234,0.66,dda8927821e89e9f14b816f7478449aef2749f3bd8b0283c80fe1f3d2bb31eca,a012cbf28b70781de8c9c1a4c22747e0e7426103299a9d70157b2564c2212095,True
test226,cellular_telephone__03,root:1/visual-region:21,device_button,device_body,sam2-amg[facebook/sam2.1-hiera-tiny]/point-grid/semantic-rerank,0.6017282837473851,0.66,073f71c2e8dd4cc9780cf510248467017551fd634ca5e6e63abee501fde6b2fd,32ce72f6fdee9a675896bd8f9f4aa7acc737b6d20fd0f16eb9775575a414a66d,True
test226,cellular_telephone__03,root:1/visual-region:22,device_button,device_body,sam2-amg[facebook/sam2.1-hiera-tiny]/point-grid/semantic-rerank,0.651437984369578,0.66,d634f21ddfef8604367845f2cbc57ad6546c2d0a21c9a83e6dcf2461dc08453d,a526f67e1acdbfc2b3397539bf4c08b1ed4b4d12b6218f20704f54759da089b5,True
test226,cellular_telephone__04,root:1,device,device,grounded-sam2[IDEA-Research/grounding-dino-tiny|facebook/sam2.1-hiera-tiny]/root,0.635448694229126,0.9921875,b9b0eb5ead8ffff94430b824c62fc205913e8c90f4f2657ce10f879bdc19a104,16814350d8e4cf07cfbb4d861d60ce0fe7613800619588270216b353f5bdc840,False
test226,cellular_telephone__04,root:1/profile-dense:device_lens:03,device_lens,device_camera,clipseg-sam2[CIDAS/clipseg-rd64-refined|facebook/sam2.1-hiera-tiny]/profile-dense-supplement,0.043385233730077744,0.27785634473435494,d79773b422becaf3c05a5b7122c6d999236975e91bdb5b87692ac515405840bb,df62c727cd7ead7a090d68ad089ad1fbcbc65600b4fe16dea4cf84a632aeeed8,True
test226,cellular_telephone__04,root:1/profile-refine:IDEA-Research_grounding-dino-tiny:device_back_panel:02,device_back_panel,device_body,grounded-sam2[IDEA-Research/grounding-dino-tiny|facebook/sam2.1-hiera-tiny]/profile-refine,0.2690374255180359,0.8678183593750001,e3b3117707b688cd82219393db1ac5a9a2abf480667aee1ac15cd3108ff6d25d,a2d5b4eec5474989ddbb667f65138f0bdd0da2f4e23eca37f1eaf375e07d4bc9,False
test226,cellular_telephone__04,root:1/profile-refine:IDEA-Research_grounding-dino-tiny:device_button:01,device_button,device_body,grounded-sam2[IDEA-Research/grounding-dino-tiny|facebook/sam2.1-hiera-tiny]/profile-refine,0.3107989728450775,0.8490625,10e4b6c0e78d26db3345ce7100aa9c28f6a00edab7a512f3c9975f9a41e37e6d,fdf204fc54055ec0b6df73b50c7c55125b58b12a156e28c6492c34145a865329,True
test226,cellular_telephone__04,root:1/profile-refine:IDEA-Research_grounding-dino-tiny:device_button:02,device_button,device_body,grounded-sam2[IDEA-Research/grounding-dino-tiny|facebook/sam2.1-hiera-tiny]/profile-refine,0.26549941301345825,0.8376542968750001,c791d6123fecf9923723368599b3d2e7cc962c6b8631cadf24d428002296197a,b81b96f280996d9fae0c3e4fb296521bdf3becef6a5f53590de39df8c8c0833b,True
test226,cellular_telephone__04,root:1/profile-refine:IDEA-Research_grounding-dino-tiny:device_camera:02,device_camera,device_body,grounded-sam2[IDEA-Research/grounding-dino-tiny|facebook/sam2.1-hiera-tiny]/profile-refine,0.2557152211666107,0.84094140625,b2d5d66a8535a65de3753c6b0ea185dfd880cfb5ee04bec2c29b6858010a73b2,a9296e35029600d45e49353b09837e31745a2c0fbb7268bc45463f9ce1e5c47a,True
test226,cellular_telephone__04,root:1/profile-refine:IDEA-Research_grounding-dino-tiny:device_microphone:01,device_microphone,device_body,grounded-sam2[IDEA-Research/grounding-dino-tiny|facebook/sam2.1-hiera-tiny]/profile-refine,0.3663630187511444,0.8241191406250001,e140bbd6a8dfdc250c1be31551c37502a1fd70ff1052e2f4e973032dc5fc8c12,0adf446005f26c25ef2bc6ae03520a3da56723238b5021a721cbcb15c03f95c6,True
test226,cellular_telephone__04,root:1/profile-refine:IDEA-Research_grounding-dino-tiny:device_screen:01,device_screen,device_body,grounded-sam2[IDEA-Research/grounding-dino-tiny|facebook/sam2.1-hiera-tiny]/profile-refine,0.6247515082359314,0.8678183593750001,9e7e6cf44b12a9d04115325835886a04f3bc7152f684241f0f653a8d11187195,720cb9d9d3d9d49301406c50a98c05d3b68c68ac81f65fb313c0f87b6de2a215,True
test226,cellular_telephone__04,root:1/profile-refine:IDEA-Research_grounding-dino-tiny:device_speaker:02,device_speaker,device_body,grounded-sam2[IDEA-Research/grounding-dino-tiny|facebook/sam2.1-hiera-tiny]/profile-refine,0.25534364581108093,0.8275996093750001,a0acf5174ddf107325c64208cbdeb6c069cb6f4aed84e150f4843672ab48ee44,cb977d137a7d56f014daeb66d1a99090826a15345880a7a23dc9f28960f3a98e,True
test226,cellular_telephone__04,root:1/profile-topology:IDEA-Research_grounding-dino-tiny:device_bezel:01,device_bezel,device_screen,hpid-topology-v2/surround,0.5872664177417755,0.82,571b6ea546524c312d808e645b21c92b2281393b3556b21269db3fb6e2f291e3,5b30facdb2db88af2c466d3694f09c0694f3c117b3253565869adab9350b84d1,True
test226,cellular_telephone__04,root:1/visual-region:05,device_visual_strip_01,device,sam2-amg[facebook/sam2.1-hiera-tiny]/point-grid,0.6554380571397933,0.62,0d95aaf6e615c0bbeed6b599e745d5d099ed2141b8ab5a4bd5354c3626905018,4934f2549be95d17335c7468d9e4d1fbb6b7fab28bc96596726087166ef075ce,False
test226,chair__01,root:2,furniture,furniture,grounded-sam2[IDEA-Research/grounding-dino-tiny|facebook/sam2.1-hiera-tiny]/root,0.46996113657951355,0.95615234375,568d5d69ad366591328f3dbfe7baa3eadd8a9259b4636b319b4582c13e400f3b,c58bd15040b208dea156376f0d31404eb2fe12e12dd20a266917dabff66a9b65,False
test226,chair__01,root:2/profile-dense:furniture_leg:03,furniture_leg,furniture_body,clipseg-sam2[CIDAS/clipseg-rd64-refined|facebook/sam2.1-hiera-tiny]/profile-dense-supplement,0.12058456242084503,0.3970516642383422,c95101cd298c1fd3afd3b55b3a1187e51ccc60439e548f20a022fd71bef6c9ba,9481f254fffabb6e74140412049090840f02390d1e55b20c35d56f12c877a920,True
test226,chair__01,root:2/profile-dense:furniture_seat:01,furniture_seat,furniture_body,clipseg-sam2[CIDAS/clipseg-rd64-refined|facebook/sam2.1-hiera-tiny]/profile-dense-supplement,0.7304087281227112,0.6959105612383655,478763bd944d3dff55622bf5863b3c72d9d774f3ab5e86088896c6a5bc6c1477,b55f7f246cb7f843947c02dd2e390eea6c117dbb9a66ab374d9ba367867f71c3,True
test226,chair__01,root:2/profile-dense:furniture_stretcher:01,furniture_stretcher,furniture_leg,clipseg-sam2[CIDAS/clipseg-rd64-refined|facebook/sam2.1-hiera-tiny]/profile-dense-supplement,0.6508500576019287,0.5891819508215788,3553f8831e0bd2270fe069470405d555e6f388fb73949c4fe05f30470ec8eaff,da94d1b0d64c54b5206602a86ca9480b0d8711d8b80a51729583756fcbbdd01e,True
test226,chair__01,root:2/profile-dense:furniture_stretcher:02,furniture_stretcher,furniture_leg,clipseg-sam2[CIDAS/clipseg-rd64-refined|facebook/sam2.1-hiera-tiny]/profile-dense-supplement,0.5938951969146729,0.5216412417939049,88ef6c77f4ffdd14dcbbcf5a0cf3f9103a26d88d5a7d5d349a346d16ab090088,ac9d4cd1e5d9048516ce5e9194ef6e2dad51497b3818f2521fddffb172600163,True
test226,chair__01,root:2/profile-refine:IDEA-Research_grounding-dino-tiny:furniture_stile:02,furniture_stile,furniture_backrest,grounded-sam2[IDEA-Research/grounding-dino-tiny|facebook/sam2.1-hiera-tiny]/profile-refine,0.30611205101013184,0.8624042968750001,cd941db6301d3f3754d6bef84eec09fd775ea5bb4da31405fef4420929b2c328,fb4abdf2ecfeacb44397c7581b960638e13cb4b064476ad8d3dd8c1c7c6f5a01,True
test226,chair__01,root:2/visual-region:01,furniture_visual_strip_01,furniture,sam2-amg[facebook/sam2.1-hiera-tiny]/point-grid,0.7857700631418202,0.62,6c91e9e932d69cc0435fab13bfbfe7c57ddb1ae08ed0fb857d3bd1c7b89309da,4049a0e11a7ce20863fd372fd463a684bbef4875566a3ad88ef5c646667a0728,False
test226,chair__01,root:2/visual-region:02,furniture_stretcher,furniture_leg,sam2-amg[facebook/sam2.1-hiera-tiny]/point-grid,0.9052005893503531,0.68,e5d6227c0c22554e9133c9fe8f43b109410e9c1c41949b98fbba8d17277a0e5d,4ab5daa079b6d1dccb8a8b7adb68597104d0b1c03e587a1dc222fb182bdb4fed,False
test226,chair__01,root:2/visual-region:04,furniture_stile,furniture_backrest,sam2-amg[facebook/sam2.1-hiera-tiny]/point-grid,0.8206819252266261,0.68,a091492d51423e274915fc4ebba639f9b61842593577e1afa9a44681903190e4,e28e7b4df2db86ae7c7c18b441c0186272ab7436f0b269a66612f1eb39b60fe3,False
test226,chair__01,root:2/visual-region:07,furniture_rail,furniture_body,sam2-amg[facebook/sam2.1-hiera-tiny]/point-grid/semantic-rerank,0.5969380744256724,0.66,d6953ca1c6f2d1ba644fcbbb9c5aa626353c46dc0b3a7ce2b24eeaf29360bba8,e4fdebcee4862972c689596186e1306b6e506f8ff2d4d59a3d40d2d3d055b77b,True
test226,chair__01,root:2/visual-region:08,furniture_leg,furniture_body,sam2-amg[facebook/sam2.1-hiera-tiny]/point-grid/semantic-rerank,0.6079592664006515,0.66,fce16c25dd5432b260175d445ffae4273a1f1713151cf8664edd343f750155ab,a8a76d346b2a5d22bccd9d5c55e31b250f4b1534086bae870423bb939c58c0af,True
test226,chair__01,root:2/visual-region:10,furniture_leg,furniture_body,sam2-amg[facebook/sam2.1-hiera-tiny]/point-grid/semantic-rerank,0.6109775309636236,0.66,0cc6e94afe6e003a708c742db96b375835253b8f0ec4337ad4a98fbad0c2e9b1,6952863134460fed9bfc74043b497d6fb2ddee6c7fe713f2ab495edfee831007,True
test226,chair__01,root:2/visual-region:12,furniture_spindle,furniture_backrest,sam2-amg[facebook/sam2.1-hiera-tiny]/prototype-labelled-region,0.7890499886756174,0.6001350574073792,2cf6c9c8b180912cef1a91229376d46e054e74b293419b96be90cf4737167ec7,813dbbcf644d971fdb1fdd70418f9d4a4a78bfae26c45f3008520bb1f8e98b9b,False
test226,chair__01,root:2/visual-region:13,furniture_leg,furniture_body,sam2-amg[facebook/sam2.1-hiera-tiny]/point-grid/semantic-rerank,0.579926773447458,0.66,2e5f11b710fbf26bf680e37d124bf413c8cf1306edc6c397ce2eb44ca29a9337,a0bbccc60ec6f79c09cc864a55a6177cb313a46e7554c511d0a86c235453ad07,True
test226,chair__02,root:1,furniture,furniture,grounded-sam2[IDEA-Research/grounding-dino-tiny|facebook/sam2.1-hiera-tiny]/root,0.4339214563369751,0.9613281250000001,dbd7c03a55325bf9f219cd1b76c1b2924149fb8cab0b08963f6859684ca94271,38de8a868c267a19019d4e3a9792edbc000bc6b8fc83fe8f9cdc73a80f522320,False
test226,chair__02,root:1/profile-dense:furniture_stretcher:01,furniture_stretcher,furniture_leg,clipseg-sam2[CIDAS/clipseg-rd64-refined|facebook/sam2.1-hiera-tiny]/profile-dense-supplement,0.5838197469711304,0.5047233045810717,f836670aa6c94de9292f134ce3bc5b848435647aaadd6fb19f11ab033c9af3fd,5ea585b2cef36c9241123f48f06f067e024dd345c52f3d66237a68e43edfb6ed,True
test226,chair__02,root:1/profile-dense:furniture_stretcher:03,furniture_stretcher,furniture_leg,clipseg-sam2[CIDAS/clipseg-rd64-refined|facebook/sam2.1-hiera-tiny]/profile-dense-supplement,0.4964465796947479,0.5304940320742437,bbc5abe7e72055daab6414b57fad323b862ca4aafcbbe228e8011794a3b3ce48,a0c3fc77205b05a0e7c56a584c07888a2a3f01cebaa6f84b05b915e988ad8f97,True
test226,chair__02,root:1/profile-refine:IDEA-Research_grounding-dino-tiny:furniture_apron:01,furniture_apron,furniture_body,grounded-sam2[IDEA-Research/grounding-dino-tiny|facebook/sam2.1-hiera-tiny]/profile-refine,0.25091278553009033,0.770365234375,7f52acc233150e0b070122d466b52438e9abf492cdd2d59a052a2448e7768a27,91da4808aad5910219e045fb19ba9519cd2b80cba3241af39e883b9d83429906,True
test226,chair__02,root:1/profile-refine:IDEA-Research_grounding-dino-tiny:furniture_seat:01,furniture_seat,furniture_body,grounded-sam2[IDEA-Research/grounding-dino-tiny|facebook/sam2.1-hiera-tiny]/profile-refine,0.2592625916004181,1.1000311523437503,335f520eb8b85a33b46d444b0c1bfc59a4db967ed2abeeb26a6897a2b6a71df1,d1327c3133953505ed13bc35457d85500c6e38991cfdc01ab1c2db9d3f59f822,True
test226,chair__02,root:1/visual-region:01,furniture_leg,furniture_body,sam2-amg[facebook/sam2.1-hiera-tiny]/point-grid/semantic-rerank,0.5325000219982318,0.66,cb130825c270f2defcfb0f9cdeaf31fcea48ee1709be82026e848bb93701339b,205c3b586e88d1bc6fbb848f293a54751ce47e42ea9afdbe0f846712f8a2f4f0,True
test226,chair__03,root:1,furniture,furniture,grounded-sam2[IDEA-Research/grounding-dino-tiny|facebook/sam2.1-hiera-tiny]/root,0.6709318161010742,0.9787109375,650c694629bbe2410f24b19a2b08933491d0462b4bfe8e69b8b862d2b411e233,fb77b08bf12c7ebbe30a2452cd4f45b54960421e4c9bfc47025dc9c07350e2eb,False
test226,chair__03,root:1/furniture_guided_furniture_backrest:01,furniture_backrest,furniture_body,grounded-sam2[IDEA-Research/grounding-dino-tiny|facebook/sam2.1-hiera-tiny]/retrieved-part,0.4141185669138127,0.7361677604107045,1db81e8198da6c21bfa81959ae87c5e5c59c53cbdd242d4dde44005a7d89bb19,61a9428ae51330587b4e5c6a2540114de03a9f7fe74020e879ae0967b5fbd79a,False
test226,chair__03,root:1/profile-dense:furniture_stretcher:01,furniture_stretcher,furniture_leg,clipseg-sam2[CIDAS/clipseg-rd64-refined|facebook/sam2.1-hiera-tiny]/profile-dense-supplement,0.8585619330406189,0.5680664096468516,e4f22db102070303787eca5d13dd0cb65a2ef8c0ad7b0fb927b7fa0a9924c605,5e0b65f6125c77615a00759fef24f69c4e2148c9590e86be56ebdb53984a2f77,True
test226,chair__03,root:1/profile-refine:IDEA-Research_grounding-dino-tiny:furniture_cushion:01,furniture_cushion,furniture_seat,grounded-sam2[IDEA-Research/grounding-dino-tiny|facebook/sam2.1-hiera-tiny]/profile-refine,0.348201721906662,0.83166015625,e79d2321d02cc5ae8d793f3b3dac3e6660e777ecacf3148c7723eff7c755edf9,7df3ca502abe1d55c1eea767918a5f2d0b99cf675b9285d2246a7fd7c44a64e8,True
test226,chair__03,root:1/profile-refine:IDEA-Research_grounding-dino-tiny:furniture_leg:01,furniture_leg,furniture_body,grounded-sam2[IDEA-Research/grounding-dino-tiny|facebook/sam2.1-hiera-tiny]/profile-refine,0.2971639037132263,1.01353828125,9caff672967c03cbb821769462c6b7634ff8527ad7b8e36f68aa0c3b489b72bb,e1b1bf1b3cc759b18dd0001d1abdbfd9478213ebedb4c79a9df85046d4d12454,True
test226,chair__03,root:1/profile-refine:IDEA-Research_grounding-dino-tiny:furniture_leg:02,furniture_leg,furniture_body,grounded-sam2[IDEA-Research/grounding-dino-tiny|facebook/sam2.1-hiera-tiny]/profile-refine,0.29007506370544434,1.02328359375,966f729070c6696d1f5b2787e3311bd3871ee7bbb0183b569427840530e6584f,89c45616161de94fb24b386cb5e595f66050832b00c2630a02be43c5bb7cce91,True
test226,chair__03,root:1/profile-refine:IDEA-Research_grounding-dino-tiny:furniture_leg:03,furniture_leg,furniture_body,grounded-sam2[IDEA-Research/grounding-dino-tiny|facebook/sam2.1-hiera-tiny]/profile-refine,0.2690374255180359,1.02374765625,8d422d7490c9707d6b6e94c522e4735bbd1d8690e8edcf9a962554b157a2ff20,1d3c7a403621121b58159a82b5d81af55256a3c5f46d28739fbe795b80863e96,True
test226,chair__03,root:1/profile-refine:IDEA-Research_grounding-dino-tiny:furniture_rail:01,furniture_rail,furniture_body,grounded-sam2[IDEA-Research/grounding-dino-tiny|facebook/sam2.1-hiera-tiny]/profile-refine,0.289572536945343,0.805169921875,2c5acc0e4d76924fd590226e54e9f151b587b1b469fc3524cf5131073df79745,14029b9e2aee81a4e9657447224480d404b066ebe061174aacac7ac0ef1c22a6,True
test226,chair__03,root:1/profile-refine:IDEA-Research_grounding-dino-tiny:furniture_seat:01,furniture_seat,furniture_body,grounded-sam2[IDEA-Research/grounding-dino-tiny|facebook/sam2.1-hiera-tiny]/profile-refine,0.4280540645122528,1.13657607421875,5ea4e5de6a21cb0194410eb352ac56450919d7f94a02e29c6beecb4401144e46,efc4e96b71b0612f212aa0eaab717b5bfbf192afcdc48c54a7f9ed0c7578a5ee,True
test226,chair__03,root:1/profile-refine:IDEA-Research_grounding-dino-tiny:furniture_stile:01,furniture_stile,furniture_backrest,grounded-sam2[IDEA-Research/grounding-dino-tiny|facebook/sam2.1-hiera-tiny]/profile-refine,0.2904774248600006,0.817158203125,2198d762e90157fd9cfc6b00a767b0b0a5a66d63e5e7c5a8a81df7330069144e,bff21437452105c48bbd4aa93e025e83bdd18256915d37f7df135167baacbabc,True
test226,chair__03,root:1/visual-region:01,furniture_spindle,furniture_backrest,sam2-amg[facebook/sam2.1-hiera-tiny]/point-grid/semantic-rerank,0.4913276128340414,0.66,426871463ff9f5de6451b7de59ff6df725c03b1b9f18743102ad144021e1f7b9,cf14aabe0e933c041889240ddcaeba8bb1fd735fab3b1b45131506191f363e02,True
test226,chair__03,root:1/visual-region:02,furniture_spindle,furniture_backrest,sam2-amg[facebook/sam2.1-hiera-tiny]/point-grid/semantic-rerank,0.5216864627408632,0.66,d4b730e7ecbc9188abebe54a3ef19e353179f8187eb8c9d31122077ead147bf6,d6d4ac510d30ee8de116e0018d47ef29952f6852475fe4d6c28e34d2716b7d54,True
test226,chair__03,root:1/visual-region:03,furniture_spindle,furniture_backrest,sam2-amg[facebook/sam2.1-hiera-tiny]/point-grid/semantic-rerank,0.5115226341534309,0.66,355e09c1c2eddc8658ef1b12f198e9dc5a706a02ce18e1233fcf01e55a3a9e7d,49084da0321f810f495102f723e8e40e492320af7946dd822f83fb5460d27507,True
test226,chair__03,root:1/visual-region:04,furniture_cushion,furniture_seat,sam2-amg[facebook/sam2.1-hiera-tiny]/point-grid,0.8029678093512296,0.68,67567ca51280ffb94ed4ba7802d5ecf79456da8c75dd4f27dd6168d9e01e756f,224aaec910019de3a7f1b53d419da30ae1d7620ce11dcabc563de5186b88225d,False
test226,chair__03,root:1/visual-region:06,furniture_visual_strip_05,furniture,sam2-amg[facebook/sam2.1-hiera-tiny]/point-grid,0.6364710641650009,0.62,0c047b80fc832b3f91a1a6a5cc205907be8af4ef310cee51025ced794a27d167,40e1b2882e216c5198aa1fa3bda90c10712c53dde0dbf438ff12da5f1717d6e2,False
test226,chair__03,root:1/visual-region:07,furniture_visual_strip_06,furniture_visual_strip_07,sam2-amg[facebook/sam2.1-hiera-tiny]/point-grid,0.7160786476404319,0.62,d00b349173da6e70dcf82949c3cad33aa376284ced958b9f61b6606c6196d559,45058e6ad9470d14c5ba7645d255b6829aa1d13755f80ffdb705e0573a440401,False
test226,chair__03,root:1/visual-region:10,furniture_visual_strip_09,furniture_visual_strip_08,sam2-amg[facebook/sam2.1-hiera-tiny]/point-grid,0.6589926254424303,0.62,578207fb5a526c318b596a74d87651e20673d51179525641847c5716f67722ca,162b89d32df75180dbb59420a1c80a21fbfa41c00383c9448bcdab5fb19cb583,False
test226,chair__03,root:1/visual-region:11,furniture_spindle,furniture_backrest,sam2-amg[facebook/sam2.1-hiera-tiny]/point-grid/semantic-rerank,0.5070494146036233,0.66,e3520d1cbaee0d6202a3299ccd66da1fb50feeb617cf799fcab2d42501831192,67f9704e9ea7b3b90102fb2c90952ffa5373037c70797ab43d5337d18219f0b0,True
test226,chair__03,root:1/visual-region:12,furniture_spindle,furniture_backrest,sam2-amg[facebook/sam2.1-hiera-tiny]/prototype-labelled-region,0.6733087246528637,0.6074361603336335,c15a8302d46c680c90ab923b63d14e0f5144d62d3684707003f0c693bdf77942,c24cef79de46881a6209f025085d6f47aed6c914b1c2f87d9e4d47d1e3605470,False
test226,chair__03,root:1/visual-region:13,furniture_leg,furniture_body,sam2-amg[facebook/sam2.1-hiera-tiny]/point-grid/semantic-rerank,0.5379061484668836,0.66,0e976a2be44bb8ef7eec38c83f56f58edb99ff24b15d23589a473937506f39bd,f32dac82a382eb019c9df37355d352524a81c432acdb4b8f5156c69608de3136,True
test226,chair__04,root:1,furniture,furniture,grounded-sam2[IDEA-Research/grounding-dino-tiny|facebook/sam2.1-hiera-tiny]/root,0.5949631333351135,0.97578125,bea1d684ebf2b7892520ad45a8b512d0e8bbc262f6d5db4626c8d2e75f18b6b7,1ddfce744dbab1c5a804a9e69db0c20024d6095e4a0f73bc6499cab7deca248d,False
test226,chair__04,root:1/profile-dense:furniture_foot:01,furniture_foot,furniture_leg,clipseg-sam2[CIDAS/clipseg-rd64-refined|facebook/sam2.1-hiera-tiny]/profile-dense-supplement,0.24340170621871948,0.35541618267118463,8600c9ba5b03ddc0e0b2ca7b0ffc1e7ba8665817763cd30c372e92ef546f2802,c2abd5515af7a37b9bc3f4650c042eb50c31df002f603a6d0f986fc6d307997b,True
test226,chair__04,root:1/profile-dense:furniture_leg:03,furniture_leg,furniture_body,clipseg-sam2[CIDAS/clipseg-rd64-refined|facebook/sam2.1-hiera-tiny]/profile-dense-supplement,0.3561761975288391,0.509885529654685,1a9a4364d43fc85cb1324ccb3dd069ba970fe60ed3c295d8a2ed28b7c73ef113,50f2b38bddfdf7e426dde5afbc59141588c3e7f1a34b830663acaef720c530b9,True
test226,chair__04,root:1/profile-dense:furniture_stretcher:01,furniture_stretcher,furniture_leg,clipseg-sam2[CIDAS/clipseg-rd64-refined|facebook/sam2.1-hiera-tiny]/profile-dense-supplement,0.342827707529068,0.44721205093327476,7e572a9d90a074bcb199501104a579c0e860a90faac8eb2282b7717276b3dbda,916a084bf1e41ee178198b9deddc49add8c9df7634a5049289a7825f899d77cd,True
test226,chair__04,root:1/profile-refine:IDEA-Research_grounding-dino-tiny:furniture_backrest:01,furniture_backrest,furniture_body,grounded-sam2[IDEA-Research/grounding-dino-tiny|facebook/sam2.1-hiera-tiny]/profile-refine,0.40703874826431274,1.0443984375,a3b7ad664ad0ba5f9244556db01f621c91e0887e7c22b860ad403077bad70c47,0eaba60f6be2e640e450da275f3bcf33e221379f5b9886eb7614ddef8488eb62,True
test226,chair__04,root:1/profile-refine:IDEA-Research_grounding-dino-tiny:furniture_spindle:02,furniture_spindle,furniture_backrest,grounded-sam2[IDEA-Research/grounding-dino-tiny|facebook/sam2.1-hiera-tiny]/profile-refine,0.24418270587921143,0.8705253906250001,d3e63e41ef91b9c86ac965b9eac7f16393c35b71a38f165476416007bf5cbeea,81b5c2f1c5467c34639e275bc4550be0aeede155a64eabba6f78b59277da4eb3,True
test226,chair__04,root:1/visual-region:01,furniture_rail,furniture_body,sam2-amg[facebook/sam2.1-hiera-tiny]/prototype-labelled-region,0.8030040641477161,0.5936104452705383,7af18ea00f4a074e50fad8a07e2bbff5a4d9322581543fbbde0e4c11c425681c,86147e116f7c9f88d3c4e84b6fc9387c8b934d34b28ebf917cd34ba0153416d9,False
test226,chair__04,root:1/visual-region:02,furniture_backrest,furniture_body,sam2-amg[facebook/sam2.1-hiera-tiny]/point-grid,0.8268549101905021,0.68,8bcd902f60bd802c039f0de088ece7994ae5e4745a015fad146221c137453ed0,62200db9ec6b7d2082e792a9aab6f474157aa80e7e71ec12ff6947d81c539ace,False
test226,chair__04,root:1/visual-region:04,furniture_leg,furniture_body,sam2-amg[facebook/sam2.1-hiera-tiny]/point-grid/semantic-rerank,0.5305821409310226,0.66,7d6bf5f19e62200eaf75e442758fe3897450ec4485654e2b4eeaadfcfda1018d,e4e643f6774fb0a9e75903ada86295de6f9e099d7b4d78c3db66548b60d53140,True
test226,chair__04,root:1/visual-region:06,furniture_stretcher,furniture_leg,sam2-amg[facebook/sam2.1-hiera-tiny]/point-grid,0.7939327366850614,0.68,35250e6ad07916fb908e0ff1257d06a69f812c9dca8b7175cf4e276622da5899,a8acadf9b833288db9202bd01a46c38bfd304874552e1bc5d4bdb310d18f11c6,False
test226,chair__04,root:1/visual-region:08,furniture_visual_strip_03,furniture,sam2-amg[facebook/sam2.1-hiera-tiny]/point-grid,0.7089605932842702,0.62,bbe408a29611d95cb0812ea61823d44439f48b1688fb18165f1e37a3dabddb39,456af344872176abd9b73ee21729753e279c6b5f20b4ec2344ff9d33f2248ce7,False
test226,chair__04,root:1/visual-region:09,furniture_leg,furniture_body,sam2-amg[facebook/sam2.1-hiera-tiny]/point-grid/semantic-rerank,0.5454409460567432,0.66,78107e545764bd89b9604e70a8318830471a4f35d2bfadca75227c7ffa6928a1,302efdb7ed072c33a0f6b28dded25fc625ec55a6394264ef24c5d41d95b85c39,True
test226,chair__04,root:1/visual-region:10,furniture_leg,furniture_body,sam2-amg[facebook/sam2.1-hiera-tiny]/point-grid/semantic-rerank,0.5797593815062285,0.66,b7d68e73c803ef8f048b627c830122a8536f045d4f75c8f606096d16216abfe8,f2ba39453e4ecf668db885013163e5d5810f48fbe9267147d33feeda0032a388,True
test226,clock__01,root:3,device,device,grounded-sam2[IDEA-Research/grounding-dino-tiny|facebook/sam2.1-hiera-tiny]/root,0.3933267593383789,0.9953125,003ac5a0312fa56e90c64192672ede0b7f51ddf934c0d551ec87615c183f55da,6bab412ce09acfaa04a2573993d74c3d59c3e2ecf871e42b932883e4f64338cd,False
test226,clock__01,root:3/profile-refine:IDEA-Research_grounding-dino-tiny:device_base:01,device_base,device_body,grounded-sam2[IDEA-Research/grounding-dino-tiny|facebook/sam2.1-hiera-tiny]/profile-refine,0.2818995416164398,0.8569902343750001,a16b688a7dbeb81bb662dcf5145cda68566b8de9e1035919f2dcd43a55e5c620,bcf056b4838d90e2562fef569270ca0873ddac5d35373d2f3d2f769ccc8c7bf3,True
test226,clock__01,root:3/profile-refine:IDEA-Research_grounding-dino-tiny:device_clock_hand:02,device_clock_hand,device_dial,grounded-sam2[IDEA-Research/grounding-dino-tiny|facebook/sam2.1-hiera-tiny]/profile-refine,0.3113221526145935,0.865884765625,6bc2a1e10a95238fbf51ece0c02f520bc7c30ccad41fff706cf655c58f91f513,bcd04ef230f76aaf457f7e89bdd22fe7f83d23f03708d0f447d6f8325bafad99,True
test226,clock__01,root:3/profile-refine:IDEA-Research_grounding-dino-tiny:device_dial:01,device_dial,device_body,grounded-sam2[IDEA-Research/grounding-dino-tiny|facebook/sam2.1-hiera-tiny]/profile-refine,0.545981764793396,0.8656914062500001,86f345690571451d1524e35b8b0bcb3cdc3e33442ab79f947826e1e3b2bdd69b,110627bf2b90469f1f02ac352c1b06bd4dc9c05bd332e632703fc18d69dd4399,True
test226,clock__01,root:3/profile-refine:IDEA-Research_grounding-dino-tiny:device_finial:01,device_finial,device_body,grounded-sam2[IDEA-Research/grounding-dino-tiny|facebook/sam2.1-hiera-tiny]/profile-refine,0.37068089842796326,0.865498046875,4e992caec1d70eeb3c25f27a3632f734392894bec7476257a3f0ce7e96572525,6759b7600261080907c61c2e21ad5c57ed986eec47177add49b561f74d085f01,True
test226,clock__01,root:3/visual-region:01,device_dial,device_body,sam2-amg[facebook/sam2.1-hiera-tiny]/point-grid,0.8147945929303172,0.68,b6a863799b459dd30e004754a526ca1b85c9584e1194979c655cd0a594ef78d9,fe3300957c09c230db74f875e1195b5a7eefd92b5d8627d1511d8dc589f3466d,False
test226,clock__01,root:3/visual-region:05,device_logo,device_body,sam2-amg[facebook/sam2.1-hiera-tiny]/point-grid/semantic-rerank,0.5195198861833841,0.66,e80d75760dcc6767d83b7cddc0651fedcde0369d4cb327d531165e141698f5cd,34e0739cadb8b1759274c43fb57d0b7ceabfb6cfc583b2f2477c45910013fab3,True
test226,clock__01,root:3/visual-region:06,device_clock_hand,device_dial,sam2-amg[facebook/sam2.1-hiera-tiny]/point-grid/semantic-rerank,0.5604169904240562,0.66,6579e24e4f4a77dea460af7efd3c3662d9a1d2800ea9ef3c6a3a20a4ade49460,127cb2617ab35c273687fc6876e87cc008f62f7b0812e046f0270cccc6ab2ce4,True
test226,clock__02,root:2,device,device,grounded-sam2[IDEA-Research/grounding-dino-tiny|facebook/sam2.1-hiera-tiny]/root,0.40886667370796204,0.99716796875,fc0ccc2ebceb3df008b889e830f804fb08c02195d042eff211698d5247aec99e,b6e077b7053f3b1ae4aec11932f0814ee2ddd46f0e34be770629d0c3423cf5f5,False
test226,clock__02,root:2/profile-refine:IDEA-Research_grounding-dino-tiny:device_base:01,device_base,device_body,grounded-sam2[IDEA-Research/grounding-dino-tiny|facebook/sam2.1-hiera-tiny]/profile-refine,0.2954331338405609,0.8616308593750001,5e3c7630a83be031b8d9ef0bb0f506a54cb69c87114e745a18ebc4e318a3dcae,d4fb2e2751f00afc9430b47648a3abf5d7c81384e7671f92bfa22528bfb56202,True
test226,clock__02,root:2/profile-refine:IDEA-Research_grounding-dino-tiny:device_clock_hand:01,device_clock_hand,device_dial,grounded-sam2[IDEA-Research/grounding-dino-tiny|facebook/sam2.1-hiera-tiny]/profile-refine,0.35812854766845703,0.8279863281250002,b572852c15fe3d3c026e761253f6650db545ef7184bdee829b694ddb286e6855,ba78432e66ba3fdc9d08a45808de9c68b46f592fae664728336f5d191a101440,True
test226,clock__02,root:2/profile-refine:IDEA-Research_grounding-dino-tiny:device_clock_hand:02,device_clock_hand,device_dial,grounded-sam2[IDEA-Research/grounding-dino-tiny|facebook/sam2.1-hiera-tiny]/profile-refine,0.25109636783599854,0.8154179687500002,c1c64a29222b5402a8e683db6642e940808bd1274bfe3cfe608f3c4f2b58b034,23bb19ffc121bedcdcd5494b8000c98af3ddc48a2f83dacb171fc564c39d455a,True
test226,clock__02,root:2/profile-refine:IDEA-Research_grounding-dino-tiny:device_dial:01,device_dial,device_body,grounded-sam2[IDEA-Research/grounding-dino-tiny|facebook/sam2.1-hiera-tiny]/profile-refine,0.6910805702209473,0.86646484375,603d697184446940153f0ae5c263b5e99b487c6a3a46115daf1dc1b6781f1abe,b243bb1ae960d38be2b1048a467662e986c0eb4c49eb46daa17ffe351ba0a256,True
test226,clock__02,root:2/profile-refine:IDEA-Research_grounding-dino-tiny:device_dial:02,device_dial,device_body,grounded-sam2[IDEA-Research/grounding-dino-tiny|facebook/sam2.1-hiera-tiny]/profile-refine,0.2941135764122009,0.832626953125,c01a1574008c04d10eed1a4dff606cbbd7acc2f561bce04ac0a2da777fe8368e,d2dcaec62699afdf821a3dbcd014d2a5a3ef433fb0a5098d1e6e7d44bb97e8c9,True
test226,clock__02,root:2/profile-refine:IDEA-Research_grounding-dino-tiny:device_finial:01,device_finial,device_body,grounded-sam2[IDEA-Research/grounding-dino-tiny|facebook/sam2.1-hiera-tiny]/profile-refine,0.4855310916900635,0.8676250000000001,f34160481187bbb2a2da6f8582495b1e37564fde4d4d00c3eaaf14004f196ba7,c14802e511ef9d1cdf0eec8954f3b102c793862262a2751a81d8550e9843f87a,True
test226,clock__02,root:2/profile-refine:IDEA-Research_grounding-dino-tiny:device_finial:02,device_finial,device_body,grounded-sam2[IDEA-Research/grounding-dino-tiny|facebook/sam2.1-hiera-tiny]/profile-refine,0.3373126983642578,0.871298828125,e0b8591ff16a108f31145462f2d51268982b50779fb36b2104b3d2efa43c4c48,657dc6447f33209b9c90df6804829ae0e61f40c994265f60baef0c62a36aa8dc,True
test226,clock__02,root:2/profile-refine:IDEA-Research_grounding-dino-tiny:device_screen:01,device_screen,device_body,grounded-sam2[IDEA-Research/grounding-dino-tiny|facebook/sam2.1-hiera-tiny]/profile-refine,0.3085026443004608,0.8676250000000001,10183285cdb23bbcc11a3fcb31d17c36c23221f6efb9890e812794d5564ab9f0,95975dfec46d0b8364d22e510c420c2fd6243281aa76b408a34307a4b3cb9766,True
test226,clock__02,root:2/visual-region:01,device_finial,device_body,sam2-amg[facebook/sam2.1-hiera-tiny]/point-grid,0.8802184478457533,0.68,5f3ba3fcb4b39083d5511137afb950d31bf13bd7c5de7ae50d1b74eaeef0569d,92333d117ab555fc6282d4096805413eb8efa27d76cf0ca68b3a0c4d8f2a64aa,False
test226,clock__02,root:2/visual-region:05,device_visual_strip_01,device,sam2-amg[facebook/sam2.1-hiera-tiny]/point-grid,0.723465926992691,0.62,c38415cffcea369568ade2779cbdb68089147df597bf0b80d7b9772545af498b,19c4749edbff28c2b645fa0d7c9133039a781073b49c549d2d9441e813d0d877,False
test226,clock__02,root:2/visual-region:06,device_dial,device_body,sam2-amg[facebook/sam2.1-hiera-tiny]/point-grid,0.7132102411078376,0.68,ec279533ffce256029a39c0151abd721674f1e30a5c7d925b0b28d2e88bab6ac,e83babf9b52e73acd4088ce579e32f0985f5aef5a004844ca35f01109b19c024,False
test226,clock__02,root:2/visual-region:07,device_visual_panel_02,device,sam2-amg[facebook/sam2.1-hiera-tiny]/point-grid,0.7374314879195181,0.62,4aa49b936bf80429037fa0a372bebe24884747eb1e8b843cfca6616a07c55ef0,d5bc60305e0227c49c063aac13a9ca2bd62d3cf26f13ba7f2d0020a36fcc2471,False
test226,clock__02,root:2/visual-region:09,device_logo,device_body,sam2-amg[facebook/sam2.1-hiera-tiny]/point-grid/semantic-rerank,0.5553551361863722,0.66,0aefd9ba99e8b1063512d5f96934871841194fd9279ad20171b87021259bccb8,a986e4dfe9f583818dbe8aa863634e0f49946984e2dfc99e5e384eec08265c49,True
test226,clock__02,root:2/visual-region:10,device_visual_strip_02,device,sam2-amg[facebook/sam2.1-hiera-tiny]/point-grid,0.7154612966068272,0.62,98488464dd9f8c48de182c06e6909afc1ade9275d7862a585c55e3a82c26d004,d3a630a3e1cc43d61d1c9a80e8e5077051c0fa815569153e4c44d072adfd6396,False
test226,clock__02,root:2/visual-region:11,device_finial,device_body,sam2-amg[facebook/sam2.1-hiera-tiny]/point-grid/semantic-rerank,0.5860738071876315,0.66,eaa60750b0b7d5d621ae053eef7107deac472c7a52d385c2230f131cfad9436a,23c9d50cfcf86d1688c99a7d8771e932742841e14b126a24356a757a63657f98,True
test226,clock__02,root:2/visual-region:15,device_screen,device_body,sam2-amg[facebook/sam2.1-hiera-tiny]/point-grid,0.7176011689380397,0.68,88e5a45b01022ad9ce40ea0fea55f16d00de947fbb31a17b6159fed75b5080b8,43961abb358065ed42b66befeed622c73b399738e6e1a9fd405454496919904a,False
test226,clock__02,root:2/visual-region:17,device_logo,device_body,sam2-amg[facebook/sam2.1-hiera-tiny]/point-grid/semantic-rerank,0.5676947310338873,0.66,91c1661d840dd23848270f6dd7a977311295dae80e53a06cb617e1ace3b9ce1c,e57e21c298d683b47761e461527c19d739984fec0877a8c17e3d1d70528b7935,True
test226,clock__02,root:2/visual-region:19,device_logo,device_body,sam2-amg[facebook/sam2.1-hiera-tiny]/point-grid/semantic-rerank,0.6200790789774764,0.66,fee34bb0a4f0138b87621b787352cc5108671d7445bf58ffe1342e1d5ccf2f4e,89e7550227711007ffd29993747bc1d0e9b80b772edee8e7441c2e4d435cf4ba,True
test226,clock__02,root:2/visual-region:20,device_logo,device_body,sam2-amg[facebook/sam2.1-hiera-tiny]/point-grid/semantic-rerank,0.5729618181446567,0.66,491b43a051f14dd6cf963475ece8100569ef822828a94bf4f22f83f0393390f1,539e5604558a92fbb64edb5d4dd3a9d6c71d716e547406f19a2b6626f21bd016,True
test226,clock__02,root:2/visual-region:23,device_finial,device_body,sam2-amg[facebook/sam2.1-hiera-tiny]/point-grid/semantic-rerank,0.6286183434988226,0.66,905ada5160e050809b413fd1cf8076d86431a19194266420fe8830693e12be5b,071e5e3cad4cd62166421de2b1284bd4aa7166794910b4a9e278e0724732744c,True
test226,clock__03,root:1,device,device,grounded-sam2[IDEA-Research/grounding-dino-tiny|facebook/sam2.1-hiera-tiny]/root,0.730770468711853,0.9884765625,a637df5ac824677940560dacb6ebadfc491a4eb79d5b126573bc5f81e4c869f8,b8711c4a0523498b72b5b6e5f64da5139f621914f99b841559dde5fe658635ab,False
test226,clock__03,root:1/profile-refine:IDEA-Research_grounding-dino-tiny:device_base:02,device_base,device_body,grounded-sam2[IDEA-Research/grounding-dino-tiny|facebook/sam2.1-hiera-tiny]/profile-refine,0.3106943964958191,0.8479023437500001,5b051d0fb91734f183d3fc4bbfde5f1343adc2a7b225bbffd4bd7b70ec63af96,92697be88c761a7a3cfc608037d693610e3563d5b101ee94b4ecb18846d2f84f,True
test226,clock__03,root:1/profile-refine:IDEA-Research_grounding-dino-tiny:device_button:01,device_button,device_body,grounded-sam2[IDEA-Research/grounding-dino-tiny|facebook/sam2.1-hiera-tiny]/profile-refine,0.2718311846256256,0.8508027343750001,47f14977fe5b3607cffa70d26cfe8c7fc8727376ce1ffb657bd107409512ea5f,b482e9d4d602c78ba7590affb88d37bb5219b4a97ec87b4ba4c2ed9a0d89e538,True
test226,clock__03,root:1/profile-refine:IDEA-Research_grounding-dino-tiny:device_clock_hand:01,device_clock_hand,device_dial,grounded-sam2[IDEA-Research/grounding-dino-tiny|facebook/sam2.1-hiera-tiny]/profile-refine,0.2781587541103363,0.8496425781250001,43f79bfb683b055c55968fd2bf0ed2ff3b9f43e0907b424416c10954082aeebf,41ffa971b801bccb0a08ab8f23d2538ada70b8b3ade08dab23ac7d75c8f5bc01,True
test226,clock__03,root:1/profile-refine:IDEA-Research_grounding-dino-tiny:device_screen:01,device_screen,device_body,grounded-sam2[IDEA-Research/grounding-dino-tiny|facebook/sam2.1-hiera-tiny]/profile-refine,0.5825504064559937,0.841908203125,736199bef20bdc1998d38f8dde61772157627f87fa8ac3e313d4b16d7b7be92c,ebeabb732a239ce621699dc92af57126d6aabc560d68e8e30f3a594e9c4adea8,True
test226,clock__03,root:1/visual-region:01,device_body,device,sam2-amg[facebook/sam2.1-hiera-tiny]/prototype-labelled-region,0.8648520762656616,0.59803838153553,6d1686622f440413ab9e5f878e1bed33d88fb0c34eeb26af7a7e0272743a8745,a561f57826e62dcd3ad1fbf7464bb1730219d4bc3bcedaea587d933d26e6c750,False
test226,clock__03,root:1/visual-region:03,device_clock_hand,device_dial,sam2-amg[facebook/sam2.1-hiera-tiny]/point-grid/semantic-rerank,0.5387275110595922,0.66,90578923a60960acbae1dbcef1e7717d3cf327a9464932c8b2e6c2d98f6d8189,495e60d9c92ef6ae1aee1ce97f0f8e69043e3058f16dc728244c156c1b0ddb09,True
test226,clock__03,root:1/visual-region:06,device_clock_hand,device_dial,sam2-amg[facebook/sam2.1-hiera-tiny]/point-grid/semantic-rerank,0.5172642411233366,0.66,76cd1ebf91bcc6367349ef66c01e123e181d1f99a4e6a37900a67bbec3b7f31d,8ac0315e57bc3e3ec9028aead1f0f7eb05a0ba801dcdc1957b9b46b35c045c95,True
test226,clock__03,root:1/visual-region:08,device_button,device_body,sam2-amg[facebook/sam2.1-hiera-tiny]/point-grid,0.8218319260043757,0.68,2ee238dc461ce82268baa331496c556de988b499d890687456e565be696f6a30,648984cd2520cfacc0b0b18d4ecfd0590ee5f7381eb64589011584e04051e3f9,False
test226,clock__03,root:1/visual-region:09,device_base,device_body,sam2-amg[facebook/sam2.1-hiera-tiny]/point-grid,0.7571370611402749,0.68,8530bb9ac056f249dac27260aa320251a197223c221cbfa8bd3313ccd2697d49,2742272ec26118c2821801432f0cb43ed2f9d8e495279e46c0afbe90cecbbf89,False
test226,clock__03,root:1/visual-region:11,device_base,device_body,sam2-amg[facebook/sam2.1-hiera-tiny]/point-grid,0.7078921074612685,0.68,131103ef00185b422060f7bdf467f2d82672744be9328c448546d07e5b4678ad,adecc73edeea10ae2c88fdb979e11d1e70cbbce84e2cb437a734ed3c83a6b3be,False
test226,clock__04,root:1,device,device,grounded-sam2[IDEA-Research/grounding-dino-tiny|facebook/sam2.1-hiera-tiny]/root,0.8054792284965515,0.9231445312500001,958ed2ce32160e7deda66530c8d3ef94c4f8c91cc89d05ab963fe3b4d15a9c93,771f1b7ff7c6716b8b96892b70a66cb7282db448096de4f57b85b527ed6b9f88,False
test226,clock__04,root:1/profile-refine:IDEA-Research_grounding-dino-tiny:device_clock_hand:01,device_clock_hand,device_dial,grounded-sam2[IDEA-Research/grounding-dino-tiny|facebook/sam2.1-hiera-tiny]/profile-refine,0.4029793441295624,0.8221855468750001,4422bddb206a45ae5230d56a082d0362669a1eac27cf2c3778d27f4fc7ae57a4,176a1c45a3c5dac7bebee2f179a199df80b797f8041a8bf2baeadb3dac431026,True
test226,clock__04,root:1/profile-refine:IDEA-Research_grounding-dino-tiny:device_dial:01,device_dial,device_body,grounded-sam2[IDEA-Research/grounding-dino-tiny|facebook/sam2.1-hiera-tiny]/profile-refine,0.5699124932289124,0.807490234375,7c10c43727fc8a8a211ff67b25d09c99d938a68ae132628a64e2c9ca8f72b1e3,061550786b6977a3a2e238394ac51a2af91f915cda55caed91dc493873c808ef,True
test226,clock__04,root:1/visual-region:01,device_logo,device_body,sam2-amg[facebook/sam2.1-hiera-tiny]/point-grid/semantic-rerank,0.5626601854324565,0.66,331ea727747407523511b713fe77ae8687baf68d270dfea1a0f2530332a4f41d,f4221844bba841e97e9d3bb0af3e1c8463d5b5b96d9492bc985049cd6eba26a8,True
test226,clock__04,root:1/visual-region:02,device_visual_strip_02,device,sam2-amg[facebook/sam2.1-hiera-tiny]/point-grid,0.7804810238439388,0.62,d45974c797162f8d4ee84d46e1bbc998bf3b8599315462776e6554f2ba44f2ec,5e87a6c540f49c7b19dffae05c688b108082643b40bb9cce6076533a17ceb016,False
test226,clock__04,root:1/visual-region:03,device_visual_panel_01,device,sam2-amg[facebook/sam2.1-hiera-tiny]/point-grid,0.8651396366740867,0.62,0cba148c3b7e0fab9094529a07ca00c4caa5dcd92b22e4dbfafd95a0948bc16d,60dd7fde772b3d63d615c0c47f12d4ec51cfaf4600592803be8864aac8107dab,False
test226,clock__04,root:1/visual-region:04,device_dial,device_body,sam2-amg[facebook/sam2.1-hiera-tiny]/point-grid,0.7454064471867974,0.68,763aa1aed746a33e2632cbd2cca1c1998100f5222ae6f394bb9ef54ba0a8206c,bdfdc1603cadbf7518df82c354fabf797a581255f8fad666bd47f8e42630059b,False
test226,clock__04,root:1/visual-region:07,device_button,device_body,sam2-amg[facebook/sam2.1-hiera-tiny]/point-grid/semantic-rerank,0.6273488108522524,0.66,6a3683a509714c0ab78a65f1ba6aa60954447cd5630312167be5cbf7d662410b,8dd0c3f4595d2759c629e4b792e6944f0e036c639d819ebdd128f0bc644e0d3b,True
test226,clock__04,root:1/visual-region:11,device_screen,device_body,sam2-amg[facebook/sam2.1-hiera-tiny]/point-grid/semantic-rerank,0.5731759166004109,0.66,fd4791b3be1f8f3bfcb5167594464b2ce3bd9fab81061b662348a0aaf3240ec0,3e9690f0ea104d84a7930cde71bf0831a46cc20143868b1b9ff45ec1b076c6c1,True
test226,clock__04,root:1/visual-region:12,device_logo,device_body,sam2-amg[facebook/sam2.1-hiera-tiny]/point-grid/semantic-rerank,0.5634493630790351,0.66,86371ba9df03bf084af73a376c515178ce2cc8226464d9e4040732b56c348cbc,94ed59e09a803a4adf2bff4e222aa36f029cfc15eeb9a21d425ad3b8ca499c51,True
test226,clock__04,root:1/visual-region:13,device_body,device,sam2-amg[facebook/sam2.1-hiera-tiny]/prototype-labelled-region,0.6579288963716136,0.6020329821014404,7f174db1fa7abaff24261c1aa2a4fd76e2c04b9f406d0cd6b8f1d13d6525ff03,a609d12f73e8f3f5d7dca51917bf79f75719fd7b1fa59ee06156c332111812e8,False
test226,clock__04,root:1/visual-region:16,device_logo,device_body,sam2-amg[facebook/sam2.1-hiera-tiny]/point-grid/semantic-rerank,0.5114096038183782,0.66,58849afc40aa7717b6a1c425000168b271741c2250437342cbafb47b2556c62b,dee791b8462df3ed8a81692578f9589fd1ed23cf0798bada3faa2f8c803e5099,True
test226,clock__04,root:1/visual-region:17,device_clock_hand,device_dial,sam2-amg[facebook/sam2.1-hiera-tiny]/point-grid/semantic-rerank,0.5315394699006861,0.66,6965683a47ae7e0afe1a69bab7357caa553622a0811d7a37493a342563bd48ca,9d68abd4a9dcf217003472d93d181618ba2c53004b65647622e242993c4a0c10,True
test226,clock__04,root:1/visual-region:18,device_logo,device_body,sam2-amg[facebook/sam2.1-hiera-tiny]/point-grid/semantic-rerank,0.6016993082274105,0.66,67a3ba87a6b1375a8a880d5920d0cb8d2fd21e23c03383a9aef429873779f451,289914316a0f016f43caa3b4249ed5f235e714bed2ddaf672acb02d5e65b8152,True
test226,clock__04,root:1/visual-region:21,device_clock_hand,device_dial,sam2-amg[facebook/sam2.1-hiera-tiny]/point-grid/semantic-rerank,0.5375446212026552,0.66,9a22eacf06e2e625d1bcc544cfd24c063185e60f22a168be0a0450fb4b3241cf,b1971e60d80a8f53d6f04e9c7daffa5459dff30dcc781e7f9cad1047b93f2140,True
test226,clock__04,root:1/visual-region:26,device_base,device_body,sam2-amg[facebook/sam2.1-hiera-tiny]/point-grid/semantic-rerank,0.6315952645982925,0.66,36c6d07971dd32ce61489d3ac3c92476dda1d1583748432c7737e9894bd5eb60,f220d4373d09ae3beba0a6f899aa445a079626a22b905e65814c47136af159c0,True
test226,clock__04,root:1/visual-region:30,device_clock_hand,device_dial,sam2-amg[facebook/sam2.1-hiera-tiny]/point-grid/semantic-rerank,0.514194897034128,0.66,53295744a14f2e24efdc31b7b47c68663f48f2f904a7432d4cf249846859d246,0a4ee270419b0a89c7ec2cf122cc5477fad12f25e507566d178bea7094414484,True
test226,crate__01,root:1,container,container,grounded-sam2[IDEA-Research/grounding-dino-tiny|facebook/sam2.1-hiera-tiny]/root,0.6279512047767639,0.96640625,82826ad23837bdc59aeb1853bf20b1f5f064c6500bbf0a6640dd18204a7841d4,49b6362832e718a554296c14ca2bb715203c1bbeffa4f67bf98995d18a257487,False
test226,crate__01,root:1/visual-region:02,container_lid,container_body,sam2-amg[facebook/sam2.1-hiera-tiny]/point-grid/semantic-rerank,0.5977063549696379,0.66,a9145306d399911cac18cdb21175236b3ff8d58452898635754f637108bccffa,c21e5862d04d1888d9ca16f5f6fbe240ba6cf538468efa057a4af1c7b6a6380d,True
test226,crate__01,root:1/visual-region:03,container_handle,container_body,sam2-amg[facebook/sam2.1-hiera-tiny]/prototype-labelled-region,0.6933071999162997,0.6093081435594558,0074ae5d792d9d9dc00f05168b9d0a443c4cd968a292997a62700b909a4cd7be,a3b21e850f0eb6d83ba374a3cebdae2fecfbd351f9bfe41869cf43efc9657f70,False
test226,crate__01,root:1/visual-region:04,container_visual_strip_01,container,sam2-amg[facebook/sam2.1-hiera-tiny]/point-grid,0.6632356179909198,0.62,574824b523eb327e274eb6adb1c5f221056d98be034e3ac429ec14ca30bb4c32,e96f90a764c558fd688b487eb23d7995f84ca7ebe3b3f6fb6d6833805255d7a7,False
test226,crate__01,root:1/visual-region:06,container_side,container_body,sam2-amg[facebook/sam2.1-hiera-tiny]/prototype-labelled-region,0.6150734286391046,0.6092759237232208,e3b606389124767e7bc1b43611381586252e15f5ab90006e86497fbb62fe4d1f,c3ff2ffd2f4ed93fbab214e30ea0d558b68e9109eb5b6953fc0dffaec842ca5d,False
test226,crate__01,root:1/visual-region:09,container_shoulder,container_body,sam2-amg[facebook/sam2.1-hiera-tiny]/point-grid/semantic-rerank,0.5396081300800607,0.66,9987ae0eb1f773f5544d7616a3b7eb8ca2dd82a0869eafac4e28dec22c2d3a81,5ddc623585c2bd7a2d3508fb6ae971d167fdccf64f0ef0d4c5434c65db1b1fe4,True
test226,crate__02,root:1,container,container,grounded-sam2[IDEA-Research/grounding-dino-tiny|facebook/sam2.1-hiera-tiny]/root,0.8470844030380249,0.9650390625,bdc484b2c8ff63ae8883a387fb9bbf601efd8b193aaed9658af8d4f481feedaa,3c3d457e1fa8f048abfa3de10425d7422f0e52774f2d0e1b133f259b1f8b33df,False
test226,crate__02,root:1/profile-refine:IDEA-Research_grounding-dino-tiny:container_label:01,container_label,container_body,grounded-sam2[IDEA-Research/grounding-dino-tiny|facebook/sam2.1-hiera-tiny]/profile-refine,0.2812081575393677,0.8090371093750001,5320092f30f5b5683ab899ecfa154eefea6c49c59971ffb03b8442e641ced618,d5c3902fc0fc0e6d8d32d2864a7dc205a271076c586ed2071b6bc3c523a2506b,True
test226,crate__02,root:1/profile-refine:IDEA-Research_grounding-dino-tiny:container_label:02,container_label,container_body,grounded-sam2[IDEA-Research/grounding-dino-tiny|facebook/sam2.1-hiera-tiny]/profile-refine,0.24544657766819,0.8552500000000001,053fe05efcb6380bd3afd9e8f10e97edaa4b0f66673bc55d1fa4dce2bdf702e9,cdafa90f32f7c4aa67dcf0f6f3299d8417880f100acef2f0b70c43c10ea4fd58,True
test226,crate__02,root:1/profile-refine:IDEA-Research_grounding-dino-tiny:container_lid:01,container_lid,container_body,grounded-sam2[IDEA-Research/grounding-dino-tiny|facebook/sam2.1-hiera-tiny]/profile-refine,0.24508501589298248,0.842294921875,205d15ec201d968a5ef3d669fcde1bdd6814a011ae6e0146dcebc9b3d1aac532,88daf8070dbe9908225fe18938d6d7de03dbc032efef432a523f95a6428bcbf7,True
test226,crate__02,root:1/profile-refine:IDEA-Research_grounding-dino-tiny:container_side:01,container_side,container_body,grounded-sam2[IDEA-Research/grounding-dino-tiny|facebook/sam2.1-hiera-tiny]/profile-refine,0.3744474947452545,0.8090371093750001,630c5d4884e17f0fdd5c619a8448f64ea265d8da180323daa73fab79a0e755a3,0c5fabaca458999b968a2ed93bb0cd6681ef81ba8b80bb305727dfc4dd232f1d,True
test226,crate__02,root:1/visual-region:03,container_base,container_body,sam2-amg[facebook/sam2.1-hiera-tiny]/point-grid/semantic-rerank,0.5514960937011085,0.66,98864b1a7571a81546e3c18fec60073073dc62a0e604049c48bba3b7fefefd45,8ccad4a9c0aacf6a867899b0fb2887b32494612df496b6ffb6e1a84b7fff0433,True
test226,crate__02,root:1/visual-region:09,container_visual_panel_02,container,sam2-amg[facebook/sam2.1-hiera-tiny]/point-grid,0.7179247298213695,0.62,a3d2963c7c90b750d8fd02d2639525ececc5ce65b02338fe19a6e3846f6989e8,5dd14271c7cd6adb417fd6d4ec8b5dc143e119901861df732fd0c4e4f043a72c,False
test226,crate__02,root:1/visual-region:10,container_visual_panel_03,container,sam2-amg[facebook/sam2.1-hiera-tiny]/point-grid,0.6488363446259507,0.62,00259192f128940cce536a1742a49c0e3d4513bc2271482fdd170a09a8827363,81e81fc73403ef7d20b4426da4a9343451f8b33d01b4806b324bf31571f21109,False
test226,crate__02,root:1/visual-region:11,container_handle,container_body,sam2-amg[facebook/sam2.1-hiera-tiny]/prototype-labelled-region,0.6229053164839159,0.6095488895235062,b8189bc91b052295324888caf4112861e587e0c169a46edefb45ed36dcee7227,93abff43c2979f76af8b9888962434364327d44ab7b9dcc7af9ab7edfa6683f3,False
test226,crate__02,root:1/visual-region:12,container_inner_wall,container_body,sam2-amg[facebook/sam2.1-hiera-tiny]/point-grid/semantic-rerank,0.5641928477255131,0.66,ef30d42b51977a208f6756ab5c495637ba1db8736d0653373e414deeca6963b4,042fef7a9ff5fac3882244b15beba051f6eca1a1a1b3c623f4ed298ce6de35c4,True
test226,crate__02,root:1/visual-region:17,container_shoulder,container_body,sam2-amg[facebook/sam2.1-hiera-tiny]/point-grid/semantic-rerank,0.5370154031961508,0.66,4e29da252e9b62c843e6ca3c5c68f652c5bb0750c44ce12042d9d53a59a1477e,6fdf9f64d4088dd019342d69a583e08ad5a6ddc40fe02de07bb628b39e037800,True
test226,crate__02,root:1/visual-region:19,container_side,container_body,sam2-amg[facebook/sam2.1-hiera-tiny]/prototype-labelled-region,0.8109489707023256,0.6060625042009354,3f89606b5e59a002b1981ce2681fc4f4d53b9e53794cd28f4d63decd890e1587,5be494bcd1e835c43723dff30329b2a6e9112a10153f1f0a11bb430a13caff3b,False
test226,crate__03,root:1,container,container,grounded-sam2[IDEA-Research/grounding-dino-tiny|facebook/sam2.1-hiera-tiny]/root,0.723700225353241,0.9662109375000001,3b2e6354be6738a85ec1bd124f56d8bd89610ca2f5d2b6f867fac346eb570ed5,c8b65f69dd56f733421935bb651c9474e6c0a81319c6e820f2a0d9c7ebb4115b,False
test226,crate__03,root:1/profile-refine:IDEA-Research_grounding-dino-tiny:container_inner_wall:01,container_inner_wall,container_body,grounded-sam2[IDEA-Research/grounding-dino-tiny|facebook/sam2.1-hiera-tiny]/profile-refine,0.24944725632667542,0.8047832031250001,5c37dc5418470c76febe060410b9cad3d8c391ca7c40c49ebd4079835086a280,8c29c3db22c09119ce4faf51f1f54fa3f9ceb9252a4a0180232f51408a5ca6a1,True
test226,crate__03,root:1/visual-region:01,container_handle,container_body,sam2-amg[facebook/sam2.1-hiera-tiny]/point-grid/semantic-rerank,0.554952532753539,0.66,1bd983958c332f2d5f0f5abdff60dbf76608aea76686a4b50f2d849deec51f5b,397df4c64d057e78688e4f8bc0fad491ee4539f5871ba16429f9409ff1b05aee,True
test226,crate__03,root:1/visual-region:02,container_outer_side,container_body,sam2-amg[facebook/sam2.1-hiera-tiny]/prototype-labelled-region,0.7046431944607191,0.6114208166666031,d9e34164b5a7844a94a6db20d2980fbc900a81c9c3257f0d07bb22a9a4e54990,f905441f9b48374a209de46e99af01798b7e56bbca2d90c9e6d06016cc05852d,False
test226,crate__03,root:1/visual-region:03,container_visual_panel_01,container,sam2-amg[facebook/sam2.1-hiera-tiny]/point-grid,0.8486053230450048,0.62,d2edf0fbbec90fb4dc8412661857cede53402fdb0d041f35f6bcf7811552570a,c949a068d2a4890265abb5f4fb121705ce64b942516f91a2d2ce9206719be7f1,False
test226,crate__03,root:1/visual-region:04,container_lid,container_body,sam2-amg[facebook/sam2.1-hiera-tiny]/point-grid/semantic-rerank,0.5708566110229573,0.66,604387894355a2f2550ccf69f3062d0b32c62b09835b7d142fac036984062cf8,4bbae785b8987765624101ae0e5e2255451ce25642110959d4275734a0eed7fb,True
test226,crate__03,root:1/visual-region:05,container_handle,container_body,sam2-amg[facebook/sam2.1-hiera-tiny]/point-grid/semantic-rerank,0.5380144484425755,0.66,9f09bea057374d5e52eeeb1a21c2b72fd635bf61f07c97905f09a4c4e5057de5,fb79e0b99af41f106a981a7e52ae01c7eabcc3025a2054bb6a821fb987dd8c36,True
test226,crate__03,root:1/visual-region:07,container_handle,container_body,sam2-amg[facebook/sam2.1-hiera-tiny]/point-grid/semantic-rerank,0.585020125810756,0.66,62e01d1f0c66a634ab29817c281d0ae870433aa4a6262d7f8cfa3629a5f2ccc5,d3bb4ffc9899382a8f2338d8075f62fe997b10891c0378364a35b946f4ea79b4,True
test226,crate__03,root:1/visual-region:08,container_lid,container_body,sam2-amg[facebook/sam2.1-hiera-tiny]/point-grid/semantic-rerank,0.5507668833458755,0.66,d7513a1c20c15fcf779e7a1e9bf0d3b657b35f69f0d76f983dd39f2cc4af22d8,f106c3bbfdc7d1ce241bb48df2741699498f1387398e1137f08a445c6d26d430,True
test226,crate__03,root:1/visual-region:11,container_base,container_body,sam2-amg[facebook/sam2.1-hiera-tiny]/point-grid/semantic-rerank,0.5996826456045786,0.66,f2e9f1ef2cc3ee8115c89e86b37817d5ddcee8d79e1a5f48b9449d439030dc7f,338bb3b55d2b479eb24b875c15b07682581e93c781ddfb83c513b583dd3d1d06,True
test226,crate__03,root:1/visual-region:13,container_rim,container_opening,sam2-amg[facebook/sam2.1-hiera-tiny]/point-grid/semantic-rerank,0.565055841439366,0.66,dab86b6059c34ba02d82697d8e4dc5b12f5f8c27f069ce876c1cce870c2b3677,6c6ca10ee789dd9419e6a274e49b2af8e48b6952537a4337910aea3043ba16ab,True
test226,crate__03,root:1/visual-region:14,container_visual_panel_06,container,sam2-amg[facebook/sam2.1-hiera-tiny]/point-grid,0.8888832937342844,0.62,d07059398996d51b7f692bffcf8934bd629315b4ee293fa6bad4e053cdb93ee0,9e422c8ef4a3e8194ef112fd6a2fc2f947bd4edb05f93e4a51415f864f3cabee,False
test226,crate__03,root:1/visual-region:19,container_visual_strip_03,container,sam2-amg[facebook/sam2.1-hiera-tiny]/point-grid,0.6851480704591322,0.62,cde25a9802d8f85a3fa76874b7964c1859aa3750bc0e87805faddf23e801e8f6,9f5d450a2c5ff93551033c2aba8b260eee7d46b4f57e3b7ec805546c3f10271a,False
test226,crate__03,root:1/visual-region:24,container_handle,container_body,sam2-amg[facebook/sam2.1-hiera-tiny]/prototype-labelled-region,0.8957094037188704,0.6065856285505296,28698ec4d3e992d309095fec15c5a9ec3093966ca7540f156d185a1c044bd503,701ec87b769d3eaee9f866ce5ad8b11531cb8c6529171d91f68d899bad3061ed,False
test226,crate__03,root:1/visual-region:26,container_visual_panel_11,container,sam2-amg[facebook/sam2.1-hiera-tiny]/point-grid,0.8638599836478832,0.62,33e5103bc7f3183aa42dd92831ec9896a24a6d754f706964f8d8fdc354a5dd2e,ad753893ec84d6fd5a8850408381332eae7b69ff02369e1629888a8645fb885b,False
test226,crate__03,root:1/visual-region:32,container_label,container_body,sam2-amg[facebook/sam2.1-hiera-tiny]/point-grid/semantic-rerank,0.5148133882797452,0.66,adfd06285fd7c1afd6c9d3b51a36f9d073c752306ac26977869f980ee9288429,cefa19a94125de9a3c1eb6850fc79f0f46fec9ddf5bd08253f20ede7590439d2,True
test226,crate__04,root:7,container,container,grounded-sam2[IDEA-Research/grounding-dino-tiny|facebook/sam2.1-hiera-tiny]/root,0.3354596793651581,0.9908203125,70be9144d58ee60a02252f72fff02eca7f9a02e54a41ee21dbeb7e9854661699,0e9099928cad0d7bc1777d0d630f3ec7c555d07809ed4b717eb85c23aba7df3a,False
test226,crate__04,root:7/profile-refine:IDEA-Research_grounding-dino-tiny:container_base:02,container_base,container_body,grounded-sam2[IDEA-Research/grounding-dino-tiny|facebook/sam2.1-hiera-tiny]/profile-refine,0.24256430566310883,0.8608574218750001,6357a288f39fbaa3ab492e25c6867f723a3e5420da3ff771c74529d67584bb25,c94eccdc73ac17b9d8f9606970c2aab7fc899693d41934d39af625c1299c8b98,True
test226,crate__04,root:7/profile-refine:IDEA-Research_grounding-dino-tiny:container_bottom:01,container_bottom,container_body,grounded-sam2[IDEA-Research/grounding-dino-tiny|facebook/sam2.1-hiera-tiny]/profile-refine,0.2836821675300598,0.8569902343750001,b65080f33a40cc56ae8c590465fd4e1a0048574913dfb9a1d3823149a00b0c1a,2e2f854300add8f60d08a7bf488565919b60073a947cdea30f829947202c5ddb,True
test226,crate__04,root:7/profile-refine:IDEA-Research_grounding-dino-tiny:container_label:01,container_label,container_body,grounded-sam2[IDEA-Research/grounding-dino-tiny|facebook/sam2.1-hiera-tiny]/profile-refine,0.4076280891895294,0.8332070312500001,6bc925cfcaa3c84be88194be3e9a305fce43c9e637b1034f717412fa2fa6573c,1daa784a2438721f312db1eb7d2ccc5e1a9f5dc56797c451606a5c501e7229b3,True
test226,crate__04,root:7/profile-refine:IDEA-Research_grounding-dino-tiny:container_label:03,container_label,container_body,grounded-sam2[IDEA-Research/grounding-dino-tiny|facebook/sam2.1-hiera-tiny]/profile-refine,0.2689414322376251,0.856796875,8e4c67054d666123ffeead38792727755cf19894d70d43b7f735147fe488cf37,8d45bb3ba3802b096fb3164553215b90ef923a0ec8db74b81959698ca2d5ae2b,True
test226,crate__04,root:7/profile-refine:IDEA-Research_grounding-dino-tiny:container_side:02,container_side,container_body,grounded-sam2[IDEA-Research/grounding-dino-tiny|facebook/sam2.1-hiera-tiny]/profile-refine,0.2916865348815918,0.87033203125,59988bd3bad2cf51bc1274a41a5fb253839365d156b154e40411aa800f0cf34d,2e3423539f20edd84022acafb8527c606e1aacd7d54b216449af667fa8a963fb,True
test226,crate__04,root:7/profile-refine:IDEA-Research_grounding-dino-tiny:container_side:03,container_side,container_body,grounded-sam2[IDEA-Research/grounding-dino-tiny|facebook/sam2.1-hiera-tiny]/profile-refine,0.2709622383117676,0.863564453125,de0c09b05534b5a189a01e1f273fa15e2968e60d42410b2f269b03ff0a83ed52,42e3eff97c8564ed62b7f6c4a6a91a64f9d25570e4c43912efcaf93044c50213,True
test226,crate__04,root:7/visual-region:01,container_handle,container_body,sam2-amg[facebook/sam2.1-hiera-tiny]/prototype-labelled-region,0.7650056647399228,0.6131219493532181,5369893b5d35efffc43c4fc0c42546bffed6273b1887d85c88c0e26d89cc9ea4,9cd40315e764a9dfb63aeaba1644426294ffea45aea8713fb19dfa0c18494890,False
test226,crate__04,root:7/visual-region:05,container_visual_strip_02,container,sam2-amg[facebook/sam2.1-hiera-tiny]/point-grid,0.8492376961988063,0.62,96e077a641d4226fece1f7373f018a3f8a6ff89bf7af91c215dcc549769a306d,30daebf2fbcc0a44b252e7e9ff3d9aeab248132b2201dc47806e03895feee068,False
test226,crate__04,root:7/visual-region:06,container_lid,container_body,sam2-amg[facebook/sam2.1-hiera-tiny]/point-grid/semantic-rerank,0.6344043456336126,0.66,58cb5a4adc0a3cb3813cb3666f86c2db705c5efe7013838dea314fc6d56dfcb4,fb8fbdb785430d5c1a08169ad2c65b7010fef78f766d34fcaffd8f261ccc0fd5,True
test226,crate__04,root:7/visual-region:08,container_visual_strip_05,container_visual_strip_01,sam2-amg[facebook/sam2.1-hiera-tiny]/point-grid,0.723081166202376,0.62,6d769b14960fd764291b2d0bd82d4f51b0c2304338e9728cac97ce3e1dd8de75,d1677bda077250a5ddd063d3b025309977d1bc65a2de47e51f40e8421323bc4a,False
test226,crate__04,root:7/visual-region:13,container_visual_panel_02,container,sam2-amg[facebook/sam2.1-hiera-tiny]/point-grid,0.7023487769578312,0.62,9b174c619a6fc57fe257214caa8e9d60e498921f82ae4a016d43821ea85757af,7855131699e0601b4a8eea7416def7bf8973ddc60a646f7237b5c7d7939ee583,False
test226,crate__04,root:7/visual-region:15,container_label,container_body,sam2-amg[facebook/sam2.1-hiera-tiny]/point-grid,0.6856934404621715,0.68,638395b225e82a784cdcc2d727b2920166ce6f176cc178969d008c28addb8168,9708676f3d931cacb729fbc14e8494a4bd39b5feedb48caadda16c51b17886a8,False
test226,crate__04,root:7/visual-region:16,container_shoulder,container_body,sam2-amg[facebook/sam2.1-hiera-tiny]/point-grid/semantic-rerank,0.5392637873036904,0.66,bef40310ec210a15b57a5ca0cbad1ac10eeeaea41f07fc5c1dd34ec4dd87c232,26d452ef11372f30365d57d86246bb6205a544ce563fad1c5f32570104eb3053,True
test226,cup__01,root:1,container,container,grounded-sam2[IDEA-Research/grounding-dino-tiny|facebook/sam2.1-hiera-tiny]/root,0.824603259563446,0.98486328125,e7ac3596a64eea8432846fefed2324a6bcced98926d1bd12851c03fa468647e8,2e12e5d144935bf99aec41ed2d83946edbe625bec837be557ab52cf7f07a9079,False
test226,cup__01,root:1/visual-region:01,container_handle,container_body,sam2-amg[facebook/sam2.1-hiera-tiny]/prototype-labelled-region,0.7999937225071079,0.6105912283668518,580eab52071f4fa0a03ed1eb8bf5e30a20f9da0466203d524f40a430d026d29d,f0a0fb6dff53a6fbf19144fb31578363c09ffbb1e1bcb7152644cd533dafaaa0,False
test226,cup__01,root:1/visual-region:03,container_visual_panel_02,container,sam2-amg[facebook/sam2.1-hiera-tiny]/point-grid,0.7555481219597677,0.62,85b8f9db47959b04dd5f03a881ff1e6f27ca5b9171b28ef13cbc582f726771cc,33ae83a9a78a6f4e3850545e9421d293ba7b284e458e54d7b95d88980a45480f,False
test226,cup__01,root:1/visual-region:05,container_rim,container_opening,sam2-amg[facebook/sam2.1-hiera-tiny]/point-grid/semantic-rerank,0.4973399455856488,0.66,3d43920a81311c22cfeb879fb0a304c954eff3b59643ad23a445aa10bf6737b8,937ffee9a35d0774c1e654b70774237062ff69e3cc5e9df38303fd82ad9ce1f0,True
test226,cup__02,root:1,container,container,grounded-sam2[IDEA-Research/grounding-dino-tiny|facebook/sam2.1-hiera-tiny]/root,0.8887587189674377,0.99189453125,ae6b36ca7eee932fced7c388641a6cc509fa6a5ebdb0fb204130b4f7c0c94eb1,e9c146414156d3f8e7072d82f9a25f1a8b0c5001d3e14ba64fe144ccad38abff,False
test226,cup__02,root:1/visual-region:01,container_handle,container_body,sam2-amg[facebook/sam2.1-hiera-tiny]/prototype-labelled-region,0.8846155993310058,0.6073296561336518,4e1f0277b8f717396d85db2b5cc0e66083be50e1f77b79ffcd035acaa7c2e6d5,1016169cbf11a1edfb30d226889dc3ae9eb22c4b7d67e0842786e6657ce2c823,False
test226,cup__02,root:1/visual-region:02,container_visual_panel_02,container,sam2-amg[facebook/sam2.1-hiera-tiny]/point-grid,0.7513190176391936,0.62,412ae0fd4d636111fc99bb3154e5ef89187ed72cad80dd937d2390ce2c646b36,2e2cc7c3eaeb656b1c441a001f267e220512ec668aae61ec09ddcf4a9fde3e0e,False
test226,cup__03,root:1,tool_prop,tool_prop,grounded-sam2[IDEA-Research/grounding-dino-tiny|facebook/sam2.1-hiera-tiny]/root,0.6293190717697144,0.9862304687500001,3ae8115142ea4d08ff973bc88742b3e37b552e5ce3a77a83426dabbde0a806b5,64bee0448aee92430042436e54898da4fe2cffec375ab43d6097c27f01883b67,False
test226,cup__03,root:1/profile-refine:IDEA-Research_grounding-dino-tiny:tool_prop_handle:01,tool_prop_handle,tool_prop_body,grounded-sam2[IDEA-Research/grounding-dino-tiny|facebook/sam2.1-hiera-tiny]/profile-refine,0.4476715922355652,0.8540898437500001,970bc44047a29af67fe01495f0bfdae5619aca081f82ad7393fb6ce4fd7a9b82,a6e45ba15fec960dacd0d5d215042b08eefb8c898bb9aafc8528c704cd9f22b0,True
test226,cup__03,root:1/profile-refine:IDEA-Research_grounding-dino-tiny:tool_prop_lid:01,tool_prop_lid,tool_prop_pan_body,grounded-sam2[IDEA-Research/grounding-dino-tiny|facebook/sam2.1-hiera-tiny]/profile-refine,0.5088033676147461,0.867431640625,168d3c1a25206365c767dc64534a25e4b1b47fbaecde8317f325c522c774aba1,879bd1ebbcbeb776940082fcf5fb9f09f389ae3a7d93318bcbac3a06fc743df9,True
test226,cup__03,root:1/visual-region:03,tool_prop_lid,tool_prop_pan_body,sam2-amg[facebook/sam2.1-hiera-tiny]/point-grid,0.8195689687379515,0.68,99cf649e9f455221f88f6f62facee6442923696cbc7ede9f2fbfba02780bdf33,1dd43a950dcfd442d02670aa13fb3e46f5ab795377f0cc3143e482f57c256079,False
test226,cup__03,root:1/visual-region:04,tool_prop_visual_strip_01,tool_prop,sam2-amg[facebook/sam2.1-hiera-tiny]/point-grid,0.6851134622827497,0.62,724670f7dab20133a6f635a60966954247bd55bbcc47cebbed0d06dc45ca8f16,b6c89d656d872bbd07bf64e6fd50ee7755c3ddad2e7ee67089d6d86e6cb161cb,False
test226,cup__03,root:1/visual-region:05,tool_prop_rim,tool_prop_bowl,sam2-amg[facebook/sam2.1-hiera-tiny]/point-grid/semantic-rerank,0.5471494926292625,0.66,fedced4bfc4c2018d149d2be5d19b76751513e7c77bf026363f2221c5a4436f6,23f7aa87051b921c997a751e934ffdf22527ce57ea31ad77648a0d1bc9fdfa71,True
test226,cup__04,root:1,container,container,grounded-sam2[IDEA-Research/grounding-dino-tiny|facebook/sam2.1-hiera-tiny]/root,0.8728901743888855,0.9873046875,f855ee92d155a0f6ab0de07d4a9a9e148c945b4179eaf07ba04f10d6e43d3c87,cedba5f0831c38a7986ba0f366d17ec4112a48b4709bbd5d5d1d796bd17952ce,False
test226,cup__04,root:1/visual-region:01,container_inner,container_body,sam2-amg[facebook/sam2.1-hiera-tiny]/prototype-labelled-region,0.672974218361115,0.5998676406927109,d4e61040906f849320ab846312fd206cc40c0fe9916260aa16f69bfec6a68db8,a0be698ec2c3a036678d1edb1dd2d540e23a35d29f60af20f7cad1ba858df4ef,False
test226,cup__04,root:1/visual-region:02,container_visual_panel_01,container,sam2-amg[facebook/sam2.1-hiera-tiny]/point-grid,0.6832629192658147,0.62,e9219d2ab192201c977971e5f3f1b451b7d74a0dc9d32674bb4e17bb2bb757f7,4e867c9190c2e86f7395c057e24bb75aa2075a423472a1c43d311ab45dd1a70a,False
test226,earphone__01,root:8,device,device,grounded-sam2[IDEA-Research/grounding-dino-tiny|facebook/sam2.1-hiera-tiny]/root,0.3015677034854889,0.9869140625,f2595ee41ea0e1b4c62713c280adf4cdee030c336a25916085ecf8efd12042bc,f986dca475c346498486903f336eea44c24dbfca0eb3ffadb7c8bdffc3cd3210,False
test226,earphone__01,root:8/visual-region:01,device_earpad,device_body,sam2-amg[facebook/sam2.1-hiera-tiny]/point-grid/semantic-rerank,0.5631603657945388,0.66,c2888859e51f7a4d0c772fb2b285cdf5c90400d4dc9e8e2bd6f750afc512a9b5,fbae7beddb8731c21493b68d7aaa4b4447530d9e2a148d84fbc456d9bf8e52db,True
test226,earphone__01,root:8/visual-region:02,device_earpad,device_body,sam2-amg[facebook/sam2.1-hiera-tiny]/point-grid/semantic-rerank,0.5270222361633679,0.66,2536c1d1c6b3eca5dcfc5c6e73b2c23aa4c0d4d5bff99818523e426294a6175a,2e8f5229459b211d428ce9a98a47f5f28dddce99151de1c34e0feb9b31852c6c,True
test226,earphone__02,root:1,device,device,grounded-sam2[IDEA-Research/grounding-dino-tiny|facebook/sam2.1-hiera-tiny]/root,0.42190906405448914,0.93427734375,b0d67bae09a1f325746efad7ba6f812c902449afc62ed0659cd2fa5d5c736167,56a71361af27d6531373f58461c361eeb76ce67c54e9e3e8a6c1d5409bf1f46f,False
test226,earphone__02,root:1/profile-refine:IDEA-Research_grounding-dino-tiny:device_earpad:02,device_earpad,device_body,grounded-sam2[IDEA-Research/grounding-dino-tiny|facebook/sam2.1-hiera-tiny]/profile-refine,0.3071501553058624,0.8517695312500001,4b3ad5a718c1a1923b9eba679152812507a7bed98ca693e1ba0ee9da45331a3f,99756abfb601bafd41e4a67e83ad1a5b38a9abfa6eab65d5a4cea3cda2569c97,True
test226,earphone__02,root:1/visual-region:01,device_earpad,device_body,sam2-amg[facebook/sam2.1-hiera-tiny]/point-grid/semantic-rerank,0.5606044397045282,0.66,bec98cb1478e42921a3466589eb3e861f91a77702d2183d73f219a58c5fef402,051d6a98cdae10f81d6475ade48f15302195403c148b642df4ac86e8f915289b,True
test226,earphone__02,root:1/visual-region:02,device_earpad,device_body,sam2-amg[facebook/sam2.1-hiera-tiny]/point-grid,0.7964482734276946,0.68,4ec3eb58623600e572cd295628bee52b1db2bc50909b6f26e726413f625645d0,c840a9a5e782e45be0dd3317b8817c3dc3d74af048d2e5434c0cba8ea5baf3de,False
test226,earphone__02,root:1/visual-region:03,device_slider,device_headband,sam2-amg[facebook/sam2.1-hiera-tiny]/prototype-labelled-region,0.8234975303499912,0.6069539254646301,5b8a48e1c3d84064ac5b8be6277b12ab4a54a8cea80d122489bd30a2ee0ea322,c3cf457459922ee433f263d31c10f4b9400ef36d9e753c38f9d0850f3c2a7b61,False
test226,earphone__02,root:1/visual-region:05,device_cable,device_body,sam2-amg[facebook/sam2.1-hiera-tiny]/prototype-labelled-region,0.6835633073236997,0.6116415026054381,7405e64c51e81822d8adf31dafb428a411f2e969754e17a6899beb730659d42d,e8fda89d8044d5b0067274ffdb9023195a88185b1eefdb4354657541b4299005,False
test226,earphone__03,root:6,device,device,grounded-sam2[IDEA-Research/grounding-dino-tiny|facebook/sam2.1-hiera-tiny]/root,0.3646644353866577,0.9513671875,925b7cd99fb167a397b80afc9152390c36d1578f94f0eb3c545f27648309e1f2,8a2f653e2027d06f8fb94f2d9d50ec7241eac1a71becdbae8cd8689e7bb9bca9,False
test226,earphone__03,root:6/visual-region:01,device_visual_panel_01,device,sam2-amg[facebook/sam2.1-hiera-tiny]/point-grid,0.8887542064979017,0.62,f502af70a60a1d31012d1371f9726ee930709d575f5c813ad657fff74a4ee868,ef2283c2eff3835f8ccf3021dcc404fe8316cbf8cca858f1964c685c94825d60,False
test226,earphone__03,root:6/visual-region:03,device_visual_strip_01,device,sam2-amg[facebook/sam2.1-hiera-tiny]/point-grid,0.815265751708851,0.62,937b63b25cf4a187815109bc74befb30c87d0475679adeb724774324bb722017,c93bff911383ec4bdeec001c78103af66c8acf5c2dec06e615b2e0473b9d3454,False
test226,earphone__03,root:6/visual-region:04,device_earpad,device_body,sam2-amg[facebook/sam2.1-hiera-tiny]/point-grid/semantic-rerank,0.7158766282687653,0.66,9d6fa680e1a8d4f17f608717a462100fa8e25a7f84cbde56dbebc1c92554781b,3e6d266057ae875fdef64c0a1e50b59633bce82bb8d489371821d581aba79a08,True
test226,earphone__03,root:6/visual-region:06,device_visual_panel_04,device_visual_strip_02,sam2-amg[facebook/sam2.1-hiera-tiny]/point-grid,0.7646998797757003,0.62,58197faa66cdd9e7e4953ff39f35ae864f9d2101b53ffe3ee395957522ab381b,d308f9b6f06dd850fd2e305f0ba5fd1c6e6c01515834c87609ec6bc9b9f68dc8,False
test226,earphone__03,root:6/visual-region:07,device_slider,device_headband,sam2-amg[facebook/sam2.1-hiera-tiny]/prototype-labelled-region,0.7336000266255458,0.609854362402916,fad8db719c56d43824b2881c890343155689ee31f6dc9c0d72854a712af9f25b,320dbf91eb45d4ab47dd417378ef54f4c64dbb00bb4d11ec2dc8a45b96e32741,False
test226,earphone__03,root:6/visual-region:10,device_cable,device_body,sam2-amg[facebook/sam2.1-hiera-tiny]/prototype-labelled-region,0.7577636772374583,0.6054022263383866,4e8e329da7a35718db79e138dbbcf29f288fb2c114d77fb51d848c30c7fa961f,8c128274873563678a6750218eb1b72ec96ec4337a21eba373dcc0afc641b1e0,False
test226,earphone__03,root:6/visual-region:11,device_earpad,device_body,sam2-amg[facebook/sam2.1-hiera-tiny]/point-grid/semantic-rerank,0.6675970986966069,0.66,e03d688bd898879ca3cdea8a9c7bdb388f814d81e8a8c019499c9283a41cc547,84e2fd90f2e89ae7fc439150c7b1623d449c3a44df0fcca6718f19d855fc8e4d,True
test226,earphone__03,root:6/visual-region:12,device_slider,device_headband,sam2-amg[facebook/sam2.1-hiera-tiny]/point-grid/semantic-rerank,0.5979926380237793,0.66,ac73348704ff70ffd2c42d4d1cb3ce5dd550cc697fb905cf2e5c664992045c74,ed482d68be7c3051810b4c3f88c3edaa45150aa0a88b386b0c7b138b36aa0d5c,True
test226,earphone__04,root:7,daily_object,daily_object,grounded-sam2[IDEA-Research/grounding-dino-tiny|facebook/sam2.1-hiera-tiny]/root,0.32316645979881287,0.9402343750000001,3afb18e891a080109018f1e7591a10af1e743a25ee6711ed17c5e05607e5190b,5bc29e75bc6e280c8349ae34bd2e500f11ec4ad522f87e82e566e9421c9968dd,False
test226,earphone__04,root:7/visual-region:01,daily_object_visual_strip_01,daily_object,sam2-amg[facebook/sam2.1-hiera-tiny]/point-grid,0.6643180756968311,0.62,e33db4cecaad5b4a9257103f764b3a246f0fb2a301befc6598d63e0925187b85,2c940a2c410160782a14eaccf600308c4225e752004974729926bc0bbfcabc46,False
test226,earphone__04,root:7/visual-region:02,daily_object_visual_strip_02,daily_object,sam2-amg[facebook/sam2.1-hiera-tiny]/point-grid,0.6503809698046366,0.62,59ef0bc45cf2227f0619d101466200d3b9fdfd05c0e407b4a89164b530e94a12,17e29c700d8587423661fc43bf41d42734daff891ff5738f60540619e86e0825,False
test226,earphone__04,root:7/visual-region:03,daily_object_logo,daily_object_body,sam2-amg[facebook/sam2.1-hiera-tiny]/prototype-labelled-region,0.7311258041176085,0.6065984952936172,ca770fafbf78dd6aa84f1f50da535e99710f5a6873a5eed95b9eda14102da46d,98130789bd696a5becddef7d5fe140419c9420c0cfd62cf76fbbdd1322ac4abe,False
test226,earphone__04,root:7/visual-region:05,daily_object_band,daily_object_body,sam2-amg[facebook/sam2.1-hiera-tiny]/prototype-labelled-region,0.8220899019957666,0.6062178384504319,49e6ae67bf55054f30f44f4ee638b88cac9d731a9d817bbfd88b78bdc75fa58f,8199905c9b215cec77da6213ceae3c6362d06dc3ca4f79d9867e818603dc7e1b,False
test226,fan__01,root:1,device,device,grounded-sam2[IDEA-Research/grounding-dino-tiny|facebook/sam2.1-hiera-tiny]/root,0.8885655403137207,0.9921875,e57cad38480028627a965f3ddd47d0f902613faca9b4cf44ff48a82cbb84e58a,cb406c0fc39d94cfa80e224d5017321a71cee5c2978f8adbe3e6e3311deb5482,False
test226,fan__01,root:1/profile-refine:IDEA-Research_grounding-dino-tiny:device_blade:02,device_blade,device_body,grounded-sam2[IDEA-Research/grounding-dino-tiny|facebook/sam2.1-hiera-tiny]/profile-refine,0.3364400565624237,0.863951171875,c8eca7bcc8ef09df11e4196ebce27bc0c075cf679152c67b6e20c807adeddba9,03d13070f73ad4b7dd8d00e35127946874519e63c8ae36d6f4d858c75c088c0e,True
test226,fan__01,root:1/profile-refine:IDEA-Research_grounding-dino-tiny:device_blade:03,device_blade,device_body,grounded-sam2[IDEA-Research/grounding-dino-tiny|facebook/sam2.1-hiera-tiny]/profile-refine,0.30321571230888367,0.8589238281250001,82cf011ccdc69b77f3f41814b32defeddb09af0bcc72397de366dffbe8da147c,6c5cebe2e43e402d9c1e3e9427bcb5a1651213b0cc9cd3705456751bcb4c3477,True
test226,fan__01,root:1/profile-refine:IDEA-Research_grounding-dino-tiny:device_blade:04,device_blade,device_body,grounded-sam2[IDEA-Research/grounding-dino-tiny|facebook/sam2.1-hiera-tiny]/profile-refine,0.2603894770145416,0.8546699218750001,278ad7922d28c04ec09d893928322ea101e9c1d674814aa9c7365105773b4404,c6b148ec33f0c95916279c06b5e40594755e6e66470085ebc17744f40a4f5c2e,True
test226,fan__01,root:1/profile-refine:IDEA-Research_grounding-dino-tiny:device_bulb:01,device_bulb,device_shade,grounded-sam2[IDEA-Research/grounding-dino-tiny|facebook/sam2.1-hiera-tiny]/profile-refine,0.4025682508945465,0.86646484375,aa86dc3d30676ff12225385f2579d1d20cb71966cbc268faa766e6c7adaba697,34e7a7efff3773e15d02f4da4130c1fc381985506a68fd54b0fb0bdb1f29905d,True
test226,fan__01,root:1/profile-refine:IDEA-Research_grounding-dino-tiny:device_button:01,device_button,device_body,grounded-sam2[IDEA-Research/grounding-dino-tiny|facebook/sam2.1-hiera-tiny]/profile-refine,0.31257981061935425,0.85873046875,e5d82d7fb8e42ae99ff4c08eba7ee05aff8fb5e4909cba4d1eea4669946b5270,3546de159fcf3af6ba9925c5c962d3967ee1125904106a97d7ecdb7f98f36a69,True
test226,fan__01,root:1/profile-refine:IDEA-Research_grounding-dino-tiny:device_rod:01,device_rod,device_body,grounded-sam2[IDEA-Research/grounding-dino-tiny|facebook/sam2.1-hiera-tiny]/profile-refine,0.41046085953712463,0.848095703125,be1b22eb63332feba9a4c0a2f8367e4b67dc49e454b3abfd3b5d7db943f0a336,02d6494c9c5aa68a15680ca2f44e9be974d778642fc375bcc8d299262418a6a0,True
test226,fan__01,root:1/profile-refine:IDEA-Research_grounding-dino-tiny:device_shade:01,device_shade,device_body,grounded-sam2[IDEA-Research/grounding-dino-tiny|facebook/sam2.1-hiera-tiny]/profile-refine,0.2699987292289734,0.86259765625,236b43a8e989bf4874b120c877baefd6e1801c622ed1d7ae77235e8935dda628,853df4fb12e008ad568e8c422c918b23ad718279165041070ede691c026db120,True
test226,fan__01,root:1/visual-region:01,device_button,device_body,sam2-amg[facebook/sam2.1-hiera-tiny]/point-grid,0.9272457459604297,0.68,3b554d91f4da9456e9b5edc0c33f9af552414e0473e49c7b2fe83ef803609bdc,fd58e615a0785ce4ec024d9998afdb8d025fa54bea7b8f927daccd35dc24ca04,False
test226,fan__01,root:1/visual-region:02,device_blade,device_body,sam2-amg[facebook/sam2.1-hiera-tiny]/point-grid,0.8510288165247316,0.68,277d4bc1d2d7d235dd49449816a01d9b929648e3f448a3b4fc494fc5f9ac7e60,49d2cfc3625adc7f1d2665e9dcbbadc85e9323fd3cdcf36dd9308d7f23290072,False
test226,fan__01,root:1/visual-region:03,device_bulb,device_shade,sam2-amg[facebook/sam2.1-hiera-tiny]/point-grid,0.7086064183702993,0.68,bcd85b6ec0898ea6a36814154fdfec8e072f488f4ec7509a93f1422834d12aa6,3f0f6103674b6a0e515dffa28264158ec7a71a66e738a75969eb0b5c2f9b6f3c,False
test226,fan__01,root:1/visual-region:04,device_blade,device_body,sam2-amg[facebook/sam2.1-hiera-tiny]/point-grid,0.8038231301167216,0.68,a805a40d09c961f94390fc134c019ee7ca1c45daf7ec92d8e590b79e79d76e2e,fd79f28f3e6562e8d5914699bfd039265ba995b6c0087d8b26c0dd02fcbb4da9,False
test226,fan__01,root:1/visual-region:05,device_rod,device_body,sam2-amg[facebook/sam2.1-hiera-tiny]/point-grid,0.8485361201615929,0.68,ee43e2d36c1db8d49e3ead2b32873074a0734e0f27f5f2c619948165db78ed9d,ee4fffb04e2fbe70cd60324085adeeee3de16fe9b3f4cd0573fd78716831e583,False
test226,fan__02,root:1,device,device,grounded-sam2[IDEA-Research/grounding-dino-tiny|facebook/sam2.1-hiera-tiny]/root,0.5523586273193359,0.9778320312500001,585c3f3b41510b01a487b0d7f5988c24161ee941c7d9ab3398443d3f3588ff12,5585a325aa666000b6d9cccce480b68b73a6ae64746756e7bc238e07ee9accf1,False
test226,fan__02,root:1/profile-refine:IDEA-Research_grounding-dino-tiny:device_blade:01,device_blade,device_body,grounded-sam2[IDEA-Research/grounding-dino-tiny|facebook/sam2.1-hiera-tiny]/profile-refine,0.30663084983825684,0.856796875,a02bcf4f5e1f3bb3bf3c8ef7ef33d7e024b130329d06c1fdbbf69f906cc70115,6bc2fb14da101484f5b3a804876815b769d9ff7c5beb0688ca7dc8cd9e9d5ca3,True
test226,fan__02,root:1/profile-refine:IDEA-Research_grounding-dino-tiny:device_blade:02,device_blade,device_body,grounded-sam2[IDEA-Research/grounding-dino-tiny|facebook/sam2.1-hiera-tiny]/profile-refine,0.2809121608734131,0.8498359375000001,90e9f14f9baa9bf482d441b2176915212c0b3a00213271d41a2ec10fec73dc84,bb1b49c4f51be3d22e35848e13b3470e37b8e6ee3ab178a5b7e6a56ccb5ed096,True
test226,fan__02,root:1/profile-refine:IDEA-Research_grounding-dino-tiny:device_blade:04,device_blade,device_body,grounded-sam2[IDEA-Research/grounding-dino-tiny|facebook/sam2.1-hiera-tiny]/profile-refine,0.2583259642124176,0.843841796875,30718518c42f9faa0146936741302e981ec55df6c2a2b60ff8b027baba396b70,2cbc96a7418fd35e31f5f36a42042eb5e5015b529931d3a261cb1c0399d28cee,True
test226,fan__02,root:1/profile-refine:IDEA-Research_grounding-dino-tiny:device_rod:01,device_rod,device_body,grounded-sam2[IDEA-Research/grounding-dino-tiny|facebook/sam2.1-hiera-tiny]/profile-refine,0.34953272342681885,0.842294921875,d4e975b6fb3506eda53bad5a3fc9d3baf6d528ff7ebd7637bccc0c991e440a46,5495301ba8ff18ebca5c6ed9b7dc2767aaa82e8a18231077596565232005d794,True
test226,fan__02,root:1/profile-refine:IDEA-Research_grounding-dino-tiny:device_rod:03,device_rod,device_body,grounded-sam2[IDEA-Research/grounding-dino-tiny|facebook/sam2.1-hiera-tiny]/profile-refine,0.2628418207168579,0.82624609375,0796701de1a05ce0077ab48cb5b59a7726d9f14f06cf6f311dbd28f43262bf20,552407983bc75cfda2de93596124388c9210832dd84c34a60fdaa254edd84809,True
test226,fan__02,root:1/visual-region:01,device_rod,device_body,sam2-amg[facebook/sam2.1-hiera-tiny]/point-grid,0.7860592816075107,0.68,d4e975b6fb3506eda53bad5a3fc9d3baf6d528ff7ebd7637bccc0c991e440a46,dfbb57db546568cc63c5a61e0eee4495c3b6749e0ce4fa20cc6355f3fa26aafd,False
test226,fan__02,root:1/visual-region:02,device_canopy,device_body,sam2-amg[facebook/sam2.1-hiera-tiny]/prototype-labelled-region,0.6390989459137955,0.6113159775648117,2a61e73705528b01a41b46706d19986fc3ac575cfe7816b2408c514a85c21050,82d949f6c97b38076ba21f32635be6a5d8ba64df156fa9d2e03d0ab602071031,False
test226,fan__02,root:1/visual-region:03,device_blade,device_body,sam2-amg[facebook/sam2.1-hiera-tiny]/point-grid,0.7438970565687999,0.68,8a0daddddf2cb3375ed0e74580faff801e2bd5547ecdb9358685dafba6306250,ff1006f2157575880995deb11f876ea32377bd41ad4aa2d1e1ec5a71bc1e663b,False
test226,fan__02,root:1/visual-region:05,device_blade,device_body,sam2-amg[facebook/sam2.1-hiera-tiny]/point-grid,0.8022931319783597,0.68,213e41a01133bd08c8afcc9544b07ceb2a422fd3ce905741bea73df8c26ceede,265be206db3bbbcfbdd163dc56f6369686bf98ce1fb61b1f98f79be9f04c4123,False
test226,fan__02,root:1/visual-region:06,device_blade,device_body,sam2-amg[facebook/sam2.1-hiera-tiny]/point-grid/semantic-rerank,0.5605230645137752,0.66,d7b827341bd3ecde7f2896206462257d6b6d19dc6726f7fbff5a4e46e3692bf4,d352c2d1ec31ad89c562512eddacfe84c992481321d48607c1439b1f0d31231c,True
test226,fan__03,root:1,device,device,grounded-sam2[IDEA-Research/grounding-dino-tiny|facebook/sam2.1-hiera-tiny]/root,0.8925625681877136,0.978125,1e3d841ba3096461b4fefe4b335908cc26a0bc45ee6c2d42a6e2dcd86c6db9c8,6b46abcd52c5f6784b6d03a343c67ac4461eeefa241830b4003e778b31fcf1ea,False
test226,fan__03,root:1/profile-refine:IDEA-Research_grounding-dino-tiny:device_blade:03,device_blade,device_body,grounded-sam2[IDEA-Research/grounding-dino-tiny|facebook/sam2.1-hiera-tiny]/profile-refine,0.24328269064426422,0.824892578125,16a8c4effdb9526bf09a3fe6219d52505cd8a8ee6163448def421c50203ddc9a,cb934e2c0db01b6e0203ec23360b321bfb7833c18659369dea857bca927ba187,True
test226,fan__03,root:1/profile-refine:IDEA-Research_grounding-dino-tiny:device_bulb:01,device_bulb,device_shade,grounded-sam2[IDEA-Research/grounding-dino-tiny|facebook/sam2.1-hiera-tiny]/profile-refine,0.31058982014656067,0.847515625,a33055825953190583795b0814e4695db7027fc099b5e8bcb32ac73509f70fcd,ed75bb65777b7d225f20442a2f38ed4dd740befabd8b295ccfdabde59eb8b386,True
test226,fan__03,root:1/profile-refine:IDEA-Research_grounding-dino-tiny:device_chain:01,device_chain,device_body,grounded-sam2[IDEA-Research/grounding-dino-tiny|facebook/sam2.1-hiera-tiny]/profile-refine,0.26473838090896606,0.7705585937500001,223d4612a69dcfc8f5db3f2e9f41fe8d952a3f1c65d8a87f2c5e52f24141c44a,92a35f17cad2d69e459f65d9bcb40676a0139814d417a414c0bd4c4cf4dff95e,True
test226,fan__03,root:1/profile-refine:IDEA-Research_grounding-dino-tiny:device_rod:01,device_rod,device_body,grounded-sam2[IDEA-Research/grounding-dino-tiny|facebook/sam2.1-hiera-tiny]/profile-refine,0.34620964527130127,0.7906679687500001,5a01f04e71b5e607a9487d8ad3a2fd3fcb00539a084630ce39e948415a7d4d2a,c96b2ca31147e9ce4f18709d54eeb23c8b35dc4b303ad9623daafd7ffdc4e287,True
test226,fan__03,root:1/profile-refine:IDEA-Research_grounding-dino-tiny:device_shade:01,device_shade,device_body,grounded-sam2[IDEA-Research/grounding-dino-tiny|facebook/sam2.1-hiera-tiny]/profile-refine,0.2422056347131729,0.85641015625,c734ae7060c43986f391e8441c88571df78321c89aa37d3b123bac0e80a72858,16548d361307210a6fa57b0308c63a645791513fc389270c417d8a11fbf08ce6,True
test226,fan__03,root:1/visual-region:01,device_blade,device_body,sam2-amg[facebook/sam2.1-hiera-tiny]/point-grid/semantic-rerank,0.6046818701750943,0.66,5591699c10b3b2e3c280848fff7b0162da2a74c68e1696d1b71bb2588351a0b5,0f231a73a2179a35137b38d5534f8a9b905c15c8bb4886fb6d066c73c8640d37,True
test226,fan__03,root:1/visual-region:02,device_blade,device_body,sam2-amg[facebook/sam2.1-hiera-tiny]/point-grid/semantic-rerank,0.5477785326060823,0.66,818d10a9afc02aae5789738eb19a3eff822c84665d7b6248b81ffd3ae5803fc6,12f8afd89e427bde3fe1781385283f912ccda4ff72759d8b53d60a07ab5b02d0,True
test226,fan__03,root:1/visual-region:03,device_blade,device_body,sam2-amg[facebook/sam2.1-hiera-tiny]/point-grid,0.7773341342479685,0.68,d8d1ba7ce341a8d2864e898e48de5f7a0dc0aa0dec8c7d8794be062f5c6861e5,57667eb00f4a0dd54cafdd1ed6f88e80231fa7be9459e344102331cc7c72ea69,False
test226,fan__03,root:1/visual-region:06,device_blade,device_body,sam2-amg[facebook/sam2.1-hiera-tiny]/point-grid,0.7682630290520062,0.68,28dc5fad04d3c6b2ca4e8cec2dea7854313163804c9fa12277afdc0eab4c88b7,a3a2125be23a62a6a21a9732bbf87a6829a3b2cc8ba21709038e56027f111288,False
test226,fan__04,root:1,device,device,grounded-sam2[IDEA-Research/grounding-dino-tiny|facebook/sam2.1-hiera-tiny]/root,0.43500128388404846,0.9612304687500001,cd8b384e3d06583b9313a5a97d1178ee9ceaadce08db4a5e5293bfa1195b8c2e,98b2dbb181ba63e31a4b64df6449d470006832937884b3350bc59ddb6f825fb9,False
test226,fan__04,root:1/profile-refine:IDEA-Research_grounding-dino-tiny:device_blade:01,device_blade,device_body,grounded-sam2[IDEA-Research/grounding-dino-tiny|facebook/sam2.1-hiera-tiny]/profile-refine,0.37593555450439453,0.848095703125,f5d07c91b770a5099ef4cd5fbe2cda3b45780a046ded6f6b0da7052b49b3a406,631a352c67261776965a59c3a72c1da424e165a83c50df8bceb633081711ee62,True
test226,fan__04,root:1/profile-refine:IDEA-Research_grounding-dino-tiny:device_bulb:03,device_bulb,device_shade,grounded-sam2[IDEA-Research/grounding-dino-tiny|facebook/sam2.1-hiera-tiny]/profile-refine,0.25590112805366516,0.83552734375,c8a423f78b0580e7a11b0a0216760dc7925566885ce23ccacaa4061043be3503,a5c0ac2b2ee7bc19491ac7d0a413669d6f319eab8cf3176bc1722be5b81c9b9a,True
test226,fan__04,root:1/profile-refine:IDEA-Research_grounding-dino-tiny:device_bulb:04,device_bulb,device_shade,grounded-sam2[IDEA-Research/grounding-dino-tiny|facebook/sam2.1-hiera-tiny]/profile-refine,0.24508501589298248,0.818705078125,030524b48589f8c9e59909d195159cd9b2376d9eec7439ee3bd3e915b54932c9,5656c6faf2c4d0ab251c7e52189377cf333f23f900aa8714cc165e7ce212e30a,True
test226,fan__04,root:1/visual-region:02,device_blade,device_body,sam2-amg[facebook/sam2.1-hiera-tiny]/point-grid,0.7871339380421285,0.68,9c42ff8daee83b220d753bdf684bd96e5d3e0dc7a50a09860696ff12a82380ab,c4523ea9df1c9d552a6f95c0cc3a0e9ec0ca2f0f4587e36c28d7cc08654359f6,False
test226,glass_drink_container__01,root:1,container,container,grounded-sam2[IDEA-Research/grounding-dino-tiny|facebook/sam2.1-hiera-tiny]/root,0.7093212604522705,0.98984375,dbfc0eb5cb0c1f43dcd0407380f8628c5ae6ff41efb3ac198369989ed4d2c4eb,811f0027d47491b49dc412caaecd8c0dbf5d561b8c30a6fd27953ee0f561a688,False
test226,glass_drink_container__01,root:1/profile-refine:IDEA-Research_grounding-dino-tiny:container_handle:01,container_handle,container_body,grounded-sam2[IDEA-Research/grounding-dino-tiny|facebook/sam2.1-hiera-tiny]/profile-refine,0.2757143974304199,0.8508027343750001,17b9a48962b3d3fbe19c553bc9ed961194b7ac57634949ab3bed3fa4826b7bdc,30bbdf5fb59c4f4fb128f3fe2c9700cb3dbf41c3359325a38e0e286faa012e2d,True
test226,glass_drink_container__01,root:1/visual-region:01,container_body,container,sam2-amg[facebook/sam2.1-hiera-tiny]/prototype-labelled-region,0.8254025772367953,0.6062616543731689,25fc3a5de1bf548e7193d115bf5063fecb3307322fccd22f2589efbf310c11df,7cbc7a4f30815ff601544a74e6ad2acd3e5d92317fea3b872da89254b8b280a2,False
test226,glass_drink_container__01,root:1/visual-region:05,container_base,container_body,sam2-amg[facebook/sam2.1-hiera-tiny]/point-grid/semantic-rerank,0.5763624538678798,0.66,2b18b64a85a1ca41ff895f72565a22acf76ae4544b7bdd20609fd067af55a4c2,ef9a1ce278bb4432a90c6752178cba7044cc38f2a9dcf538968844c480f319ab,True
test226,glass_drink_container__01,root:1/visual-region:06,container_rim,container_opening,sam2-amg[facebook/sam2.1-hiera-tiny]/point-grid/semantic-rerank,0.5456000564292038,0.66,7caa70a57d274723f75f9cec1be1d4e917a52e2432c0bc8641dc1d388cf10039,3bc608576edce4ae6f7064fbb53d55e9d865a32d226ae6128e7eaa422e9f367a,True
test226,glass_drink_container__02,root:1,container,container,grounded-sam2[IDEA-Research/grounding-dino-tiny|facebook/sam2.1-hiera-tiny]/root,0.6127153038978577,0.98896484375,86c2505efb77dddac1e81e525da44b0e22d4409027d844ec3048f564f3df2b41,b1f326ef7a4ec13cf2c65073d446a0a9365a72b88f963e445a29df1e07423f53,False
test226,glass_drink_container__02,root:1/visual-region:01,container_body,container,sam2-amg[facebook/sam2.1-hiera-tiny]/prototype-labelled-region,0.7115061529994857,0.6022400213127136,648a1c3ff0668a0bceee2f46a9b87b977ee55cdf3f6f411692f1b3ee90a4859e,6d56a947268a402473f6b7f629c4c6f20e71182e0b14f42b2f74b86d5037dac8,False
test226,glass_drink_container__02,root:1/visual-region:02,container_rim,container_opening,sam2-amg[facebook/sam2.1-hiera-tiny]/point-grid/semantic-rerank,0.49873180960199004,0.66,2f109706432a5daea667347053db5187efad016d64fa09743e97e9c9c9e43e6f,e0f21e6eb89a3d3133b8f153826788a2584f2b3ecf6204cd9faf9d6619649a67,True
test226,glass_drink_container__02,root:1/visual-region:03,container_visual_panel_02,container,sam2-amg[facebook/sam2.1-hiera-tiny]/point-grid,0.7247813668287211,0.62,1e0dae2d5162291ccae5988431d732a27018d7f1d630f0c4aa77f5cfb6a889a0,1c673cb0796024f3986d056775f537c407ba7616ed8f8c66bbb5d4a5b4304ef7,False
test226,glass_drink_container__03,root:1,container,container,grounded-sam2[IDEA-Research/grounding-dino-tiny|facebook/sam2.1-hiera-tiny]/root,0.685528576374054,0.9671875000000001,6a7215a83441fda4f2d1561e08ad9437ec25acc5d7bfad3a6c44e1029921693c,57ea5c9d4e259a6f1ffee0ad473a378f06173dc5f5f5848c9fa180926198bd0e,False
test226,glass_drink_container__03,root:1/visual-region:01,container_visual_panel_01,container,sam2-amg[facebook/sam2.1-hiera-tiny]/point-grid,0.7145292404920595,0.62,d82a9557196f3c2b63506bf833d0faa1f842e20f0088c91e91fa93548e07a99c,80306f8b68161bdb787a1a0a82fcea400e17fb010284eb7fe4bf3ece8e02e25e,False
test226,glass_drink_container__03,root:1/visual-region:02,container_handle,container_body,sam2-amg[facebook/sam2.1-hiera-tiny]/point-grid/semantic-rerank,0.5749522080517293,0.66,43d6a106b7ccea9042da91713342b1deb00f9ec01bda03a4a4deb2c865baf0fc,0ef426ae4299e7b63b702bd00011c39c1ca11edfbdda86037c0a4ac6f2be5df9,True
test226,glass_drink_container__03,root:1/visual-region:03,container_base,container_body,sam2-amg[facebook/sam2.1-hiera-tiny]/prototype-labelled-region,0.7404760827057957,0.589028245294571,1fde07ff59d713313eaaa80d16f8b9e67652b2eafe2adfb7731ccc55027069f6,5c982eed7f23b04f511ec30d2745a7b7d38a886281c5fbb44e1de7008f56870c,False
test226,glass_drink_container__04,root:1,container,container,grounded-sam2[IDEA-Research/grounding-dino-tiny|facebook/sam2.1-hiera-tiny]/root,0.715225100517273,0.9906250000000001,9b1f79f6aba03e3f9f4444794201e24822b30eb08552fd0f5f5fc48ae097fcdd,afdffeef32f23c27138c735a743c0b98334afc92ca946a086b768a18c1601a73,False
test226,glass_drink_container__04,root:1/profile-refine:IDEA-Research_grounding-dino-tiny:container_handle:01,container_handle,container_body,grounded-sam2[IDEA-Research/grounding-dino-tiny|facebook/sam2.1-hiera-tiny]/profile-refine,0.37467628717422485,0.8359140625,84373b8c6db388efaad7239a776c99cd8a394c8132175745adaafd6aad946642,af9d811584c565261f340615890f226b627080dd1dab777d91f87472ff73ed23,True
test226,glass_drink_container__04,root:1/profile-refine:IDEA-Research_grounding-dino-tiny:container_label:01,container_label,container_body,grounded-sam2[IDEA-Research/grounding-dino-tiny|facebook/sam2.1-hiera-tiny]/profile-refine,0.26702573895454407,0.8353339843750001,5f7078df0e8a49b3cd137677d7d8e4325b175e844de0667055100a0ecaadb0af,c4ad59fd0e2e8aa42213ea76153f19f7bbd93441a858a0274ae42c2f64189a96,True
test226,glass_drink_container__04,root:1/profile-refine:IDEA-Research_grounding-dino-tiny:container_label:02,container_label,container_body,grounded-sam2[IDEA-Research/grounding-dino-tiny|facebook/sam2.1-hiera-tiny]/profile-refine,0.26473838090896606,0.838427734375,97bf4820d1a51346d3c9b03015b02ba6e06aa2db42f9cee22a393a3009286e06,2a41505a80f62fd18871b19cf9cf12af70b110168266f781476464dd729946df,True
test226,glass_drink_container__04,root:1/profile-refine:IDEA-Research_grounding-dino-tiny:container_opening:01,container_opening,container_body,grounded-sam2[IDEA-Research/grounding-dino-tiny|facebook/sam2.1-hiera-tiny]/profile-refine,0.2703838646411896,0.8595039062500001,8935b3ad9cf1f18dbdc0fed28d76346a6304a492bdf13da2a92a91ee471f3280,705575fc5c7445a043d22478745681c15222721b3299115e40bd21c6a1b1e35d,True
test226,glass_drink_container__04,root:1/visual-region:01,container_handle,container_body,sam2-amg[facebook/sam2.1-hiera-tiny]/point-grid/semantic-rerank,0.561577401122643,0.66,14f522bae9f390904cd2acd5a52b2d4f2efdebd7c89c996dc7314529d4bc0728,9bf516c8cedd27ea4a8014873da667540a216b7128b693dc78edb7fc0eeb128d,True
test226,glass_drink_container__04,root:1/visual-region:02,container_body,container,sam2-amg[facebook/sam2.1-hiera-tiny]/prototype-labelled-region,0.7042818469987289,0.5811462753686905,4d51969d61c35895ea6c3d71e957bff95b4f91ff86b7a83bc8e8ed2dbadba24d,05b1eb919a52e5243fdac84a81c344c478ef1877308538fc68977268494c883c,False
test226,guitar__01,root:1,tool_prop,tool_prop,grounded-sam2[IDEA-Research/grounding-dino-tiny|facebook/sam2.1-hiera-tiny]/root,0.44619306921958923,0.9817382812500001,bc1277156643be4720ca99f72aecbb0175b314ea553b7435e0aa413a95b420cb,27d42f72966fdcdf4161b69f90cea2cb30ebe45a94d708e49ec0c3bd00a47d80,False
test226,guitar__01,root:1/profile-refine:IDEA-Research_grounding-dino-tiny:tool_prop_string:02,tool_prop_string,tool_prop_body,grounded-sam2[IDEA-Research/grounding-dino-tiny|facebook/sam2.1-hiera-tiny]/profile-refine,0.2549724578857422,0.83939453125,c241cea8d6a111062511f26b1876719fd4706d804bb1116f923ad0c538bfe6c6,26e49eab0d9c5b58e8022cfb3b1f4979913f64e81e89dbbf62dc84bd42aef128,True
test226,guitar__01,root:1/profile-refine:IDEA-Research_grounding-dino-tiny:tool_prop_tuning_key:02,tool_prop_tuning_key,tool_prop_headstock,grounded-sam2[IDEA-Research/grounding-dino-tiny|facebook/sam2.1-hiera-tiny]/profile-refine,0.2525683641433716,0.836494140625,f09128ee836000c336c895256faf027cad4aa4030738a3788ac36623030d741d,526dfc3c728f2d08f670fca352e13deeeb0d35d3e985373787e9947e76e4368c,True
test226,guitar__01,root:1/visual-region:01,tool_prop_tuning_key,tool_prop_headstock,sam2-amg[facebook/sam2.1-hiera-tiny]/point-grid/semantic-rerank,0.6099664226933732,0.66,10770a7c643bc357fc78b89473bdde39eb15d77d8c38b7605111267c5fac6bb2,c04ec147559ffb45b70a7faf8b82c913d515cd8f5fa05afc76b4b8d7577297ee,True
test226,guitar__01,root:1/visual-region:02,tool_prop_tuning_key,tool_prop_headstock,sam2-amg[facebook/sam2.1-hiera-tiny]/point-grid,0.8323265787937637,0.68,eb0e5b0123034342b919bd900c1a7d4cfbecbfa1a8f776fa96af8ffc7b6b58fd,7521e0cbd33ca684cd5cfa0d7b387c3a3ade7823a80bd11386d5ea98007c88cd,False
test226,guitar__01,root:1/visual-region:03,tool_prop_visual_panel_01,tool_prop,sam2-amg[facebook/sam2.1-hiera-tiny]/point-grid,0.6808610429226676,0.62,b931d41070248fb86a19668a95e6efb851bbffdc521c7e7aabc79a2172fb93ed,8c7a4114ba445ffbb0a67ce88d665c1c3b0ec2fc57c682f02c34b0741fd7e04e,False
test226,guitar__01,root:1/visual-region:05,tool_prop_neck,tool_prop_body,sam2-amg[facebook/sam2.1-hiera-tiny]/point-grid/semantic-rerank,0.5383672244155896,0.66,144d964ae5b53fe90f491b2e985cf6645a749036662ec8c48e24c0a4fd0a100c,8e16c282bae3c07eea89fcbdc7d999f669231cb78065457e12b175a914e90b9f,True
test226,guitar__02,root:1,tool_prop,tool_prop,grounded-sam2[IDEA-Research/grounding-dino-tiny|facebook/sam2.1-hiera-tiny]/root,0.7718434929847717,0.97998046875,72e3399cbe1467c74ec5ea5874cb40ac241368f9a715b71afdd8633d3590fea6,53a34b13f8378b6b88ae219cc5302c34d883f4f3ddd686dd71a3058be2465761,False
test226,guitar__02,root:1/visual-region:01,tool_prop_visual_panel_01,tool_prop,sam2-amg[facebook/sam2.1-hiera-tiny]/point-grid,0.6438624063624362,0.62,da98fcaa91120b3c1c3b9eb1727464e2d17a1e7c1aeccbc9f92264328e4e9651,a5ecda30084284ed347927ac0893cf1ee489a9b0f7200edb38e3a9589cb838d1,False
test226,guitar__02,root:1/visual-region:02,tool_prop_fingerboard,tool_prop_neck,sam2-amg[facebook/sam2.1-hiera-tiny]/prototype-labelled-region,0.7052718243110314,0.6023109525089264,16d3e7b72d8d5696a9f7833eba19f1c73c4a6b6711e757d2fb5c666e0169af42,970ff38d0c649ad74e6613e9dfec8aee97b210b8ff02e7b9fb1fccd779a0c874,False
test226,guitar__02,root:1/visual-region:04,tool_prop_neck,tool_prop_body,sam2-amg[facebook/sam2.1-hiera-tiny]/point-grid/semantic-rerank,0.5165159292757403,0.66,3abd79548fe0de1cb1842505dd38891e959f5e3eacc6f515a04db91b110c2274,b7405356e59893c6a7e1841e1d47567965f7facb9b31c93d5e5130a9c0a9eac1,True
test226,guitar__02,root:1/visual-region:05,tool_prop_string,tool_prop_body,sam2-amg[facebook/sam2.1-hiera-tiny]/prototype-labelled-region,0.6654160830878508,0.6124578690404892,aeeab1a5524b06460af2ba01c1ae14f505f465fe3aba74cf15f2464f2a799962,2e4fcbaca29931baa6a0a414011293eb8331b6dc6584685e391e0787c51efdfc,False
test226,guitar__03,root:1,tool_prop,tool_prop,grounded-sam2[IDEA-Research/grounding-dino-tiny|facebook/sam2.1-hiera-tiny]/root,0.8418256044387817,0.95908203125,cc9c3557cbc175071d37e695e0dffd458dcb943675ec74840afdfbef06a85193,4cc5046f13cc5f86e15b6ef59e9ed13fabefa664e7ff2f4e43498c83a6d4d937,False
test226,guitar__03,root:1/profile-refine:IDEA-Research_grounding-dino-tiny:tool_prop_neck:01,tool_prop_neck,tool_prop_body,grounded-sam2[IDEA-Research/grounding-dino-tiny|facebook/sam2.1-hiera-tiny]/profile-refine,0.2808135449886322,0.8498359375000001,38aefa9084329c25d4f1e0d1e790d47447eb9aecf0be2082ef74e017a22ee6cb,0057a197097269076720a02e337eeb36f0935ab86e8ee0a09be66b7fe3092fbc,True
test226,guitar__03,root:1/profile-refine:IDEA-Research_grounding-dino-tiny:tool_prop_sound_hole:01,tool_prop_sound_hole,tool_prop_body,grounded-sam2[IDEA-Research/grounding-dino-tiny|facebook/sam2.1-hiera-tiny]/profile-refine,0.28239405155181885,0.843841796875,e55730fc58f8c9e8cc5defabc9ac261760834661c46839a61e331bc602037620,bab49cead1952eb2e28ce13de58c29a760e47ed16b271c0ec9f82ab459c1b495,True
test226,guitar__03,root:1/visual-region:01,tool_prop_tuning_key,tool_prop_headstock,sam2-amg[facebook/sam2.1-hiera-tiny]/point-grid/semantic-rerank,0.5315537819564871,0.66,0f977eb9704d2142b66c738cc84bed977820c06b2c0282bd6b7966c5e6fc0669,3b240ff4567bc2a1f166093dcfe6c3fe392260e4f9699416ed07b83b32e76c7d,True
test226,guitar__04,root:1,tool_prop,tool_prop,grounded-sam2[IDEA-Research/grounding-dino-tiny|facebook/sam2.1-hiera-tiny]/root,0.6642136573791504,0.973828125,28795d45534847cab9f2223cfb245b00157330442642edefdc3dbcce05b0306b,8397299a40d7597bd106fda57b050feca3ff3504fd9aef834ec6a73c8a42be29,False
test226,guitar__04,root:1/visual-region:01,tool_prop_body,tool_prop,sam2-amg[facebook/sam2.1-hiera-tiny]/prototype-labelled-region,0.7608144491880767,0.5926090826187134,30fa2561cc5dd8522b8ee51f368c53ecf479752d417774a985b3aa07e4c3aeb7,ba2bade85d2851d7c3b8c9da28c4e5a55b049161e667f39ffabeaaa464c3824a,False
test226,hammer__01,root:6,character,character,grounded-sam2[IDEA-Research/grounding-dino-tiny|facebook/sam2.1-hiera-tiny]/root,0.3443332016468048,0.9771484375,17173c0279c1601af11491a3019336569b4c676af6c5a29699afb8854d710d72,9354df79bf292181d7b5868164b05b6fb133fbc758d342e92ade4e52af2c0726,False
test226,hammer__01,root:6/contour-visual-region:01,character_visual_contour_panel_01,character,hpid-appearance-contour/closed-edge,0.6425763795044426,0.62,3a9ad554534d9b9c4dd5c7b1a79b530f272b2f9906d25156c6ef8773c3e2dbed,dfbe78a486746f27662056f1e3495631f557963358e3bbca288e9bae7ca4a34f,False
test226,hammer__01,root:6/contour-visual-region:03,character_visual_contour_panel_02,character_visual_contour_strip_01,hpid-appearance-contour/closed-edge,0.7314343225597927,0.62,c13b4a18292ab0cd21d8e6872b8d41efafa0f4fd974b993978fa71b260aa5058,cd2398ed9051aee69387beb6da44d92803ee63e48e7242ec7075e45fb1904f64,False
test226,hammer__01,root:6/contour-visual-region:06,character_visual_contour_detail_01,character_visual_contour_panel_04,hpid-appearance-contour/closed-edge,0.7602814707827075,0.62,f46aad9da4523613dbf18963540e19cc7749bec0c32feb3be096b744a38705a9,e768d63444cd9677fd8c2361f5cace1fc7e24b481b2b26f4baf0d6ba6bd4ac93,False
test226,hammer__01,root:6/profile-refine:IDEA-Research_grounding-dino-tiny:character_arm:01,character_arm,character,grounded-sam2[IDEA-Research/grounding-dino-tiny|facebook/sam2.1-hiera-tiny]/profile-refine,0.24635197222232819,0.78647421875,0d1d9f732cae50c989699862811aee89518c3c0bf38518d2c5c2bbfec84c4795,3c4c9e9f926bc1f65703e230d6752311ee1c10cdefa3761d84cd28e3e287928b,True
test226,hammer__01,root:6/profile-refine:IDEA-Research_grounding-dino-tiny:character_hand:01,character_hand,character,grounded-sam2[IDEA-Research/grounding-dino-tiny|facebook/sam2.1-hiera-tiny]/profile-refine,0.2889702320098877,0.8423830078125002,3ea74691d0895fdbd6d798ead0311cbd0c31b7e1b19e008a28fd88473eebf05c,4acab3d22b88e6bc16d2e046277b6e497532e9e727c8d1bf832b7c8d1dad71c7,True
test226,hammer__01,root:6/profile-refine:IDEA-Research_grounding-dino-tiny:character_hand:02,character_hand,character,grounded-sam2[IDEA-Research/grounding-dino-tiny|facebook/sam2.1-hiera-tiny]/profile-refine,0.2546016275882721,0.887455078125,993f33d579ecdfe83faabeac8dc543fdf4edf54f5eb68d119a664d2377c73ad4,36a6fd8944195b8ceee1fbd4c9c1c4ee42bccfae1d0491c3a9e611f72b40b00c,True
test226,hammer__01,root:6/profile-refine:IDEA-Research_grounding-dino-tiny:character_head:02,character_head,character,grounded-sam2[IDEA-Research/grounding-dino-tiny|facebook/sam2.1-hiera-tiny]/profile-refine,0.4260827302932739,0.8469355468750001,3ead8f0cb0bfe1ff93ce182652a12408e17e35260ddf36c01377704946290536,6dd457c6f63e0ed02685c1d89ce587cd6792a5762dbb52ee814189505cc24ede,True
test226,hammer__01,root:6/visual-region:02,character_accessory,character,sam2-amg[facebook/sam2.1-hiera-tiny]/point-grid/semantic-rerank,0.5876281032131383,0.66,c4ded80c670cc53740a714bb3ed650dec09818994dc3f142a5de648d4102ea64,1016ec11e300477acbef7edc3e23b57a943e210bafd5c06ed74366d360694dca,True
test226,hammer__01,root:6/visual-region:04,character_head,character,sam2-amg[facebook/sam2.1-hiera-tiny]/point-grid,0.8114941651487219,0.68,74e88062c16981f646adb8d26718c54522c74b6254862c37591c850b30e863cd,d312c2ebb559a7116f2931b4f26aec2311aada65be7daf8e11cc77513eb8414d,False
test226,hammer__01,root:6/visual-region:05,character_accessory,character,sam2-amg[facebook/sam2.1-hiera-tiny]/point-grid/semantic-rerank,0.5381599740639991,0.66,787ce3890e8f9368ad8ca544c9a688f5c427239831a7680b1f0e97c48eb8299e,f2345ec371c1b90da21f081878d8acb2082b01ff7d8c35c197696e746b5daaef,True
test226,hammer__01,root:6/visual-region:07,character_leg,character,sam2-amg[facebook/sam2.1-hiera-tiny]/point-grid/semantic-rerank,0.5553743829418252,0.66,55771e572107cdc3721f7e96ef5a5593dba0ad399e85dd591669d1c02caeeae8,144bb66d1405b775106419a74db43a3651b25d55de004306db84b3006be919bc,True
test226,hammer__02,root:13,natural_object,natural_object,grounded-sam2[IDEA-Research/grounding-dino-tiny|facebook/sam2.1-hiera-tiny]/root,0.319121390581131,0.9935546875000001,76e232308bdd75c5c0082262a9468ed032a16a66fc8e61d85df321ad5c075621,f040f747c18c1431d3f271c023e8a57e73940562c5488f49d6fbf904de5fe0f6,False
test226,hammer__03,root:2,tool_prop,tool_prop,grounded-sam2[IDEA-Research/grounding-dino-tiny|facebook/sam2.1-hiera-tiny]/root,0.38248738646507263,0.9627929687500001,ff6162af1a6414db59a5cbb2542cd265fb34db1d29df6397bd321b34e5b7e9bc,4bca5a89abe9f8b051e28da7570c38146c196c406bc03d56239b9812f2c3cf50,False
test226,hammer__03,root:2/profile-refine:IDEA-Research_grounding-dino-tiny:tool_prop_head:02,tool_prop_head,tool_prop_body,grounded-sam2[IDEA-Research/grounding-dino-tiny|facebook/sam2.1-hiera-tiny]/profile-refine,0.3199707269668579,0.8506093750000001,e62ad0f189b84bfe919c59f660f5fdc47eb9e20e29d9896566256bd65d20643f,0c3de41fa586e38a358318622ad0f46713b0db7de5a7f468facaa859556368ed,True
test226,hammer__03,root:2/profile-refine:IDEA-Research_grounding-dino-tiny:tool_prop_head:03,tool_prop_head,tool_prop_body,grounded-sam2[IDEA-Research/grounding-dino-tiny|facebook/sam2.1-hiera-tiny]/profile-refine,0.2440025359392166,0.8705253906250001,6c4ea6d3f08e3e6de105fdc26477a666fb8239d0203a041c51a5d2a89aa8b4ec,a65adf49be81e17ea76994a9b44e370e9db576ed42ab0e74183404210cc8b57f,True
test226,hammer__03,root:2/visual-region:01,tool_prop_handle,tool_prop_body,sam2-amg[facebook/sam2.1-hiera-tiny]/point-grid/structural-fusion,0.7108026476050158,0.74,f845e4818f6c0e0f92234e221e4a8d383eeacd1749b778dc71eb152d5d89c037,1332305c42a5ce5ea8bb25ff0754660dbadae1b4cce2f71968d3809a8b517eeb,True
test226,hammer__03,root:2/visual-region:02,tool_prop_head,tool_prop_body,sam2-amg[facebook/sam2.1-hiera-tiny]/point-grid,0.7718723867079413,0.68,cce175163f269c01507bc1ec91356784a018d2e403ce35e3806eb245aa142d97,0a200c8123e9983982e1ec409fabe0d60ed954a65cd93d7aaea119ce6e7c0588,False
test226,hammer__03,root:2/visual-region:03,tool_prop_face,tool_prop_head,sam2-amg[facebook/sam2.1-hiera-tiny]/prototype-labelled-region,0.6295341236423982,0.6037317255811692,81f3188640a336a70bc294cfbc1603323e763e6f3ee14585d896f6be45169578,be6f3e72e6a06c20a35dcc0637d72b848d51f0d9f3621df12ef0afb12f95d385,False
test226,hammer__03,root:2/visual-region:05,tool_prop_head,tool_prop_body,sam2-amg[facebook/sam2.1-hiera-tiny]/point-grid,0.9271253397036057,0.68,d7e6b1a5cabcdff7fbac2ede42ad3f6f6b3ef2b2f3a29731f1d2d44588e3b0f3,1ae52f23da89fc15d12f0f1248273aaaa97d82b248bbf621c2da68d16e751508,False
test226,hammer__03,root:2/visual-region:06,tool_prop_visual_panel_02,tool_prop,sam2-amg[facebook/sam2.1-hiera-tiny]/point-grid,0.7600606637041882,0.62,c7259fd87527bb6bc87703f74900864b9461b75122f9d7e22d8ce49bea1cb78d,11d20a8f9fdb98eb87e463e739d603ca5e77bd7c19b6999bbab56553ffc3ccbe,False
test226,handbag__01,root:1,container,container,grounded-sam2[IDEA-Research/grounding-dino-tiny|facebook/sam2.1-hiera-tiny]/root,0.6853179931640625,0.9866210937500001,59699d046cb3fb1ecf437155d67f6c01c46f7718d3bd11030bbcc2b5f53d765e,44ea78817c96a46a712cdcff99a97f41da567d9405f791cee8507bfcc2704686,False
test226,handbag__01,root:1/profile-refine:IDEA-Research_grounding-dino-tiny:container_pocket:01,container_pocket,container_body,grounded-sam2[IDEA-Research/grounding-dino-tiny|facebook/sam2.1-hiera-tiny]/profile-refine,0.25423112511634827,0.8159980468750001,d3b720a78f72d4b4d6f2b042276dbf7d9c90b9d112a4fcb95e738a0c0f51574b,c5197103f12c65a92558c4c55d24abd89a7a6703be99da8a89fcb10d28ffb598,True
test226,handbag__01,root:1/profile-refine:IDEA-Research_grounding-dino-tiny:container_strap:01,container_strap,container_body,grounded-sam2[IDEA-Research/grounding-dino-tiny|facebook/sam2.1-hiera-tiny]/profile-refine,0.3594765365123749,0.786220703125,6f9c5b24b2a0aa90a6ab806ec946b3cadd6228d852eeb5944febd9f082148e18,ace79ed7df374c13ee3d602426562f04fb68425c7dd49fbcf1c890fa6d274641,True
test226,handbag__01,root:1/profile-refine:IDEA-Research_grounding-dino-tiny:container_strap:02,container_strap,container_body,grounded-sam2[IDEA-Research/grounding-dino-tiny|facebook/sam2.1-hiera-tiny]/profile-refine,0.2581389248371124,0.8005292968750001,173bf1a9d23f0d0f38d37c57b627b5c20adf7ebb260a132998773246c145ea01,23abbf77b2751bed2da739d8d12054eb94f255aa053f86d7c541e0ac3acf323a,True
test226,handbag__01,root:1/visual-region:01,container_buckle,container_strap,sam2-amg[facebook/sam2.1-hiera-tiny]/point-grid/semantic-rerank,0.5281907407792243,0.66,d54d8fc20f8d0b1fd96c8d29f6933f6732b4836561b1beabb4eafc411286d011,fab10db63e4f3341c5e70e41d74f1db2eea863afbbdf8d7d88fda81ea4e29aa3,True
test226,handbag__01,root:1/visual-region:02,container_zipper,container_body,sam2-amg[facebook/sam2.1-hiera-tiny]/prototype-labelled-region,0.7275532664957269,0.6050856646003724,a972d25f05cc6ed3f39fdd414403d958b94c73dbf15620afe879bc0485e47266,7c25c722bea86e4711313d1bfb729b05488a2df0f995f46ab515f55dcd20462a,False
test226,handbag__01,root:1/visual-region:03,container_pocket,container_body,sam2-amg[facebook/sam2.1-hiera-tiny]/point-grid/semantic-rerank,0.5603862811366844,0.66,4f3eb35761ac1fbd50f5a33263b4f41d8b18917a0f900789ac9e2070e6b7f534,4688ac2250ce98b3f945a37960cf56c06f2f2a2ae1593a59d0fe27bd5328c427,True
test226,handbag__02,root:2,character,character,grounded-sam2[IDEA-Research/grounding-dino-tiny|facebook/sam2.1-hiera-tiny]/root,0.46074381470680237,0.9892578125,d47447f76cc398520c3ecc88e0819ba9ee3650bde217fad41149df6cf4f7a311,ad96872fcdb976409b152e0b0909de3f016764127d988a413f31d07df07b5204,False
test226,handbag__02,root:2/contour-visual-region:02,character_visual_contour_panel_01,character,hpid-appearance-contour/closed-edge,0.7409739654224823,0.62,be55c0821a2e5dcaa3064e38a1137927e74f87efc674b605515670ef0aade95a,aaa2cec51b222370f79e87ddc58450334cd3e5ff01c1f728b832ad30abf2a554,False
test226,handbag__02,root:2/contour-visual-region:04,character_torso,character,hpid-appearance-contour/closed-edge/semantic-rerank,0.5221866523947043,0.66,8d9031e20137d26eaef22695518833a729bf6e5547acf668092b7d27e41a2ae7,e25174e9b32beb606d17470a49fb13aaaa00623b971b0e6783f3b6c317721b1c,True
test226,handbag__02,root:2/contour-visual-region:05,character_sleeve,character_upper_clothing,hpid-appearance-contour/closed-edge,0.8066648172548165,0.68,ddd1ea503f2118647f3b505be8fdbf793da0c0c0554e8490a9050c89698b2931,e59d1355f728ac5491c880a742834adca2128d82d7273259ed3c18ce25e4f04c,False
test226,handbag__02,root:2/contour-visual-region:07,character_accessory,character,hpid-appearance-contour/closed-edge/semantic-rerank,0.5207838088769716,0.66,458712af43a369a3f35aae7ba17d4a0fa7708011d16f0190996115d5d8af9153,f820f5d69d6896cf5e28afe4aff0045d542fef4d187c96303589150e0b282802,True
test226,handbag__02,root:2/contour-visual-region:08,character_hand,character,hpid-appearance-contour/closed-edge/semantic-rerank,0.4454485137025388,0.66,3e8cb684becafe124c3f8364dde52eb94f887abe10e7a550e71ceaf56ee1dbda,3ee7049b021004029e123dc8bbae2a460711c20b312ea8667131e7396d1aa35e,True
test226,handbag__02,root:2/contour-visual-region:10,character_visual_contour_panel_05,character,hpid-appearance-contour/closed-edge,0.7199716927001616,0.62,4fdaaf67dd76d5699f3f4eb26228aebebc342f04a37f034750dcac8fc0eed02c,ae313dec8631118a30fa17ac8fa0fa4c62696123e539d29941390e959bfb250d,False
test226,handbag__02,root:2/profile-refine:IDEA-Research_grounding-dino-tiny:character_accessory:01,character_accessory,character,grounded-sam2[IDEA-Research/grounding-dino-tiny|facebook/sam2.1-hiera-tiny]/profile-refine,0.4462835490703583,0.8624827148437502,d806f674e77e528f3653e02ab2c4303ddf0ae6915431e002c7750dbbb4712134,30711aeeb5825e4507a0e56f2ded648af5f80267325a7e12003e479627294d8d,True
test226,handbag__02,root:2/profile-refine:IDEA-Research_grounding-dino-tiny:character_head:02,character_head,character,grounded-sam2[IDEA-Research/grounding-dino-tiny|facebook/sam2.1-hiera-tiny]/profile-refine,0.3190152943134308,0.827212890625,b6c32b9827e52ed4b5e4c4e1c477c80b93ce2f46c8bf7ebe3f0740c9ab2eac9e,a7f6024069e769a78b943b03a4d7b215540fe3e9040ddd201d11b815db584c30,True
test226,handbag__02,root:2/profile-refine:IDEA-Research_grounding-dino-tiny:character_lower_clothing:01,character_lower_clothing,character,grounded-sam2[IDEA-Research/grounding-dino-tiny|facebook/sam2.1-hiera-tiny]/profile-refine,0.3376401662826538,0.936095703125,11111d307ba88657ac92f2310eeae821e0cf82cb993fa1ff8113295980c568ab,d393a34c22dfdd21a6cc71ef0391094dbe5c803a9ec4b3b5b46bac3c26005be0,True
test226,handbag__02,root:2/profile-refine:IDEA-Research_grounding-dino-tiny:character_sleeve:01,character_sleeve,character_upper_clothing,grounded-sam2[IDEA-Research/grounding-dino-tiny|facebook/sam2.1-hiera-tiny]/profile-refine,0.303628534078598,0.9721731250000002,92bccee49035c7d43be0f66728b330d358b4fc11f276934e30cb080d6963a964,cd70c5a85a66000ff3f020b4d8fe212cb69313d95222cfaf4e3d89eaf761ddfa,True
test226,handbag__02,root:2/profile-refine:IDEA-Research_grounding-dino-tiny:character_upper_clothing:01,character_upper_clothing,character,grounded-sam2[IDEA-Research/grounding-dino-tiny|facebook/sam2.1-hiera-tiny]/profile-refine,0.34953272342681885,0.9444531250000001,b2c75d21dd118356f3e7940052959dcbc687dbd8e41a6b866d1ec856119363d4,82a96d768a319f049558eae454285a6410b542e6e26106254532110bdcd24076,True
test226,handbag__02,root:2/visual-region:01,character_head,character,sam2-amg[facebook/sam2.1-hiera-tiny]/point-grid,0.8035072437979094,0.68,edad4e1f16fa2e7b68a2374eab35de788953dcb8ba0f1831d9cae805497ae884,b20727d3ea81c38dfd66aab2f9bf9c71f8fa86bb5c94972c1ddd6b73bc617e00,False
test226,handbag__02,root:2/visual-region:03,character_upper_clothing,character,sam2-amg[facebook/sam2.1-hiera-tiny]/point-grid,0.7681401908011325,0.68,a3216257186587ad2b706a94d2b239c8486c925c63e3738cf97455169673d4e8,f9a5bef5c4fa4012217c82f7db9eee0929f9930dd7d57c4643c3384599cefc69,False
test226,handbag__02,root:2/visual-region:04,character_leg,character,sam2-amg[facebook/sam2.1-hiera-tiny]/point-grid/semantic-rerank,0.6071392862534495,0.66,6d136a23ff74504e456c7c23f5882219a707e4a59271c407dd33e0bc79b855cf,73310c0d42063f52e1ab957fd821a202d408085b37433e4f0eb6f14fde539922,True
test226,handbag__02,root:2/visual-region:08,character_sleeve,character_upper_clothing,sam2-amg[facebook/sam2.1-hiera-tiny]/point-grid,0.7992742884851368,0.68,5c5ba3f86759704e925ed65a4a1c5938914a9e1739b4e1cd0670a1ee502a2865,952a142640a06e569be7824ad338b49e00ae8de6ccb129574bc15fe44d86aa2a,False
test226,handbag__02,root:2/visual-region:12,character_visual_panel_03,character,sam2-amg[facebook/sam2.1-hiera-tiny]/point-grid,0.7636885291947515,0.62,679e02f8d9f6577343c9106b3529f5110c2de272125fba8e07a37ccd5ea2114b,4f04b9b77493f662444cbd4614f158996f36e72c0e47602e1e831ce172ba0379,False
test226,handbag__02,root:2/visual-region:13,character_visual_panel_04,character,sam2-amg[facebook/sam2.1-hiera-tiny]/point-grid,0.7398589626857238,0.62,6f081d1f1f251056a9945e4c2460dffa61ad40c03354ddb1fd5f3fea61c36653,f15579faaaacd9a48c2a80caafaff57e776ce84cbd9fa2e98446026cabf1ea4a,False
test226,handbag__02,root:2/visual-region:15,character_accessory,character,sam2-amg[facebook/sam2.1-hiera-tiny]/point-grid,0.7696695711758418,0.68,f15c25064d44b04b2b403dc529ec9cd105cf25f689e5f531b8106531aa96b426,1c5726d1b42d89eac5ab21e9770679ada438a5d87ba81a2efe1dd673533ff8a5,False
test226,handbag__02,root:2/visual-region:18,character_accessory,character,sam2-amg[facebook/sam2.1-hiera-tiny]/point-grid/semantic-rerank,0.5061336072044803,0.66,60c74290f3cffc0029d5b6091d4829bd0a970c56fc6dbb88c15be801cd40f0b1,024ca0a8e988c20337d1596219fe51745e9fbbc35316b85ceebf881282588e1f,True
test226,handbag__03,root:2,container,container,grounded-sam2[IDEA-Research/grounding-dino-tiny|facebook/sam2.1-hiera-tiny]/root,0.367383748292923,0.9945312500000001,32e215809bcf7f87526c590a8b0a02ddc9a2dea867574684a174debc693159e2,d689cca6671dda45a49ee0f0edb45fc14278a2d071731199b84e0cd9b2b58490,False
test226,handbag__03,root:2/profile-refine:IDEA-Research_grounding-dino-tiny:container_buckle:01,container_buckle,container_strap,grounded-sam2[IDEA-Research/grounding-dino-tiny|facebook/sam2.1-hiera-tiny]/profile-refine,0.3065270483493805,0.8426816406250001,4e63126bf5e0edf2aa21ba8fb5066de6e6ba94d3ee5a7adb57fc26150ab225b0,9bd26882d2eee74b4892c8dbc393bfd2b27196c2e193169c58a3158b5e4edd0d,True
test226,handbag__03,root:2/profile-refine:IDEA-Research_grounding-dino-tiny:container_buckle:02,container_buckle,container_strap,grounded-sam2[IDEA-Research/grounding-dino-tiny|facebook/sam2.1-hiera-tiny]/profile-refine,0.30321571230888367,0.8469355468750001,7e7a793d68680caf61ffae63ebdab3b7b3a3e299001f959a9892c1c8b179dc85,2f0b8272964542c4693ffa8cf5455eb57f56e7712244a0d5db6010f44ca64be0,True
test226,handbag__03,root:2/profile-refine:IDEA-Research_grounding-dino-tiny:container_pocket:03,container_pocket,container_body,grounded-sam2[IDEA-Research/grounding-dino-tiny|facebook/sam2.1-hiera-tiny]/profile-refine,0.32199275493621826,0.8426816406250001,8bd37db9ff0ab03cfe482f863fbbcfd99c30d83e04fe61ec38d4f1b9531f1a96,2dfa4083e42180348a7b13df960cc94671844686947ec92f9585d21a3ac1a128,True
test226,handbag__03,root:2/profile-refine:IDEA-Research_grounding-dino-tiny:container_pocket:04,container_pocket,container_body,grounded-sam2[IDEA-Research/grounding-dino-tiny|facebook/sam2.1-hiera-tiny]/profile-refine,0.249996155500412,0.8343671875,73f04f009854b9cf0822c5f0148476321cf291712cf274929e89d03c16e4b388,a53c343ef5a9cefe19542f01af2a86059314addef2d8f47f20d9424deaf0da58,True
test226,handbag__03,root:2/profile-refine:IDEA-Research_grounding-dino-tiny:container_strap:02,container_strap,container_body,grounded-sam2[IDEA-Research/grounding-dino-tiny|facebook/sam2.1-hiera-tiny]/profile-refine,0.35521551966667175,0.7419414062500002,7f9130539e078048ecb1e50967151639e5aee1de1f77bc4fab160b34ab4af25a,57ec9a52f0c1cb1a9b81be83645cc9f155675f327601ed2cb60beca6c4ebe947,True
test226,handbag__03,root:2/visual-region:01,container_strap,container_body,sam2-amg[facebook/sam2.1-hiera-tiny]/point-grid/semantic-rerank,0.6273391342812975,0.66,a44538d98bedaeb9bc2e340ac8c7a5b885ffc8fdc2cb3551cb249bd0de428de7,26ccf8fbc79e7a6fbe99d928e0aacf39fde8de1656809926aa9ce46daf1ccec7,True
test226,handbag__03,root:2/visual-region:03,container_zipper,container_body,sam2-amg[facebook/sam2.1-hiera-tiny]/prototype-labelled-region,0.6876567725893775,0.6108198759832383,ae7703ac0387370858c7f659326285994b007c1eb5f3259df1b21da5d513c753,015040b4d614c8335ceea8bd049dc662dd3b2f17041c66244720c1b39edb7293,False
test226,handbag__03,root:2/visual-region:04,container_zipper,container_body,sam2-amg[facebook/sam2.1-hiera-tiny]/point-grid/semantic-rerank,0.5253811408938468,0.66,ba3bcb2dc8c2004e2c713689c91ed4a83c1e15021a5bbb225a242defcb1331b6,8a20191c9085c201f61684a100b04954f1b68575c658b7efd77df1a1b7fb1724,True
test226,handbag__03,root:2/visual-region:05,container_zipper,container_body,sam2-amg[facebook/sam2.1-hiera-tiny]/point-grid/semantic-rerank,0.5811205878423402,0.66,2a780b91884f79b81ef25b08bbc4229d99b7c879a7f6edf37473a06829441908,93254fed5b0d3c0e9caafa48aa12a88d5944eab6548e6faef482c8aef97c5acb,True
test226,handbag__03,root:2/visual-region:06,container_pocket,container_body,sam2-amg[facebook/sam2.1-hiera-tiny]/point-grid/semantic-rerank,0.6528192085763039,0.66,d68855e23efb179650567aa63b3b80341890bdbabe5f7cc7e75ed6d8eb323cd9,b2787b91655adc12708b698cb160efa7b9cae19bbef75375ac0f004bc26a6c61,True
test226,handbag__03,root:2/visual-region:07,container_buckle,container_strap,sam2-amg[facebook/sam2.1-hiera-tiny]/point-grid,0.8472826892648752,0.68,f4d2ce181a7b99baf8cc930b36a54b52e1a8906e8c7f049d13b76fbd8dea080a,296cfefd90664453ee59ef3bf27f5b5d120d95425a73fb0e32cd2a836033c882,False
test226,handbag__03,root:2/visual-region:09,container_pocket,container_body,sam2-amg[facebook/sam2.1-hiera-tiny]/point-grid,0.7948841241707956,0.68,71837e5986382fd7d372673c360cc5430ea2fc33d56c0fd81b99cc20e69a6ae9,9b6b0759cb7b70556078c0b3411db32899b16a674041ecc409c010f24722d6a7,False
test226,handbag__03,root:2/visual-region:11,container_body,container,sam2-amg[facebook/sam2.1-hiera-tiny]/prototype-labelled-region,0.6466543566828736,0.5906064260215759,9355621be24296a8778264f27db1ee3a90d593adf79be457e95a073236f2215c,99e4fecc8670bd0ab8aae74454c712bdfe7ea83b74cef0ae712a49fe2d474ecd,False
test226,handbag__03,root:2/visual-region:12,container_opening,container_body,sam2-amg[facebook/sam2.1-hiera-tiny]/prototype-labelled-region,0.7835036709193408,0.6054792796573639,06e69f9a272603e973750aa5f1c3d1dc3d46bfc3613343b7c44934c3a1ae1526,5d70e800dd9993978825bb2bb89f524c223725e399b13151c86adf05f83eaaf0,False
test226,handbag__03,root:2/visual-region:13,container_buckle,container_strap,sam2-amg[facebook/sam2.1-hiera-tiny]/point-grid,0.9184085157154211,0.68,fea5f60e7c96e8de1a914604ecefe37cfdb55050e82fc49fd706ac12b11d49ad,4c17601951d95f750419607a32a99173328983333df2c122af35a6ebed80b8b7,False
test226,handbag__04,root:2,daily_object,daily_object,grounded-sam2[IDEA-Research/grounding-dino-tiny|facebook/sam2.1-hiera-tiny]/root,0.3815651834011078,0.9912109375,d81fc2d23206e3097dc88dd5061a7d5396d6d57032aa79a26ab7b25c406206a1,88aefe55321002ba0d1500cf5412375e52980576c0e8fb27dd83f14ac60faa3b,False
test226,handbag__04,root:2/visual-region:02,daily_object_panel,daily_object_body,sam2-amg[facebook/sam2.1-hiera-tiny]/point-grid/semantic-rerank,0.6295087187373306,0.66,c8f7261294f9f5305d7c446480f2a3d1b69f229d18969c64ee8ce04a1ab4ea1d,3b42adbc70b39f6eac32582e0fbdb8ca38cbc2573c85809ac9fd5d67e17da386,False
test226,handbag__04,root:2/visual-region:04,daily_object_terry_bar,daily_object_panel,sam2-amg[facebook/sam2.1-hiera-tiny]/point-grid/within-root-repetition-consensus,0.5064006941255497,0.62,1e2a189c758f1bdf3540022cb8dec00181f6a4e2a4f2df569a1bf9e9e91b2922,670e3593e3ba7cd118666cfd733bb34deb059128a8ab24a455c8fb6c563f8201,True
test226,handbag__04,root:2/visual-region:05,daily_object_panel,daily_object_body,sam2-amg[facebook/sam2.1-hiera-tiny]/point-grid/semantic-rerank,0.6222160165696898,0.66,dbe7c2c118c56134e0a033cc46acac9b5d7d397ba342037b74515d2a9e7b6c5a,65f7254e630806fadc987a6627c89f6dd7294841d66aa77cb361f1c7880650ed,False
test226,handbag__04,root:2/visual-region:06,daily_object_panel,daily_object_body,sam2-amg[facebook/sam2.1-hiera-tiny]/point-grid/semantic-rerank,0.6166796917469152,0.66,b99382b3653c9a910724c53f511dae372f3d22aed4c67ffd8a4e07522fbe00ca,4a026a762394efbcb06d7b52d21c017d4ddfb428e4e71118dc81445ef0e3e928,False
test226,handbag__04,root:2/visual-region:07,daily_object_panel,daily_object_body,sam2-amg[facebook/sam2.1-hiera-tiny]/point-grid/semantic-rerank,0.5323519436748325,0.66,55720394a40f820a25a04439235ffececf949d57cf9ba90693ea8e831e589eb7,1152adb949493d377ad9ea6a8151c51cd96ee5d7e8d13a2f6e1078f412c7883f,False
test226,handbag__04,root:2/visual-region:08,daily_object_border,daily_object_panel,sam2-amg[facebook/sam2.1-hiera-tiny]/prototype-labelled-region,0.8911054533760823,0.603671857375145,588e21d9f7161d0f62289bfa3ee5ba8fa57e5702621060bd6dbbc31b55950a6e,c12a6289b7bf314cf2f44b098f23c2b56e9931ce5f3b3c8a7ac0bd6a3f63e70c,False
test226,handbag__04,root:2/visual-region:09,daily_object_visual_panel_07,daily_object_visual_panel_06,sam2-amg[facebook/sam2.1-hiera-tiny]/point-grid,0.7602474520602209,0.62,45d8f346cd0e87701a8dd1f689c9d99779f9f3b52dc0c2ef1f3c7ccf78b80a6f,fb8859379355ac5cb7915afc74bc16e02f4bfc6c10849ee91a0821551bae43a8,False
test226,handbag__04,root:2/visual-region:10,daily_object_terry_bar,daily_object_panel,sam2-amg[facebook/sam2.1-hiera-tiny]/point-grid/semantic-rerank,0.4889227883642375,0.66,70c9130aba5591cf88cb0b303594fa11345530f18c0c09b8f5f533c4c112b4cd,499df3f65baad82aacb4b2b87635468146cc7355ec473f1f25c042a56830d782,True
test226,handbag__04,root:2/visual-region:11,daily_object_terry_bar,daily_object_panel,sam2-amg[facebook/sam2.1-hiera-tiny]/point-grid/semantic-rerank,0.6210658564447696,0.66,059085a6ba8ed8cf84fc395aa7daeac8190e8f3dee199a957d5e63df21275324,409b3f09a98e57a42b0503b5554ac26c9eecfb22515ee4d1bc14cd1e3bbc0032,True
test226,handbag__04,root:2/visual-region:12,daily_object_panel,daily_object_body,sam2-amg[facebook/sam2.1-hiera-tiny]/point-grid/semantic-rerank,0.5052681174972419,0.66,eb5b29d775bf0b827f7f9a0208302f765a3d1b80890f708794dd196530e5cde2,ea0b52796e78fbfc133b95bdcc08e7b173d0dcf8ee07e2703c283cc804e41e46,False
test226,hat__01,root:1,daily_object,daily_object,grounded-sam2[IDEA-Research/grounding-dino-tiny|facebook/sam2.1-hiera-tiny]/root,0.6527949571609497,0.9900390625000001,06d1b958908cbb3600c2f41227da46d93102967a62583cb95f6fa4aee769f2d0,7b3cf79dad173acb455dc75bdfa22a0871b6d5246db6a8fd7fcc543aa1219380,False
test226,hat__01,root:1/profile-refine:IDEA-Research_grounding-dino-tiny:daily_object_band:02,daily_object_band,daily_object_body,grounded-sam2[IDEA-Research/grounding-dino-tiny|facebook/sam2.1-hiera-tiny]/profile-refine,0.2622745931148529,0.84171484375,2a95affa778dc7af3ddb19f8027a601aa0a3a96412c240b3ac52dcd8d5d31d33,5e5cd1132795a4bc9f16eef3cc5f61d8b1be555f987ca8922b353f2c41e25d72,True
test226,hat__01,root:1/visual-region:01,daily_object_visual_panel_01,daily_object,sam2-amg[facebook/sam2.1-hiera-tiny]/point-grid,0.6735020463458126,0.62,33f6b7ff80e19d0c355d57f40f4129d9b251adaa9719e6a9c98d600f6ab5f639,ab139f6e989ae44dba4defd45845cd36021000fff555b3fcac77371b2d9f1752,False
test226,hat__01,root:1/visual-region:02,daily_object_logo,daily_object_body,sam2-amg[facebook/sam2.1-hiera-tiny]/prototype-labelled-region,0.7037298495284691,0.6101857477779388,3d5eeba69894121cd73239c35c1bbca6753fbd82580f67809643e5fea10a6418,aa7198c0839bd108e0a43f22812db1412963295aca4dc973a8b87b99097c14d4,False
test226,hat__01,root:1/visual-region:03,daily_object_logo,daily_object_body,sam2-amg[facebook/sam2.1-hiera-tiny]/point-grid/semantic-rerank,0.5250096541723085,0.66,f5ef8b15f29d363ee602a85ff7e301190fb89c6b881bb659b42ae9cde5f4aa8d,662ab689f9184a91050aeba49b5213d205ba860b4b9984b1e396c53c0fc16851,True
test226,hat__01,root:1/visual-region:04,daily_object_inner_lining,daily_object_body,sam2-amg[facebook/sam2.1-hiera-tiny]/prototype-labelled-region,0.7617037913353502,0.6079736168203353,7ab98322dc3edf2f0c66f0f193b69d1399abae64b2ae7e6e9ff183bf6c061c9b,8631bc497f002d4fef050e1ae410a3ce1b524a32a1d68b1015fad8e903f1572d,False
test226,hat__01,root:1/visual-region:05,daily_object_brim,daily_object_body,sam2-amg[facebook/sam2.1-hiera-tiny]/point-grid/semantic-rerank,0.5148110117333166,0.66,adc7c840900ad17f4706aa1eb9622c0c8281c8b8276759dcece6b05424fa68a3,ca082050964cf6a95bae0ceac05b418d82a43616bf69935021b8cfbab8cc21cc,True
test226,hat__01,root:1/visual-region:06,daily_object_visual_panel_03,daily_object_visual_panel_02,sam2-amg[facebook/sam2.1-hiera-tiny]/point-grid,0.8075668389744285,0.62,077298fcbe69b8c4b7c87918d4c778543ed58f923b0292552fc8f692a87e1f18,e54f68bcbf09f39a0d0fd0313f13ecf66102fabc700c17db36377f266386c71c,False
test226,hat__02,root:5,daily_object,daily_object,grounded-sam2[IDEA-Research/grounding-dino-tiny|facebook/sam2.1-hiera-tiny]/isolated-profile-root,0.3619537353515625,0.99765625,42e0b62b8f0accd59842658459f16497e24cfa84d06b2300c569fc8a1d81e40d,2c687473451892ee316a5c9f158b211f6eea556ad4eb1e7c41b5c10646d9e3e8,False
test226,hat__02,root:5/profile-refine:IDEA-Research_grounding-dino-tiny:daily_object_band:01,daily_object_band,daily_object_body,grounded-sam2[IDEA-Research/grounding-dino-tiny|facebook/sam2.1-hiera-tiny]/profile-refine,0.38185328245162964,0.7676582031250001,24ac278c1f73174b35536c81a9e31d65c695d68791808cd2254617cab6d72b2b,b94d8bc2dabf03b6942d661d3303efcb01ed34d2b339b79b226419a4790c2880,True
test226,hat__02,root:5/visual-region:01,daily_object_shell,daily_object_body,sam2-amg[facebook/sam2.1-hiera-tiny]/point-grid/semantic-rerank,0.5552298850386246,0.66,b195674a58da6072163d9c7573eec40bc71f4f1873efef184254fecdf0feed11,9cbeca319051d2949ae744499e42df9094b518f427ffd9b26cb8a72ac3e69aa0,True
test226,hat__02,root:5/visual-region:02,daily_object_inner_lining,daily_object_body,sam2-amg[facebook/sam2.1-hiera-tiny]/point-grid/semantic-rerank,0.572454828448405,0.66,e932ad91bd9e2728e669a2d280a667bb3da152a03217f643324e8c1f1aaa531d,654f79003a3aae252c3f9f13b1644e05f678e5f40ba4c4d0d6de9123b745f55d,True
test226,hat__02,root:5/visual-region:05,daily_object_visual_strip_01,daily_object,sam2-amg[facebook/sam2.1-hiera-tiny]/point-grid,0.6734287557254258,0.62,8909a044e5c6a49063b27de92f279e7c9c1080b2386587794a127b7407308ac5,683856b5e4e3d47e70a2f4bdc6f393b9a671a68c8682f49824d2af2fdf9112a2,False
test226,hat__02,root:5/visual-region:06,daily_object_band,daily_object_body,sam2-amg[facebook/sam2.1-hiera-tiny]/point-grid/semantic-rerank,0.5306347630210395,0.66,984a7f04d77fe817bb0f467404f13f699993186935e64866ffd9c2ed7de65fbd,5ef5adb1bb511b599e1df9a01ab483b9aa2d4aa823848282741858f526b29cfe,True
test226,hat__03,root:1,daily_object,daily_object,grounded-sam2[IDEA-Research/grounding-dino-tiny|facebook/sam2.1-hiera-tiny]/root,0.8630456924438477,0.99033203125,99c860836582ae9ebf1480e249e70480dc7aef3b8d7d368da08f3aca3781a626,e8ffd5bb2daa1f1d626b67ebc2a32bb40d5fd2be60d55b8f9b303eea6d62b208,False
test226,hat__03,root:1/profile-refine:IDEA-Research_grounding-dino-tiny:daily_object_inner_lining:01,daily_object_inner_lining,daily_object_body,grounded-sam2[IDEA-Research/grounding-dino-tiny|facebook/sam2.1-hiera-tiny]/profile-refine,0.24184732139110565,0.858537109375,dab8a81d79ab4f567dcd33db8798dd3520325e965d21b6729fd1b621f32589ca,77422ca958b5c4399e8758bdda50a54f766dc75e002018c4a3a1afd2afc894c1,True
test226,hat__03,root:1/visual-region:03,daily_object_brim,daily_object_body,sam2-amg[facebook/sam2.1-hiera-tiny]/point-grid/semantic-rerank,0.5921859162136505,0.66,67f287a10ffd55e665a9504b62bdef04120321d36be819083814d8204538189e,bfe6817f87d821cd2c21bbb4de98f5d29de2aadf049d61274c00c5bc9bd87d22,True
test226,hat__03,root:1/visual-region:04,daily_object_visor,daily_object_shell,sam2-amg[facebook/sam2.1-hiera-tiny]/prototype-labelled-region,0.7141121808014229,0.6070010875186921,36df4cc77b3f1074b5cb47e63cb506e758e4f61d1e8b356305c986ab12de596e,db9bcc54e3dcb848e97f5da715b9134f4aa490d4dbea7f6b9642a7d1864f9b9b,False
test226,hat__03,root:1/visual-region:06,daily_object_band,daily_object_body,sam2-amg[facebook/sam2.1-hiera-tiny]/prototype-labelled-region,0.7512353270892465,0.602140937002182,65386a3528b981ab2d9b77cbf595b432e990959f3670294da9c67caa94c40689,f9993146b7bd6331771ba0c26f925eca1456534a795cc46047750148058ed9b0,False
test226,hat__03,root:1/visual-region:07,daily_object_logo,daily_object_body,sam2-amg[facebook/sam2.1-hiera-tiny]/point-grid/semantic-rerank,0.5233921733069987,0.66,2d7de255744e33ef1dc4bfa917c0295de15765b0ad98b85b28d860d11a79dbea,2c1df5edd95f739cd4db54217e565ac0397b7873eb12c229d72fbec51ba417bf,True
test226,hat__04,root:1,daily_object,daily_object,grounded-sam2[IDEA-Research/grounding-dino-tiny|facebook/sam2.1-hiera-tiny]/root,0.7472472190856934,0.9979492187500001,26bee472551eca81ce61ff7bd8198f0a1cbd152763a1a0a856821e472de28fdd,a18961ec682283a062f67087680f0ee22355dfc700219f61a33c24d86f9581b3,False
test226,hat__04,root:1/profile-refine:IDEA-Research_grounding-dino-tiny:daily_object_inner_lining:01,daily_object_inner_lining,daily_object_body,grounded-sam2[IDEA-Research/grounding-dino-tiny|facebook/sam2.1-hiera-tiny]/profile-refine,0.2628418207168579,0.863564453125,b0995ad528aeca3701222c1eac22a9fd8943936c7153c8765b3ac8e8d47ad784,b62623847e5c9d966859e263a7de735f1e2de1d26e300eafae1d5e9f20172de7,True
test226,hat__04,root:1/visual-region:03,daily_object_visual_panel_03,daily_object_visual_panel_01,sam2-amg[facebook/sam2.1-hiera-tiny]/point-grid,0.6551777118253665,0.62,74a586f5bc6b76b411bca7a40344d46cf1323373add618ee12d345b363f47a90,03fc48bd6e5d1d89c9b2b40178777569340f0695fee7d833e573e7b6a602ccaf,False
test226,hat__04,root:1/visual-region:04,daily_object_band,daily_object_body,sam2-amg[facebook/sam2.1-hiera-tiny]/prototype-labelled-region,0.8628251183758088,0.6054572217626571,da8c9caa106a57f6e8fda0ca2824c4a959ef94ccc177c20d482b5f4979cfa146,c5b540b636bdd50d4d3794803382d7203afe7bc9ad098c85512479b06ba8750c,False
test226,hat__04,root:1/visual-region:07,daily_object_brim,daily_object_body,sam2-amg[facebook/sam2.1-hiera-tiny]/point-grid/semantic-rerank,0.5848233340092204,0.66,86cc4c054d75d5b068e941f1f35b8fbbe8c5f93489c9ff81d56f0234f7addb50,fe10df283e0e74927ec8ea93e056e8bc52e4c0ee9b77681bde7f80b602264806,True
test226,hat__04,root:1/visual-region:08,daily_object_visual_panel_05,daily_object,sam2-amg[facebook/sam2.1-hiera-tiny]/point-grid,0.7411024519381952,0.62,1f5e3d6f20daaa5e3860d2cb3db5e2f5b575cd0300717d650721045e9f384416,2a0f59415bd3c9a25adf488ebea03ab93b6450e26e1aadf30d4f6c37954837ba,False
test226,helmet__01,root:1,daily_object,daily_object,grounded-sam2[IDEA-Research/grounding-dino-tiny|facebook/sam2.1-hiera-tiny]/root,0.6124255657196045,0.99482421875,d03f5e2644b9ce31e8676daf587e7690678c94a7911d04ccd2b77ca6067d3b53,d3da73ff4b1e2f13f134265b3a36c625478421a8de889ad7366ef273c54e3083,False
test226,helmet__01,root:1/daily_object_guided_daily_object_logo:01,daily_object_logo,daily_object_body,grounded-sam2[IDEA-Research/grounding-dino-tiny|facebook/sam2.1-hiera-tiny]/retrieved-part,0.3546457038166187,0.7005924795195317,bfc51c457d3de03e5d00600fbcfb9d857d88bc91a7d7f505eaeb8dbca86b0e81,230f94a238783e46fb8408d4fe0ac2298923f7bcdde72f5f4b6cabdddef23f9a,False
test226,helmet__01,root:1/profile-refine:IDEA-Research_grounding-dino-tiny:daily_object_rim:01,daily_object_rim,daily_object_body,grounded-sam2[IDEA-Research/grounding-dino-tiny|facebook/sam2.1-hiera-tiny]/profile-refine,0.24762336909770966,0.8685917968750001,0edd7c32065daa6e25e11e42aea31f8c17604cdb45f935c0f8b1ca2849e74a68,6d32c5c722bf0bbb2feda7961bd1b6de38ec00f7b5499d81e98c60b290460ce2,True
test226,helmet__01,root:1/visual-region:01,daily_object_visor,daily_object_shell,sam2-amg[facebook/sam2.1-hiera-tiny]/point-grid/semantic-rerank,0.5444690270557743,0.66,0fb21c8aba03e618ff96bfa734953c24ae98de6366c3992999a6276900f77e9e,a1a66da3e5342efe20ec97cc025984e898dc5d03df3289ecd908462f8ee1218c,True
test226,helmet__01,root:1/visual-region:03,daily_object_logo,daily_object_body,sam2-amg[facebook/sam2.1-hiera-tiny]/point-grid,0.9418180963470939,0.68,d3a5742156ea82a0b047d11c61e5d11138a345f351ae38498720ad3b4151c058,2f9b6a6ed75861bb8ab902e098eb79f204124b1c2079249311866e509889df65,False
test226,helmet__01,root:1/visual-region:05,daily_object_visual_panel_04,daily_object,sam2-amg[facebook/sam2.1-hiera-tiny]/point-grid,0.7747379955256067,0.62,d1ede91a32b9c3af2b29fc110f7d96014c03be38c381e44a54b9944d49a1c761,dbf423704e80e80c744b60c1c9b4f66f60902964eb041bfb5a6e78495e3b2cdb,False
test226,helmet__01,root:1/visual-region:08,daily_object_band,daily_object_body,sam2-amg[facebook/sam2.1-hiera-tiny]/prototype-labelled-region,0.7049045095625441,0.6086474238643647,a1acca408a7b17e4f7ea51658b971af690dafc18e91ad441baa1520544eaeb73,c0df8bc00a3b1755dc5b23fb868b58795221adbd67a09200b9e5daa273288161,False
test226,helmet__01,root:1/visual-region:09,daily_object_inner_lining,daily_object_body,sam2-amg[facebook/sam2.1-hiera-tiny]/prototype-labelled-region,0.8060721295778661,0.601633636879921,9aab02b3fbd2c68bb975ab17fa625412b44a0faab21ed1e16f21335fd07912d7,0f718599d971b10b2128f67f8297ca1cfb6b6112f7a0b8da24422796d041ec7f,False
test226,helmet__02,root:1,daily_object,daily_object,grounded-sam2[IDEA-Research/grounding-dino-tiny|facebook/sam2.1-hiera-tiny]/root,0.786786675453186,0.995703125,b300bb1350ca8650b96388a49b3aa03b567ef96f22281d5986248f82bf5ea7e3,995fa2ed08cc28087583180a91914519945ba9745a76f659a39205fb2c064635,False
test226,helmet__02,root:1/profile-refine:IDEA-Research_grounding-dino-tiny:daily_object_logo:03,daily_object_logo,daily_object_body,grounded-sam2[IDEA-Research/grounding-dino-tiny|facebook/sam2.1-hiera-tiny]/profile-refine,0.2776688039302826,0.8506093750000001,415fa0775a82caa8ebea8a54e803b111791eedc3201d8282ccf9b56a18209740,939413aab37e4a4bb5ecb81a5ad2c92c6547579ee73a31d8fa7a19c871caee42,True
test226,helmet__02,root:1/profile-refine:IDEA-Research_grounding-dino-tiny:daily_object_logo:04,daily_object_logo,daily_object_body,grounded-sam2[IDEA-Research/grounding-dino-tiny|facebook/sam2.1-hiera-tiny]/profile-refine,0.2590751051902771,0.8498359375000001,ec65e52348ed82847c45c72f181771b23357a05f3b295b9e2e9cb4ec340e1d44,c59f06fd6de58cff0a74214c620304f74e737cd92237654eb90f86fad1c0218e,True
test226,helmet__02,root:1/profile-refine:IDEA-Research_grounding-dino-tiny:daily_object_visor:02,daily_object_visor,daily_object_shell,grounded-sam2[IDEA-Research/grounding-dino-tiny|facebook/sam2.1-hiera-tiny]/profile-refine,0.2791401743888855,0.83552734375,3d07e60ebbd96e1d5f8b929e894d40a8171483806a2b773b78a1ddecd678e7bc,7738f39bb2bb28d62226db2a39d1dc0990796dc92afee8754b996ed5048b0db8,True
test226,helmet__02,root:1/visual-region:03,daily_object_inner_lining,daily_object_body,sam2-amg[facebook/sam2.1-hiera-tiny]/prototype-labelled-region,0.7559113687849307,0.6113078180456162,a276538db69bf2eaea94291e7e03366a4dae4b3ecd49d0040785279edb5a091d,35513f343b5d769ed8d469fd46c5ff1ef88145ffd9fd7a3c7f019989a8726ee6,False
test226,helmet__02,root:1/visual-region:07,daily_object_visual_panel_02,daily_object_visual_panel_01,sam2-amg[facebook/sam2.1-hiera-tiny]/point-grid,0.9175702953650939,0.62,c63eb59d870926b277e491c3a639a0a2bb6653c8568119e22951feb9c330a0cd,beac1d6e285e437bc7568325dde9ce6a508e1eddbd7976a355a81ac632628458,False
test226,helmet__02,root:1/visual-region:09,daily_object_face_shield,daily_object_shell,sam2-amg[facebook/sam2.1-hiera-tiny]/prototype-labelled-region,0.8752749154649168,0.6079861940441131,cc9fed9535261c781c6bb9cd8e4e554c22c575135b230e98d01cde545e4f6e2a,64eb193c65e5a5fbd8ef07b0c1c0c24bc5f51371a888234978c40582898e242b,False
test226,helmet__02,root:1/visual-region:12,daily_object_band,daily_object_body,sam2-amg[facebook/sam2.1-hiera-tiny]/point-grid/semantic-rerank,0.6935726879882813,0.66,7e350405704def09e5e4e703155763038ff7878f0b2e48725eaccaeaed0e08b9,2282d31c717d8f7e7d92a72bbdf4764635ab21153d805ca2b719169ff449ca10,True
test226,helmet__02,root:1/visual-region:15,daily_object_visual_panel_04,daily_object,sam2-amg[facebook/sam2.1-hiera-tiny]/point-grid,0.9137555790990928,0.62,d2341f56f275985b126e9eeb9cefd8c9b3c01d1063c61b51c3bcb9516276e535,7e382e823398426d9468ec6677f07f73e27e3b41f1327d5347dad5b75f50d14b,False
test226,helmet__02,root:1/visual-region:16,daily_object_band,daily_object_body,sam2-amg[facebook/sam2.1-hiera-tiny]/prototype-labelled-region,0.8365279557623093,0.6129674304761886,6cca22e44b704d4fb767e16affc026f169898fe92df32e6014035a41e3d2acdf,71c235e7ea47215d8a1ea0afde8e4f0a91fc6e1c7bdf190dcd940562185d2ffa,False
test226,helmet__02,root:1/visual-region:18,daily_object_visual_panel_05,daily_object,sam2-amg[facebook/sam2.1-hiera-tiny]/point-grid,0.7329752990744652,0.62,55f987b4080e3d318b98fea7ed0c7bd8e589df475d6eeb0952fb814ec7c86b7c,3fa573c30da7a6d37ff478438c5347951f7bc0d67763d294138a6acb33aee214,False
test226,helmet__03,root:8,daily_object,daily_object,grounded-sam2[IDEA-Research/grounding-dino-tiny|facebook/sam2.1-hiera-tiny]/root,0.30528295040130615,0.9906250000000001,4716fe486cc09d459a259865d701cdc8b0ee1c2ef131bd8b8894e495028501b9,48dc5ff50bc9a4f33702420f8ebfa1c1aeecd0edccf8cdc031d5d85ef47b8e6f,False
test226,helmet__03,root:8/visual-region:01,daily_object_visual_panel_01,daily_object,sam2-amg[facebook/sam2.1-hiera-tiny]/point-grid,0.7207064341804932,0.62,fda10041d96125a9e76d6a480c099825908692506dc63740e359ba25cbdc842b,2c858afc2e686fc160007bbc3ad0f10a37c4ff33dee75f148315ffcd9e85d8f6,False
test226,helmet__03,root:8/visual-region:04,daily_object_visual_panel_04,daily_object,sam2-amg[facebook/sam2.1-hiera-tiny]/point-grid,0.6616951163991618,0.62,8884a2082cd5207eb9bdae1f293a85b4d8920c949b48a57b730072367189efe5,24c69e71f0944b78566c9faa62129a3cb157a593b11c9223520193f8b75f2829,False
test226,helmet__03,root:8/visual-region:05,daily_object_band,daily_object_body,sam2-amg[facebook/sam2.1-hiera-tiny]/prototype-labelled-region,0.7584932684878918,0.6124257818574905,455c209e1b1452a9730684ce6e9a597ed0537d728e46b25a5bff1b9351b2b1d3,950949f7427a43bbd09dcfe9625b68a6900e8da409e8321873cbcf42fc514c08,False
test226,helmet__04,root:1,daily_object,daily_object,grounded-sam2[IDEA-Research/grounding-dino-tiny|facebook/sam2.1-hiera-tiny]/root,0.43476125597953796,0.9769531250000001,738833dcbc5c5bd1b4fe41ecfd50cd22ad8b1ace17c59910366b9f5550203147,c6d4ddb351ede0e2f18e04bbe6876d25f0d935334f09bd3ab11e214ed7eb2d50,False
test226,helmet__04,root:1/profile-refine:IDEA-Research_grounding-dino-tiny:daily_object_band:01,daily_object_band,daily_object_body,grounded-sam2[IDEA-Research/grounding-dino-tiny|facebook/sam2.1-hiera-tiny]/profile-refine,0.26740819215774536,0.8363007812500001,e9ca82ce04a977e1baf8c8d9477ebf9b5a58e7c70f9be91f98cfde7c1e563773,d0792b5ef9d3c20bc9a441f2ff61a7b8825120a3f5c8f8ec08a08a5de938513a,True
test226,helmet__04,root:1/profile-refine:IDEA-Research_grounding-dino-tiny:daily_object_face_shield:01,daily_object_face_shield,daily_object_shell,grounded-sam2[IDEA-Research/grounding-dino-tiny|facebook/sam2.1-hiera-tiny]/profile-refine,0.24671480059623718,0.8430683593750001,2bfd70ca69202b78e1ce6f214c74b18df0221087097e725ab7a672a9be0e1e16,1a766bc52c34c5ab3857bd442cb5b7b31b38a4838490c029500ee6302aeb6b8b,True
test226,helmet__04,root:1/profile-refine:IDEA-Research_grounding-dino-tiny:daily_object_logo:01,daily_object_logo,daily_object_body,grounded-sam2[IDEA-Research/grounding-dino-tiny|facebook/sam2.1-hiera-tiny]/profile-refine,0.2806163728237152,0.8562167968750001,ce78ceb2221011271e1afe8271bd7031841b957333c7a51178d6780264ed8f6b,e65fb84962b1c4c778d6b7deeb38a19b8bc947d3707352819c7c6a98a2342b51,True
test226,helmet__04,root:1/visual-region:01,daily_object_visual_panel_01,daily_object,sam2-amg[facebook/sam2.1-hiera-tiny]/point-grid,0.6983607305850729,0.62,361a81078d81fc0e37370ef218acd861112e0a500b4d26e582a571d32249f70f,84ebff4f66658432a623673b1c66417d2c10189dcaf5ad9b057c07503299b6e0,False
test226,helmet__04,root:1/visual-region:02,daily_object_shell,daily_object_body,sam2-amg[facebook/sam2.1-hiera-tiny]/point-grid/semantic-rerank,0.5863031911248409,0.66,1201cb46739ede17c1a519c12d420678b2d158879bbcfd7947200e5ef2fb77f3,3d581a154464223d7075c0ef9aa2b11982955539f646ec0e9355c43c6c0dc31b,True
test226,helmet__04,root:1/visual-region:10,daily_object_visor,daily_object_shell,sam2-amg[facebook/sam2.1-hiera-tiny]/point-grid/semantic-rerank,0.5092318164136818,0.66,9a0bd1a7db761f97e9a3e0b93ec47a15d1f1011bba87231d3fcd719f87c9783d,d3502ebaebe5569de50e318cb11ac23cfe8d53061c2df8e8e4375766cdfe2415,True
test226,helmet__04,root:1/visual-region:12,daily_object_logo,daily_object_body,sam2-amg[facebook/sam2.1-hiera-tiny]/point-grid/semantic-rerank,0.5796701311361662,0.66,9a80b656416cb9c4dcecbcce9026f4e0e455f0d354b2c85e8752119d45f074e1,6961225443de8b05bf3c7f2b0cdb53d15c2116faa07cccc1c157dba8e1fe5d97,True
test226,helmet__04,root:1/visual-region:15,daily_object_visual_strip_04,daily_object,sam2-amg[facebook/sam2.1-hiera-tiny]/point-grid,0.8191287793690762,0.62,5ee98073d218392def978f4792d20265b195e696fe2f7734cdc0a4accc1329f1,41e2eca4e60fd630312d1c9cd85e31b33a4c8d1e0b8ca4dff323b6207e68904e,False
test226,helmet__04,root:1/visual-region:19,daily_object_band,daily_object_body,sam2-amg[facebook/sam2.1-hiera-tiny]/point-grid/semantic-rerank,0.564909573041935,0.66,e70264cf543268f40c71638ecef6c431b746592af67f2729421d9a1491d9f263,f8ab4c442cb51477fc1058e428b8e26a17099f5ad501882781c66e31aced62d1,True
test226,helmet__04,root:1/visual-region:21,daily_object_logo,daily_object_body,sam2-amg[facebook/sam2.1-hiera-tiny]/point-grid/within-root-repetition-consensus,0.5270242639237024,0.62,09c20d5fdc8208c1fc4f085cc3ce0c319b16ccc0ace2cd08d27f87bda918511f,5c528cb602a41919a26b8c3fb2a6654fe8c465be76fd9a3ee82f9368f6df0c01,True
test226,jar__01,root:1,container,container,grounded-sam2[IDEA-Research/grounding-dino-tiny|facebook/sam2.1-hiera-tiny]/isolated-profile-root,0.6460136771202087,0.99775390625,670f3af3c1ea2b3f01ce052a50963c07135c250c3123aaaf638d056f10d97c30,735311adb36dc28cacbf8f6b698064f048c1a5af1ee791246fe06dd160fd3cd3,False
test226,jar__01,root:1/profile-refine:IDEA-Research_grounding-dino-tiny:container_lid:01,container_lid,container_body,grounded-sam2[IDEA-Research/grounding-dino-tiny|facebook/sam2.1-hiera-tiny]/profile-refine,0.24256430566310883,0.869365234375,ec64e7e68755828efb05bd5e0019a4e8f253e3908b970fcbf8e93da4e4ca76f9,3f9500b5a1878c2d6f6b930b37caa415a63de259be110ad25f1dd6d5966c8bcd,True
test226,jar__01,root:1/visual-region:01,container_base,container_body,sam2-amg[facebook/sam2.1-hiera-tiny]/point-grid/semantic-rerank,0.5381658664536728,0.66,77dc7d36bce67687718f2db8c488043cf7f3275e08b218846551a17ab110ce1b,32e3874dbd8378f82b838a48daac857f35e71935fac6a3ab2608619bed26589a,True
test226,jar__01,root:1/visual-region:03,container_handle,container_body,sam2-amg[facebook/sam2.1-hiera-tiny]/point-grid/semantic-rerank,0.605448665185148,0.66,8bcc59b9d99780092a16e5633a009dd710936a3dd3ca6fb87e2597c79c72555c,99745e0c8be9a109ee71b55f90f01fe77a3965b573b96da2db02a3845980f8e7,True
test226,jar__01,root:1/visual-region:04,container_inner,container_body,sam2-amg[facebook/sam2.1-hiera-tiny]/prototype-labelled-region,0.7745735422667402,0.613874868221283,a9283a38124cf7862069fe658d828c1b86af290f1ff77468902f961cb228c9ee,a299dd829bf83db9ec4a2d43e72ff2fa5cf4aab587399791553534e37d469eef,False
test226,jar__01,root:1/visual-region:06,container_label,container_body,sam2-amg[facebook/sam2.1-hiera-tiny]/prototype-labelled-region,0.8952242728877802,0.6092798809700012,e43710636fe998ea0161f0d64b217607dcb1dba073706aea708bae7d415c79a1,e004e44f114b2fda2dfb4a5428013c348810a6407ac4e5267346ba0546ca7da9,False
test226,jar__01,root:1/visual-region:09,container_visual_panel_05,container_visual_strip_04,sam2-amg[facebook/sam2.1-hiera-tiny]/point-grid,0.7268621770015506,0.62,508fb6343d0071a0f47d35a581d19156e06f5b67cc5184dd8955248f81de419d,51d127ada914722d970b1ac152d2187355a98396a495b4a67c32bb82791f8697,False
test226,jar__01,root:1/visual-region:10,container_handle,container_body,sam2-amg[facebook/sam2.1-hiera-tiny]/point-grid/semantic-rerank,0.554358648499298,0.66,ac806c598890dd19970269b8af08e5a8363906cca21b250efd8b7abf1220a4de,cb370a0bdf3e97f941c34f128e85d2364afa353720dca59a848291095dffc499,True
test226,jar__01,root:1/visual-region:11,container_visual_panel_06,container_visual_panel_07,sam2-amg[facebook/sam2.1-hiera-tiny]/point-grid,0.7299704796970349,0.62,dd74bb302f103b19af9a6133f77d8795a5aff154d25a5f4816d409c46d7347a0,04003a9a191aecf3ff478edbfe5a82f4a3d36da4bf395fac6c7bb9646934d08c,False
test226,jar__01,root:1/visual-region:12,container_label,container_body,sam2-amg[facebook/sam2.1-hiera-tiny]/prototype-labelled-region,0.8997676203534709,0.6092152266931534,28b970bfb80aa1f956ac2b4048048303b7cf2f4c28ffa5d11600e11639a427d5,977bb3628635943c82a5e1ccb5e44b9e1c193a81ad4ea4806a1c40f5a1571123,False
test226,jar__02,root:1,container,container,grounded-sam2[IDEA-Research/grounding-dino-tiny|facebook/sam2.1-hiera-tiny]/root,0.8067004084587097,0.98046875,65fc4c4feecc2d40068a12d271272d189ca162bbd2ba25221d96575914ad64bc,6d4b9a9dc96ee80568f9d512dad427c70c5efe4e40db6c79d532ff6f03ac4689,False
test226,jar__02,root:1/profile-refine:IDEA-Research_grounding-dino-tiny:container_handle:01,container_handle,container_body,grounded-sam2[IDEA-Research/grounding-dino-tiny|facebook/sam2.1-hiera-tiny]/profile-refine,0.2620856761932373,0.844228515625,b28da5887a0f21890c3c0acd5385c3f3b4034251223194a355f2afb191863c38,b4370965b9e8b95a82acaefcc112cfbd317642ab4afcdb40383bbee86ec3f8b5,True
test226,jar__02,root:1/profile-refine:IDEA-Research_grounding-dino-tiny:container_inner:01,container_inner,container_body,grounded-sam2[IDEA-Research/grounding-dino-tiny|facebook/sam2.1-hiera-tiny]/profile-refine,0.32007700204849243,0.8542832031250001,039a8d4d214602376393344562b6123f05faef65ffde33fb41df53fe186d055b,31fdb79bcfd59ca7a90ebf4aa0f81744440181666abf430e306ea3ffa53c50e2,True
test226,jar__02,root:1/profile-refine:IDEA-Research_grounding-dino-tiny:container_label:01,container_label,container_body,grounded-sam2[IDEA-Research/grounding-dino-tiny|facebook/sam2.1-hiera-tiny]/profile-refine,0.4268590807914734,0.870138671875,5bcc0ead3864b9c446151bb93eca4a0d1ddd17fac9c5f87bd7bab27c1917abfa,e08762590fa131020b6ead7562deba64c89d28d698a7f0805ef2a6f8013edbe5,True
test226,jar__02,root:1/profile-refine:IDEA-Research_grounding-dino-tiny:container_neck:01,container_neck,container_body,grounded-sam2[IDEA-Research/grounding-dino-tiny|facebook/sam2.1-hiera-tiny]/profile-refine,0.30404165387153625,0.8697519531250001,9acac836c2f4acecba14bfd55553eb150bf1f8c0c5ec13b3b2e359fd088c0026,c9cf6d4c4a71ef168236da75f991377130b6d599db49c4fed125506cd3acfd6f,True
test226,jar__02,root:1/profile-refine:IDEA-Research_grounding-dino-tiny:container_spout:01,container_spout,container_body,grounded-sam2[IDEA-Research/grounding-dino-tiny|facebook/sam2.1-hiera-tiny]/profile-refine,0.2581389248371124,0.8508027343750001,01aa5193f10969682a06965ccc075e82a288d54602c450c7ba4a7b4d7e294c55,b0d776b7ace363cd0b849ead17413616b58f843fd3b701d87f420cec247b10eb,True
test226,jar__02,root:1/visual-region:01,container_inner,container_body,sam2-amg[facebook/sam2.1-hiera-tiny]/point-grid,0.7806627993159059,0.68,1cc889c9ee6e517895b77974e915ea39fddc71c67dc67dbecb14cac6bc4463a4,f4b562888a00181e56864eddc944791476de94ed0b3da52b6ba67793c6ca8475,False
test226,jar__02,root:1/visual-region:04,container_label,container_body,sam2-amg[facebook/sam2.1-hiera-tiny]/prototype-labelled-region,0.7192039104863943,0.6023731507349015,da569a44b26141008205124f626d49035fd564dd291d6f029a37c9ba43bb70d1,0e63fe142217467d322323b5c313e6763bf185e06aabe7f34c6d10c394a8b2cd,False
test226,jar__02,root:1/visual-region:06,container_visual_panel_03,container,sam2-amg[facebook/sam2.1-hiera-tiny]/point-grid,0.6884156611440002,0.62,853fb9282ecad3379e18c4437d9c6678318d6cab17261b9dd0f6a1905cfafe18,69017dca9833aa5ee0c4cfd450debdbde2cb89ba6e96dec0c0eed0f5c26940ff,False
test226,jar__02,root:1/visual-region:07,container_neck,container_body,sam2-amg[facebook/sam2.1-hiera-tiny]/point-grid,0.9006937738469123,0.68,9570ae1e29af0da2c8bafc1b8ca99802e170b66f20433c87fbbade598a6488e6,3c348e53a3204a6587ea34d41d71314f7d33f9e2f04c4f41d58d26e396074bc5,False
test226,jar__02,root:1/visual-region:08,container_label,container_body,sam2-amg[facebook/sam2.1-hiera-tiny]/point-grid,0.8454235922981146,0.68,e42f3dfc128e3f1b98be04b9f233b673a3ad903e23e227ab69f9fb817f29489c,cf3f5ed2e75e8e3dd0da692442253fe0a04022f58be55afeab2a21f300de2d6d,False
test226,jar__03,root:1,container,container,grounded-sam2[IDEA-Research/grounding-dino-tiny|facebook/sam2.1-hiera-tiny]/root,0.7552762031555176,0.9812500000000001,fd6d674c579ddaff38572ad58460ddd33fd5bd16dc6e9ee7f45730fe8a01e392,0581de2f95380d6fe2a97e0775791072a51977f678a969230c5500dee076fd9f,False
test226,jar__03,root:1/profile-refine:IDEA-Research_grounding-dino-tiny:container_bottom:01,container_bottom,container_body,grounded-sam2[IDEA-Research/grounding-dino-tiny|facebook/sam2.1-hiera-tiny]/profile-refine,0.2690374255180359,0.832626953125,c7a2e6ddccf43a78543c174c9bf690d0d0685f6014f8c1ca6d9c9a53695add77,db665ee85eb662ab42cffcc657b209a815b3718513e388fca16d31002ed45fd0,True
test226,jar__03,root:1/profile-refine:IDEA-Research_grounding-dino-tiny:container_inner:01,container_inner,container_body,grounded-sam2[IDEA-Research/grounding-dino-tiny|facebook/sam2.1-hiera-tiny]/profile-refine,0.43296223878860474,0.86259765625,c846c3594000b6008b7eba60a38b9eaf562c38f95adc882d20f3d5411ff6292e,000d291d3292c238c53a4940539216d88659bfd39d4bafdcf68082cf1b534ce7,True
test226,jar__03,root:1/profile-refine:IDEA-Research_grounding-dino-tiny:container_label:01,container_label,container_body,grounded-sam2[IDEA-Research/grounding-dino-tiny|facebook/sam2.1-hiera-tiny]/profile-refine,0.32199275493621826,0.8622109375000001,5beca2508491d2c81924d9bc1f3942a77c78adbfd16c3ad5de98ed823aba2bc3,6e068580c620976297d47f38138444bd8c01aedec6210d3489c32b6599371733,True
test226,jar__03,root:1/visual-region:01,container_inner,container_body,sam2-amg[facebook/sam2.1-hiera-tiny]/point-grid,0.8322873938155148,0.68,df2b00341be27091bfa595215cc244d698b196720b3eef0122699b83d599fd4e,83607c8921413fc920d29a9e1d68fdecc9ef17bad45e6dda0e5b746816c78757,False
test226,jar__03,root:1/visual-region:05,container_label,container_body,sam2-amg[facebook/sam2.1-hiera-tiny]/prototype-labelled-region,0.725059023941169,0.6102557150135041,60d565b22ae5e64e1eb6e35475ccc262532fbdb3096a2173b5cefcb312fd7e97,f6244ed5c9c7c5f616acbde6ece6116bbbcef6a99fd83e0a71c9efce0304e9a2,False
test226,jar__03,root:1/visual-region:07,container_handle,container_body,sam2-amg[facebook/sam2.1-hiera-tiny]/point-grid/semantic-rerank,0.5220687174694497,0.66,f7b1154c47e6140e114daa186fc2486b8f26822216b75461390eac944ce3d01d,7b3d324a34107654093b95e6a54fa1b11473b0edf9f2700f4832dee0dffa2c69,True
test226,jar__04,root:1,container,container,grounded-sam2[IDEA-Research/grounding-dino-tiny|facebook/sam2.1-hiera-tiny]/root,0.8162599205970764,0.9950195312500001,0da61f34e53e432db759f7e932710eecf656d8085dfe6b4462013fade7cb1afe,f0a2129027a1c292d845d97f520da14a71d48a31f1ca0f0bff2d9134008f3982,False
test226,jar__04,root:1/profile-refine:IDEA-Research_grounding-dino-tiny:container_inner:01,container_inner,container_body,grounded-sam2[IDEA-Research/grounding-dino-tiny|facebook/sam2.1-hiera-tiny]/profile-refine,0.2879680097103119,0.8678183593750001,21c9ec599778135f37d208d8a6ab6f8ab1fdb81479cc6be93fe64c0a30af2603,3bb6cbcf8735d288c02098cf49fc1431edbd858d94b7f1159aced8b6229d444c,True
test226,jar__04,root:1/visual-region:02,container_lid,container_body,sam2-amg[facebook/sam2.1-hiera-tiny]/prototype-labelled-region,0.7490345999780784,0.5887297145667076,5091bfeb27c0375138790eb7449463e66d7835b5dee68915f7b069541ab45f98,24c3c10899c8b7a198f7e7b0654c56e6f5a9162f6729eecb21d195ac51afd2a7,False
test226,jar__04,root:1/visual-region:06,container_label,container_body,sam2-amg[facebook/sam2.1-hiera-tiny]/prototype-labelled-region,0.7168110137056826,0.6023695755128861,513af34a0c43a0fbb4370e47f4593d5612f181fec86834028c3d12f54317f3d9,93d2a4fff1f3ae8f54804efded356415faeb16c4908fd905c3781bfc214457d1,False
test226,jar__04,root:1/visual-region:07,container_spout,container_body,sam2-amg[facebook/sam2.1-hiera-tiny]/point-grid/semantic-rerank,0.502026055380784,0.66,8f598ea501ce0c9e5313aaf51fcb78cc5aadac36977b16c346ae09222613acef,7bfe592468ad88cfc222db8e781d182778211ddf1b05598b25563acfc486dc73,True
test226,jar__04,root:1/visual-region:09,container_label,container_body,sam2-amg[facebook/sam2.1-hiera-tiny]/prototype-labelled-region,0.8506925549650958,0.6126143990316391,e0e3df0fdd8dcf492518ec5b6d69705ca43d0bf4fe62ef243f72669f40e80b86,9e40498aa5afa0497e1505c2733bd740986f21dbfe0d3aad2c76b5f3a4ff16fd,False
test226,kettle__01,root:4,device,device,grounded-sam2[IDEA-Research/grounding-dino-tiny|facebook/sam2.1-hiera-tiny]/root,0.38358360528945923,0.97431640625,2db90d2ecad51a66ad03d4a1b9a91c1e4f430102ce656036aa90d9e9cef12748,fcee944a549ded70b4f49b78c4cba362988ffa94c2a5c4122d671487cc6e2bc3,False
test226,kettle__01,root:4/visual-region:01,device_button,device_body,sam2-amg[facebook/sam2.1-hiera-tiny]/prototype-labelled-region,0.67400423657868,0.6094466144990921,8d70c57a8385d02ca650d8ca15bb9ef8cfef14fa68764b63b2eb23ee577a463d,ff09c721b8acc393104ce13e0a2d575d3f67d9315cd6c045d122cc243b74190c,False
test226,kettle__01,root:4/visual-region:02,device_visual_strip_01,device,sam2-amg[facebook/sam2.1-hiera-tiny]/point-grid,0.7295786874639617,0.62,070d6bfbb698a67fa9541ef1c94e262e0ee9cdae9e738d89acda4a8abf469fa6,cb8ea33f005e19ef5522ea8935f3da35c70d17da5e15889329818cfe09be2d97,False
test226,kettle__01,root:4/visual-region:03,device_jar,device_body,sam2-amg[facebook/sam2.1-hiera-tiny]/point-grid/semantic-rerank,0.5142889173377282,0.66,a79d1b92cb9e0c4037e1925f813da68635ffd102d1d25332290ecac0f2d0cc7d,71ec78b9c66d13fd8b3b1be930406c3d911b4c129908985f64423c64f6200e99,True
test226,kettle__02,root:1,device,device,grounded-sam2[IDEA-Research/grounding-dino-tiny|facebook/sam2.1-hiera-tiny]/root,0.7958168387413025,0.99423828125,caa8afcb54470197d1aece2ca712c0fab00e399ad03856dcdff88663623b7f98,b321a3f874263d812016b6a14d485422fc8678a8bc820c84520d7db41ca3920d,False
test226,kettle__02,root:1/profile-refine:IDEA-Research_grounding-dino-tiny:device_lid:01,device_lid,device_jar,grounded-sam2[IDEA-Research/grounding-dino-tiny|facebook/sam2.1-hiera-tiny]/profile-refine,0.26020142436027527,0.862984375,9a102076253c39473565cae49f7bf3f6c416e62a61fb4f5f7aa7ad8c71af2476,5ecc632694bd7c74bc369f7505ce9c4246668f8cea4f211e9169a2c14e4216b7,True
test226,kettle__02,root:1/visual-region:04,device_visual_panel_04,device_visual_panel_02,sam2-amg[facebook/sam2.1-hiera-tiny]/point-grid,0.7791642823907059,0.62,8c58cd6109cb025d51757b5d9317f857b7373054ccc18335af7acab4c5cc3215,c7491498022770a4dffc3deb46a99a28bcacb167e77bd20be71c652017b87669,False
test226,kettle__02,root:1/visual-region:06,device_jar,device_body,sam2-amg[facebook/sam2.1-hiera-tiny]/point-grid/semantic-rerank,0.57886711398017,0.66,9b9ccd12f27c8ccdda587d2d51f4a469a31ea8c914ee6c5e28aa6ce9efdeb63b,551045e7c2717bbf6c61d0e2ad2ae71b54cab4f5bffaba3e82831901d2a4ccae,True
test226,kettle__02,root:1/visual-region:07,device_visual_panel_07,device,sam2-amg[facebook/sam2.1-hiera-tiny]/point-grid,0.7114781244916469,0.62,9328770c030d9b524b63e7e2173f45707e213097cd406cdbcd8d17482aaff9ae,dfc52e94afaff15cea128a4a5d0fcfd11540732dbafa9656287b1b69d59f3aa7,False
test226,kettle__02,root:1/visual-region:08,device_button,device_body,sam2-amg[facebook/sam2.1-hiera-tiny]/prototype-labelled-region,0.8029293178756076,0.6064261812229157,2f90d18767aa759e044dc3bf940ff099b3e670c725406037075c3ba5fdabbe57,5c72abf964c276e4a84269ee69a9567d211df55f35970de808bfc1a72f2b8dea,False
test226,kettle__03,root:2,device,device,grounded-sam2[IDEA-Research/grounding-dino-tiny|facebook/sam2.1-hiera-tiny]/root,0.41887521743774414,0.99130859375,be854aa070ba56ec64cf962dfbc7d8b311e5fe324b1b710fb1d5c896883dc008,d20b8221423e80846b0df19bfb3423da134c122684fee0f85176c5d163127455,False
test226,kettle__03,root:2/profile-refine:IDEA-Research_grounding-dino-tiny:device_handle:01,device_handle,device_body,grounded-sam2[IDEA-Research/grounding-dino-tiny|facebook/sam2.1-hiera-tiny]/profile-refine,0.2701912820339203,0.8593105468750001,bf1c035ab0d1ede2b0ed3208d0d1c428d25c8ab632f93405d53990b5bd76ecb7,072640837222d273a6a848a2d6cd837240c8c41f1da870aa069b3d46199c17fd,True
test226,kettle__03,root:2/visual-region:02,device_handle,device_body,sam2-amg[facebook/sam2.1-hiera-tiny]/point-grid/semantic-rerank,0.5481055973335831,0.66,2d952f793ae4d6e12b43725b21b18856f642eae9067fd2e9ffac891ed30b3b27,6a85dfdef11386fa7c4ce0b356f7f0e214081dc406abba9fd683240ebb7392c7,True
test226,kettle__03,root:2/visual-region:03,device_visual_panel_01,device,sam2-amg[facebook/sam2.1-hiera-tiny]/point-grid,0.842101063264551,0.62,4041cf790b2ebc898daaccf68a74d61e23549529b5b3ce6fca1d8c381ce1bf91,9061e06d16285431051d72f4b2aad8fcbdaff0d81b3b8dc9a9ba13e854ef4edd,False
test226,kettle__03,root:2/visual-region:04,device_spout,device_body,sam2-amg[facebook/sam2.1-hiera-tiny]/prototype-labelled-region,0.6621269356574211,0.6017558848047256,1053a79df28d0fa651cd070657a1f7bc0f9f67fff87f96a443d0f801a7db13b9,5f6a828a27924adb0ae3fe132c007a1362b318543540683cf99161c018786dde,False
test226,kettle__03,root:2/visual-region:06,device_jar,device_body,sam2-amg[facebook/sam2.1-hiera-tiny]/point-grid/semantic-rerank,0.5299005082753305,0.66,66961664403382207b920c91e2331cde3bec911bad8cec5161d3f3ac9b5a5e85,17eeff24f78d598da4c7e7ba48066ec7d1be8fd92dc05334a8a8f864a7c0e2c3,True
test226,kettle__03,root:2/visual-region:08,device_button,device_body,sam2-amg[facebook/sam2.1-hiera-tiny]/point-grid/semantic-rerank,0.535748231392001,0.66,a39a982dcc5c7b0c679a6aa666776c18ad31be84b79b52811710008c5a128124,f33d04486e8b21699b80e1f3c32b6298939ccbbe6ce9e180eab5ac5dd3a246a3,True
test226,kettle__03,root:2/visual-region:09,device_base,device_body,sam2-amg[facebook/sam2.1-hiera-tiny]/prototype-labelled-region,0.7930044356225674,0.610326793970108,9b1ebd3474a16a1910a4024d37bdf58edbacfe767b1f7dceeb177cc2b896c438,b1866aa521c6e78d2df8ad8a77393681519798c8c14c7f4ef561570445920f59,False
test226,kettle__03,root:2/visual-region:10,device_button,device_body,sam2-amg[facebook/sam2.1-hiera-tiny]/prototype-labelled-region,0.7738382372787428,0.6078258419427872,35493dd9567dc0e0dfe2f12c1e1e0d8e0b1fbdaa1916ed987ffc126169aa5313,0b87a6761fd7f9eff56ec9612b002164b1989ec7fdb98ddd622dca6a02f777b7,False
test226,kettle__04,root:1,device,device,grounded-sam2[IDEA-Research/grounding-dino-tiny|facebook/sam2.1-hiera-tiny]/root,0.7689067125320435,0.9866210937500001,bf288707a92fb63dfd6cbe3e954f74d5101f110a6df48a932a5138401cccb324,a8342ab2209822693c14e21435401faf8cd86e68041f910d2a007e7c6c8873ff,False
test226,kettle__04,root:1/profile-refine:IDEA-Research_grounding-dino-tiny:device_button:01,device_button,device_body,grounded-sam2[IDEA-Research/grounding-dino-tiny|facebook/sam2.1-hiera-tiny]/profile-refine,0.28826844692230225,0.8463554687500001,cba94e10b3d3f2e7a540e5db47049b1864e247604baa033cfd6a5935bb60ca12,080b943c5666b9e3c607d1d3d46a66c8b0a2fe2e40a6aa7ced3d0475688ddd2a,True
test226,kettle__04,root:1/profile-refine:IDEA-Research_grounding-dino-tiny:device_spout:01,device_spout,device_body,grounded-sam2[IDEA-Research/grounding-dino-tiny|facebook/sam2.1-hiera-tiny]/profile-refine,0.24490438401699066,0.8631777343750001,4892a357e4fd54a9f47352b3ca8102d44752f39416dbdf92d03609b62c7f1bf0,1e10d3fd3f705fd17497e0cd148afd14d1b565b7cf392068e974f6316563f5d4,True
test226,kettle__04,root:1/visual-region:01,device_visual_panel_01,device,sam2-amg[facebook/sam2.1-hiera-tiny]/point-grid,0.8083568928010851,0.62,419552756564314d6e9897d9ce791e7d5e4bddf7535b098f5272f88115a232d6,687ba33df1732ea6ddcde63392aee826e204084550d0924fbc28c5b0515b1ee9,False
test226,kettle__04,root:1/visual-region:02,device_button,device_body,sam2-amg[facebook/sam2.1-hiera-tiny]/point-grid/semantic-rerank,0.6283379698438525,0.66,ce165e38e68753cbfe04e455c28295bdb182ea269d6b7f6ce27aa86760dd69b0,0e75eb34f3f124323890c5e56cbbee49623af46e4f41fbbab7f0b18973c4ec2d,True
test226,kettle__04,root:1/visual-region:03,device_button,device_body,sam2-amg[facebook/sam2.1-hiera-tiny]/point-grid/within-root-repetition-consensus,0.5381522375719616,0.62,dc51cdfd5cb4bd85d9bfde2d4e77d665e6a5b826adbe1a0633c895a14f8514e7,2335fc4602b97b1923fe1271ead16496c6d0c2e1d83b87392246546f885c5aeb,True
test226,kettle__04,root:1/visual-region:05,device_visual_panel_02,device,sam2-amg[facebook/sam2.1-hiera-tiny]/point-grid,0.8145116602626337,0.62,9e49a8da01ea569bf29ba0e0f286dbacb9f96bad1ff62c9653b1bb6cd432c68a,c08911d223040ce9141657a58f48ff75111490161aa591860ed5b199b58096ac,False
test226,kettle__04,root:1/visual-region:07,device_handle,device_body,sam2-amg[facebook/sam2.1-hiera-tiny]/point-grid/semantic-rerank,0.5740254536516769,0.66,f9cebc33118359fa8e17f04c9078c38346e57325cb2a880e50321b9a719488e2,65705bce4be4f6c840d5073cdb3ee09fc656346a80b2d7590bf4fb86e21e64c4,True
test226,kettle__04,root:1/visual-region:09,device_handle,device_body,sam2-amg[facebook/sam2.1-hiera-tiny]/point-grid/semantic-rerank,0.581313625971894,0.66,bce0773781aea239b239b4b918a48ac1f9540ace2722cf8d07214d4d191d348a,0836b3ec492a03137f4b5bd17487711b069f348477b1fcef32ea5845ec5c860d,True
test226,kettle__04,root:1/visual-region:10,device_button,device_body,sam2-amg[facebook/sam2.1-hiera-tiny]/point-grid/within-root-repetition-consensus,0.554286088639054,0.62,e0afa2d40aae46d54206849b40647870605526083f27bc26ae143f8c00117a7f,ef5111a0cb887627fc77ac3823119dd798cbb3c079b0c81d1db8cf1f47b98ec4,True
test226,knife__01,root:1,tool_prop,tool_prop,grounded-sam2[IDEA-Research/grounding-dino-tiny|facebook/sam2.1-hiera-tiny]/root,0.8331889510154724,0.9693359375,a664499d97f15c9adb68208ed9ea2b56774f5454d3878752a7bb012c806e3176,5d28a2186642c00409b9c4cc6f4a4d271c303714edb40fa28d5cc7f8d0263745,False
test226,knife__01,root:1/visual-region:01,tool_prop_shaft,tool_prop_body,sam2-amg[facebook/sam2.1-hiera-tiny]/point-grid/semantic-rerank,0.6162469807833043,0.66,30a47e9182512a240b1f99368b4bb9419e58e7357503979a62b30616bcc65c32,c6599fb18a380e6ded78fc26fbc3c22a020dcf9191cba7346b404cccb2d34473,True
test226,knife__02,root:3,tool_prop,tool_prop,grounded-sam2[IDEA-Research/grounding-dino-tiny|facebook/sam2.1-hiera-tiny]/root,0.6838418841362,0.987890625,0744a13bfc504daf2b73a13167512d1266ea39605526c2167354504f3cb4b5c0,b413a34c10e003916d5a8a81b5b7e178c8bd7851f668badd50dea98d614fbf54,False
test226,knife__02,root:3/visual-region:01,tool_prop_lid,tool_prop_pan_body,sam2-amg[facebook/sam2.1-hiera-tiny]/point-grid/semantic-rerank,0.6015277424437024,0.66,7d0d12ffbfdf2836ec051e6b24d66b695cdc201816098f8f300362b9b8e6ad0d,823f4b701c2abfb556d9d83ea75982b5a190d722dbb9a26e1a29b21ceac18b05,True
test226,knife__02,root:3/visual-region:02,tool_prop_pan_body,tool_prop_body,sam2-amg[facebook/sam2.1-hiera-tiny]/prototype-labelled-region,0.770579750777875,0.6005388909025192,b6e19f1e55f322adf97198057bf9784b96b5e0c6771a15a756818af5daa73923,0d9930ec0f6d4e3f4bb6a0517f26316a6cc39cf0559f260f1672992d9e8a9e5f,False
test226,knife__02,root:3/visual-region:03,tool_prop_handle,tool_prop_body,sam2-amg[facebook/sam2.1-hiera-tiny]/point-grid/semantic-rerank,0.6602975392883403,0.66,2a6f2fc214bff2242fd85f9331f1c9070482a8d5ad5136d67991d4e8b0d8b9f4,3d8e02b71d6049a0698ed02b9e53a8d6ee6ae0e29a61193ccfa5cef142996cbc,True
test226,knife__02,root:3/visual-region:05,tool_prop_handle,tool_prop_body,sam2-amg[facebook/sam2.1-hiera-tiny]/prototype-labelled-region,0.7199687114693163,0.6072927799825668,e1caa2ef4b4bbfb08fa68a5c65f82a3c357a4ec7209629663902b75624c5a7d3,a70555f6f7c702ac23522b13c7901b4540e87f1535460e0f7cd95195790c50df,False
test226,knife__02,root:3/visual-region:06,tool_prop_visual_panel_02,tool_prop_visual_strip_03,sam2-amg[facebook/sam2.1-hiera-tiny]/point-grid,0.7038360817062029,0.62,6e73b0dae227a2410d443ba5661274da062974b5ef9badb56baef9225a31f166,17dd0713f8eb4a658184633f5cfc35e416cfc38edb9365cdfaa75d6d9cdb7673,False
test226,knife__03,root:2,container,container,grounded-sam2[IDEA-Research/grounding-dino-tiny|facebook/sam2.1-hiera-tiny]/root,0.5439535975456238,0.97421875,ef8042947b33c0ab45e2f16233aed86c6bba128aba39df331041e41e0c4f5fab,85c7e27d9d29f166eb32945cbe1a2440c26f629a6e7ff2ef9b4347f83554feff,False
test226,knife__04,root:6,tool_prop,tool_prop,grounded-sam2[IDEA-Research/grounding-dino-tiny|facebook/sam2.1-hiera-tiny]/root,0.443178653717041,0.9827148437500001,3ef737492d770bf58b33f7a60e35220b05b366eed454640b95fafcebde2db70d,3d2aac9f2e61c193d5a8904708adc7b63debc0e7695339fd8d8628fadbafca23,False
test226,knife__04,root:6/profile-refine:IDEA-Research_grounding-dino-tiny:tool_prop_blade:01,tool_prop_blade,tool_prop_body,grounded-sam2[IDEA-Research/grounding-dino-tiny|facebook/sam2.1-hiera-tiny]/profile-refine,0.4032730758190155,0.865498046875,db606251b6a2bc09be84a458d206df8935144a9515516a575cde7bc3cf2c2258,69200c00a3fd1ac85880565ca30dda27ace1796cb97332d92fccbf7bbdfa1980,True
test226,knife__04,root:6/profile-topology:IDEA-Research_grounding-dino-tiny:tool_prop_handle:01,tool_prop_handle,tool_prop_body,hpid-topology-v2/terminal_complement,0.37907669126987453,0.82,dd07f51c918aa872cb0e9942322c5d06f68f808bba84f8fc203b7e93d8d594a6,304f73edd87b2b2ea5b51ce78709b50f7c03c68736dba64ec325d8484148c4f1,True
test226,ladder__01,root:1,tool_prop,tool_prop,grounded-sam2[IDEA-Research/grounding-dino-tiny|facebook/sam2.1-hiera-tiny]/root,0.5476152896881104,0.9478515625,bbe567fa6ad827a7a0cad77d7682b48488da3b3ecdb1c6ab7dd1ac99de77fa69,2635108ead97e90d08b927e7ea157ea0c40085004fe6bdeef1a2611fe45a39b7,False
test226,ladder__01,root:1/profile-refine:IDEA-Research_grounding-dino-tiny:tool_prop_step:02,tool_prop_step,tool_prop_rail,grounded-sam2[IDEA-Research/grounding-dino-tiny|facebook/sam2.1-hiera-tiny]/profile-refine,0.2487165927886963,0.758763671875,6224e9fe8bf054558cfd7f7fa50a379ea28ed581da1052de7ba3f653b7381c3e,365f6933f7c935a7b30971c237e8752a47b5cf0f81003de4eae4a6b71b5fbc9e,True
test226,ladder__01,root:1/profile-refine:IDEA-Research_grounding-dino-tiny:tool_prop_top_cap:01,tool_prop_top_cap,tool_prop_rail,grounded-sam2[IDEA-Research/grounding-dino-tiny|facebook/sam2.1-hiera-tiny]/profile-refine,0.4493020176887512,0.847515625,cff33f9bdc12295644e452c1a22f13a96a44bb58c7d41c76ae93e3eb2c48276d,950f9c4659078620e3c3b1f954966dbfed2938fa554614b2f1ffb3eca01b66a7,True
test226,ladder__01,root:1/profile-refine:IDEA-Research_grounding-dino-tiny:tool_prop_top_cap:03,tool_prop_top_cap,tool_prop_rail,grounded-sam2[IDEA-Research/grounding-dino-tiny|facebook/sam2.1-hiera-tiny]/profile-refine,0.24256430566310883,0.757216796875,376755fdf6c56e9dec26809886dcb59c8b368e0a234b894bb4b14788428cf3ff,26cf81f417e3ee3c39c087e89e44f7c3ecf6bdc497b6b46aa0bbccb4edde55f3,True
test226,ladder__01,root:1/visual-region:01,tool_prop_top_cap,tool_prop_rail,sam2-amg[facebook/sam2.1-hiera-tiny]/point-grid,0.7033124356620106,0.68,1e3f1a71750551a98dd2f863fd59b7ae37d442778040252e147e32423e6c98a9,56963e96916ea600d35490c513567b5bf4086feaa9839338b14f2701f039c142,False
test226,ladder__01,root:1/visual-region:02,tool_prop_step,tool_prop_rail,sam2-amg[facebook/sam2.1-hiera-tiny]/point-grid/structural-fusion,0.6968550754135441,0.74,6fb3053604128a55b276d4e0a7327c36179025f06673e61d2b5684acc08c0fac,633a25444f0c96868f22425f0894a19667388c9b73fa0fde549e74dd6540c8f5,True
test226,ladder__01,root:1/visual-region:04,tool_prop_foot,tool_prop_body,sam2-amg[facebook/sam2.1-hiera-tiny]/prototype-labelled-region,0.6902796634706027,0.5974676802024841,0546c1df135aaac1311e491df08658efa67d59ac28a7b14b2c8ceb46692464e5,19c6fdbb3b7266a8c76d345b13d54bcbf5be1441298361430629225b04aa1a92,False
test226,ladder__02,root:6,tool_prop,tool_prop,grounded-sam2[IDEA-Research/grounding-dino-tiny|facebook/sam2.1-hiera-tiny]/root,0.3080861270427704,0.98974609375,fc33c946600f7f1ff091e331d21c8ed4e110fb6689d8cc82b61c55612844eea1,00b3f8ce7e39d6f2cfe6d2aa79c4c15cde7ce75495275b4a9fc00b62f81088ef,False
test226,ladder__02,root:6/profile-refine:IDEA-Research_grounding-dino-tiny:tool_prop_foot:01,tool_prop_foot,tool_prop_body,grounded-sam2[IDEA-Research/grounding-dino-tiny|facebook/sam2.1-hiera-tiny]/profile-refine,0.2902761995792389,0.8330136718750001,460482180c9d6bf05ce843fe9237bc898b7e509b3a899ce7425b5876b55c67ed,8aba3a2797f267d7acb5254165a4ed012aa1d2f5b1c128c8adb2e37031f23aad,True
test226,ladder__02,root:6/profile-refine:IDEA-Research_grounding-dino-tiny:tool_prop_step:01,tool_prop_step,tool_prop_rail,grounded-sam2[IDEA-Research/grounding-dino-tiny|facebook/sam2.1-hiera-tiny]/profile-refine,0.2959415912628174,0.828759765625,18434da0502cfae055290e1737d31bb29c460b8ab77a8ff9cb1722210c848a41,1c2cf668990986bba89a77c1c0551c8da23b29c9df247c79f3885a9028807cfa,True
test226,ladder__02,root:6/profile-refine:IDEA-Research_grounding-dino-tiny:tool_prop_top_cap:02,tool_prop_top_cap,tool_prop_rail,grounded-sam2[IDEA-Research/grounding-dino-tiny|facebook/sam2.1-hiera-tiny]/profile-refine,0.28477486968040466,0.830306640625,41d7862b5f418601923b891568aa75025f2aea8c30dc2c0e1fa6c6fdd7e7fa82,a0379b047be7a15cceb4cf1dea62fefb554f459f2c9bcf4db7bac87b8aa52ee1,True
test226,ladder__02,root:6/profile-refine:IDEA-Research_grounding-dino-tiny:tool_prop_top_cap:04,tool_prop_top_cap,tool_prop_rail,grounded-sam2[IDEA-Research/grounding-dino-tiny|facebook/sam2.1-hiera-tiny]/profile-refine,0.24310296773910522,0.8446152343750001,33cb2ac2b24983ad4361c2fc7cbae8342e2fd586abbf7bef3dac5aea4b8e16ca,052d7fed8bae16bf571903e692a2d69783871ab515acb583fcfd353d22fe42bb,True
test226,ladder__02,root:6/visual-region:01,tool_prop_rail,tool_prop_body,sam2-amg[facebook/sam2.1-hiera-tiny]/point-grid/structural-fusion,0.7852328441464279,0.74,3834ae10a3a5728d52938cd070a74469a3fa7f80fdb1f12a007c460d1917099b,5cce847264f7db036ba8d72299be833db48de0d540187ac51d0512cb7c38d7d5,True
test226,ladder__02,root:6/visual-region:02,tool_prop_visual_strip_02,tool_prop,sam2-amg[facebook/sam2.1-hiera-tiny]/point-grid,0.7775386458971877,0.62,90104139e7efb5465fd4ed727f2337bd6bb97e1a04271c7de3a6d8127667547a,c1a7855b989725b6bd88ce082795aa0f4e18f31920e76708da28f761b670e698,False
test226,ladder__02,root:6/visual-region:03,tool_prop_visual_panel_01,tool_prop,sam2-amg[facebook/sam2.1-hiera-tiny]/point-grid,0.8265202764094596,0.62,4386cfb43f11ea5fc5aa6bf15c94574c5e2dad10a5d06db03a1a5e5267df0ced,7642b5a837375f86b3f465dd01410113310882e8e7f9d29706445b6abf412d47,False
test226,ladder__02,root:6/visual-region:04,tool_prop_rail,tool_prop_body,sam2-amg[facebook/sam2.1-hiera-tiny]/point-grid/structural-fusion,0.7868681390939908,0.74,e98e049102714157ef652e70a775df7c2c2728be323043ecfdcb707f8e831b10,319077130d486827387ca792d56344810e73c7e607865319f2cb542eade6b440,True
test226,ladder__02,root:6/visual-region:09,tool_prop_step,tool_prop_rail,sam2-amg[facebook/sam2.1-hiera-tiny]/point-grid/structural-fusion,0.8033122716943364,0.74,f79925d7101ef7179220d7c8a92cf7859abbd40ca36e7075bbe027ea5a783a69,e39fa1a9bda8d9dd14b65ed0854a16b99a34f6a148d1729ee06369614e6fd26c,True
test226,ladder__02,root:6/visual-region:14,tool_prop_step,tool_prop_rail,sam2-amg[facebook/sam2.1-hiera-tiny]/point-grid/structural-fusion,0.7107298131265729,0.74,a35ebce385e493341b0bc9b552b191a5050ee2717c1285835b59b19e68301e9f,fe6ca9c9ec355cc5d1299ab199a9520fd596c261194d925a1c0a1cff03b20304,True
test226,ladder__02,root:6/visual-region:17,tool_prop_step,tool_prop_rail,sam2-amg[facebook/sam2.1-hiera-tiny]/point-grid/structural-fusion,0.7133005195774953,0.74,4d88ac9ff7e54faf59d6e47710f3a87b79abbe0009989ad6fdd797e6aac4989b,51dd360666a3622502168fadb8215b09895ded87870afba6a2160bd7cfc5bda8,True
test226,ladder__03,root:11,tool_prop,tool_prop,grounded-sam2[IDEA-Research/grounding-dino-tiny|facebook/sam2.1-hiera-tiny]/root,0.30642327666282654,0.9625,e1b97f45f45c7024195b2422a64c58660ac154ed1fc0d08498118973822b6de1,6add7731e56ef5503bc65c751f897897d7f1db8f3dfafa315919171222deaa87,False
test226,ladder__03,root:11/profile-refine:IDEA-Research_grounding-dino-tiny:tool_prop_head:02,tool_prop_head,tool_prop_body,grounded-sam2[IDEA-Research/grounding-dino-tiny|facebook/sam2.1-hiera-tiny]/profile-refine,0.2512800693511963,0.8434550781250001,76b339b2d9c7ffa9abadf18aff48fc0337e49423372abb27df783cd77cac639e,62289fcd24722e7e70e724873e29fb46433f7018f1225193e1df94b6cd0b96ea,True
test226,ladder__03,root:11/visual-region:02,tool_prop_shaft,tool_prop_body,sam2-amg[facebook/sam2.1-hiera-tiny]/point-grid/semantic-rerank,0.6940769644290777,0.66,49470a841c5c7b7d76c3b20923e80361b6cf407741e509673182f4b0c23f1827,d8e09d79931a5824cb8ee1e0aa777774b57566239d5014c95f3115bff419b0f6,True
test226,ladder__03,root:11/visual-region:04,tool_prop_shaft,tool_prop_body,sam2-amg[facebook/sam2.1-hiera-tiny]/point-grid/semantic-rerank,0.6802014524484158,0.66,f868768da2195c0885c17bc75d20da2d20f9a3ca52d071babe47336dc48d5996,23541338284869110ddcfefedcb3f779b5b748c9b451f38f81ffa552b1af428b,True
test226,ladder__04,root:3,tool_prop,tool_prop,grounded-sam2[IDEA-Research/grounding-dino-tiny|facebook/sam2.1-hiera-tiny]/root,0.41276684403419495,0.9730468750000001,9f7ae94db979da2cb555e10b3ebb98f70e6e8478db667c7b5ee44181f69faf78,8ead0390dacf6eab956ecb7f74d0b7819605149442fe7f049af192c8c2da5188,False
test226,ladder__04,root:3/profile-refine:IDEA-Research_grounding-dino-tiny:tool_prop_top_cap:02,tool_prop_top_cap,tool_prop_rail,grounded-sam2[IDEA-Research/grounding-dino-tiny|facebook/sam2.1-hiera-tiny]/profile-refine,0.2632204294204712,0.79685546875,10bcc089109eeae405fe971d189a7493d85018edb86e335727087c658a80fc97,7f0ff92ce7c2ccad39975ea0e87e685af5be93090730026f7af8c0a3abc4d878,True
test226,lamp__01,root:1,device,device,grounded-sam2[IDEA-Research/grounding-dino-tiny|facebook/sam2.1-hiera-tiny]/root,0.45314085483551025,0.9934570312500001,cc9a657e78f5d044e88ce8b650d3520722287747a9d1a48d433bac4ad22b8c2d,17ecea4eed1088e0a6b456461d75e119ee129614d02601bad3f410eba5ae832e,False
test226,lamp__01,root:1/profile-refine:IDEA-Research_grounding-dino-tiny:device_logo:01,device_logo,device_body,grounded-sam2[IDEA-Research/grounding-dino-tiny|facebook/sam2.1-hiera-tiny]/profile-refine,0.31027624011039734,0.8245058593750001,4a9f342ce8259e4675253a219a59ebb18a4707e8f970a8b4cbc28b914d5cf271,49d946943e2a829d115efbeae4ba4923ecbdce2c22e7e9d8b08ce2b7c94ccbd3,True
test226,lamp__01,root:1/profile-refine:IDEA-Research_grounding-dino-tiny:device_screen:01,device_screen,device_body,grounded-sam2[IDEA-Research/grounding-dino-tiny|facebook/sam2.1-hiera-tiny]/profile-refine,0.3318771719932556,0.838427734375,321fefd7c59f898f85759ac3512ce2f9c8a25b513ee2491d97e3574c93cb2d12,27b8297511e9d82fcbc06bc8d220a1d3b4b980b36e9560f088c38e4946ac3d61,True
test226,lamp__01,root:1/profile-topology:IDEA-Research_grounding-dino-tiny:device_bezel:01,device_bezel,device_screen,hpid-topology-v2/surround,0.3119645416736603,0.82,1a2284a807ee86cde4c1daa7e67c19c4dd1cbfdc06a91e28601911b5b397a56b,61644d05d98af73200d41f82dc2b17566e8e4f176e65e33c40d48ae0e0b48fd8,True
test226,lamp__01,root:1/visual-region:01,device_screen,device_body,sam2-amg[facebook/sam2.1-hiera-tiny]/point-grid,0.6697028800426406,0.68,e265b931aa0cd88e3b951470e72cb27f9e474d74784ee65d60264d66ccf45c87,74d3069e5edfe373a83b8f310a9816a3d61869a35ba8f32c6798812801de4c92,False
test226,lamp__01,root:1/visual-region:02,device_visual_strip_01,device,sam2-amg[facebook/sam2.1-hiera-tiny]/point-grid,0.6705250743303537,0.62,b2471d34abca05e68abcae34eff9756c2cce4e2c4b80933ffd430541b7a31e6f,8dfe6404387652b4378783f9e39f3b92533d2d1c90a16d213df2db97acf69649,False
test226,lamp__01,root:1/visual-region:06,device_logo,device_body,sam2-amg[facebook/sam2.1-hiera-tiny]/point-grid/semantic-rerank,0.5135960350446048,0.66,b132cb37b0afe705f09555d07c6bbc81c972387b8c14b9e16fb006ee74995468,be44c33a08ea88233c901f297dd5dced207b2bcdfecad9bb3cbf0f97ec2650df,True
test226,lamp__02,root:1,device,device,grounded-sam2[IDEA-Research/grounding-dino-tiny|facebook/sam2.1-hiera-tiny]/root,0.5487943887710571,0.9919921875000001,37abbfb687f0a585546c6c232e241f8ce1802e47d335a0dacf23daf3e7893e34,2b7221481e8f9fd55ad121a6ee6cbeb90f7d64d78d9530e7212bc2122b6f3c57,False
test226,lamp__02,root:1/visual-region:01,device_rod,device_body,sam2-amg[facebook/sam2.1-hiera-tiny]/prototype-labelled-region,0.7644534327391895,0.5794830242350101,eac1a32f4c4d5b95eb9ab42fc6aa4c5a47389de3aa0e4d1363b553c7942ac5a2,e626f546c4f22ea8405ab904fc55b81266f5687d1d0c9e0694950eed9ffb411b,False
test226,lamp__02,root:1/visual-region:02,device_shade,device_body,sam2-amg[facebook/sam2.1-hiera-tiny]/prototype-labelled-region,0.8425088042406446,0.5884783246808052,d51dff30d975efe9f7f3b5eee24f1aa0b6ab53e2aca4a307629d5900b58ed4f7,9c856e5177a63bccf804799f9cf48d78f2f29fefce8fb4158b3094a4f404d729,False
test226,lamp__03,root:1,device,device,grounded-sam2[IDEA-Research/grounding-dino-tiny|facebook/sam2.1-hiera-tiny]/root,0.6991516947746277,0.9745117187500001,923fb73fdf365e4db8938dfe9e26867228b843efa8e6668d3d69d6ced4ff352c,73a48c33199a2fcddb672a828ae4de5b85e2f04726d9d8bfd46644dae1b3aa72,False
test226,lamp__03,root:1/profile-refine:IDEA-Research_grounding-dino-tiny:device_base:01,device_base,device_body,grounded-sam2[IDEA-Research/grounding-dino-tiny|facebook/sam2.1-hiera-tiny]/profile-refine,0.35353976488113403,0.8482890625000001,6147eb13638f4771cdb87af7545220eeeb6e7bedb7b40c6c1206cc8e139a7237,05ec15575d5b339a2beb24ef22922f35a996db9965a4d7fa362d77fec99e3be7,True
test226,lamp__03,root:1/profile-refine:IDEA-Research_grounding-dino-tiny:device_shade:01,device_shade,device_body,grounded-sam2[IDEA-Research/grounding-dino-tiny|facebook/sam2.1-hiera-tiny]/profile-refine,0.4999295473098755,0.860083984375,bd54aa5aad0b22a3b9251c6705cfbf685e70f2bd166fb9a1777d6792925ef108,ed461c749c74035bb8e0aefbec4a6600c6fafddac8ef9b23ee15257983a7c5fc,True
test226,lamp__03,root:1/profile-refine:IDEA-Research_grounding-dino-tiny:device_stand:01,device_stand,device_body,grounded-sam2[IDEA-Research/grounding-dino-tiny|facebook/sam2.1-hiera-tiny]/profile-refine,0.3217795789241791,0.8264394531250001,67c0dfbbdbbc05b0adbc5f8c0f52f0b615416051a7043f442a4c970171e161d1,9e5b6f309fd42e372bc5ec949c88adb42a37ae0d0ea23891e80d850cf560e85b,True
test226,lamp__03,root:1/visual-region:01,device_chain,device_body,sam2-amg[facebook/sam2.1-hiera-tiny]/point-grid/semantic-rerank,0.46936558024983077,0.66,6fb812c6b9af454101a3b42f4a6cb2e44b6670afbb3252dc6d956cb2a1d6e8d1,cfa09f765b310185729693f780c02637a8adc760eb3c5cbe820096f5bb4199d1,True
test226,lamp__03,root:1/visual-region:02,device_chain,device_body,sam2-amg[facebook/sam2.1-hiera-tiny]/point-grid/semantic-rerank,0.47475418895366633,0.66,45dbffc3d5be5d5e560b9b11bf49e50e4d24ba442247335a3389f6b08ee92729,867fc979e97dd52b45610885683cb05b92b7e3fda1e484724b30402a0e782b4a,True
test226,lamp__03,root:1/visual-region:03,device_visual_panel_03,device,sam2-amg[facebook/sam2.1-hiera-tiny]/point-grid,0.7661114603385228,0.62,a928bd209d139774606fbaf671b508a0293316fd444a51d809b93a5fba0ab2da,1c45c86608d9d66694adf420bcca1e2bceef08595eb6922dc3383a964205c060,False
test226,lamp__03,root:1/visual-region:04,device_rod,device_body,sam2-amg[facebook/sam2.1-hiera-tiny]/prototype-labelled-region,0.7174577884115113,0.5926646203484535,75ea3535d2513040b8642ebdc561e1e07b02d8161aa7d8b576b0854e3a180adf,2f0fb8eacdc5a9fcf3a1d72498fa0a063ccb69de80163556aaeb0deaffce0f53,False
test226,lamp__04,root:1,device,device,grounded-sam2[IDEA-Research/grounding-dino-tiny|facebook/sam2.1-hiera-tiny]/root,0.7197777628898621,0.96552734375,e51f6a0ee4634909b93514b38cbe4ec5ab40e6da745c20d597444b0323b5946a,13c426725bdff4f67e74edd478e468cd848bab238c3c1ae854fda05130a38a5b,False
test226,lamp__04,root:1/profile-refine:IDEA-Research_grounding-dino-tiny:device_bulb:01,device_bulb,device_shade,grounded-sam2[IDEA-Research/grounding-dino-tiny|facebook/sam2.1-hiera-tiny]/profile-refine,0.6494675278663635,0.7951152343750001,a868c7ddc3ac2ea1dec010fb607018315cd3187918d7352a970e16d7b415a2eb,5c1bbc3f9b08933f31b4e18d07b6c4dcd45b645c2823792f6d9e61568c7cd437,True
test226,lamp__04,root:1/profile-refine:IDEA-Research_grounding-dino-tiny:device_finial:03,device_finial,device_body,grounded-sam2[IDEA-Research/grounding-dino-tiny|facebook/sam2.1-hiera-tiny]/profile-refine,0.2573915719985962,0.866078125,d28d7b10bd0e4459e56c39cbd995db491c1d73c379b7221e1a0396b6bf511556,a20aea0dd83c943ac544c44a8a9b138de4f4cd1b1600ae6e59d8f4de1807d9d9,True
test226,lamp__04,root:1/profile-refine:IDEA-Research_grounding-dino-tiny:device_rod:01,device_rod,device_body,grounded-sam2[IDEA-Research/grounding-dino-tiny|facebook/sam2.1-hiera-tiny]/profile-refine,0.4854700565338135,0.8098105468750001,7d2ff88b4bba9469848f85a1dfcf86dac5f1f958c7658b06d41d2db43ded450e,9acc87443c83e0002342d9db83d7146085ec748342a90d9c139332f62f8361d8,True
test226,lamp__04,root:1/profile-refine:IDEA-Research_grounding-dino-tiny:device_shade:01,device_shade,device_body,grounded-sam2[IDEA-Research/grounding-dino-tiny|facebook/sam2.1-hiera-tiny]/profile-refine,0.5817189812660217,0.865498046875,d28d7b10bd0e4459e56c39cbd995db491c1d73c379b7221e1a0396b6bf511556,8f7afd5aa8be053d6896019d21dd0f574b1fd9b30d03a9fca2a9814d3baa48b4,True
test226,lamp__04,root:1/visual-region:01,device_stand,device_body,sam2-amg[facebook/sam2.1-hiera-tiny]/point-grid,0.7906750623111323,0.68,11af34504d3ad240917143337f5452f87a724f0b6d623b87569f1ee02a2569c3,53b02b074cae750d7fb4643edaa1eaf1330965fd39b2c8f4365fd257d467f71f,False
test226,lamp__04,root:1/visual-region:02,device_shade,device_body,sam2-amg[facebook/sam2.1-hiera-tiny]/point-grid,0.8185211254846061,0.68,b939d2e78133b74993b3f73bb62b2482021b9764dd2deec9e34efa2ede5d9b1f,620bd455da0262a6b02292ee5b8436dfce794dce84b6b98ecae0f4690296a415,False
test226,laptop_computer__01,root:1,device,device,grounded-sam2[IDEA-Research/grounding-dino-tiny|facebook/sam2.1-hiera-tiny]/root,0.813164234161377,0.9884765625,359a407f3b147574beb7c1b0d57206895a247ab834b31ae0aec03a5b0c1ac7e6,485172283300764eea8a836e537a3e54ce8410fd51530c596506ce1d44d70fea,False
test226,laptop_computer__01,root:1/profile-refine:IDEA-Research_grounding-dino-tiny:device_base_panel:01,device_base_panel,device_body,grounded-sam2[IDEA-Research/grounding-dino-tiny|facebook/sam2.1-hiera-tiny]/profile-refine,0.3402659296989441,0.8631777343750001,e674f475a8c1b1c21066e98a68e64e8eb596e41aed3c4e7003e96f6193de79b0,39e0077b59d4deff0330e5c111167fddd7aca7689e7c72773104acc59de95f33,False
test226,laptop_computer__01,root:1/profile-refine:IDEA-Research_grounding-dino-tiny:device_key:01,device_key,device_keyboard,grounded-sam2[IDEA-Research/grounding-dino-tiny|facebook/sam2.1-hiera-tiny]/profile-refine,0.3051794171333313,0.842875,26314df1513aef5d3daab1a716739ae907ffbe085a18e2030a96b9e6f7025ed1,b866272d5339e40a3a44718d0f58f160146da260e6193d2fecdbb9b31c808e21,True
test226,laptop_computer__01,root:1/profile-refine:IDEA-Research_grounding-dino-tiny:device_keyboard:01,device_keyboard,device_body,grounded-sam2[IDEA-Research/grounding-dino-tiny|facebook/sam2.1-hiera-tiny]/profile-refine,0.344112753868103,0.857763671875,91dc4d337b4ef0f95404dd87cf06b7a50f95269076a99c0034da5d833cead878,d57b3490588666ce435acb28fdf6d94352d5f4cdd73270c3aace197a4c57baa0,True
test226,laptop_computer__01,root:1/profile-refine:IDEA-Research_grounding-dino-tiny:device_screen:01,device_screen,device_body,grounded-sam2[IDEA-Research/grounding-dino-tiny|facebook/sam2.1-hiera-tiny]/profile-refine,0.5714676380157471,0.8502226562500002,9a74397da0e93736d30e731a2629d853b59208b23b4669e74f182a3b4efd27a6,48147b3ca3df2c2e5bf9a78805622d181977ec57f781e5e1bd5fa946a2bd7ecf,True
test226,laptop_computer__01,root:1/profile-topology:IDEA-Research_grounding-dino-tiny:device_bezel:01,device_bezel,device_screen,hpid-topology-v2/surround,0.5371795797348022,0.82,c95b094c665b6e119a84618be73b4a7cde50bf407469a110d52b2ef747737da8,766af7f60d7df998588072d2cf3f6beb799e55a9b326ffb9d22bccc75e543653,True
test226,laptop_computer__01,root:1/visual-region:01,device_screen,device_body,sam2-amg[facebook/sam2.1-hiera-tiny]/point-grid,0.6785604729893833,0.68,940d2f696887059ef8e472776de3b634f1202a073f8bc47a2424b9341b02eeaf,482620bf1e85688c5f99ba8499723497d41a053eb4fdcf5f206d842f33562821,False
test226,laptop_computer__01,root:1/visual-region:02,device_camera,device_body,sam2-amg[facebook/sam2.1-hiera-tiny]/prototype-labelled-region,0.6566882982008275,0.6146710270776748,740166a7cd49fa1432c7cb7ed92dd9b53ceccba4ecb7a39ba34cee0bc99cf779,8d6eaf7a0938f3fc643cab81b3d4d998e05066e65b97ffef7a193622e1b96bf0,False
test226,laptop_computer__01,root:1/visual-region:03,device_visual_strip_01,device,sam2-amg[facebook/sam2.1-hiera-tiny]/point-grid,0.7266811030029389,0.62,13fd92bb15581c04de0987ee19a9ad51e78ae6eacda9db4653da25118e0cb0ee,f934290323bebda64ae0eacbe79d78f5dd40388496dda7e5bb3be476e5f505a1,False
test226,laptop_computer__01,root:1/visual-region:04,device_screen,device_body,sam2-amg[facebook/sam2.1-hiera-tiny]/point-grid,0.722792657161829,0.68,0bc46814d958ea5a2d9e97e77d57aa097165ba2554898dd0b10f6dfb64fe44fb,7e845e15e17704b7d4b398205614397b1a04d7f4a660e213d3b50f84c758c7f7,False
test226,laptop_computer__01,root:1/visual-region:05,device_port,device_body,sam2-amg[facebook/sam2.1-hiera-tiny]/point-grid/semantic-rerank,0.570754226470013,0.66,c204211f67a5ae7a8fa11cb0018f3615ae5866448811634cf0569bea8c036348,a7e48b56e405702414d7e84e843933175f6feaf5e03baf58637af4cef5023322,True
test226,laptop_computer__01,root:1/visual-region:06,device_visual_strip_02,device,sam2-amg[facebook/sam2.1-hiera-tiny]/point-grid,0.6943697343051662,0.62,53ab9dc20e95ce0056467353d4a0407d01bb2fb5bced3d6c3f04667d12ff6a35,970b4c950b54d9c58bdd762cc134319fab30b71156ef3a2133803005a868d280,False
test226,laptop_computer__01,root:1/visual-region:07,device_visual_panel_01,device,sam2-amg[facebook/sam2.1-hiera-tiny]/point-grid,0.7275113564442421,0.62,dafd34a6a91d49a8d1cdd71b936464e2782ad2e6aa0241664601bfdc2270b562,2066c1ef3e96a0a58ecd359c0507135463b97125d451611d69207af6e6c9c1d4,False
test226,laptop_computer__01,root:1/visual-region:10,device_logo,device_body,sam2-amg[facebook/sam2.1-hiera-tiny]/prototype-labelled-region,0.6934089414765048,0.6118135232248306,26a150e8fdf7be6129be74a7170dce2db1d7a916dcf047d35655bae701da6bba,4a23f02e74607b7fb777a88e312f7c73c661fd10b4fc402c0028e1498059ae7b,False
test226,laptop_computer__01,root:1/visual-region:15,device_hinge,device_body,sam2-amg[facebook/sam2.1-hiera-tiny]/point-grid/semantic-rerank,0.4976058736848634,0.66,2446708437910e16f33c3f4b3bce60df16cee093dad6f43289459aa9a91d3d8a,10a6edb4f40960a23da14aa4387c7fb10c9ad02ff95db9e820ff320add48e865,True
test226,laptop_computer__01,root:1/visual-region:16,device_logo,device_body,sam2-amg[facebook/sam2.1-hiera-tiny]/point-grid/semantic-rerank,0.5152246457262433,0.66,2633235ef266c0ddccfafc46ac593b675c00c363994046a577cb64d15b57c1b9,eb05b729185783a01d6ef4b20ba85bac9fb2cc387eab0c44ea75ed7e489b3069,True
test226,laptop_computer__01,root:1/visual-region:17,device_port,device_body,sam2-amg[facebook/sam2.1-hiera-tiny]/point-grid/semantic-rerank,0.5383252047783867,0.66,cc3f5e93fc4933357afad364e1682346e3639b87606af0b3d26765f68302c4d2,9ef3b38ad14431c832d55dda3a93ab1c3d3ad05d72a23d1cf2f28b190f5c120e,True
test226,laptop_computer__01,root:1/visual-region:18,device_port,device_body,sam2-amg[facebook/sam2.1-hiera-tiny]/point-grid/within-root-repetition-consensus,0.5354504376069417,0.62,4597235ea318a95fa80737839fe200a456f401409dc5e594695e49c9d7fb5a3b,591bbd971f4e80f17a473320b5a52f9c32768298e3e5880721c66261fc62b15a,True
test226,laptop_computer__01,root:1/visual-region:19,device_port,device_body,sam2-amg[facebook/sam2.1-hiera-tiny]/point-grid/within-root-repetition-consensus,0.5403170539575439,0.62,6d9f0400b5d0f8f84e30432c0c3600110de14eb6000a7313754152b002d9b709,c8f32a10544eabdd9ce1ccd3582361f6d125ee80d8fbaad2559b4a381911ec9c,True
test226,laptop_computer__01,root:1/visual-region:20,device_port,device_body,sam2-amg[facebook/sam2.1-hiera-tiny]/point-grid/semantic-rerank,0.4965573587943013,0.66,cd12e668227ef2334743c670eeed90a71a60f4b6877b55c83c1d19c0d3bfbb3b,64c6747df0e9a1ab11ae7868d18118ae996961e393f9e14f5c0e539c162ae941,True
test226,laptop_computer__01,root:1/visual-region:22,device_port,device_body,sam2-amg[facebook/sam2.1-hiera-tiny]/point-grid/semantic-rerank,0.5421953174456777,0.66,16affd2cae6054332b5aa2f9d3b1eea7bf2f21b4acca4ca8e65cf055ac71c718,e05acf287e5e9b60df9d6c3e62cbe0dc37d0814dd76e8987057c97184e53b1bc,True
test226,laptop_computer__01,root:1/visual-region:27,device_keyboard,device_body,sam2-amg[facebook/sam2.1-hiera-tiny]/point-grid,0.8294169953344084,0.68,91e2d7e4a0553fec1bbca88767940e91a7fdddc582ac158305f5e7dc8ee015e5,bd6341b507613a5d2cc557ba48c634a2175ad15a90edaf2825e1f3c07fbded4e,False
test226,laptop_computer__01,root:1/visual-region:28,device_touchpad,device_body,sam2-amg[facebook/sam2.1-hiera-tiny]/prototype-labelled-region,0.6721634846151732,0.6136292167778016,071d541ae9678286c0dc6f38b338ccbc5262ca362548a7927bbbee1e8c4501fb,82666e128f44caff6450c5b9b380f9012a2b05f7e206f679245ce5584ed08f45,False
test226,laptop_computer__02,root:1,device,device,grounded-sam2[IDEA-Research/grounding-dino-tiny|facebook/sam2.1-hiera-tiny]/root,0.8047130703926086,0.99033203125,9ab622dec59d29d159d6e610d0ecedf189ef75b902a3e63ed41903909c6b9c7b,9a75cecc2f8540628b97c168d783b95c0eba5e0b4243b6cf7194a4e33e1119ac,False
test226,laptop_computer__02,root:1/profile-refine:IDEA-Research_grounding-dino-tiny:device_base_panel:01,device_base_panel,device_body,grounded-sam2[IDEA-Research/grounding-dino-tiny|facebook/sam2.1-hiera-tiny]/profile-refine,0.3508661091327667,0.8473222656250001,3b8e1327b98ce737a3ccf325d4d11f992c060e62f60ebf35078c8f32ecb4f092,55c7ba3cc8594520bdb6b31cb4e8299461f9eb710521d2c82196c17a03a9b259,False
test226,laptop_computer__02,root:1/profile-refine:IDEA-Research_grounding-dino-tiny:device_keyboard:02,device_keyboard,device_body,grounded-sam2[IDEA-Research/grounding-dino-tiny|facebook/sam2.1-hiera-tiny]/profile-refine,0.3263787627220154,0.8339804687500001,dbef6e8ce2598846b43b6ff9b406f973c7162ee2284ccb224daa9281081d4b77,22cb2c70ce32bc0dbdbcfcff48c0777f76468658986026f3b02d70714a90a295,True
test226,laptop_computer__02,root:1/profile-refine:IDEA-Research_grounding-dino-tiny:device_screen:01,device_screen,device_body,grounded-sam2[IDEA-Research/grounding-dino-tiny|facebook/sam2.1-hiera-tiny]/profile-refine,0.5595608353614807,0.873619140625,134a68c8b5c4f55b63c3b1eeb8bd347bab0fed692261bfbec18a840a551d28ed,f75259c616527ece92763e0c0df82b1bef98b22b3269114717fff0ae8fe06ce1,True
test226,laptop_computer__02,root:1/profile-topology:IDEA-Research_grounding-dino-tiny:device_bezel:01,device_bezel,device_screen,hpid-topology-v2/surround,0.5259871852397918,0.82,2300967a5125492b6bad8751fb20869d4096c4c5bc5a2a22095fd14c8d007dd2,21a7ffd666f593f1478b7cff94a835add1bef3c4c3f8a884e5a62557f855f575,True
test226,laptop_computer__02,root:1/visual-region:02,device_logo,device_body,sam2-amg[facebook/sam2.1-hiera-tiny]/point-grid/semantic-rerank,0.6514227118940121,0.66,91c13d575f54175389c7d70be6db34f61a957b7f4b0bf0117aa9fa9a884ea0d8,47a41279afcaa54a3528cc24c462d122c2eafbbf99a3808c015cc019078f0815,True
test226,laptop_computer__02,root:1/visual-region:03,device_screen,device_body,sam2-amg[facebook/sam2.1-hiera-tiny]/point-grid,0.8148767229222866,0.68,79331c0aba0159a117855d5e3df89fe28cc6cb19774a887bf6aaa0d25f68635a,9e68eda52ab5146fad498efaa6959f515bf01ed2b23129ddcc44e67e70791297,False
test226,laptop_computer__02,root:1/visual-region:05,device_camera,device_body,sam2-amg[facebook/sam2.1-hiera-tiny]/prototype-labelled-region,0.7838396831848347,0.606387269744873,dfcce894984e5ecb68e6c119949b97a09a271438a4e0d9ac0a2b4d7eac429a40,614f77ff3aa7c0e3e20873d379906f6cb47e1d6c28089c526f5ce00a4ac7bb45,False
test226,laptop_computer__02,root:1/visual-region:06,device_logo,device_body,sam2-amg[facebook/sam2.1-hiera-tiny]/point-grid/semantic-rerank,0.5522278676685228,0.66,0411d7bfdf10ad03a967967b6a8866c1f5449aae4a61c4edd8b3e0a3c50d379b,69650840eb1daeda704e95e2c6826c0a3ad3746049f6810d33fa4298570e3931,True
test226,laptop_computer__02,root:1/visual-region:09,device_logo,device_body,sam2-amg[facebook/sam2.1-hiera-tiny]/point-grid/semantic-inventory-cluster,0.5668164861697588,0.62,01f557576274708d647e70f20518708b17819a6789d58a697a2a0aee9842c5db,bf8511f4c5d953becc6b9e725741e68f778949707977ab40ae80d40310bf271a,True
test226,laptop_computer__02,root:1/visual-region:11,device_logo,device_body,sam2-amg[facebook/sam2.1-hiera-tiny]/prototype-labelled-region,0.661471391581498,0.6120421143445969,b45dbfff20ff56cbf94f2964a0faee33d7f8c4eebacd555c1e534b3fce88abe0,d7c582ec51b72e9fcb1b5423783ac810ebb1cb785e1923d9cee7369693b21777,False
test226,laptop_computer__02,root:1/visual-region:15,device_touchpad,device_body,sam2-amg[facebook/sam2.1-hiera-tiny]/prototype-labelled-region,0.7007267439055997,0.6070739731254577,c2600f4adba3959a954ef0ec855e17fe5826789e6619456c680cd1834f3d7a42,8b508d7a967781dcd1f51adbde2dd56fc719d745447088b6a7dea47e39937f46,False
test226,laptop_computer__03,root:1,device,device,grounded-sam2[IDEA-Research/grounding-dino-tiny|facebook/sam2.1-hiera-tiny]/root,0.7986582517623901,0.9940429687500001,17660ded4dd1d490ebfba08e9c86abaf888a8c4da17374c9e577f1d3a63aa527,60777fb56dac9e56759c555a50ae5a2e249bc45fdf52b79b2be46d6457955652,False
test226,laptop_computer__03,root:1/profile-refine:IDEA-Research_grounding-dino-tiny:device_key:01,device_key,device_keyboard,grounded-sam2[IDEA-Research/grounding-dino-tiny|facebook/sam2.1-hiera-tiny]/profile-refine,0.29128316044807434,0.8243125,3692d1e5eac28a916be61dfeac0960399d563c4b6cf89591ad81d4d541f5a9d1,6a995ee8dac47ce4dff0c73256842281b91c38983467eab8a58cf243bab3f595,True
test226,laptop_computer__03,root:1/profile-refine:IDEA-Research_grounding-dino-tiny:device_key:02,device_key,device_keyboard,grounded-sam2[IDEA-Research/grounding-dino-tiny|facebook/sam2.1-hiera-tiny]/profile-refine,0.2752270996570587,0.83166015625,db2170afa8a1c73caaed88f990b77a5952809b85b2e02e410041cbf0aeafa4ee,b15b049e8f5dedaf4fcba65222f08e4ab26bce17771584dc62137c66509cb036,True
test226,laptop_computer__03,root:1/profile-refine:IDEA-Research_grounding-dino-tiny:device_key:03,device_key,device_keyboard,grounded-sam2[IDEA-Research/grounding-dino-tiny|facebook/sam2.1-hiera-tiny]/profile-refine,0.2683658003807068,0.8235390625000001,9621b5170a7a8a240a6f5214d62bd0baf17ad86cc231e9791b14fe9ce7978ff3,261045a6b818f9edb36423b315e7e2bf1e011eca3e34a24785707c38e209f945,True
test226,laptop_computer__03,root:1/profile-refine:IDEA-Research_grounding-dino-tiny:device_key:04,device_key,device_keyboard,grounded-sam2[IDEA-Research/grounding-dino-tiny|facebook/sam2.1-hiera-tiny]/profile-refine,0.2520156800746918,0.816771484375,88e1656c91eac3f43a945103094bfbfe684985f9dabb43bb9513d1f06d5d8d37,371f3c2c9aeb985a882b784990362314a9a14ae268c48825e6bb0bee1f45cb03,True
test226,laptop_computer__03,root:1/profile-refine:IDEA-Research_grounding-dino-tiny:device_keyboard:01,device_keyboard,device_body,grounded-sam2[IDEA-Research/grounding-dino-tiny|facebook/sam2.1-hiera-tiny]/profile-refine,0.4448360502719879,0.856796875,9f02440a9d268cf7799d572c21aadd9e530c7c7f2bdc33c7a641c3030b48b7e8,6322c6c4d779f9f7814c2e7dfaf1f7b3df05a6bf47039202a0a087c2eeffcf7f,True
test226,laptop_computer__03,root:1/profile-refine:IDEA-Research_grounding-dino-tiny:device_screen:01,device_screen,device_body,grounded-sam2[IDEA-Research/grounding-dino-tiny|facebook/sam2.1-hiera-tiny]/profile-refine,0.5637382864952087,0.8540898437500001,9e2843bd777fe7e48bb07170e49d9afe2d8723fa0bdeb087d0b223306f4c717d,589b148f279d1a77de8f61562a028365274056f0496d01e96771926d3712b0b5,True
test226,laptop_computer__03,root:1/profile-refine:IDEA-Research_grounding-dino-tiny:device_touchpad:01,device_touchpad,device_body,grounded-sam2[IDEA-Research/grounding-dino-tiny|facebook/sam2.1-hiera-tiny]/profile-refine,0.31795549392700195,0.85641015625,3000e2207fd14117334647f50e904e4bdfecc5515bf599f3c9d47ee6c9487a6e,7644acc0c8333dcd885ed141c284091b07d346e9d6d16c62cdbee68efa981333,True
test226,laptop_computer__03,root:1/profile-topology:IDEA-Research_grounding-dino-tiny:device_bezel:01,device_bezel,device_screen,hpid-topology-v2/surround,0.5299139893054962,0.82,5e455e3695846dab38141e76bc9f10fe434c0697e175d94dd60e3cb831ab121c,0b720cd1049d439460e2099b956272e5c32e47651d8af7ae5627ef71dab06afe,True
test226,laptop_computer__03,root:1/visual-region:02,device_screen,device_body,sam2-amg[facebook/sam2.1-hiera-tiny]/point-grid,0.7691173081894339,0.68,76e2a5c95dbd3a9ee66bd41a9ce9069030082fef78734d660d4919d2a73bf0e7,fa44b64c69461b383c368e2bc61bc12cca12fb06e192e0bcda187ff30ebd8ad7,False
test226,laptop_computer__03,root:1/visual-region:03,device_camera,device_body,sam2-amg[facebook/sam2.1-hiera-tiny]/prototype-labelled-region,0.6683645623323113,0.590815361594677,966723f68f7d2548a962966f82aa29d607652da1dbc55ffd4a76dbcfeb441149,c5b00404bf7a66885243631608ac1ae47070ca4c4d1ff265b6e242333a5bd40b,False
test226,laptop_computer__03,root:1/visual-region:06,device_cable,device_body,sam2-amg[facebook/sam2.1-hiera-tiny]/point-grid/semantic-rerank,0.5068782696644687,0.66,e02f802c22f5512c820039bfa422c0bbe4e6db0d291c0dd021a07e00c991e128,5136d300e7230720b350da3482747a224843644e61637ea3383b1e280ead234a,True
test226,laptop_computer__03,root:1/visual-region:07,device_logo,device_body,sam2-amg[facebook/sam2.1-hiera-tiny]/point-grid/semantic-rerank,0.5459622535525878,0.66,c757f9e42680d3590158a2824c8acb4fe1a5683f19078bf0bd75abe673df0433,46f9b8593c080f0647804ff73ed3682927bf1498cfb31ee5f52c03fa531eab09,True
test226,laptop_computer__03,root:1/visual-region:09,device_logo,device_body,sam2-amg[facebook/sam2.1-hiera-tiny]/prototype-labelled-region,0.7033026589485651,0.6152490655212401,e5ce5b4cf504f48dc16f08c31b493b82432dd4bb721a283fc53f4c8fc44093d7,62fc7d32df03f178a2cd1c1c9e366d613f6c3442aa25c0b31836179159d16b92,False
test226,laptop_computer__03,root:1/visual-region:10,device_touchpad,device_body,sam2-amg[facebook/sam2.1-hiera-tiny]/point-grid,0.7136840311527785,0.68,134ba08645b04c1bac16431a27163ac11fe341be1a537f5ec9a875307788dda7,f9570b4e4499cdcba85e373f72081f201b606c099b7fbefe05ee0b7ce07bff05,False
test226,laptop_computer__04,root:2,device,device,grounded-sam2[IDEA-Research/grounding-dino-tiny|facebook/sam2.1-hiera-tiny]/root,0.7166153788566589,0.99677734375,13ad1fd8c2803f81296123a1c4192d9f3cc79a5df69ee31c05e34e84678e4a6c,6aceffd1c8bd86f16282bfe04d1fa7cd294cc22e10047881812699cd7cb4c0e1,False
test226,laptop_computer__04,root:2/profile-refine:IDEA-Research_grounding-dino-tiny:device_keyboard:02,device_keyboard,device_body,grounded-sam2[IDEA-Research/grounding-dino-tiny|facebook/sam2.1-hiera-tiny]/profile-refine,0.2422056347131729,0.8281796875,662c0bf3c8af7374be9c7b2b25b5eacc60228d6685c440409d7bf8eb4b24a288,22f820dc4deb3798750ca25113d1c9792a6b791e665848a67ab52f519da5f178,True
test226,laptop_computer__04,root:2/profile-refine:IDEA-Research_grounding-dino-tiny:device_screen:01,device_screen,device_body,grounded-sam2[IDEA-Research/grounding-dino-tiny|facebook/sam2.1-hiera-tiny]/profile-refine,0.658307671546936,0.870138671875,90c648e603c5f7ecef64ca5739d75d72c63d9cb39c43cc486e42194e10dc1f20,62bd4b5eebfc164c22b42861cd83900ae1292cf6090b6d5ba4ca8a2dcffcd7f9,True
test226,laptop_computer__04,root:2/profile-topology:IDEA-Research_grounding-dino-tiny:device_bezel:01,device_bezel,device_screen,hpid-topology-v2/surround,0.6188092112541198,0.82,b11bc826e9c03f2872bba1da10d16300a697ef97ce7a6cb84050007d0ea9ef23,336300c441fc646bac5ef0e5c5c41b2b3e7dc0b9a640f626257d8872b91424e2,True
test226,laptop_computer__04,root:2/visual-region:02,device_screen,device_body,sam2-amg[facebook/sam2.1-hiera-tiny]/point-grid,0.8079090220933212,0.68,4708ba6327212aad12a036f155726e1290cbc047c1ab6ff1be36031b9d8ace5e,b6d3ef4847a78bb7b0089609660b5b975dadda3ee5ac507993bfd12a1772ffb3,False
test226,laptop_computer__04,root:2/visual-region:03,device_hinge,device_body,sam2-amg[facebook/sam2.1-hiera-tiny]/point-grid/semantic-rerank,0.5574810072530021,0.66,a9fb3915429245f68e0e7b7936e66878085cac315254e5a268c45fb4bb7cf9f5,9411526860d099b7c2496b4d91baa1c63e245664d1a189a016c13cb038e66de8,True
test226,laptop_computer__04,root:2/visual-region:04,device_logo,device_body,sam2-amg[facebook/sam2.1-hiera-tiny]/point-grid/semantic-rerank,0.5586497462898266,0.66,196b7f8858ffa542309e0c543752e7e5dcd50786a0da79e23f478cd14b3a5294,8ddca21094ef393bc3883911b21b558f7045735d7cee955465ab39b7a3c073ac,True
test226,laptop_computer__04,root:2/visual-region:05,device_visual_panel_01,device,sam2-amg[facebook/sam2.1-hiera-tiny]/point-grid,0.7009677992093847,0.62,3e6b77847b8a6b102697d88e60a6471d351eb17a2204074ac8ee8c9e3f3256ff,7d3f09f80e7c205269129fe53c071c68513ae77e2f658d1ddb86d1fde6a7cbbb,False
test226,laptop_computer__04,root:2/visual-region:07,device_logo,device_body,sam2-amg[facebook/sam2.1-hiera-tiny]/point-grid/semantic-rerank,0.508573216483482,0.66,1d1a72059b79d535c712f6103225b835500a8c8d967b0fe4544ee14396857342,ff7d0f335a4fac16f33d1f5cb933a756757629c117c68f441af947bd525857b1,True
test226,laptop_computer__04,root:2/visual-region:10,device_bezel,device_screen,sam2-amg[facebook/sam2.1-hiera-tiny]/point-grid,0.8097196030505559,0.68,ba12970f0d59e0aff782f8031a77ee9a74adee582588ad82ff5db9684c7f42af,15a495347b7325c6ad56150b689a8cc4487d3b6384bd4fb5f83298164371356f,False
test226,laptop_computer__04,root:2/visual-region:11,device_logo,device_body,sam2-amg[facebook/sam2.1-hiera-tiny]/prototype-labelled-region,0.7171779042414967,0.6142876139030456,3138f907e7762d4a154b2e45dab72162aee20ae081026b8a2a21af18f0a044f6,9a948c9401a570752d681f37cf5b466b5d0f140ea42010c82dcef458ce99c41c,False
test226,microwave_oven__01,root:1,device,device,grounded-sam2[IDEA-Research/grounding-dino-tiny|facebook/sam2.1-hiera-tiny]/root,0.826151430606842,0.995703125,a701c70ca4a95c6293bceca8917c9ba80da9dc858c97dfeeb836238f49ff0924,04cc697ac82009ef742fc5f19c65886c66f69bb4d251ee4ff704b2d651e4a5d4,False
test226,microwave_oven__01,root:1/device_guided_device_side_panel:01,device_side_panel,device_body,grounded-sam2[IDEA-Research/grounding-dino-tiny|facebook/sam2.1-hiera-tiny]/retrieved-part,0.3062494020786583,0.8387520768166182,54644a7b150ed30d9194d6a77dfc2c116dd4f8207d28211099688a7f4ed9c639,37e84870fb5b17b6d0db415843230a159e23de1df00be6fa77788adae0110269,False
test226,microwave_oven__01,root:1/device_guided_device_top_panel:01,device_top_panel,device_body,grounded-sam2[IDEA-Research/grounding-dino-tiny|facebook/sam2.1-hiera-tiny]/retrieved-part,0.3675404974905687,0.8227097401722521,d91665b6a7047ffa84a5cdf063aa739a135883a868b40797c5c0f24558e2407a,9d51b683defd624a6146f574b0edbbbd3bfec5f5dfd90e404912bccd81052ca2,False
test226,microwave_oven__01,root:1/profile-refine:IDEA-Research_grounding-dino-tiny:device_control_panel:02,device_control_panel,device_body,grounded-sam2[IDEA-Research/grounding-dino-tiny|facebook/sam2.1-hiera-tiny]/profile-refine,0.29229217767715454,0.84712890625,2dfa34191fa540a07c62966a852bf40b6459956c4c62807b1621ab09be05c884,8c38298c2f8c8cc02bb3ed362835b1b7ddfe7d93b2c60742445c4ed52bb57d05,False
test226,microwave_oven__01,root:1/profile-refine:IDEA-Research_grounding-dino-tiny:device_door:02,device_door,device_body,grounded-sam2[IDEA-Research/grounding-dino-tiny|facebook/sam2.1-hiera-tiny]/profile-refine,0.2812081575393677,0.8687851562500001,8911afefbc80fc7dee75819ce9c4ab0c61d9f175c4f40ebfa6e44eeb7c66978c,1cbb8eca944cfb1ddf4a25cccf12ca3ea5e6ca18bb556c478414d6e4182336cb,True
test226,microwave_oven__01,root:1/profile-refine:IDEA-Research_grounding-dino-tiny:device_screen:01,device_screen,device_body,grounded-sam2[IDEA-Research/grounding-dino-tiny|facebook/sam2.1-hiera-tiny]/profile-refine,0.3567827641963959,0.871298828125,fb0dbb26dd7c16479a68a49b3e20a83b40e9ead94192623ba08cf44c3a4126a9,87c3673243feb497960faa373784da8c2f677465bc1d9cb68495e8d692dcbfe5,True
test226,microwave_oven__01,root:1/visual-region:01,device_turntable,device_body,sam2-amg[facebook/sam2.1-hiera-tiny]/point-grid/semantic-rerank,0.6315584863154473,0.66,36781b349c190300b4b7a2246f24946a51992ef456c9495f5d2d7c2e2c386c97,8604ba5f658de5e6ea0e5f1ae22be27edd597e99d1ec1ed710205f360501dc01,True
test226,microwave_oven__01,root:1/visual-region:03,device_top_panel,device_body,sam2-amg[facebook/sam2.1-hiera-tiny]/point-grid,0.7814367666763495,0.68,eaa1b955c5cf9cb14c7c0990d50776822920b6d149ff515e5950a9744294a9ec,e08cc61f716b406bec0adb648fdc0eb235cab951726b7d1aedbeab74657e100a,False
test226,microwave_oven__01,root:1/visual-region:04,device_side_panel,device_body,sam2-amg[facebook/sam2.1-hiera-tiny]/prototype-labelled-region,0.7892848275488001,0.5993713841075897,fb728e091739d5a1b6f56aaed8ea87634cd60712ec1b33968872648fddb2a78e,1c837886118da415a95a9bd7eee604dfff8e66cf8940a8664c92662ee6a3d7ab,False
test226,microwave_oven__01,root:1/visual-region:08,device_control_panel,device_body,sam2-amg[facebook/sam2.1-hiera-tiny]/point-grid,0.7335940993303042,0.68,ba116bc1e781970881831b3374e9d29ff8a9e54c6da502faf326c9c8ea009a4e,72775ce314eca963c39691bd7e3c7bd37020c511d5035a58c723ec0cdf0a0410,False
test226,microwave_oven__01,root:1/visual-region:09,device_screen,device_body,sam2-amg[facebook/sam2.1-hiera-tiny]/point-grid,0.899513250891766,0.68,3dbb6b31a95394bcf2cb44761c5266552131635b62902fbcd81c5db2992005e0,972f35e8910892d637b6f72f8d9d17e3dcc3b907fa2f51d5a38733ae124487b7,False
test226,microwave_oven__02,root:2,device,device,grounded-sam2[IDEA-Research/grounding-dino-tiny|facebook/sam2.1-hiera-tiny]/root,0.41466179490089417,0.98408203125,aa9be8d10917ddd83ae38437b8389898af78b4d25e79f31ba7f7e362c45f466c,0a0da7bdc8e4be1de5a16481eb9ee6750e1281f1c323f50c90677e66c08f745d,False
test226,microwave_oven__02,root:2/visual-region:01,device_door,device_body,sam2-amg[facebook/sam2.1-hiera-tiny]/point-grid/semantic-rerank,0.559465794626469,0.66,d98a445bd268ae524daa4d203246a45ac54305d5cf6542e3255b150b422c8f96,40427719186c81b5d3d0fbe75f78737a949a4eed2ba0714c83e2194609c79f22,True
test226,microwave_oven__02,root:2/visual-region:02,device_handle,device_body,sam2-amg[facebook/sam2.1-hiera-tiny]/point-grid/semantic-rerank,0.5251065543803508,0.66,3994a1102dd74c6a46e3ed13fe2edefc11ff7b32da920ecf6c439758cf41d963,0a9e26c6a536dbbf2109a905dc6115ed5a76317dc550c1f47b0b6175869f7064,True
test226,microwave_oven__02,root:2/visual-region:03,device_handle,device_body,sam2-amg[facebook/sam2.1-hiera-tiny]/point-grid/semantic-rerank,0.5615572143933485,0.66,4283b7948656bf45edf3514f022329ef7b36db95fd49ddaffc9e044663214c7e,791f31d0e1e8caf2f7bdfd12f820c95cbdc2ecaf3c0c5c32020be0940ae149e0,True
test226,microwave_oven__02,root:2/visual-region:04,device_screen,device_body,sam2-amg[facebook/sam2.1-hiera-tiny]/prototype-labelled-region,0.7292415987359022,0.6102883677835464,662afd9abcfff6ad57dedf254b52273d19a2c48da4ce77277c738890f35c95ec,3d496e5458a3272d387c91e52b87786eeb8f5a6911a1f319b6f0e542c114d7b7,False
test226,microwave_oven__03,root:1,device,device,grounded-sam2[IDEA-Research/grounding-dino-tiny|facebook/sam2.1-hiera-tiny]/root,0.8469578623771667,0.978125,e4d2abdfb351e205a0ec6746581feb7d38fe982896fd2ca29f1348a709c5febf,33455071496792febfd75a49df604000b31d3aff6364d0d01073654fd8cbff92,False
test226,microwave_oven__03,root:1/device_guided_device_side_panel:01,device_side_panel,device_body,grounded-sam2[IDEA-Research/grounding-dino-tiny|facebook/sam2.1-hiera-tiny]/retrieved-part,0.4361691045681998,0.8394253218642669,95d0e4b0c18b6df58a79e24018e07afa5f6b323ffd96152bd7e4a97e9806036d,7061212b71693ad487f70905e3a1275658c4d0d006d230cd1f96c87cc779e5a8,False
test226,microwave_oven__03,root:1/profile-refine:IDEA-Research_grounding-dino-tiny:device_control_panel:02,device_control_panel,device_body,grounded-sam2[IDEA-Research/grounding-dino-tiny|facebook/sam2.1-hiera-tiny]/profile-refine,0.3021851181983948,0.8540898437500001,26c25d8f92ef68bd79177dd54853b0a9dbb2aa084d05a58f478ea45c7c045ccb,4337a8ef0082296cc2fbe35c74ef078e6a47852a58726b661a0100691d5db0dc,False
test226,microwave_oven__03,root:1/profile-refine:IDEA-Research_grounding-dino-tiny:device_dial:01,device_dial,device_body,grounded-sam2[IDEA-Research/grounding-dino-tiny|facebook/sam2.1-hiera-tiny]/profile-refine,0.30777397751808167,0.8492558593750001,0d3a0173f2ba6b9c64aabbe390b80d238cc8ed18aa72c134e7e9e4100a198f8d,86a419684d47514329f11424fedfcd04a9c2be6e2164657e48fca215d4c7ae9d,True
test226,microwave_oven__03,root:1/profile-refine:IDEA-Research_grounding-dino-tiny:device_door:01,device_door,device_body,grounded-sam2[IDEA-Research/grounding-dino-tiny|facebook/sam2.1-hiera-tiny]/profile-refine,0.3621792793273926,0.866078125,5cde24899fffff835112160a213f004ae6a26b97ceb1a19feab8c114fbf9c98c,a6f9a343fd4f48ca495c9a3bdf3c9688004f297e532778e0368df0050b8c4be5,True
test226,microwave_oven__03,root:1/profile-refine:IDEA-Research_grounding-dino-tiny:device_vent:01,device_vent,device_body,grounded-sam2[IDEA-Research/grounding-dino-tiny|facebook/sam2.1-hiera-tiny]/profile-refine,0.3913477957248688,0.8521562500000002,fc95b5e575c3310d30a4bf604a112aea13812f39f6d1d639b432898a19abd77a,0c47b2804b34514bca6948c31fe75a135d25c7c1d76fa5a17c5bf1838217381d,True
test226,microwave_oven__03,root:1/visual-region:01,device_top_panel,device_body,sam2-amg[facebook/sam2.1-hiera-tiny]/prototype-labelled-region,0.7171718706724532,0.6037364032115936,497f53aa2712fdb6697c200e1052ba586ce43313f1c6d7ed82cd1a9f06c43128,38a35c5b7ce566363e0c091673dd8f7aae1513668376e9e33041a102fb407b61,False
test226,microwave_oven__03,root:1/visual-region:02,device_side_panel,device_body,sam2-amg[facebook/sam2.1-hiera-tiny]/point-grid,0.7304711842554154,0.68,dcdfe209195579eb98ec5a7c4fb47645a69da3e8fe918e8a0a442b88d6393134,235f3f9869b78252dc6504538f360516a8e45d3dcf3183137ef905566187dcd6,False
test226,microwave_oven__03,root:1/visual-region:03,device_door,device_body,sam2-amg[facebook/sam2.1-hiera-tiny]/point-grid,0.8150480969651975,0.68,ce19aafa1301adc6fe5f76d79a5205f413481d7c125e1670f8b84a7ac356211f,6e01d3d99b0310217d5748eb1dd55f4d4aa170a83513616fad986a87b4fb8472,False
test226,microwave_oven__03,root:1/visual-region:06,device_screen,device_body,sam2-amg[facebook/sam2.1-hiera-tiny]/prototype-labelled-region,0.7890536174261144,0.6118453531723023,a0ab445e2890e02f910dbc5493496f3eb06db5291b4af52d5cc77f5e4facd2f8,f0f83f3261a86da825b42fe14a633615e2d5e17f793f32f8f7dfd80de01aac2e,False
test226,microwave_oven__03,root:1/visual-region:08,device_control_panel,device_body,sam2-amg[facebook/sam2.1-hiera-tiny]/point-grid,0.7218739145497226,0.68,dfbf538756f2e31f55591edf358cfd1c5a33a7540c15ff8252c7ae6b4e81a355,450241caace2f48cadb294495b05ac361d816bc807d9bb4d772063bf6854f2e4,False
test226,microwave_oven__04,root:1,device,device,grounded-sam2[IDEA-Research/grounding-dino-tiny|facebook/sam2.1-hiera-tiny]/root,0.579340934753418,0.97861328125,287e79be73405a6e1e60f83055d36f08a787b08f824b213110dd46cfe5153969,ba42f7a8daf6437a73ca07ae916844af6c79777acd0efae8a4b1a431345dbff7,False
test226,microwave_oven__04,root:1/device_guided_device_dial:01,device_dial,device_body,grounded-sam2[IDEA-Research/grounding-dino-tiny|facebook/sam2.1-hiera-tiny]/retrieved-part,0.35782676495810645,0.6932510468365853,b67f8d4e84fb8d0045036c5814c46db939e2d9bbce099f7e3bd421fb1232d8ce,06b8dae87bea9bf03d1b789f34c6ba6bbe36c6b0b6f57880778cc551710eda9f,False
test226,microwave_oven__04,root:1/device_guided_device_side_panel:01,device_side_panel,device_body,grounded-sam2[IDEA-Research/grounding-dino-tiny|facebook/sam2.1-hiera-tiny]/retrieved-part,0.34742311696967043,0.8402768111334141,7130d61a0c6acd82019497e3ad21df3b0400e45c5eb8f94a048cf20e33875be5,60f381fba9392200af1d089adaa9594e0f3be7807622e05085bb793489ec2a40,False
test226,microwave_oven__04,root:1/device_guided_device_side_panel:02,device_side_panel,device_body,grounded-sam2[IDEA-Research/grounding-dino-tiny|facebook/sam2.1-hiera-tiny]/retrieved-part,0.30059313233770685,0.8474455857837404,e6ec50c1914fedf9fbef0cb91777db8da64d7027cad1afbbe19cc1c6bdd68b7d,ab4829bba1a53d8a3c7abf88861faec8a92c5edef2fb2e76946065725fdc4fe3,False
test226,microwave_oven__04,root:1/profile-refine:IDEA-Research_grounding-dino-tiny:device_button:02,device_button,device_body,grounded-sam2[IDEA-Research/grounding-dino-tiny|facebook/sam2.1-hiera-tiny]/profile-refine,0.27708157896995544,0.834947265625,ba992c81961ae2c2f7ce29c0e77a101be81aa5e15a4fc25fcf815036d36c8ff2,47b09ebec34fdb8809c2e645afede8e20bbe0a34d4493ff4729bd13e4c8525cc,True
test226,microwave_oven__04,root:1/profile-refine:IDEA-Research_grounding-dino-tiny:device_button:03,device_button,device_body,grounded-sam2[IDEA-Research/grounding-dino-tiny|facebook/sam2.1-hiera-tiny]/profile-refine,0.25720497965812683,0.8090371093750001,1c811271dcdc3fb220cb7d2d6268c23b3f7e09e65b43ca19e3476283cd22f565,2282ee25fcbd08042dc3a2eaa93cef846d35d96b6a35344140a40c259a03df62,True
test226,microwave_oven__04,root:1/profile-refine:IDEA-Research_grounding-dino-tiny:device_cable:01,device_cable,device_body,grounded-sam2[IDEA-Research/grounding-dino-tiny|facebook/sam2.1-hiera-tiny]/profile-refine,0.2649284899234772,0.7964687500000001,4dd203be0013ef83ebde1f869982e38ccde4565829f9bce4c816add563b2141d,51567db472a58f80059ac9c0642040269d813ab716e409e741fa0ca78a30210d,True
test226,microwave_oven__04,root:1/profile-refine:IDEA-Research_grounding-dino-tiny:device_control_panel:01,device_control_panel,device_body,grounded-sam2[IDEA-Research/grounding-dino-tiny|facebook/sam2.1-hiera-tiny]/profile-refine,0.5661384463310242,0.871298828125,6c9c43d48848c9a415c97fe12a172ceb87655c6d909903bb24bee6f0ae35443f,d480c5897a2ca8bc3dcb1e592a365ec54d00e322a6b70607ec38cc543c65fa55,False
test226,microwave_oven__04,root:1/profile-refine:IDEA-Research_grounding-dino-tiny:device_door:03,device_door,device_body,grounded-sam2[IDEA-Research/grounding-dino-tiny|facebook/sam2.1-hiera-tiny]/profile-refine,0.28977349400520325,0.8687851562500001,386b2ead2af448097b7d432ad7e0024ff020648df2bd2ee0af69ac82a3bb94ed,583eccf09cf72081003315328a2e2f1f19810f2503ac96361a8d0c1b9e2ab904,True
test226,microwave_oven__04,root:1/visual-region:01,device_top_panel,device_body,sam2-amg[facebook/sam2.1-hiera-tiny]/prototype-labelled-region,0.738299479617104,0.6007721857280731,59a289656cb1598f66f41211d6084c35579e03966f62dda8cd867636c5624d12,db21d297ec5fb9db552fbb168b7a603ec94f477f48838c11dc3b2af780904cc0,False
test226,microwave_oven__04,root:1/visual-region:03,device_button,device_body,sam2-amg[facebook/sam2.1-hiera-tiny]/point-grid/semantic-rerank,0.5024504288535814,0.66,47acf1e05c459c1c05b384191c2de57376d2d00afab4a4d08943d6916ce96a60,5596c33f1662c802372d71b93de52a9e809decdfaf76477d4ccbc1537dbda41e,True
test226,microwave_oven__04,root:1/visual-region:04,device_visual_detail_02,device_visual_detail_01,sam2-amg[facebook/sam2.1-hiera-tiny]/point-grid,0.6971781122528761,0.62,965c8d7298d9a41f5ad0a26142c5d7e2053278d9bb7c7184a2f270be7500b119,4eb5dec879aefea7c698cf731e731272068b4bcdc1626b1216139d8f9da647e1,False
test226,microwave_oven__04,root:1/visual-region:05,device_dial,device_body,sam2-amg[facebook/sam2.1-hiera-tiny]/point-grid,0.7719282035826438,0.68,f8d223e256b87ad0e09d48660ba2b2a1a57f3c64f4e823fda1a9422d370cd218,c054c9761464e9a96374d22b6463142c19ed539c8521720ba459fa5e3e7cd07e,False
test226,microwave_oven__04,root:1/visual-region:06,device_visual_detail_03,device_visual_detail_01,sam2-amg[facebook/sam2.1-hiera-tiny]/point-grid,0.6321419500279688,0.62,937c627696b9463495d5f65f2fb2800573fdf6c65599495c5e38f6d2936dbfd0,b66554982d4d2add6da5efe1cd3e73cf6f11b66cc8007f2de5f0ec47a11ba912,False
test226,microwave_oven__04,root:1/visual-region:07,device_button,device_body,sam2-amg[facebook/sam2.1-hiera-tiny]/point-grid/within-root-repetition-consensus,0.596888215933618,0.62,7ed2507cc32bdf6dbf49a6b4f54cd6e04212a33f0ce17c2e281ed894bbcb95f8,4faf3b8314f4a332f5ad15b6df86cef7ea8dd095351572fcdd28c7973b576aed,True
test226,microwave_oven__04,root:1/visual-region:09,device_visual_panel_02,device,sam2-amg[facebook/sam2.1-hiera-tiny]/point-grid,0.7281264692945195,0.62,e0bcea24147e4236b87942640b0c50976df933b1991aeb445f532fc77e2c3d91,853b84e428fb1f948dd3c7848e6f4c4aa5ef6e283b8220804411e1f8522155de,False
test226,microwave_oven__04,root:1/visual-region:10,device_control_panel,device_body,sam2-amg[facebook/sam2.1-hiera-tiny]/point-grid,0.8490963224661641,0.68,cb7a6bc659fe40ec5b2fe1e0dd5c8e29bf51e92f8b145ad34256d7505998cf7e,e682e864bb47de7e9b7e64ec0298cf5abe36d986432196e005536eb07770914a,False
test226,microwave_oven__04,root:1/visual-region:11,device_visual_panel_03,device,sam2-amg[facebook/sam2.1-hiera-tiny]/point-grid,0.7245055186688308,0.62,d62b4007ec5f089012cfdb1544bd58dc2b2efb68c22d8b4c92f09637a0b47f58,4f8b7fb3e124c734ee94137872939f7b1cc6fc472502e78d232dd26ae451570d,False
test226,microwave_oven__04,root:1/visual-region:14,device_side_panel,device_body,sam2-amg[facebook/sam2.1-hiera-tiny]/point-grid,0.8598677089219988,0.68,c776cdb55b63a4eb7c67d104fb94b242a18595bff5cde2f2900156c919208d89,0cf6e672481e6f1ba851545c2b2377850bfbc7f4f1439b26f5d4c2cd9dca00a3,False
test226,microwave_oven__04,root:1/visual-region:16,device_visual_panel_05,device,sam2-amg[facebook/sam2.1-hiera-tiny]/point-grid,0.6143213485624405,0.62,809adb7c498af51818ef5518e04d30c701134ec6bc42d520bb8394157674b15b,17b14a7ab7fe5320236eb00f82ecd567ae159a21da2c6e77a3aa7f38e01537e5,False
test226,mouse_computer_equipment__01,root:1,device,device,grounded-sam2[IDEA-Research/grounding-dino-tiny|facebook/sam2.1-hiera-tiny]/root,0.8653379082679749,0.9920898437500001,890b9c0f8b8466e643b55b3bbf7e3a6b5b06b98ab9b9b1d7529d3761ce6c240b,00895bf26c55cec2532de7204d0861491d60ec13bf41187efd14808f995d6af5,False
test226,mouse_computer_equipment__01,root:1/device_guided_device_button:01,device_button,device_body,grounded-sam2[IDEA-Research/grounding-dino-tiny|facebook/sam2.1-hiera-tiny]/retrieved-part,0.30652785527924437,0.836349059749209,6e9267c6fbc9a0fce7d7a786d9aced433bfd1077931df20b0e40f608b5a57c98,13d52462b8bc157d9002dbd04cd1a0ab706e847ee81e1dcb1faa6176133e419e,False
test226,mouse_computer_equipment__01,root:1/visual-region:01,device_visual_panel_01,device,sam2-amg[facebook/sam2.1-hiera-tiny]/point-grid,0.7632138017775638,0.62,206a041b974132404f1a1fcb22cc78b6402f46a823c4bc90bce38794fabb81b8,df3af5645a1987aec77249ae8a935193813e10c243514bf84d67fe0016cd032f,False
test226,mouse_computer_equipment__01,root:1/visual-region:03,device_button,device_body,sam2-amg[facebook/sam2.1-hiera-tiny]/point-grid,0.9273874329284926,0.68,569066948aefa1b3527f31e5867dd1808b44c4f71a2219f726fad15a9084bf03,6e097292aa132034af49ee238dbf5117148dc3f593b169cd40c1d3ecd79279a7,False
test226,mouse_computer_equipment__01,root:1/visual-region:04,device_button,device_body,sam2-amg[facebook/sam2.1-hiera-tiny]/prototype-labelled-region,0.6584144384204503,0.609723638950348,961e95c1c25c0e18508916614ef8bec77b8b13ba3852e5d6d5f488ab0417a6ff,ac03368c052e7c11f3637338d184b27b167c6f5998b6978d94fb7c96e5ab8ff0,False
test226,mouse_computer_equipment__01,root:1/visual-region:06,device_button,device_body,sam2-amg[facebook/sam2.1-hiera-tiny]/prototype-labelled-region,0.7382773450945725,0.6029520500793457,14c48ee540f24dd0c5a3a95f3bd9493f9df5fb977fcbcc4f413e2cc71b30c545,ec866494188161f51815df777e18c6ce9cd28f56d137de93f4ee7d55776d1f9b,False
test226,mouse_computer_equipment__01,root:1/visual-region:07,device_wheel,device_body,sam2-amg[facebook/sam2.1-hiera-tiny]/point-grid/semantic-rerank,0.5759307058341014,0.66,68ae5a8458e8fdb24561d7415fa391db07fe32a2199954a7d3a62cc985aa99ab,b09aa825450580421338f3ce3e6a819b26c5a9de4aeff7b4a34beb7b32c9668e,True
test226,mouse_computer_equipment__02,root:1,vehicle,vehicle,grounded-sam2[IDEA-Research/grounding-dino-tiny|facebook/sam2.1-hiera-tiny]/root,0.49785229563713074,0.91845703125,cbe46a6ccfd5668d5ed258d6407a93c207854d8d9299f94cb130df157ef206b5,97bbf019ded984e5b4195206442ecd542b2776499261cb3f5b23d846760fb7fd,False
test226,mouse_computer_equipment__02,root:1/profile-refine:IDEA-Research_grounding-dino-tiny:vehicle_antenna:01,vehicle_antenna,vehicle_body,grounded-sam2[IDEA-Research/grounding-dino-tiny|facebook/sam2.1-hiera-tiny]/profile-refine,0.26645269989967346,0.713517578125,bd916330b28e3d89799ec41b973d995d0d8f68c1b8d9158f4a8fdb8fb14e0e6e,9f971f321bd08e880add2a5db2c4fd0d864136a3e773dcea4619de0eb2da9ce4,True
test226,mouse_computer_equipment__02,root:1/profile-refine:IDEA-Research_grounding-dino-tiny:vehicle_badge:01,vehicle_badge,vehicle_body,grounded-sam2[IDEA-Research/grounding-dino-tiny|facebook/sam2.1-hiera-tiny]/profile-refine,0.3304711878299713,0.8295332031250001,d5d078c5de0a9b378d2a8c263d2fae7c15c19c5cd02142597348f6ec1e6dbaa8,f75b3ecd57202c6087375132916af9454083f604a22229e067dd789871229996,True
test226,mouse_computer_equipment__02,root:1/profile-refine:IDEA-Research_grounding-dino-tiny:vehicle_grille:01,vehicle_grille,vehicle_body,grounded-sam2[IDEA-Research/grounding-dino-tiny|facebook/sam2.1-hiera-tiny]/profile-refine,0.2884688675403595,0.7264726562500001,b6959d0c271ba7257e8bc34766d714e5e244533045d7f2f4101eda7ed71bdc00,e5b4255198ebaa4f3376c7c31384829bda25bfa4edcae748b7135d14332219d8,True
test226,mouse_computer_equipment__02,root:1/profile-refine:IDEA-Research_grounding-dino-tiny:vehicle_turn_signal:01,vehicle_turn_signal,vehicle_body,grounded-sam2[IDEA-Research/grounding-dino-tiny|facebook/sam2.1-hiera-tiny]/profile-refine,0.2440025359392166,0.8256660156250001,e4bd667e8b98ebc0810a0fef7c4cfe202c037a55ee928c91e31a338897655dd0,24eb6fba2b0b0afceda80cf90563a4bb6a7ee23e5707ec3eb978b78401575582,True
test226,mouse_computer_equipment__02,root:1/visual-region:01,vehicle_visual_strip_01,vehicle,sam2-amg[facebook/sam2.1-hiera-tiny]/point-grid,0.7777599700084201,0.62,695429ff5e4756f67686584d7266885853bbdbe17aa6e92a61e3d9e91f37d0b8,1c9e711e5858e0703a7d205b6aebdf95b9accdb7718cd9f1b1b934695ef32f7c,False
test226,mouse_computer_equipment__02,root:1/visual-region:04,vehicle_trunk,vehicle_body,sam2-amg[facebook/sam2.1-hiera-tiny]/prototype-labelled-region,0.790577175871518,0.605270556101799,793b1096018b86861f2a453bf325208dcbcdc0521bbc7c213fa7ddf53351c311,bcad156381ada398f593afcc2f3dbbca3c96bb982e18fdd18c32adc48b7bcf81,False
test226,mouse_computer_equipment__02,root:1/visual-region:07,vehicle_visual_panel_03,vehicle,sam2-amg[facebook/sam2.1-hiera-tiny]/point-grid,0.7556242949034064,0.62,21c7c6bdbdbde11bcb75cdb3dc141d099337b3ba207a9f89a49f3df58ffb5832,caa782570522b345355ee3ec27757d131845df6255c469857019e2786f1d6c49,False
test226,mouse_computer_equipment__03,root:1,device,device,grounded-sam2[IDEA-Research/grounding-dino-tiny|facebook/sam2.1-hiera-tiny]/root,0.7685595154762268,0.99775390625,1b7c9eeaf3c637672bad015215894d3e1fbace8cab186790038ef3afa8021d35,5423bf24854dc176e4e1d3a2e3d165c93136ac66b8ae3dd6c031dea2841963cd,False
test226,mouse_computer_equipment__03,root:1/device_guided_device_button:02,device_button,device_body,grounded-sam2[IDEA-Research/grounding-dino-tiny|facebook/sam2.1-hiera-tiny]/retrieved-part,0.2445626741484415,0.8286804791166961,f41407fb0eb3541186e618d9107c4f9db93a503fd4ed9972aa4da13797b560b0,cd0c1a33ed7ee11d7d22e90694b2fd0226b467f40561a4377768ce696ccc74dc,False
test226,mouse_computer_equipment__03,root:1/profile-refine:IDEA-Research_grounding-dino-tiny:device_button:01,device_button,device_body,grounded-sam2[IDEA-Research/grounding-dino-tiny|facebook/sam2.1-hiera-tiny]/profile-refine,0.268749475479126,0.855830078125,4cf9ccd72d5c6d0e54cf238d231abbddc6f74777b0031c64419e3066c70fe687,587f7b09a844e0853af5b99e520152a47b0a69d3d8b55a53e5f5c41d408c8137,True
test226,mouse_computer_equipment__03,root:1/visual-region:01,device_body,device,sam2-amg[facebook/sam2.1-hiera-tiny]/prototype-labelled-region,0.7679379793135371,0.586552786280632,39cb55af7742d52715be0c69641dd44be59c55091e901837826195c14a3c0df8,b94fddd55e9685f9264afa7caded7a2c18bd7b86c75f8beaad7a7907a6081359,False
test226,mouse_computer_equipment__03,root:1/visual-region:03,device_wheel,device_body,sam2-amg[facebook/sam2.1-hiera-tiny]/point-grid/semantic-rerank,0.6389055380932791,0.66,8a6d14ff60790365d17900dabc598518d7321b09649b7742650824cff56af46b,02fab3b876b349803608b99978ad22e424fc56afacea72d2b5f9867013e80d0f,True
test226,mouse_computer_equipment__03,root:1/visual-region:04,device_button,device_body,sam2-amg[facebook/sam2.1-hiera-tiny]/point-grid,0.7954665383090053,0.68,0683a5db12e66e86877867192a4aa8821b90f9e1012cd2573160db2c04fe32ff,06a100c035f3942d9b02e0a67ed3dc0be8a7642e4019d3a54eb7d9f0e2a6edcb,False
test226,mouse_computer_equipment__04,root:1,device,device,grounded-sam2[IDEA-Research/grounding-dino-tiny|facebook/sam2.1-hiera-tiny]/root,0.4847230911254883,0.9969726562500001,84582b57319d459d3f9c6945816b782244c0fb0c3381f42903f3f01e01af4276,6d99d94d03e3cb0d1f36f1ce8dd7140675aab3876d83649d22a74b7720f0d436,False
test226,mouse_computer_equipment__04,root:1/profile-refine:IDEA-Research_grounding-dino-tiny:device_button:01,device_button,device_body,grounded-sam2[IDEA-Research/grounding-dino-tiny|facebook/sam2.1-hiera-tiny]/profile-refine,0.30507585406303406,0.828759765625,a3e58ae36d34468c41eb26832036fb06a1d53f74ff5f628e70c1f921fd55c42e,99066955e09dbfb24d56515179d77990b42f12744693e50a0f66d007c74ef1f1,True
test226,mouse_computer_equipment__04,root:1/visual-region:01,device_body,device,sam2-amg[facebook/sam2.1-hiera-tiny]/prototype-labelled-region,0.7800400258824896,0.5800724105834961,e7b0778b04ab5c9bd0682e75ca9f6a821ad8a30106593c9fa39519f1b8d3b6b6,37f89c51472e854c41542c7fe74f643b04bea4db387257fc896588fb849afe91,False
test226,mouse_computer_equipment__04,root:1/visual-region:03,device_button,device_body,sam2-amg[facebook/sam2.1-hiera-tiny]/prototype-labelled-region,0.7772430462800516,0.6072661640729904,efba0dbee12e443a09d23085ad17b036f44440ce799c50f3df70dbd10557ccfa,ac60a831929c77474c024887fd1c254231b0cdfb0556e00bf231696a9edb53c7,False
test226,mouse_computer_equipment__04,root:1/visual-region:04,device_wheel,device_body,sam2-amg[facebook/sam2.1-hiera-tiny]/point-grid/semantic-rerank,0.6193946538698492,0.66,b77dc6ff9962b48e7271a96c37d876c06bdb65a7b7ccf86c190ff8ad6a44c9df,e2963a4bf3e660b5b1eb6eef1dd469e7e84f98ca516c181a6870bf0dbfb5a642,True
test226,mouse_computer_equipment__04,root:1/visual-region:05,device_wheel,device_body,sam2-amg[facebook/sam2.1-hiera-tiny]/point-grid/semantic-rerank,0.7580729164660316,0.66,eddeba4a3023053afccc5c317e156a39458a7faa1550abeea50685c179532598,580026a3d56fcb526c1f7afd91710a7ddc6983010ab405a68db47bd715d7d3a9,True
test226,mug__01,root:1,container,container,grounded-sam2[IDEA-Research/grounding-dino-tiny|facebook/sam2.1-hiera-tiny]/root,0.7190877795219421,0.9658203125,debe542741731eac530b82f81be1841dad5264c47982c8c9526e7ab3571f2c81,0a1ab4120815775f01d949b4e23c60c15f8b3a6f3ec36b0c738f6eb6b555b18d,False
test226,mug__01,root:1/profile-refine:IDEA-Research_grounding-dino-tiny:container_label:01,container_label,container_body,grounded-sam2[IDEA-Research/grounding-dino-tiny|facebook/sam2.1-hiera-tiny]/profile-refine,0.34037554264068604,0.839974609375,b87c08527f0e56c12cca3b07dfabf5ca013e4f84e3da3fb9b87ebf4a702ce212,3ef3f03bcae669cfca61d27ad9ae002c4991825d725b827efc0487dc7bee53ee,True
test226,mug__01,root:1/profile-refine:IDEA-Research_grounding-dino-tiny:container_rim:01,container_rim,container_opening,grounded-sam2[IDEA-Research/grounding-dino-tiny|facebook/sam2.1-hiera-tiny]/profile-refine,0.26740819215774536,0.859697265625,51c22fe892e3d64c5b36b029d0b50abda15a173d6acf808f2a0c25e8be03a3b0,7e4efda4861680090198570085a0ad4cb033481bcc52240e02d314fc0422983e,True
test226,mug__01,root:1/visual-region:01,container_label,container_body,sam2-amg[facebook/sam2.1-hiera-tiny]/prototype-labelled-region,0.7151848385048232,0.5962510538387298,26dc6ec0b4fcf8c26cf73825d37aea5b367fc7687ffc15d27a9801da490aecb8,1b7cf53c786b8741d405b767b1d987e7e7260be090809b245ed1591efc6c28bd,False
test226,mug__01,root:1/visual-region:02,container_label,container_body,sam2-amg[facebook/sam2.1-hiera-tiny]/point-grid,0.8928589739258573,0.68,b25b4cc18220b3a644d9f6a2a0c502fc6e3f4392e50279d44c35631307f9c41e,778c63972ed614a7d023308b22aab7c55de2e40a387369256f5d56a785438b1c,False
test226,mug__01,root:1/visual-region:03,container_handle,container_body,sam2-amg[facebook/sam2.1-hiera-tiny]/point-grid/semantic-rerank,0.5702494314171686,0.66,faa71ee87cf6bce3e8e13f4028c5f6a5f065342efc02cae629877c37fa0cf820,d684594f913aa4cb36d7c043fe8903def3d8b360fabe6d62c7aa99e728e81bfc,True
test226,mug__02,root:1,container,container,grounded-sam2[IDEA-Research/grounding-dino-tiny|facebook/sam2.1-hiera-tiny]/root,0.8850365877151489,0.9817382812500001,52e81dbc84c8cb7e2846116f96c39d26876ebade4169872f9a3345a0abfae885,db92aac242302d10c81d86ef63ff3d90550473917b298a52b2768806af7d0669,False
test226,mug__02,root:1/container_guided_container_handle:01,container_handle,container_body,grounded-sam2[IDEA-Research/grounding-dino-tiny|facebook/sam2.1-hiera-tiny]/retrieved-part,0.3046810911887165,0.7431468444065427,f43b1ec76c9b004ebc98036340760bb650ea0afc2fc8dc0f489a6bce49b08174,5011a73e350f847ed221094022ed43e2e3c920c2d9fbfd2ed1d248daf932c767,False
test226,mug__02,root:1/profile-refine:IDEA-Research_grounding-dino-tiny:container_label:01,container_label,container_body,grounded-sam2[IDEA-Research/grounding-dino-tiny|facebook/sam2.1-hiera-tiny]/profile-refine,0.37972334027290344,0.863951171875,b1b6dbbeb8948f4219cfd1b2488971025bdb68bc5ef33fe05e743aed9bfd47b0,2bc75532a25ead5b1bc31dd21e5bbbe329a4e33d5f00a2298c66be5a64d89147,True
test226,mug__02,root:1/visual-region:01,container_inner,container_body,sam2-amg[facebook/sam2.1-hiera-tiny]/prototype-labelled-region,0.7796506237680295,0.6040415853300095,67b2a416c54b82c55d680934b6431677468b0a3966353be58e86577d3b15da6f,4e5a3ec57ac0ed3874ecf5a4c29e91e7dff1317dec3f61d6330708821693da74,False
test226,mug__02,root:1/visual-region:03,container_label,container_body,sam2-amg[facebook/sam2.1-hiera-tiny]/point-grid,0.9200502582524219,0.68,b1b6dbbeb8948f4219cfd1b2488971025bdb68bc5ef33fe05e743aed9bfd47b0,25161d17595e6903a2dae6592ce01232b9d947d3a97362f468f1a453bb09ba35,False
test226,mug__02,root:1/visual-region:04,container_handle,container_body,sam2-amg[facebook/sam2.1-hiera-tiny]/point-grid,0.8257108621173339,0.68,8a227d7fa3a4810d5fb1f4f5ea11b475b8e9930728c0e99c3d93ab4aba7a282b,e7e9061a66089bd9c043585b1905c5cc1df8530b9bde2e84a8ca69bb80e3b063,False
test226,mug__02,root:1/visual-region:06,container_label,container_body,sam2-amg[facebook/sam2.1-hiera-tiny]/prototype-labelled-region,0.880861924703001,0.6054609312934875,a2a3eb853bbb9e23cac9d746cbc7fc88242249bf7408dc5f14f6bc9ac7423d13,2b6338558020aec78a4b55cebcf36780b8c68e8dd389daac30ab9d708342c664,False
test226,mug__02,root:1/visual-region:09,container_visual_panel_05,container_visual_panel_03,sam2-amg[facebook/sam2.1-hiera-tiny]/point-grid,0.6956196561305188,0.62,87e3dee78210035507324a6d022437740f50a21915dcd6529bc9d2e1ef24ebb3,b36dc41a805e09a12bab387f3f24bc61094bc489fb7c7f264769379b681437ee,False
test226,mug__02,root:1/visual-region:10,container_visual_panel_06,container,sam2-amg[facebook/sam2.1-hiera-tiny]/point-grid,0.7280900564971291,0.62,d4f94fa75567eb7e83e9ee4efaa3f25d31229a4ba0005baa5dccd8f0c2972de1,13f313383448bf10e6f944953d66661d5a2f00fdf69dfba6399003a279fb3676,False
test226,mug__02,root:1/visual-region:12,container_rim,container_opening,sam2-amg[facebook/sam2.1-hiera-tiny]/point-grid/semantic-rerank,0.6603127550986818,0.66,ddf50c0d5640bcd0f49622d5afa7b74741dde3bd43aef923e83c456aac2966ce,7c05c3f32d69263b9e5b9f59936f231c491385aada42a7a7fcb90f5edae5767a,True
test226,mug__02,root:1/visual-region:13,container_visual_detail_04,container_visual_detail_03,sam2-amg[facebook/sam2.1-hiera-tiny]/point-grid,0.7776022252429652,0.62,4545eb87f9f87e1a1d1065fc85023f4880cf658e3cd851f54ed315614d634cd6,30723c2da9ae524b1974df785152f265d61a5e40a4de9a61b6142b498c9ae6dd,False
test226,mug__02,root:1/visual-region:15,container_base,container_body,sam2-amg[facebook/sam2.1-hiera-tiny]/point-grid/semantic-rerank,0.6550781948088668,0.66,9d9202427d6293ac2d29ad3237c16b47a02189f0e58ba46696f88e39e985534c,5282dc7ace6e701f9a95c88d546b19df2c5dd49119be1f3ffcd7e47d073648c2,True
test226,mug__02,root:1/visual-region:18,container_rim,container_opening,sam2-amg[facebook/sam2.1-hiera-tiny]/point-grid/semantic-rerank,0.614066873299845,0.66,2b51ae5decc23fb7cb238bdfa9122756c2adfbf388edde1c64457347c67cdca0,f78d1222e8ef1eb59c80b0d030408e79748558c4f61fd9de1ebd403e57b54e13,True
test226,mug__03,root:1,container,container,grounded-sam2[IDEA-Research/grounding-dino-tiny|facebook/sam2.1-hiera-tiny]/root,0.8910549879074097,0.9939453125000001,545efb70ffaa9ff62bb3b7e9caeaae45c7102f5860c3be97a6da29381f3a7a35,ededc58d6156a256d9a7d41aa642a5c6ddfa4efef4cb1d9f3d9f9fb9a6463517,False
test226,mug__03,root:1/container_guided_container_handle:01,container_handle,container_body,grounded-sam2[IDEA-Research/grounding-dino-tiny|facebook/sam2.1-hiera-tiny]/retrieved-part,0.3093663637438274,0.7637012673335463,88c47095c24dc983edc1cf0a0579663e0b547412d53c3c64fb6dba3a36c3ce0b,496a6f9c89be3bbed08f47299dca01da431b6c4b28a217db9f92fdef29091408,False
test226,mug__03,root:1/profile-refine:IDEA-Research_grounding-dino-tiny:container_label:01,container_label,container_body,grounded-sam2[IDEA-Research/grounding-dino-tiny|facebook/sam2.1-hiera-tiny]/profile-refine,0.3354596793651581,0.86801171875,afbe9f419ca048c8d24d21cecfd41ef7383c12a8d69f13b99f771d48b32e2b57,31f64ba2aa55b15c4e682435a6a3c6da5b9ed125160614f88fa957a991a0f8a9,True
test226,mug__03,root:1/visual-region:03,container_handle,container_body,sam2-amg[facebook/sam2.1-hiera-tiny]/point-grid,0.9236241106230283,0.68,68d8880717c45cf4fb5e577e49a3d412bf0c1b68d536c1010eb0de6aed316b09,f2aecd81f805fab289676fc90cc3135f29547c2e68ad85d9cff4549b56b9e3e8,False
test226,mug__03,root:1/visual-region:04,container_label,container_body,sam2-amg[facebook/sam2.1-hiera-tiny]/point-grid,0.9264515923647927,0.68,d9c85683b734d581987ee525f84e553e7937ee14f7165a600272cae460ce8190,94a0b67b0879ce59be414b9aef77c5743e5d1547e076a485c36ba29c5af46203,False
test226,mug__03,root:1/visual-region:06,container_rim,container_opening,sam2-amg[facebook/sam2.1-hiera-tiny]/point-grid/semantic-rerank,0.5509317266079402,0.66,2ee877e98d4a81eed161576f2700e5529e3e813074b1d0c894943243af067d09,e12772d5c0103ac4b5cc2c931d1bd8529a2da39892142429f894168a0b43b5be,True
test226,mug__03,root:1/visual-region:08,container_label,container_body,sam2-amg[facebook/sam2.1-hiera-tiny]/prototype-labelled-region,0.7235834611837435,0.595786283668518,6dbd037903924ad97668b5b3e78170c85b88750293563c15dd2afb450436955a,3896a887b33c17ad074edde9e7db8a143db3a82179cfc16a21fbf00560a212ac,False
test226,mug__03,root:1/visual-region:09,container_rim,container_opening,sam2-amg[facebook/sam2.1-hiera-tiny]/point-grid/semantic-rerank,0.5614881673703976,0.66,51bea453b0adc937994226965600b978ecd72e2fb6dc5ea4e5d0423bbb949dad,17713d6d25a025ded162bbbfcb08269f2a1f984febf6aeb465f2106d5f89e86b,True
test226,mug__03,root:1/visual-region:11,container_visual_panel_04,container_visual_panel_02,sam2-amg[facebook/sam2.1-hiera-tiny]/point-grid,0.8637924620228576,0.62,6b55d9c223cfb893660d16ae9bdff8e2f4b14adeba266118f5a704193b29a6d6,4c62637fa01de6d5a85c2a06d1d109006f2dff858dddad05c633de7acf0f0158,False
test226,mug__04,root:2,container,container,grounded-sam2[IDEA-Research/grounding-dino-tiny|facebook/sam2.1-hiera-tiny]/root,0.600364089012146,0.9895507812500001,53c41ba4e3db9645e87ad779351b24e2f0e5375958f9a15dcfc7c376dd231b3c,3ac1a3d0de499515b44547558a7305a728a9ba148754dcf55ab2cacceedd8b45,False
test226,mug__04,root:2/profile-refine:IDEA-Research_grounding-dino-tiny:container_inner:01,container_inner,container_body,grounded-sam2[IDEA-Research/grounding-dino-tiny|facebook/sam2.1-hiera-tiny]/profile-refine,0.28308719396591187,0.858537109375,e7632a8673588645ff8014283f1c87115fc672740a4c09857b0c4fd609a19022,160274e7442dea46561eb6a0841aef4434535eeea55f32aac726e67e5d1ecd9d,True
test226,mug__04,root:2/visual-region:01,container_outer_side,container_body,sam2-amg[facebook/sam2.1-hiera-tiny]/point-grid/semantic-rerank,0.6021396168522294,0.66,0ceff34c2e116f334f54daaab5f6aae5bc37557893141bdba95a19ef93772afc,c07bc3bb627bbffafcf37d8d9ee43357faf4808785b4b2c3345f629b2d62f75a,True
test226,mug__04,root:2/visual-region:03,container_handle,container_body,sam2-amg[facebook/sam2.1-hiera-tiny]/point-grid/semantic-rerank,0.5014068890478309,0.66,1ec96cccf6ee77ecc3d62a93293da4f8e0c6736b9c2612b68e72f08aaaebb238,11d99c5aff1bca66ddbf58cb26dd22fcd33da430658926c1374aecfeaaa119a4,True
test226,mug__04,root:2/visual-region:04,container_label,container_body,sam2-amg[facebook/sam2.1-hiera-tiny]/prototype-labelled-region,0.7585901818114038,0.6073102955904006,ffd41d539a758bcafc2b5f68b94a45a416c22b7b46a40f31c1a0fc634a91e313,2d384bfb70899e40427a3e300227aabc2f957900c71012e2de376b3a4be56fae,False
test226,pan_for_cooking__01,root:1,tool_prop,tool_prop,grounded-sam2[IDEA-Research/grounding-dino-tiny|facebook/sam2.1-hiera-tiny]/root,0.696784257888794,0.96455078125,70a32f729e6a14b63c062299c911c4587c0266b1466a59f17b29f8a8ba4d3f73,305f798ab9a1d1bdb2081bcf3593de1897eb9a2e67ea4ff7c98599a5e3cb94f0,False
test226,pan_for_cooking__02,root:1,container,container,grounded-sam2[IDEA-Research/grounding-dino-tiny|facebook/sam2.1-hiera-tiny]/root,0.7496374249458313,0.96923828125,b2df1e4bbe8ec3894842b2d84a728609701995b57afa90eeab943a538554166e,1ad813154eccf2d244d40f880e5f6613869a2ac73b2786fc98a37d2f55b3d8ef,False
test226,pan_for_cooking__02,root:1/profile-refine:IDEA-Research_grounding-dino-tiny:container_bottom:01,container_bottom,container_body,grounded-sam2[IDEA-Research/grounding-dino-tiny|facebook/sam2.1-hiera-tiny]/profile-refine,0.4196479320526123,0.818125,9aae1ad9809fe59a2ad46fe89d6ff4118a1f29934b2bf6d56cd95d4a928d4c19,af07aa3f331d291ef9dd70f3b43f4c88cb7d44d86c5618b8c30f773876b018e8,True
test226,pan_for_cooking__02,root:1/profile-refine:IDEA-Research_grounding-dino-tiny:container_inner:01,container_inner,container_body,grounded-sam2[IDEA-Research/grounding-dino-tiny|facebook/sam2.1-hiera-tiny]/profile-refine,0.336985319852829,0.8185117187500001,f497acee9896855459c1d5ca85f24efec0c3de124d886a66b7cfc9d5ea242e7c,2e34b11dcc015705983cffb5122b2157ec1287b339ec0f2d8c6bb0e566c565f0,True
test226,pan_for_cooking__02,root:1/profile-refine:IDEA-Research_grounding-dino-tiny:container_inner_wall:01,container_inner_wall,container_body,grounded-sam2[IDEA-Research/grounding-dino-tiny|facebook/sam2.1-hiera-tiny]/profile-refine,0.5894801020622253,0.8188984375000001,4b908045fef85672faaa754a518ce93081e3e6841870f275f3ee49842962fe46,1fbcad2f0079ade67c03b036a00cfca38e81ae7abd0ea970a61a931d07cbfe6d,True
test226,pan_for_cooking__02,root:1/profile-refine:IDEA-Research_grounding-dino-tiny:container_outer_side:01,container_outer_side,container_body,grounded-sam2[IDEA-Research/grounding-dino-tiny|facebook/sam2.1-hiera-tiny]/profile-refine,0.4519311189651489,0.816771484375,a2a8e75b92ec20b5319f8aceab02a098b55646ee11736439e27a2cf4ed9d3a21,91afdb1cd63a9bd25d8a2ed07bed458929c3a6290789c807717b480123f96fc4,True
test226,pan_for_cooking__02,root:1/visual-region:01,container_visual_panel_01,container,sam2-amg[facebook/sam2.1-hiera-tiny]/point-grid,0.806913806653265,0.62,8bb41e8d90262e2b499afcefed83bcd40e0cc37bbd83ad1de2f688c475b159e9,b514c7d9421095db96c768f2ac85ab7f23ec2240753febdff3d675612c37a98c,False
test226,pan_for_cooking__02,root:1/visual-region:03,container_base,container_body,sam2-amg[facebook/sam2.1-hiera-tiny]/point-grid/semantic-rerank,0.5483354181197703,0.66,9dc9a3c138599919626ff2b8c9412c051e0df09ed04b7d6b115d424cc252a6f5,56dc4e93fc6f347639ae40aaccacd5bbd07bf7c70b3217e07d3a081dbebfb5e5,True
test226,pan_for_cooking__03,root:1,container,container,grounded-sam2[IDEA-Research/grounding-dino-tiny|facebook/sam2.1-hiera-tiny]/root,0.8866168856620789,0.994140625,a2701ffa5a3627aa65049ea61bf65343f31743b6ea954e59b96feda0656d2ad8,7370c8310831b3bc5e7581990d868d3ac30721c7fa5fa0341e7c16c546b6e51a,False
test226,pan_for_cooking__03,root:1/profile-refine:IDEA-Research_grounding-dino-tiny:container_label:01,container_label,container_body,grounded-sam2[IDEA-Research/grounding-dino-tiny|facebook/sam2.1-hiera-tiny]/profile-refine,0.4386349022388458,0.8618242187500001,1f9acf526ac9c8cec5130b516a4d3740ede93bf96f911b872f25911e00a926a3,a6e70231e5dfc66c572c6e2fc59757d9085beab19ef203b2da740e35a0bff68d,True
test226,pan_for_cooking__03,root:1/profile-refine:IDEA-Research_grounding-dino-tiny:container_label:02,container_label,container_body,grounded-sam2[IDEA-Research/grounding-dino-tiny|facebook/sam2.1-hiera-tiny]/profile-refine,0.2989005148410797,0.86414453125,ab3f44597433aabcd5d0fd8a020246da531614a53aa934a1704a329c88302f21,7e01e3a02a22de3fe6ffb9f8817c1d4bdb993fcedec7d772435bc678428a22fb,True
test226,pan_for_cooking__03,root:1/visual-region:01,container_visual_strip_01,container,sam2-amg[facebook/sam2.1-hiera-tiny]/point-grid,0.7141365056763828,0.62,aed26ac28ebe13c822bd48d9c3df812839635d565e81d7e411a468b7c7ce077a,c3b98d5d91ad7e97876c28a9c7a888c442356be5430c416a6315eac45566d97e,False
test226,pan_for_cooking__03,root:1/visual-region:02,container_visual_panel_01,container,sam2-amg[facebook/sam2.1-hiera-tiny]/point-grid,0.7204189588214798,0.62,369eb2e5a8cb1e1a2a2a3b6cfd39c066a49ab2c8db9ab3786491fc7250753a6a,810c4cb2bfd7137ca28f8bd5ac6a305885635a5abc449f27ce7d3a13b413c3c4,False
test226,pan_for_cooking__03,root:1/visual-region:03,container_handle,container_body,sam2-amg[facebook/sam2.1-hiera-tiny]/point-grid/semantic-rerank,0.5765654060918681,0.66,ba63382847cd4cc67ee3fbe5cd744ce52c467e6d01294052a44f0974577e6c49,4b7d9032b010020795a9e1b3a989a179311e92f611e12cfcad42c85984d21ee9,True
test226,pan_for_cooking__03,root:1/visual-region:04,container_label,container_body,sam2-amg[facebook/sam2.1-hiera-tiny]/prototype-labelled-region,0.7454241112755151,0.6099918060560227,15d0871efcf6095e528d2285e8feb28cb76bf17464a898d43a893fc1b7a8c6a9,2bb956438144217c75d878ce7e251cdbf68cc16bff276e356a9739eff114bd8a,False
test226,pan_for_cooking__04,root:2,tool_prop,tool_prop,grounded-sam2[IDEA-Research/grounding-dino-tiny|facebook/sam2.1-hiera-tiny]/root,0.47457030415534973,0.9701171875000001,fc5712c4cd75e04983f9ec687edf58cd23af92922598aff41c3548608ecf2a67,ca929e040280193047d996726f2b9604a3a0e95e7b909cae0ce4ca2d5df2a988,False
test226,pan_for_cooking__04,root:2/silhouette-axial:tool_prop_handle:01,tool_prop_handle,tool_prop_body,hpid-structural-fusion/silhouette-axial-partition,0.8659169482430156,0.74,fc5712c4cd75e04983f9ec687edf58cd23af92922598aff41c3548608ecf2a67,cb78b3512db5cb94e6484e7f576c6d4641378259107e567dec11e150298df9b2,True
test226,pan_for_cooking__04,root:2/visual-region:01,tool_prop_handle,tool_prop_body,sam2-amg[facebook/sam2.1-hiera-tiny]/prototype-labelled-region,0.6718026337891867,0.6064750489368439,6e2dfc50f38086e3e94eaacbdeee40c7783ef8fe8d32e1a80447d8028810612d,c24b9f2996797d44f582a2fbdebb18a01046b944927b7e6df4ec6979b14f2dc0,False
test226,pen__01,root:4,character,character,grounded-sam2[IDEA-Research/grounding-dino-tiny|facebook/sam2.1-hiera-tiny]/root,0.4151359498500824,0.9812500000000001,67b20c4568e7dfdfe7e46f644e0b6089c47c39f3fe7792d54883a947167d26d4,3fc9e679512ddf2bb66b2ce2b1720aa0a3dfbf19fb70c2bf62f00999caa1b5cd,False
test226,pen__01,root:4/contour-visual-region:01,character_arm,character,hpid-appearance-contour/closed-edge/semantic-rerank,0.5314392371272254,0.66,caa7859cedbb2d29b8508616d88471b907f3022c52fa91d3e2cbe7a0eac8a6f9,f9b5f4c24378041daf891980cc71708ff5e3274f2fbe65a2401389363dce0ae0,True
test226,pen__01,root:4/contour-visual-region:02,character_visual_contour_panel_02,character,hpid-appearance-contour/closed-edge,0.7504395553025749,0.62,a3a0377e79aa9e5f53736258f94f70396ac71a2a8f18075ab44bcf0a64e0ee0d,187cea3aff6f310ce50eb5c76dad34a0bbe251484b57a74e672fdd66926695d5,False
test226,pen__01,root:4/contour-visual-region:03,character_leg,character,hpid-appearance-contour/closed-edge/semantic-rerank,0.5766181316948673,0.66,1e85e6c85cdc18df844e3f42f6f12c20a1f8524491f995b5174a14d7e3e09998,690ed2334051ae263325df358e6fdd655f357c82c351be83b8ef963e435e429b,True
test226,pen__01,root:4/contour-visual-region:04,character_leg,character,hpid-appearance-contour/closed-edge/semantic-rerank,0.5835199898159078,0.66,5669e2fa52003f5fca3715dbc87299bf9ddedaf7698acafd860c07c296767342,f1699bda910792f6745de7e2e63490c3fd8bfe00b7b57c878253c72aa88605b1,True
test226,pen__01,root:4/contour-visual-region:05,character_arm,character,hpid-appearance-contour/closed-edge/semantic-rerank,0.5054797152511193,0.66,b1526e8ab355c3ca85641fe196301f9e59809d735afa4e21edc8fbe741b67004,17ed5093d385a9564d5b3e51d3bdd163809f602c9e341c412a69ce3376aea04f,True
test226,pen__02,root:14,container,container,grounded-sam2[IDEA-Research/grounding-dino-tiny|facebook/sam2.1-hiera-tiny]/root,0.27581191062927246,0.9852539062500001,064974c31f6a83b11f56737ca64dd85f87a2a871e0ce7a8d26dbd5b70571327f,f291f42afc77ede51fbe08464f4f649322c6d7758100c8fca6780ba6667e55ee,False
test226,pen__02,root:14/visual-region:01,container_bottom,container_body,sam2-amg[facebook/sam2.1-hiera-tiny]/prototype-labelled-region,0.8232125921277667,0.5990244859609604,f13ae6cfd3845862142bdc56b23a8fd423d10b082616bf66a45c38a62fa49aff,ba36adbcad6afc4f9e33e24e580318b6ebe59e20184ef515c3a0eb13dd562b82,False
test226,pen__02,root:14/visual-region:06,container_body,container,sam2-amg[facebook/sam2.1-hiera-tiny]/prototype-labelled-region,0.7319838444099231,0.6122677556371688,fb286cd7373b370b99ea5daa6e7fc2ce943b1cc88c20beb459f94bf627f68d5f,002dad1efb4e52082143b112362af016319e3ec9b2edb80d2ac972682909e2bf,False
test226,pen__02,root:14/visual-region:08,container_base,container_body,sam2-amg[facebook/sam2.1-hiera-tiny]/point-grid/semantic-rerank,0.58970247502957,0.66,7d71701febca0d86481d127f337d6643bfb5136b889bf2cff4cfe965745b5c0b,f4118a6b675d2bf19eb604d9ba5207e583d60ee13645722f158f721dc1f31654,True
test226,pen__03,root:2,tool_prop,tool_prop,grounded-sam2[IDEA-Research/grounding-dino-tiny|facebook/sam2.1-hiera-tiny]/isolated-profile-root,0.5105956196784973,0.9583984375000001,f0326e9b7eecbf374d5a33c6ac90a19c75703bc642e689a86a4f8c204c597df1,309eb9855859df73359cd32e9cb95faadfe2a8cef7bf1d1687aef50a31ab54e6,False
test226,plastic_bag__01,root:1,container,container,grounded-sam2[IDEA-Research/grounding-dino-tiny|facebook/sam2.1-hiera-tiny]/root,0.86200350522995,0.9944335937500001,33af4594c8234a7ee821bbdd3d2010a6643cb6932a253c71ec4c93c35f19a566,31c6d0dde7e3c21ad2496d5ef8a5efe827978e7215cd2fcbdb3f02290c2bf015,False
test226,plastic_bag__01,root:1/visual-region:01,container_pocket,container_body,sam2-amg[facebook/sam2.1-hiera-tiny]/point-grid/semantic-rerank,0.6446472846079834,0.66,dc828eb4452cafb54e403f1c88684b4fd30686e69a2fb8801da6b50eb74d8fd6,4bd1c8a1ff1dc99fdc82c3024bf723f7bb9eb3298bb69b9cfdeefa8ef68366d9,True
test226,plastic_bag__01,root:1/visual-region:03,container_pocket,container_body,sam2-amg[facebook/sam2.1-hiera-tiny]/point-grid/semantic-rerank,0.5810083424611927,0.66,e934d3a4ddb046329726b3a4d7c492430bbd1b7f3e73764c0ed58a046b7b429a,a47ea5fcf2bfd799e61143bb137678d4b971c064a7054b3a64886515a3e436f3,True
test226,plastic_bag__01,root:1/visual-region:04,container_label,container_body,sam2-amg[facebook/sam2.1-hiera-tiny]/prototype-labelled-region,0.7030011129778454,0.5937916721487045,c404187b68c4921ea97ed5c68dc58a4875ddb8db3260bbb4bc49c0d27d756c30,903d6960b1406c59d2d3bf6a2a4e1697ddd963677efec934cc27c50e9ae83320,False
test226,plastic_bag__02,root:1,container,container,grounded-sam2[IDEA-Research/grounding-dino-tiny|facebook/sam2.1-hiera-tiny]/root,0.820900559425354,0.9951171875,96b2e04a1531d811e2ac0a79ccd1caf88f92cddf0a1b3891f60a655c4e1d999e,d3fcdb32d32b51fb11456bdaa04db4caa7d2352416319c87546c4ac3537340e8,False
test226,plastic_bag__02,root:1/profile-refine:IDEA-Research_grounding-dino-tiny:container_strap:01,container_strap,container_body,grounded-sam2[IDEA-Research/grounding-dino-tiny|facebook/sam2.1-hiera-tiny]/profile-refine,0.34975481033325195,0.7666914062500001,8fca030f217a11f712a967877f2732295ee4c287c374fe498a3088c01d06161e,8a2fd4d6f8e74b590a19fe5d6a62883b09981261311dbc13ea2c58011f151abf,True
test226,plastic_bag__02,root:1/visual-region:01,container_pocket,container_body,sam2-amg[facebook/sam2.1-hiera-tiny]/point-grid/semantic-rerank,0.6454848250006622,0.66,cea59b6cefb9f9a50f51b66d2f4cf57dea90b00403322c1ccc2c1bdf6d20826e,b420038f851b4198a738d42e1239b0c69f219d17beb80a6af1e6cc386d10bb85,True
test226,plastic_bag__02,root:1/visual-region:03,container_zipper,container_body,sam2-amg[facebook/sam2.1-hiera-tiny]/point-grid/semantic-rerank,0.5442049893825821,0.66,dad188e87efd8a373220d3d0cfd68892614c2dab969c67daa2a2b432f50332a6,07a8f91c2015dd1131b89ff6c7df9f9591e6d448bad68d403cbab16ba40a8813,True
test226,plastic_bag__02,root:1/visual-region:04,container_label,container_body,sam2-amg[facebook/sam2.1-hiera-tiny]/prototype-labelled-region,0.8780703440730242,0.606339399930954,a3d47db16335bf94c2a7e153f3d6d6990f6c612c1edf7e40485a325207c28d66,141c6da2bcc278b01d31bb72dd589697d96b2bec3a041788bd2ef6973120b8d2,False
test226,plastic_bag__03,root:1,container,container,grounded-sam2[IDEA-Research/grounding-dino-tiny|facebook/sam2.1-hiera-tiny]/root,0.7218412160873413,0.98876953125,3dfce21604b221a5b48aeb6e8d8ab8c59bc2182c6e8dd0a1f3d884d7626f7ef3,fed06155849fe9cb9c9bae445322fa90027500512e83af7366e5e58a156b9872,False
test226,plastic_bag__03,root:1/profile-refine:IDEA-Research_grounding-dino-tiny:container_handle:02,container_handle,container_body,grounded-sam2[IDEA-Research/grounding-dino-tiny|facebook/sam2.1-hiera-tiny]/profile-refine,0.26454830169677734,0.848095703125,4744512003c8b59d8958d1967e637a3693477b36da03aca15d19552dcfcaf081,edbc8d02eadda22d06709f8b374e649124635a9286632b5905d71bba3b1cf391,True
test226,plastic_bag__03,root:1/visual-region:01,container_handle,container_body,sam2-amg[facebook/sam2.1-hiera-tiny]/point-grid/semantic-rerank,0.5051991145405055,0.66,c6c2ba49affbdd30fae0367ddf403b39944741fbb72f8db1c6eb19777523917f,2ece6048567eebec29e432ecb684ba392ae258b232b8b09596fab8b5ad48bc86,True
test226,plastic_bag__03,root:1/visual-region:02,container_handle,container_body,sam2-amg[facebook/sam2.1-hiera-tiny]/point-grid/semantic-rerank,0.647255154832216,0.66,b385749ab066659f5322512b8143ca2c48c29909f0e155402235fff0f0b098fb,59df65ed58334e830fa68b8d170c09055d21946a2466d4c3ee3f9d0e3ece94a6,True
test226,plastic_bag__03,root:1/visual-region:05,container_visual_panel_04,container,sam2-amg[facebook/sam2.1-hiera-tiny]/point-grid,0.7759670068328272,0.62,fee1d8270183d1655e724e30b05eb65be9e4cb48c1a233c35bdac898832de065,343e9b926176cc882ed974b1a9afbc3ee4232e4c9d75dd4aa521b7bb9cdd36bf,False
test226,plastic_bag__03,root:1/visual-region:06,container_base,container_body,sam2-amg[facebook/sam2.1-hiera-tiny]/point-grid/semantic-rerank,0.5641757011387843,0.66,2684bd546fc2918b6145b68ee374a91010a80d74c90863dc5a2488b2b3f8d1d9,879ef9655ce5de2d10f149ed058b21a4b2a31f158d996d66c300d9b8f2fd907f,True
test226,plastic_bag__03,root:1/visual-region:08,container_label,container_body,sam2-amg[facebook/sam2.1-hiera-tiny]/prototype-labelled-region,0.7211211394911088,0.6060056605300903,8e191a93bddb635f457344b4c52e5f1e72eb07a327f917998e28fb98bca5f64e,2ac1d7c34a1157617cf919c404ee400ee88686dc2a135facc190311108e2bc94,False
test226,plastic_bag__04,root:1,container,container,grounded-sam2[IDEA-Research/grounding-dino-tiny|facebook/sam2.1-hiera-tiny]/root,0.688258945941925,0.9939453125000001,33f35700321fe3f3fcef7281233372aba5bc3bbb9785de9595932e05ba565eee,7539a00e7a367102d0133a576492aa47ef6095231ffefd0587f70c63faab7bfc,False
test226,plastic_bag__04,root:1/profile-refine:IDEA-Research_grounding-dino-tiny:container_pocket:01,container_pocket,container_body,grounded-sam2[IDEA-Research/grounding-dino-tiny|facebook/sam2.1-hiera-tiny]/profile-refine,0.3093366026878357,0.8672382812500001,164be5542fef318a15bc778c0394c46045798b99fb206b904d63ca135135cc1f,1c95f5306de5e7a87eeaa6dd901706ffefbdf364a509ba2d056df474e81e2a04,True
test226,plastic_bag__04,root:1/profile-refine:IDEA-Research_grounding-dino-tiny:container_strap:01,container_strap,container_body,grounded-sam2[IDEA-Research/grounding-dino-tiny|facebook/sam2.1-hiera-tiny]/profile-refine,0.25349122285842896,0.8542832031250001,e10360d92ca7740128f64e72b5b1eaa3b8890207af32a44f971121b105d4af6f,0bdefd13adedb5828d3efe01bc9c0de59d6c5dfda943cf37d78544850e317660,True
test226,plastic_bag__04,root:1/visual-region:01,container_pocket,container_body,sam2-amg[facebook/sam2.1-hiera-tiny]/point-grid/semantic-rerank,0.6757723724779936,0.66,adf83d823a7427a488585b31068073f22ef05d28d7c5807a4fb84ba86cd971da,81d86ab923f615597556f47dea10fec0d93c37375abdf8d0f6345c3c282f7104,True
test226,plastic_bag__04,root:1/visual-region:02,container_inner,container_body,sam2-amg[facebook/sam2.1-hiera-tiny]/prototype-labelled-region,0.7671597946164045,0.6100937967348099,9877e9b4b07150181f82d999eb259b28ed7e14ba7fe0b9b75745f3e90219a095,b48146944615565c0ff91d7e06bdeae60472f6765507e9ab1987e942f1718641,False
test226,plastic_bag__04,root:1/visual-region:03,container_pocket,container_body,sam2-amg[facebook/sam2.1-hiera-tiny]/point-grid,0.7671284477084677,0.68,76cf0b0397d4b5aab8cc860e820f631d85461c269d3d87418f88d0b5d361865d,4bc60aedf7bc46b8376736f09bf44ca8eb437087635ae2118a7e0470c86bf653,False
test226,plastic_bag__04,root:1/visual-region:04,container_visual_panel_03,container,sam2-amg[facebook/sam2.1-hiera-tiny]/point-grid,0.7077521019102718,0.62,8b65a7126fc57cccf52a2c334131edfb5341106fa6db944d58a69a1cd593ea88,69632a3575a620d54459a3392003f6b88b5af42bb48833bee74f3b43ddc20ef1,False
test226,plastic_bag__04,root:1/visual-region:09,container_label,container_body,sam2-amg[facebook/sam2.1-hiera-tiny]/prototype-labelled-region,0.6463193001403142,0.6126517428836823,1bf9b38ba7cb218e945bdd123b0a51eb33889960d89061f4efa27ab361d7fe81,d02464eff11ef924804d3dfb3bfda70fe437c053067d74c7ee5402c0a2bc3360,False
test226,plastic_bag__04,root:1/visual-region:11,container_handle,container_body,sam2-amg[facebook/sam2.1-hiera-tiny]/point-grid/semantic-rerank,0.5293974537472361,0.66,eb2afbf68d238966a3e379c4eccc4411769e3087fbf2f8bb37439ddf38b840aa,465d4cbebadf2f90c9199add7a8db0f39f4ff4c4e0e84292a1784f07cf01caa1,True
test226,plastic_bag__04,root:1/visual-region:13,container_strap,container_body,sam2-amg[facebook/sam2.1-hiera-tiny]/point-grid/semantic-rerank,0.5230187044511284,0.66,f38e33d7ebe3aae6130a5c8d3f43cb6edee0b3244ab7ad8effb83ad35dc09ba3,8f24f8fec75660cec269c40fef1e2b7ccf9a993f8b97ac69dbf1abac5a4e9c7b,True
test226,plate__01,root:6,tool_prop,tool_prop,grounded-sam2[IDEA-Research/grounding-dino-tiny|facebook/sam2.1-hiera-tiny]/root,0.49398452043533325,0.9632812500000001,80e472b6252bbcec2d6ec6a603122fad4620619b1cf61b3bf2128d0b6cf57205,c2d13fbcb766e540a42c6f6e29fd7fe5cc9a8579821924219e94eb151a21d515,False
test226,plate__01,root:6/silhouette-axial:tool_prop_handle:01,tool_prop_handle,tool_prop_body,hpid-structural-fusion/silhouette-axial-partition,0.8932997460549329,0.74,22042b23236f3bec69be503b9fa1f067a8a8abef4585b8ffa20543bd9bd08d10,3c29d6befd8084869f3a861d62141a5c0c527f0b4cdd4c55e82741273d46f134,True
test226,plate__01,root:6/silhouette-axial:tool_prop_pan_body:01,tool_prop_pan_body,tool_prop_body,hpid-structural-fusion/silhouette-axial-partition,0.8932997460549329,0.74,4edd96532c2fdf419224c833fc56b46078db538c754d4d231c4a9ed572a90a3d,6466efc589d3dcf03e13a45910b39ae6e99c09a0669c1acfd0c14ce45e74ab7a,True
test226,plate__02,root:2,tool_prop,tool_prop,grounded-sam2[IDEA-Research/grounding-dino-tiny|facebook/sam2.1-hiera-tiny]/root,0.7071013450622559,0.97041015625,a5f62e2f0ec3234c15c432adbd8e8f5eb0e06bd4e5c55fdea99a6fbd278d8a1d,818070a82f22670092442ce30a96da1eec9b200d9405cf18e9bb37faba8303bb,False
test226,plate__02,root:2/profile-refine:IDEA-Research_grounding-dino-tiny:tool_prop_bowl:01,tool_prop_bowl,tool_prop_body,grounded-sam2[IDEA-Research/grounding-dino-tiny|facebook/sam2.1-hiera-tiny]/profile-refine,0.24310296773910522,0.7984023437500001,e0942c9a3039f860de2e9c04ae53367ea58aaf0d928db8aca65dda5e95ad5b33,600e9b3567bfdc489cd7c73fb753b5d4b14b60929f07a4524ef267617c93ab0d,True
test226,plate__02,root:2/structural-residual:tool_prop_pan_body:01,tool_prop_pan_body,tool_prop_body,hpid-structural-fusion/axial-residual,0.8548120338389148,0.74,f2b67b65a917a9ce1cdf8a69ef8fe399c1f2357b80a3f093bf468b64f7ac2d89,16e7582bfa6d741b3d706fdfbc3acd4bb36a512d7fa89850168bae9e5ce3a052,True
test226,plate__02,root:2/visual-region:02,tool_prop_handle,tool_prop_body,sam2-amg[facebook/sam2.1-hiera-tiny]/prototype-labelled-region,0.7583491024731477,0.607532699812889,74980e7858822a4cfc2a57c66b1ea23bfc0af486aaa9ef26c278fdc532791732,94103dab0e86e24ca8be50fbb4d07761720f74a3b48c2ee521dee8929a152fe4,False
test226,plate__03,root:3,tool_prop,tool_prop,grounded-sam2[IDEA-Research/grounding-dino-tiny|facebook/sam2.1-hiera-tiny]/isolated-profile-root,0.4901745915412903,0.9927734375,feb60e88499278cbbba6f8743d1f9d32328881c1a68f39c233d0b60e86dcfdd8,c5a7485c16a3924f4138e3182a481d19f5faead3f08d495af7346a8c2115424b,False
test226,plate__03,root:3/tool_prop_guided_tool_prop_pan_body:01,tool_prop_pan_body,tool_prop_body,grounded-sam2[IDEA-Research/grounding-dino-tiny|facebook/sam2.1-hiera-tiny]/retrieved-part,0.2828867874211936,0.8387655175406417,ed2e43633b30bcf6f1d026da402cd4c5f85118200edd485d032711d32356a4b4,c81b2932a6f913fc15017660102662f5a69e38168aa64b052e9492d19c66673c,False
test226,plate__03,root:3/visual-region:01,tool_prop_handle,tool_prop_body,sam2-amg[facebook/sam2.1-hiera-tiny]/point-grid/semantic-rerank,0.5889413082510089,0.66,d32b9680c195de3ed2346298ba3ff3824994b7c832a31ac9ee2e78442113d2f1,004f8d7107509a0ce183e13ba964a3bc28977c8a46408c67399e6f00f0709a7b,True
test226,plate__04,root:1,container,container,grounded-sam2[IDEA-Research/grounding-dino-tiny|facebook/sam2.1-hiera-tiny]/root,0.7620701193809509,0.9852539062500001,24c2d2b56152c08d4ec66b202a5cbb2ec1a7335e74be72ede5afe5d489ad594a,8ae15a8d64305a33b53fe411f4ad3cfbc8e4bacb29ab62436a9d08ec1ff101b7,False
test226,plate__04,root:1/visual-region:01,container_outer_side,container_body,sam2-amg[facebook/sam2.1-hiera-tiny]/point-grid/semantic-rerank,0.5635483288205085,0.66,bb0404854851294993b383abe44032c134fcaf126f5b9ff391a97510d18e323c,17e44a8aaf7942eca7d0904c61ca9e06e7b024c4b998d362b7d624f4844a1acd,True
test226,remote_control__01,root:3,device,device,grounded-sam2[IDEA-Research/grounding-dino-tiny|facebook/sam2.1-hiera-tiny]/root,0.3692013621330261,0.98896484375,32274413bbf8c4bab1711dcf1e7c6a7c54b54f3a8a753f3839ec1087c4bc4798,330cef687e0a76b8ef097baa1be7c3a142dbaeee6c55ab9e4d71e315d3b92fcc,False
test226,remote_control__01,root:3/profile-refine:IDEA-Research_grounding-dino-tiny:device_base:01,device_base,device_body,grounded-sam2[IDEA-Research/grounding-dino-tiny|facebook/sam2.1-hiera-tiny]/profile-refine,0.37102270126342773,0.8604707031250001,e15d1ea2d304215250dbac0168cb346a68617e77103a9a011abf1cc116e5ca57,fae0770a0b3871680696cdffa4a1cbe2b7bc4e14fe959651e692fa1941713c1a,True
test226,remote_control__01,root:3/profile-refine:IDEA-Research_grounding-dino-tiny:device_button:01,device_button,device_body,grounded-sam2[IDEA-Research/grounding-dino-tiny|facebook/sam2.1-hiera-tiny]/profile-refine,0.2577650845050812,0.842294921875,af55f921afc91f0b3bc930124428e51d3d80c0c00bc10a8d9199e5cdf2415cd1,d33a0eba19862c4c88eb8961a9e5ef7c036d119dd60bbc790cddb281685d6f48,True
test226,remote_control__01,root:3/profile-refine:IDEA-Research_grounding-dino-tiny:device_button:02,device_button,device_body,grounded-sam2[IDEA-Research/grounding-dino-tiny|facebook/sam2.1-hiera-tiny]/profile-refine,0.24689629673957825,0.85486328125,5fce81f74c9f307a19932bccdb9cef7fd6af2ac66690daa3e25114d55e6f5404,46dd3c5314eccf374fce75d6c2a72ddd5a21280066c63cfc202a2b6d5bc6177f,True
test226,remote_control__01,root:3/profile-refine:IDEA-Research_grounding-dino-tiny:device_key:01,device_key,device_keyboard,grounded-sam2[IDEA-Research/grounding-dino-tiny|facebook/sam2.1-hiera-tiny]/profile-refine,0.24889914691448212,0.842875,af55f921afc91f0b3bc930124428e51d3d80c0c00bc10a8d9199e5cdf2415cd1,7f3fbcb8a03b4d2ebba53c7f1db3f6a823f8e051aaa745a6f840b3e838dd3691,True
test226,remote_control__01,root:3/profile-refine:IDEA-Research_grounding-dino-tiny:device_logo:01,device_logo,device_body,grounded-sam2[IDEA-Research/grounding-dino-tiny|facebook/sam2.1-hiera-tiny]/profile-refine,0.35711899399757385,0.842294921875,af55f921afc91f0b3bc930124428e51d3d80c0c00bc10a8d9199e5cdf2415cd1,0c311d5109adaeb0c1dfdd901c88b6f298b8d1c8eeb97b082c7a16e93a3284e7,True
test226,remote_control__01,root:3/visual-region:01,device_button,device_body,sam2-amg[facebook/sam2.1-hiera-tiny]/point-grid/within-root-repetition-consensus,0.54647389923989,0.62,01e2f84d640e6dc927192ddf6a4f069b951c715e6528961e71e18b33e675a90e,972d3bf12f3c7bb1792cda5aaa4ebd8d262c14eaa776d45de0bfacdb6de17e84,True
test226,remote_control__01,root:3/visual-region:02,device_visual_strip_01,device,sam2-amg[facebook/sam2.1-hiera-tiny]/point-grid,0.7174071665351691,0.62,602a659756938d7bac21732fd743d42ccf567c3ffa5393d2c08371902b33ef85,a7db7bf19718cc5fa090768d5ae9c37f9cc55543dde8e0838cd3b872753ceeeb,False
test226,remote_control__01,root:3/visual-region:03,device_button,device_body,sam2-amg[facebook/sam2.1-hiera-tiny]/point-grid/within-root-repetition-consensus,0.5314401331260579,0.62,1781757992b55fdb4b7eae96cb185a21dce352d5b90d340d57197ce9cf2cdfbd,8bd9b033f33da2cd3f3136c6363f4a4879d5925bd41ed221119c98ae107bdc26,True
test226,remote_control__01,root:3/visual-region:04,device_button,device_body,sam2-amg[facebook/sam2.1-hiera-tiny]/point-grid/within-root-repetition-consensus,0.5091922975488147,0.62,e7912da29350f30896a595f230f011ebd2768db69a4ab64e59630c42a1b2707b,d7713ad3eb960875545b28d0725106ffcca039328eab94a074357af2703d2327,True
test226,remote_control__01,root:3/visual-region:05,device_button,device_body,sam2-amg[facebook/sam2.1-hiera-tiny]/point-grid/within-root-repetition-consensus,0.537975419844701,0.62,f6724f7fdb29bcd7020f4fee4b253c6d0dee49e9afc2a708806034ab20c1a021,486fbaae7cee05247d2b59af71e55c12a8cbc4f99436041d3104c395060cbe44,True
test226,remote_control__01,root:3/visual-region:06,device_button,device_body,sam2-amg[facebook/sam2.1-hiera-tiny]/point-grid/within-root-repetition-consensus,0.5161080521391836,0.62,4c02006f4a934859577dce7328ab3c7bf15c56c80758f798bca622d17d91382c,0f461e3bbf3607f14ae4064b9444adfed070806023542de7ac4df59b16d95247,True
test226,remote_control__01,root:3/visual-region:07,device_button,device_body,sam2-amg[facebook/sam2.1-hiera-tiny]/point-grid/within-root-repetition-consensus,0.5261728139406358,0.62,e3336ce47430b65a11a6beec883c478bd067d6829a0a8ca04f832dc0e3edf8cc,2339cde2e67d75cf05a0e6524be786a1864ad3099a8663ca5a9481bea8e5c1db,True
test226,remote_control__01,root:3/visual-region:08,device_button,device_body,sam2-amg[facebook/sam2.1-hiera-tiny]/point-grid/within-root-repetition-consensus,0.5088469280490427,0.62,f547ac4cc9a31130884dc7f26335673a2e8378c3d8fe65049a9e6b6019becfc5,5f0ad9d88414d9233ac9798a2e86f9dbae91f87d483d610a037885c1cececb53,True
test226,remote_control__01,root:3/visual-region:09,device_button,device_body,sam2-amg[facebook/sam2.1-hiera-tiny]/point-grid/within-root-repetition-consensus,0.5190023984884229,0.62,c40c09e6bbd3b854ad56ae7d2af982d0da7cfb7be02cbf6c137fde56d67d8f27,7ba2974f6e726f453663e7ff4805005b7d5e67144ad884e65bc6694865c606b6,True
test226,remote_control__01,root:3/visual-region:10,device_key,device_keyboard,sam2-amg[facebook/sam2.1-hiera-tiny]/point-grid/semantic-rerank,0.5508006254245669,0.66,2829e3668799cbb291fc4bc09e9853e2ac0da6c7fdf7cb99c01c434d28d2c8ca,8a014bbaf0bf0fae129dc350e6ec0b91ba4379660e8f248f907cab156a5992e2,True
test226,remote_control__01,root:3/visual-region:11,device_button,device_body,sam2-amg[facebook/sam2.1-hiera-tiny]/point-grid/semantic-rerank,0.5697814440143308,0.66,e4f1793850c177680ccb1b28a0a9f96fc2dac5f6a9b843fb63629349f4a11d24,2bf6e25636e7ce77cfdf689b12ded4b1bd997cbc6ce1406f5bf0e2003774b05b,True
test226,remote_control__01,root:3/visual-region:12,device_button,device_body,sam2-amg[facebook/sam2.1-hiera-tiny]/point-grid/semantic-rerank,0.5689212453136822,0.66,1a3c68faa6b7acab2bf4e4a0c1e62d8a9cbca590f77b80b1c131c7beba113b56,5d2e813d58f2ae3f7d4cb1ac51bc1c0f3656a1d845c4887ad289dae0baa9095f,True
test226,remote_control__01,root:3/visual-region:13,device_button,device_body,sam2-amg[facebook/sam2.1-hiera-tiny]/point-grid/semantic-rerank,0.5250619016843809,0.66,375c3f573e31d1896bb4f3becacdb641ee20cc65063d941f8aa591431c629fe7,84e36e268a86b72094799726da2c88ef228e0f735a7d10d1b5cff34ff6c8b548,True
test226,remote_control__01,root:3/visual-region:15,device_button,device_body,sam2-amg[facebook/sam2.1-hiera-tiny]/point-grid/within-root-repetition-consensus,0.5213607228156998,0.62,c088893756792c3d4e31608fc3d42af58379ac5fc1d32f5614a1c1e54b085f9b,8bdce5b394a742e0187fc2dbf014c461348f5e8247908f2e169063b48b669ede,True
test226,remote_control__01,root:3/visual-region:16,device_button,device_body,sam2-amg[facebook/sam2.1-hiera-tiny]/point-grid/semantic-rerank,0.6066615897198913,0.66,74c776bd39784d9f7f998df0f23d56ec6c164507e72476dc19b9ac6e6399e451,805b77d585149f9a0f7b1926ff57ca6fe775947d1201e407cd234e62b8b53e62,True
test226,remote_control__01,root:3/visual-region:17,device_button,device_body,sam2-amg[facebook/sam2.1-hiera-tiny]/point-grid/semantic-rerank,0.5381597675394526,0.66,b6cd670f9e63b367a74587973431595695cf14cb5d3c8e8ae1ef9691d548391b,33b1514abb70e14a690455e2b9e2bdbcffef4801480211cebbf9737e45a94dab,True
test226,remote_control__01,root:3/visual-region:18,device_button,device_body,sam2-amg[facebook/sam2.1-hiera-tiny]/point-grid/semantic-rerank,0.602671390404154,0.66,45463511ecd0d1f2bde3bf6b37d539f74a10b82f53021b533728915f02727a0e,b0df7047a592866455096805a61242599a340f235368132ef2fa2bacd0af195f,True
test226,remote_control__01,root:3/visual-region:19,device_button,device_body,sam2-amg[facebook/sam2.1-hiera-tiny]/point-grid/semantic-rerank,0.6627303558705393,0.66,394c5684dfa608c9091ee3523934b4a910750d7e2001e42e670d07ace1c35355,826f50867249accd95018cc94be750236f1943d09e4408bf0c47292f56a75c27,True
test226,remote_control__01,root:3/visual-region:20,device_button,device_body,sam2-amg[facebook/sam2.1-hiera-tiny]/point-grid/semantic-rerank,0.6619551282465623,0.66,438c313a631d7471bb400ca6fda8f89f987aa2d0aaec8e150aa5a0a0106ef46f,4a1544d0fa3bb10995c36a9c47db8606ce7ebdbcf4d38f38c6b225966a2065c3,True
test226,remote_control__01,root:3/visual-region:21,device_button,device_body,sam2-amg[facebook/sam2.1-hiera-tiny]/point-grid/semantic-rerank,0.5847211971035733,0.66,3668e37acee58fb5285bbb97332e96d58e03918182820c15a1fc17eb0e4dbd76,baa52515fc9e2580835aea1a654a9b0f8b2d956d58fba742278ef050bc4fef08,True
test226,remote_control__01,root:3/visual-region:22,device_button,device_body,sam2-amg[facebook/sam2.1-hiera-tiny]/point-grid/within-root-repetition-consensus,0.514686432421622,0.62,0c7a042425aff91f488e679b73570bee1ceb6766fb9a45995c702a863487f88a,578592b7236400fe81d8454e948556dbecbf5c01c91d2492a5de6a2c05d9cf3f,True
test226,remote_control__01,root:3/visual-region:23,device_base,device_body,sam2-amg[facebook/sam2.1-hiera-tiny]/point-grid,0.7617468510075256,0.68,23b034fbe4f699f6667ed6d3f6962bdd23ae7bda2b1ebec16bf8190ece978fa8,5e0674d208375d70dfbb68a57bc4c7c0eb2e9a69f85540cca09907bfe3c36219,False
test226,remote_control__01,root:3:repeated-detail:01,device_button,device_body,hpid-repetitive-physical-detail-v1,0.6740441176470588,0.76,b7981c5acfc1a3ecc85c49326a042292588e557a71470a075baa5423ec456139,2536d32b69295a12aa124aecb3c0d8dc4722f7bd17840db553109e16f0b56834,True
test226,remote_control__01,root:3:repeated-detail:02,device_button,device_body,hpid-repetitive-physical-detail-v1,0.6282254901960784,0.76,295b861079097c5fdb478301658ffae9c769810774a2689c65f258ab7592fdb9,08e7ebf4817180d46a79b63020714f7b6721c5b2ca38721d730b0f20cdb33920,True
test226,remote_control__01,root:3:repeated-detail:04,device_button,device_body,hpid-repetitive-physical-detail-v1,0.6418627450980392,0.76,621a83d7ef31ca046dedaa4503fbc3d7fadf5e30a6e6e37064891d8fdf1b6b4f,11039781864f0e856d95318c16e129dce2e70965b070dd6da4b450570a581589,True
test226,remote_control__01,root:3:repeated-detail:05,device_button,device_body,hpid-repetitive-physical-detail-v1,0.6266293183940242,0.76,68dfe10a1a9ce551013b488ac9683303ecb8a8bea637512a69f404ab5e59facc,12341dd552fea02583b50320845e413201de9f91f722362f181f58bb4c412642,True
test226,remote_control__01,root:3:repeated-detail:07,device_button,device_body,hpid-repetitive-physical-detail-v1,0.6195588235294117,0.76,8dffb8338c70e107a74f7cfa2fe3821e729038288128108cc2b544c1656d7dc2,f8dac7e8902d49f37c22d53b01d4c8a79a379e1faaa6c002ff70b78b68df46e6,True
test226,remote_control__01,root:3:repeated-detail:09,device_button,device_body,hpid-repetitive-physical-detail-v1,0.6367647058823529,0.76,7ff6eb2b9b9512eccdd148a4595028d7a6e49fd9b7b562ab19e1801e5740283c,289ecbf5cd1f8df399037e1432ffc516773a6fd6c9a39b95388ee635f262aaaf,True
test226,remote_control__01,root:3:repeated-detail:10,device_button,device_body,hpid-repetitive-physical-detail-v1,0.6439869281045751,0.76,16a561f78f44f3cfe11050cf5c3a37fc25b7b427a12517254188c0ba7684ba79,a97f69e130c7ea14871cc9435481d9294b48a7b3b591a3cd4c224d7b8e6986fe,True
test226,remote_control__01,root:3:repeated-detail:11,device_button,device_body,hpid-repetitive-physical-detail-v1,0.6285635123614663,0.76,1e7521d81cd132698c5fd9c8bd06dac458227bc838d7d74bb9df2d0e8f1b7078,a23422c1e573baf73876af3b6e4506ef115204659e58b08fcd52c4c987cae6bc,True
test226,remote_control__01,root:3:repeated-detail:13,device_button,device_body,hpid-repetitive-physical-detail-v1,0.6039389978213507,0.76,d984eeb27cadb51ab011cc767f4970ce15e752b4aec15caa266c41beb2688cfe,6a632ceee5bcee215a869a66648ed43244931322488b8e7cadf53fc2b58e1697,True
test226,remote_control__01,root:3:repeated-detail:14,device_button,device_body,hpid-repetitive-physical-detail-v1,0.6359803921568628,0.76,5dab267aaf6a764fb76b7c1c6c4fbb00a3b1860ccf1a43dd7528d725c10c4de4,ec392027dee534fe628c5e9eb71fcd87921873f2923ffdc406d4cdad2188573b,True
test226,remote_control__01,root:3:repeated-detail:15,device_button,device_body,hpid-repetitive-physical-detail-v1,0.6273333333333333,0.76,55b07e57fe64f7a906ba302938931507155e10f2cef937cd43b50205cc39de5c,c0bd95a1c23c05b1c52fb6ee058bac4b32c3b3a44fcfaef713457049d27359e0,True
test226,remote_control__01,root:3:repeated-detail:16,device_button,device_body,hpid-repetitive-physical-detail-v1,0.6474705882352941,0.76,a8cc3005e3a30e850874fe59a2563868b7053e536ba5b3f4376c1737fdb151e1,f96b4d6cf2303ac66b996aea4fdfe343d552d79d9dc75d4e8e2a260cc7d2aab0,True
test226,remote_control__01,root:3:repeated-detail:17,device_button,device_body,hpid-repetitive-physical-detail-v1,0.6916425120772947,0.76,fa3e5e18276ef2c37ce4a461e9ae5ef2982053658f6813f2c9946e507df51945,3f7083d475b5e7d439dd64ae952421c322c9197ae6ef9cef0d4510c581ed6da9,True
test226,remote_control__01,root:3:repeated-detail:18,device_button,device_body,hpid-repetitive-physical-detail-v1,0.5942470588235294,0.76,3ade0bef85eda0fe98da4346f25ff67346566f8be0f07b1238ce88ab1768c01a,a3df8fedeb5f42961a977b4f34cc02d5df3af3193749f564b3810da4f2e49c6c,True
test226,remote_control__01,root:3:repeated-detail:20,device_button,device_body,hpid-repetitive-physical-detail-v1,0.685998547567175,0.76,a0cc3e5a08d8fa5922b61316bcfbf76663b63e90e385bcbc0d2560f3024585fc,574c406a87926b6ba7fd9bd55f3f02150c59a34b2c0cc23e085a80c351871d57,True
test226,remote_control__01,root:3:repeated-detail:21,device_button,device_body,hpid-repetitive-physical-detail-v1,0.6685254901960784,0.76,1fed9106f516f6582f43716c8a377e9c321cea7e01a9c5d52075233c63ed69f2,051c60e8cc646994cddd5e3d89534cb318583ed153c203cc32bb423163798df5,True
test226,remote_control__01,root:3:repeated-detail:22,device_button,device_body,hpid-repetitive-physical-detail-v1,0.668172268907563,0.76,be7e9bd2825fae3cd1b7654590012890cdd368248d2d49e2b3632d5db36949db,c764c1986c6141e684bb4da21205436214249ef4070b6d6d2202157702bf56dc,True
test226,remote_control__01,root:3:repeated-detail:23,device_button,device_body,hpid-repetitive-physical-detail-v1,0.6287660581473968,0.76,d87b5deefb91fee3788756fa55e4d87e71b28db82d22fd97145835fbd6a2abfe,dd473c892c8cf42cc5da1129db21bc5433bd3d1d0ca5f41d516d9ecfbd707b32,True
test226,remote_control__01,root:3:repeated-detail:24,device_button,device_body,hpid-repetitive-physical-detail-v1,0.6883995760466348,0.76,aa31948786ad9d70c6ef1dd9b00d6228cdadecf7f1c210729b7e81942027b21d,9a9c097f5fc9f1d9a0ec22a1f51f34c626408f0857065380db4d0720a4f8ad21,True
test226,remote_control__01,root:3:repeated-detail:25,device_button,device_body,hpid-repetitive-physical-detail-v1,0.677596223674655,0.76,20d32d395eb8dd6c8acc0a3f136127eb9ceb775db49868f609d276a913828af4,eff633594fbafcdc5a36c5f6b2b2808548c720c33b1829a67beb44449af82402,True
test226,remote_control__01,root:3:repeated-detail:26,device_button,device_body,hpid-repetitive-physical-detail-v1,0.6543688725490195,0.76,ada2ccf6b808d23ec9face284e159786cc006eff33ba3f09ac62f467f94f08d6,72f9eb482f1645b60e62c0e1ad501ce8118c09f723baa6d55e879c1f4c7b30a2,True
test226,remote_control__01,root:3:repeated-detail:27,device_button,device_body,hpid-repetitive-physical-detail-v1,0.7042075163398693,0.76,6c57cfbf04e2d4f9c0a4f3ea94ab312b05d94f0a51ee587b99b4412d34052d7b,e82d162a613391c4b97854013ce70bb80b4ef752001be25324489996b9b910f6,True
test226,remote_control__01,root:3:repeated-detail:28,device_button,device_body,hpid-repetitive-physical-detail-v1,0.5974248366013072,0.76,3315c5486307f082c8dac243f9c75cd7d624dbdba52bfe902b3621d23a066d45,439653d79adaa76476aba8b11296b0d66aa85245e995fa087959a5089674d824,True
test226,remote_control__02,root:1,device,device,grounded-sam2[IDEA-Research/grounding-dino-tiny|facebook/sam2.1-hiera-tiny]/root,0.7397985458374023,0.9911132812500001,82df84e1380c63e4c07d8945b4fb5299abc7259835c73597f5e0428273714abe,9c0615e9c704e2b01ea2621e864075fc9d77ca47dbbef005a015693fc488798d,False
test226,remote_control__02,root:1/profile-dense:device_keyboard:01,device_keyboard,device_body,clipseg-sam2[CIDAS/clipseg-rd64-refined|facebook/sam2.1-hiera-tiny]/profile-dense-supplement,0.3832548260688782,0.4352316257320694,16be8ab4fb8fe6eda62ecf26b6235ad6f235ed6306a3b27b49c990e50a7724eb,9cd7bd546d3ac97a3d72d4c5bf2360c72cf92c21cf624d90dcfb442cbed18d66,True
test226,remote_control__02,root:1/profile-refine:IDEA-Research_grounding-dino-tiny:device_button:01,device_button,device_body,grounded-sam2[IDEA-Research/grounding-dino-tiny|facebook/sam2.1-hiera-tiny]/profile-refine,0.2735744118690491,0.8517695312500001,9f266e09a6518c8976308c21d0211276a4df4f68a2f2dd2418411423576315fd,27721682fac1aaf612ead78664376ce583419fb076a09cb7d2177dfb49408d17,True
test226,remote_control__02,root:1/profile-refine:IDEA-Research_grounding-dino-tiny:device_key:01,device_key,device_keyboard,grounded-sam2[IDEA-Research/grounding-dino-tiny|facebook/sam2.1-hiera-tiny]/profile-refine,0.2402394413948059,0.867044921875,b47391db0921ecf9b62dbd21ee2ba06222df3b24e010a9580eda37caeb3648f6,28558a3894e7fa8bef25129244487e3a411d5304dbfed7685505004920467c9d,True
test226,remote_control__02,root:1/profile-refine:IDEA-Research_grounding-dino-tiny:device_logo:01,device_logo,device_body,grounded-sam2[IDEA-Research/grounding-dino-tiny|facebook/sam2.1-hiera-tiny]/profile-refine,0.3073579967021942,0.8511894531250002,7f370e124955d40cf774b7ea376f415b08d8b8edab350d8bf83bc0065cf16201,7da12eb76c5b2e4de23b3b0701fe982af25169688c9b265217b5ab7d0c92ce02,True
test226,remote_control__02,root:1/visual-region:02,device_button,device_body,sam2-amg[facebook/sam2.1-hiera-tiny]/point-grid/within-root-repetition-consensus,0.5791017210874294,0.62,689d8295e202d571bc66445686997b710893271c5bcc82478f4ce587f0cbdebf,58c88eb1494e88b6c1984dc7ca3141ae2a5f5819d242eaa4b551d54363c9fecd,True
test226,remote_control__02,root:1/visual-region:03,device_button,device_body,sam2-amg[facebook/sam2.1-hiera-tiny]/point-grid/within-root-repetition-consensus,0.6254755055041609,0.62,879982ac262adeb4e0c492201a9f18548986f45fda392ac55eb5a64ea7635f62,a63839e6c4090423c6072f9a64e3e0da5f1dc22ba55ea5f13c90d1cd1a6cda56,True
test226,remote_control__02,root:1/visual-region:05,device_button,device_body,sam2-amg[facebook/sam2.1-hiera-tiny]/point-grid/semantic-rerank,0.5804137420558716,0.66,363d7fa942fcc531445c1553c6593bbbb0f2200768a26b2b97674d0aa273d0d8,91c647613c72a668d6cee0a1a1d2fa7e21ee941b7ef369eb15d5c56938df48fa,True
test226,remote_control__02,root:1/visual-region:06,device_button,device_body,sam2-amg[facebook/sam2.1-hiera-tiny]/point-grid/semantic-rerank,0.5830394461844401,0.66,9ace48bfee63001093ab2b945deec8216ef48580949d499a0b6cb67fd092ba63,2bbafe93a1c8a8be29bb3b28cb80ab5213cbbc121c2e3594fce35fe817d6a164,True
test226,remote_control__02,root:1/visual-region:07,device_button,device_body,sam2-amg[facebook/sam2.1-hiera-tiny]/point-grid/within-root-repetition-consensus,0.60691279266571,0.62,df0159b5644cf9027ff2454bdb4b1b5ea023525a4c8cfb796712016eb3d1ffae,7c4f559735aeaaf8cb23c2933585ab0524950a16ddb3b9cfc942903be9f67c62,True
test226,remote_control__02,root:1/visual-region:08,device_button,device_body,sam2-amg[facebook/sam2.1-hiera-tiny]/point-grid/semantic-rerank,0.6284208074629947,0.66,c12253dd3b7b181a5b655cd99172d528c771b727eaf9c8de0077c3d59976a191,d97ccff5aea470bb3b8f3f5c6c9d627976b554361d899f63e31c68bf9fb2b4ec,True
test226,remote_control__02,root:1/visual-region:09,device_button,device_body,sam2-amg[facebook/sam2.1-hiera-tiny]/point-grid/semantic-rerank,0.6119141213717647,0.66,1e13064f377c7f7757d8b9c8d134efe1e28ceac41594cb684fa0e48624bae6dc,329a3e9cf339034379c49a3c0ef24d296359bc13cd7d39e40bf20660c0e6cb27,True
test226,remote_control__02,root:1/visual-region:10,device_button,device_body,sam2-amg[facebook/sam2.1-hiera-tiny]/point-grid/within-root-repetition-consensus,0.6084351738464299,0.62,c4ad4938d78bc7375d30ad22ceb689367c7001c2e489e74f148b5cd640d8d97b,8281885b8b24be346a00ec47988636cc6724a543deff1978e6e0da203d975fcf,True
test226,remote_control__02,root:1/visual-region:11,device_visual_panel_02,device,sam2-amg[facebook/sam2.1-hiera-tiny]/point-grid,0.7923682549959519,0.62,19c180262d6fc21d12df28786081521123b5da9cc66c295a9c5489aae53c69e8,933f3f3e7d15442cece72ad776598d32d0128156a2516d270baa1d7ddba6a9d8,False
test226,remote_control__02,root:1/visual-region:13,device_button,device_body,sam2-amg[facebook/sam2.1-hiera-tiny]/point-grid/semantic-rerank,0.5607616595181732,0.66,13a8575740e0e496be750c22554f93f7b8ba9a5cd43344ecb617bddb94fc3dcc,1f3f8c14ce26bb3e63e76ce1df21ee33f651c85f9e4f297a8da02c5b4da5950c,True
test226,remote_control__02,root:1/visual-region:16,device_keyboard,device_body,sam2-amg[facebook/sam2.1-hiera-tiny]/point-grid,0.7518308965179031,0.68,26dd7e79a674dde2f370975ab7e0ba6ec7bcb7bf28a34419b1a2b5cbc70eb809,7bbdbd83e1e6632a972ee3dfef42b17f0221e8184c3c40e449e3ca9aa44f738e,False
test226,remote_control__02,root:1/visual-region:17,device_button,device_body,sam2-amg[facebook/sam2.1-hiera-tiny]/point-grid/within-root-repetition-consensus,0.5822529339610949,0.62,38705b4d40ade73c30f103d409bc066c6cd246f907dcfa3e002d4cc7b50e652a,3a47ff6e5fac7c91c3255b7ed4e73814b44dd289573619700a1e35e60b9d4c23,True
test226,remote_control__02,root:1/visual-region:18,device_button,device_body,sam2-amg[facebook/sam2.1-hiera-tiny]/point-grid/semantic-rerank,0.5606816180579752,0.66,77bd1607c5476701edef75222e044b12bc18883eb927ecec41e33763d39594e8,8e8600bf11c843e0cee9f157d7a6afdcade1774a1d8c5f83e23a4ca9fe023aec,True
test226,remote_control__02,root:1/visual-region:19,device_button,device_body,sam2-amg[facebook/sam2.1-hiera-tiny]/point-grid/semantic-rerank,0.576885566433126,0.66,2f1d789a9fc620cc3fd39317599dcc2483a24bcbca02c736234a32fd5fa4033e,e28b0d9928ad3fb80e99534ca88154b65d473aeef24f98c5417432507dc63cbe,True
test226,remote_control__02,root:1/visual-region:20,device_button,device_body,sam2-amg[facebook/sam2.1-hiera-tiny]/point-grid/within-root-repetition-consensus,0.5384110971462782,0.62,4a8d0f2d4861fa22f313d6ab6a631c3e7ec967a703cdf172600b72b70f6e617a,1bf7d8b98b879cf08f55ebef99b7566633ec35d23e80ee1e2c93658c7f744eab,True
test226,remote_control__02,root:1/visual-region:21,device_button,device_body,sam2-amg[facebook/sam2.1-hiera-tiny]/point-grid/semantic-rerank,0.5200281433554834,0.66,b1eaa739f67dcd8ff9a2a308969d57e9ea53cc1a7219b0a39c402ad83a65b238,cf2453cf604a549c1a378bb92b491ba1633b58d796291da087166e89151c8189,True
test226,remote_control__02,root:1/visual-region:22,device_button,device_body,sam2-amg[facebook/sam2.1-hiera-tiny]/point-grid/within-root-repetition-consensus,0.5749900732043037,0.62,c1dda9ee058931766b56865adf0cb7576744eeb4319f5f43e21f866470a17200,e0853a3823cbad2f24c1a2a1dbf001f04dd7a30aa38b834952880f561b61b295,True
test226,remote_control__02,root:1/visual-region:23,device_button,device_body,sam2-amg[facebook/sam2.1-hiera-tiny]/point-grid/semantic-rerank,0.5913206268054043,0.66,f838674f2c7409ed10ffa5729dcba2d4d4d2362379a3d52f844abe494cdc714c,0b2f06b9b42aac4939f651863d8e1543f7e1c2a8e8be16b80e0ee6ceb001394a,True
test226,remote_control__02,root:1/visual-region:24,device_button,device_body,sam2-amg[facebook/sam2.1-hiera-tiny]/point-grid/semantic-rerank,0.6272756133359556,0.66,f6d689697be5ff8ce00972f3a16c816fd76c5e41d841c1f34e55237965e277fd,40942390f64f07d2cdff59c4fb03572a0c62ef14e95fad93cd646539ee2e4ae7,True
test226,remote_control__02,root:1/visual-region:25,device_button,device_body,sam2-amg[facebook/sam2.1-hiera-tiny]/point-grid/within-root-repetition-consensus,0.5910818022450922,0.62,b5dfb1d2e81466185c06c0eef565e91b48bd077aaf718a8e7f936356d54c720a,6d54d82b18a8c67342303c2039ab1d1c8d298c172a7fed548c93322c85a5d07a,True
test226,remote_control__02,root:1:repeated-detail:01,device_button,device_body,hpid-repetitive-physical-detail-v1,0.665080988917306,0.76,d814fddbd6de2aea2aaad1dfb2b284659da0328808a90d375fe4574fe5df4ba9,f85d30572a70beb1add6aadaba4cd8297ab0c6a80a852026f0ac8009c5f7ff45,True
test226,remote_control__02,root:1:repeated-detail:02,device_button,device_body,hpid-repetitive-physical-detail-v1,0.6735627868168543,0.76,3d8138b5a4a52714a9b892d70c14a1826e9c3868ec62592d0161d86d4637fe57,fde9266fa36e08b163fbb297d4e3d15986c2b1c676a83c24a48861d83d6b6982,True
test226,remote_control__02,root:1:repeated-detail:03,device_button,device_body,hpid-repetitive-physical-detail-v1,0.6789420884632922,0.76,f6083ce86a4c9a142c48682f8b558121697d0af9cc13c47a1065a83376cb1362,b7d8b2b3801c8bdf66a4563fe522dd31bff2146a755348de83121a5c4744aadb,True
test226,remote_control__02,root:1:repeated-detail:04,device_button,device_body,hpid-repetitive-physical-detail-v1,0.6750344462109168,0.76,1f36442e747ab8fb938c613041259b3fa0eafb917e0016040e64d661742db6a7,f42558e2fa482ce2a0a78b27ed9742f81fe2da508ca962ac22f38260054274a1,True
test226,remote_control__02,root:1:repeated-detail:05,device_button,device_body,hpid-repetitive-physical-detail-v1,0.649607843137255,0.76,0b1de6730497fccd40da0c0540cbda532aff15d0095f0bc1296c0ad370a643e8,b4c69b4c532818b702d0627fa09b7ea51a19699f905a202ad18115c66598f13e,True
test226,remote_control__02,root:1:repeated-detail:07,device_button,device_body,hpid-repetitive-physical-detail-v1,0.6761636828644502,0.76,01a2a4606e219c43e9d5521bf12d520cd20e1805187b1a8c0a733ee6879f5cef,9f0beecdb1f7405e5e476fe6ac1fb2cabca007555e3d13cadc8cadceea808647,True
test226,remote_control__02,root:1:repeated-detail:08,device_button,device_body,hpid-repetitive-physical-detail-v1,0.6891229464758877,0.76,21a86a1f0acd057a129196bf3b9c679981d2dd4f6b655908bb031cf1199fc415,2911fed4b592d9b337834745e57002ae00d2ae0c0f97264354397f7205993ff6,True
test226,remote_control__03,root:1,device,device,grounded-sam2[IDEA-Research/grounding-dino-tiny|facebook/sam2.1-hiera-tiny]/root,0.7518303990364075,0.9916015625000001,f2fc77fd9f4daa03007759aa6133427e779eb98ecbdf6767df7a77468aee63b2,c77b5a919b97dcf4b3e28a79ea9320c00c5bb3a9aeac5f8a72df8414efe487d8,False
test226,remote_control__03,root:1/visual-region:01,device_button,device_body,sam2-amg[facebook/sam2.1-hiera-tiny]/point-grid/semantic-rerank,0.59491620464421,0.66,9c7ec5d1c3642aadc36fa9f1529413f053a5837a34a4d490db873d6dbaa00073,426af63297ecfe35fea315984b9b028bf4ac95dcdcb78e273062192db186f02b,True
test226,remote_control__03,root:1/visual-region:02,device_visual_panel_01,device,sam2-amg[facebook/sam2.1-hiera-tiny]/point-grid,0.8482005432720937,0.62,6860585d1196a1547fc8bdacd067896fcbd45c56c153c3f64ee75f5b6a560815,e8e0cb21a64dbc3013840793b2d1e6506d59d9bad73bc03816fa32a32d5b342d,False
test226,remote_control__03,root:1/visual-region:04,device_button,device_body,sam2-amg[facebook/sam2.1-hiera-tiny]/point-grid/within-root-repetition-consensus,0.5361695507899028,0.62,ba72c3cc173ddbb882294eccd121ca46e821e308d2928d4b3434d22f132a8411,d4e17631c891ceac15f442be91a8aa12751fc6b764d806c2cd48285876e74e1b,True
test226,remote_control__03,root:1/visual-region:06,device_button,device_body,sam2-amg[facebook/sam2.1-hiera-tiny]/point-grid/semantic-rerank,0.6737786692956333,0.66,1b68a4e504c3731cae588acd4a5dd4a20683b963d306559a67b6290ed38d4e80,08d540ef7e877fea3d7fb47ed37633c252a845aebdf90e071a087e3cb8c18f98,True
test226,remote_control__03,root:1/visual-region:07,device_button,device_body,sam2-amg[facebook/sam2.1-hiera-tiny]/point-grid/semantic-rerank,0.6736989137052931,0.66,c23eb49e3f5ec2519a590bdb6aa09ee835b8bf5af3d2fa605e457030414d0929,f601934f199e3e09282f57b7ca160a26f182243f08ca70201bd45b942f7f08d2,True
test226,remote_control__03,root:1/visual-region:09,device_button,device_body,sam2-amg[facebook/sam2.1-hiera-tiny]/point-grid/semantic-rerank,0.6014012160422993,0.66,9e8b378e229c200aa1b554bc0c7947d1b86456e2d7ce6d97f0cd8e78bb719085,dad8d32d75356ce31c1fab487318472dc6602a85131c8f7447393301804cf91c,True
test226,remote_control__03,root:1/visual-region:10,device_button,device_body,sam2-amg[facebook/sam2.1-hiera-tiny]/point-grid/semantic-rerank,0.5852872743009596,0.66,24bae53ef96082d28e2c3dc330e6c3bf044e091311225766d847316e6923c524,48cb76b48484dec7b55036042d940cb331c673c8528f1415735cb1e3a4b792af,True
test226,remote_control__03,root:1/visual-region:11,device_logo,device_body,sam2-amg[facebook/sam2.1-hiera-tiny]/prototype-labelled-region,0.7561113530549444,0.6078131188211441,732fbadf2d6a5c0120171732dc8e8940f0bc14086fb745eb9eee71c654d10e60,db077988841590961c0ff4e549db33abc95ce3d843d9489b1483ff8df7b64798,False
test226,remote_control__03,root:1/visual-region:12,device_button,device_body,sam2-amg[facebook/sam2.1-hiera-tiny]/point-grid/semantic-rerank,0.6299011314035285,0.66,ca4b4e12b31c4c05760864b584821b09cb0128255a92c2cbec01e48208e158d0,9f4d46022316fbd4474b21b69b18b5cb5696770cf7468c6cfce449862aa057dc,True
test226,remote_control__03,root:1/visual-region:13,device_button,device_body,sam2-amg[facebook/sam2.1-hiera-tiny]/point-grid/semantic-rerank,0.5654861111086442,0.66,0772a0ba1630bf654193b5263a753240e32fe61f8473a63886744488d7277962,12f4295ff0b2cb064dd47b3ec62580b6ae1a650fc51ac83ce9f23cd5272f8ac1,True
test226,remote_control__03,root:1:repeated-detail:01,device_button,device_body,hpid-repetitive-physical-detail-v1,0.7750379689448034,0.76,ff7d8b8fadab8e7006660b7a8007fa95a57ec8190d99342db3f9c7c1d9825caa,987b3b9a4ea4135f4927639d2d470f78968455d8ad2a5a378ae27e4cab0abc14,True
test226,remote_control__03,root:1:repeated-detail:02,device_button,device_body,hpid-repetitive-physical-detail-v1,0.7830820215410108,0.76,5d2d0a63750bab52a8995ecce8cac70394ac1809474ae584bad49943d0e374bd,f4d4c1748bba0617b4746aae56a97bad6932c7bf8e5dbfac80630a0fe5590131,True
test226,remote_control__03,root:1:repeated-detail:03,device_button,device_body,hpid-repetitive-physical-detail-v1,0.94,0.76,caf1ba92cc76e698b044470c71ff8bcfe1dafcd1234dbf685416e98618ef3e50,335a13eeeee6612f814b2c0aab6235ff30702a275b714fc206b2a11b09872119,True
test226,remote_control__03,root:1:repeated-detail:04,device_button,device_body,hpid-repetitive-physical-detail-v1,0.8319260362372798,0.76,eb2314a0054258a984049ba895355855ac7d19f965998a7eff4462c2fe62c965,43e5587d1f5d099111467f025e87e7cbfdbb1eab739f6376e091e1c313ad4e48,True
test226,remote_control__03,root:1:repeated-detail:05,device_button,device_body,hpid-repetitive-physical-detail-v1,0.5703560371517028,0.76,2b2e0588f5dc853d3874309bf3569cf13cf4070d8fa6c7abbaef4f5d7a031aaa,7e901b77ffdd88e6b296919bddd8ab53989a45f0c1754613280c7f7bb2326d40,True
test226,remote_control__03,root:1:repeated-detail:06,device_button,device_body,hpid-repetitive-physical-detail-v1,0.8023311546840959,0.76,100b5f0f227f44538edf4b921ddcf8650ea73df1c6e1a01cf481b367d90556bf,99a3bfcf46b021c714918b62e0f54a8a51c1c2fdfe539942abb9b69da2dd6a61,True
test226,remote_control__03,root:1:repeated-detail:07,device_button,device_body,hpid-repetitive-physical-detail-v1,0.7763548698167791,0.76,52f758fa314a0af940ad97525a26d4bc7dd3ee76331765731899a7b8c9e40efc,02af29a325e5024b0b4e35ae3f0293f1608bf12f16658a9f3c2b35a8537d93f7,True
test226,remote_control__03,root:1:repeated-detail:08,device_button,device_body,hpid-repetitive-physical-detail-v1,0.7690464895635674,0.76,d8803f2580a89affb6d28c35111c807c6b845102aac630491b0a47bdbc8fad86,afe74aa67c5386b235562313fdb387b9e3b11259469ee0c3e4cdbabd61b5a3d8,True
test226,remote_control__04,root:1,device,device,grounded-sam2[IDEA-Research/grounding-dino-tiny|facebook/sam2.1-hiera-tiny]/root,0.8241790533065796,0.987890625,20e8907424d641622a8e6835a98bc60979f6b4269e72e3210609e6961523b118,a4489687068649814b9188e41ef094c028820e32029337a23cb453fb0e90bc22,False
test226,remote_control__04,root:1/device_guided_device_button:01,device_button,device_body,grounded-sam2[IDEA-Research/grounding-dino-tiny|facebook/sam2.1-hiera-tiny]/retrieved-part,0.37921677948737975,0.7434179895767614,7bcbfd6684d23aae62e4d6ef8c559cd9905fcdae281a90a33a0fde2698ddac41,7e9c2a34994d6a18f92458cfd731a8a4ab7c4e728a84efd75c669bb4e97d48d4,False
test226,remote_control__04,root:1/profile-refine:IDEA-Research_grounding-dino-tiny:device_cable:01,device_cable,device_body,grounded-sam2[IDEA-Research/grounding-dino-tiny|facebook/sam2.1-hiera-tiny]/profile-refine,0.4014531373977661,0.8444218750000001,b8c9f4204bcff79e4f29640b158dec87eb549b23323decb8d773a8b9831d5c2f,25baffb2948753b8b9c140bb610a22916e67053f85163cdafedc2dcc7d7b3386,True
test226,remote_control__04,root:1/profile-refine:IDEA-Research_grounding-dino-tiny:device_key:04,device_key,device_keyboard,grounded-sam2[IDEA-Research/grounding-dino-tiny|facebook/sam2.1-hiera-tiny]/profile-refine,0.2487165927886963,0.850029296875,d5e481640295a1f43d2f816bc07864959d2832184d7bf1d153f6ae5d115079c3,54fee5d5b42bb379f17de4030029e8717bc51d694ee24bb8f22805de41d8bb70,True
test226,remote_control__04,root:1/profile-refine:IDEA-Research_grounding-dino-tiny:device_key:05,device_key,device_keyboard,grounded-sam2[IDEA-Research/grounding-dino-tiny|facebook/sam2.1-hiera-tiny]/profile-refine,0.24689629673957825,0.8415214843750001,ee336c66fab65704d8945a7fff0c17d675b822fc0e55f17bcc362b8b34487068,f1199ef4bd9751bf7335a0bf0142182cb0f850b18d8114bfb9ef4f8895732789,True
test226,remote_control__04,root:1/profile-refine:IDEA-Research_grounding-dino-tiny:device_key:06,device_key,device_keyboard,grounded-sam2[IDEA-Research/grounding-dino-tiny|facebook/sam2.1-hiera-tiny]/profile-refine,0.24418270587921143,0.8463554687500001,059317883720f0f260f4baf6c064b1166690e38180135748607ce04f3ae6c74a,dafe4a35c34eccf0a45f5260b1d1183d0659b8aaeae531b018bb7e3280676140,True
test226,remote_control__04,root:1/profile-refine:IDEA-Research_grounding-dino-tiny:device_keyboard:01,device_keyboard,device_body,grounded-sam2[IDEA-Research/grounding-dino-tiny|facebook/sam2.1-hiera-tiny]/profile-refine,0.3007456064224243,0.8059433593750001,82e1f087f4e047809d04583645fb79e5258a5d0d790aec6bda9cf38e53afe451,fb158c701c5c9a01aec0ef689401ce95cdeb7dfa76dea13e7410e4b60c1c4c89,True
test226,remote_control__04,root:1/visual-region:05,device_button,device_body,sam2-amg[facebook/sam2.1-hiera-tiny]/point-grid,0.6885785678493089,0.68,c798917519144df7b58a98d69b3c59f5041c309faf45eb33b8d9e8aea320fa22,80739ff03205630762cfaa0c8a800d1d716130111833e2ea46a845fd0e72b008,False
test226,remote_control__04,root:1/visual-region:06,device_back_panel,device_body,sam2-amg[facebook/sam2.1-hiera-tiny]/prototype-labelled-region,0.7650657862307357,0.6082297985715867,722aba22ea4f0d63b41fa896ad40f2ff4947a1ed9e8f32926299c8bc2bc24001,d296c0d28b94b6e9c8aa7380808ccc6fc2db9e6d1df5d211cba8075b1f6f4ef0,False
test226,remote_control__04,root:1/visual-region:08,device_screen,device_body,sam2-amg[facebook/sam2.1-hiera-tiny]/prototype-labelled-region,0.8693219528989733,0.6072868995742797,28b2e433b39404f022fa6517e3b01f22d45637b6aa4e48908d6f21dc88dfc981,063a0eeedd3e5283b1920c520c7cf120a88408db3381ae7d55a2932549e4b34d,False
test226,scarf__01,root:1,device,device,grounded-sam2[IDEA-Research/grounding-dino-tiny|facebook/sam2.1-hiera-tiny]/root,0.9525741338729858,0.986328125,3c623c9355c7e554a69b54a48eb2c2ff39598e240cad7ef151a0e3a2f8dc9ce8,47b161c3d536af93d0abc14e3f27c439bd70046c539acfc797834f4c78255ec3,False
test226,scarf__01,root:1/device_guided_device_bezel:01,device_bezel,device_screen,grounded-sam2[IDEA-Research/grounding-dino-tiny|facebook/sam2.1-hiera-tiny]/retrieved-part,0.3982403248888975,0.8384566160112911,cdaa53fcc38779f1a7365b3cedd37072b0a09a1706d1f6dfb68ee42c33f767bb,17510a0ddba6a98ef4646424f51234efb4bc1f394342b8c624dc18f748b13519,False
test226,scarf__01,root:1/profile-refine:IDEA-Research_grounding-dino-tiny:device_back_panel:01,device_back_panel,device_body,grounded-sam2[IDEA-Research/grounding-dino-tiny|facebook/sam2.1-hiera-tiny]/profile-refine,0.28527238965034485,0.8477089843750001,a146bacd76dc9f942dfbade4c8615da6af5245aa82f250f0c468759c0354137f,3938e4a1434d1f2191f28aab2ff405e8366336ee50d411c35da753f480b61adc,False
test226,scarf__01,root:1/profile-refine:IDEA-Research_grounding-dino-tiny:device_button:02,device_button,device_body,grounded-sam2[IDEA-Research/grounding-dino-tiny|facebook/sam2.1-hiera-tiny]/profile-refine,0.272024542093277,0.845001953125,7021e061ecc7c67c7dc778bea2e7b678d746a2214533fc02f15b6ab42157ba76,d0a15d8b9fcd890f4a98dc4c3f59f6e83f7e895eeff7cee69fc2051f1c6a9b60,True
test226,scarf__01,root:1/profile-refine:IDEA-Research_grounding-dino-tiny:device_microphone:01,device_microphone,device_body,grounded-sam2[IDEA-Research/grounding-dino-tiny|facebook/sam2.1-hiera-tiny]/profile-refine,0.3821414113044739,0.845001953125,7021e061ecc7c67c7dc778bea2e7b678d746a2214533fc02f15b6ab42157ba76,64110d0dbb61796456d9302bb27f39a277c71160ed1189b48e674c7e93abe583,True
test226,scarf__01,root:1/visual-region:01,device_camera,device_body,sam2-amg[facebook/sam2.1-hiera-tiny]/point-grid/semantic-rerank,0.5064301634366756,0.66,b052d5b6988c6bdac69cd532e71075f168e8f818402fa679d61d37c52438d7cb,7361661dd12f4ee0aef06fa52584994a7ee871abad8c1d9b92c2fddf9c497b4f,True
test226,scarf__01,root:1/visual-region:03,device_screen,device_body,sam2-amg[facebook/sam2.1-hiera-tiny]/point-grid/semantic-rerank,0.4987885255281949,0.66,f4867721b8076709b96ec68c266eeac7fb7d9352417e7288c083d8243ba9837d,60d7c847278473fc7588f6a5b6e8ed76b5368f68af7109829cfcdb7c5e5684bf,True
test226,scarf__01,root:1/visual-region:04,device_bezel,device_screen,sam2-amg[facebook/sam2.1-hiera-tiny]/point-grid,0.6269279246793503,0.68,5628005bac6c05b43ecf7f252ec362701f830d3ef647e2ff78e9502e477a9e92,31fe38da44d21fcaeadf769a6b52017c61670d632c0a2642e9dad7384f72ee83,False
test226,scarf__01,root:1/visual-region:05,device_visual_panel_03,device,sam2-amg[facebook/sam2.1-hiera-tiny]/point-grid,0.7644651150904981,0.62,875471f277a9d69950c2385bbe2e0453bfcd25deb5b20c37f7b1b5c9de5a7530,97c5bb3abc0d67a2e49ddaffe326e26d60266c6d8f262a25363ed95bf22c48fe,False
test226,scarf__02,root:1,character,character,grounded-sam2[IDEA-Research/grounding-dino-tiny|facebook/sam2.1-hiera-tiny]/root,0.4974193871021271,0.99072265625,e576bf1c92ab4433030a998546d4ebfd55d5639be331be59ad9c88e8ffcc404e,ed2039a3b4a841661aba5d19caac3e24efb003d04044fa665b55022ea52b1c29,False
test226,scarf__02,root:1/contour-visual-region:01,character_leg,character,hpid-appearance-contour/closed-edge/semantic-rerank,0.4492455595436132,0.66,0cb393d1ae5a0bf683fa5b0f342a34c2f385d3c31d39475ea46bf918e256364f,2d5713ac9414a97045952acc1abc80a8f7bb422cbaf2f60d3b84f72fd0692339,True
test226,scarf__02,root:1/contour-visual-region:02,character_torso,character,hpid-appearance-contour/closed-edge/semantic-rerank,0.5328022611497906,0.66,05c27f9c5a0c2e60aa34987943ff29ca01069d0e724881dc57ec1bafdc7ec53e,2df4b34fa73044978f706e9c6782d11f3e669dca852f5a8745e174fbd73bf3a8,True
test226,scarf__02,root:1/contour-visual-region:04,character_shoe,character,hpid-appearance-contour/closed-edge/semantic-rerank,0.4972176082948526,0.66,c8b08e29f08ed1dc8e3f4152e28d65f503fa098deedbb4e22aa5964f54a21106,7e90b924b41465b83505d812becb3b3625456771424bbf27610276cb851e73cd,True
test226,scarf__02,root:1/profile-refine:IDEA-Research_grounding-dino-tiny:character_hair:01,character_hair,character,grounded-sam2[IDEA-Research/grounding-dino-tiny|facebook/sam2.1-hiera-tiny]/profile-refine,0.2894721031188965,0.8856869140625001,1117024faa6b1220e284c587bbfa69a6a87a221abceb504ca541b998767ec5e4,932bbd1f8cd5375b9baba493ee0e3f9b850c212f926f580186c75a8204f299ba,True
test226,scarf__02,root:1/profile-refine:IDEA-Research_grounding-dino-tiny:character_sleeve:02,character_sleeve,character_upper_clothing,grounded-sam2[IDEA-Research/grounding-dino-tiny|facebook/sam2.1-hiera-tiny]/profile-refine,0.26435837149620056,0.966109375,7da0a24638762234e7ed7c602f19cbec8209850be8c5c7ae36a1eea4e3ac1801,ae014eada6ba9dd93a90aa0a54f5901a2c58db8768622dc9abe7863a96a747bb,True
test226,scarf__02,root:1/visual-region:01,character_visual_panel_01,character,sam2-amg[facebook/sam2.1-hiera-tiny]/point-grid,0.7504838640778613,0.62,0bb6ef118e521ec5ff4d4d8e3ec5e31f7872ecf1304e10bd2928579ba36b2a67,0dc8ae8b417cb3d4a7557aa5bb023c1330083bc0f303410ca6e4249858ee2b06,False
test226,scarf__02,root:1/visual-region:03,character_leg,character,sam2-amg[facebook/sam2.1-hiera-tiny]/point-grid/semantic-rerank,0.5976356705392996,0.66,9f1b7b2bd9bc26c597b5a817462289a18c8f5b11471fef9e1d181fce218090ca,5d9e9c274c7b81cbe3f31dfa18f931e4ce1c14fbdf681c9bd8cb9eb453cbb4c4,True
test226,scarf__02,root:1/visual-region:05,character_shoe,character,sam2-amg[facebook/sam2.1-hiera-tiny]/point-grid/semantic-rerank,0.4919983587310498,0.66,fd71bf0fc0d2a30a192e0028f170df6608805bd1767728763419e4774ed0ef56,8f2819f921d375ffb76e661e2f77da54414f94389c0679a2a8ae7d6c5f1e9f68,True
test226,scarf__02,root:1/visual-region:08,character_visual_panel_05,character,sam2-amg[facebook/sam2.1-hiera-tiny]/point-grid,0.7205822217325792,0.62,0e5624946ada1064ff286bad816333148d9604e8049e0c957c0cb6f19c2ba906,652aa8c6a3716422fd71563ba3e8c96451c4e6d5701f006ef0d049ad8fd6d45d,False
test226,scarf__03,root:2,character,character,grounded-sam2[IDEA-Research/grounding-dino-tiny|facebook/sam2.1-hiera-tiny]/root,0.5653587579727173,0.99228515625,9195a765276b92d6f3bbd6dc295279273971111090a8e5bd4fb8c057c4e4406a,e1061a9a4db7d376d219ca08ec5f03b59940e90bee9decf60ad2ff7b7a76d530,False
test226,scarf__03,root:2/contour-visual-region:01,character_shoe,character,hpid-appearance-contour/closed-edge/semantic-rerank,0.5529411887511104,0.66,8fd753110257ead7218d017c749954f99337cb25a604db91b1bc22cb90f954e8,02d56dc329db01adb28371375105bcf36bb6233c5cafd54dca4392ab6919c2ae,True
test226,scarf__03,root:2/contour-visual-region:03,character_upper_clothing,character,hpid-appearance-contour/closed-edge,0.7246934520160834,0.68,c2080525a7af8fac8045d5f63f25683d3baf1c10cce10af71cc35a59eae7b410,0d8fc09f2cd20d260559cbb1e25cabe8eb5ce62967710d338f6f4eea9847dfe1,False
test226,scarf__03,root:2/contour-visual-region:08,character_sleeve,character_upper_clothing,hpid-appearance-contour/closed-edge/semantic-rerank,0.5284433916494884,0.66,fee5c7c074172aee301b068f5f2929daeb352d306359200097ebef0cfa304efe,f81f9c32424501b49818a14bf074e9e55303151e5dbfe11b63d33b4bf9044eb6,True
test226,scarf__03,root:2/contour-visual-region:09,character_leg,character,hpid-appearance-contour/closed-edge/semantic-rerank,0.546094104086465,0.66,9248cdc929dbd2bd3571cc2380349d7db17f57e8cac9d1acb22cde49d5444b62,14f4369163552d19c75a11cbb7797cf4cdaa38477c89a5ad4e3f23f0712575f9,True
test226,scarf__03,root:2/contour-visual-region:10,character_torso,character,hpid-appearance-contour/closed-edge/semantic-rerank,0.5445296620531102,0.66,451ac2f138c02afae0ad8d73d7d4e9f294fecedea22cf460ce027470c1f46c0e,cd120276ce0fcb5baae15c48e758378cd425830ce59a93ca01f3e9747e5d809a,True
test226,scarf__03,root:2/profile-refine:IDEA-Research_grounding-dino-tiny:character_hair:01,character_hair,character,grounded-sam2[IDEA-Research/grounding-dino-tiny|facebook/sam2.1-hiera-tiny]/profile-refine,0.43812400102615356,0.8812203125000001,cc38f4b174921a1242d232d0e3d1fe11948d0180dfa0fc4d37bb9bee93458e4b,83f4237c737a4a75ae68e898cd73ef1ae1f7a5f0252740a61b79f4bf0864deee,True
test226,scarf__03,root:2/profile-refine:IDEA-Research_grounding-dino-tiny:character_hand:01,character_hand,character,grounded-sam2[IDEA-Research/grounding-dino-tiny|facebook/sam2.1-hiera-tiny]/profile-refine,0.5226742625236511,0.8990276367187501,c6c647a9ff3ee796a2fddd5a758b90825fc7931f60eb6bbc50dd0244eeccb3db,cfb7051cfb1742e67fb87d49e62639ac3253c76a6c7f5a5f7ea1673e5e3562bc,True
test226,scarf__03,root:2/profile-refine:IDEA-Research_grounding-dino-tiny:character_hand:02,character_hand,character,grounded-sam2[IDEA-Research/grounding-dino-tiny|facebook/sam2.1-hiera-tiny]/profile-refine,0.3176378905773163,0.8708068359375001,083439b505c318a42888136a9f2478cd78a7c01b8ab9bcd45adee3a532fcb6ca,99f60c889f6338f73d416b6b8e94fc07ab8a2b6b6a4c983d0dec41b72f22e250,True
test226,scarf__03,root:2/profile-refine:IDEA-Research_grounding-dino-tiny:character_head:01,character_head,character,grounded-sam2[IDEA-Research/grounding-dino-tiny|facebook/sam2.1-hiera-tiny]/profile-refine,0.5175403952598572,0.8614375000000001,2b2bdc45bbb8b0051ad8a19ed2c66fc53f8c17525a7533b2ebced54617550018,abd5d28a6bcbc90338e95ba7376a40e48f55542ed3a4f43e278f419262c366b9,True
test226,scarf__03,root:2/profile-refine:IDEA-Research_grounding-dino-tiny:character_sleeve:01,character_sleeve,character_upper_clothing,grounded-sam2[IDEA-Research/grounding-dino-tiny|facebook/sam2.1-hiera-tiny]/profile-refine,0.39741209149360657,0.9682750000000001,745307f9ca5a1985f1d0acb653531e6918c11cc74d3e57493bbe26d60aa24796,f8c8471d5b7670038659f4351e861badc9725c02b1ae8d59448ea6f9dfe457ce,True
test226,scarf__03,root:2/profile-refine:IDEA-Research_grounding-dino-tiny:character_upper_clothing:02,character_upper_clothing,character,grounded-sam2[IDEA-Research/grounding-dino-tiny|facebook/sam2.1-hiera-tiny]/profile-refine,0.24707795679569244,0.8355221875000002,170e932d5beb201a43086d3bf5906083a1c04f33bbf91bc720448d1e710c3395,30ae143b28d8978a58f5af244d281edbb0b948b5e9924337917865fd0659f712,True
test226,scarf__03,root:2/profile-refine:IDEA-Research_grounding-dino-tiny:character_upper_clothing:03,character_upper_clothing,character,grounded-sam2[IDEA-Research/grounding-dino-tiny|facebook/sam2.1-hiera-tiny]/profile-refine,0.24617071449756622,0.9652431250000003,09c182ec7a400d1b2416d96bba931e9bd56b6cdba8b47ca2d78a18c75e643d9c,bf5f113a40819db511690dcb64e0c4edb881115fb8cc5bb3a48fed1c66b8e41e,True
test226,scarf__03,root:2/visual-region:01,character_head,character,sam2-amg[facebook/sam2.1-hiera-tiny]/point-grid,0.678139280108628,0.68,b0b79eed2bcc3283aab8aaa3ac551f71c86f4ad733ed7b637538a6627f7df766,9e4792b6bb998163fcb550221d397188dc3c031a5055a9a95e84d5679f4ef437,False
test226,scarf__03,root:2/visual-region:02,character_upper_clothing,character,sam2-amg[facebook/sam2.1-hiera-tiny]/point-grid,0.7252657189428999,0.68,cab12a83fff22ad6d402cfaaa4360f63fd61360f83e5fdb6e6b7c84f3bf1ec24,c856410aa3243fe8b18d13a1d69a503e1b676b02a876451da7fc4607941d264e,False
test226,scarf__03,root:2/visual-region:03,character_accessory,character,sam2-amg[facebook/sam2.1-hiera-tiny]/point-grid/semantic-rerank,0.550987280415371,0.66,1fb5dafd2bb5a8c2161d1d3fb6daf1288121e38ebe4dc741224b8785cd41410d,690875a77d55a8776a2d380ec0faa2c105aed4a494efd7002956cb332941289b,True
test226,scarf__03,root:2/visual-region:04,character_visual_panel_01,character,sam2-amg[facebook/sam2.1-hiera-tiny]/point-grid,0.6166276857541237,0.62,8da0fa65d6e0c587a0ddf29f7e4c83693c30f3dd321202e1c676d5c942fa4780,b3c9d4ffb65002977b554e85b4604271f879aeb565253f0ebc64eba611f299a8,False
test226,scarf__03,root:2/visual-region:05,character_sleeve,character_upper_clothing,sam2-amg[facebook/sam2.1-hiera-tiny]/point-grid,0.7205975735817737,0.68,16b35c9fd15bd47cfe454466906bd26d2c255cdfaef500b7f09fb14e65e4facf,885bf33e560ad064a8b253c027608c8c667bd32a3b7755f3a6ebb44dfd35e4a0,False
test226,scarf__03,root:2/visual-region:08,character_hand,character,sam2-amg[facebook/sam2.1-hiera-tiny]/point-grid,0.7737347722082362,0.68,eafc8511f612e391ce14389c1d9300ebd5823fc4cf1d56755c4e5360e349c188,4c3dab9ad83c4186ffb3633e65928d7e750880b129d303e6b8290b280ce936b2,False
test226,scarf__03,root:2/visual-region:09,character_hand,character,sam2-amg[facebook/sam2.1-hiera-tiny]/point-grid,0.8724125279174966,0.68,03e1c8aa19e4957788f6e6aab23d59fd8a5a2047ace21de158bdc22dbdb25bc1,ca641c2ad3c5c6e0e9c482711ba9d261f70c4f6ddca34ff446b1fe0ae095ef46,False
test226,scarf__03,root:2/visual-region:10,character_visual_panel_02,character_visual_panel_01,sam2-amg[facebook/sam2.1-hiera-tiny]/point-grid,0.7435538280409775,0.62,5c773d5b0b12b5a892d6374619eee3117621c540bc498697b6cd60907b66429a,513b0836f4ce95b1d1527fe6f017078b074b6d04457e783fcaa19ed1c123dbbf,False
test226,scarf__03,root:2/visual-region:11,character_accessory,character,sam2-amg[facebook/sam2.1-hiera-tiny]/point-grid/semantic-rerank,0.527533128674299,0.66,6c119898181356c7df02a9dc5202eff1f121bf74ce98436344dc78664be17a85,dceb83647a274e3c0e8f67d54d4296f0abcbdabf6761f4eafc6fa221297df345,True
test226,scarf__04,root:6,daily_object,daily_object,grounded-sam2[IDEA-Research/grounding-dino-tiny|facebook/sam2.1-hiera-tiny]/root,0.3020821511745453,0.9658203125,d927bd0d30abc2829a68ca69c2e12d7d00603274e26086069968ce9dd6d72f7a,a9c8b7778d31a0bdba32b98e3f2127038dedd98b6a5f962a646023b9ead5ea25,False
test226,scarf__04,root:6/visual-region:01,daily_object_fringe,daily_object_panel,sam2-amg[facebook/sam2.1-hiera-tiny]/prototype-labelled-region,0.6350751120389634,0.5824544181861878,ddfe532750da60752f7ed586de4d1c04c3ed8b63e21b6420e96673378a11912d,6841b43e5643017e78d11c356363f20ea96e5fafdffe4643cefda7f7002e21dc,False
test226,scissors__01,root:1,tool_prop,tool_prop,grounded-sam2[IDEA-Research/grounding-dino-tiny|facebook/sam2.1-hiera-tiny]/root,0.5651787519454956,0.98837890625,3768182bd4deffaf46b632c49dda231cd359f675609a3b14215342fb9cb128dc,84deb0311b30707ed677dd5f4c18d9dacfa4843fbc7f9422d76969e9be680709,False
test226,scissors__01,root:1/profile-refine:IDEA-Research_grounding-dino-tiny:tool_prop_blade:02,tool_prop_blade,tool_prop_body,grounded-sam2[IDEA-Research/grounding-dino-tiny|facebook/sam2.1-hiera-tiny]/profile-refine,0.3709087371826172,0.865111328125,74dc24b6d239b4b78301ba3c51c1a43e894b79646bf2573f7d90d543c9b425c0,e777efdfb7b900262a7bd97c7a918b15cac36e9554cd474e72da18da3f90f3bf,True
test226,scissors__01,root:1/profile-refine:IDEA-Research_grounding-dino-tiny:tool_prop_finger_hole:03,tool_prop_finger_hole,tool_prop_handle,grounded-sam2[IDEA-Research/grounding-dino-tiny|facebook/sam2.1-hiera-tiny]/profile-refine,0.2420264333486557,0.865111328125,3b7019e47aaa2e8f6caedafacd9b7db0d3f9545413f804a6e5c1f318d06a022e,af2e40e032268f386cc8842222e6a0a64bf2e515afbbb25f8ffcd2b9674f1e44,True
test226,scissors__01,root:1/visual-region:01,tool_prop_blade,tool_prop_body,sam2-amg[facebook/sam2.1-hiera-tiny]/point-grid/semantic-rerank,0.7448273209631424,0.66,a314c664885da34b5794acc7906f6ad3c011e91ffb6bf7ced37fd59937b04b00,7096c6f638056d8c19c571466a81ca0105bf12e6493baf448b247a012f310d9a,True
test226,scissors__01,root:1/visual-region:02,tool_prop_blade,tool_prop_body,sam2-amg[facebook/sam2.1-hiera-tiny]/point-grid,0.8592902121488607,0.68,e6e768b96a4edaddcd55610a18a7d73c26e7349ea4a72509ded6cbf0d81030ee,f1411c4375b1110283b8af8dde2055d5e97387330c390f9c830ea9a79e38cbb3,False
test226,scissors__01,root:1/visual-region:03,tool_prop_pivot,tool_prop_body,sam2-amg[facebook/sam2.1-hiera-tiny]/prototype-labelled-region,0.8926910820135624,0.6068352430353164,cc5836df3a90d8223795115a58a64c9ed4868edffad6db0f021856fd65a9bb20,0efa80ec1c63bb313455a90bb435789b4da2a4fc2449d393f9cc31eab496b5d8,False
test226,scissors__01,root:1/visual-region:04,tool_prop_visual_strip_01,tool_prop,sam2-amg[facebook/sam2.1-hiera-tiny]/point-grid,0.6385562791652499,0.62,8e1a6ccdc41f1df3e6bb014271c1dded86fa7f3b47a1843da6404ec303a8ef48,f54939e1b4c76193e429205cfd148e1f74f2d46785d0185761037b10f55904fc,False
test226,scissors__01,root:1/visual-region:08,tool_prop_handle,tool_prop_body,sam2-amg[facebook/sam2.1-hiera-tiny]/point-grid/semantic-rerank,0.6633109343867303,0.82,924db7c6d4f58a84f273b9f7bcded5f9c46cfad75819b0ff6e0688aef2039e95,c4be60743df5f6f5b5079459b0417acb72dbc76e8306041d69f6cb225a43feba,True
test226,scissors__02,root:1,tool_prop,tool_prop,grounded-sam2[IDEA-Research/grounding-dino-tiny|facebook/sam2.1-hiera-tiny]/root,0.9192084670066833,0.9888671875,6cffffb5ceaddbf54bba290846da1d8d8bc10e4d029b835440514f5985f46563,6edeb6cb520e3bd77f1c1ea2813fbce6d2c50c98540abc5ed9108e795637ed68,False
test226,scissors__02,root:1/profile-refine:IDEA-Research_grounding-dino-tiny:tool_prop_blade:01,tool_prop_blade,tool_prop_body,grounded-sam2[IDEA-Research/grounding-dino-tiny|facebook/sam2.1-hiera-tiny]/profile-refine,0.38254502415657043,0.87033203125,61876db5d7fa4d8715752915aef872ac6dd65bb75a0cd0cb347ce3c7ef911524,5448eda1360860c2cbd0d1a3bbe90e6b8a8f78de7fe437bd3046b8b35a778d2f,True
test226,scissors__02,root:1/profile-refine:IDEA-Research_grounding-dino-tiny:tool_prop_handle:01,tool_prop_handle,tool_prop_body,grounded-sam2[IDEA-Research/grounding-dino-tiny|facebook/sam2.1-hiera-tiny]/profile-refine,0.3363310694694519,0.8571835937500001,9de991cdf219cd6aa63efacf6b3b0732991e5bd028f76f4b62950a55c2d31bc8,c0b96bf112ebd0cb82e69fc9dbf77a53daffa06778d9ceb70ebbb6d09d573a4e,True
test226,scissors__02,root:1/profile-refine:IDEA-Research_grounding-dino-tiny:tool_prop_handle:02,tool_prop_handle,tool_prop_body,grounded-sam2[IDEA-Research/grounding-dino-tiny|facebook/sam2.1-hiera-tiny]/profile-refine,0.28686797618865967,0.8608574218750001,6e99df7fd3b879592a23526be5bc11de703c7361378425ee8a9db41b9be3117d,d048ba5743723c797fef5cc4c363969d9b4cf1b157bf52126cd64c8e2595eaeb,True
test226,scissors__02,root:1/visual-region:01,tool_prop_handle,tool_prop_body,sam2-amg[facebook/sam2.1-hiera-tiny]/point-grid,0.9077186152345813,0.68,f9b7e079894e1c66515138c29d09bb819d8b336217cb28e0847e48665bf7e898,877cede193b958a2fc875fc2611b48253693f762738e5e1cabbcb9f81d4571c7,False
test226,scissors__02,root:1/visual-region:04,tool_prop_blade,tool_prop_body,sam2-amg[facebook/sam2.1-hiera-tiny]/point-grid,0.8817795989171318,0.68,2295a998b335b8f80970d4417119887abbec83dfef6edc784257962f416a6840,cbce64d2b39d0eecbbf8b4c59c582fe40735b2944981ddd0db4788177a9508c0,False
test226,scissors__02,root:1/visual-region:05,tool_prop_pivot,tool_prop_body,sam2-amg[facebook/sam2.1-hiera-tiny]/prototype-labelled-region,0.8025380444533659,0.6120126266269684,5e2402e4be35b0b4e6b839d595e77e7733ad66672d669f91d886eccf0f0da1ea,c00b4e6b6271e5129fa14ca4be5aac732e2e0a5a5c4e0e382e47301d0d0bdbaf,False
test226,scissors__03,root:1,tool_prop,tool_prop,grounded-sam2[IDEA-Research/grounding-dino-tiny|facebook/sam2.1-hiera-tiny]/root,0.8479677438735962,0.9546875,cbd4cb9bac47adabb258b2b922bd704cf293e52b25d09be68ddbc09a7582df14,195d01609b2c5de7ee453ae13d740ebc36397b19497cc69147cd0c0fe3a869d2,False
test226,scissors__03,root:1/profile-refine:IDEA-Research_grounding-dino-tiny:tool_prop_blade:01,tool_prop_blade,tool_prop_body,grounded-sam2[IDEA-Research/grounding-dino-tiny|facebook/sam2.1-hiera-tiny]/profile-refine,0.29037681221961975,0.8436484375000001,c2b4b35cc2ce1f575d4431cb37292b6c9e6f21e66b9a8cd0dae230a14bc3c1f9,3971fbbf6de2e4c134679571ab3d0b007429d1818a6d46e80a8812e2dce7abb5,True
test226,scissors__03,root:1/profile-refine:IDEA-Research_grounding-dino-tiny:tool_prop_blade:02,tool_prop_blade,tool_prop_body,grounded-sam2[IDEA-Research/grounding-dino-tiny|facebook/sam2.1-hiera-tiny]/profile-refine,0.2617081105709076,0.7786796875000002,b77601ec5f6756124bb0bde1b8c2a8924c7f4984dc49dba580fb88d2bb66740a,1416b392ee09d5ac329d56155398a20d1d433b45236d7ef3b55de075b555ff08,True
test226,scissors__03,root:1/profile-refine:IDEA-Research_grounding-dino-tiny:tool_prop_handle:01,tool_prop_handle,tool_prop_body,grounded-sam2[IDEA-Research/grounding-dino-tiny|facebook/sam2.1-hiera-tiny]/profile-refine,0.26721689105033875,0.8448085937500001,4acc498bf4dd8364eb3f7374ec2000eb658becb8c0d76c09586da7bb1c805247,5ed45f52a75b74a241f5faf670ceb48c0d48d2f783f3eed05ea9fdc1b6edb328,True
test226,scissors__03,root:1/profile-refine:IDEA-Research_grounding-dino-tiny:tool_prop_pivot:01,tool_prop_pivot,tool_prop_body,grounded-sam2[IDEA-Research/grounding-dino-tiny|facebook/sam2.1-hiera-tiny]/profile-refine,0.2512800693511963,0.7974355468750001,cef5b9b74c035d1ec1ee6ec61c902c9097a3f55762220a125032274033d5bf50,07931dbd5fda682af57e08887cf283afdcf5be82588e93703072e57bfe3132f8,True
test226,scissors__03,root:1/profile-refine:IDEA-Research_grounding-dino-tiny:tool_prop_pivot:02,tool_prop_pivot,tool_prop_body,grounded-sam2[IDEA-Research/grounding-dino-tiny|facebook/sam2.1-hiera-tiny]/profile-refine,0.24635197222232819,0.805169921875,72598d7f60475d6c4064a6a2ec98af5a889aced179feade9454606b5a88b762f,968fd5d5342d07b361ad9ffbd8121d9e027030f816a266b7196a154dded40bd9,True
test226,scissors__03,root:1/visual-region:01,tool_prop_finger_hole,tool_prop_handle,sam2-amg[facebook/sam2.1-hiera-tiny]/prototype-labelled-region,0.6910251259159037,0.6084935376253128,bb2b8fdf380c2f4da33a1dffae4bcf78f107238e69dc8409d2605b0989152f1c,a7f2a9a15c0af069a44252594050d08047935ea5233711e8d0a4016aac844627,False
test226,scissors__03,root:1/visual-region:03,tool_prop_visual_strip_03,tool_prop,sam2-amg[facebook/sam2.1-hiera-tiny]/point-grid,0.7295260734063872,0.62,6c921945031d8c7df1a4e2e3b6cdbb62523f08a8fff35bff538194f234b53088,5a28297988c09e30c5b2adb53f0f4495056add194d5266c6cb63ba42b515c9c6,False
test226,scissors__04,root:1,tool_prop,tool_prop,grounded-sam2[IDEA-Research/grounding-dino-tiny|facebook/sam2.1-hiera-tiny]/root,0.8053261041641235,0.9471679687500001,1bc5ee655df1a7d0148791f0c1104ebc1eeb50a622927170777dbc31c59d84a9,89dfb9650526e8fd235619d3a5347b19a0e6331fee93ddace8da000046a459e0,False
test226,scissors__04,root:1/profile-refine:IDEA-Research_grounding-dino-tiny:tool_prop_blade:01,tool_prop_blade,tool_prop_body,grounded-sam2[IDEA-Research/grounding-dino-tiny|facebook/sam2.1-hiera-tiny]/profile-refine,0.6519090533256531,0.7848671875000001,f6fc149e6f1ae318f8ed820565cb606582875a987d041db86aeba7c461cdd92d,3c5ee9dce24986aa4f5292257eb1dcc62e9167f67f99b1416a9925a18a7d7d8a,True
test226,scissors__04,root:1/profile-refine:IDEA-Research_grounding-dino-tiny:tool_prop_blade:02,tool_prop_blade,tool_prop_body,grounded-sam2[IDEA-Research/grounding-dino-tiny|facebook/sam2.1-hiera-tiny]/profile-refine,0.4787116050720215,0.8624042968750001,d7aa37b5283a0ba180449efe33ab58202fe702e5a7ee428cd32a6f60e24363e0,1bf3aeb88e125695e61068cae8fa51adfa0ef073a47f8bde5187e76b4cf83766,True
test226,scissors__04,root:1/profile-refine:IDEA-Research_grounding-dino-tiny:tool_prop_handle:01,tool_prop_handle,tool_prop_body,grounded-sam2[IDEA-Research/grounding-dino-tiny|facebook/sam2.1-hiera-tiny]/profile-refine,0.28567078709602356,0.8627910156250002,6736ae5d570df3cee2c0d32702761fe6d0829dd2a9b8fb87f4c8ed271bb64c43,c5866afcdf2d50ac619cad5fcb660d19e044b5d7665976541c29eaa2bb7796f3,True
test226,scissors__04,root:1/visual-region:01,tool_prop_blade,tool_prop_body,sam2-amg[facebook/sam2.1-hiera-tiny]/point-grid,0.9227598036659892,0.68,7cb73eaa275c83c7384e002021ee24c5af9db6cb45efb6989f4d02bcdb350aca,d8fb5902aa6d49e1162e4cbe27656a9b1389838d29131249eb29fbaaad749e47,False
test226,scissors__04,root:1/visual-region:02,tool_prop_handle,tool_prop_body,sam2-amg[facebook/sam2.1-hiera-tiny]/point-grid/structural-fusion,0.7057115520400095,0.82,4699794a72a6dcdef7ace90ae89217a49f7e41dc9d398b0669e00a2d6852bf71,49eb42f2292a27c463ab6e44dc69da9272984deedd6238cc1e4d2e16afc9e414,True
test226,scissors__04,root:1/visual-region:03,tool_prop_pivot,tool_prop_body,sam2-amg[facebook/sam2.1-hiera-tiny]/prototype-labelled-region,0.7454475373002174,0.6142132746982574,16d52b873656b1af569f5dee76ae22c754c16dee9eb47c4ad4c3695d75e13688,10b0303f9dd619fb48869ce05f2284a600f26c977727640718fdd1aaababf110,False
test226,scissors__04,root:1/visual-region:04,tool_prop_visual_strip_02,tool_prop,sam2-amg[facebook/sam2.1-hiera-tiny]/point-grid,0.7578981803609597,0.62,53c92915ffbbcb45cf9e3ca3a8294c6d4034d039bc24099bcdae42b8cced4e0d,6e864bf191edf9e18956fc5ef82b37f7e3fc028dc24e26de801cd6159f68cee7,False
test226,scissors__04,root:1/visual-region:05,tool_prop_visual_strip_03,tool_prop,sam2-amg[facebook/sam2.1-hiera-tiny]/point-grid,0.7573581374537309,0.62,5d2afe7e683686bf13bc1dbb96876259e2ba6feaffcd45a502ab4927fb459037,5b6e5d517c334eeca3865460535b9dabbc73600b2daafe8bf61fdf85ead683b7,False
test226,scissors__04,root:1/visual-region:09,tool_prop_finger_hole,tool_prop_handle,sam2-amg[facebook/sam2.1-hiera-tiny]/point-grid/semantic-rerank,0.600026714931933,0.66,4becd655b62f50197d137b92f552e08449a0fb3fca6f9ac643e41a1994afd4c0,58e965a37c6591239e190f6e2acc3a528bd5ea2a41a03d05a3c5af19e74510b1,True
test226,scissors__04,root:1/visual-region:12,tool_prop_blade,tool_prop_body,sam2-amg[facebook/sam2.1-hiera-tiny]/point-grid,0.7202313746884987,0.68,58228cf83017d3bc6b5ed490770ab7471d4de4de4354f522c8884bbfb39189c2,cfa967db7959514d3ebed9753ff92291d17f96da982634a391dae5175d271af8,False
test226,scissors__04,root:1/visual-region:13,tool_prop_visual_strip_05,tool_prop,sam2-amg[facebook/sam2.1-hiera-tiny]/point-grid,0.7566435151504389,0.62,d1305054da8c37fe362d86c11f2de2f6cf0d66c28c96a4926afab4e99190dcd4,700dbf9160b6f2af467c7abcbcaf8cf98d8a256f59f64de37bd8e3b768082a3b,False
test226,scissors__04,root:1/visual-region:14,tool_prop_finger_hole,tool_prop_handle,sam2-amg[facebook/sam2.1-hiera-tiny]/point-grid/semantic-rerank,0.5563036188629541,0.66,39e868a99a9a16c63da22b64b53f0b6e53b9babbb44f0ad5242e74e82ec1645d,4d6f3f6d20f0c1352981b4ce905fe3cc65320eb81ad5ebc6f783743510483d5d,True
test226,screwdriver__01,root:1,tool_prop,tool_prop,grounded-sam2[IDEA-Research/grounding-dino-tiny|facebook/sam2.1-hiera-tiny]/root,0.6045156717300415,0.97666015625,4408ff44591b96cb3ed9f184e5b6858cd45513419241805ebec51c58b6e292c5,e158bc62b71f6ad4d96f3aae5941ae42f3c335ca6b3f0ad82c74ffe7eb9798cf,False
test226,screwdriver__01,root:1/visual-region:02,tool_prop_visual_panel_01,tool_prop,sam2-amg[facebook/sam2.1-hiera-tiny]/point-grid,0.8098106172392572,0.62,08b062dca2c81f65d7385f90ed002120103024370691a96b8de89c0f8cecca78,097e9683f6b10d335c5505ef1c56ffcb9eb0c494c82816f221acf8e941a11f93,False
test226,shoe__01,root:1,daily_object,daily_object,grounded-sam2[IDEA-Research/grounding-dino-tiny|facebook/sam2.1-hiera-tiny]/root,0.448879212141037,0.9758789062500001,4a4045fb4360588552a970482aa4c56eacff2b93986171bb936aefee6dc8cf37,b5af028fa84199e7e3a3d92c09013aab5caf502bed469a9541c338b3e7fcb976,False
test226,shoe__01,root:1/profile-refine:IDEA-Research_grounding-dino-tiny:daily_object_toe:01,daily_object_toe,daily_object_upper,grounded-sam2[IDEA-Research/grounding-dino-tiny|facebook/sam2.1-hiera-tiny]/profile-refine,0.2859697937965393,0.8129042968750001,a4a8f83496d754700c09a2f6aa7d2103a818fc194a5acf2a944bd8b86f77e709,be9276e0d6c7e4cdccf887b4bd3ef29cf5a23c4ded82f3fc9b0940c8e3f12865,True
test226,shoe__01,root:1/visual-region:02,daily_object_visual_strip_01,daily_object,sam2-amg[facebook/sam2.1-hiera-tiny]/point-grid,0.7218396635410991,0.62,1c5bcdf2909fa5936edfdda3ba0bc0e2858ce57e7dff940c796e73448ea97737,1419992abb30b5f9cb01f834c8b6555ba276a7e46b8ce809c8a8f5ae2bdf2612,False
test226,shoe__01,root:1/visual-region:04,daily_object_throat,daily_object_upper,sam2-amg[facebook/sam2.1-hiera-tiny]/prototype-labelled-region,0.69952160678232,0.6096319809446334,0afb1a1b4855aae8f6a496f1a31984a2784dcf19014c4d504a4c30e30d874036,d63147bc97ed76e147e39b24b44b649eb38333f520a2c015097dccc68deebc3b,False
test226,shoe__01,root:1/visual-region:06,daily_object_visual_panel_04,daily_object,sam2-amg[facebook/sam2.1-hiera-tiny]/point-grid,0.7889822957128699,0.62,afc76cb2519e709e32f51590f96e2bbc92429b58c0d1362daaea04dbed49fbdf,cefcccf598389e09b2d4fce23fb2b3e2bd7a2aa2d207fe639e3f53ba3afc4f8a,False
test226,shoe__02,root:7,character,character,grounded-sam2[IDEA-Research/grounding-dino-tiny|facebook/sam2.1-hiera-tiny]/root,0.28937169909477234,0.9745117187500001,168af7aa542063f112768b29dd6e32e8322418a267bb2b03f8659e9e9370fcb0,a5b89f0f1152d35dca4ac1e44bb25b38cd573bfe9a4cc0d0e0c55226d4c82bfe,False
test226,shoe__02,root:7/contour-visual-region:01,character_visual_contour_panel_01,character,hpid-appearance-contour/closed-edge,0.7151505554045154,0.62,d71b1c0ad15cd8d98ea30da381ac3a3e4dfb93b494a2f990a24ec70081ce5ccf,365992c3742091f50bb3a61e12ed4ae105a9acfc31d279755c19368aa7069329,False
test226,shoe__02,root:7/contour-visual-region:02,character_leg,character,hpid-appearance-contour/closed-edge/semantic-rerank,0.5089266513516841,0.66,6435091fe2d2d55d1045fe90b4ee1f81bfd1e7f1c58528595bfb37ac82db703d,b346b113a886f3978a739d049dfac88542a61f0d8a31bbfb16301aa734c04ac1,True
test226,shoe__02,root:7/contour-visual-region:06,character_head,character,hpid-appearance-contour/closed-edge/semantic-rerank,0.5155977880645461,0.66,c25efc028ad44dfd0bdf8b13ab6155a5e9a2d6761a98394395c47aca673ab93e,6c49d5a1b101e5c16bad2e5a614d1d496b0571a149941f08927c44124881347c,True
test226,shoe__02,root:7/contour-visual-region:07,character_shoe,character,hpid-appearance-contour/closed-edge/semantic-rerank,0.526150110013546,0.66,05c01cfabb1b67c90e6c1a8b8155a08d3b9a9f0115b03b6ffe5a9ab319a38ac4,066abb4293f467f24021b9571526e97764f1ea361d07fd7a41d3531b0c1789fc,True
test226,shoe__02,root:7/contour-visual-region:09,character_shoe,character,hpid-appearance-contour/closed-edge/semantic-rerank,0.49240162987937774,0.66,81566e986ed5a379d48999921112a5e023cb381034b043cbc8d5595f549a396c,cb42fa2899bdf8f419723d28c4dee2701569bc7ddbc8b22062d0c6ed779485c6,True
test226,shoe__02,root:7/visual-region:01,character_visual_panel_01,character,sam2-amg[facebook/sam2.1-hiera-tiny]/point-grid,0.6629005641393282,0.62,95c8442b03bab867bbb393b8082f9c4b5900fc5a809bc57fa059afac67e6b3e2,589e9713f2d93e0f079892d47f96496af18aa1cc3eaa029e06920840be44d30d,False
test226,shoe__02,root:7/visual-region:02,character_visual_panel_02,character,sam2-amg[facebook/sam2.1-hiera-tiny]/point-grid,0.6952140970969168,0.62,5e912f5c68e22c607f66af08c2cd72525f9e2d99b260409b6717fde5f1e684b5,9b48cf126f54ff02de744f77be90467f51549e048a4b9d72a04ece4fa6143641,False
test226,shoe__02,root:7/visual-region:03,character_leg,character,sam2-amg[facebook/sam2.1-hiera-tiny]/point-grid/semantic-rerank,0.6204468733694812,0.66,980b9d9fc015db67416dc9c6cb63f3029126409b7f06162dcad3434396d91632,b07c02531f7c6be8cc5b5528dbb3d4037acfb25d84ac2a6980a9b69b68aa0e4b,True
test226,shoe__02,root:7/visual-region:04,character_visual_panel_03,character_visual_strip_01,sam2-amg[facebook/sam2.1-hiera-tiny]/point-grid,0.7486284915395244,0.62,6e9cc71400fa558d71de09a58b9b83075d8b347a3c902067aa56d14c51d8e52e,3953d6627bfb2274eb4d605943cede4d354a42b4d6f0bf847233de0f0fbb0384,False
test226,shoe__03,root:2,tool_prop,tool_prop,grounded-sam2[IDEA-Research/grounding-dino-tiny|facebook/sam2.1-hiera-tiny]/root,0.4442934989929199,0.984375,49c8424afc2bd225b7707e748033c5188096a201ceacbfd7e27023e9abcc1e46,3e916aab16e06ae614b93224d20ca2bd8785d1b914caf1b7df84d77823b4c6eb,False
test226,shoe__03,root:2/visual-region:02,tool_prop_handle,tool_prop_body,sam2-amg[facebook/sam2.1-hiera-tiny]/prototype-labelled-region,0.6993052361274569,0.6024425018882752,8a97dc2f72c6532ec36c2431330f55066bf60d12e1d3380633d2950b5d351c0c,9018f9dbafc94675cae9039a34f457ea4b44957886e5ac7d7ffe63ce39faa04f,False
test226,shoe__04,root:1,daily_object,daily_object,grounded-sam2[IDEA-Research/grounding-dino-tiny|facebook/sam2.1-hiera-tiny]/root,0.7507355809211731,0.9884765625,915cd1ec52056ddd8db66fed47f7852dd18b9c076bac9a06e5926acd9f79f99f,18d52b923427f93cdc37da490e7401740cf6599350231b6b691aacb7d4ecb592,False
test226,shoe__04,root:1/profile-refine:IDEA-Research_grounding-dino-tiny:daily_object_sole:01,daily_object_sole,daily_object_body,grounded-sam2[IDEA-Research/grounding-dino-tiny|facebook/sam2.1-hiera-tiny]/profile-refine,0.3293917179107666,0.8250859375000001,941ba7b6df60067e8182a73fad6c151e89200cb716ff8ab53a952f47f8524d18,0306940c89c5e2c7f39f7a2328041938b6ee33dfaebc7d960b94e9dd57f9cd77,True
test226,shoe__04,root:1/visual-region:02,daily_object_upper,daily_object_body,sam2-amg[facebook/sam2.1-hiera-tiny]/prototype-labelled-region,0.6718075785550278,0.6155850374698639,19bbf0a415fbf3dbf47a4b3937959195e50295c68faecca0843ae34dd1142bd6,0a04e69d4974f9211170b1dff5e6c3f1b8d49570210cc3110c5b5d05c1d14998,False
test226,shoe__04,root:1/visual-region:03,daily_object_visual_panel_03,daily_object,sam2-amg[facebook/sam2.1-hiera-tiny]/point-grid,0.6423226487894279,0.62,acd22dab8a9e8542cea2ab2a584aab1c2d9ad832d7b877220a845f76ecc5d23e,8475ce926031774ac77e2fd6f447a79cd9bb62279d0cde1dd489a5c525c76272,False
test226,shoe__04,root:1/visual-region:05,daily_object_toe,daily_object_upper,sam2-amg[facebook/sam2.1-hiera-tiny]/point-grid/semantic-rerank,0.49697810348624516,0.66,a6d92d53ef8d65d51a4ac69612d6e39af61627691539cfa1280879c0a857907d,254e46ee59765f9f4025071505f00324f5c47a7bcab18b507d9078d8596f0e1c,True
test226,shoe__04,root:1/visual-region:06,daily_object_visual_strip_01,daily_object_visual_panel_04,sam2-amg[facebook/sam2.1-hiera-tiny]/point-grid,0.7248367002495689,0.62,e51e62a5179168205dd6adc32413656375a746623814eb067e10921ef529dfec,983d59105a87ef863abfdc9bddb2b6012a4c3443f844a72d78c617a7977ffc10,False
test226,shoe__04,root:1/visual-region:07,daily_object_visual_strip_02,daily_object,sam2-amg[facebook/sam2.1-hiera-tiny]/point-grid,0.680631103457531,0.62,283189ef83e84f5c13c171161459e4637a53cb3a84eedba9c897a114fc47b641,a8bd02cea01b941eb46b87d80ab6c6cefeccc33c4f8e0db8fa4b3c13cd904f35,False
test226,slipper_footwear__01,root:1,daily_object,daily_object,grounded-sam2[IDEA-Research/grounding-dino-tiny|facebook/sam2.1-hiera-tiny]/root,0.4154323637485504,0.9929687500000001,afd0a34267eccbb35621f564a57931f99c869c352bae3b1881bb4a65b89782f9,b14c7fc7b226142b3ef4ca9e6ac4230eaf6346f75a2a0fb5243f6a8f0aa85baa,False
test226,slipper_footwear__01,root:1/daily_object_guided_daily_object_insole:01,daily_object_insole,daily_object_upper,grounded-sam2[IDEA-Research/grounding-dino-tiny|facebook/sam2.1-hiera-tiny]/retrieved-part,0.2718637669396791,0.6563781623208141,4e7ec7914c8f168ab8fdbb50ba9c6937f5681dc15365d3409ff71ef4d9a2b641,86cb30a8fc276c1f20144eff38761cb0280545421e1ab298632ebdf072623e5d,False
test226,slipper_footwear__01,root:1/visual-region:01,daily_object_insole,daily_object_upper,sam2-amg[facebook/sam2.1-hiera-tiny]/point-grid,0.7990065333606367,0.68,32c16833f57b006f4cdad2fc256445650c69c8888d14a8f29caef82c59af9ddf,42982e75c29d41f2f921513684315de73cb1a5c690e98ae65e7d9d1e6d9bc0ec,False
test226,soap__01,root:14,daily_object,daily_object,grounded-sam2[IDEA-Research/grounding-dino-tiny|facebook/sam2.1-hiera-tiny]/root,0.28477486968040466,0.98984375,dd9b967c0b58d9a2e6f30ed0559174baa4d72d3a76ff9170ca4f4458e82deb53,5012632b55ab03def9a5261f9c1eee03fcf214aab5a29c6e4bc7d08c1f0fef23,False
test226,soap__01,root:14/profile-refine:IDEA-Research_grounding-dino-tiny:daily_object_label:01,daily_object_label,daily_object_body,grounded-sam2[IDEA-Research/grounding-dino-tiny|facebook/sam2.1-hiera-tiny]/profile-refine,0.25982561707496643,0.8150312500000001,ddbc0d01296eceef81dd3e90f09b7b8bff421fab414f10e16c3d742e6ff30a27,8a9e97e6202c72c5b1e61c95fd33ee3471bfcfbb1dd40f201bebf39badca2ba0,True
test226,soap__01,root:14/visual-region:01,daily_object_visual_panel_01,daily_object,sam2-amg[facebook/sam2.1-hiera-tiny]/point-grid,0.7748155230296982,0.62,fc36b1e9bd01cee88e897044e86bc0523d4231740e819ea062ab4410f75d7c1a,07cda9787de14f5934b326f0bc4d1ffafe60f8f60baceb6b3f2aa0cabfca3e19,False
test226,soap__01,root:14/visual-region:02,daily_object_cap,daily_object_body,sam2-amg[facebook/sam2.1-hiera-tiny]/prototype-labelled-region,0.881218922315786,0.6005548496456147,b3489bf9d6a10bb4f7a184240a7d04e6b47ae137105a011760b0752d17897b6c,22629622956db4ef43b69cd4065c5b99cf92d47d5b3b4ebc82f0f5e80dad9cf4,False
test226,soap__01,root:14/visual-region:03,daily_object_visual_panel_03,daily_object_visual_panel_01,sam2-amg[facebook/sam2.1-hiera-tiny]/point-grid,0.7984421938306421,0.62,027662d531bf2f75b1bd252615d0cec860337919f1e0e229377d93f3cf28524e,a13e2432434a3f9c412a1e914e7e02c773788d3f0811ff2886689bb77cae4563,False
test226,soap__01,root:14/visual-region:05,daily_object_base,daily_object_body,sam2-amg[facebook/sam2.1-hiera-tiny]/point-grid/semantic-rerank,0.5473541300064972,0.66,e51c87685107400c154827739596a431958eee1a8d1fa3745e4bde08d4974a73,11ab96adb1559dd60c02c52d0a714f39cd411148e21754c89eba22c3a46610c1,True
test226,soap__01,root:14/visual-region:06,daily_object_neck,daily_object_body,sam2-amg[facebook/sam2.1-hiera-tiny]/point-grid/semantic-rerank,0.5906588013055964,0.66,283a6bfa4dc79ef5ad39bbe4975bd1e338150d7ae3df37c05c13f13af8e8be49,b3bff915663a4eae0fd5d753c888641affeb608a200feec8ebe2dbbace0066a1,True
test226,soap__01,root:14/visual-region:07,daily_object_visual_panel_06,daily_object_visual_panel_05,sam2-amg[facebook/sam2.1-hiera-tiny]/point-grid,0.6867184771722942,0.62,830577da7c534efea7dcfa0c0a8912275df8e896382b039adc500dc8b7338988,ac8e9de70ab184bf368fa8e4b469d94fb96f20fb667642fc50165231ec958a90,False
test226,soap__02,root:2,container,container,grounded-sam2[IDEA-Research/grounding-dino-tiny|facebook/sam2.1-hiera-tiny]/root,0.4887561500072479,0.99619140625,09452d747321fe88e4732a4b0c77fdb4e62093c706b89005aa9e77b76ea558ea,73589833a01496b66fc713a6a9650238e1f78b38966648b4bbbf6af9f8980f05,False
test226,soap__02,root:2/visual-region:01,container_inner,container_body,sam2-amg[facebook/sam2.1-hiera-tiny]/prototype-labelled-region,0.7390597491856004,0.5867018732042312,b44ffd19d8d848dab761e95d368ebea728e61126ea454fe2438a65ea342a5bee,7f69af74da94c2a0825e8bc3b9de5ec641a452cc624134ad3ed04771f2fd5666,False
test226,soap__02,root:2/visual-region:03,container_handle,container_body,sam2-amg[facebook/sam2.1-hiera-tiny]/point-grid/semantic-rerank,0.625734379527927,0.66,5ce2341167114fda1327a2e3eaf8e66f1c8bd62b076ad0382c0991799fe60cab,4d2a9c6df22e8a72ebb752559240effd2e7fb64d9378e57766046fdcc46788de,True
test226,spoon__01,root:3,tool_prop,tool_prop,grounded-sam2[IDEA-Research/grounding-dino-tiny|facebook/sam2.1-hiera-tiny]/root,0.6114979386329651,0.9696289062500001,d8ceb5bb5f571a0c84f3805c252919c7c1d2c431c8b80314bb4496449e2ce973,d9d6f703ca3b60912c3060742b014238f521b4343717b296b7167f1b51c2860f,False
test226,spoon__01,root:3/profile-refine:IDEA-Research_grounding-dino-tiny:tool_prop_handle:01,tool_prop_handle,tool_prop_body,grounded-sam2[IDEA-Research/grounding-dino-tiny|facebook/sam2.1-hiera-tiny]/profile-refine,0.3225259780883789,0.869171875,606564774450b7a9c60eb727fa52344e27941592a365b3bf549ed4f5c1264de3,f4a56652e4b5dcbd9b4968c4f25e84bee2b4c9788a22dfa32af60de7b03ff548,True
test226,spoon__01,root:3/visual-region:01,tool_prop_bowl,tool_prop_body,sam2-amg[facebook/sam2.1-hiera-tiny]/point-grid,0.903353131408265,0.68,5e9878b655affc6cbbb2aea178126cb0179fb49889e4cf4d27ce7aa5d088082b,6989793fe489282c1d4a5e2e5c82422b0fc7bc7834cd0de89332c28fb320e915,False
test226,spoon__01,root:3/visual-region:03,tool_prop_visual_strip_02,tool_prop,sam2-amg[facebook/sam2.1-hiera-tiny]/point-grid,0.7186759765878843,0.62,6e012e8b6db41447692bd2e40c0575044d69b815359bb8fdfece41ad5cea1057,450c2084d1a4299086a889e8bffcccfeb2e0cf8b2fcbf1b7aebef819c74999ef,False
test226,spoon__01,root:3/visual-region:04,tool_prop_handle,tool_prop_body,sam2-amg[facebook/sam2.1-hiera-tiny]/point-grid,0.7739680139733156,0.68,db03ec78d7a1b863fe7891e37176e2871aba7fe51d9e74ac8eb660bcbe551690,d925d1edeba281f1f8c49ca6b3f054d17041468c8861b7c857d0be05b63be4d7,False
test226,spoon__01,root:3/visual-region:05,tool_prop_visual_strip_03,tool_prop,sam2-amg[facebook/sam2.1-hiera-tiny]/point-grid,0.8901417298049885,0.62,678f386258eeb58c66b3cd763462267c2cb3c6aa8974b3754d632beeb760d1d6,f0fdc50f5d2fd13e01846162bb068b5f9df1527aef7e761e9c5ca70f02edbc80,False
test226,spoon__01,root:3/visual-region:06,tool_prop_visual_panel_01,tool_prop_visual_strip_03,sam2-amg[facebook/sam2.1-hiera-tiny]/point-grid,0.7493876801100259,0.62,c469c17d1a5c5d7d2942f667df6e4814489a4d3ee80b7df5b76cfd0245f3d533,3bcd88c58d33b160d4afa5fc992080704c613e2c96f620dfa9450a983bd7c88b,False
test226,spoon__01,root:3/visual-region:08,tool_prop_visual_panel_02,tool_prop,sam2-amg[facebook/sam2.1-hiera-tiny]/point-grid,0.7157267908802007,0.62,c08b82f8a3febe80c7f9c8f01f719c7531e8b83a474cd7b60a9c099ba2329e8e,a4407e0b7fe4c396baaf630506cd56fc45b53f73da41956937f661bfbe8a0f02,False
test226,spoon__02,root:2,tool_prop,tool_prop,grounded-sam2[IDEA-Research/grounding-dino-tiny|facebook/sam2.1-hiera-tiny]/root,0.6146831512451172,0.9890625000000001,3fa6f1f71eea78b783a2b250e5070c8c211229dde6fb567a912080f79f3f41cc,919da3f48daaeb5e4f99319febbaf63ae9893917f22c37dafec51131cd35bc39,False
test226,spoon__02,root:2/profile-refine:IDEA-Research_grounding-dino-tiny:tool_prop_handle:01,tool_prop_handle,tool_prop_body,grounded-sam2[IDEA-Research/grounding-dino-tiny|facebook/sam2.1-hiera-tiny]/profile-refine,0.31732046604156494,0.8573769531250001,4dce49a6aba9cbead1072b3174ee941cdab553a361557fadd2e1ddea916d9e44,d39b30b99d7d322e1ebb4f74f47b334cdbfef41989d0eec64b176c61a3c1d4ca,True
test226,spoon__02,root:2/structural-residual:tool_prop_bowl:01,tool_prop_bowl,tool_prop_body,hpid-structural-fusion/axial-residual,0.8959124087591241,0.74,b1923a372fb6cdd153950bee87123cd498a0567d043f0fc3954b2a837e9ec3f1,b6f8caa47052135921b1cde6c69bef13988a1d062f3449529ee7e5dea9dff423,True
test226,spoon__02,root:2/visual-region:01,tool_prop_handle,tool_prop_body,sam2-amg[facebook/sam2.1-hiera-tiny]/point-grid,0.8923195038950986,0.68,8a36e5a3fc5a1ea3e1f0e9f4cf02261c95f55f3fa62408a4a949eaf534bdc0c2,a2a542f2ced37361d7d467a6d1c40af72af24efcd1019ff8e4817011ddbad447,False
test226,spoon__02,root:2/visual-region:02,tool_prop_visual_strip_01,tool_prop,sam2-amg[facebook/sam2.1-hiera-tiny]/point-grid,0.7114166959286405,0.62,d22c67193ef9968fab91a2cbbff04927c81109f151531d5435c6d76dd31df0de,368bb51a7bbb0238b49cea745da68dae9d70b94a1d6e973287884540bc140182,False
test226,spoon__03,root:1,container,container,grounded-sam2[IDEA-Research/grounding-dino-tiny|facebook/sam2.1-hiera-tiny]/root,0.513729453086853,0.99140625,f08d8ea9ad2b46f36f91335080aad54fac251d691b004012b248290713532911,99f8a1b11d43613640ef3ceba402299be11ee551080f0618afe2837cc781b2b6,False
test226,spoon__03,root:1/visual-region:01,container_handle,container_body,sam2-amg[facebook/sam2.1-hiera-tiny]/point-grid/semantic-rerank,0.5241033651855203,0.66,c5fe9d23321e8952651d3a37c59eb0e18efcafc7083290b6f278a0f5efedec1c,0d8f45fd755b4caa9229090725037bb5332ec72b9fa2f47c164b9a12964276ee,True
test226,spoon__03,root:1/visual-region:02,container_inner,container_body,sam2-amg[facebook/sam2.1-hiera-tiny]/prototype-labelled-region,0.6852126395058356,0.6050199410266875,8af8cc2a599834aa3edafc5308b6db0e8dc4a087def78b904ec8557d54f770ac,75e99d2742938ab3320e5f77307bc610a92ef067f6496d2a97a74eff3ba7fa45,False
test226,spoon__03,root:1/visual-region:05,container_visual_panel_02,container,sam2-amg[facebook/sam2.1-hiera-tiny]/point-grid,0.643506705401677,0.62,6064f19f85aa3ccf5cfd09e3fad1c10e325d49809721b4800e188ce4c29fa321,7669efa529f9e64a7c5d758cccb59ae812c81d1d11b7b6dcd33ef85f1e2ad46f,False
test226,spoon__03,root:1/visual-region:06,container_visual_panel_03,container,sam2-amg[facebook/sam2.1-hiera-tiny]/point-grid,0.7265035112865036,0.62,c77c9c9ca80bd2c51794ab1382635956cebb75fdee10d5b1c140d6ecf3ac3878,4e55e5563f14cabf5c88c20dcac95c1ac543573a1381b08795ada62e8bd07511,False
test226,spoon__03,root:1/visual-region:10,container_label,container_body,sam2-amg[facebook/sam2.1-hiera-tiny]/prototype-labelled-region,0.736133345582036,0.604117539551735,599c5290e775aa39b1cbfca88fd70c4d2e6d5efcc4d734a124a0ccbb07eb8ee8,5733cae3394dddce16c5b6b00eaa088296820b91c02a92ac12f13ba04c88f651,False
test226,spoon__04,root:3,tool_prop,tool_prop,grounded-sam2[IDEA-Research/grounding-dino-tiny|facebook/sam2.1-hiera-tiny]/root,0.40286189317703247,0.9884765625,1d575f8fba075baa5b46b85f6ead277f2fa58e0aa50b00bec0feace1390ce912,cea22ea33a53e583aec643f292d4a277816500a14d5870ee919ccb271a83ba02,False
test226,spoon__04,root:3/profile-refine:IDEA-Research_grounding-dino-tiny:tool_prop_bowl:01,tool_prop_bowl,tool_prop_body,grounded-sam2[IDEA-Research/grounding-dino-tiny|facebook/sam2.1-hiera-tiny]/profile-refine,0.3304711878299713,0.8647246093750002,7434b418103b9bf9b8e017b9b37a763b3e8ab3842f4874f26cb2b802e9912b82,a17f5ff7d7acbb8414f0a4fdc874609c114229818bb7ac8eac2658927e2fe756,True
test226,spoon__04,root:3/visual-region:02,tool_prop_handle,tool_prop_body,sam2-amg[facebook/sam2.1-hiera-tiny]/point-grid/structural-fusion,0.7652921962721908,0.74,204e317fc7069f7872b474fee746fdfb597dd32b290f0c2680ed43c42b7abca0,9b0c7daa19443b47a660385e6c4b22d0a55b5c3391607cac060644e7b77f58ec,True
test226,spoon__04,root:3/visual-region:06,tool_prop_bowl,tool_prop_body,sam2-amg[facebook/sam2.1-hiera-tiny]/point-grid,0.9041809436826389,0.68,dbca920fc4fe21fcd31a5f39daaac28e6e9d2ce956892dc410a71bb3116c6eb9,548a66dd98c4b8efad84f7c83fa9c7b10bf0d5fc371498145c9d9f62fb28c5c8,False
test226,spoon__04,root:3/visual-region:07,tool_prop_visual_panel_04,tool_prop_visual_panel_02,sam2-amg[facebook/sam2.1-hiera-tiny]/point-grid,0.8825702544289336,0.62,1bee68e92a1c51a1b574b6edd9382efdf486d33cc0e0769955ae41d441981e6a,d54dfec803f5657571ac64e09dc40942f97f46190890b7038a023f20816b22ab,False
test226,spoon__04,root:3/visual-region:12,tool_prop_rim,tool_prop_bowl,sam2-amg[facebook/sam2.1-hiera-tiny]/point-grid/semantic-rerank,0.6810497884441868,0.66,82cfd740fe62bffb8209baec5e3a4e92a770f8d8bd17165fc9689549ecaf2149,bbe39b47e0964c549f329a5b67c7b87589d7c92b0322fae7c1b39db2f3be26b7,True
test226,spoon__04,root:3/visual-region:13,tool_prop_visual_panel_08,tool_prop,sam2-amg[facebook/sam2.1-hiera-tiny]/point-grid,0.8628598159253396,0.62,d10a87408fb36181dbb1527fc93855426c425f0bad465db5652f4ba245a495bc,96188e9e7de1d33f3fd5172a40d159e9b52cc073c283d5e97adfde321be4c516,False
test226,stool__01,root:2,furniture,furniture,grounded-sam2[IDEA-Research/grounding-dino-tiny|facebook/sam2.1-hiera-tiny]/root,0.4450470805168152,0.9330078125000001,7044ff01886babcbe71ca9611dde018930e7a1c9716f4072e8966e0e68887839,5717fc3b98925c01855578fc499151a52604ff6548f88ed4e57bb1bd8ec99efb,False
test226,stool__01,root:2/profile-dense:furniture_leg:06,furniture_leg,furniture_body,clipseg-sam2[CIDAS/clipseg-rd64-refined|facebook/sam2.1-hiera-tiny]/profile-dense-supplement,0.6069893836975098,0.6061377900828795,55b32b1f5b294ccbb12240c5aef909d33b5b1dc97d33edcce766fc6213a8e623,4077fdb79cd87e87ee0ada32720f75db97f1c28e9956a30746c774b44d5dc133,True
test226,stool__01,root:2/profile-dense:furniture_stretcher:03,furniture_stretcher,furniture_leg,clipseg-sam2[CIDAS/clipseg-rd64-refined|facebook/sam2.1-hiera-tiny]/profile-dense-supplement,0.7904615998268127,0.6319122745990347,9f5a167497a8ec14415e5d8dbde5429bd84e2fa9ed735f628b2b9ab66b1f4a79,abbe9530b57dae425c07943fbc1ca5764ad8e639b26a6030b4737cb20ed25311,True
test226,stool__01,root:2/profile-refine:IDEA-Research_grounding-dino-tiny:furniture_apron:01,furniture_apron,furniture_body,grounded-sam2[IDEA-Research/grounding-dino-tiny|facebook/sam2.1-hiera-tiny]/profile-refine,0.2757143974304199,0.77983984375,266fac6cf986a5d0ffa33d21b3b594fd44a7d0032cb2845693332613b8c6beca,1dbf50d04191a150e26c4e9f9f5d5b90ece6eb5a71c4b7ff7a0e256308379ed8,True
test226,stool__01,root:2/profile-refine:IDEA-Research_grounding-dino-tiny:furniture_armrest:01,furniture_armrest,furniture_body,grounded-sam2[IDEA-Research/grounding-dino-tiny|facebook/sam2.1-hiera-tiny]/profile-refine,0.2878679037094116,0.8109707031250001,fd5a4e3aded45392a3cfd4fe1b6075320268286e6887847c2cd5e8a04eb71c15,e3a7574f6ee467b4e8ffc723fa4f3f8d6671cba5230d19b11170a4995a577e7e,True
test226,stool__01,root:2/profile-refine:IDEA-Research_grounding-dino-tiny:furniture_leg:02,furniture_leg,furniture_body,grounded-sam2[IDEA-Research/grounding-dino-tiny|facebook/sam2.1-hiera-tiny]/profile-refine,0.3357863426208496,1.0026328125,9aac77b94d87a98e2cd7d300c8bb6aa61be727a714c20d2a75a3d7a42bf780ec,45c37923fca9afdce801a7d2f94f963e4865a2241d5fe93f6a3c515c0a45c9b5,True
test226,stool__01,root:2/profile-refine:IDEA-Research_grounding-dino-tiny:furniture_leg:03,furniture_leg,furniture_body,grounded-sam2[IDEA-Research/grounding-dino-tiny|facebook/sam2.1-hiera-tiny]/profile-refine,0.28002533316612244,0.97687734375,9a3609032a3b3215b82294ccf37a12a20c9b119b9c778900f380d99e9cea1ac5,499555ed8cb285c4789e14f34223d58a5d63c0f96533d5ac59de44c4cace3002,True
test226,stool__01,root:2/profile-refine:IDEA-Research_grounding-dino-tiny:furniture_leg:05,furniture_leg,furniture_body,grounded-sam2[IDEA-Research/grounding-dino-tiny|facebook/sam2.1-hiera-tiny]/profile-refine,0.24077458679676056,0.95390625,5ec7bb077b82b245039c53d228ec10922d7cc370e26675155069093b762df380,f396926519d938658f2155ef293cee301167f4d3bebf4d9055a2b46f9edc7194,True
test226,stool__01,root:2/profile-refine:IDEA-Research_grounding-dino-tiny:furniture_stile:01,furniture_stile,furniture_backrest,grounded-sam2[IDEA-Research/grounding-dino-tiny|facebook/sam2.1-hiera-tiny]/profile-refine,0.340046763420105,0.819671875,d308cd69e9db6c18f4e7a479229f13f7fd35b8afd16887af7ed76ada13cea70f,1cb3ad93b56ad8f296e4b38c56bad350c34393f4b9c3bbe692e28f72332503cd,True
test226,stool__01,root:2/profile-refine:IDEA-Research_grounding-dino-tiny:furniture_stretcher:02,furniture_stretcher,furniture_leg,grounded-sam2[IDEA-Research/grounding-dino-tiny|facebook/sam2.1-hiera-tiny]/profile-refine,0.2763974666595459,0.8965343750000002,2efeac125785c4b5d7213581ed3030f3dddd10e06fda58450fbc72f79c308fdc,9dde11ee323b47d4919ca031a4a9a6ee5830913fcc824c5294bd97d8bbb5f064,True
test226,stool__01,root:2/visual-region:01,furniture_seat,furniture_body,sam2-amg[facebook/sam2.1-hiera-tiny]/prototype-labelled-region,0.8049095119639658,0.6085969150581361,949516f377c9a7dce75b9e0c5abdeaf0bed86479325591b165adbb338f5fef42,ac610a8ecdcadebcfecaa00fbf60c687773bdc9e167c624bfc7bdfc1a0be24a4,False
test226,stool__01,root:2/visual-region:02,furniture_leg,furniture_body,sam2-amg[facebook/sam2.1-hiera-tiny]/point-grid/semantic-rerank,0.5379615994338482,0.66,08c3bde4e9f8f1adc17f138aee9011a3a62cbc3efb60d65087ae96b70511facf,7747d53a422402b740f9c889bf1dadb5d61fe0225d501eb6ef5555a06e49ffe1,True
test226,stool__01,root:2/visual-region:03,furniture_stile,furniture_backrest,sam2-amg[facebook/sam2.1-hiera-tiny]/point-grid,0.7911196922271012,0.68,ac8464e8ade621164ed2f80a8f6234c80e200b22687515961ae7b0b39a1e6a76,42ec44cacf76acfa5f7b7d07ceb24e45c2a78e4abb68f151f8be514cbff47022,False
test226,stool__01,root:2/visual-region:06,furniture_leg,furniture_body,sam2-amg[facebook/sam2.1-hiera-tiny]/point-grid/semantic-rerank,0.6188911979025519,0.66,4d6d854b43e9fd5d04f3c7938bd2ef2c74ff4d2cb854522352910042f0d5a38a,af51cb84ed449b738e96a630398979ae82b7cbd81e94a84b13fc1ef746a514f1,True
test226,stool__01,root:2/visual-region:09,furniture_visual_strip_07,furniture,sam2-amg[facebook/sam2.1-hiera-tiny]/point-grid,0.8138960285126485,0.62,fe7ad46a4abdd4cd6fcd7c596978ff45dd1a16ab3b2335fccafa8ad556a10ee8,b00ef0dbdd052571b1a1538211734c96605e899c8ac8198eab8172e63cd7fafe,False
test226,stool__01,root:2/visual-region:12,furniture_spindle,furniture_backrest,sam2-amg[facebook/sam2.1-hiera-tiny]/prototype-labelled-region,0.7649560766598639,0.6094786493244171,ce9b9be55baeada439bf4abc9637357eb360808e8f068d639f52c48e6e147cf8,424e6af0e68e78910102df46f16c7d4a7e904ea62a519427c32ab59dc82bea2d,False
test226,stool__01,root:2/visual-region:13,furniture_visual_panel_01,furniture,sam2-amg[facebook/sam2.1-hiera-tiny]/point-grid,0.690401985012513,0.62,b97cf49882790378a00ed58eb66eb7cdfbff80c36639eee365bee345352f99ea,d77ea4e3d1e361aad4800321479e1fc8b6452494aed6235ebdedc8d70857955c,False
test226,stool__01,root:2/visual-region:14,furniture_leg,furniture_body,sam2-amg[facebook/sam2.1-hiera-tiny]/point-grid/semantic-rerank,0.5621252329078664,0.66,39eadcad7c60d314fbfdd85657d0c22587c4484746280257ba308ea8a6e554b0,00412c3fee6183b3701bcad7e4dc8214f632b1799027e6cf9fe7484f72a9bc40,True
test226,stool__02,root:1,furniture,furniture,grounded-sam2[IDEA-Research/grounding-dino-tiny|facebook/sam2.1-hiera-tiny]/root,0.4055075943470001,0.9619140625,4d619ca26d39ffa66ebdf821426f59864e05dd5365c15a6ca12d5a2434bc34f5,f6492680e8251e76290391438cd7ac92be011077c9612f886fb50fdf41622db5,False
test226,stool__02,root:1/profile-dense:furniture_foot:01,furniture_foot,furniture_leg,clipseg-sam2[CIDAS/clipseg-rd64-refined|facebook/sam2.1-hiera-tiny]/profile-dense-supplement,0.254530131816864,0.3763883274122665,f270fbe9830ee0ad5c7a0b75e0d6882fc3355d288312bb9f7f0c35cbc273f141,e874f594e39e6488e0f255e315f4662394821ff4e6a75cfd0441aa22a50e4951,True
test226,stool__02,root:1/profile-dense:furniture_foot:02,furniture_foot,furniture_leg,clipseg-sam2[CIDAS/clipseg-rd64-refined|facebook/sam2.1-hiera-tiny]/profile-dense-supplement,0.23346278071403503,0.3442459805339138,cae7321c3bca732a6b5c42e25f6b74acf8a39ceb5ab86cf60e2c3b8665db7287,d57481c9a991a7ba5dece9c4e72a1adc8b99b7e512da07145785070f81454001,True
test226,stool__02,root:1/profile-dense:furniture_leg:03,furniture_leg,furniture_body,clipseg-sam2[CIDAS/clipseg-rd64-refined|facebook/sam2.1-hiera-tiny]/profile-dense-supplement,0.44851455092430115,0.5453411272320408,12033da7d8c299729d4cb51e21ff889bdc5611e7315bd0cb8debcc0543f51df0,517e170eca9f177113e06c8fd8b344a8c5e222ff03220be5984cd5c7d5444776,True
test226,stool__02,root:1/profile-dense:furniture_leg:04,furniture_leg,furniture_body,clipseg-sam2[CIDAS/clipseg-rd64-refined|facebook/sam2.1-hiera-tiny]/profile-dense-supplement,0.4243248999118805,0.5246991401030926,3f46396cd4c1299dfead22ee65ed4a41c16884ca94519e456ea56a087fcbab96,c62150361c7a1e1b675b023322a3a5ef99bed3e4a386c6d8e69a00154fac0c8d,True
test226,stool__02,root:1/profile-dense:furniture_leg:05,furniture_leg,furniture_body,clipseg-sam2[CIDAS/clipseg-rd64-refined|facebook/sam2.1-hiera-tiny]/profile-dense-supplement,0.4228268563747406,0.5187492330272171,e279719dfd31f02ced931849fd91a47b8339fa320e4ebca9b3b26b13a85df15b,c34ad205fa1832dbd0ee0f52183371621ba47d55873447bafa4f9e58c4fe12af,True
test226,stool__02,root:1/profile-refine:IDEA-Research_grounding-dino-tiny:furniture_cushion:01,furniture_cushion,furniture_seat,grounded-sam2[IDEA-Research/grounding-dino-tiny|facebook/sam2.1-hiera-tiny]/profile-refine,0.2656899094581604,0.84094140625,ef4861c5669145ab588901375f412892629827ee919740f2ee23e76b49cc571c,fc961f5fc9c581ef5fb117e76262a46406fd0b00dc358193d61980ba62108d3b,True
test226,stool__02,root:1/profile-refine:IDEA-Research_grounding-dino-tiny:furniture_leg:01,furniture_leg,furniture_body,grounded-sam2[IDEA-Research/grounding-dino-tiny|facebook/sam2.1-hiera-tiny]/profile-refine,0.25701841711997986,1.02421171875,cd4e752ac8b680195a7a00b1e193d4a7074aa66b2efd6b9015a67551a4ceda7d,441e7efae08dcb61b0782c076d73b5fba79e5c4101216e72ad2be307d02b8d47,True
test226,stool__02,root:1/visual-region:01,furniture_seat,furniture_body,sam2-amg[facebook/sam2.1-hiera-tiny]/prototype-labelled-region,0.6795880744403159,0.6067775442581177,1e7db5e910fbc1495e43ee8a803cb921177f1e2d4a93e055c60259caff0a7a22,4180764b5dc5a1cf4da03eae3fce2b430f960b9824e2af5e0bad96816f2ec779,False
test226,stool__02,root:1/visual-region:02,furniture_leg,furniture_body,sam2-amg[facebook/sam2.1-hiera-tiny]/point-grid,0.8136299116345777,0.68,477d8c7461ecd9db53aaffa623fbda11e172177fcaede8ddc2fce569e8c22fb7,8fa2cd726ae594f8dc3f31ec2b00a89e60ef08d2ad29f3ca465e830c0f070e2b,False
test226,stool__02,root:1/visual-region:03,furniture_leg,furniture_body,sam2-amg[facebook/sam2.1-hiera-tiny]/point-grid,0.7720543601232901,0.68,98de0da27f9af080b6cc921017a467b7ac69c5fcb75d1a2724539eca02adc316,2cf53c8ea5239e1560c3c33790ad2d2aadf70896c42f8f7e200bc014da768013,False
test226,stool__02,root:1/visual-region:04,furniture_leg,furniture_body,sam2-amg[facebook/sam2.1-hiera-tiny]/point-grid/semantic-rerank,0.5174984098574845,0.66,2756a3e776fad1df18e1af81c19ff73a8fc0a784ca83ddc0108b08754d6479c4,79feac97203bef9c4a51ac60593b8daf6a80b9f21586ddf144fccb33a21f188f,True
test226,stool__02,root:1/visual-region:05,furniture_stretcher,furniture_leg,sam2-amg[facebook/sam2.1-hiera-tiny]/prototype-labelled-region,0.7057791554797228,0.5946847806539536,bda5b30ba263933132b0d2ffb9836b0daf41dac046eef60611e370bdcb872ca1,7428b8bad214380a5b608c31fdd03b5bbc39a05040c70f542b9c470ab3745177,False
test226,stool__03,root:1,furniture,furniture,grounded-sam2[IDEA-Research/grounding-dino-tiny|facebook/sam2.1-hiera-tiny]/root,0.7044652104377747,0.9587890625000001,27f4d0d28d0f43b754e5967f91d6fb275bdbea851c73abcbef04d52930ff4a7f,2b87aefb0cd8d5d4c5229e6644fd88de83c5f1ba9dd515da056b0802b929f238,False
test226,stool__03,root:1/profile-dense:furniture_leg:04,furniture_leg,furniture_body,clipseg-sam2[CIDAS/clipseg-rd64-refined|facebook/sam2.1-hiera-tiny]/profile-dense-supplement,0.706906795501709,0.6517592127633467,d46e1cb3d6b3e7c4467816eef5be0a6f1d38987528277ca64feafba10ac695c4,cc401c603a2e5e0546be25c72496b7b1692b551e0499d0b6ba17a71ce4353507,True
test226,stool__03,root:1/profile-dense:furniture_leg:05,furniture_leg,furniture_body,clipseg-sam2[CIDAS/clipseg-rd64-refined|facebook/sam2.1-hiera-tiny]/profile-dense-supplement,0.7054782509803772,0.6475473462841473,3236ca30538d3b1f5f90a7ae04899c0400b520f86d531fb1ca21990391467d0f,3e0d117baaba55d126d76364f2664d8b98dd5ec5fac1f3fea66af98a5bbbeaf6,True
test226,stool__03,root:1/profile-dense:furniture_stretcher:01,furniture_stretcher,furniture_leg,clipseg-sam2[CIDAS/clipseg-rd64-refined|facebook/sam2.1-hiera-tiny]/profile-dense-supplement,0.7067949771881104,0.646184155230534,a8b3247c6d08c3ae8db145c51178f321500bc666e41e366e9606021867e855de,f2eb8902e7492503db66db3cb4c6ed33c3e65af5adda1f81d4cf430353daf29e,True
test226,stool__03,root:1/profile-dense:furniture_stretcher:02,furniture_stretcher,furniture_leg,clipseg-sam2[CIDAS/clipseg-rd64-refined|facebook/sam2.1-hiera-tiny]/profile-dense-supplement,0.6575928926467896,0.5977396630795615,70c2fdea88afb13d8558911e99682cc6deb2e1c6e31a108646df6f15545388d2,4425cb8dd46cbc35ddda15f246c4225e6f19dd5d052a89163b500192d9aacbd6,True
test226,stool__03,root:1/profile-dense:furniture_stretcher:03,furniture_stretcher,furniture_leg,clipseg-sam2[CIDAS/clipseg-rd64-refined|facebook/sam2.1-hiera-tiny]/profile-dense-supplement,0.6034895181655884,0.5268382848500671,f6d712fd66c7788d83615a953bedc5c73f9c9495291592bc5df33a0f39adebec,9e1dea781034f80cbb78df175af3c051221db268a0ae33ccd059377964287354,True
test226,stool__03,root:1/profile-refine:IDEA-Research_grounding-dino-tiny:furniture_leg:01,furniture_leg,furniture_body,grounded-sam2[IDEA-Research/grounding-dino-tiny|facebook/sam2.1-hiera-tiny]/profile-refine,0.2894721031188965,1.01307421875,23205ec962ddc0bcbb7bf560bf5aa2865ea05f70b19809e94f5b8c55a8bff5b4,acde2f91d6b699810e54be93b6cbbb6e4bb9c7abbd0e457e50f56b80659b208b,True
test226,stool__03,root:1/profile-refine:IDEA-Research_grounding-dino-tiny:furniture_leg:02,furniture_leg,furniture_body,grounded-sam2[IDEA-Research/grounding-dino-tiny|facebook/sam2.1-hiera-tiny]/profile-refine,0.26057758927345276,1.00518515625,bab023964b0c9c673b2f726b82de2a5de06c30700a7a96339a7be50c2bb15264,b2751b0132fa6284b78983f1ba2b30dd49d72e2eb0f05474ab8cc4c538b68505,True
test226,stool__03,root:1/profile-refine:IDEA-Research_grounding-dino-tiny:furniture_rail:01,furniture_rail,furniture_body,grounded-sam2[IDEA-Research/grounding-dino-tiny|facebook/sam2.1-hiera-tiny]/profile-refine,0.6068480014801025,0.7732656250000001,3a59b78e436912145bfa690faa5355dfe42c71d43ba90f577b18e655edcb8afc,5b3a470f9d09b65916b2896e390f9b49182884ec050f913700a5ba89b4ffe3b3,True
test226,stool__03,root:1/visual-region:01,furniture_stretcher,furniture_leg,sam2-amg[facebook/sam2.1-hiera-tiny]/point-grid,0.952812916266872,0.68,029c14aefd6f5f4627c2fdeeb529fd274f9bbc3ad2a3d7526a779798b8b3cf97,a6d635e8316179281d6c9cbe8cdc239fb901070c21f1c5a554c1d000ecd1e261,False
test226,stool__03,root:1/visual-region:03,furniture_rail,furniture_body,sam2-amg[facebook/sam2.1-hiera-tiny]/point-grid,0.6862659843597658,0.68,4c9cf81478892408aa471c57f88affa1cd54db6d080a65cf87bbf1221087236d,043fc75c1afa51e37cbed5d3a0902f9222427fd564de74c0cacada5360e56ee4,False
test226,stool__03,root:1/visual-region:05,furniture_stretcher,furniture_leg,sam2-amg[facebook/sam2.1-hiera-tiny]/prototype-labelled-region,0.7413586857046409,0.5865008856501579,567a8c10b92ed5af19c98011fb9c4601dc52d15edd7c91f9cf286a488f6713c1,161322cc3e4656718f8711e5db545532b681b0d12f22146204a722ba235e0826,False
test226,stool__04,root:1,furniture,furniture,grounded-sam2[IDEA-Research/grounding-dino-tiny|facebook/sam2.1-hiera-tiny]/root,0.6589664220809937,0.9869140625,38011f221a595a08c1f01ac248849f2accc9b8658af5a6b792d8fb2b965b749b,96fb6eec4d4cf1219a27f7b5f2d1bc83cb68ef7475b89b3eb380f12a1a5cb0a0,False
test226,stool__04,root:1/visual-region:01,furniture_visual_panel_01,furniture,sam2-amg[facebook/sam2.1-hiera-tiny]/point-grid,0.7305892829853993,0.62,6210b5876a44d50052e9d627b6f6fd901862259d7bbfdd2cec94b4275c2bf70e,bb1bd4886f4337b5fdbc198cfc6d34bdb9a31d3478784691337830e4c6bdc509,False
test226,sweater__01,root:3,character,character,grounded-sam2[IDEA-Research/grounding-dino-tiny|facebook/sam2.1-hiera-tiny]/root,0.5123952627182007,0.98349609375,81cd0b2e2bd8261bf65e515fbef73ea576babb302a13a8b8e61cfa54dfc0110b,101cbfe70bd005c5f5230694636dc2c21081ba31ed951d3edfe3c0453b5f9a1a,False
test226,sweater__01,root:3/contour-visual-region:02,character_shoe,character,hpid-appearance-contour/closed-edge/semantic-rerank,0.443928270674236,0.66,4abe11cf7f292f12d2c8cb3c4e04aa254c62e737e5c4ba3e9842f51f32c8fa27,ba4c6fec0906cfa684830e869b43b8d6e6024c9ce8ed45dd125cf3f3602a87f8,True
test226,sweater__01,root:3/profile-refine:IDEA-Research_grounding-dino-tiny:character_arm:01,character_arm,character,grounded-sam2[IDEA-Research/grounding-dino-tiny|facebook/sam2.1-hiera-tiny]/profile-refine,0.2568320035934448,0.6964615625000001,75d40df1c7a5fadd9df83b309e9f9b7f518cb3bd83721865afa5bb9a79848cae,62095f7caa4c15662dd27e2eaee522a9087776acba53a5ba72265cf915b9dff5,True
test226,sweater__01,root:3/profile-refine:IDEA-Research_grounding-dino-tiny:character_hand:01,character_hand,character,grounded-sam2[IDEA-Research/grounding-dino-tiny|facebook/sam2.1-hiera-tiny]/profile-refine,0.571049153804779,0.8980125000000001,e414e3f2a4ff6c8ce748d8153859b7056c7b00744e46db3a6551d50b03bc654b,8f4bc7fd418715eff3be8027b4ffa6c61ff8c643aae7555154f161b60fa1047a,True
test226,sweater__01,root:3/profile-refine:IDEA-Research_grounding-dino-tiny:character_hand:02,character_hand,character,grounded-sam2[IDEA-Research/grounding-dino-tiny|facebook/sam2.1-hiera-tiny]/profile-refine,0.3698839247226715,0.8892823242187501,e5e25d397707f43d2c902d79f953a68414046c2f3fdca916085b93d43d31a8d7,8ecf3e38e71eca0dec33c6517de1b587d93b8c7d24f3256023648be033d771c6,True
test226,sweater__01,root:3/profile-refine:IDEA-Research_grounding-dino-tiny:character_head:01,character_head,character,grounded-sam2[IDEA-Research/grounding-dino-tiny|facebook/sam2.1-hiera-tiny]/profile-refine,0.4356014132499695,0.8405546875000002,6f8f6e44ff5efe40a5d1864f183aa2df236858f59717ba7f20a4cc6778c67a37,98247e100c5b99eb4df4e6cdf6d0ab8daa716d90d903f157d9c11e4377e37cb7,True
test226,sweater__01,root:3/profile-refine:IDEA-Research_grounding-dino-tiny:character_leg:02,character_leg,character,grounded-sam2[IDEA-Research/grounding-dino-tiny|facebook/sam2.1-hiera-tiny]/profile-refine,0.2512800693511963,0.78433953125,b023dfee2e6e6c05672a63e92ea4fc2a5c987ba40259f759bbc95e5e425d269a,2ea2d15ec7f448e641302c722b85a9f337ae6d112f492a3495dfcdb6cb48ec13,True
test226,sweater__01,root:3/profile-refine:IDEA-Research_grounding-dino-tiny:character_sleeve:01,character_sleeve,character_upper_clothing,grounded-sam2[IDEA-Research/grounding-dino-tiny|facebook/sam2.1-hiera-tiny]/profile-refine,0.2683658003807068,0.9193318750000001,d67b5fcd234d13cffa6eb36077d5d7521e2d41485b7bfae991f4563d532fe880,112315552c45b120627d4575f094c5c49c46b4d6942b79fb0e9c0e52f72301d0,True
test226,sweater__01,root:3/visual-region:01,character_head,character,sam2-amg[facebook/sam2.1-hiera-tiny]/point-grid,0.7119350933513615,0.68,067dd16faafd24b4cd2733c9e5937f206396ca517c1ec92437927f963c00f10e,b75be71b0cb662c8eec5238e635e3a9b20ddece93fbf4a7823f47ca7a81fb69c,False
test226,sweater__01,root:3/visual-region:03,character_visual_panel_02,character,sam2-amg[facebook/sam2.1-hiera-tiny]/point-grid,0.7499142467935286,0.62,a2da82049c39560d226db9a0a65f0b1e3ed6ad1e58089f2e9c2c261bd17b4ed8,47bff5eccbb5dcc8677dc5deb16adae43a6d95606985f41961d88b595b3fdb8f,False
test226,sweater__01,root:3/visual-region:04,character_hand,character,sam2-amg[facebook/sam2.1-hiera-tiny]/point-grid,0.8098679084732269,0.68,c2e1f6bb5814e0ac31e130a35f271217f7f9183c6cf99c52325bd75bb6c9e196,d8b0c49be885403e908980337a6a8c60b3ccb701bec7beda801a74801a96571e,False
test226,sweater__01,root:3/visual-region:06,character_leg,character,sam2-amg[facebook/sam2.1-hiera-tiny]/point-grid/semantic-rerank,0.4644470587056071,0.66,cabc7d3a2d1007fb42a2aad4fed8deaf7cb21c0e0c9d3d8158b9033cce698874,942a769259ab5da06c6c6fb92624116cf7018cb6f72a04341dd2d7feed8be570,True
test226,sweater__01,root:3/visual-region:07,character_hand,character,sam2-amg[facebook/sam2.1-hiera-tiny]/point-grid,0.8437885100460891,0.68,b732e57e77d722bec18d55afdba31421ac7f8491786fe64166d709ca5d34635b,a665221923a44fd7c337b4a7afd87378566b3fe6fa20cd82cf916d7a412f9135,False
test226,sweater__01,root:3/visual-region:10,character_visual_panel_05,character_visual_strip_02,sam2-amg[facebook/sam2.1-hiera-tiny]/point-grid,0.6589252604793066,0.62,bcb364616d613ec4883aa2bd40bf6057410f647d256939aa86122104c7d9b502,40f49e19caa6f392fb12e37501b5a7bd41598b4a7a02666f345eb6320cfe861f,False
test226,sweater__01,root:3/visual-region:11,character_torso,character,sam2-amg[facebook/sam2.1-hiera-tiny]/point-grid/semantic-rerank,0.5161936078174943,0.66,d36fc97a8e14c651cca79d85daae4b03c4c8f14645426683ffb60c4ed9e030df,ab0204acecf97f0911fe774aadf4688f158cb238dfc75c15f3be0c789b48bb14,True
test226,sweater__02,root:2,character,character,grounded-sam2[IDEA-Research/grounding-dino-tiny|facebook/sam2.1-hiera-tiny]/root,0.5061299204826355,0.9823242187500001,fb903b898ef9e24cb295ac04aa8bdb2a8fc67928bdcb5fe230205ecf97722dbc,fe117a3fde5b539cc0a6af088090e199f8ec5aa21becf4a50d603f5b2e633630,False
test226,sweater__02,root:2/contour-visual-region:01,character_visual_contour_panel_01,character,hpid-appearance-contour/closed-edge,0.738596550404201,0.62,8a807770856d1feb41e463ec0acaba55302ecda727be46826fa603a6b43b06be,5310e851871d7da74bf4484941ab3cf281b94a81932938c1a5104a6de43fe6ea,False
test226,sweater__02,root:2/contour-visual-region:03,character_accessory,character,hpid-appearance-contour/closed-edge/semantic-rerank,0.47430567788249756,0.66,29bea5bce639b8871d2d6d2e0571118d21b3239fa89c045ef9e5253a069acda0,6ae3cf8ed69f064e714660452532a2ff3828f91f895143d90022c96f3a39fcb2,True
test226,sweater__02,root:2/contour-visual-region:04,character_accessory,character,hpid-appearance-contour/closed-edge/semantic-rerank,0.45034331294772356,0.66,d11217e0b949b3eaf644067de5a0470bee50d672f14687d0b6d8b82fbef51f3c,75f60f6cf20b9cb45ac0199f7fbf253672e7001d895518cad780219d5b7b6e1c,True
test226,sweater__02,root:2/profile-refine:IDEA-Research_grounding-dino-tiny:character_hair:02,character_hair,character,grounded-sam2[IDEA-Research/grounding-dino-tiny|facebook/sam2.1-hiera-tiny]/profile-refine,0.2888699173927307,0.9333306640625001,6279db657a07f0b30746a6f1c345d0f7a16906306a84c90e5d5d0d332f3f7391,9f59819fd266a360a9c9c8f179e59ac4c1d65cc0ff3a9e792f431af0b932c42b,True
test226,sweater__02,root:2/profile-refine:IDEA-Research_grounding-dino-tiny:character_head:01,character_head,character,grounded-sam2[IDEA-Research/grounding-dino-tiny|facebook/sam2.1-hiera-tiny]/profile-refine,0.37170660495758057,0.8695585937500001,a488857d5dc6df91231fd81a0b00799df8636331add4283d650e7bf65605fc26,4f1a3eda5fc075f3fca017836683bff69d8a8f0aaf89eb4893dd85e4c22e5dfe,True
test226,sweater__02,root:2/profile-refine:IDEA-Research_grounding-dino-tiny:character_leg:01,character_leg,character,grounded-sam2[IDEA-Research/grounding-dino-tiny|facebook/sam2.1-hiera-tiny]/profile-refine,0.2492644488811493,0.7939456250000001,4601df1a2a38131e92926ddadebc34ffd7e034fb944bc8d8c42ed570b3ecdea3,57ebaad052dcd3a4463d73432e49761a1229a320673bf6541bb80d0dadf112d7,True
test226,sweater__02,root:2/visual-region:01,character_head,character,sam2-amg[facebook/sam2.1-hiera-tiny]/point-grid,0.8116956060408298,0.68,1b16fe307ca84216cdf7b08e8bbdacb8641a1d00ce4b82bc2bcb64c2c48f3377,d00f246c32d95c924d12951d3e61b65089402732c64ff285a05e45d08e1affde,False
test226,sweater__02,root:2/visual-region:02,character_leg,character,sam2-amg[facebook/sam2.1-hiera-tiny]/point-grid/semantic-rerank,0.6311729209928847,0.66,e9ddc1e227a1e128d2081acba49301a6decacf07811689183abe816c4e0f76fa,cd0f32fe2871acb8f05215dfc65210b87090f18137bb266ae7f57f54ff831fce,True
test226,sweater__02,root:2/visual-region:04,character_hand,character,sam2-amg[facebook/sam2.1-hiera-tiny]/point-grid/semantic-rerank,0.6435878661775031,0.66,1d4401e74f8660431e9a67d89e5a907099a84cda32866537fe3f3429fb561174,2f8d39149d835278e83e69061034aca7667bb42592c7dd75cd4b10cfb1a54c9b,True
test226,sweater__03,root:1,container,container,grounded-sam2[IDEA-Research/grounding-dino-tiny|facebook/sam2.1-hiera-tiny]/root,0.8034823536872864,0.98359375,645942f0a5c80cb5b0b8aeda58d672ea88b084aefad8be5731e5e8efc650e5cb,c5180498ae975296e0e2ca03d93df2db0c2b9f480512ffd90f273742d722310c,False
test226,sweater__03,root:1/visual-region:01,container_body,container,sam2-amg[facebook/sam2.1-hiera-tiny]/prototype-labelled-region,0.7270515071050517,0.6006010322179794,1cb36052370e7634bd1103977829f9a0b97391e3708204c8f251b64ccebd7827,8c6c6ef3ddd0e3328a27846ecf4cbde26dd3e2572fbcae3a62539e6c413c0335,False
test226,sweater__04,root:1,daily_object,daily_object,grounded-sam2[IDEA-Research/grounding-dino-tiny|facebook/sam2.1-hiera-tiny]/root,0.7841538190841675,0.99482421875,f8bf281fcb3c13bb51cd4f86a9e89f291f63a6895f66f545b6c0dcb679d14e15,544ad2bc0cf92a5f46fa64017d872ad0316279cb3470c08557fabff4b24d9127,False
test226,sweater__04,root:1/profile-refine:IDEA-Research_grounding-dino-tiny:daily_object_sleeve:03,daily_object_sleeve,daily_object_body,grounded-sam2[IDEA-Research/grounding-dino-tiny|facebook/sam2.1-hiera-tiny]/profile-refine,0.2763974666595459,0.85873046875,01946ec7d939624ebf353392ca6e83ecb8b2098b97df111d22f28a2442dc9280,fe71fded43c986921a2a32885c0ae67e053f36b116a463d31eb7a07dc167c782,True
test226,sweater__04,root:1/visual-region:01,daily_object_sleeve,daily_object_body,sam2-amg[facebook/sam2.1-hiera-tiny]/point-grid/semantic-rerank,0.5680402030820473,0.66,a3531f874ce96103c38f13bb99d35447e79a015a67cfbf4d0bf6b90c50378d7b,21887bf8c5ae3524230862b7f9b39c6b622999ee8b3122d0b1b6ce31f515764a,True
test226,sweater__04,root:1/visual-region:03,daily_object_visual_panel_03,daily_object_visual_panel_01,sam2-amg[facebook/sam2.1-hiera-tiny]/point-grid,0.6677505703585799,0.62,894c13058e9f67a5cb0366e8fe14196dd5a983b36c8e44f095477dacb545f532,c92c837bfdce9952f81f226c9de28700c5b34df6f364f1c437e22275054fc5cd,False
test226,sweater__04,root:1/visual-region:05,daily_object_body,daily_object,sam2-amg[facebook/sam2.1-hiera-tiny]/prototype-labelled-region,0.683044080373052,0.6019849303808212,0e5be329d5ef2186574f0afcb6277ad8545fac3cf7661913eafc5fc4e1938b79,9a49e6b4c29ae41362fb0e899f3135573bebd1e10de23309b70ad336a5f29349,False
test226,sweater__04,root:1/visual-region:06,daily_object_visual_panel_06,daily_object_visual_panel_05,sam2-amg[facebook/sam2.1-hiera-tiny]/point-grid,0.7279723514603084,0.62,2f92de124bf8a922d3f0c953ff63d30845b2d46ad629d171aae44c2e30938e3f,3e834becd2643b6039a76958fa80a4e8b1445ae71f12f092efffddc62d15c981,False
test226,table__01,root:2,furniture,furniture,grounded-sam2[IDEA-Research/grounding-dino-tiny|facebook/sam2.1-hiera-tiny]/root,0.4217899739742279,0.98828125,a8a19c63ee495cad26cf81b4977ce57f2e9d1a1414fb816f3d7a9f7cb19e0651,ce4cb7bc60172beeb37607f874ec569693792ba576f1af5b7d7d7497a022018c,False
test226,table__01,root:2/profile-dense:furniture_foot:01,furniture_foot,furniture_leg,clipseg-sam2[CIDAS/clipseg-rd64-refined|facebook/sam2.1-hiera-tiny]/profile-dense-supplement,0.12132138013839722,0.31511919018782214,6f935808b45f4d549425f788d2d78470ae318cc89a7f56237bde5998521609e9,07084648475e8604750bc05226e75f7747d26248c66661bb11ac752916585d7f,True
test226,table__01,root:2/profile-dense:furniture_leg:07,furniture_leg,furniture_body,clipseg-sam2[CIDAS/clipseg-rd64-refined|facebook/sam2.1-hiera-tiny]/profile-dense-supplement,0.1884763240814209,0.3359679769326933,28d10d6013d5b892cf5b0df85685830984ddb9f892f7079c487fdcec44b6e05a,92c4c8755588143514f307225c80db45acda27db5f03a93940b8e78e9e0941e2,True
test226,table__01,root:2/profile-dense:furniture_stretcher:04,furniture_stretcher,furniture_leg,clipseg-sam2[CIDAS/clipseg-rd64-refined|facebook/sam2.1-hiera-tiny]/profile-dense-supplement,0.6906006932258606,0.5580034947860811,c27f13b0aae81a402d6af77d9ac5835aa7a250fa4e2b2a5ecad50f679d9fc19e,30b476c82e6315726ea1109076548c954848f3da9f838a89ebd3bd1a3d95e21d,True
test226,table__01,root:2/profile-refine:IDEA-Research_grounding-dino-tiny:furniture_leg:03,furniture_leg,furniture_body,grounded-sam2[IDEA-Research/grounding-dino-tiny|facebook/sam2.1-hiera-tiny]/profile-refine,0.28766772150993347,0.8598906250000001,3f7afa760c36b33214b1b9b07a3114094ef49005e8d37076b4fc316241536756,4f4c3dffe52f44b4f44c269fbc1918062b06af9a980b3c48b2a9a1c5458b2ec8,True
test226,table__01,root:2/profile-refine:IDEA-Research_grounding-dino-tiny:furniture_leg:04,furniture_leg,furniture_body,grounded-sam2[IDEA-Research/grounding-dino-tiny|facebook/sam2.1-hiera-tiny]/profile-refine,0.26779094338417053,0.8562167968750001,870d7c2ef8ce1da421c9abf45956b53d467c5d0d59a3e483def4ae879c6cb38d,41dbf3e2681f861b343ebfe7887fe7103525a75e5c6293fd1661bc9d541fdf91,True
test226,table__01,root:2/profile-refine:IDEA-Research_grounding-dino-tiny:furniture_leg:05,furniture_leg,furniture_body,grounded-sam2[IDEA-Research/grounding-dino-tiny|facebook/sam2.1-hiera-tiny]/profile-refine,0.25982561707496643,0.848482421875,42ee9bf94537fd9ee2f4113a156e73372e3f6929fc11896ca63042739ccac165,a52cf84d6b21dfad364881273001718f3775cb1d19ea1cdfe574f1e3bd61b81e,True
test226,table__01,root:2/profile-refine:IDEA-Research_grounding-dino-tiny:furniture_leg:06,furniture_leg,furniture_body,grounded-sam2[IDEA-Research/grounding-dino-tiny|facebook/sam2.1-hiera-tiny]/profile-refine,0.25534364581108093,0.8488691406250001,e30dc5347bb939d8de3dd47ae43132696dfec2a64bcdd4a342c52642dc6efd7b,6a9898ffa282ba43183516036090ee26b63ab0d8f5e6a796829f1b90191b9696,True
test226,table__01,root:2/profile-refine:IDEA-Research_grounding-dino-tiny:furniture_stretcher:02,furniture_stretcher,furniture_leg,grounded-sam2[IDEA-Research/grounding-dino-tiny|facebook/sam2.1-hiera-tiny]/profile-refine,0.3119506537914276,0.8711054687500001,b8c4015bff74fdf00394a2677f2cb1de934baa91cb5f910f2152c6184aad1c53,58cf3bc3ac9b4f61f75f9bf6c91423ccdffbfee48d968d3b4be1fe157701066b,True
test226,table__01,root:2/profile-refine:IDEA-Research_grounding-dino-tiny:furniture_top:01,furniture_top,furniture_body,grounded-sam2[IDEA-Research/grounding-dino-tiny|facebook/sam2.1-hiera-tiny]/profile-refine,0.35287049412727356,0.850029296875,6f934d0b322161636be7e26ac5baaad41092b0fbd7bd64dc54fe40d6eb0734e1,91f5282c9e5b20860cdc6ed8cc7346d9980218246d59ba3b3bb52b7a41781e12,True
test226,table__01,root:2/visual-region:01,furniture_top,furniture_body,sam2-amg[facebook/sam2.1-hiera-tiny]/point-grid,0.6887273418190403,0.68,7b91c554e5c8944c784c0bbdc12d6090ffe2ec4c6b7ac1617f8f18c571a09bb3,dc53bb82fae40366717e479bf666f8d53ba4e4df1ae737b3a02760ceb6f2ae80,False
test226,table__01,root:2/visual-region:04,furniture_apron,furniture_body,sam2-amg[facebook/sam2.1-hiera-tiny]/prototype-labelled-region,0.7062831057260501,0.6051279366960526,dfc2fe03e18d5aa3efad43d9d1939f49af741cfb84779669f35189e2533c0d29,8f45e02b1a36a79a883326f1668168389ad49489beb2590de0e6d6a8cb895a7c,False
test226,table__01,root:2/visual-region:07,furniture_shelf,furniture_body,sam2-amg[facebook/sam2.1-hiera-tiny]/prototype-labelled-region,0.8033290276513656,0.5927260515241622,cff6624f408eb214415a0a502d73a0218db877a82895dcaa1796b39f701226ca,2d41793ab081ff7e4994940a036f8d67671e2811014aacfc81d5ec05ba1f37d3,False
test226,table__01,root:2/visual-region:08,furniture_leg,furniture_body,sam2-amg[facebook/sam2.1-hiera-tiny]/point-grid/semantic-rerank,0.564539575017394,0.66,c94737568170d92529617e4333889ca1e10b75a1b0e713a911b1221d264feca7,43a4a546336b7fcd659a0b98fccbeb234c7324509cb7ae4930a6a44cf93d4972,True
test226,table__02,root:10,container,container,grounded-sam2[IDEA-Research/grounding-dino-tiny|facebook/sam2.1-hiera-tiny]/root,0.355663001537323,0.98447265625,23e2322931306b4402169b125b06731c76c76febecf02dd87aaf8a3eaa1f87f5,28bd4837eef42aadad6cdd4623e092e97cd96033f6126d888c25710c19e62b32,False
test226,table__02,root:10/profile-refine:IDEA-Research_grounding-dino-tiny:container_bottom:01,container_bottom,container_body,grounded-sam2[IDEA-Research/grounding-dino-tiny|facebook/sam2.1-hiera-tiny]/profile-refine,0.3126847445964813,0.84326171875,ee5af1c3f81ead136cf4e70c23b3ea18dade94ceea50aab84ff26dd17bb3ba0e,c3347b19301bc4deff5a5ae7997ce7e28c00c23a35907e831cb3b48a5bfdf1f3,True
test226,table__02,root:10/profile-refine:IDEA-Research_grounding-dino-tiny:container_side:01,container_side,container_body,grounded-sam2[IDEA-Research/grounding-dino-tiny|facebook/sam2.1-hiera-tiny]/profile-refine,0.4353013038635254,0.8453886718750001,0fdd02c9f86d4bb60c92f06d4d532a5a5c459bc41116ec5fabc7ec94fa6e08ef,c028ee74c6869ca8184d6dc03205f75ef3e2dd82f1975c1e7333ad8d03fdeb92,True
test226,table__02,root:10/visual-region:01,container_label,container_body,sam2-amg[facebook/sam2.1-hiera-tiny]/point-grid/semantic-rerank,0.5272948405028064,0.66,201b8ad4c8800a5aa998041ac278cdee3eec5e7c58b0cd6a0637f14b09993440,301e5535edcdb09bb7fbe6e37d6ab48f4436f96c30f9cb37a298fd33d80c57dc,True
test226,table__02,root:10/visual-region:02,container_inner_wall,container_body,sam2-amg[facebook/sam2.1-hiera-tiny]/point-grid/semantic-rerank,0.5956005233526283,0.66,6df1c8681925dca4fa039f08966c5f2bb9fa482b99c6fb83a864d1993406870e,e2db319997857192d8da1d7962742c7780f9afe6ce00f40219f965a66f8d5c20,True
test226,table__02,root:10/visual-region:05,container_inner_wall,container_body,sam2-amg[facebook/sam2.1-hiera-tiny]/point-grid/semantic-rerank,0.5431514933790635,0.66,512131dd42f86c5e952f1139adcaa84437fc7436fdb1b93c6ceb508e258d4750,4608fe1aaaacfbce412c0b37a2a3fafb963772411300035db57a45a20dd57823,True
test226,table__02,root:10/visual-region:06,container_visual_strip_02,container,sam2-amg[facebook/sam2.1-hiera-tiny]/point-grid,0.7189259779284849,0.62,dfcd4bd5d3c74cf4b84e23f886b3bc3bbd286dcf497dc648db930342b33e2a00,3715110f6a83c280316640a5b11b6a36b3b5ba582d4e55ca747c4043cdeafed4,False
test226,table__02,root:10/visual-region:07,container_lid,container_body,sam2-amg[facebook/sam2.1-hiera-tiny]/point-grid/semantic-rerank,0.551256294303323,0.66,9be5f0998a9913a296070940917b69e426133be3fa407e3648c90fbdc00a48b8,8331c142691ac933e91699771cd9d4669318631222bff8ca88f6600614223263,True
test226,table__02,root:10/visual-region:08,container_visual_strip_04,container,sam2-amg[facebook/sam2.1-hiera-tiny]/point-grid,0.647413252123292,0.62,1c3ff5987f7318658f0e825f5039f4e3774af1d226f2fa5a32b36d911c8828f2,d679f0e85f200a97dbe0284d02c054e2c397179986e55e0171100273a3853512,False
test226,table__02,root:10/visual-region:09,container_bottom,container_body,sam2-amg[facebook/sam2.1-hiera-tiny]/point-grid,0.7216905756352983,0.68,ea87d8df39880b5be755a2ac652837889085ffbae54aa99312160953c221b325,970bd584d0ae8477f4e3ba72d0c6191ecc5b50013f5d92c0ba5d5bace5435d7a,False
test226,table__02,root:10/visual-region:10,container_shoulder,container_body,sam2-amg[facebook/sam2.1-hiera-tiny]/point-grid/semantic-rerank,0.4940662947469442,0.66,11107d936efd7ccf247d5260ad1a0bb393bd74d6c9bbd7a74e02801f69b2e6f5,d6a5c9b0fd0552d4badf90c1564fcee77d69910cca6e063d53b7b1182396b906,True
test226,table__03,root:1,furniture,furniture,grounded-sam2[IDEA-Research/grounding-dino-tiny|facebook/sam2.1-hiera-tiny]/root,0.7121320366859436,0.9765625,7956483c6b2c4b049cd6005e61ba25a4966f250f431609cdb1b6e502e7683e2c,cdaf4549919ed6d808e7c23528d1267f88d98995ec94dcd1f44b7556dddfb8d7,False
test226,table__04,root:1,furniture,furniture,grounded-sam2[IDEA-Research/grounding-dino-tiny|facebook/sam2.1-hiera-tiny]/root,0.83601975440979,0.9888671875,75905a62e38f7759f5b31eb05e41ec446e5e1cd95c15e55d8ba6999f441dec91,075d9391934b78c2a0ae119225e8af4e8b284d25dda3685e12b398dd85977e36,False
test226,table__04,root:1/profile-dense:furniture_leg:03,furniture_leg,furniture_body,clipseg-sam2[CIDAS/clipseg-rd64-refined|facebook/sam2.1-hiera-tiny]/profile-dense-supplement,0.6951085925102234,0.5538784151862027,3917a4ecab781b2b9e2d8511a04b50167f8ed6cabfbcf904e88f75e2d4c2d06b,08d895ff3ced15b74f9ca603c1472844dd87375bf1ff8320c4aca908dec19f08,True
test226,table__04,root:1/profile-dense:furniture_stretcher:03,furniture_stretcher,furniture_leg,clipseg-sam2[CIDAS/clipseg-rd64-refined|facebook/sam2.1-hiera-tiny]/profile-dense-supplement,0.4392155408859253,0.38560481833087984,7dfefd936aa369a8f64477f36613d57abb85e38d6514f686fa011167fe668d02,6fe46ff9641699f24653f19811f1e9188f9d18049892d423e8079bb3b80d2bf5,True
test226,table__04,root:1/profile-refine:IDEA-Research_grounding-dino-tiny:furniture_shelf:02,furniture_shelf,furniture_body,grounded-sam2[IDEA-Research/grounding-dino-tiny|facebook/sam2.1-hiera-tiny]/profile-refine,0.2447238266468048,0.8192851562500001,4112f0aada97b3ddd8d12ec5e965dc887d05552dc84b784666d5c5f6e2785dd3,19ae38238b107eb2a270c3ed53ea5a89aebfc2f2a3191fa6e0573e13ea54175e,True
test226,table__04,root:1/visual-region:01,furniture_apron,furniture_body,sam2-amg[facebook/sam2.1-hiera-tiny]/prototype-labelled-region,0.7971744816794772,0.6008457987546921,80eb8f6afba73c0afa65028ef1fc01dd570342c04b0ab11e328f308f24f0d3cc,a556a267f9c6c731bf91032d159b0574584b3bcbe345c47d9b42b9776ad3c22c,False
test226,table__04,root:1/visual-region:02,furniture_stretcher,furniture_leg,sam2-amg[facebook/sam2.1-hiera-tiny]/point-grid/semantic-rerank,0.5711971637441131,0.66,e415315f45cd8ae4e7ba17d61a8d155cbbc794697df86ba440578c3430f7ebd3,f89cc9e4f8c6f96281c076e1c7c76a64c10945cf4c9c5418eae6642d00c6dc22,True
test226,table__04,root:1/visual-region:06,furniture_top,furniture_body,sam2-amg[facebook/sam2.1-hiera-tiny]/point-grid/semantic-rerank,0.6789727654463029,0.66,bc0f57e590c495bb2f71f1cce0d63e879a686822c9961e34fe12d707517ad844,2bcf69e90f24637273aa81c3a2f8b2883a72d86d7843de1cf599bd3d2b94f420,True
test226,table__04,root:1/visual-region:08,furniture_leg,furniture_body,sam2-amg[facebook/sam2.1-hiera-tiny]/point-grid,0.7948341263406097,0.68,289d389b4da50ff139cf223e82755c8118b0743d780912d68de98e7cb2d6d9e1,8fed4c063c1eb739d5ec7e70b5ccdb4509527c28305deee886d887094cf217ae,False
test226,table__04,root:1/visual-region:09,furniture_foot,furniture_leg,sam2-amg[facebook/sam2.1-hiera-tiny]/point-grid/semantic-rerank,0.5710849203100802,0.66,a4b95d5f3788402e4d45d7b91e7440d64b20fc8e115cdf9bede5e1a0bf68c60f,cb31c0f3b244684d981f588664166472fcbd37bd68e02dcc9da0f925425a91b6,True
test226,table__04,root:1/visual-region:10,furniture_leg,furniture_body,sam2-amg[facebook/sam2.1-hiera-tiny]/point-grid,0.7869524355425586,0.68,099e225742dc25d8f507c72c22bac64401866f9223f595d92c23b606ee7f36cc,91953574beb17ce1be052a2f8f2b6d72034392ae2db02251287a6543f8dfaf1b,False
test226,telephone__01,root:3,device,device,grounded-sam2[IDEA-Research/grounding-dino-tiny|facebook/sam2.1-hiera-tiny]/root,0.49791717529296875,0.9931640625,f65f2dd2d26e07f36702eea393c11c0d218ba4a3edee69a137db0d1b8190e583,b0fc35be3deddf1d76eac23c0bad3b88744cd5a6b9fc42ab940de3973f94525f,False
test226,telephone__01,root:3/profile-refine:IDEA-Research_grounding-dino-tiny:device_keyboard:01,device_keyboard,device_body,grounded-sam2[IDEA-Research/grounding-dino-tiny|facebook/sam2.1-hiera-tiny]/profile-refine,0.3801259696483612,0.8614375000000001,5b5e9874aafe8973b47689a2082cb6dba1800a52d238c6de07463e0e1da014c2,4e47c9b8f3bb13cddce323dc59e4d77c06407a0c98ec4432d9087aae2005c71f,True
test226,telephone__01,root:3/visual-region:01,device_visual_panel_01,device,sam2-amg[facebook/sam2.1-hiera-tiny]/point-grid,0.8148215798301597,0.62,befa9f131e85c4735fecb712cb07091155e386c9be4d55601179f9ff340da28d,3add4c348a1c330b3aaace33edf1486649085e9aac2c80995536a1b2ae284d37,False
test226,telephone__01,root:3/visual-region:03,device_bezel,device_screen,sam2-amg[facebook/sam2.1-hiera-tiny]/prototype-labelled-region,0.8695166383229782,0.5942922771110535,14fe7d40e0e322ca41e8dfe535173e051225b95203c829036ebcef53ed186369,4b1c9fee0b1d6575af30609785fff096f75301aac93b76797c703f46ad80cc27,False
test226,telephone__01,root:3/visual-region:05,device_screen,device_body,sam2-amg[facebook/sam2.1-hiera-tiny]/prototype-labelled-region,0.683088007260597,0.6126231584911346,4ac95a13709236291cb12260bcf5ae907fd6e528bf9948a9ceae18ce5832f469,679abffbeffe632f628d061a538cc30c4c95b61bb1910f5283264cd59fd9bc59,False
test226,telephone__01,root:3/visual-region:06,device_visual_strip_03,device,sam2-amg[facebook/sam2.1-hiera-tiny]/point-grid,0.7286318255793378,0.62,4f35e03fdfb595c3a7bdac573f484028583d3bc7a03232090af11d9031f9c56a,e478f046a93bb4431d230e2778ae65bccc436cce6179f5f81c1204a7a12dc6c1,False
test226,telephone__01,root:3/visual-region:07,device_button,device_body,sam2-amg[facebook/sam2.1-hiera-tiny]/point-grid/semantic-rerank,0.6111763008417858,0.66,827e5a68fa243a5400cc08529658dba9f1ca36e2d8f3a9d6ca3a9b5e0c232446,9218d8a8da77a897af0a37e8d7ab47acb1779be7c80e3a80e5868c6f67d72a19,True
test226,telephone__01,root:3/visual-region:10,device_logo,device_body,sam2-amg[facebook/sam2.1-hiera-tiny]/point-grid/semantic-rerank,0.5974086010643176,0.66,acbe84e0fe22ef08e9552dd5b2dfed27edc0602b74833c5a82bec3b18d8f1024,fc615d86133a9f99c2b84c5737b069c7fdb39caa0f19458d59d7e4391207376f,True
test226,telephone__01,root:3/visual-region:11,device_button,device_body,sam2-amg[facebook/sam2.1-hiera-tiny]/point-grid/within-root-repetition-consensus,0.6217869375079638,0.62,3ac9fe0039ac62528d5a9160c463f2c3404781c1715ed0031d312ca93b60d09f,84b4158f09074171a4775cc31074d9ad6e8814682fb420bda1bf347dfe98dc6e,True
test226,telephone__01,root:3/visual-region:12,device_key,device_keyboard,sam2-amg[facebook/sam2.1-hiera-tiny]/point-grid/semantic-rerank,0.5818114123898428,0.66,0ccc666473b2f8a54268b1d741b5e11cde6457777d4c98c6b3965bc3763fea7f,84b9624a6c1a806c5c3ad2cdf4daca2671c39492f05b670cf635f381215ae426,True
test226,telephone__01,root:3/visual-region:15,device_button,device_body,sam2-amg[facebook/sam2.1-hiera-tiny]/point-grid/within-root-repetition-consensus,0.6087741706057836,0.62,5a3f7c8169991fbeb07d1f7364e8f6da37628ed75a5546a2857d2531181d73a2,89b113f1778e44cd5edc6e11ce16f9efce684391ca1e83301ed8ecfd143d0e02,True
test226,telephone__01,root:3/visual-region:16,device_button,device_body,sam2-amg[facebook/sam2.1-hiera-tiny]/point-grid/within-root-repetition-consensus,0.5415874018291641,0.62,aad610744e31115bec3a50e455945c6e53e35a9e5fa988de3fb54456798e1c39,47d98bcf51945841fb9c978e1b341bcaea70789368791bcc2cd53a9c377d0cd3,True
test226,telephone__01,root:3/visual-region:17,device_button,device_body,sam2-amg[facebook/sam2.1-hiera-tiny]/point-grid/semantic-rerank,0.5538476824101476,0.66,4d3a8c165fa932b3fe2e91037534e3b015010013a04cff3e323e135e413293ca,6ac1662c8bc789ce332ec92150f0dec0fcd593df9a4bb0c5be0afecbb3ff29b6,True
test226,telephone__01,root:3/visual-region:18,device_button,device_body,sam2-amg[facebook/sam2.1-hiera-tiny]/point-grid/within-root-repetition-consensus,0.5628653430951341,0.62,0c4bfa3558254b8707c546b449cddf5eff0fa05b2c7ff3bb1a12cbe5f619133b,2fbe2287ea369a4c11acc35bb09d1012f698bbe76f1c3286c9169616ae85e901,True
test226,telephone__01,root:3:repeated-detail:02,device_button,device_body,hpid-repetitive-physical-detail-v1,0.7200980392156863,0.76,99cded15382e9acc8a2705510d21d6d3a79cb2dc8d9c134c7e60723ed94c1a6b,42cf7cd61cfaa18b42e55a7dec6b4d077e4ceaa79fcc582d3f20ebce05c93ed6,True
test226,telephone__01,root:3:repeated-detail:03,device_button,device_body,hpid-repetitive-physical-detail-v1,0.6893520886615516,0.76,0d52e0918862f5f7b23cf9e7281e82e3d407ea1433aeff9bfcbe4aa6b18132d4,e53a5d3b2123414ce27de8e7131443a5408da2b06e0487ab215125f4321db846,True
test226,telephone__01,root:3:repeated-detail:04,device_button,device_body,hpid-repetitive-physical-detail-v1,0.7303231663035584,0.76,cdcb8d7303e899e11fcdbe51cddbc4fd30684cc924b6531b17dd11092f0e443c,411c4d220e85952833a65fdd34a2f97fa7d99f61a9c32681f63d737d5a9a20b7,True
test226,telephone__01,root:3:repeated-detail:05,device_button,device_body,hpid-repetitive-physical-detail-v1,0.7536720142602495,0.76,3a03665a48a646909d1b751b5abcb5880823ebf61eaa102a187eb489127daa1b,6ccd37e3495f4e7f4ac8a6a581b4fa9a69ccdc874fa5980c1713cdc3104ac069,True
test226,telephone__01,root:3:repeated-detail:06,device_button,device_body,hpid-repetitive-physical-detail-v1,0.7401820728291316,0.76,fbf1492eca003d74359ae93309d5143d9d5614c987e9e4eb32c115600cc09528,cd9475b6ae6dda7beffbcc19d0642a2ddaa0b5aa0c43db66aac1f9f5405c17e9,True
test226,telephone__02,root:1,device,device,grounded-sam2[IDEA-Research/grounding-dino-tiny|facebook/sam2.1-hiera-tiny]/root,0.39379289746284485,0.97998046875,265436ca0a7d70ed39409cdf15d3ac3ef6320e1b6a8d11ce30af010c27a914dc,53222569991295cecd4550f7a545b4ce020f76e1b0f14431bd976190a8a8914a,False
test226,telephone__02,root:1/device_guided_device_button:01,device_button,device_body,grounded-sam2[IDEA-Research/grounding-dino-tiny|facebook/sam2.1-hiera-tiny]/retrieved-part,0.3119896657499584,0.7426052499321547,6d16cca65c61c4540406fce5038dc2e776bb84ef5eaa9a56582b28f497fcef22,8fe7f2903a70f0c1ae39d0cca62dd575cba425c4b4f2eec6d42eea372723bb5d,False
test226,telephone__02,root:1/visual-region:01,device_back_panel,device_body,sam2-amg[facebook/sam2.1-hiera-tiny]/prototype-labelled-region,0.7151665001301111,0.6050773244161606,0cca8f0c1cb42d50fb17623f0bf74f4468513b3d28b0d6e9fdb68246226f1b38,9c33f2623720f6a86f91da2cd3c9c4a0746401787ef77dd0fcf8b1db010a9968,False
test226,telephone__02,root:1/visual-region:02,device_base,device_body,sam2-amg[facebook/sam2.1-hiera-tiny]/point-grid/semantic-rerank,0.4911635800890951,0.66,d10c42ad0dc3ea8b1ac563085de0e84f8fc5183e95aa4239888cfd273ef136e6,05873c0bb0ceb51f5fc70441bdf2c1e604c0afa0d39e568c6977d3ceab770f63,True
test226,telephone__02,root:1:repeated-detail:01,device_button,device_body,hpid-repetitive-physical-detail-v1,0.5361803921568628,0.76,96c9e5428253953898ecfc54c4ec36358b3432c95ec1bcabde381924d36a6b83,b2ee57a32ed28fa7ed9fd052fee46f9ddf0dcc6a5634d1f0955b6d085dc3b26b,True
test226,telephone__02,root:1:repeated-detail:04,device_button,device_body,hpid-repetitive-physical-detail-v1,0.523680926916221,0.76,eaab7d5e5afcbb8eea0a07e674477dc062948bfc9f63d8288ec13a880f6e1a2b,de1fb96b90c0863ed273a12bb1112c2dabc974a0e6ac10f8cd169088b8e1ec22,True
test226,telephone__03,root:3,device,device,grounded-sam2[IDEA-Research/grounding-dino-tiny|facebook/sam2.1-hiera-tiny]/root,0.4411914050579071,0.9940429687500001,3077f2ab1e3f18c65cf7fefdd860e2e1c21d9a8becfe3fa81223d17f6d879d2e,4f2575432c230f716cb7b96369c036531e271e6d45032642e123280a63beb6a7,False
test226,telephone__03,root:3/profile-dense:device_keyboard:01,device_keyboard,device_body,clipseg-sam2[CIDAS/clipseg-rd64-refined|facebook/sam2.1-hiera-tiny]/profile-dense-supplement,0.6906065940856934,0.5740279749128968,3239840fa7e16583804ab3357e602cae5a4785645cbee73189595e50879dbbc7,b0eea0b6bef830b59df58d9debddeb84d9b7809bfbb65b975f9322c733555465,True
test226,telephone__03,root:3/profile-refine:IDEA-Research_grounding-dino-tiny:device_back_panel:01,device_back_panel,device_body,grounded-sam2[IDEA-Research/grounding-dino-tiny|facebook/sam2.1-hiera-tiny]/profile-refine,0.2870677709579468,0.8540898437500001,179509f216e640c0054f10a491c4137052deb1ee481ecb68b04355cdf9c04228,fe3fc5c714901d89314178a2f802ee318c8097d79abceacad09792cac04d1290,False
test226,telephone__03,root:3/profile-refine:IDEA-Research_grounding-dino-tiny:device_button:01,device_button,device_body,grounded-sam2[IDEA-Research/grounding-dino-tiny|facebook/sam2.1-hiera-tiny]/profile-refine,0.24256430566310883,0.845001953125,f92af70541cc333fd5416a3d0441c22e031ffc830bfe85ced69dafd965074bd5,8dea773059797bd9d056d84a8192cc6b596ff9bf2e760fadc83d6386bcbd1368,True
test226,telephone__03,root:3/profile-refine:IDEA-Research_grounding-dino-tiny:device_key:01,device_key,device_keyboard,grounded-sam2[IDEA-Research/grounding-dino-tiny|facebook/sam2.1-hiera-tiny]/profile-refine,0.2422056347131729,0.845001953125,f92af70541cc333fd5416a3d0441c22e031ffc830bfe85ced69dafd965074bd5,98cb247478d8130e2b394ab6e9c683be563f0f0607041de4054b514b7a43daf7,True
test226,telephone__03,root:3/profile-refine:IDEA-Research_grounding-dino-tiny:device_logo:01,device_logo,device_body,grounded-sam2[IDEA-Research/grounding-dino-tiny|facebook/sam2.1-hiera-tiny]/profile-refine,0.3510885536670685,0.830306640625,f92af70541cc333fd5416a3d0441c22e031ffc830bfe85ced69dafd965074bd5,eb203770c6a7df04edf7ab630300b592c0a060010c2436334ea3e6dba4ebc385,True
test226,telephone__03,root:3/profile-refine:IDEA-Research_grounding-dino-tiny:device_screen:03,device_screen,device_body,grounded-sam2[IDEA-Research/grounding-dino-tiny|facebook/sam2.1-hiera-tiny]/profile-refine,0.29269638657569885,0.862984375,a34c218052564ec2c4ffcc59c7b1d3ef93c069171168f6e8c6907dc29aef0f73,236c091b38aba97ad5dfab7ce2278db3386cf3f2ebb088ea11a1d3a7e9ee3f95,True
test226,telephone__03,root:3/profile-refine:IDEA-Research_grounding-dino-tiny:device_speaker:01,device_speaker,device_body,grounded-sam2[IDEA-Research/grounding-dino-tiny|facebook/sam2.1-hiera-tiny]/profile-refine,0.2525683641433716,0.845001953125,f92af70541cc333fd5416a3d0441c22e031ffc830bfe85ced69dafd965074bd5,13c71e2435495dc39fb3f237cb3656569441ec5521bfd0a44360606da47def23,True
test226,telephone__03,root:3/profile-topology:IDEA-Research_grounding-dino-tiny:device_bezel:01,device_bezel,device_screen,hpid-topology-v2/surround,0.41474824309349057,0.82,73ad5b6d34cf4ba75bc917aa2999aad5ff5a25b26c14418a8674cc1e6054f25c,2ba1938d2c7e55eda5e896b13e958549cbd0b4a975414c16bbcdf9230ef13241,True
test226,telephone__03,root:3/visual-region:02,device_logo,device_body,sam2-amg[facebook/sam2.1-hiera-tiny]/point-grid,0.8378270731679446,0.68,336748edaa4b0b8d71fc874a9a54d8b4f4754b65b4eb11171176b46c4246aea3,09497fb81043d0ebe7962092575bccf8dcc8db58dc54fddf0807b8b6dfb72b29,False
test226,telephone__03,root:3/visual-region:04,device_keyboard,device_body,sam2-amg[facebook/sam2.1-hiera-tiny]/point-grid,0.7193878467280679,0.68,344b2ab4e66b5c8d5a859b7099495fed4225a20dd82977c59d3e219461d0694a,3f6047ace8fa1c1f8719788739258536e61bdfa39c551c56cd4b096790350201,False
test226,telephone__03,root:3/visual-region:05,device_button,device_body,sam2-amg[facebook/sam2.1-hiera-tiny]/point-grid/within-root-repetition-consensus,0.5667563932506702,0.62,52811f45c126012e7cef734f16e4d309b9488640d44770da1290fb6cb857652a,cbd0dcba9a5cc42ae92ca287677f09c60052224e99aaf23dc6b7c93c403e23f2,True
test226,telephone__03,root:3/visual-region:06,device_screen,device_body,sam2-amg[facebook/sam2.1-hiera-tiny]/point-grid,0.7399463807494843,0.68,af9e16b327f00e2c8b2dee404ccb982954eb036f83ba6509025e268490c9e776,3daaa91c1febee1c7ef0ee04b1911eac3be542c5c1c572847000d4d7f8220a4c,False
test226,telephone__03,root:3/visual-region:07,device_visual_strip_02,device,sam2-amg[facebook/sam2.1-hiera-tiny]/point-grid,0.6595728094905426,0.62,027e72c644905e4d67c10ee6dc5dbe6f3b070e601b1fef4ebb5ce4bbdb9fe496,8fc790a174075d99378afa584471de83d7d2fdca6def5592f2c4dba65c31ed07,False
test226,telephone__03,root:3/visual-region:08,device_button,device_body,sam2-amg[facebook/sam2.1-hiera-tiny]/point-grid/semantic-rerank,0.49313350489421676,0.66,5fc74de7de5726b783f36cddae11889b039fb2ab95d3e30db467ef23898c4012,02392686692249f0dcb7f2d724e9ae0acc81496cab88d86954c9386f9884d084,True
test226,telephone__03,root:3/visual-region:09,device_button,device_body,sam2-amg[facebook/sam2.1-hiera-tiny]/point-grid/semantic-rerank,0.6079710610208509,0.66,2264b2291ae3a2e57b2362e32ec45d86e1113bede05ddc1249d4ebbb85f598ac,14037a6e81be38a1fa721ad5c29d573bb049285a957d7e3fee0c98975b1392a5,True
test226,telephone__03,root:3/visual-region:10,device_key,device_keyboard,sam2-amg[facebook/sam2.1-hiera-tiny]/point-grid/semantic-rerank,0.5392960108915136,0.66,a8e0c5555d2fde02ef0da021671b7ac882194af567ff65e756b91de72a27c526,81be53a1c40f9b7cdfba44261cad3b61a2b3ec6f1b55382781ef53655f116c54,True
test226,telephone__03,root:3/visual-region:11,device_button,device_body,sam2-amg[facebook/sam2.1-hiera-tiny]/point-grid/semantic-rerank,0.550008915213204,0.66,231fd69ea7ce8d25681115580dcf02dbba0984ff62f1ef135470806ff0d932e7,24904556fb4e5985dd273e758a71374f8aef408e5e2305f9cf77fdb5bc59a819,True
test226,telephone__03,root:3/visual-region:12,device_key,device_keyboard,sam2-amg[facebook/sam2.1-hiera-tiny]/point-grid/semantic-rerank,0.5438755604481371,0.66,b44b3d6241b8bffb2f536ce8edbeb054f9e6f37569e0319870e85464270343e4,6e0237ae8dfcbd712db1f9a83d701e99f95d58f5c517073dda41e136f7909e7c,True
test226,telephone__03,root:3/visual-region:13,device_button,device_body,sam2-amg[facebook/sam2.1-hiera-tiny]/point-grid/semantic-rerank,0.5357256944073098,0.66,5d5178b16f49a89b48573ce1422282a6ee79989beb69eba926627a11e80cabe6,6217c3d7bfe910f41cad3e96be018bea49e044390693241e5e37b1c649cec7da,True
test226,telephone__04,root:2,device,device,grounded-sam2[IDEA-Research/grounding-dino-tiny|facebook/sam2.1-hiera-tiny]/root,0.463808536529541,0.9876953125000001,8571abe9bd239e62f44cf0af49d99fb4c90c2755401def13d4a97aef496b6a60,66ce6c10eb0537ff0f95291e63640b9d764fcd3dcda7129ccf38fc5b9198d91c,False
test226,telephone__04,root:2/visual-region:02,device_camera,device_body,sam2-amg[facebook/sam2.1-hiera-tiny]/point-grid/semantic-rerank,0.520790086578638,0.66,31a174cf10826bd6d4a1af3c9a9446a5cf1f88ac5462b5d2c5c06661e5e8daf7,0227df37579705855aa1573b02ef4add94242667c61c7f3a11683971f1d67540,True
test226,telephone__04,root:2/visual-region:03,device_camera,device_body,sam2-amg[facebook/sam2.1-hiera-tiny]/point-grid/semantic-rerank,0.5213884343478754,0.66,08d8c65719406a8236123b0f9e0049677af5d05e195278a3a8ddd9aa50244410,6c18bf47da3a452b522d3bf8b2ca93cedb31b13af36825f7124ac98b075b1c41,True
test226,telephone__04,root:2/visual-region:04,device_button,device_body,sam2-amg[facebook/sam2.1-hiera-tiny]/point-grid/semantic-rerank,0.5659824880872392,0.66,534d42fa5f9b2f13c5ace37b02a0041bf5b52deb8b273617dac8e18fa5f471c3,10881818aba3e1e827f2b9ee94fbcd67c65a3fffa2861e9a2b65dec91cfe855f,True
test226,telephone__04,root:2/visual-region:05,device_screen,device_body,sam2-amg[facebook/sam2.1-hiera-tiny]/point-grid/semantic-rerank,0.6179678102314075,0.66,a03af831f6d406db1e07f2040253479da0a40f997dfa6b2087e6e9ffea6d2563,622b168a4cb5475193e5d53f092b7a72be510f029b7abccd81a1dd4836e4e446,True
test226,telephone__04,root:2/visual-region:06,device_button,device_body,sam2-amg[facebook/sam2.1-hiera-tiny]/point-grid/semantic-rerank,0.6185356599383819,0.66,a53f16ff1071472d1057159a313a8ea9f328cc72fc8f5e0b9c0bec0b24dbb7a8,e6bdac65a522eac4b140f0ea73918799a249420c6214cb2ee59ead98e5675b6b,True
test226,telephone__04,root:2/visual-region:07,device_visual_panel_05,device,sam2-amg[facebook/sam2.1-hiera-tiny]/point-grid,0.8155516106365913,0.62,cf348d5a46214e35115ca562fa83ebd9f3575c9147aacf434cc9ea9db53430d9,14ed71fef0596966051f63098419a19717c3484ad66ed06a5dc12533d2499d5d,False
test226,telephone__04,root:2/visual-region:09,device_button,device_body,sam2-amg[facebook/sam2.1-hiera-tiny]/point-grid/semantic-rerank,0.6188220097494732,0.66,afe9c7a6a48f44938ea39f1ab9359d488b4325c38a85a0aad1d21a4715b5b7cf,56b596c4803297a776fb9ec0ed7495cda5e944ecd595cfb905c032d78b881b96,True
test226,telephone__04,root:2/visual-region:10,device_button,device_body,sam2-amg[facebook/sam2.1-hiera-tiny]/point-grid/semantic-rerank,0.6279380391968119,0.66,d21c173dd29240ba0a7d879b73a7b3c52ba434f9943fc1463db54866d590ced6,4666de734c7b0d94fea2b3407246767ea84c846d4067de60bedf817c56da084c,True
test226,telephone__04,root:2/visual-region:11,device_button,device_body,sam2-amg[facebook/sam2.1-hiera-tiny]/point-grid/semantic-rerank,0.6341775242647756,0.66,35f9e59423402dfcbdc2da615411e81ccb764f16150add046e69572162d38ebe,0ff35071a78f4df0432655c163fd5991e5a48d70dfb02fb96553b5fa35d1ac49,True
test226,telephone__04,root:2/visual-region:12,device_visual_panel_10,device,sam2-amg[facebook/sam2.1-hiera-tiny]/point-grid,0.7581598731378595,0.62,5473fa1dcb1ecb29d8458b1d5ad41a20c8682f36ba9e4eb929ed29e63a374376,9bab2b74f3677244212e091495f130680e8dfb100b995e83aff6d5c702c40042,False
test226,telephone__04,root:2/visual-region:13,device_button,device_body,sam2-amg[facebook/sam2.1-hiera-tiny]/point-grid/semantic-rerank,0.6010924054312664,0.66,7b905b2a5e600c72048635b1bdabeb47d88ff46c3d130ec37b8bbce13588978e,a075882741327ee210018d1ff2491c47ead8ac933126a56f5dd16d1d869ce9d0,True
test226,telephone__04,root:2/visual-region:14,device_button,device_body,sam2-amg[facebook/sam2.1-hiera-tiny]/point-grid/semantic-rerank,0.5555897721401027,0.66,bdc7fda7319249c3fcbeec8a487952b6d6e490c0724dfeabd56da2e9c129d26b,f3a502be5e23b322384bf9830406375943590050966fc20fa80a21cb710a3b4b,True
test226,telephone__04,root:2/visual-region:15,device_camera,device_body,sam2-amg[facebook/sam2.1-hiera-tiny]/point-grid/semantic-rerank,0.565712485766817,0.66,24b3ad00263eb8fda02718008a4e28463bf14fd33e60302e305fdc11407219af,8d4a8b4d22b0d835479aac20cab477f852d70ad5402daec4987de113fc504abd,True
test226,television_set__01,root:1,device,device,grounded-sam2[IDEA-Research/grounding-dino-tiny|facebook/sam2.1-hiera-tiny]/root,0.8700461983680725,0.9725585937500001,318fcb2adc884794f3813fddacdfb9a70e1c49a13b897a323e5741badd496300,440c2458349e3776400e689f91c4b9f096f25e98be13263668e163f63b35d148,False
test226,television_set__01,root:1/profile-refine:IDEA-Research_grounding-dino-tiny:device_screen:01,device_screen,device_body,grounded-sam2[IDEA-Research/grounding-dino-tiny|facebook/sam2.1-hiera-tiny]/profile-refine,0.4348212480545044,0.8063300781250001,2468a86f641c480ff6db16711a8603e732cbb26852bad3f07ba971a657df9f0f,55a940bbaf12e559f6bfeface8f70039f29bcd2718617db36a2650dcc81a7b73,True
test226,television_set__01,root:1/profile-refine:IDEA-Research_grounding-dino-tiny:device_top_panel:01,device_top_panel,device_body,grounded-sam2[IDEA-Research/grounding-dino-tiny|facebook/sam2.1-hiera-tiny]/profile-refine,0.2685575783252716,0.768431640625,a86c1f9f66e8abbc065b857e9c94a330360c129e3feb214b685a781c756b5ab7,29cd1e4cb97703770b65e0824828bc5f73ec9254eb4f5c2fe3da20adcb49c3d4,False
test226,television_set__01,root:1/visual-region:01,device_bezel,device_screen,sam2-amg[facebook/sam2.1-hiera-tiny]/point-grid,0.8089244606631811,0.68,654c0b2fccfb89aa2aa9869213f853377986811549cdc80d6e77d5ba41a549b9,0f79f1b1f3c3096b6a0a6399977b2e887d3468cd2e4455b18180a6181f480fca,False
test226,television_set__01,root:1/visual-region:02,device_screen,device_body,sam2-amg[facebook/sam2.1-hiera-tiny]/point-grid,0.6581814218321838,0.68,a30695da1581299963cd8e8904647143e9cb06cb03912844341975cc187bfb5a,dcc5d154cd0629ec3340dded04c872b196a8b06bd77439c04d5612ba6bef4136,False
test226,television_set__02,root:1,device,device,grounded-sam2[IDEA-Research/grounding-dino-tiny|facebook/sam2.1-hiera-tiny]/root,0.8901033401489258,0.9662109375000001,d30a3bc97ab22674132f0ebc29a4b55d3faebe15838f7791375533f8e0264f08,4e80b3536537dec92e8c7c1cd5e8c76160ee8e30fb12729ef3e17ff265f1afd5,False
test226,television_set__02,root:1/profile-refine:IDEA-Research_grounding-dino-tiny:device_base:01,device_base,device_body,grounded-sam2[IDEA-Research/grounding-dino-tiny|facebook/sam2.1-hiera-tiny]/profile-refine,0.3603765070438385,0.8154179687500002,45ea18a1d031f96116077fabbd9cf16419967d44b5517ba1f580731ad0187b2d,9ee94487bcd58ddacde5512d2b8675e6bfcc92fef8abe89077e88dde4d2d92e3,True
test226,television_set__02,root:1/profile-refine:IDEA-Research_grounding-dino-tiny:device_screen:01,device_screen,device_body,grounded-sam2[IDEA-Research/grounding-dino-tiny|facebook/sam2.1-hiera-tiny]/profile-refine,0.48672035336494446,0.83359375,26410c364b7577abd5424b5b411d7227bd46869723e9f06103df9c2ef68dcdab,090f7bd0cc2a2327d2a0bd9b057bb568180da36f27bdb2ce7f9c5297a21652aa,True
test226,television_set__02,root:1/profile-topology:IDEA-Research_grounding-dino-tiny:device_bezel:01,device_bezel,device_screen,hpid-topology-v2/surround,0.4575171321630478,0.82,f0672c9c640bb01c544be95e6d9126311a68824092402a1ebcdaf573f8fbd611,044d84b9c6fb989943be4a6dc058107402f56e19f8cc00ba355dcceb228f6589,True
test226,television_set__02,root:1/visual-region:01,device_side_panel,device_body,sam2-amg[facebook/sam2.1-hiera-tiny]/prototype-labelled-region,0.6258746446777381,0.5882321122031211,0045496e64bd365d4cbc7e62b17a9d6cabf843ebcd52612aedb401ebb388c5b5,f64bed4ff55775f0bbb43978136a0dc0726228a5a089ec899a577a8d445e7b44,False
test226,television_set__02,root:1/visual-region:02,device_button,device_body,sam2-amg[facebook/sam2.1-hiera-tiny]/point-grid/semantic-rerank,0.632573074012914,0.66,54f0c09b4c6996002ed514236463d7abb043dbb160fc9544b661a27a0454b845,0da1d04215409b0b24cef858c7e3370cfd9da6e2c32ca6eff6b319e44421fb62,True
test226,television_set__02,root:1/visual-region:03,device_visual_strip_01,device,sam2-amg[facebook/sam2.1-hiera-tiny]/point-grid,0.8546217578806562,0.62,9fd1c0265dc33c2f91f20008b0519551d2ea8b60d993d1299c6499b570bf8fb6,948c1755848d2ca0e8059204434b1d0f9c171a36dc43fecdb824614fa73b2807,False
test226,television_set__02,root:1/visual-region:04,device_button,device_body,sam2-amg[facebook/sam2.1-hiera-tiny]/point-grid/semantic-rerank,0.5881909988647529,0.66,45f0c2a3464087b11981e78dcc9d0561227ccee4af32251c76ded42db7cb431a,e9f410867556a7be02af25e950157e7463a0d294559cf83abf7fe639a010f7cd,True
test226,television_set__02,root:1/visual-region:06,device_button,device_body,sam2-amg[facebook/sam2.1-hiera-tiny]/point-grid/semantic-rerank,0.601142420637138,0.66,391de82ba4d344aa16b6646ba5cedeb89df98c8f93565a3bda27ae02ee2a46e7,821cb32d3c8f78d6b94c72b11efe9c7496885da96d643a0a464fdc993d939129,True
test226,television_set__02,root:1/visual-region:07,device_button,device_body,sam2-amg[facebook/sam2.1-hiera-tiny]/point-grid/semantic-rerank,0.4747376589127041,0.66,4d9230a830291caf783bd175c88ee157da5721fba12301ccb1b288f5222d4967,521b11f085c46d53a3130dc725bd43d14704a8941057e9b8c47079e64f5da539,True
test226,television_set__02,root:1/visual-region:08,device_button,device_body,sam2-amg[facebook/sam2.1-hiera-tiny]/point-grid/semantic-rerank,0.6202903511247777,0.66,18d10f0875ee16f00faa58b2c1b555bb374b1c941a9f8e4474b1510407638640,95eb609761d3662646744dec2bcfc38e85d411dc4aecc61d13573f1ece13be80,True
test226,television_set__02,root:1/visual-region:09,device_top_panel,device_body,sam2-amg[facebook/sam2.1-hiera-tiny]/prototype-labelled-region,0.7061042026728588,0.5881005285739899,890132ee88a7a5644baeae82de11ee6437ca2720a1b070c33f24a8034fcbc291,78b1bdde970054277203f7811c7fdbbbd758343ad0441f0726ebe0c59e92f52f,False
test226,television_set__02,root:1/visual-region:10,device_button,device_body,sam2-amg[facebook/sam2.1-hiera-tiny]/point-grid/within-root-repetition-consensus,0.5235980132312148,0.62,93b1cb444bc4fb90f8d49dd9c07507735163c45865830b45db8d55bc382e7d17,cd808a0b76ab620d54fe33ec2fc098e934f4b9a4a52d870281854d22b5db45b2,True
test226,television_set__02,root:1/visual-region:11,device_button,device_body,sam2-amg[facebook/sam2.1-hiera-tiny]/point-grid/semantic-rerank,0.612411005909923,0.66,8b9bc70688fc83db1af363e7c081b740dc8f753739ddb881896f5d40852711ce,d6e0bf6ce1d7589211f2f92b6fe71ce76f7c13f81e7333383b74348028a1ec42,True
test226,television_set__02,root:1/visual-region:15,device_visual_strip_03,device,sam2-amg[facebook/sam2.1-hiera-tiny]/point-grid,0.7099170419310983,0.62,afa35b99e74e6ab6aa7bd46642d8cf3fb21626c3e243ce0639f63fde59db9a95,5c3b9d1ebb73f4f93439808436b84cb5eb8d8d347cea423d5878cc55651cf5f8,False
test226,television_set__02,root:1/visual-region:16,device_visual_panel_05,device,sam2-amg[facebook/sam2.1-hiera-tiny]/point-grid,0.8536039493325996,0.62,e77fbfc7ddee07096ae3d1857965bdd0ecd96ba1bbde061ff86f6540e13aea0c,9f0ca5a9f962d69dd5c78ca4170d69ed052294ec7d8dd19041d14e02a4228a51,False
test226,television_set__02,root:1/visual-region:18,device_bottom_panel,device_body,sam2-amg[facebook/sam2.1-hiera-tiny]/point-grid/semantic-rerank,0.5411109658328366,0.66,723f7c01925733f3ff05c02cefaec3debe973117e78a8cfc47ec3bb6332cc144,bf3b506544ef61f2d3518608eaa7863ebc48af5d3ad0a30ec288337724b5dcbd,False
test226,television_set__02,root:1/visual-region:19,device_button,device_body,sam2-amg[facebook/sam2.1-hiera-tiny]/point-grid/semantic-rerank,0.5556125214368051,0.66,c53c582a332300c24f15cbb8757aef2e689905e17a40d550310632cd6f362693,4c1dffaca1d091fe0fda37f39b6818af86ccb51e835a70c8c983758fcf0949d2,True
test226,television_set__02,root:1/visual-region:22,device_button,device_body,sam2-amg[facebook/sam2.1-hiera-tiny]/prototype-labelled-region,0.6965132414371887,0.6091906978473663,ef4265d8ba803f22f898ef8779d482f559087bd359b9a9fbcb00bed009e6c61a,400eecc0384eccac3feba7a30146723125a828d5b67d0304b7af416191c37e48,False
test226,television_set__03,root:1,device,device,grounded-sam2[IDEA-Research/grounding-dino-tiny|facebook/sam2.1-hiera-tiny]/root,0.9249592423439026,0.97216796875,142079cc12839982ebc33e3022639d5ed47fa61595c6e9a1bd1e490c66283cca,55288b39dc33fb7550fe52339c4e9a09211c13b2b5a932e0cc8d658267de2952,False
test226,television_set__03,root:1/device_guided_device_bottom_panel:01,device_bottom_panel,device_body,grounded-sam2[IDEA-Research/grounding-dino-tiny|facebook/sam2.1-hiera-tiny]/retrieved-part,0.3854211560026812,0.8508902768984286,ff7463cf7720d926528f29490c77a80250b543d11ca829b5e244ad33dd225ba5,19dc60db7d7f7dc44dc620592fd5d71dc3161d02ddfcb2a4cdcda29d2d3189dc,False
test226,television_set__03,root:1/profile-refine:IDEA-Research_grounding-dino-tiny:device_top_panel:01,device_top_panel,device_body,grounded-sam2[IDEA-Research/grounding-dino-tiny|facebook/sam2.1-hiera-tiny]/profile-refine,0.3491997718811035,0.8374609375000001,4848a932e88d4117829ef3947fb2c60e6f53d633bc8f69ee62a88d903ba98328,2a0d9a45c1d42d1568858db0c0f19e05f38fe7f443022db5b7b5a6a9a63c9c3b,False
test226,television_set__03,root:1/visual-region:02,device_visual_strip_01,device,sam2-amg[facebook/sam2.1-hiera-tiny]/point-grid,0.6327584407783405,0.62,a7997359f2db65ff5736c227c22f809a33bd2fe4242fe3aa63b2ea477eee4b61,c14baa2d219a0a36c13c5a86c306c186db6ec9f6114aafdf31f373ccc4a09577,False
test226,television_set__03,root:1/visual-region:03,device_visual_strip_02,device,sam2-amg[facebook/sam2.1-hiera-tiny]/point-grid,0.7500748715714054,0.62,75b4113a2798ea5e4926f6e3bd86996644328027bbd460ec040ae4c05cc9f9d0,1507fad1d692a06229b22f662ba7974dca6408612a31d0cf831f33521ae7efad,False
test226,television_set__04,root:1,device,device,grounded-sam2[IDEA-Research/grounding-dino-tiny|facebook/sam2.1-hiera-tiny]/root,0.6741577386856079,0.9754882812500001,3d4d1864d21ce8303d99046a90451c134b4a26b8c1ea93db7b25b6942df8af3d,9a14575aac6b4764de3a15f246a6f90fe2061dbbfb2e4a91d7bc8e95e7072202,False
test226,television_set__04,root:1/visual-region:01,device_stand,device_body,sam2-amg[facebook/sam2.1-hiera-tiny]/point-grid/semantic-rerank,0.5651915351240941,0.66,12d35dd50dc80e6665e75939033faea15fecc28b026a50381bd6d562ca2b2209,c8ca4bef5e67340f2ce0bf9624dcea0b3e76cc1190a5d5dfd499bcdf99b3790d,True
test226,television_set__04,root:1/visual-region:02,device_visual_panel_01,device,sam2-amg[facebook/sam2.1-hiera-tiny]/point-grid,0.7995741436231977,0.62,3c0166bc9349ff82e3290852369c978b9964f30ce60f03ae7bd6b4c1da1b5d43,da1a914868bba50c3df38551fee9fa1933e5a7f1e646b31d1858fe2d103e1c7f,False
test226,television_set__04,root:1/visual-region:04,device_button,device_body,sam2-amg[facebook/sam2.1-hiera-tiny]/point-grid/semantic-rerank,0.6471641525110544,0.66,09d5581daa43a2d3e9790b3fdbe7ba9d1c478e51fe0b9a54c25e631b51fc47a5,c96be5610cadcce62d0abc4ade447e06667376e0a66acbf2580963b3dcb719fb,True
test226,television_set__04,root:1/visual-region:05,device_screen,device_body,sam2-amg[facebook/sam2.1-hiera-tiny]/point-grid/semantic-rerank,0.5911739806613484,0.66,a3ece7c1f5affecdd66372d2244503f41c3fce614c91ed81bba96cb6968a5d93,ec7090f768d6281c607d6a67b255a9cb067c6de8d94fb35a374138142cdfebac,True
test226,television_set__04,root:1/visual-region:07,device_visual_strip_02,device,sam2-amg[facebook/sam2.1-hiera-tiny]/point-grid,0.7914091851382434,0.62,b15e20ac13ff26d396a5b27e9e73b603488dfc3e1ff27e41c0c8f0638ac1fa88,e3fe104b9e0c66a60debd066cce2e795e860b118e42590ce3156f0035f7cd1fb,False
test226,television_set__04,root:1/visual-region:08,device_visual_strip_03,device,sam2-amg[facebook/sam2.1-hiera-tiny]/point-grid,0.6822880791298601,0.62,6b47cf1e38c8417988090d011d90fb7221398185b7a170bb9b98950fbe49417b,1d914f0f0ea9bca4d092ac72fdc83d064f16881325cd2be69113102b1022f8c5,False
test226,television_set__04,root:1/visual-region:09,device_visual_panel_06,device,sam2-amg[facebook/sam2.1-hiera-tiny]/point-grid,0.704289218507826,0.62,cfec60b1a2836be20becb85a0421b7b95bce5176582c6a8c97357cd3324d7888,e739c22b6f6abf11b3026c23bbb906369626fe5ad7a0a8f4f52cd415ae94cf4b,False
test226,towel__01,root:1,daily_object,daily_object,grounded-sam2[IDEA-Research/grounding-dino-tiny|facebook/sam2.1-hiera-tiny]/root,0.8325091600418091,0.99775390625,4b9f8b370e1fdc36670aa3446e415d64730ad07d0d1ae89027399ddbc31aad44,0dffbd2e166829dc45239954b41fc05856466f6d107450e65ba560a351fbb22d,False
test226,towel__01,root:1/visual-region:01,daily_object_border,daily_object_panel,sam2-amg[facebook/sam2.1-hiera-tiny]/prototype-labelled-region,0.7244735274952876,0.6003670420494079,9dd9eaa84fdad4c6e98668b0ca47fff983a5dec5442250ea614b49a80ad19edf,86eb9f957310e85a9fd10b4cae1fdd4f6203ffc91759118856c16a4613e1a2d8,False
test226,towel__01,root:1/visual-region:02,daily_object_visual_panel_02,daily_object,sam2-amg[facebook/sam2.1-hiera-tiny]/point-grid,0.6315821491728176,0.62,03479df8f4c1b7478f10e2e39ae761df09fd5dbd7d3be5499e7c3e3ee678b42d,6664e2531b0272b8e8af0a276fdf9c05bc153513a480f745cdbec49e5bfc887d,False
test226,towel__01,root:1/visual-region:04,daily_object_visual_panel_03,daily_object,sam2-amg[facebook/sam2.1-hiera-tiny]/point-grid,0.7288537227605352,0.62,2f3a28807b98f329890004927881e43fa92a8f6cb18d0a0a7d30bb3fa957d16a,8797a9aa7d07caed66e2073a3f721012c91a8c49b74ae137e9984a8831cf637c,False
test226,towel__01,root:1/visual-region:05,daily_object_terry_bar,daily_object_panel,sam2-amg[facebook/sam2.1-hiera-tiny]/prototype-labelled-region,0.7732078551635136,0.6079485641908645,03a1b614da9fcb8f60ab9bab3ecf288f1e627437731347fc8d0600d58a6f028c,05a335da04414a54b2112a10c42c63c21f17ae85f8927bb6cac46c8a925abaca,False
test226,towel__02,root:1,daily_object,daily_object,grounded-sam2[IDEA-Research/grounding-dino-tiny|facebook/sam2.1-hiera-tiny]/root,0.5988401770591736,0.997265625,a77e5b4b3c1a23cceef94709cf5e3279a3d77307d22eb9d74637571ba49e250f,9b2574d827be86d448f5123b1e66e8cad3d8672656d1b358aaa32118ee90e4cd,False
test226,towel__02,root:1/profile-refine:IDEA-Research_grounding-dino-tiny:daily_object_panel:01,daily_object_panel,daily_object_body,grounded-sam2[IDEA-Research/grounding-dino-tiny|facebook/sam2.1-hiera-tiny]/profile-refine,0.249996155500412,0.8697519531250001,112e44ee17c978a54c42d3f71adde3e8fdecf5e8c7685497f1309e1739df8149,dd5958f26263a8969c53dea3fe8bb2d05f9ab94fad277521fe379458b5906687,False
test226,towel__02,root:1/visual-region:02,daily_object_border,daily_object_panel,sam2-amg[facebook/sam2.1-hiera-tiny]/prototype-labelled-region,0.7509397227705242,0.5999596966581345,6a798816492a4a688e9030542eee98de87563caa7fae691dd22ec58181b16069,2ede355cc89dd592af4cc543aaae312d043d247f60c68f3509c8d7bbcf7b50bf,False
test226,towel__02,root:1/visual-region:03,daily_object_visual_strip_01,daily_object_visual_panel_02,sam2-amg[facebook/sam2.1-hiera-tiny]/point-grid,0.7211759815094448,0.62,1437685180ef7511698a9a8bf5a17772c2418bb2179f3e0c20bb0f885976ae1c,cd9edb208b68083138a71dfa6cc2e1cf6d5d204dc08808f4c1c758a35511933b,False
test226,towel__02,root:1/visual-region:04,daily_object_visual_panel_03,daily_object,sam2-amg[facebook/sam2.1-hiera-tiny]/point-grid,0.7145506451570441,0.62,12ffffb79f2445be5e213b7fdfc57b7ac7c377e0c29b4a253d3bb0b7d9b13b0e,623060f4bf810e4ea7c27f541806ceee165a933af49f9262242df81ed2d0365d,False
test226,towel__02,root:1/visual-region:05,daily_object_terry_bar,daily_object_panel,sam2-amg[facebook/sam2.1-hiera-tiny]/prototype-labelled-region,0.779977342134407,0.607662386045456,4a91cbd5f78613b8184846a6b3411288f1f4069a7a51dfbf9ace427bb8806e23,2902734f3c7316e6a515004e9529391df06c8a21ac6ecdce5bf8d27496fd6fbb,False
test226,towel__02,root:1/visual-region:06,daily_object_fringe,daily_object_panel,sam2-amg[facebook/sam2.1-hiera-tiny]/point-grid/semantic-rerank,0.5630817789188882,0.66,f2291707ba9356b33f1b29164c755258a0831e90e6b2b1b2b69007b378d79c08,35f8f4be80647b322df876cbabc49a9df056613d923104512a3f90b31a36b1ff,True
test226,towel__02,root:1/visual-region:07,daily_object_panel,daily_object_body,sam2-amg[facebook/sam2.1-hiera-tiny]/point-grid/semantic-rerank,0.5288013671038279,0.66,49bafc8bc145966313fc8372cad16fba5634839ee93328320ca30c4fb0564b50,bbb192bfe111d24e4624dd42cf9fee552c920f42a0a475199789ff402ab52392,False
test226,towel__03,root:1,daily_object,daily_object,grounded-sam2[IDEA-Research/grounding-dino-tiny|facebook/sam2.1-hiera-tiny]/root,0.8008477687835693,0.99609375,a03873b55daa9aad8ef61dc70604f9d50b8b9134aa86eb75f6df51fa14e33686,ed1f25dabeb20e73fa6bff16bdd00b0349c3bf61ef4f2f9a6be8898c7c1d5878,False
test226,towel__03,root:1/visual-region:01,daily_object_rough_surface,daily_object_body,sam2-amg[facebook/sam2.1-hiera-tiny]/prototype-labelled-region,0.8059187196572153,0.6002314971380234,65fa33fb936c762d35883b89ffca969cc4e20d1da7dba2a7b9a7cc6759268923,6f69df58ee0ee35dd096910ab9f7db6d008e3df32ab3a76c9176cad15236889d,False
test226,towel__03,root:1/visual-region:02,daily_object_visual_panel_02,daily_object,sam2-amg[facebook/sam2.1-hiera-tiny]/point-grid,0.789499347884252,0.62,abaed99cb4d636e64d8fffe1350d310ca2bafe661d81868ec0ecc5d138eaeb5f,deb02d590cdc9c47ec94a2aa28dd321d2c183a4b3222b6d8f71c8e9df65533e3,False
test226,towel__03,root:1/visual-region:03,daily_object_panel,daily_object_body,sam2-amg[facebook/sam2.1-hiera-tiny]/point-grid/semantic-rerank,0.54889656377448,0.66,1329264bc39791563530447658a5edfb81699381d3f874b39aae45325e7d1f78,3f252075c3000a3fbde4f457f2ac12ac7aa23f012a604f8aa736bc0c7478c96a,False
test226,towel__04,root:9,daily_object,daily_object,grounded-sam2[IDEA-Research/grounding-dino-tiny|facebook/sam2.1-hiera-tiny]/root,0.2564593553543091,0.9934570312500001,851a00635502395475643f3ccc272d3412c10870be306ceca920c88b0e01ac14,57a383deb7ecb3fdc5a4fbe95f5e17478dfaac68e5492628ed04e83691d80129,False
test226,towel__04,root:9/visual-region:01,daily_object_visual_panel_01,daily_object,sam2-amg[facebook/sam2.1-hiera-tiny]/point-grid,0.7658983014265879,0.62,2facd8d2dc142731b5fa60f90c9c564d8095b493b0e5544541973c17de67354d,2d2d7ad42f9ae725e61791fbe05acef2f689f6c14ee25814ac798760d97e4299,False
test226,trash_can__01,root:1,container,container,grounded-sam2[IDEA-Research/grounding-dino-tiny|facebook/sam2.1-hiera-tiny]/root,0.41211605072021484,0.9714843750000001,d8b3236ff70e60c83974a6f2643b5871daf63c65297d8c99d3aa86e368e090c9,d83f7bdf1cd95ba804aa3a96c591bc512b66899e8ba25d8bd4f58ee2adc2eda2,False
test226,trash_can__01,root:1/container_guided_container_body:01,container_body,container,grounded-sam2[IDEA-Research/grounding-dino-tiny|facebook/sam2.1-hiera-tiny]/retrieved-part,0.25932972855948794,0.7436837071629694,0e49facde0dab8d645342b20945d6e11acdcb760bdcea8cd518625d2e15e3d31,74ba61d7b36b89fd5a11ad9165a7b26ccf8f8eb6009668b41bcd87ad5c5b9cec,False
test226,trash_can__01,root:1/container_guided_container_label:01,container_label,container_body,grounded-sam2[IDEA-Research/grounding-dino-tiny|facebook/sam2.1-hiera-tiny]/retrieved-part,0.3185934940815824,0.6689967643326548,86c257ad3a2542e270fbdf1e6edf196dae8cb9aa06b0a26951e6cc0ffd69afe2,5ea6143ac0d45c21c54c8dd96511fe89c3225b309172548c98994dd6af930dd9,False
test226,trash_can__01,root:1/visual-region:01,container_handle,container_body,sam2-amg[facebook/sam2.1-hiera-tiny]/point-grid/semantic-rerank,0.6183007000585283,0.66,617952eeb104f3cc9c2dd0f0f2c8a01ec32eaf26b3698c18c4aab699cb27cbfa,023fd3994d318422cdd04acca1c84fc3bbd064ed66d569f564873a8461c56907,False
test226,trash_can__01,root:1/visual-region:03,container_handle,container_body,sam2-amg[facebook/sam2.1-hiera-tiny]/point-grid/semantic-rerank,0.5970656066473637,0.66,07d9e994f98031656a69b4c7a452dca723281a79ad2ddf204bc8c3699da7bcf4,6e23f3089b86dc7568fd59cdbefb3da13c1ea88abbbb7fefe942a17ab90a1cfd,False
test226,trash_can__01,root:1/visual-region:05,container_label,container_body,sam2-amg[facebook/sam2.1-hiera-tiny]/point-grid,0.8466570738176051,0.68,dbe12c56f150f21eb368f691d7ec3040a5ffd0201a0bf2a8dd1868bbacc5a532,4cbe99acff192020bc6943cff889f91ba8dd65c7412a0eeb6be5b854a560ef99,False
test226,trash_can__01,root:1/visual-region:08,container_inner,container_body,sam2-amg[facebook/sam2.1-hiera-tiny]/point-grid/semantic-rerank,0.6345986199779643,0.66,bc3bfa17bfdffc015f6054ecd16718e874751def068f715a7fefc0af50e68dc7,f897b174f86423c231251345c215c82a154f9c0dab4bc8f5068c9a9d572e3be1,False
test226,trash_can__01,root:1/visual-region:09,container_rim,container_opening,sam2-amg[facebook/sam2.1-hiera-tiny]/point-grid/semantic-rerank,0.48930071258067587,0.66,079afed01f5a15c1414d9334b6f51b22d88590cb7dda38f4b64b3e2a56b948fe,20633e2abe9330f216ec81d4c4c2925a60a95bb832a10799fa2d3a4430c1ea93,False
test226,trash_can__01,root:1/visual-region:11,container_visual_panel_07,container_visual_panel_05,sam2-amg[facebook/sam2.1-hiera-tiny]/point-grid,0.7692322206141906,0.62,d116e20b5d2ecfd10bf1a6616d56312ed9dd2d6460fa067b99e4a12243e46082,ba6f5c9520bf3377b847cf235d5483b2dc7cc242fea6c1e79d0409949699b40e,False
test226,trash_can__01,root:1/visual-region:12,container_rim,container_opening,sam2-amg[facebook/sam2.1-hiera-tiny]/point-grid/semantic-rerank,0.4722343476345096,0.66,e74cea2feddef1efd52d2602814d9f3d6f9913cfe5a2b0a1db39185e9d8b5661,f8d105acc93101ea2d1ef37bebb4e968177f6c3c10bd3b6965077c99f6b93842,False
test226,trash_can__01,root:1/visual-region:16,container_handle,container_body,sam2-amg[facebook/sam2.1-hiera-tiny]/point-grid/semantic-rerank,0.5493520527398585,0.66,683b9f0d2e45066aa73eb76e75f991b02921dbc0e47a9fe839e32fbe32f13247,6f3f00e8ee61bb3df1e02145ff3782174b23bf78fb5431188254bac5cc9b041c,False
test226,trash_can__01,root:1/visual-region:17,container_handle,container_body,sam2-amg[facebook/sam2.1-hiera-tiny]/prototype-labelled-region,0.7078431279844688,0.6130303567428589,29b04b75d31ca65d828d51c87f884e2e2bde0a11d3c709beb656f2ee446405cf,0f3a5bdbef27bde12d605e6440a78a9a8315f20eb441481711117ce4698339a2,False
test226,trash_can__01,root:1/visual-region:18,container_lid,container_body,sam2-amg[facebook/sam2.1-hiera-tiny]/point-grid/semantic-rerank,0.6402468165188505,0.66,5b6cec2b26fef01d1b02169de4037a32e45602ae2b4fc44dd0ee6f4edb619018,291d221c445b1f07d15799ece7fc53c925742a846f023842bb90aab44c73d733,False
test226,trash_can__01,root:1/visual-region:19,container_body,container,sam2-amg[facebook/sam2.1-hiera-tiny]/point-grid,0.7508541067427281,0.68,c9eaf526e6370c9fdbb7523eb0d69ab41fd5909f0c6acd5a8a6878642fcc4565,f201f77bca6286f4eed6401202429bf9ff2afc05f4765f3ad0a870008aa9bf35,False
test226,trash_can__01,root:1/visual-region:20,container_handle,container_body,sam2-amg[facebook/sam2.1-hiera-tiny]/prototype-labelled-region,0.6863390892975785,0.6076825880365372,cf58599be189514add87d79c9703ce6f987950944f5caae9f3374f80ef04c54e,8a4f602f86b1e1fdbb5d3a60b354cecf758a9ec4be3e7a0485a84bb0e39078e0,False
test226,trash_can__02,root:10,container,container,grounded-sam2[IDEA-Research/grounding-dino-tiny|facebook/sam2.1-hiera-tiny]/root,0.3078780174255371,0.9880859375000001,492f77d9df0deb6d8c7d46572ca289b2bf78b8b13be4ddd2469794d07b82479b,813402cd9c27744afa12f69c532f69638b743294e928894246efbf3512defda3,False
test226,trash_can__02,root:10/profile-refine:IDEA-Research_grounding-dino-tiny:container_inner_wall:01,container_inner_wall,container_body,grounded-sam2[IDEA-Research/grounding-dino-tiny|facebook/sam2.1-hiera-tiny]/profile-refine,0.28587010502815247,0.870138671875,3eec80919b39c44575dde76f5e121b8a09b0c2967c511c42bef1c9e47e6ac87e,9798696481dd965b56ae6777040ef2bc26a23396207cbb31cbe1267b61158dcf,True
test226,trash_can__02,root:10/visual-region:02,container_handle,container_body,sam2-amg[facebook/sam2.1-hiera-tiny]/point-grid/semantic-rerank,0.5927906200349168,0.66,794f886f012ba8bc9e45d6c99c9aaffd05137ad1aaba1adac73a29d4bf500316,626ae5d1be5dd94676080492f1064c1a580d7117a417b3c5d82fd6dd7fe00dce,True
test226,trash_can__02,root:10/visual-region:05,container_outer_side,container_body,sam2-amg[facebook/sam2.1-hiera-tiny]/prototype-labelled-region,0.8365913584603546,0.6042375894889832,8a5241468db03b59f8cabdb6e8337415c828e1e6846c4579acafbd8d4f32a1df,ff45762b3d9b390a1930be77772fd78429130d307f6ae5ef19ae917a69cce346,False
test226,trash_can__02,root:10/visual-region:08,container_handle,container_body,sam2-amg[facebook/sam2.1-hiera-tiny]/prototype-labelled-region,0.7568459985022958,0.6069389004678726,933e1735d7fed669ba1a403ae62668b42b79e8ffa1f0ccea29c3dfb88176725c,3c95af98213e1a0b4eb13bd4472cd448b71ae5d269899c2ed396db0d956e9e76,False
test226,trash_can__02,root:10/visual-region:09,container_handle,container_body,sam2-amg[facebook/sam2.1-hiera-tiny]/point-grid/semantic-rerank,0.5753890298619513,0.66,c16f33f169be2f3ada55639985795cde656560d53df8e603c13a6a9c5e98ac2f,83c3cf7bba4aa43dc855fd1de3632ab0b4c55b7037c13d01319036bd83900ce6,True
test226,trash_can__03,root:1,container,container,grounded-sam2[IDEA-Research/grounding-dino-tiny|facebook/sam2.1-hiera-tiny]/root,0.7714993357658386,0.9845703125,8923758ffd2df17456e11efd0fee06cc196530234503b97fadc79bed2e4cba3c,289e3eb9e9e9e7270679406fc8ff02dca8df74010032b99e9d7c4a1166cc86ce,False
test226,trash_can__03,root:1/profile-refine:IDEA-Research_grounding-dino-tiny:container_lid:01,container_lid,container_body,grounded-sam2[IDEA-Research/grounding-dino-tiny|facebook/sam2.1-hiera-tiny]/profile-refine,0.2798284888267517,0.850416015625,b6084917acbcb35e27b69e98960aeae80d0dbdb970fae16f7e48fb55e1036680,4d3c3ced4d617821d88c7df85673eb72a9896fe14282414598afb0e663612b81,True
test226,trash_can__03,root:1/visual-region:02,container_visual_panel_02,container,sam2-amg[facebook/sam2.1-hiera-tiny]/point-grid,0.7608268478177687,0.62,4878e677041ccc9b7d637a39c06a81e2cba0a3217f4cc66cb1ba30b04abb5cbe,8ca7320f5625991e4e4f14a1201a31f28f6ae56d5bca903825a471bef452d9f3,False
test226,trash_can__03,root:1/visual-region:04,container_outer_side,container_body,sam2-amg[facebook/sam2.1-hiera-tiny]/point-grid/semantic-rerank,0.5692501313096091,0.66,888faae5aadc75ee6854bf034a6b1916cbd14e276dc12ebb9f07b122b2027299,13feddb44df7ad17a2d3aad9a0c1e3b718437fb479875784e740830c29bc8f18,True
test226,trash_can__03,root:1/visual-region:09,container_rim,container_opening,sam2-amg[facebook/sam2.1-hiera-tiny]/point-grid/semantic-rerank,0.5870332806184708,0.66,fcd1b422e1ca4b53c18ed50656c4948eef37e9d20d334d2d77fde5537c12adc4,0851aebf423f3f4caf7a22efc3de4d46fc378b04b91eb136eda8066656e7678d,True
test226,trash_can__03,root:1/visual-region:12,container_handle,container_body,sam2-amg[facebook/sam2.1-hiera-tiny]/point-grid/semantic-rerank,0.6236841085825573,0.66,a92d8d4faa976289e95de544fc0e878e4206e6dabac75e4447fd76564c83fea1,08276bce2be9838807c4bc71ae4e4999ebc44d82e9ff6e2533caf5f022eb1575,True
test226,trash_can__03,root:1/visual-region:15,container_outer_side,container_body,sam2-amg[facebook/sam2.1-hiera-tiny]/prototype-labelled-region,0.7529040580861966,0.6085165363025665,b62e3f0445f99694dd260dc661ac502e4e3eeb9b40bb36f0ad35feadfd9f1ae2,679d55a88ce484dc4302ac3ef4463745230a78f5422c742fc3d80e6345b8395f,False
test226,trash_can__03,root:1/visual-region:16,container_visual_detail_13,container_visual_detail_07,sam2-amg[facebook/sam2.1-hiera-tiny]/point-grid,0.7310541238016804,0.62,578d12508573291e647ae6ee95ba529112630bdc15017c5aaac5f7b5f4003d40,597814e20133ef3162eca80a48f789fb08af132a511fbe3df4d2ab2a126da8e1,False
test226,trash_can__03,root:1/visual-region:20,container_handle,container_body,sam2-amg[facebook/sam2.1-hiera-tiny]/point-grid/semantic-rerank,0.6367960420016805,0.66,a6757cb587cc51d0ad966d97f2b99d08441fa646ec937e1303528a7b8b94aa1e,a4af403189cba55654f4590392b9b48d94fb940a57ed2d9130b1e884c6a79033,True
test226,trash_can__03,root:1/visual-region:27,container_handle,container_body,sam2-amg[facebook/sam2.1-hiera-tiny]/prototype-labelled-region,0.7282581417628413,0.6070755647573471,26ef18f77b89639c883347d238075e10afd8ccd354e32b8d0bec9542551bf824,686d8b872ef06e45271294772bcf6e55b69537cb2715373471475ee72857fe4a,False
test226,trash_can__03,root:1/visual-region:28,container_rim,container_opening,sam2-amg[facebook/sam2.1-hiera-tiny]/point-grid/semantic-rerank,0.6039581473874021,0.66,7ceb77e7f825c26df6337b080128e941b2ac0ff787e4cb69169851c205457050,738bc7d8c460c0eabd51ca35edc6a473434122a52d526d7267754427577d5296,True
test226,trash_can__03,root:1/visual-region:31,container_handle,container_body,sam2-amg[facebook/sam2.1-hiera-tiny]/prototype-labelled-region,0.8059717379180751,0.6087339359178543,6f38001109b7abf6f68025a119747db99be40a97ee8a807bbf3ddacd09fce325,58c6eea519cce282da6e099abbd861a7eee2a6ddd06dae791317540f5e7d91c4,False
test226,trash_can__03,root:1/visual-region:32,container_base,container_body,sam2-amg[facebook/sam2.1-hiera-tiny]/prototype-labelled-region,0.7483598356703143,0.607401513212204,25a6858ace7e8bf7d3de38a2ca7ed2b6a72456692df08cf0e711708598ee9014,84a504a2b48bb732d832c542e6e77da0a7806a90be197157957739e0c7ef96af,False
test226,trash_can__04,root:1,container,container,grounded-sam2[IDEA-Research/grounding-dino-tiny|facebook/sam2.1-hiera-tiny]/root,0.7967672944068909,0.9842773437500001,0b305971412bb729108e8d6621e1afe40f8486c1b8a0a64e56d40fbb9f079519,adc3a0c79c932a26ee9e367c6ba39a11464793a9a2d14e406b8f28748bfa3abc,False
test226,trash_can__04,root:1/profile-refine:IDEA-Research_grounding-dino-tiny:container_inner:01,container_inner,container_body,grounded-sam2[IDEA-Research/grounding-dino-tiny|facebook/sam2.1-hiera-tiny]/profile-refine,0.2699025273323059,0.7827402343750001,81d33bdb1d1c30cddf16ba03fd0f3727db435efe3f12a1c57aa04238e906cca4,cdabee9609d0c3a550a9bdbd116b49e197a3abfad809081a9a03fbac06892aab,True
test226,trash_can__04,root:1/profile-refine:IDEA-Research_grounding-dino-tiny:container_inner_wall:01,container_inner_wall,container_body,grounded-sam2[IDEA-Research/grounding-dino-tiny|facebook/sam2.1-hiera-tiny]/profile-refine,0.34334173798561096,0.807103515625,33d8364e6fa878726535d88eba4ab7cee8425fb029881312f0e0ec75f8a0f750,fe387754cc4c3a6240608238abc08ac77107ba976010186ba5106b68b8856d10,True
test226,trash_can__04,root:1/profile-refine:IDEA-Research_grounding-dino-tiny:container_label:03,container_label,container_body,grounded-sam2[IDEA-Research/grounding-dino-tiny|facebook/sam2.1-hiera-tiny]/profile-refine,0.2423849254846573,0.8049765625,f3cd0a24e8e558977f1cd56bcb781e58b59fd45a95cabf5016c61c46a9528d29,0cc6a2aa7b2e35465060eabdacca0e59c640cec4a7e6ce55c34572bb4a853948,True
test226,trash_can__04,root:1/profile-refine:IDEA-Research_grounding-dino-tiny:container_outer_side:01,container_outer_side,container_body,grounded-sam2[IDEA-Research/grounding-dino-tiny|facebook/sam2.1-hiera-tiny]/profile-refine,0.2828890383243561,0.7576035156250001,a88882a1f9b248e5dfa819d81d6e44996561848fb353a0e4fdd3c7fdcce9d758,21b3a92268d87cfcfb8dbb45bc9cae4df012756fe6f39c5b7bbb3025c52e8f66,True
test226,trash_can__04,root:1/visual-region:01,container_visual_panel_01,container,sam2-amg[facebook/sam2.1-hiera-tiny]/point-grid,0.7124990370654569,0.62,ce21e0b2f51cb4dcbfe11d6dad38d82f01a087c8e7826a90454cb8e1518321ba,266599004dbdc93345bbef136a16775e33e549e9bcd09893efea31a029031eea,False
test226,trash_can__04,root:1/visual-region:04,container_visual_panel_04,container_visual_panel_01,sam2-amg[facebook/sam2.1-hiera-tiny]/point-grid,0.6990716563826103,0.62,0a18edeba534b5932434b81021cff600ba385c5035bbe18236ce0579bd5da8bd,9732f84f083c7275cac608d4fa14f880c30d9ee56bafd55826ccf92f044669eb,False
test226,tray__01,root:1,furniture,furniture,grounded-sam2[IDEA-Research/grounding-dino-tiny|facebook/sam2.1-hiera-tiny]/root,0.6233768463134766,0.98974609375,48cc6c4157847b7167b3f2c29f6410be8f787fd612a7554f87fa4927b432e70d,3e5625c58b1ad795d0fcd62f764b8670f8b02ee8f7ffc0bae7535c320870a6fb,False
test226,tray__01,root:1/profile-refine:IDEA-Research_grounding-dino-tiny:furniture_top:01,furniture_top,furniture_body,grounded-sam2[IDEA-Research/grounding-dino-tiny|facebook/sam2.1-hiera-tiny]/profile-refine,0.2995148003101349,0.819671875,85e46efc3fab70ac570d71ca769b8edaf1d1b12523c99c10c2695ae6c6f0ee39,fd05f7d4f64ea509120c0904520c5f7500e265831cb415ea912bdc14b3bd8a2a,True
test226,tray__01,root:1/visual-region:01,furniture_apron,furniture_body,sam2-amg[facebook/sam2.1-hiera-tiny]/prototype-labelled-region,0.6625391791159216,0.5918021941642762,b8e91549e8d5fb583a28288a716e822e79141a07055ce8650b5fccbad753d006,8e7fb25e0068565562dcd1e8bf004488a8de43b725224aadd817191912e208c8,False
test226,tray__01,root:1/visual-region:02,furniture_foot,furniture_leg,sam2-amg[facebook/sam2.1-hiera-tiny]/point-grid/semantic-rerank,0.5391063447997032,0.66,5f4c576c502291d7c50ed46641e7452e3fdb2bca88811ca4a2297104f8864931,7cf2500e3ebd511e70c96af0f71a7fdd10d5cbd709e5f9e922cd5726e869ee61,True
test226,tray__01,root:1/visual-region:03,furniture_leg,furniture_body,sam2-amg[facebook/sam2.1-hiera-tiny]/prototype-labelled-region,0.7145010047083333,0.5936357774858475,7f5d9a9e5bd63f4f8ada78e7a5db013577ce4170a57e09484c4492b53d9e47f0,64842c02a0f83bc08de534790c880f2c4025bca43f78ce9cfd1d891bb90ed7c7,False
test226,tray__01,root:1/visual-region:04,furniture_foot,furniture_leg,sam2-amg[facebook/sam2.1-hiera-tiny]/point-grid/semantic-rerank,0.505970750875755,0.66,aa96c2e22154ca6ca12a0ab7b710472ccb001844621c21e0a2608c24d1507d0c,09a9b3c38db1feddaed48ceb99b9193b1cadfd17033b2f3bcbf5dded4e6ba809,True
test226,tray__01,root:1/visual-region:05,furniture_visual_strip_02,furniture_visual_panel_01,sam2-amg[facebook/sam2.1-hiera-tiny]/point-grid,0.8447937530907784,0.62,184331357ce750d38684dc48e360208f9e6759813e453c3376fcded3403b9527,99f8e70f2243bbae97ddd6c4507709e297ab186287d57d15e6a0b2761e96cd5d,False
test226,tray__01,root:1/visual-region:06,furniture_foot,furniture_leg,sam2-amg[facebook/sam2.1-hiera-tiny]/point-grid/semantic-rerank,0.5977494525335403,0.66,ac397fd9564d77718bbf87c00b4b3be9350a00ca85e94432612e5e17fe30f737,c58c28faae03f046f4091ecec2cfeabf46b794b474e23cae346f50b3127d2edd,True
test226,tray__01,root:1/visual-region:07,furniture_visual_strip_03,furniture,sam2-amg[facebook/sam2.1-hiera-tiny]/point-grid,0.6873074663362719,0.62,9cdfa188ae1b6e54cf9238a673ea1def16441d2e46c8e2d91c6c77dfe2c32d40,2faa26cdf3e52455bdd62102d510ab85ff24235b590f4bcf04ad35f0403326fd,False
test226,tray__01,root:1/visual-region:09,furniture_foot,furniture_leg,sam2-amg[facebook/sam2.1-hiera-tiny]/point-grid/semantic-rerank,0.6290361253326833,0.66,407b5ab2f5e3de6f11b41b2bb61f2a0f06c411e0bed522958248176efba20ac2,872399086999589ef88e394424308c00f18762131489e196bb85c38fb28d2770,True
test226,tray__01,root:1/visual-region:10,furniture_stretcher,furniture_leg,sam2-amg[facebook/sam2.1-hiera-tiny]/prototype-labelled-region,0.7580015564586475,0.6019857440977097,025e75b046c76d362169120a2888d0bf093e51cb58599b50921e2f1f066dfe9f,c6bdb2e194f99cfd195f51a4905cf2cf4fcb8130a4e6406038f4e6117194e4b6,False
test226,tray__02,root:1,container,container,grounded-sam2[IDEA-Research/grounding-dino-tiny|facebook/sam2.1-hiera-tiny]/root,0.7174080014228821,0.9650390625,aa73d026e6e6915a9d9b092f119bfebc4d909a849c21cfe75421547d62a5b6c3,adeb299f998926464fe8cf6a7333c676a2b91a135c23c4c596dda13de8dcf6bd,False
test226,tray__03,root:11,container,container,grounded-sam2[IDEA-Research/grounding-dino-tiny|facebook/sam2.1-hiera-tiny]/isolated-profile-root,0.48482975363731384,0.9833984375,4864c2a9e0dbe95275f8ae682209558fe3fbf57b88c15ec6e6aa40d47d215b39,5b3593320f4af218b0ccc47074517364cd9c2b1d65341d5e4a97a48268d67060,False
test226,tray__04,root:2,container,container,grounded-sam2[IDEA-Research/grounding-dino-tiny|facebook/sam2.1-hiera-tiny]/isolated-profile-root,0.662687361240387,0.99560546875,d26621d0d85579dc1382a89e48d78c1f9d6411f429682b440059c32e8b1bb58c,fae4c900f87e3fe3dd5546f193c05e9ba20bda35874264e08ab7f51ebc9056aa,False
test226,tray__04,root:2/container_guided_container_label:01,container_label,container_body,grounded-sam2[IDEA-Research/grounding-dino-tiny|facebook/sam2.1-hiera-tiny]/retrieved-part,0.21627623098308418,0.6642346054530697,42484a8767cdebddac816dfde18b408cc0d73044fe4e1e90bfc5b8a570300723,0de95431a0432d1fb47ad7ad83af834471d801c4de2b233f7d3f8419bb37fd93,False
test226,tray__04,root:2/visual-region:01,container_label,container_body,sam2-amg[facebook/sam2.1-hiera-tiny]/point-grid,0.7524143059564777,0.68,7c02d25b0066b8522a6ed66b8dcdfe8ca8583c1146379b2b491bb908b690b323,febadc5432ae26601adf24e2103538ede6648e99274989dbfe08d23689240005,False
test226,tray__04,root:2/visual-region:05,container_body,container,sam2-amg[facebook/sam2.1-hiera-tiny]/prototype-labelled-region,0.7355335378388889,0.6069695584726335,29c49720c72dc80f6af3d1173a5bd51946ad6f29ef07bd600249cda3e2c48139,c7383667c2dd44286f12d74e5942ad92c38218bd27c1a1322e6e5f7732a8d05d,False
test226,tray__04,root:2/visual-region:06,container_handle,container_body,sam2-amg[facebook/sam2.1-hiera-tiny]/prototype-labelled-region,0.7472067786814697,0.6051183370304107,669eb522aa7f7ff8609214f7b197871e5afafbd7e2da352e10c36e1e24e4973d,448a4ec04a7f057b3c975dc9121b9ef0a49fc1a0db07a74d8f00e418a2d86174,False
test226,vase__01,root:4,furniture,furniture,grounded-sam2[IDEA-Research/grounding-dino-tiny|facebook/sam2.1-hiera-tiny]/root,0.4135955572128296,0.994140625,19e46dae5a3af4971675aff8f9f706661b924c7d8afe2354d12a4ca05b0dd9bb,97961a9022d115732b7245afc866231baf34454c65ce57d0a1d6e0de07c5db45,False
test226,vase__01,root:4/furniture_guided_furniture_seat:01,furniture_seat,furniture_body,grounded-sam2[IDEA-Research/grounding-dino-tiny|facebook/sam2.1-hiera-tiny]/retrieved-part,0.297337206468411,0.8421341579135997,ede57156965194d1dfbbbc1cba8388a5e0f355d019e76ae4178943e62583da24,89a9396b69c888b8aaac0cf3d89d3e633548caf8b3f4bf221b8c3804eaf6c501,False
test226,vase__01,root:4/profile-dense:furniture_backrest:01,furniture_backrest,furniture_body,clipseg-sam2[CIDAS/clipseg-rd64-refined|facebook/sam2.1-hiera-tiny]/profile-dense-supplement,0.18263311684131622,0.40915640775025597,f54a386676d4eef62bd2a31c100ca659a80803e773c20972c6596e3984c9bd73,0cb9fd592657c9f655b4eb58ceca7af2f63fb586304eb961a7e47c14a854badf,True
test226,vase__01,root:4/profile-refine:IDEA-Research_grounding-dino-tiny:furniture_rail:02,furniture_rail,furniture_body,grounded-sam2[IDEA-Research/grounding-dino-tiny|facebook/sam2.1-hiera-tiny]/profile-refine,0.27708157896995544,0.8080703125,bb3f1b4e4e238b0e875badafd91a9638e4bcc8d89de4e21bd958ea1ae09c1ea6,012e9ea6e3be40c37d59eaabb36ff2699d7403099bf4b65fd12e8a11b70a1b2f,True
test226,vase__01,root:4/visual-region:01,furniture_visual_panel_01,furniture,sam2-amg[facebook/sam2.1-hiera-tiny]/point-grid,0.7854715297898693,0.62,28ccd9fcae4756cdaa7432c65f364fb0d87c15fcf000f0cd8fba9e80f060ab1d,0c1ba47689fc60619c93e56408a29cd282ad1a8a0818f13851a47d4684fb5674,False
test226,vase__01,root:4/visual-region:04,furniture_leg,furniture_body,sam2-amg[facebook/sam2.1-hiera-tiny]/point-grid/semantic-rerank,0.5009809846501642,0.66,acffceb409365ac9b66baaacab7313468a39365ddd865ed0829a2960179e848c,b91852d590fe78757c0b9914b9752507fc5ecbb457a3c962e3e50033760eb9e8,True
test226,vase__01,root:4/visual-region:06,furniture_foot,furniture_leg,sam2-amg[facebook/sam2.1-hiera-tiny]/point-grid/semantic-rerank,0.5232571825893625,0.66,0a4fbd785423a6e34f0c9d0497902321283ee5d4b81e59e2422a6b97014ec6c9,aacb2b7d68a0a5ea35d799a7bce8bfabbab98de98ca667e99a9508dbb1c0618f,True
test226,vase__01,root:4/visual-region:07,furniture_spindle,furniture_backrest,sam2-amg[facebook/sam2.1-hiera-tiny]/prototype-labelled-region,0.8098034573835363,0.6099162044725418,964b5caf56351bf26319278f7dfd3885c3cc631de0c531f48eab9a4629fad572,ebb6255af28b47057d12f5fc041317672f72fa575493c8c47b6c852210bac5b4,False
test226,vase__01,root:4/visual-region:08,furniture_seat,furniture_body,sam2-amg[facebook/sam2.1-hiera-tiny]/point-grid,0.8393475172583253,0.68,09e547962399159a9c3363a56f8a32bcaaf250f64d86a2366af639cc8b04bec4,03922760e302eb299d7782e488baeb526d5e75ef820604d667b65dacad46714c,False
test226,vase__02,root:1,container,container,grounded-sam2[IDEA-Research/grounding-dino-tiny|facebook/sam2.1-hiera-tiny]/root,0.8300437331199646,0.9891601562500001,b673a4bd40852a3fe8447235528eb83133458a661ea4f62f674ae0631b263350,2cb1740b8ed23564fd5507e32ff72fe2b8cb16266b8fd50ce09cb80bfb40a03c,False
test226,vase__02,root:1/visual-region:02,container_visual_panel_01,container,sam2-amg[facebook/sam2.1-hiera-tiny]/point-grid,0.705780470249038,0.62,dceeafa0fd70a2e5f75ce2238649d012d6642f4ec51f246e2e791887f9c392da,8dfed24e7bf4b17cda6c0cc18b3967893001706b1b21283c8b8d8fd7fb52c52e,False
test226,vase__02,root:1/visual-region:03,container_visual_panel_02,container_visual_panel_01,sam2-amg[facebook/sam2.1-hiera-tiny]/point-grid,0.6828865053307791,0.62,f96b347d46f8a6e1cb1973b5d12d85954b00ef4cc451ac870978d0be2c33b3d8,d2a91e11cae7e5548f6fb38aa7c8952c4a7ef5182cda1ba95acf48cccb3fcaa1,False
test226,vase__02,root:1/visual-region:05,container_label,container_body,sam2-amg[facebook/sam2.1-hiera-tiny]/prototype-labelled-region,0.695521147238622,0.6085520016937256,4e88f112a441f26d82ee8b605aefeac24ffa9aaa00ba45b3ac632bbcc87e1c6e,680e12cd55c9882f34aca1a85ec1248c0a387dac0681d2942cb88376c9731bec,False
test226,vase__02,root:1/visual-region:07,container_visual_panel_06,container,sam2-amg[facebook/sam2.1-hiera-tiny]/point-grid,0.6802557545998786,0.62,dc6c602e071cfcef6353b322ec4c464fa2a75bb0312c696b20e2650ebc7bb288,919daa3bf4416f407b1effa2ee50d2bc747e8a8f2ada45882a171537e73335d0,False
test226,vase__02,root:1/visual-region:08,container_base,container_body,sam2-amg[facebook/sam2.1-hiera-tiny]/prototype-labelled-region,0.7017365495813819,0.6144622151556015,2ebf0d93b365a79c0cdf8956efaa153513e0dcca5ceb8b58ec6213eb282a618b,e7eca8ef992a4dffff99b33edf6d07a8d01cc2b6dca4c31806e6251344f6e913,False
test226,vase__03,root:1,container,container,grounded-sam2[IDEA-Research/grounding-dino-tiny|facebook/sam2.1-hiera-tiny]/root,0.7650671601295471,0.99677734375,da2b1c8abf2c17b298e4edd28b1746214d08bcafb6feeb6ebc995b723154f3f3,8fafe114fda5355b9eb280f6ab1d5aef581dac8fcba23938f51db5dfac1d01ce,False
test226,vase__03,root:1/profile-refine:IDEA-Research_grounding-dino-tiny:container_neck:01,container_neck,container_body,grounded-sam2[IDEA-Research/grounding-dino-tiny|facebook/sam2.1-hiera-tiny]/profile-refine,0.2632204294204712,0.8188984375000001,5f01aedb04ca0acee14399fd649b1c0f400dce3d8a6bec5437a26f135cb91e53,7d64bcde96a9162e8de914afe3114b43270969a085bbebcb5849a0d8a279e356,True
test226,vase__03,root:1/visual-region:02,container_visual_panel_02,container,sam2-amg[facebook/sam2.1-hiera-tiny]/point-grid,0.7412660563137602,0.62,9ceaafb557c667005ba555f24215d300e1d6a3291751a6cc551677deef29b375,38a1b7aed8a6aacd647a24c97dd03eee427692d9960d99089c3654c66e342e82,False
test226,vase__03,root:1/visual-region:05,container_lid,container_body,sam2-amg[facebook/sam2.1-hiera-tiny]/point-grid/semantic-rerank,0.5414389321196295,0.66,de6efac678852f592c41b9135dd14969452ca8f1f6c2c74750e614bfb3a56179,69e4f3e0c11df1ec396a66d7b20295c05152b6d7163ab2ef8cd2b185a69dbf75,True
test226,vase__03,root:1/visual-region:06,container_body,container,sam2-amg[facebook/sam2.1-hiera-tiny]/prototype-labelled-region,0.7518283277931073,0.579362283662796,522d6923cb585769d2fc71dc5de75f3fc7163a40c53f97ce2a3804ed5dc4d774,bee6089a8a23b0d8c1840c5220e2bfe078d7d802318e599f4d1dd343a56753c8,False
test226,vase__03,root:1/visual-region:07,container_base,container_body,sam2-amg[facebook/sam2.1-hiera-tiny]/prototype-labelled-region,0.7113522519914319,0.6078913974752427,fda7af0760664c8da37a856fbbb295744c1069a5163b2093e4bd19d5885f90cc,2e685c0446ff8727c7606d301b330d1659667587778a18a4f63258fee33e10f7,False
test226,vase__04,root:2,container,container,grounded-sam2[IDEA-Research/grounding-dino-tiny|facebook/sam2.1-hiera-tiny]/root,0.40656742453575134,0.9892578125,d0903610bfc9ffc04b97df68ea71392ba1649d29548123ee8160751936915bd3,8a88befa8b34fa236dd8e3eec154918d218c075d25eeb873d10f11f100e5cc6c,False
test226,vase__04,root:2/container_guided_container_base:01,container_base,container_body,grounded-sam2[IDEA-Research/grounding-dino-tiny|facebook/sam2.1-hiera-tiny]/retrieved-part,0.490140599321414,0.8377272170275095,abf5bce5bce4d4680bab5966e29c3fd1f4427ffaeca0bc07153b69cd8620ae7e,53dbe4baedce6ec33baaf70fed1e28cab120b3a504e66a8110a3f5cd28d92dbe,False
test226,vase__04,root:2/profile-refine:IDEA-Research_grounding-dino-tiny:container_spout:01,container_spout,container_body,grounded-sam2[IDEA-Research/grounding-dino-tiny|facebook/sam2.1-hiera-tiny]/profile-refine,0.25219982862472534,0.8591171875,abf5bce5bce4d4680bab5966e29c3fd1f4427ffaeca0bc07153b69cd8620ae7e,23a97e7a3b25f649e77039752f36134f1549dd2cb53e75521d745b9a1952f73d,True
test226,vase__04,root:2/visual-region:01,container_visual_panel_01,container,sam2-amg[facebook/sam2.1-hiera-tiny]/point-grid,0.7243342389342011,0.62,d3d7ae39f34b2cde9d1e09e08ffa21f263da7333ce44532ac2e276b247b725a9,203a6ba7afd995715629f1c6019062fca759a1f92572385a1b6b5a2e5aafcc51,False
test226,vase__04,root:2/visual-region:02,container_visual_panel_02,container_visual_panel_01,sam2-amg[facebook/sam2.1-hiera-tiny]/point-grid,0.8281636794141154,0.62,a7b91fd349252ccbff3962df175fd0ba636d9e0123efcc4e1a78595948c7149d,a9dbb89f488c56fa5dd888954ca8c36f64fc007fcb4d44624a6765d8f70f73d1,False
test226,vase__04,root:2/visual-region:03,container_body,container,sam2-amg[facebook/sam2.1-hiera-tiny]/prototype-labelled-region,0.6781536669143121,0.5781969289131165,e599772a2264b97462f904d6bf03607d12624676be5ed86e870eaee1fa8dcf6b,bdc1de66ca5d4445c7af957c5277ade5c528b0f6382fcd2d5a40e611ca9843d3,False
test226,vase__04,root:2/visual-region:05,container_base,container_body,sam2-amg[facebook/sam2.1-hiera-tiny]/point-grid,0.8874771566269892,0.68,912707e7fd03f5c8f1eb16e9c33b116be9cc3741784f2e8eb4581e29a3dd17e0,9d96a3066a331796f0a057c588ec7c8526e8499f6684235a9955a82b38ef8a51,False
test226,wallet__01,root:2,container,container,grounded-sam2[IDEA-Research/grounding-dino-tiny|facebook/sam2.1-hiera-tiny]/root,0.4670279324054718,0.9939453125000001,0aa65f937627ba04153f1fa6bc090a0af8c86dfaed20231c94c37c0f5d18f733,11c411e77be89dd258eb0a3a6430558f5b3497dc39d59f857fb061e58d6d83fd,False
test226,wallet__01,root:2/visual-region:01,container_label,container_body,sam2-amg[facebook/sam2.1-hiera-tiny]/prototype-labelled-region,0.6969122778791511,0.5878323294949531,2c8b3e779be7cb85a311de30f4830a27198ec201f3fb563cb8e0a175011823b5,b110ace811540ab569d3769d8908384df3afa3d310ca2df0ff32524bc91dee7f,False
test226,wallet__01,root:2/visual-region:03,container_handle,container_body,sam2-amg[facebook/sam2.1-hiera-tiny]/point-grid/semantic-rerank,0.5414815755322308,0.66,6a44a7e5af9156f52fc8e01a042a6ffd7e89e614d8606db45f66c19d639fc6d8,e039bc1c86335b819e9fb05c1344d6e9d07e83dcfed14cf3fbaab63ca1a923ff,True
test226,wallet__01,root:2/visual-region:05,container_visual_strip_02,container_visual_panel_02,sam2-amg[facebook/sam2.1-hiera-tiny]/point-grid,0.703172134873244,0.62,54b4cca8f50d40f85fd9f00792148f0e7dc95a6144a5768accabfb984827eaa1,aa180a11f1df0376e116c8168b784b4fb0480b7bf49224cb72b2450638f61661,False
test226,wallet__02,root:1,daily_object,daily_object,grounded-sam2[IDEA-Research/grounding-dino-tiny|facebook/sam2.1-hiera-tiny]/root,0.6602818965911865,0.99140625,5e2629924eee2a90fd83953204ed66cfe7ebe4ae14d99585b745951f9de69321,b1f13a8ebced912a3ed395505c026c30a2783a45e4e61068f54112468259eb0a,False
test226,wallet__02,root:1/profile-refine:IDEA-Research_grounding-dino-tiny:daily_object_flap:01,daily_object_flap,daily_object_body,grounded-sam2[IDEA-Research/grounding-dino-tiny|facebook/sam2.1-hiera-tiny]/profile-refine,0.38832804560661316,0.859697265625,c9a1fd554951cd3794abcdabc041cc267ab864fb5a01e097c255f3c8cd68c260,10884bbd0744c1bf18aafa694a2b12c479a894a918f73a39680f5623d299a6bf,True
test226,wallet__02,root:1/profile-refine:IDEA-Research_grounding-dino-tiny:daily_object_inner:01,daily_object_inner,daily_object_body,grounded-sam2[IDEA-Research/grounding-dino-tiny|facebook/sam2.1-hiera-tiny]/profile-refine,0.2736714482307434,0.8593105468750001,cf86298d5af76182d48ca855eca8b6cd90d4f44a0d6a3621d61863033dd32e2d,fe7505fef19304da97fddeebb80818955728f6144b5c4514844df814c4da4546,True
test226,wallet__02,root:1/profile-refine:IDEA-Research_grounding-dino-tiny:daily_object_pocket:01,daily_object_pocket,daily_object_body,grounded-sam2[IDEA-Research/grounding-dino-tiny|facebook/sam2.1-hiera-tiny]/profile-refine,0.2422056347131729,0.83978125,cc9d7f02586baa0b4f845a88fc4a27a24f0d86adbdfd2c23e19583511a2c5048,4291a0eb0237875ef573eab46ed77b4687eaae3a1e969e13f9f3dc4a759dc65c,True
test226,wallet__02,root:1/visual-region:01,daily_object_flap,daily_object_body,sam2-amg[facebook/sam2.1-hiera-tiny]/point-grid,0.7185684391879907,0.68,44e87070209f0157e76830522e67b02f9fcb3f6874e6939d6d477f066de7ea0c,eeff866119f60dde5334ab42ac56ded57a4266a7a23ca9aaa16b569cef244313,False
test226,watch__01,root:1,device,device,grounded-sam2[IDEA-Research/grounding-dino-tiny|facebook/sam2.1-hiera-tiny]/root,0.7348812818527222,0.9827148437500001,acf6930d808bde493291544f04530d3cd2a51b95c4d9601f7d9c1dff78652467,a9ea991b95d20768816d8f5cea773783310cdf5950cc6870e6a9fd2494e0114e,False
test226,watch__01,root:1/profile-refine:IDEA-Research_grounding-dino-tiny:device_button:01,device_button,device_body,grounded-sam2[IDEA-Research/grounding-dino-tiny|facebook/sam2.1-hiera-tiny]/profile-refine,0.319121390581131,0.84712890625,46ac3af970142eebee27b944b28289ef226de0d3677d6e700bbda047a3ddd5f5,98797e2716f67bd811f5a164d1b93afa0a852da4d818bafb596119200c6d103a,True
test226,watch__01,root:1/profile-refine:IDEA-Research_grounding-dino-tiny:device_clock_hand:01,device_clock_hand,device_dial,grounded-sam2[IDEA-Research/grounding-dino-tiny|facebook/sam2.1-hiera-tiny]/profile-refine,0.24256430566310883,0.85099609375,2d1fab912dc1a9e92359889bfa4d9062ce796abbac4cbbe2c6757f7223d43e36,bede9b2221d98e77a11d0cdedc3f0f16538e368499602bbe67a1dcb806b9323a,True
test226,watch__01,root:1/profile-refine:IDEA-Research_grounding-dino-tiny:device_dial:01,device_dial,device_body,grounded-sam2[IDEA-Research/grounding-dino-tiny|facebook/sam2.1-hiera-tiny]/profile-refine,0.5718263387680054,0.867431640625,da86b6c7cfb1dd9f4e194a3e2b829707c74d0ff27f9f64bf93c3ea8fee154988,692f9e535e901c99ca4bcd4321eff87bb4298cd2e4c763d4c86468582f3be6a2,True
test226,watch__01,root:1/profile-refine:IDEA-Research_grounding-dino-tiny:device_logo:01,device_logo,device_body,grounded-sam2[IDEA-Research/grounding-dino-tiny|facebook/sam2.1-hiera-tiny]/profile-refine,0.26817408204078674,0.8488691406250001,5e5b6267a25a5652b93b15be6f931d29957520d367ac1646bbb88dbd4990fb15,b9a5a84dea8954d42f712fca8fc0da12f0c604ab441ec91eba00eddb2cf3a3e4,True
test226,watch__01,root:1/profile-refine:IDEA-Research_grounding-dino-tiny:device_screen:01,device_screen,device_body,grounded-sam2[IDEA-Research/grounding-dino-tiny|facebook/sam2.1-hiera-tiny]/profile-refine,0.3475371301174164,0.867431640625,da86b6c7cfb1dd9f4e194a3e2b829707c74d0ff27f9f64bf93c3ea8fee154988,d32cc712082d72ac395c9e86b46fdb0a9096d684565d78ab8b17561351633d9f,True
test226,watch__01,root:1/visual-region:03,device_dial,device_body,sam2-amg[facebook/sam2.1-hiera-tiny]/point-grid,0.8603883937657577,0.68,bf3fb7621bde0909aeafa6f47a94caf9f27121c14faf1bc6937f0bdf1e797a5d,d5287bac2d30d5a598511be1af47c7d1a4bfe7733f4e45e68476d4a62058503f,False
test226,watch__01,root:1/visual-region:04,device_button,device_body,sam2-amg[facebook/sam2.1-hiera-tiny]/point-grid,0.7451664657047506,0.68,fe76357edb7d4c737f757bb14c6b68457434d8ded5b1ebc7b5db8a10ff78b97e,cf9825e7e31f34ea8bab1b28e494a58b0baee9270deba72d358c0fbb2641075e,False
test226,watch__01,root:1/visual-region:05,device_base,device_body,sam2-amg[facebook/sam2.1-hiera-tiny]/point-grid/semantic-rerank,0.5356086059301357,0.66,5d17cee76215a5ec4215ea8c07d22e5659a9a92ae2a9e69b27b4293ff49c6de3,6821355b6cf5a224b36ef99248eb4cf4f6596e9d8122ffcd61e4852f86c1d071,True
test226,watch__01,root:1/visual-region:06,device_lug,device_body,sam2-amg[facebook/sam2.1-hiera-tiny]/prototype-labelled-region,0.8185091212058869,0.5888161048316956,4c1a3b7dd3e479822dca3ac5ee18d21c8ef5a34abdb439be7d175518e71dce73,7aa72ed9a7e55e27bfcab247b1d382f5db21fff994b2bef8fb923f160a88aea6,False
test226,watch__01,root:1/visual-region:07,device_clock_hand,device_dial,sam2-amg[facebook/sam2.1-hiera-tiny]/point-grid/semantic-rerank,0.6139302761828505,0.66,bff1f4ea7468816f310f99d50360cd10a66890bc8276cc684dc0b4283f9d5209,65d0cc46b4e9369f669897948fb5e3b7811e1a2a19f3edb4a7d31fde153152f3,True
test226,watch__02,root:1,character,character,grounded-sam2[IDEA-Research/grounding-dino-tiny|facebook/sam2.1-hiera-tiny]/root,0.514705240726471,0.968359375,c0367de0a56514b534a7fff3deaacd51aa3b5f697b2f8d50a2c50ccb2cf4c4d6,012b3a23c236a4cf431bba78db27a3e7b212305ef0f2e7f6fc2d94f66a944d78,False
test226,watch__02,root:1/contour-visual-region:01,character_arm,character,hpid-appearance-contour/closed-edge/semantic-rerank,0.5337178347741592,0.66,bac26888473306c24c23b10fff7be7faf3ab71ea2ae347d24cc7b02525d89da6,6f94945fcfe2d40b5feb59f39e65301df5422c2aa3ca4c8e2944e981306daab0,True
test226,watch__02,root:1/visual-region:01,character_visual_panel_01,character,sam2-amg[facebook/sam2.1-hiera-tiny]/point-grid,0.748397603794228,0.62,136222d7bad15548515933d0319ccf901c1d16f1cb20fb0920d9c4cc955d9456,e7e20992a172ab49017c1fcafa328c6fc91d9ccd1d77a51efe8669adcdb73623,False
test226,watch__02,root:1/visual-region:02,character_visual_panel_02,character,sam2-amg[facebook/sam2.1-hiera-tiny]/point-grid,0.7411355081813408,0.62,b3467202f1126e5b646006a9ac497e1da5411de0305923bcaeaddf3c367e44a6,eddabb2a3c264d718000cabd9d773fa0dfbb1bc3a65e98793ead5348c49837b6,False
test226,watch__03,root:2,device,device,grounded-sam2[IDEA-Research/grounding-dino-tiny|facebook/sam2.1-hiera-tiny]/root,0.4341014325618744,0.98603515625,f4493f33c9178a121324406161347ae28c2ac25776585991cfa06b5c7ed49db5,4e93b78c580fd254adec8d22f6f5db25e73335c0b8e0672fa30c8a6535a20938,False
test226,watch__03,root:2/profile-refine:IDEA-Research_grounding-dino-tiny:device_button:01,device_button,device_body,grounded-sam2[IDEA-Research/grounding-dino-tiny|facebook/sam2.1-hiera-tiny]/profile-refine,0.28269097208976746,0.8544765625,b192a9e75cf4aa9602006ec1417ea353b12ff6a7db0a4b0ec88982aacc4438b6,f358a4e1846753f388423088c2867719a02b97984442e4cd73a389a6d5b8b086,True
test226,watch__03,root:2/visual-region:01,device_visual_panel_01,device,sam2-amg[facebook/sam2.1-hiera-tiny]/point-grid,0.7128024627707307,0.62,4112ac79f4115a53a6d56beab5cfd2cbda37bb941fe6d44a6c8b6e87a059938a,4c647a522b7d7fe411c8b47d969270e01346fa126cc1a5dbeadc2b526ff37c53,False
test226,watch__03,root:2/visual-region:03,device_button,device_body,sam2-amg[facebook/sam2.1-hiera-tiny]/point-grid/semantic-rerank,0.6610560942378787,0.66,b1820456cd50a2bf7aeef8408ea37bf71691e271b74cc5efea32d4d135d7f810,3c4fb316495186d9e48719407a1a893ac961f7fc2cef40a0b87ce4bd88e677d4,True
test226,watch__03,root:2/visual-region:04,device_button,device_body,sam2-amg[facebook/sam2.1-hiera-tiny]/point-grid/semantic-rerank,0.6479545338998894,0.66,ecd1377530753bda524ce1db3b20556a2191735e7593beac9f698e2bcad278fa,97172e2a9c1693e92dd328f2b8a84f0f0e42c67e3346306cd08c8dc67d0ef9ce,True
test226,watch__03,root:2/visual-region:05,device_camera,device_body,sam2-amg[facebook/sam2.1-hiera-tiny]/point-grid/semantic-rerank,0.6345938964787733,0.66,2fef24bfc3d4a99cb007e4a8bbceccc62e418842ac88570e84296dea54139c8e,55157cc0778363c862e2518b2845e5e12e4c19add62dbfc2ff48667d006b175c,True
test226,watch__03,root:2/visual-region:09,device_button,device_body,sam2-amg[facebook/sam2.1-hiera-tiny]/point-grid/within-root-repetition-consensus,0.5595884014087522,0.62,4fa59734499e3d9299f85e57ab0d8345c3ef678fef17dd49e222ab021b71c3f4,eac6af061c2a537d55057f3cbd63f118e9ad7f506f829083c3c23d7843a0a702,True
test226,watch__03,root:2/visual-region:10,device_button,device_body,sam2-amg[facebook/sam2.1-hiera-tiny]/point-grid/semantic-rerank,0.6609946054325948,0.66,a950217c41092da4040c241402a6e009916ce497c9c5aaf71b33fed0d694515e,a14b70626694192efac2496350a55b034dfa0378c63a0e752d598298b9731cf8,True
test226,watch__03,root:2/visual-region:11,device_button,device_body,sam2-amg[facebook/sam2.1-hiera-tiny]/point-grid/semantic-rerank,0.5478473899454198,0.66,f55f05b003f3b3fafb82d8f7604890972c541fd68962bfe8e0c8b5f0bbd73971,0e7ff1c595565736a3c4644046fc0b001ba410be5722998644d0cf5fb2d724e2,True
test226,watch__03,root:2/visual-region:12,device_camera,device_body,sam2-amg[facebook/sam2.1-hiera-tiny]/point-grid/semantic-rerank,0.6027343281600005,0.66,d19d3f873a60c29587b2487448994e9fd61993c67bd9422697b1ae34b6c714d0,6312f7fcf8307a06cfe2a24191ea173e5d7b97d85d058084f603bb97654ae46f,True
test226,watch__04,root:1,device,device,grounded-sam2[IDEA-Research/grounding-dino-tiny|facebook/sam2.1-hiera-tiny]/root,0.46602532267570496,0.9724609375000001,42e89d91cb55ebffe348f318d32e7ce23fe4be06ee7e0e581bfcb54c574249a3,22aa4f111e326648db949f263156b5b3d582fe10369d6caad48bacf3001eaaa4,False
