case_id,domain,category,target,normalized_target,candidate_index,candidate_key,correct_raw_025,candidate_iou,candidate_tp_px,stage,owner_identity,owner_semantic,owner_matches_target,owner_iou,candidate_pixels_to_owner,candidate_tp_pixels_to_owner
cellular_telephone__u01,device,cellular_telephone,button,button,3,root:1/profile-refine:IDEA-Research_grounding-dino-tiny:device_button:01,False,0.1613271494826971,2261,fine_final,device/device/center/01,device,False,0.6781595529663536,295,295
cellular_telephone__u01,device,cellular_telephone,button,button,3,root:1/profile-refine:IDEA-Research_grounding-dino-tiny:device_button:01,False,0.1613271494826971,2261,fine_final,device/device_button/center/01,device_button,True,0.14027827327863004,1966,1966
cellular_telephone__u01,device,cellular_telephone,button,button,3,root:1/profile-refine:IDEA-Research_grounding-dino-tiny:device_button:01,False,0.1613271494826971,2261,fine_final,background_or_unassigned,background,False,0.0,0,0
cellular_telephone__u01,device,cellular_telephone,button,button,3,root:1/profile-refine:IDEA-Research_grounding-dino-tiny:device_button:01,False,0.1613271494826971,2261,group_final,object_001/device_body,device_body,False,0.7097868793904036,295,295
cellular_telephone__u01,device,cellular_telephone,button,button,3,root:1/profile-refine:IDEA-Research_grounding-dino-tiny:device_button:01,False,0.1613271494826971,2261,group_final,object_001/device_button/004,device_button,True,0.14027827327863004,1966,1966
cellular_telephone__u01,device,cellular_telephone,button,button,3,root:1/profile-refine:IDEA-Research_grounding-dino-tiny:device_button:01,False,0.1613271494826971,2261,group_final,background_or_unassigned,background,False,0.0,0,0
cellular_telephone__u01,device,cellular_telephone,button,button,3,root:1/profile-refine:IDEA-Research_grounding-dino-tiny:device_button:01,False,0.1613271494826971,2261,dbscan_final,device_button/right/01,device_button,True,0.16154120585087406,2261,2261
cellular_telephone__u01,device,cellular_telephone,button,button,3,root:1/profile-refine:IDEA-Research_grounding-dino-tiny:device_button:01,False,0.1613271494826971,2261,dbscan_final,background_or_unassigned,background,False,0.0,0,0
cellular_telephone__u01,device,cellular_telephone,button,button,10,root:1/visual-region:21,False,0.16154120585087406,2264,fine_final,device/device/center/01,device,False,0.6781595529663536,298,298
cellular_telephone__u01,device,cellular_telephone,button,button,10,root:1/visual-region:21,False,0.16154120585087406,2264,fine_final,device/device_button/center/01,device_button,True,0.14027827327863004,1966,1966
cellular_telephone__u01,device,cellular_telephone,button,button,10,root:1/visual-region:21,False,0.16154120585087406,2264,fine_final,background_or_unassigned,background,False,0.0,0,0
cellular_telephone__u01,device,cellular_telephone,button,button,10,root:1/visual-region:21,False,0.16154120585087406,2264,group_final,object_001/device_body,device_body,False,0.7097868793904036,298,298
cellular_telephone__u01,device,cellular_telephone,button,button,10,root:1/visual-region:21,False,0.16154120585087406,2264,group_final,object_001/device_button/004,device_button,True,0.14027827327863004,1966,1966
cellular_telephone__u01,device,cellular_telephone,button,button,10,root:1/visual-region:21,False,0.16154120585087406,2264,group_final,background_or_unassigned,background,False,0.0,0,0
cellular_telephone__u01,device,cellular_telephone,button,button,10,root:1/visual-region:21,False,0.16154120585087406,2264,dbscan_final,device_button/right/01,device_button,True,0.16154120585087406,2264,2264
cellular_telephone__u01,device,cellular_telephone,button,button,10,root:1/visual-region:21,False,0.16154120585087406,2264,dbscan_final,background_or_unassigned,background,False,0.0,0,0
cellular_telephone__u01,device,cellular_telephone,button,button,11,root:1/visual-region:08,False,0.0,0,fine_final,device_body/device_screen/center/01,device_screen,False,0.0011867515373826735,1015,0
cellular_telephone__u01,device,cellular_telephone,button,button,11,root:1/visual-region:08,False,0.0,0,fine_final,background_or_unassigned,background,False,0.0,0,0
cellular_telephone__u01,device,cellular_telephone,button,button,11,root:1/visual-region:08,False,0.0,0,group_final,object_001/device_screen/006,device_screen,False,0.001186666187205581,1015,0
cellular_telephone__u01,device,cellular_telephone,button,button,11,root:1/visual-region:08,False,0.0,0,group_final,background_or_unassigned,background,False,0.0,0,0
cellular_telephone__u01,device,cellular_telephone,button,button,11,root:1/visual-region:08,False,0.0,0,dbscan_final,device_screen/center/01,device_screen,False,0.0,1015,0
cellular_telephone__u01,device,cellular_telephone,button,button,11,root:1/visual-region:08,False,0.0,0,dbscan_final,background_or_unassigned,background,False,0.0,0,0
cellular_telephone__u01,device,cellular_telephone,button,button,12,root:1/visual-region:20,False,0.0,0,fine_final,device/device_button/left/01,device_button,True,0.0,337,0
cellular_telephone__u01,device,cellular_telephone,button,button,12,root:1/visual-region:20,False,0.0,0,fine_final,background_or_unassigned,background,False,0.0,0,0
cellular_telephone__u01,device,cellular_telephone,button,button,12,root:1/visual-region:20,False,0.0,0,group_final,object_001/device_button/002,device_button,True,0.0,337,0
cellular_telephone__u01,device,cellular_telephone,button,button,12,root:1/visual-region:20,False,0.0,0,group_final,background_or_unassigned,background,False,0.0,0,0
cellular_telephone__u01,device,cellular_telephone,button,button,12,root:1/visual-region:20,False,0.0,0,dbscan_final,device_button/left/01,device_button,True,0.0,223,0
cellular_telephone__u01,device,cellular_telephone,button,button,12,root:1/visual-region:20,False,0.0,0,dbscan_final,device_screen/center/01,device_screen,False,0.0,114,0
cellular_telephone__u01,device,cellular_telephone,button,button,12,root:1/visual-region:20,False,0.0,0,dbscan_final,background_or_unassigned,background,False,0.0,0,0
cellular_telephone__u01,device,cellular_telephone,button,button,13,root:1/visual-region:16,False,0.0,0,fine_final,device_body/device_screen/center/01,device_screen,False,0.0011867515373826735,55,0
cellular_telephone__u01,device,cellular_telephone,button,button,13,root:1/visual-region:16,False,0.0,0,fine_final,background_or_unassigned,background,False,0.0,0,0
cellular_telephone__u01,device,cellular_telephone,button,button,13,root:1/visual-region:16,False,0.0,0,group_final,object_001/device_screen/006,device_screen,False,0.001186666187205581,55,0
cellular_telephone__u01,device,cellular_telephone,button,button,13,root:1/visual-region:16,False,0.0,0,group_final,background_or_unassigned,background,False,0.0,0,0
cellular_telephone__u01,device,cellular_telephone,button,button,13,root:1/visual-region:16,False,0.0,0,dbscan_final,device_screen/center/01,device_screen,False,0.0,55,0
cellular_telephone__u01,device,cellular_telephone,button,button,13,root:1/visual-region:16,False,0.0,0,dbscan_final,background_or_unassigned,background,False,0.0,0,0
cellular_telephone__u01,device,cellular_telephone,button,button,14,root:1/visual-region:25,False,0.0019978594363182305,28,fine_final,device/device_button/left/02,device_button,True,0.0019978594363182305,28,28
cellular_telephone__u01,device,cellular_telephone,button,button,14,root:1/visual-region:25,False,0.0019978594363182305,28,fine_final,background_or_unassigned,background,False,0.0,0,0
cellular_telephone__u01,device,cellular_telephone,button,button,14,root:1/visual-region:25,False,0.0019978594363182305,28,group_final,object_001/device_button/003,device_button,True,0.0019978594363182305,28,28
cellular_telephone__u01,device,cellular_telephone,button,button,14,root:1/visual-region:25,False,0.0019978594363182305,28,group_final,background_or_unassigned,background,False,0.0,0,0
cellular_telephone__u01,device,cellular_telephone,button,button,14,root:1/visual-region:25,False,0.0019978594363182305,28,dbscan_final,device_button/left/02,device_button,True,0.0019978594363182305,28,28
cellular_telephone__u01,device,cellular_telephone,button,button,14,root:1/visual-region:25,False,0.0019978594363182305,28,dbscan_final,background_or_unassigned,background,False,0.0,0,0
cellular_telephone__u01,device,cellular_telephone,button,button,15,root:1/visual-region:05,False,0.0,0,fine_final,device_body/device_screen/center/01,device_screen,False,0.0011867515373826735,6,0
cellular_telephone__u01,device,cellular_telephone,button,button,15,root:1/visual-region:05,False,0.0,0,fine_final,device_screen/device_bezel/center/01,device_bezel,False,0.0,142,0
cellular_telephone__u01,device,cellular_telephone,button,button,15,root:1/visual-region:05,False,0.0,0,fine_final,background_or_unassigned,background,False,0.0,0,0
cellular_telephone__u01,device,cellular_telephone,button,button,15,root:1/visual-region:05,False,0.0,0,group_final,object_001/device_screen/006,device_screen,False,0.001186666187205581,6,0
cellular_telephone__u01,device,cellular_telephone,button,button,15,root:1/visual-region:05,False,0.0,0,group_final,object_001/device_bezel/007,device_bezel,False,0.0,142,0
cellular_telephone__u01,device,cellular_telephone,button,button,15,root:1/visual-region:05,False,0.0,0,group_final,background_or_unassigned,background,False,0.0,0,0
cellular_telephone__u01,device,cellular_telephone,button,button,15,root:1/visual-region:05,False,0.0,0,dbscan_final,device_bezel/left/01,device_bezel,False,0.0,142,0
cellular_telephone__u01,device,cellular_telephone,button,button,15,root:1/visual-region:05,False,0.0,0,dbscan_final,device_screen/center/01,device_screen,False,0.0,6,0
cellular_telephone__u01,device,cellular_telephone,button,button,15,root:1/visual-region:05,False,0.0,0,dbscan_final,background_or_unassigned,background,False,0.0,0,0
cellular_telephone__u01,device,cellular_telephone,button,button,16,root:1/visual-region:04,False,0.0,0,fine_final,device_screen/device_bezel/center/01,device_bezel,False,0.0,288,0
cellular_telephone__u01,device,cellular_telephone,button,button,16,root:1/visual-region:04,False,0.0,0,fine_final,background_or_unassigned,background,False,0.0,0,0
cellular_telephone__u01,device,cellular_telephone,button,button,16,root:1/visual-region:04,False,0.0,0,group_final,object_001/device_bezel/007,device_bezel,False,0.0,288,0
cellular_telephone__u01,device,cellular_telephone,button,button,16,root:1/visual-region:04,False,0.0,0,group_final,background_or_unassigned,background,False,0.0,0,0
cellular_telephone__u01,device,cellular_telephone,button,button,16,root:1/visual-region:04,False,0.0,0,dbscan_final,device_bezel/left/01,device_bezel,False,0.0,288,0
cellular_telephone__u01,device,cellular_telephone,button,button,16,root:1/visual-region:04,False,0.0,0,dbscan_final,background_or_unassigned,background,False,0.0,0,0
laptop_computer__u01,device,laptop_computer,keyboard,keyboard,3,root:1/profile-refine:IDEA-Research_grounding-dino-tiny:device_keyboard:01,True,0.8677653188356552,15323,fine_final,device/device/center/01,device,False,0.01878343077497201,331,310
laptop_computer__u01,device,laptop_computer,keyboard,keyboard,3,root:1/profile-refine:IDEA-Research_grounding-dino-tiny:device_keyboard:01,True,0.8677653188356552,15323,fine_final,device/device_keyboard/center/01,device_keyboard,True,0.6750722615369281,15552,13504
laptop_computer__u01,device,laptop_computer,keyboard,keyboard,3,root:1/profile-refine:IDEA-Research_grounding-dino-tiny:device_keyboard:01,True,0.8677653188356552,15323,fine_final,device/device_logo/left/01,device_logo,False,0.005867182462927144,91,91
laptop_computer__u01,device,laptop_computer,keyboard,keyboard,3,root:1/profile-refine:IDEA-Research_grounding-dino-tiny:device_keyboard:01,True,0.8677653188356552,15323,fine_final,device/device_port/left/01,device_port,False,0.011734364925854288,182,182
laptop_computer__u01,device,laptop_computer,keyboard,keyboard,3,root:1/profile-refine:IDEA-Research_grounding-dino-tiny:device_keyboard:01,True,0.8677653188356552,15323,fine_final,device/device_port/left/02,device_port,False,0.009735654416505481,151,151
laptop_computer__u01,device,laptop_computer,keyboard,keyboard,3,root:1/profile-refine:IDEA-Research_grounding-dino-tiny:device_keyboard:01,True,0.8677653188356552,15323,fine_final,device/device_port/left/03,device_port,False,0.006382978723404255,99,99
laptop_computer__u01,device,laptop_computer,keyboard,keyboard,3,root:1/profile-refine:IDEA-Research_grounding-dino-tiny:device_keyboard:01,True,0.8677653188356552,15323,fine_final,device/device_port/center/01,device_port,False,0.00793036750483559,123,123
laptop_computer__u01,device,laptop_computer,keyboard,keyboard,3,root:1/profile-refine:IDEA-Research_grounding-dino-tiny:device_keyboard:01,True,0.8677653188356552,15323,fine_final,device/device_port/center/02,device_port,False,0.006511927788523534,101,101
laptop_computer__u01,device,laptop_computer,keyboard,keyboard,3,root:1/profile-refine:IDEA-Research_grounding-dino-tiny:device_keyboard:01,True,0.8677653188356552,15323,fine_final,device_screen/device_bezel/center/01,device_bezel,False,7.29235032450959e-05,79,0
laptop_computer__u01,device,laptop_computer,keyboard,keyboard,3,root:1/profile-refine:IDEA-Research_grounding-dino-tiny:device_keyboard:01,True,0.8677653188356552,15323,fine_final,device_keyboard/device_key/right/01,device_key,False,0.04912959381044488,762,762
laptop_computer__u01,device,laptop_computer,keyboard,keyboard,3,root:1/profile-refine:IDEA-Research_grounding-dino-tiny:device_keyboard:01,True,0.8677653188356552,15323,fine_final,background_or_unassigned,background,False,0.0,0,0
laptop_computer__u01,device,laptop_computer,keyboard,keyboard,3,root:1/profile-refine:IDEA-Research_grounding-dino-tiny:device_keyboard:01,True,0.8677653188356552,15323,group_final,object_001/device_body,device_body,False,0.045066045066045064,959,959
laptop_computer__u01,device,laptop_computer,keyboard,keyboard,3,root:1/profile-refine:IDEA-Research_grounding-dino-tiny:device_keyboard:01,True,0.8677653188356552,15323,group_final,object_001/device_keyboard/004,device_keyboard,True,0.6707413639513016,15580,13511
laptop_computer__u01,device,laptop_computer,keyboard,keyboard,3,root:1/profile-refine:IDEA-Research_grounding-dino-tiny:device_keyboard:01,True,0.8677653188356552,15323,group_final,object_001/device_logo/005,device_logo,False,0.005867182462927144,91,91
laptop_computer__u01,device,laptop_computer,keyboard,keyboard,3,root:1/profile-refine:IDEA-Research_grounding-dino-tiny:device_keyboard:01,True,0.8677653188356552,15323,group_final,object_001/device_bezel/014,device_bezel,False,7.266649711150674e-05,79,0
laptop_computer__u01,device,laptop_computer,keyboard,keyboard,3,root:1/profile-refine:IDEA-Research_grounding-dino-tiny:device_keyboard:01,True,0.8677653188356552,15323,group_final,object_001/device_key/015,device_key,False,0.04912959381044488,762,762
laptop_computer__u01,device,laptop_computer,keyboard,keyboard,3,root:1/profile-refine:IDEA-Research_grounding-dino-tiny:device_keyboard:01,True,0.8677653188356552,15323,group_final,background_or_unassigned,background,False,0.0,0,0
laptop_computer__u01,device,laptop_computer,keyboard,keyboard,3,root:1/profile-refine:IDEA-Research_grounding-dino-tiny:device_keyboard:01,True,0.8677653188356552,15323,dbscan_final,device_keyboard/right/01,device_keyboard,True,0.4462025316455696,17471,15323
laptop_computer__u01,device,laptop_computer,keyboard,keyboard,3,root:1/profile-refine:IDEA-Research_grounding-dino-tiny:device_keyboard:01,True,0.8677653188356552,15323,dbscan_final,background_or_unassigned,background,False,0.0,0,0
laptop_computer__u01,device,laptop_computer,keyboard,keyboard,11,root:1/visual-region:05,True,0.4462025316455696,15510,fine_final,device/device/center/01,device,False,0.01878343077497201,8265,453
laptop_computer__u01,device,laptop_computer,keyboard,keyboard,11,root:1/visual-region:05,True,0.4462025316455696,15510,fine_final,device/device_hinge/right/01,device_hinge,False,0.0,299,0
laptop_computer__u01,device,laptop_computer,keyboard,keyboard,11,root:1/visual-region:05,True,0.4462025316455696,15510,fine_final,device/device_hinge/right/02,device_hinge,False,0.0,42,0
laptop_computer__u01,device,laptop_computer,keyboard,keyboard,11,root:1/visual-region:05,True,0.4462025316455696,15510,fine_final,device/device_keyboard/center/01,device_keyboard,True,0.6750722615369281,18102,13546
laptop_computer__u01,device,laptop_computer,keyboard,keyboard,11,root:1/visual-region:05,True,0.4462025316455696,15510,fine_final,device/device_logo/left/01,device_logo,False,0.005867182462927144,91,91
laptop_computer__u01,device,laptop_computer,keyboard,keyboard,11,root:1/visual-region:05,True,0.4462025316455696,15510,fine_final,device/device_port/left/01,device_port,False,0.011734364925854288,182,182
laptop_computer__u01,device,laptop_computer,keyboard,keyboard,11,root:1/visual-region:05,True,0.4462025316455696,15510,fine_final,device/device_port/left/02,device_port,False,0.009735654416505481,151,151
laptop_computer__u01,device,laptop_computer,keyboard,keyboard,11,root:1/visual-region:05,True,0.4462025316455696,15510,fine_final,device/device_port/left/03,device_port,False,0.006382978723404255,99,99
laptop_computer__u01,device,laptop_computer,keyboard,keyboard,11,root:1/visual-region:05,True,0.4462025316455696,15510,fine_final,device/device_port/center/01,device_port,False,0.00793036750483559,123,123
laptop_computer__u01,device,laptop_computer,keyboard,keyboard,11,root:1/visual-region:05,True,0.4462025316455696,15510,fine_final,device/device_port/center/02,device_port,False,0.006511927788523534,101,101
laptop_computer__u01,device,laptop_computer,keyboard,keyboard,11,root:1/visual-region:05,True,0.4462025316455696,15510,fine_final,device/device_port/right/01,device_port,False,0.0,462,0
laptop_computer__u01,device,laptop_computer,keyboard,keyboard,11,root:1/visual-region:05,True,0.4462025316455696,15510,fine_final,device/device_touchpad/center/01,device_touchpad,False,0.0,3221,0
laptop_computer__u01,device,laptop_computer,keyboard,keyboard,11,root:1/visual-region:05,True,0.4462025316455696,15510,fine_final,device_screen/device_bezel/center/01,device_bezel,False,7.29235032450959e-05,2664,2
laptop_computer__u01,device,laptop_computer,keyboard,keyboard,11,root:1/visual-region:05,True,0.4462025316455696,15510,fine_final,device_keyboard/device_key/right/01,device_key,False,0.04912959381044488,762,762
laptop_computer__u01,device,laptop_computer,keyboard,keyboard,11,root:1/visual-region:05,True,0.4462025316455696,15510,fine_final,device_keyboard/device_key/right/02,device_key,False,0.0,196,0
laptop_computer__u01,device,laptop_computer,keyboard,keyboard,11,root:1/visual-region:05,True,0.4462025316455696,15510,fine_final,background_or_unassigned,background,False,0.0,0,0
laptop_computer__u01,device,laptop_computer,keyboard,keyboard,11,root:1/visual-region:05,True,0.4462025316455696,15510,group_final,object_001/device_body,device_body,False,0.045066045066045064,9387,1102
laptop_computer__u01,device,laptop_computer,keyboard,keyboard,11,root:1/visual-region:05,True,0.4462025316455696,15510,group_final,object_001/device_hinge/002,device_hinge,False,0.0,299,0
laptop_computer__u01,device,laptop_computer,keyboard,keyboard,11,root:1/visual-region:05,True,0.4462025316455696,15510,group_final,object_001/device_hinge/003,device_hinge,False,0.0,42,0
laptop_computer__u01,device,laptop_computer,keyboard,keyboard,11,root:1/visual-region:05,True,0.4462025316455696,15510,group_final,object_001/device_keyboard/004,device_keyboard,True,0.6707413639513016,18187,13553
laptop_computer__u01,device,laptop_computer,keyboard,keyboard,11,root:1/visual-region:05,True,0.4462025316455696,15510,group_final,object_001/device_logo/005,device_logo,False,0.005867182462927144,91,91
laptop_computer__u01,device,laptop_computer,keyboard,keyboard,11,root:1/visual-region:05,True,0.4462025316455696,15510,group_final,object_001/device_touchpad/013,device_touchpad,False,0.0,3221,0
laptop_computer__u01,device,laptop_computer,keyboard,keyboard,11,root:1/visual-region:05,True,0.4462025316455696,15510,group_final,object_001/device_bezel/014,device_bezel,False,7.266649711150674e-05,2575,2
laptop_computer__u01,device,laptop_computer,keyboard,keyboard,11,root:1/visual-region:05,True,0.4462025316455696,15510,group_final,object_001/device_key/015,device_key,False,0.04912959381044488,762,762
laptop_computer__u01,device,laptop_computer,keyboard,keyboard,11,root:1/visual-region:05,True,0.4462025316455696,15510,group_final,object_001/device_key/016,device_key,False,0.0,196,0
laptop_computer__u01,device,laptop_computer,keyboard,keyboard,11,root:1/visual-region:05,True,0.4462025316455696,15510,group_final,background_or_unassigned,background,False,0.0,0,0
laptop_computer__u01,device,laptop_computer,keyboard,keyboard,11,root:1/visual-region:05,True,0.4462025316455696,15510,dbscan_final,device_keyboard/right/01,device_keyboard,True,0.4462025316455696,34760,15510
laptop_computer__u01,device,laptop_computer,keyboard,keyboard,11,root:1/visual-region:05,True,0.4462025316455696,15510,dbscan_final,background_or_unassigned,background,False,0.0,0,0
remote_control__u01,device,remote_control,button,button,3,root:3/device_button:conditional:01,False,0.02405857740585774,46,fine_final,device_body/device_button/center/01,device_button,True,0.016621983914209115,466,31
remote_control__u01,device,remote_control,button,button,3,root:3/device_button:conditional:01,False,0.02405857740585774,46,fine_final,device/device_visual_panel_01/center/01,device_visual_panel_01,False,0.09651019147621989,62,15
remote_control__u01,device,remote_control,button,button,3,root:3/device_button:conditional:01,False,0.02405857740585774,46,fine_final,background_or_unassigned,background,False,0.0,0,0
remote_control__u01,device,remote_control,button,button,3,root:3/device_button:conditional:01,False,0.02405857740585774,46,group_final,object_001/device_button/003,device_button,True,0.09486623282718727,528,46
remote_control__u01,device,remote_control,button,button,3,root:3/device_button:conditional:01,False,0.02405857740585774,46,group_final,background_or_unassigned,background,False,0.0,0,0
remote_control__u01,device,remote_control,button,button,3,root:3/device_button:conditional:01,False,0.02405857740585774,46,dbscan_final,device_button/center/01,device_button,True,0.02405857740585774,528,46
remote_control__u01,device,remote_control,button,button,3,root:3/device_button:conditional:01,False,0.02405857740585774,46,dbscan_final,background_or_unassigned,background,False,0.0,0,0
remote_control__u01,device,remote_control,button,button,9,root:3:repeated-detail:04,False,0.0,0,fine_final,device_body/device_logo/center/01,device_logo,False,0.0,20,0
remote_control__u01,device,remote_control,button,button,9,root:3:repeated-detail:04,False,0.0,0,fine_final,background_or_unassigned,background,False,0.0,0,0
remote_control__u01,device,remote_control,button,button,9,root:3:repeated-detail:04,False,0.0,0,group_final,object_001/device_logo/006,device_logo,False,0.0,20,0
remote_control__u01,device,remote_control,button,button,9,root:3:repeated-detail:04,False,0.0,0,group_final,background_or_unassigned,background,False,0.0,0,0
remote_control__u01,device,remote_control,button,button,9,root:3:repeated-detail:04,False,0.0,0,dbscan_final,device_logo/left/01,device_logo,False,0.0,20,0
remote_control__u01,device,remote_control,button,button,9,root:3:repeated-detail:04,False,0.0,0,dbscan_final,background_or_unassigned,background,False,0.0,0,0
remote_control__u01,device,remote_control,button,button,10,root:3:repeated-detail:06,False,0.0,0,fine_final,device/device_button/right/03,device_button,True,0.0,21,0
remote_control__u01,device,remote_control,button,button,10,root:3:repeated-detail:06,False,0.0,0,fine_final,background_or_unassigned,background,False,0.0,0,0
remote_control__u01,device,remote_control,button,button,10,root:3:repeated-detail:06,False,0.0,0,group_final,object_001/device_button/005,device_button,True,0.0,21,0
remote_control__u01,device,remote_control,button,button,10,root:3:repeated-detail:06,False,0.0,0,group_final,background_or_unassigned,background,False,0.0,0,0
remote_control__u01,device,remote_control,button,button,10,root:3:repeated-detail:06,False,0.0,0,dbscan_final,device_button/right/02,device_button,True,0.0,21,0
remote_control__u01,device,remote_control,button,button,10,root:3:repeated-detail:06,False,0.0,0,dbscan_final,background_or_unassigned,background,False,0.0,0,0
remote_control__u01,device,remote_control,button,button,11,root:3:repeated-detail:01,False,0.017265193370165747,25,fine_final,device/device_button/right/01,device_button,True,0.017265193370165747,43,25
remote_control__u01,device,remote_control,button,button,11,root:3:repeated-detail:01,False,0.017265193370165747,25,fine_final,background_or_unassigned,background,False,0.0,0,0
remote_control__u01,device,remote_control,button,button,11,root:3:repeated-detail:01,False,0.017265193370165747,25,group_final,object_001/device_button/002,device_button,True,0.14596670934699105,43,25
remote_control__u01,device,remote_control,button,button,11,root:3:repeated-detail:01,False,0.017265193370165747,25,group_final,background_or_unassigned,background,False,0.0,0,0
remote_control__u01,device,remote_control,button,button,11,root:3:repeated-detail:01,False,0.017265193370165747,25,dbscan_final,device_visual_panel_01/right/01,device_visual_panel_01,False,0.09215120692272659,43,25
remote_control__u01,device,remote_control,button,button,11,root:3:repeated-detail:01,False,0.017265193370165747,25,dbscan_final,background_or_unassigned,background,False,0.0,0,0
remote_control__u01,device,remote_control,button,button,12,root:3:repeated-detail:02,False,0.006830601092896175,10,fine_final,device/device_button/right/02,device_button,True,0.006830601092896175,44,10
remote_control__u01,device,remote_control,button,button,12,root:3:repeated-detail:02,False,0.006830601092896175,10,fine_final,background_or_unassigned,background,False,0.0,0,0
remote_control__u01,device,remote_control,button,button,12,root:3:repeated-detail:02,False,0.006830601092896175,10,group_final,object_001/device_button/004,device_button,True,0.006830601092896175,44,10
remote_control__u01,device,remote_control,button,button,12,root:3:repeated-detail:02,False,0.006830601092896175,10,group_final,background_or_unassigned,background,False,0.0,0,0
remote_control__u01,device,remote_control,button,button,12,root:3:repeated-detail:02,False,0.006830601092896175,10,dbscan_final,device_bezel/left/01,device_bezel,False,0.09179784589892295,30,10
remote_control__u01,device,remote_control,button,button,12,root:3:repeated-detail:02,False,0.006830601092896175,10,dbscan_final,device_button/right/01,device_button,True,0.0,14,0
remote_control__u01,device,remote_control,button,button,12,root:3:repeated-detail:02,False,0.006830601092896175,10,dbscan_final,background_or_unassigned,background,False,0.0,0,0
calculator__u01,device,cellular_telephone,bezel,bezel,4,root:1/profile-topology:IDEA-Research_grounding-dino-tiny:device_bezel:01,True,0.6421376393694733,8351,fine_final,device/device_button/right/01,device_button,False,0.00402276295133438,1,1
calculator__u01,device,cellular_telephone,bezel,bezel,4,root:1/profile-topology:IDEA-Research_grounding-dino-tiny:device_bezel:01,True,0.6421376393694733,8351,fine_final,device_body/device_screen/center/01,device_screen,False,0.07988178538832631,596,477
calculator__u01,device,cellular_telephone,bezel,bezel,4,root:1/profile-topology:IDEA-Research_grounding-dino-tiny:device_bezel:01,True,0.6421376393694733,8351,fine_final,device/device_visual_strip_01/right/01,device_visual_strip_01,False,0.07301773988042733,756,745
calculator__u01,device,cellular_telephone,bezel,bezel,4,root:1/profile-topology:IDEA-Research_grounding-dino-tiny:device_bezel:01,True,0.6421376393694733,8351,fine_final,device/device_visual_strip_03/right/01,device_visual_strip_03,False,0.03198587127158556,326,326
calculator__u01,device,cellular_telephone,bezel,bezel,4,root:1/profile-topology:IDEA-Research_grounding-dino-tiny:device_bezel:01,True,0.6421376393694733,8351,fine_final,device_screen/device_bezel/center/01,device_bezel,True,0.5313650306748466,9481,6798
calculator__u01,device,cellular_telephone,bezel,bezel,4,root:1/profile-topology:IDEA-Research_grounding-dino-tiny:device_bezel:01,True,0.6421376393694733,8351,fine_final,background_or_unassigned,background,False,0.0,4,4
calculator__u01,device,cellular_telephone,bezel,bezel,4,root:1/profile-topology:IDEA-Research_grounding-dino-tiny:device_bezel:01,True,0.6421376393694733,8351,group_final,object_001/device_button/002,device_button,False,0.00402276295133438,1,1
calculator__u01,device,cellular_telephone,bezel,bezel,4,root:1/profile-topology:IDEA-Research_grounding-dino-tiny:device_bezel:01,True,0.6421376393694733,8351,group_final,object_001/device_screen/003,device_screen,False,0.1121682088709327,1350,1221
calculator__u01,device,cellular_telephone,bezel,bezel,4,root:1/profile-topology:IDEA-Research_grounding-dino-tiny:device_bezel:01,True,0.6421376393694733,8351,group_final,object_001/device_bezel/006,device_bezel,True,0.5566710092727412,9809,7125
calculator__u01,device,cellular_telephone,bezel,bezel,4,root:1/profile-topology:IDEA-Research_grounding-dino-tiny:device_bezel:01,True,0.6421376393694733,8351,group_final,background_or_unassigned,background,False,0.0,4,4
calculator__u01,device,cellular_telephone,bezel,bezel,4,root:1/profile-topology:IDEA-Research_grounding-dino-tiny:device_bezel:01,True,0.6421376393694733,8351,dbscan_final,device/left/01,device,False,0.25968109339407747,4638,2927
calculator__u01,device,cellular_telephone,bezel,bezel,4,root:1/profile-topology:IDEA-Research_grounding-dino-tiny:device_bezel:01,True,0.6421376393694733,8351,dbscan_final,device_bezel/right/01,device_bezel,True,0.08240396530359356,1786,845
calculator__u01,device,cellular_telephone,bezel,bezel,4,root:1/profile-topology:IDEA-Research_grounding-dino-tiny:device_bezel:01,True,0.6421376393694733,8351,dbscan_final,device_button/left/01,device_button,False,0.003728414442700157,1,1
calculator__u01,device,cellular_telephone,bezel,bezel,4,root:1/profile-topology:IDEA-Research_grounding-dino-tiny:device_bezel:01,True,0.6421376393694733,8351,dbscan_final,device_screen/right/01,device_screen,False,0.2218612737920937,3815,3720
calculator__u01,device,cellular_telephone,bezel,bezel,4,root:1/profile-topology:IDEA-Research_grounding-dino-tiny:device_bezel:01,True,0.6421376393694733,8351,dbscan_final,device_visual_strip_01/left/01,device_visual_strip_01,False,0.04961497221951457,572,506
calculator__u01,device,cellular_telephone,bezel,bezel,4,root:1/profile-topology:IDEA-Research_grounding-dino-tiny:device_bezel:01,True,0.6421376393694733,8351,dbscan_final,device_visual_strip_03/left/01,device_visual_strip_03,False,0.03453689167974882,352,352
calculator__u01,device,cellular_telephone,bezel,bezel,4,root:1/profile-topology:IDEA-Research_grounding-dino-tiny:device_bezel:01,True,0.6421376393694733,8351,dbscan_final,background_or_unassigned,background,False,0.0,0,0
calculator__u01,device,cellular_telephone,bezel,bezel,6,root:1/device_bezel:conditional:01,False,0.22716441620333597,2574,fine_final,device_screen/device_bezel/center/01,device_bezel,True,0.5313650306748466,3713,2574
calculator__u01,device,cellular_telephone,bezel,bezel,6,root:1/device_bezel:conditional:01,False,0.22716441620333597,2574,fine_final,background_or_unassigned,background,False,0.0,0,0
calculator__u01,device,cellular_telephone,bezel,bezel,6,root:1/device_bezel:conditional:01,False,0.22716441620333597,2574,group_final,object_001/device_bezel/006,device_bezel,True,0.5566710092727412,3713,2574
calculator__u01,device,cellular_telephone,bezel,bezel,6,root:1/device_bezel:conditional:01,False,0.22716441620333597,2574,group_final,background_or_unassigned,background,False,0.0,0,0
calculator__u01,device,cellular_telephone,bezel,bezel,6,root:1/device_bezel:conditional:01,False,0.22716441620333597,2574,dbscan_final,device_bezel/right/01,device_bezel,True,0.08240396530359356,2037,931
calculator__u01,device,cellular_telephone,bezel,bezel,6,root:1/device_bezel:conditional:01,False,0.22716441620333597,2574,dbscan_final,device_screen/right/01,device_screen,False,0.2218612737920937,1676,1643
calculator__u01,device,cellular_telephone,bezel,bezel,6,root:1/device_bezel:conditional:01,False,0.22716441620333597,2574,dbscan_final,background_or_unassigned,background,False,0.0,0,0
telephone__u01,device,telephone,bezel,bezel,7,root:1/device_bezel:conditional:01,False,0.1219901132195822,765,fine_final,device/device_button/left/01,device_button,False,0.0,75,0
telephone__u01,device,telephone,bezel,bezel,7,root:1/device_bezel:conditional:01,False,0.1219901132195822,765,fine_final,device/device_keyboard/center/01,device_keyboard,False,0.5939245030154121,956,646
telephone__u01,device,telephone,bezel,bezel,7,root:1/device_bezel:conditional:01,False,0.1219901132195822,765,fine_final,device/device_visual_panel_01/left/01,device_visual_panel_01,False,0.029961089494163425,579,0
telephone__u01,device,telephone,bezel,bezel,7,root:1/device_bezel:conditional:01,False,0.1219901132195822,765,fine_final,device_screen/device_bezel/center/01,device_bezel,True,0.022452830188679246,1696,119
telephone__u01,device,telephone,bezel,bezel,7,root:1/device_bezel:conditional:01,False,0.1219901132195822,765,fine_final,background_or_unassigned,background,False,0.0,7,0
telephone__u01,device,telephone,bezel,bezel,7,root:1/device_bezel:conditional:01,False,0.1219901132195822,765,group_final,object_001/device_button/002,device_button,False,0.0,75,0
telephone__u01,device,telephone,bezel,bezel,7,root:1/device_bezel:conditional:01,False,0.1219901132195822,765,group_final,object_001/device_keyboard/007,device_keyboard,False,0.5939245030154121,956,646
telephone__u01,device,telephone,bezel,bezel,7,root:1/device_bezel:conditional:01,False,0.1219901132195822,765,group_final,object_001/device_bezel/010,device_bezel,True,0.04061291282356441,2275,119
telephone__u01,device,telephone,bezel,bezel,7,root:1/device_bezel:conditional:01,False,0.1219901132195822,765,group_final,background_or_unassigned,background,False,0.0,7,0
telephone__u01,device,telephone,bezel,bezel,7,root:1/device_bezel:conditional:01,False,0.1219901132195822,765,dbscan_final,device_bezel/left/01,device_bezel,True,0.019124308002013084,2352,114
telephone__u01,device,telephone,bezel,bezel,7,root:1/device_bezel:conditional:01,False,0.1219901132195822,765,dbscan_final,device_keyboard/right/01,device_keyboard,False,0.6596806387225549,961,651
telephone__u01,device,telephone,bezel,bezel,7,root:1/device_bezel:conditional:01,False,0.1219901132195822,765,dbscan_final,background_or_unassigned,background,False,0.0,0,0
clock__u01,device,clock,case,body,1,root:1,True,0.37645695668135093,32815,fine_final,device/device/center/01,device,True,0.42336777694394734,14957,14668
clock__u01,device,clock,case,body,1,root:1,True,0.37645695668135093,32815,fine_final,device_body/device_base/center/01,device_base,False,0.0,355,0
clock__u01,device,clock,case,body,1,root:1,True,0.37645695668135093,32815,fine_final,device/device_dial/center/01,device_dial,False,0.023898485155960894,51416,2002
clock__u01,device,clock,case,body,1,root:1,True,0.37645695668135093,32815,fine_final,device_body/device_finial/center/01,device_finial,False,0.07503850736725856,2634,2582
clock__u01,device,clock,case,body,1,root:1,True,0.37645695668135093,32815,fine_final,device_body/device_screen/center/01,device_screen,False,0.0,267,0
clock__u01,device,clock,case,body,1,root:1,True,0.37645695668135093,32815,fine_final,device/device_visual_panel_01/center/01,device_visual_panel_01,False,0.38245910885504797,14665,13562
clock__u01,device,clock,case,body,1,root:1,True,0.37645695668135093,32815,fine_final,device_dial/device_clock_hand/left/01,device_clock_hand,False,0.0,557,0
clock__u01,device,clock,case,body,1,root:1,True,0.37645695668135093,32815,fine_final,device_dial/device_clock_hand/center/01,device_clock_hand,False,0.0,559,0
clock__u01,device,clock,case,body,1,root:1,True,0.37645695668135093,32815,fine_final,device_dial/device_clock_hand/right/01,device_clock_hand,False,0.0,212,0
clock__u01,device,clock,case,body,1,root:1,True,0.37645695668135093,32815,fine_final,background_or_unassigned,background,False,0.0,4,1
clock__u01,device,clock,case,body,1,root:1,True,0.37645695668135093,32815,group_final,object_001/device_body,device_body,True,0.4225673296192593,14925,14639
clock__u01,device,clock,case,body,1,root:1,True,0.37645695668135093,32815,group_final,object_001/device_base/002,device_base,False,0.0,355,0
clock__u01,device,clock,case,body,1,root:1,True,0.37645695668135093,32815,group_final,object_001/device_dial/003,device_dial,False,0.18337771284492307,66081,15564
clock__u01,device,clock,case,body,1,root:1,True,0.37645695668135093,32815,group_final,object_001/device_finial/004,device_finial,False,0.07587469487388121,2666,2611
clock__u01,device,clock,case,body,1,root:1,True,0.37645695668135093,32815,group_final,object_001/device_screen/005,device_screen,False,0.0,267,0
clock__u01,device,clock,case,body,1,root:1,True,0.37645695668135093,32815,group_final,object_001/device_clock_hand/007,device_clock_hand,False,0.0,557,0
clock__u01,device,clock,case,body,1,root:1,True,0.37645695668135093,32815,group_final,object_001/device_clock_hand/008,device_clock_hand,False,0.0,559,0
clock__u01,device,clock,case,body,1,root:1,True,0.37645695668135093,32815,group_final,object_001/device_clock_hand/009,device_clock_hand,False,0.0,212,0
clock__u01,device,clock,case,body,1,root:1,True,0.37645695668135093,32815,group_final,background_or_unassigned,background,False,0.0,4,1
clock__u01,device,clock,case,body,1,root:1,True,0.37645695668135093,32815,dbscan_final,device/left/01,device,True,0.34528089639808546,26634,15654
clock__u01,device,clock,case,body,1,root:1,True,0.37645695668135093,32815,dbscan_final,device_base/left/01,device_base,False,0.0,8,0
clock__u01,device,clock,case,body,1,root:1,True,0.37645695668135093,32815,dbscan_final,device_clock_hand/left/01,device_clock_hand,False,0.0,92,0
clock__u01,device,clock,case,body,1,root:1,True,0.37645695668135093,32815,dbscan_final,device_clock_hand/left/02,device_clock_hand,False,0.0,287,0
clock__u01,device,clock,case,body,1,root:1,True,0.37645695668135093,32815,dbscan_final,device_dial/left/01,device_dial,False,0.0037631267915608146,39529,277
clock__u01,device,clock,case,body,1,root:1,True,0.37645695668135093,32815,dbscan_final,device_finial/right/01,device_finial,False,0.07884565084716208,2765,2713
clock__u01,device,clock,case,body,1,root:1,True,0.37645695668135093,32815,dbscan_final,device_visual_panel_01/right/01,device_visual_panel_01,False,0.38827848864290215,16311,14171
clock__u01,device,clock,case,body,1,root:1,True,0.37645695668135093,32815,dbscan_final,background_or_unassigned,background,False,0.0,0,0
watch__u01,device,watch,case,body,1,root:1,True,0.27064777327935224,5348,fine_final,device/device/center/01,device,True,0.26863446630888493,2696,1802
watch__u01,device,watch,case,body,1,root:1,True,0.27064777327935224,5348,fine_final,device/device_band/center/01,device_band,False,0.0,132,0
watch__u01,device,watch,case,body,1,root:1,True,0.27064777327935224,5348,fine_final,device/device_dial/left/01,device_dial,False,0.12733074085153057,5492,1277
watch__u01,device,watch,case,body,1,root:1,True,0.27064777327935224,5348,fine_final,device/device_dial/left/02,device_dial,False,0.12267215244694674,4555,1133
watch__u01,device,watch,case,body,1,root:1,True,0.27064777327935224,5348,fine_final,device_body/device_dial/center/01,device_dial,False,0.0,1293,0
watch__u01,device,watch,case,body,1,root:1,True,0.27064777327935224,5348,fine_final,device/device_dial/center/01,device_dial,False,0.12390924956369982,4490,1136
watch__u01,device,watch,case,body,1,root:1,True,0.27064777327935224,5348,fine_final,device_body/device_logo/right/01,device_logo,False,0.0,106,0
watch__u01,device,watch,case,body,1,root:1,True,0.27064777327935224,5348,fine_final,device_body/device_screen/center/01,device_screen,False,0.0,455,0
watch__u01,device,watch,case,body,1,root:1,True,0.27064777327935224,5348,fine_final,device_dial/device_clock_hand/left/01,device_clock_hand,False,0.0,75,0
watch__u01,device,watch,case,body,1,root:1,True,0.27064777327935224,5348,fine_final,background_or_unassigned,background,False,0.0,0,0
watch__u01,device,watch,case,body,1,root:1,True,0.27064777327935224,5348,group_final,object_001/device_body,device_body,True,0.2656641604010025,2771,1802
watch__u01,device,watch,case,body,1,root:1,True,0.27064777327935224,5348,group_final,object_001/device_band/002,device_band,False,0.0,134,0
watch__u01,device,watch,case,body,1,root:1,True,0.27064777327935224,5348,group_final,object_001/device_dial/003,device_dial,False,0.12733074085153057,5492,1277
watch__u01,device,watch,case,body,1,root:1,True,0.27064777327935224,5348,group_final,object_001/device_dial/004,device_dial,False,0.12267215244694674,4555,1133
watch__u01,device,watch,case,body,1,root:1,True,0.27064777327935224,5348,group_final,object_001/device_dial/005,device_dial,False,0.0,1293,0
watch__u01,device,watch,case,body,1,root:1,True,0.27064777327935224,5348,group_final,object_001/device_dial/006,device_dial,False,0.12393628627536549,4488,1136
watch__u01,device,watch,case,body,1,root:1,True,0.27064777327935224,5348,group_final,object_001/device_logo/007,device_logo,False,0.0,106,0
watch__u01,device,watch,case,body,1,root:1,True,0.27064777327935224,5348,group_final,object_001/device_screen/008,device_screen,False,0.0,455,0
watch__u01,device,watch,case,body,1,root:1,True,0.27064777327935224,5348,group_final,background_or_unassigned,background,False,0.0,0,0
watch__u01,device,watch,case,body,1,root:1,True,0.27064777327935224,5348,dbscan_final,device/center/01,device,True,0.610041265474553,8232,5322
watch__u01,device,watch,case,body,1,root:1,True,0.27064777327935224,5348,dbscan_final,device_band/right/01,device_band,False,0.0,128,0
watch__u01,device,watch,case,body,1,root:1,True,0.27064777327935224,5348,dbscan_final,device_dial/left/01,device_dial,False,0.0,9843,0
watch__u01,device,watch,case,body,1,root:1,True,0.27064777327935224,5348,dbscan_final,device_logo/right/01,device_logo,False,0.0,261,0
watch__u01,device,watch,case,body,1,root:1,True,0.27064777327935224,5348,dbscan_final,device_lug/left/01,device_lug,False,0.004471964224286206,26,26
watch__u01,device,watch,case,body,1,root:1,True,0.27064777327935224,5348,dbscan_final,device_lug/right/01,device_lug,False,0.0,7,0
watch__u01,device,watch,case,body,1,root:1,True,0.27064777327935224,5348,dbscan_final,device_screen/right/01,device_screen,False,0.0,243,0
watch__u01,device,watch,case,body,1,root:1,True,0.27064777327935224,5348,dbscan_final,device_visual_panel_01/right/01,device_visual_panel_01,False,0.0,554,0
watch__u01,device,watch,case,body,1,root:1,True,0.27064777327935224,5348,dbscan_final,background_or_unassigned,background,False,0.0,0,0
bench__u01,furniture,bench,seat,seat,2,root:1/profile-refine:IDEA-Research_grounding-dino-tiny:furniture_seat:01,True,0.7491801825755562,8453,fine_final,furniture/furniture_seat/center/01,furniture_seat,True,0.7459009128777807,8752,8398
bench__u01,furniture,bench,seat,seat,2,root:1/profile-refine:IDEA-Research_grounding-dino-tiny:furniture_seat:01,True,0.7491801825755562,8453,fine_final,furniture/furniture_visual_strip_05/right/01,furniture_visual_strip_05,False,0.04227285204501784,55,55
bench__u01,furniture,bench,seat,seat,2,root:1/profile-refine:IDEA-Research_grounding-dino-tiny:furniture_seat:01,True,0.7491801825755562,8453,fine_final,background_or_unassigned,background,False,0.0,0,0
bench__u01,furniture,bench,seat,seat,2,root:1/profile-refine:IDEA-Research_grounding-dino-tiny:furniture_seat:01,True,0.7491801825755562,8453,group_final,object_001/furniture_seat/010,furniture_seat,True,0.8895662160968283,8807,8453
bench__u01,furniture,bench,seat,seat,2,root:1/profile-refine:IDEA-Research_grounding-dino-tiny:furniture_seat:01,True,0.7491801825755562,8453,group_final,background_or_unassigned,background,False,0.0,0,0
bench__u01,furniture,bench,seat,seat,2,root:1/profile-refine:IDEA-Research_grounding-dino-tiny:furniture_seat:01,True,0.7491801825755562,8453,dbscan_final,furniture/center/01,furniture,False,0.1229001976284585,1984,1663
bench__u01,furniture,bench,seat,seat,2,root:1/profile-refine:IDEA-Research_grounding-dino-tiny:furniture_seat:01,True,0.7491801825755562,8453,dbscan_final,furniture_leg/center/02,furniture_leg,False,0.0022449488650536295,8,8
bench__u01,furniture,bench,seat,seat,2,root:1/profile-refine:IDEA-Research_grounding-dino-tiny:furniture_seat:01,True,0.7491801825755562,8453,dbscan_final,furniture_seat/left/01,furniture_seat,True,0.5475364963503649,5977,5947
bench__u01,furniture,bench,seat,seat,2,root:1/profile-refine:IDEA-Research_grounding-dino-tiny:furniture_seat:01,True,0.7491801825755562,8453,dbscan_final,furniture_visual_panel_03/right/01,furniture_visual_panel_03,False,0.11723574282600799,22,22
bench__u01,furniture,bench,seat,seat,2,root:1/profile-refine:IDEA-Research_grounding-dino-tiny:furniture_seat:01,True,0.7491801825755562,8453,dbscan_final,furniture_visual_strip_05/right/01,furniture_visual_strip_05,False,0.11498353457738748,816,813
bench__u01,furniture,bench,seat,seat,2,root:1/profile-refine:IDEA-Research_grounding-dino-tiny:furniture_seat:01,True,0.7491801825755562,8453,dbscan_final,background_or_unassigned,background,False,0.0,0,0
bench__u01,furniture,bench,seat,seat,23,root:1/visual-region:12,True,0.5058458165875046,5538,fine_final,furniture/furniture/center/01,furniture,False,0.02222014751190365,60,58
bench__u01,furniture,bench,seat,seat,23,root:1/visual-region:12,True,0.5058458165875046,5538,fine_final,furniture/furniture_leg/left/01,furniture_leg,False,0.001125130595515551,10,5
bench__u01,furniture,bench,seat,seat,23,root:1/visual-region:12,True,0.5058458165875046,5538,fine_final,furniture/furniture_leg/center/02,furniture_leg,False,0.0016212818052476592,2,2
bench__u01,furniture,bench,seat,seat,23,root:1/visual-region:12,True,0.5058458165875046,5538,fine_final,furniture/furniture_seat/center/01,furniture_seat,True,0.7459009128777807,5485,5473
bench__u01,furniture,bench,seat,seat,23,root:1/visual-region:12,True,0.5058458165875046,5538,fine_final,background_or_unassigned,background,False,0.0,0,0
bench__u01,furniture,bench,seat,seat,23,root:1/visual-region:12,True,0.5058458165875046,5538,group_final,object_001/furniture_body,furniture_body,False,0.017806402727789356,16,16
bench__u01,furniture,bench,seat,seat,23,root:1/visual-region:12,True,0.5058458165875046,5538,group_final,object_001/furniture_leg/005,furniture_leg,False,0.005847016419703644,54,47
bench__u01,furniture,bench,seat,seat,23,root:1/visual-region:12,True,0.5058458165875046,5538,group_final,object_001/furniture_leg/007,furniture_leg,False,0.0015759680946867362,2,2
bench__u01,furniture,bench,seat,seat,23,root:1/visual-region:12,True,0.5058458165875046,5538,group_final,object_001/furniture_seat/010,furniture_seat,True,0.8895662160968283,5485,5473
bench__u01,furniture,bench,seat,seat,23,root:1/visual-region:12,True,0.5058458165875046,5538,group_final,background_or_unassigned,background,False,0.0,0,0
bench__u01,furniture,bench,seat,seat,23,root:1/visual-region:12,True,0.5058458165875046,5538,dbscan_final,furniture/center/01,furniture,False,0.1229001976284585,21,15
bench__u01,furniture,bench,seat,seat,23,root:1/visual-region:12,True,0.5058458165875046,5538,dbscan_final,furniture_leg/left/01,furniture_leg,False,0.0007341544987356228,1,1
bench__u01,furniture,bench,seat,seat,23,root:1/visual-region:12,True,0.5058458165875046,5538,dbscan_final,furniture_leg/center/02,furniture_leg,False,0.0022449488650536295,20,20
bench__u01,furniture,bench,seat,seat,23,root:1/visual-region:12,True,0.5058458165875046,5538,dbscan_final,furniture_seat/left/01,furniture_seat,True,0.5475364963503649,5515,5502
bench__u01,furniture,bench,seat,seat,23,root:1/visual-region:12,True,0.5058458165875046,5538,dbscan_final,background_or_unassigned,background,False,0.0,0,0
bottle__u01,container,bottle,base,base,4,root:1/container_base:conditional:01,False,0.0,0,fine_final,container_body/container_base/left/01,container_base,True,0.0,111,0
bottle__u01,container,bottle,base,base,4,root:1/container_base:conditional:01,False,0.0,0,fine_final,container/container_handle/center/01,container_handle,False,0.0,12,0
bottle__u01,container,bottle,base,base,4,root:1/container_base:conditional:01,False,0.0,0,fine_final,background_or_unassigned,background,False,0.0,0,0
bottle__u01,container,bottle,base,base,4,root:1/container_base:conditional:01,False,0.0,0,group_final,object_001/container_body,container_body,False,0.0008669267446900737,12,0
bottle__u01,container,bottle,base,base,4,root:1/container_base:conditional:01,False,0.0,0,group_final,object_001/container_base/002,container_base,True,0.0,111,0
bottle__u01,container,bottle,base,base,4,root:1/container_base:conditional:01,False,0.0,0,group_final,background_or_unassigned,background,False,0.0,0,0
bottle__u01,container,bottle,base,base,4,root:1/container_base:conditional:01,False,0.0,0,dbscan_final,container_base/left/01,container_base,True,0.0,11,0
bottle__u01,container,bottle,base,base,4,root:1/container_base:conditional:01,False,0.0,0,dbscan_final,container_handle/center/01,container_handle,False,0.0,112,0
bottle__u01,container,bottle,base,base,4,root:1/container_base:conditional:01,False,0.0,0,dbscan_final,background_or_unassigned,background,False,0.0,0,0
can__u01,container,can,body,body,1,root:1,False,0.21076181734740707,1837,fine_final,container/container/center/01,container,True,0.3280323450134771,2367,1217
can__u01,container,can,body,body,1,root:1,False,0.21076181734740707,1837,fine_final,container_body/container_base/left/01,container_base,False,0.012835472578763127,44,33
can__u01,container,can,body,body,1,root:1,False,0.21076181734740707,1837,fine_final,container_body/container_label/center/01,container_label,False,0.07976453274466519,4777,542
can__u01,container,can,body,body,1,root:1,False,0.21076181734740707,1837,fine_final,container_body/container_lid/center/01,container_lid,False,0.005930807248764415,493,18
can__u01,container,can,body,body,1,root:1,False,0.21076181734740707,1837,fine_final,container_body/container_spout/left/01,container_spout,False,0.010116148370176097,136,27
can__u01,container,can,body,body,1,root:1,False,0.21076181734740707,1837,fine_final,container_lid/container_pull_tab/center/01,container_pull_tab,False,0.0,175,0
can__u01,container,can,body,body,1,root:1,False,0.21076181734740707,1837,fine_final,background_or_unassigned,background,False,0.0,1,0
can__u01,container,can,body,body,1,root:1,False,0.21076181734740707,1837,group_final,object_001/container_body,container_body,True,0.32855597620335314,2353,1215
can__u01,container,can,body,body,1,root:1,False,0.21076181734740707,1837,group_final,object_001/container_base/002,container_base,False,0.013224426293271101,45,34
can__u01,container,can,body,body,1,root:1,False,0.21076181734740707,1837,group_final,object_001/container_label/003,container_label,False,0.07979426891991183,4788,543
can__u01,container,can,body,body,1,root:1,False,0.21076181734740707,1837,group_final,object_001/container_lid/004,container_lid,False,0.005930807248764415,493,18
can__u01,container,can,body,body,1,root:1,False,0.21076181734740707,1837,group_final,object_001/container_spout/005,container_spout,False,0.010116148370176097,136,27
can__u01,container,can,body,body,1,root:1,False,0.21076181734740707,1837,group_final,object_001/container_pull_tab/006,container_pull_tab,False,0.0,177,0
can__u01,container,can,body,body,1,root:1,False,0.21076181734740707,1837,group_final,background_or_unassigned,background,False,0.0,1,0
can__u01,container,can,body,body,1,root:1,False,0.21076181734740707,1837,dbscan_final,container/left/01,container,True,0.30959537572254336,3104,1339
can__u01,container,can,body,body,1,root:1,False,0.21076181734740707,1837,dbscan_final,container_base/left/01,container_base,False,0.012835472578763127,44,33
can__u01,container,can,body,body,1,root:1,False,0.21076181734740707,1837,dbscan_final,container_label/right/01,container_label,False,0.06987399770904926,3978,427
can__u01,container,can,body,body,1,root:1,False,0.21076181734740707,1837,dbscan_final,container_pull_tab/left/01,container_pull_tab,False,0.0,203,0
can__u01,container,can,body,body,1,root:1,False,0.21076181734740707,1837,dbscan_final,container_spout/left/01,container_spout,False,0.011927181418706842,664,38
can__u01,container,can,body,body,1,root:1,False,0.21076181734740707,1837,dbscan_final,background_or_unassigned,background,False,0.0,0,0
mug__u01,container,mug,inner_body,inner,4,root:1/container_inner:conditional:01,True,0.7862883702914689,8120,fine_final,container_body/container_bottom/center/01,container_bottom,False,0.052065360803816095,785,513
mug__u01,container,mug,inner_body,inner,4,root:1/container_inner:conditional:01,True,0.7862883702914689,8120,fine_final,container_body/container_inner/center/01,container_inner,True,0.756539035305818,8716,7607
mug__u01,container,mug,inner_body,inner,4,root:1/container_inner:conditional:01,True,0.7862883702914689,8120,fine_final,background_or_unassigned,background,False,0.0,0,0
mug__u01,container,mug,inner_body,inner,4,root:1/container_inner:conditional:01,True,0.7862883702914689,8120,group_final,object_001/container_bottom/002,container_bottom,False,0.05200202736948809,785,513
mug__u01,container,mug,inner_body,inner,4,root:1/container_inner:conditional:01,True,0.7862883702914689,8120,group_final,object_001/container_inner/004,container_inner,True,0.7556372305552796,8716,7607
mug__u01,container,mug,inner_body,inner,4,root:1/container_inner:conditional:01,True,0.7862883702914689,8120,group_final,background_or_unassigned,background,False,0.0,0,0
mug__u01,container,mug,inner_body,inner,4,root:1/container_inner:conditional:01,True,0.7862883702914689,8120,dbscan_final,container_inner/center/01,container_inner,True,0.7862883702914689,9501,8120
mug__u01,container,mug,inner_body,inner,4,root:1/container_inner:conditional:01,True,0.7862883702914689,8120,dbscan_final,background_or_unassigned,background,False,0.0,0,0
glass_drink_container__u01,container,glass_(drink_container),base,base,4,root:1/visual-region:01,False,0.0,0,fine_final,container/container_base/right/01,container_base,True,0.0,5780,0
glass_drink_container__u01,container,glass_(drink_container),base,base,4,root:1/visual-region:01,False,0.0,0,fine_final,container_body/container_label/center/01,container_label,False,0.0,38,0
glass_drink_container__u01,container,glass_(drink_container),base,base,4,root:1/visual-region:01,False,0.0,0,fine_final,container_body/container_label/right/01,container_label,False,0.0,53,0
glass_drink_container__u01,container,glass_(drink_container),base,base,4,root:1/visual-region:01,False,0.0,0,fine_final,container/container_rim/right/01,container_rim,False,0.0,9,0
glass_drink_container__u01,container,glass_(drink_container),base,base,4,root:1/visual-region:01,False,0.0,0,fine_final,container/container_rim/center/01,container_rim,False,0.0,173,0
glass_drink_container__u01,container,glass_(drink_container),base,base,4,root:1/visual-region:01,False,0.0,0,fine_final,background_or_unassigned,background,False,0.0,0,0
glass_drink_container__u01,container,glass_(drink_container),base,base,4,root:1/visual-region:01,False,0.0,0,group_final,object_001/container_body,container_body,False,0.0,5780,0
glass_drink_container__u01,container,glass_(drink_container),base,base,4,root:1/visual-region:01,False,0.0,0,group_final,object_001/container_label/003,container_label,False,0.0,38,0
glass_drink_container__u01,container,glass_(drink_container),base,base,4,root:1/visual-region:01,False,0.0,0,group_final,object_001/container_label/004,container_label,False,0.0,53,0
glass_drink_container__u01,container,glass_(drink_container),base,base,4,root:1/visual-region:01,False,0.0,0,group_final,object_001/container_rim/005,container_rim,False,0.0,9,0
glass_drink_container__u01,container,glass_(drink_container),base,base,4,root:1/visual-region:01,False,0.0,0,group_final,object_001/container_rim/006,container_rim,False,0.0,173,0
glass_drink_container__u01,container,glass_(drink_container),base,base,4,root:1/visual-region:01,False,0.0,0,group_final,background_or_unassigned,background,False,0.0,0,0
glass_drink_container__u01,container,glass_(drink_container),base,base,4,root:1/visual-region:01,False,0.0,0,dbscan_final,container_base/right/01,container_base,True,0.0,5267,0
glass_drink_container__u01,container,glass_(drink_container),base,base,4,root:1/visual-region:01,False,0.0,0,dbscan_final,container_bottom/right/01,container_bottom,False,0.0,786,0
glass_drink_container__u01,container,glass_(drink_container),base,base,4,root:1/visual-region:01,False,0.0,0,dbscan_final,background_or_unassigned,background,False,0.0,0,0
bowl__u01,container,bowl,body,body,1,root:1,True,0.2986003110419907,3840,fine_final,container/container/center/01,container,True,0.48267797105686305,6006,3302
bowl__u01,container,bowl,body,body,1,root:1,True,0.2986003110419907,3840,fine_final,container_body/container_base/right/01,container_base,False,0.01722532588454376,233,74
bowl__u01,container,bowl,body,body,1,root:1,True,0.2986003110419907,3840,fine_final,container_body/container_bottom/right/01,container_bottom,False,0.0,458,0
bowl__u01,container,bowl,body,body,1,root:1,True,0.2986003110419907,3840,fine_final,container_body/container_inner/center/01,container_inner,False,0.018470890811316344,4575,158
bowl__u01,container,bowl,body,body,1,root:1,True,0.2986003110419907,3840,fine_final,container_opening/container_rim/center/01,container_rim,False,0.06210675867667952,1096,306
bowl__u01,container,bowl,body,body,1,root:1,True,0.2986003110419907,3840,fine_final,container/container_visual_panel_04/right/01,container_visual_panel_04,False,0.0,190,0
bowl__u01,container,bowl,body,body,1,root:1,True,0.2986003110419907,3840,fine_final,background_or_unassigned,background,False,0.0,5,0
bowl__u01,container,bowl,body,body,1,root:1,True,0.2986003110419907,3840,group_final,object_001/container_body,container_body,True,0.4835969537199766,5993,3302
bowl__u01,container,bowl,body,body,1,root:1,True,0.2986003110419907,3840,group_final,object_001/container_base/002,container_base,False,0.017201301720130173,239,74
bowl__u01,container,bowl,body,body,1,root:1,True,0.2986003110419907,3840,group_final,object_001/container_bottom/003,container_bottom,False,0.0,459,0
bowl__u01,container,bowl,body,body,1,root:1,True,0.2986003110419907,3840,group_final,object_001/container_inner/004,container_inner,False,0.01845578787524822,4582,158
bowl__u01,container,bowl,body,body,1,root:1,True,0.2986003110419907,3840,group_final,object_001/container_rim/005,container_rim,False,0.05981235340109461,1285,306
bowl__u01,container,bowl,body,body,1,root:1,True,0.2986003110419907,3840,group_final,background_or_unassigned,background,False,0.0,5,0
bowl__u01,container,bowl,body,body,1,root:1,True,0.2986003110419907,3840,dbscan_final,container/right/01,container,True,0.4649394536750211,6267,3302
bowl__u01,container,bowl,body,body,1,root:1,True,0.2986003110419907,3840,dbscan_final,container_base/right/01,container_base,False,0.0033832769453842437,15,14
bowl__u01,container,bowl,body,body,1,root:1,True,0.2986003110419907,3840,dbscan_final,container_inner/left/01,container_inner,False,0.0,4192,0
bowl__u01,container,bowl,body,body,1,root:1,True,0.2986003110419907,3840,dbscan_final,container_rim/right/01,container_rim,False,0.09506531204644413,1899,524
bowl__u01,container,bowl,body,body,1,root:1,True,0.2986003110419907,3840,dbscan_final,container_visual_panel_04/right/01,container_visual_panel_04,False,0.0,190,0
bowl__u01,container,bowl,body,body,1,root:1,True,0.2986003110419907,3840,dbscan_final,background_or_unassigned,background,False,0.0,0,0
handbag__u01,container,handbag,rim,opening,4,root:1/container_opening:conditional:01,True,0.3705229793977813,1169,fine_final,container_body/container_opening/center/01,container_opening,True,0.3746794871794872,3070,1169
handbag__u01,container,handbag,rim,opening,4,root:1/container_opening:conditional:01,True,0.3705229793977813,1169,fine_final,container/container_visual_panel_04/center/01,container_visual_panel_04,False,0.0,35,0
handbag__u01,container,handbag,rim,opening,4,root:1/container_opening:conditional:01,True,0.3705229793977813,1169,fine_final,background_or_unassigned,background,False,0.0,0,0
handbag__u01,container,handbag,rim,opening,4,root:1/container_opening:conditional:01,True,0.3705229793977813,1169,group_final,object_001/container_opening/003,container_opening,True,0.3045513654096229,3105,1169
handbag__u01,container,handbag,rim,opening,4,root:1/container_opening:conditional:01,True,0.3705229793977813,1169,group_final,background_or_unassigned,background,False,0.0,0,0
handbag__u01,container,handbag,rim,opening,4,root:1/container_opening:conditional:01,True,0.3705229793977813,1169,dbscan_final,container_opening/left/01,container_opening,True,0.3705229793977813,3105,1169
handbag__u01,container,handbag,rim,opening,4,root:1/container_opening:conditional:01,True,0.3705229793977813,1169,dbscan_final,background_or_unassigned,background,False,0.0,0,0
plastic_bag__u01,container,plastic_bag,handle,handle,2,root:1/visual-region:08,False,0.0,0,fine_final,container_body/container_handle/right/02,container_handle,True,0.0,108,0
plastic_bag__u01,container,plastic_bag,handle,handle,2,root:1/visual-region:08,False,0.0,0,fine_final,background_or_unassigned,background,False,0.0,0,0
plastic_bag__u01,container,plastic_bag,handle,handle,2,root:1/visual-region:08,False,0.0,0,group_final,object_001/container_handle/004,container_handle,True,0.0,108,0
plastic_bag__u01,container,plastic_bag,handle,handle,2,root:1/visual-region:08,False,0.0,0,group_final,background_or_unassigned,background,False,0.0,0,0
plastic_bag__u01,container,plastic_bag,handle,handle,2,root:1/visual-region:08,False,0.0,0,dbscan_final,container_handle/right/02,container_handle,True,0.0,108,0
plastic_bag__u01,container,plastic_bag,handle,handle,2,root:1/visual-region:08,False,0.0,0,dbscan_final,background_or_unassigned,background,False,0.0,0,0
plastic_bag__u01,container,plastic_bag,handle,handle,3,root:1/visual-region:02,False,0.24989447024060785,592,fine_final,container_body/container_handle/right/01,container_handle,True,0.24989447024060785,653,592
plastic_bag__u01,container,plastic_bag,handle,handle,3,root:1/visual-region:02,False,0.24989447024060785,592,fine_final,background_or_unassigned,background,False,0.0,0,0
plastic_bag__u01,container,plastic_bag,handle,handle,3,root:1/visual-region:02,False,0.24989447024060785,592,group_final,object_001/container_handle/003,container_handle,True,0.24989447024060785,653,592
plastic_bag__u01,container,plastic_bag,handle,handle,3,root:1/visual-region:02,False,0.24989447024060785,592,group_final,background_or_unassigned,background,False,0.0,0,0
plastic_bag__u01,container,plastic_bag,handle,handle,3,root:1/visual-region:02,False,0.24989447024060785,592,dbscan_final,container_handle/right/01,container_handle,True,0.24989447024060785,653,592
plastic_bag__u01,container,plastic_bag,handle,handle,3,root:1/visual-region:02,False,0.24989447024060785,592,dbscan_final,background_or_unassigned,background,False,0.0,0,0
plastic_bag__u01,container,plastic_bag,handle,handle,4,root:1/visual-region:01,False,0.05517241379310345,128,fine_final,container/container/center/01,container,False,0.12996941896024464,140,128
plastic_bag__u01,container,plastic_bag,handle,handle,4,root:1/visual-region:01,False,0.05517241379310345,128,fine_final,background_or_unassigned,background,False,0.0,0,0
plastic_bag__u01,container,plastic_bag,handle,handle,4,root:1/visual-region:01,False,0.05517241379310345,128,group_final,object_001/container_body,container_body,False,0.12996941896024464,140,128
plastic_bag__u01,container,plastic_bag,handle,handle,4,root:1/visual-region:01,False,0.05517241379310345,128,group_final,background_or_unassigned,background,False,0.0,0,0
plastic_bag__u01,container,plastic_bag,handle,handle,4,root:1/visual-region:01,False,0.05517241379310345,128,dbscan_final,container_handle/left/01,container_handle,True,0.05517241379310345,140,128
plastic_bag__u01,container,plastic_bag,handle,handle,4,root:1/visual-region:01,False,0.05517241379310345,128,dbscan_final,background_or_unassigned,background,False,0.0,0,0
box__u01,container,box,side,side,2,root:1/profile-refine:IDEA-Research_grounding-dino-tiny:container_side:03,True,0.5414703903095559,6437,fine_final,container/container/center/01,container,False,0.0006668148477439431,1,0
box__u01,container,box,side,side,2,root:1/profile-refine:IDEA-Research_grounding-dino-tiny:container_side:03,True,0.5414703903095559,6437,fine_final,container_body/container_bottom/center/01,container_bottom,False,0.5280823450436339,9010,6157
box__u01,container,box,side,side,2,root:1/profile-refine:IDEA-Research_grounding-dino-tiny:container_side:03,True,0.5414703903095559,6437,fine_final,container/container_label/center/01,container_label,False,0.09840038778477944,10,10
box__u01,container,box,side,side,2,root:1/profile-refine:IDEA-Research_grounding-dino-tiny:container_side:03,True,0.5414703903095559,6437,fine_final,container_body/container_side/center/01,container_side,True,0.006989024642783185,1052,270
box__u01,container,box,side,side,2,root:1/profile-refine:IDEA-Research_grounding-dino-tiny:container_side:03,True,0.5414703903095559,6437,fine_final,background_or_unassigned,background,False,0.0,0,0
box__u01,container,box,side,side,2,root:1/profile-refine:IDEA-Research_grounding-dino-tiny:container_side:03,True,0.5414703903095559,6437,group_final,object_001/container_body,container_body,False,0.0006687472135532769,1,0
box__u01,container,box,side,side,2,root:1/profile-refine:IDEA-Research_grounding-dino-tiny:container_side:03,True,0.5414703903095559,6437,group_final,object_001/container_bottom/002,container_bottom,False,0.5314517339738778,9060,6157
box__u01,container,box,side,side,2,root:1/profile-refine:IDEA-Research_grounding-dino-tiny:container_side:03,True,0.5414703903095559,6437,group_final,object_001/container_label/003,container_label,False,0.09840038778477944,10,10
box__u01,container,box,side,side,2,root:1/profile-refine:IDEA-Research_grounding-dino-tiny:container_side:03,True,0.5414703903095559,6437,group_final,object_001/container_side/005,container_side,True,0.00694855495792264,1002,270
box__u01,container,box,side,side,2,root:1/profile-refine:IDEA-Research_grounding-dino-tiny:container_side:03,True,0.5414703903095559,6437,group_final,background_or_unassigned,background,False,0.0,0,0
box__u01,container,box,side,side,2,root:1/profile-refine:IDEA-Research_grounding-dino-tiny:container_side:03,True,0.5414703903095559,6437,dbscan_final,container/right/01,container,False,0.0018952555436224652,21,0
box__u01,container,box,side,side,2,root:1/profile-refine:IDEA-Research_grounding-dino-tiny:container_side:03,True,0.5414703903095559,6437,dbscan_final,container_bottom/left/01,container_bottom,False,0.30605620568890407,6814,3362
box__u01,container,box,side,side,2,root:1/profile-refine:IDEA-Research_grounding-dino-tiny:container_side:03,True,0.5414703903095559,6437,dbscan_final,container_label/right/01,container_label,False,0.5466746554823247,3168,3075
box__u01,container,box,side,side,2,root:1/profile-refine:IDEA-Research_grounding-dino-tiny:container_side:03,True,0.5414703903095559,6437,dbscan_final,container_outer_side/right/01,container_outer_side,False,0.0,67,0
box__u01,container,box,side,side,2,root:1/profile-refine:IDEA-Research_grounding-dino-tiny:container_side:03,True,0.5414703903095559,6437,dbscan_final,container_visual_panel_01/left/01,container_visual_panel_01,False,0.0,3,0
box__u01,container,box,side,side,2,root:1/profile-refine:IDEA-Research_grounding-dino-tiny:container_side:03,True,0.5414703903095559,6437,dbscan_final,background_or_unassigned,background,False,0.0,0,0
box__u01,container,box,side,side,3,root:1/profile-refine:IDEA-Research_grounding-dino-tiny:container_side:02,False,0.0,0,fine_final,container_body/container_bottom/center/01,container_bottom,False,0.5280823450436339,319,0
box__u01,container,box,side,side,3,root:1/profile-refine:IDEA-Research_grounding-dino-tiny:container_side:02,False,0.0,0,fine_final,container/container_lid/center/01,container_lid,False,0.0,111,0
box__u01,container,box,side,side,3,root:1/profile-refine:IDEA-Research_grounding-dino-tiny:container_side:02,False,0.0,0,fine_final,container_body/container_side/center/01,container_side,True,0.006989024642783185,29070,0
box__u01,container,box,side,side,3,root:1/profile-refine:IDEA-Research_grounding-dino-tiny:container_side:02,False,0.0,0,fine_final,container/container_visual_strip_01/center/01,container_visual_strip_01,False,0.0,96,0
box__u01,container,box,side,side,3,root:1/profile-refine:IDEA-Research_grounding-dino-tiny:container_side:02,False,0.0,0,fine_final,background_or_unassigned,background,False,0.0,0,0
box__u01,container,box,side,side,3,root:1/profile-refine:IDEA-Research_grounding-dino-tiny:container_side:02,False,0.0,0,group_final,object_001/container_bottom/002,container_bottom,False,0.5314517339738778,319,0
box__u01,container,box,side,side,3,root:1/profile-refine:IDEA-Research_grounding-dino-tiny:container_side:02,False,0.0,0,group_final,object_001/container_lid/004,container_lid,False,0.0,111,0
box__u01,container,box,side,side,3,root:1/profile-refine:IDEA-Research_grounding-dino-tiny:container_side:02,False,0.0,0,group_final,object_001/container_side/005,container_side,True,0.00694855495792264,29166,0
box__u01,container,box,side,side,3,root:1/profile-refine:IDEA-Research_grounding-dino-tiny:container_side:02,False,0.0,0,group_final,background_or_unassigned,background,False,0.0,0,0
box__u01,container,box,side,side,3,root:1/profile-refine:IDEA-Research_grounding-dino-tiny:container_side:02,False,0.0,0,dbscan_final,container_side/right/01,container_side,True,0.0,29596,0
box__u01,container,box,side,side,3,root:1/profile-refine:IDEA-Research_grounding-dino-tiny:container_side:02,False,0.0,0,dbscan_final,background_or_unassigned,background,False,0.0,0,0
box__u01,container,box,side,side,6,root:1/container_side:conditional:01,False,0.16838552852052013,7135,fine_final,container/container/center/01,container,False,0.0006668148477439431,3,0
box__u01,container,box,side,side,6,root:1/container_side:conditional:01,False,0.16838552852052013,7135,fine_final,container_body/container_bottom/center/01,container_bottom,False,0.5280823450436339,10784,6309
box__u01,container,box,side,side,6,root:1/container_side:conditional:01,False,0.16838552852052013,7135,fine_final,container/container_label/center/01,container_label,False,0.09840038778477944,556,556
box__u01,container,box,side,side,6,root:1/container_side:conditional:01,False,0.16838552852052013,7135,fine_final,container_body/container_side/center/01,container_side,True,0.006989024642783185,29913,270
box__u01,container,box,side,side,6,root:1/container_side:conditional:01,False,0.16838552852052013,7135,fine_final,background_or_unassigned,background,False,0.0,0,0
box__u01,container,box,side,side,6,root:1/container_side:conditional:01,False,0.16838552852052013,7135,group_final,object_001/container_body,container_body,False,0.0006687472135532769,3,0
box__u01,container,box,side,side,6,root:1/container_side:conditional:01,False,0.16838552852052013,7135,group_final,object_001/container_bottom/002,container_bottom,False,0.5314517339738778,10699,6309
box__u01,container,box,side,side,6,root:1/container_side:conditional:01,False,0.16838552852052013,7135,group_final,object_001/container_label/003,container_label,False,0.09840038778477944,556,556
box__u01,container,box,side,side,6,root:1/container_side:conditional:01,False,0.16838552852052013,7135,group_final,object_001/container_side/005,container_side,True,0.00694855495792264,29998,270
box__u01,container,box,side,side,6,root:1/container_side:conditional:01,False,0.16838552852052013,7135,group_final,background_or_unassigned,background,False,0.0,0,0
box__u01,container,box,side,side,6,root:1/container_side:conditional:01,False,0.16838552852052013,7135,dbscan_final,container/right/01,container,False,0.0018952555436224652,1030,13
box__u01,container,box,side,side,6,root:1/container_side:conditional:01,False,0.16838552852052013,7135,dbscan_final,container_bottom/left/01,container_bottom,False,0.30605620568890407,7032,3582
box__u01,container,box,side,side,6,root:1/container_side:conditional:01,False,0.16838552852052013,7135,dbscan_final,container_label/right/01,container_label,False,0.5466746554823247,3623,3540
box__u01,container,box,side,side,6,root:1/container_side:conditional:01,False,0.16838552852052013,7135,dbscan_final,container_outer_side/right/01,container_outer_side,False,0.0,341,0
box__u01,container,box,side,side,6,root:1/container_side:conditional:01,False,0.16838552852052013,7135,dbscan_final,container_shoulder/left/01,container_shoulder,False,0.0,185,0
box__u01,container,box,side,side,6,root:1/container_side:conditional:01,False,0.16838552852052013,7135,dbscan_final,container_side/left/01,container_side,True,0.0001209848164055411,90,0
box__u01,container,box,side,side,6,root:1/container_side:conditional:01,False,0.16838552852052013,7135,dbscan_final,container_side/right/01,container_side,True,0.0,28684,0
box__u01,container,box,side,side,6,root:1/container_side:conditional:01,False,0.16838552852052013,7135,dbscan_final,container_visual_panel_01/left/01,container_visual_panel_01,False,0.0,245,0
box__u01,container,box,side,side,6,root:1/container_side:conditional:01,False,0.16838552852052013,7135,dbscan_final,container_visual_strip_01/right/01,container_visual_strip_01,False,0.0,26,0
box__u01,container,box,side,side,6,root:1/container_side:conditional:01,False,0.16838552852052013,7135,dbscan_final,background_or_unassigned,background,False,0.0,0,0
box__u01,container,box,side,side,11,root:1/visual-region:04,False,0.0,0,fine_final,container_body/container_bottom/center/01,container_bottom,False,0.5280823450436339,287,0
box__u01,container,box,side,side,11,root:1/visual-region:04,False,0.0,0,fine_final,container/container_lid/center/01,container_lid,False,0.0,112,0
box__u01,container,box,side,side,11,root:1/visual-region:04,False,0.0,0,fine_final,container_body/container_side/center/01,container_side,True,0.006989024642783185,29079,0
box__u01,container,box,side,side,11,root:1/visual-region:04,False,0.0,0,fine_final,container/container_visual_strip_01/center/01,container_visual_strip_01,False,0.0,96,0
box__u01,container,box,side,side,11,root:1/visual-region:04,False,0.0,0,fine_final,background_or_unassigned,background,False,0.0,0,0
box__u01,container,box,side,side,11,root:1/visual-region:04,False,0.0,0,group_final,object_001/container_bottom/002,container_bottom,False,0.5314517339738778,287,0
box__u01,container,box,side,side,11,root:1/visual-region:04,False,0.0,0,group_final,object_001/container_lid/004,container_lid,False,0.0,112,0
box__u01,container,box,side,side,11,root:1/visual-region:04,False,0.0,0,group_final,object_001/container_side/005,container_side,True,0.00694855495792264,29175,0
box__u01,container,box,side,side,11,root:1/visual-region:04,False,0.0,0,group_final,background_or_unassigned,background,False,0.0,0,0
box__u01,container,box,side,side,11,root:1/visual-region:04,False,0.0,0,dbscan_final,container_side/right/01,container_side,True,0.0,29567,0
box__u01,container,box,side,side,11,root:1/visual-region:04,False,0.0,0,dbscan_final,container_visual_strip_01/right/01,container_visual_strip_01,False,0.0,7,0
box__u01,container,box,side,side,11,root:1/visual-region:04,False,0.0,0,dbscan_final,background_or_unassigned,background,False,0.0,0,0
box__u01,container,box,side,side,15,root:1/visual-region:12,False,0.0002419696328110822,4,fine_final,container/container/center/01,container,False,0.0006668148477439431,7782,2
box__u01,container,box,side,side,15,root:1/visual-region:12,False,0.0002419696328110822,4,fine_final,container_body/container_bottom/center/01,container_bottom,False,0.5280823450436339,501,2
box__u01,container,box,side,side,15,root:1/visual-region:12,False,0.0002419696328110822,4,fine_final,background_or_unassigned,background,False,0.0,0,0
box__u01,container,box,side,side,15,root:1/visual-region:12,False,0.0002419696328110822,4,group_final,object_001/container_body,container_body,False,0.0006687472135532769,7782,2
box__u01,container,box,side,side,15,root:1/visual-region:12,False,0.0002419696328110822,4,group_final,object_001/container_bottom/002,container_bottom,False,0.5314517339738778,501,2
box__u01,container,box,side,side,15,root:1/visual-region:12,False,0.0002419696328110822,4,group_final,background_or_unassigned,background,False,0.0,0,0
box__u01,container,box,side,side,15,root:1/visual-region:12,False,0.0002419696328110822,4,dbscan_final,container_bottom/left/01,container_bottom,False,0.30605620568890407,1,1
box__u01,container,box,side,side,15,root:1/visual-region:12,False,0.0002419696328110822,4,dbscan_final,container_label/right/01,container_label,False,0.5466746554823247,1,1
box__u01,container,box,side,side,15,root:1/visual-region:12,False,0.0002419696328110822,4,dbscan_final,container_side/left/01,container_side,True,0.0001209848164055411,8281,2
box__u01,container,box,side,side,15,root:1/visual-region:12,False,0.0002419696328110822,4,dbscan_final,background_or_unassigned,background,False,0.0,0,0
car_automobile__u01,vehicle,car_(automobile),bumper,bumper,16,root:1/vehicle_bumper:conditional:01,True,0.33196814562002275,1459,fine_final,vehicle_body/vehicle_bumper/center/01,vehicle_bumper,True,0.36464927829830335,3133,1440
car_automobile__u01,vehicle,car_(automobile),bumper,bumper,16,root:1/vehicle_bumper:conditional:01,True,0.33196814562002275,1459,fine_final,vehicle/vehicle_grille/left/01,vehicle_grille,False,0.0,195,0
car_automobile__u01,vehicle,car_(automobile),bumper,bumper,16,root:1/vehicle_bumper:conditional:01,True,0.33196814562002275,1459,fine_final,vehicle_body/vehicle_handle/center/01,vehicle_handle,False,0.0,69,0
car_automobile__u01,vehicle,car_(automobile),bumper,bumper,16,root:1/vehicle_bumper:conditional:01,True,0.33196814562002275,1459,fine_final,vehicle_body/vehicle_headlight/center/01,vehicle_headlight,False,0.014039310068190935,1,1
car_automobile__u01,vehicle,car_(automobile),bumper,bumper,16,root:1/vehicle_bumper:conditional:01,True,0.33196814562002275,1459,fine_final,vehicle_body/vehicle_roof/center/01,vehicle_roof,False,0.0,53,0
car_automobile__u01,vehicle,car_(automobile),bumper,bumper,16,root:1/vehicle_bumper:conditional:01,True,0.33196814562002275,1459,fine_final,vehicle_body/vehicle_turn_signal/left/01,vehicle_turn_signal,False,0.007572570466975179,139,18
car_automobile__u01,vehicle,car_(automobile),bumper,bumper,16,root:1/vehicle_bumper:conditional:01,True,0.33196814562002275,1459,fine_final,vehicle_body/vehicle_window/center/01,vehicle_window,False,0.0,8,0
car_automobile__u01,vehicle,car_(automobile),bumper,bumper,16,root:1/vehicle_bumper:conditional:01,True,0.33196814562002275,1459,fine_final,background_or_unassigned,background,False,0.0,0,0
car_automobile__u01,vehicle,car_(automobile),bumper,bumper,16,root:1/vehicle_bumper:conditional:01,True,0.33196814562002275,1459,group_final,object_001/vehicle_bumper/002,vehicle_bumper,True,0.36352169525731587,3133,1440
car_automobile__u01,vehicle,car_(automobile),bumper,bumper,16,root:1/vehicle_bumper:conditional:01,True,0.33196814562002275,1459,group_final,object_001/vehicle_grille/005,vehicle_grille,False,0.0,195,0
car_automobile__u01,vehicle,car_(automobile),bumper,bumper,16,root:1/vehicle_bumper:conditional:01,True,0.33196814562002275,1459,group_final,object_001/vehicle_handle/006,vehicle_handle,False,0.0,69,0
car_automobile__u01,vehicle,car_(automobile),bumper,bumper,16,root:1/vehicle_bumper:conditional:01,True,0.33196814562002275,1459,group_final,object_001/vehicle_headlight/007,vehicle_headlight,False,0.014039310068190935,1,1
car_automobile__u01,vehicle,car_(automobile),bumper,bumper,16,root:1/vehicle_bumper:conditional:01,True,0.33196814562002275,1459,group_final,object_001/vehicle_roof/009,vehicle_roof,False,0.0,53,0
car_automobile__u01,vehicle,car_(automobile),bumper,bumper,16,root:1/vehicle_bumper:conditional:01,True,0.33196814562002275,1459,group_final,object_001/vehicle_turn_signal/011,vehicle_turn_signal,False,0.007572570466975179,139,18
car_automobile__u01,vehicle,car_(automobile),bumper,bumper,16,root:1/vehicle_bumper:conditional:01,True,0.33196814562002275,1459,group_final,object_001/vehicle_window/014,vehicle_window,False,0.0,8,0
car_automobile__u01,vehicle,car_(automobile),bumper,bumper,16,root:1/vehicle_bumper:conditional:01,True,0.33196814562002275,1459,group_final,background_or_unassigned,background,False,0.0,0,0
car_automobile__u01,vehicle,car_(automobile),bumper,bumper,16,root:1/vehicle_bumper:conditional:01,True,0.33196814562002275,1459,dbscan_final,vehicle_bumper/left/01,vehicle_bumper,True,0.36296859169199597,3125,1433
car_automobile__u01,vehicle,car_(automobile),bumper,bumper,16,root:1/vehicle_bumper:conditional:01,True,0.33196814562002275,1459,dbscan_final,vehicle_grille/left/01,vehicle_grille,False,0.0,195,0
car_automobile__u01,vehicle,car_(automobile),bumper,bumper,16,root:1/vehicle_bumper:conditional:01,True,0.33196814562002275,1459,dbscan_final,vehicle_handle/center/01,vehicle_handle,False,0.0,120,0
car_automobile__u01,vehicle,car_(automobile),bumper,bumper,16,root:1/vehicle_bumper:conditional:01,True,0.33196814562002275,1459,dbscan_final,vehicle_headlight/right/01,vehicle_headlight,False,0.013894564773191663,1,1
car_automobile__u01,vehicle,car_(automobile),bumper,bumper,16,root:1/vehicle_bumper:conditional:01,True,0.33196814562002275,1459,dbscan_final,vehicle_tire/right/01,vehicle_tire,False,0.008437270726338958,18,7
car_automobile__u01,vehicle,car_(automobile),bumper,bumper,16,root:1/vehicle_bumper:conditional:01,True,0.33196814562002275,1459,dbscan_final,vehicle_turn_signal/left/01,vehicle_turn_signal,False,0.007572570466975179,139,18
car_automobile__u01,vehicle,car_(automobile),bumper,bumper,16,root:1/vehicle_bumper:conditional:01,True,0.33196814562002275,1459,dbscan_final,background_or_unassigned,background,False,0.0,0,0
bicycle__u01,vehicle,bicycle,wheel,tire,2,root:1/profile-refine:IDEA-Research_grounding-dino-tiny:vehicle_wheel:01,True,0.43034399470178036,22093,fine_final,vehicle_body/vehicle_wheel/left/01,vehicle_wheel,True,0.43034399470178036,23688,22093
bicycle__u01,vehicle,bicycle,wheel,tire,2,root:1/profile-refine:IDEA-Research_grounding-dino-tiny:vehicle_wheel:01,True,0.43034399470178036,22093,fine_final,background_or_unassigned,background,False,0.0,0,0
bicycle__u01,vehicle,bicycle,wheel,tire,2,root:1/profile-refine:IDEA-Research_grounding-dino-tiny:vehicle_wheel:01,True,0.43034399470178036,22093,group_final,object_001/vehicle_wheel/006,vehicle_wheel,True,0.4309589201192076,23688,22093
bicycle__u01,vehicle,bicycle,wheel,tire,2,root:1/profile-refine:IDEA-Research_grounding-dino-tiny:vehicle_wheel:01,True,0.43034399470178036,22093,group_final,background_or_unassigned,background,False,0.0,0,0
bicycle__u01,vehicle,bicycle,wheel,tire,2,root:1/profile-refine:IDEA-Research_grounding-dino-tiny:vehicle_wheel:01,True,0.43034399470178036,22093,dbscan_final,vehicle_wheel/left/01,vehicle_wheel,True,0.43034399470178036,23688,22093
bicycle__u01,vehicle,bicycle,wheel,tire,2,root:1/profile-refine:IDEA-Research_grounding-dino-tiny:vehicle_wheel:01,True,0.43034399470178036,22093,dbscan_final,background_or_unassigned,background,False,0.0,0,0
bicycle__u01,vehicle,bicycle,wheel,tire,8,root:1/visual-region:04,True,0.45691533615942315,23066,fine_final,vehicle/vehicle_pedal/right/01,vehicle_pedal,False,0.010815157302241432,538,536
bicycle__u01,vehicle,bicycle,wheel,tire,8,root:1/visual-region:04,True,0.45691533615942315,23066,fine_final,vehicle/vehicle_wheel/right/01,vehicle_wheel,True,0.4463153724247227,23267,22530
bicycle__u01,vehicle,bicycle,wheel,tire,8,root:1/visual-region:04,True,0.45691533615942315,23066,fine_final,background_or_unassigned,background,False,0.0,0,0
bicycle__u01,vehicle,bicycle,wheel,tire,8,root:1/visual-region:04,True,0.45691533615942315,23066,group_final,object_001/vehicle_body,vehicle_body,False,0.032233845537814707,538,536
bicycle__u01,vehicle,bicycle,wheel,tire,8,root:1/visual-region:04,True,0.45691533615942315,23066,group_final,object_001/vehicle_wheel/007,vehicle_wheel,True,0.4463748019017433,23267,22530
bicycle__u01,vehicle,bicycle,wheel,tire,8,root:1/visual-region:04,True,0.45691533615942315,23066,group_final,background_or_unassigned,background,False,0.0,0,0
bicycle__u01,vehicle,bicycle,wheel,tire,8,root:1/visual-region:04,True,0.45691533615942315,23066,dbscan_final,vehicle_wheel/right/01,vehicle_wheel,True,0.45691533615942315,23805,23066
bicycle__u01,vehicle,bicycle,wheel,tire,8,root:1/visual-region:04,True,0.45691533615942315,23066,dbscan_final,background_or_unassigned,background,False,0.0,0,0
car_automobile__u02,vehicle,car_(automobile),windshield,windshield,2,root:1/profile-refine:IDEA-Research_grounding-dino-tiny:vehicle_windshield:01,True,0.704812834224599,659,fine_final,vehicle/vehicle/center/01,vehicle,False,0.031202600216684723,7,7
car_automobile__u02,vehicle,car_(automobile),windshield,windshield,2,root:1/profile-refine:IDEA-Research_grounding-dino-tiny:vehicle_windshield:01,True,0.704812834224599,659,fine_final,vehicle_body/vehicle_roof/center/01,vehicle_roof,False,0.07259380097879282,80,80
car_automobile__u02,vehicle,car_(automobile),windshield,windshield,2,root:1/profile-refine:IDEA-Research_grounding-dino-tiny:vehicle_windshield:01,True,0.704812834224599,659,fine_final,vehicle_body/vehicle_window/center/01,vehicle_window,False,0.37219251336898396,348,348
car_automobile__u02,vehicle,car_(automobile),windshield,windshield,2,root:1/profile-refine:IDEA-Research_grounding-dino-tiny:vehicle_windshield:01,True,0.704812834224599,659,fine_final,vehicle_body/vehicle_windshield/center/01,vehicle_windshield,True,0.22032085561497325,206,206
car_automobile__u02,vehicle,car_(automobile),windshield,windshield,2,root:1/profile-refine:IDEA-Research_grounding-dino-tiny:vehicle_windshield:01,True,0.704812834224599,659,fine_final,background_or_unassigned,background,False,0.0,18,18
car_automobile__u02,vehicle,car_(automobile),windshield,windshield,2,root:1/profile-refine:IDEA-Research_grounding-dino-tiny:vehicle_windshield:01,True,0.704812834224599,659,group_final,object_001/vehicle_body,vehicle_body,False,0.031229668184775537,7,7
car_automobile__u02,vehicle,car_(automobile),windshield,windshield,2,root:1/profile-refine:IDEA-Research_grounding-dino-tiny:vehicle_windshield:01,True,0.704812834224599,659,group_final,object_001/vehicle_roof/007,vehicle_roof,False,0.0749185667752443,83,83
car_automobile__u02,vehicle,car_(automobile),windshield,windshield,2,root:1/profile-refine:IDEA-Research_grounding-dino-tiny:vehicle_windshield:01,True,0.704812834224599,659,group_final,object_001/vehicle_window/009,vehicle_window,False,0.37219251336898396,348,348
car_automobile__u02,vehicle,car_(automobile),windshield,windshield,2,root:1/profile-refine:IDEA-Research_grounding-dino-tiny:vehicle_windshield:01,True,0.704812834224599,659,group_final,object_001/vehicle_windshield/011,vehicle_windshield,True,0.21711229946524063,203,203
car_automobile__u02,vehicle,car_(automobile),windshield,windshield,2,root:1/profile-refine:IDEA-Research_grounding-dino-tiny:vehicle_windshield:01,True,0.704812834224599,659,group_final,background_or_unassigned,background,False,0.0,18,18
car_automobile__u02,vehicle,car_(automobile),windshield,windshield,2,root:1/profile-refine:IDEA-Research_grounding-dino-tiny:vehicle_windshield:01,True,0.704812834224599,659,dbscan_final,vehicle_roof/right/01,vehicle_roof,False,0.00676818950930626,7,7
car_automobile__u02,vehicle,car_(automobile),windshield,windshield,2,root:1/profile-refine:IDEA-Research_grounding-dino-tiny:vehicle_windshield:01,True,0.704812834224599,659,dbscan_final,vehicle_roof/right/02,vehicle_roof,False,0.18931657501963864,160,160
car_automobile__u02,vehicle,car_(automobile),windshield,windshield,2,root:1/profile-refine:IDEA-Research_grounding-dino-tiny:vehicle_windshield:01,True,0.704812834224599,659,dbscan_final,vehicle_window/left/01,vehicle_window,False,0.5235602094240838,492,492
car_automobile__u02,vehicle,car_(automobile),windshield,windshield,2,root:1/profile-refine:IDEA-Research_grounding-dino-tiny:vehicle_windshield:01,True,0.704812834224599,659,dbscan_final,background_or_unassigned,background,False,0.0,0,0
car_automobile__u02,vehicle,car_(automobile),windshield,windshield,12,root:1/vehicle_windshield:conditional:01,False,0.07700534759358289,72,fine_final,vehicle_body/vehicle_windshield/center/01,vehicle_windshield,True,0.22032085561497325,72,72
car_automobile__u02,vehicle,car_(automobile),windshield,windshield,12,root:1/vehicle_windshield:conditional:01,False,0.07700534759358289,72,fine_final,background_or_unassigned,background,False,0.0,0,0
car_automobile__u02,vehicle,car_(automobile),windshield,windshield,12,root:1/vehicle_windshield:conditional:01,False,0.07700534759358289,72,group_final,object_001/vehicle_windshield/011,vehicle_windshield,True,0.21711229946524063,72,72
car_automobile__u02,vehicle,car_(automobile),windshield,windshield,12,root:1/vehicle_windshield:conditional:01,False,0.07700534759358289,72,group_final,background_or_unassigned,background,False,0.0,0,0
car_automobile__u02,vehicle,car_(automobile),windshield,windshield,12,root:1/vehicle_windshield:conditional:01,False,0.07700534759358289,72,dbscan_final,vehicle_window/left/01,vehicle_window,False,0.5235602094240838,72,72
car_automobile__u02,vehicle,car_(automobile),windshield,windshield,12,root:1/vehicle_windshield:conditional:01,False,0.07700534759358289,72,dbscan_final,background_or_unassigned,background,False,0.0,0,0
bicycle__u02,vehicle,bicycle,wheel,tire,2,root:1/profile-refine:IDEA-Research_grounding-dino-tiny:vehicle_wheel:01,True,0.37705669270719677,17279,fine_final,vehicle_body/vehicle_wheel/right/01,vehicle_wheel,True,0.37705669270719677,18786,17279
bicycle__u02,vehicle,bicycle,wheel,tire,2,root:1/profile-refine:IDEA-Research_grounding-dino-tiny:vehicle_wheel:01,True,0.37705669270719677,17279,fine_final,background_or_unassigned,background,False,0.0,0,0
bicycle__u02,vehicle,bicycle,wheel,tire,2,root:1/profile-refine:IDEA-Research_grounding-dino-tiny:vehicle_wheel:01,True,0.37705669270719677,17279,group_final,object_001/vehicle_wheel/004,vehicle_wheel,True,0.37669729952855807,18786,17279
bicycle__u02,vehicle,bicycle,wheel,tire,2,root:1/profile-refine:IDEA-Research_grounding-dino-tiny:vehicle_wheel:01,True,0.37705669270719677,17279,group_final,background_or_unassigned,background,False,0.0,0,0
bicycle__u02,vehicle,bicycle,wheel,tire,2,root:1/profile-refine:IDEA-Research_grounding-dino-tiny:vehicle_wheel:01,True,0.37705669270719677,17279,dbscan_final,vehicle_gear/right/01,vehicle_gear,False,4.492766645700422e-05,185,2
bicycle__u02,vehicle,bicycle,wheel,tire,2,root:1/profile-refine:IDEA-Research_grounding-dino-tiny:vehicle_wheel:01,True,0.37705669270719677,17279,dbscan_final,vehicle_wheel/right/01,vehicle_wheel,True,0.3785246368555967,18601,17277
bicycle__u02,vehicle,bicycle,wheel,tire,2,root:1/profile-refine:IDEA-Research_grounding-dino-tiny:vehicle_wheel:01,True,0.37705669270719677,17279,dbscan_final,background_or_unassigned,background,False,0.0,0,0
shoe__u01,daily_object,shoe,vamp,upper,3,root:1/profile-refine:IDEA-Research_grounding-dino-tiny:daily_object_upper:01,True,0.4349748743718593,2164,fine_final,daily_object/daily_object/center/01,daily_object,False,0.2205911525490974,2437,1106
shoe__u01,daily_object,shoe,vamp,upper,3,root:1/profile-refine:IDEA-Research_grounding-dino-tiny:daily_object_upper:01,True,0.4349748743718593,2164,fine_final,daily_object_body/daily_object_upper/center/01,daily_object_upper,True,0.09341742215214821,596,237
shoe__u01,daily_object,shoe,vamp,upper,3,root:1/profile-refine:IDEA-Research_grounding-dino-tiny:daily_object_upper:01,True,0.4349748743718593,2164,fine_final,daily_object/daily_object_visual_panel_01/center/01,daily_object_visual_panel_01,False,0.18461538461538463,1569,803
shoe__u01,daily_object,shoe,vamp,upper,3,root:1/profile-refine:IDEA-Research_grounding-dino-tiny:daily_object_upper:01,True,0.4349748743718593,2164,fine_final,daily_object_upper/daily_object_eyelet/right/01,daily_object_eyelet,False,0.008249312557286892,22,18
shoe__u01,daily_object,shoe,vamp,upper,3,root:1/profile-refine:IDEA-Research_grounding-dino-tiny:daily_object_upper:01,True,0.4349748743718593,2164,fine_final,daily_object_upper/daily_object_lining/left/01,daily_object_lining,False,0.0,20,0
shoe__u01,daily_object,shoe,vamp,upper,3,root:1/profile-refine:IDEA-Research_grounding-dino-tiny:daily_object_upper:01,True,0.4349748743718593,2164,fine_final,daily_object_visual_panel_01/daily_object_visual_panel_02/center/01,daily_object_visual_panel_02,False,0.0,317,0
shoe__u01,daily_object,shoe,vamp,upper,3,root:1/profile-refine:IDEA-Research_grounding-dino-tiny:daily_object_upper:01,True,0.4349748743718593,2164,fine_final,background_or_unassigned,background,False,0.0,0,0
shoe__u01,daily_object,shoe,vamp,upper,3,root:1/profile-refine:IDEA-Research_grounding-dino-tiny:daily_object_upper:01,True,0.4349748743718593,2164,group_final,object_001/daily_object_body,daily_object_body,False,0.2205911525490974,2437,1106
shoe__u01,daily_object,shoe,vamp,upper,3,root:1/profile-refine:IDEA-Research_grounding-dino-tiny:daily_object_upper:01,True,0.4349748743718593,2164,group_final,object_001/daily_object_upper/002,daily_object_upper,True,0.20691711389385808,2482,1040
shoe__u01,daily_object,shoe,vamp,upper,3,root:1/profile-refine:IDEA-Research_grounding-dino-tiny:daily_object_upper:01,True,0.4349748743718593,2164,group_final,object_001/daily_object_eyelet/004,daily_object_eyelet,False,0.008249312557286892,22,18
shoe__u01,daily_object,shoe,vamp,upper,3,root:1/profile-refine:IDEA-Research_grounding-dino-tiny:daily_object_upper:01,True,0.4349748743718593,2164,group_final,object_001/daily_object_lining/005,daily_object_lining,False,0.0,20,0
shoe__u01,daily_object,shoe,vamp,upper,3,root:1/profile-refine:IDEA-Research_grounding-dino-tiny:daily_object_upper:01,True,0.4349748743718593,2164,group_final,background_or_unassigned,background,False,0.0,0,0
shoe__u01,daily_object,shoe,vamp,upper,3,root:1/profile-refine:IDEA-Research_grounding-dino-tiny:daily_object_upper:01,True,0.4349748743718593,2164,dbscan_final,daily_object_eyelet/right/02,daily_object_eyelet,False,0.008249312557286892,22,18
shoe__u01,daily_object,shoe,vamp,upper,3,root:1/profile-refine:IDEA-Research_grounding-dino-tiny:daily_object_upper:01,True,0.4349748743718593,2164,dbscan_final,daily_object_lining/left/01,daily_object_lining,False,0.0,12,0
shoe__u01,daily_object,shoe,vamp,upper,3,root:1/profile-refine:IDEA-Research_grounding-dino-tiny:daily_object_upper:01,True,0.4349748743718593,2164,dbscan_final,daily_object_upper/right/01,daily_object_upper,True,0.316624895572264,2550,1137
shoe__u01,daily_object,shoe,vamp,upper,3,root:1/profile-refine:IDEA-Research_grounding-dino-tiny:daily_object_upper:01,True,0.4349748743718593,2164,dbscan_final,daily_object_visual_panel_01/left/01,daily_object_visual_panel_01,False,0.21160695579300232,1967,1009
shoe__u01,daily_object,shoe,vamp,upper,3,root:1/profile-refine:IDEA-Research_grounding-dino-tiny:daily_object_upper:01,True,0.4349748743718593,2164,dbscan_final,daily_object_visual_panel_02/left/01,daily_object_visual_panel_02,False,0.0,410,0
shoe__u01,daily_object,shoe,vamp,upper,3,root:1/profile-refine:IDEA-Research_grounding-dino-tiny:daily_object_upper:01,True,0.4349748743718593,2164,dbscan_final,background_or_unassigned,background,False,0.0,0,0
screwdriver__u01,tool_prop,knife,blade,blade,2,root:1/profile-refine:IDEA-Research_grounding-dino-tiny:tool_prop_blade:01,False,0.0053810239772097805,68,fine_final,tool_prop/tool_prop/center/01,tool_prop,False,0.3137973137973138,8440,68
screwdriver__u01,tool_prop,knife,blade,blade,2,root:1/profile-refine:IDEA-Research_grounding-dino-tiny:tool_prop_blade:01,False,0.0053810239772097805,68,fine_final,background_or_unassigned,background,False,0.0,0,0
screwdriver__u01,tool_prop,knife,blade,blade,2,root:1/profile-refine:IDEA-Research_grounding-dino-tiny:tool_prop_blade:01,False,0.0053810239772097805,68,group_final,object_001/tool_prop_blade,tool_prop_blade,True,0.012989057702904826,8440,68
screwdriver__u01,tool_prop,knife,blade,blade,2,root:1/profile-refine:IDEA-Research_grounding-dino-tiny:tool_prop_blade:01,False,0.0053810239772097805,68,group_final,background_or_unassigned,background,False,0.0,0,0
screwdriver__u01,tool_prop,knife,blade,blade,2,root:1/profile-refine:IDEA-Research_grounding-dino-tiny:tool_prop_blade:01,False,0.0053810239772097805,68,dbscan_final,tool_prop_blade/right/01,tool_prop_blade,True,0.0053810239772097805,8440,68
screwdriver__u01,tool_prop,knife,blade,blade,2,root:1/profile-refine:IDEA-Research_grounding-dino-tiny:tool_prop_blade:01,False,0.0053810239772097805,68,dbscan_final,background_or_unassigned,background,False,0.0,0,0
wrench__u01,tool_prop,knife,handle,handle,4,root:1/profile-topology:IDEA-Research_grounding-dino-tiny:tool_prop_handle:01,True,0.8852304797742239,3764,fine_final,tool_prop_body/tool_prop_blade/center/01,tool_prop_blade,False,0.00029609889703160856,1,0
wrench__u01,tool_prop,knife,handle,handle,4,root:1/profile-topology:IDEA-Research_grounding-dino-tiny:tool_prop_handle:01,True,0.8852304797742239,3764,fine_final,tool_prop_body/tool_prop_handle/right/01,tool_prop_handle,True,0.8859091978358034,4218,3764
wrench__u01,tool_prop,knife,handle,handle,4,root:1/profile-topology:IDEA-Research_grounding-dino-tiny:tool_prop_handle:01,True,0.8852304797742239,3764,fine_final,background_or_unassigned,background,False,0.0,0,0
wrench__u01,tool_prop,knife,handle,handle,4,root:1/profile-topology:IDEA-Research_grounding-dino-tiny:tool_prop_handle:01,True,0.8852304797742239,3764,group_final,object_001/tool_prop_blade,tool_prop_blade,False,0.00029609889703160856,1,0
wrench__u01,tool_prop,knife,handle,handle,4,root:1/profile-topology:IDEA-Research_grounding-dino-tiny:tool_prop_handle:01,True,0.8852304797742239,3764,group_final,object_001/tool_prop_handle,tool_prop_handle,True,0.7211796246648794,4218,3764
wrench__u01,tool_prop,knife,handle,handle,4,root:1/profile-topology:IDEA-Research_grounding-dino-tiny:tool_prop_handle:01,True,0.8852304797742239,3764,group_final,background_or_unassigned,background,False,0.0,0,0
wrench__u01,tool_prop,knife,handle,handle,4,root:1/profile-topology:IDEA-Research_grounding-dino-tiny:tool_prop_handle:01,True,0.8852304797742239,3764,dbscan_final,tool_prop/left/01,tool_prop,False,0.0007566749540590206,300,3
wrench__u01,tool_prop,knife,handle,handle,4,root:1/profile-topology:IDEA-Research_grounding-dino-tiny:tool_prop_handle:01,True,0.8852304797742239,3764,dbscan_final,tool_prop_blade/right/01,tool_prop_blade,False,0.00047500296876855483,1,0
wrench__u01,tool_prop,knife,handle,handle,4,root:1/profile-topology:IDEA-Research_grounding-dino-tiny:tool_prop_handle:01,True,0.8852304797742239,3764,dbscan_final,tool_prop_handle/right/01,tool_prop_handle,True,0.952212389380531,3918,3761
wrench__u01,tool_prop,knife,handle,handle,4,root:1/profile-topology:IDEA-Research_grounding-dino-tiny:tool_prop_handle:01,True,0.8852304797742239,3764,dbscan_final,background_or_unassigned,background,False,0.0,0,0
wrench__u01,tool_prop,knife,handle,handle,6,root:1/visual-region:04,True,0.9527180783817952,3768,fine_final,tool_prop_body/tool_prop_handle/right/01,tool_prop_handle,True,0.8859091978358034,3920,3763
wrench__u01,tool_prop,knife,handle,handle,6,root:1/visual-region:04,True,0.9527180783817952,3768,fine_final,background_or_unassigned,background,False,0.0,6,5
wrench__u01,tool_prop,knife,handle,handle,6,root:1/visual-region:04,True,0.9527180783817952,3768,group_final,object_001/tool_prop_handle,tool_prop_handle,True,0.7211796246648794,3920,3763
wrench__u01,tool_prop,knife,handle,handle,6,root:1/visual-region:04,True,0.9527180783817952,3768,group_final,background_or_unassigned,background,False,0.0,6,5
wrench__u01,tool_prop,knife,handle,handle,6,root:1/visual-region:04,True,0.9527180783817952,3768,dbscan_final,tool_prop/left/01,tool_prop,False,0.0007566749540590206,2,2
wrench__u01,tool_prop,knife,handle,handle,6,root:1/visual-region:04,True,0.9527180783817952,3768,dbscan_final,tool_prop_handle/right/01,tool_prop_handle,True,0.952212389380531,3924,3766
wrench__u01,tool_prop,knife,handle,handle,6,root:1/visual-region:04,True,0.9527180783817952,3768,dbscan_final,background_or_unassigned,background,False,0.0,0,0
knife__u01,tool_prop,knife,handle,handle,4,root:1/profile-topology:IDEA-Research_grounding-dino-tiny:tool_prop_handle:01,True,0.6921168161862951,3626,fine_final,tool_prop_body/tool_prop_blade/center/01,tool_prop_blade,False,0.011116397768069552,1155,257
knife__u01,tool_prop,knife,handle,handle,4,root:1/profile-topology:IDEA-Research_grounding-dino-tiny:tool_prop_handle:01,True,0.6921168161862951,3626,fine_final,tool_prop_body/tool_prop_handle/center/01,tool_prop_handle,True,0.7687244666364049,3875,3350
knife__u01,tool_prop,knife,handle,handle,4,root:1/profile-topology:IDEA-Research_grounding-dino-tiny:tool_prop_handle:01,True,0.6921168161862951,3626,fine_final,tool_prop/tool_prop_visual_panel_01/right/01,tool_prop_visual_panel_01,False,0.0,37,0
knife__u01,tool_prop,knife,handle,handle,4,root:1/profile-topology:IDEA-Research_grounding-dino-tiny:tool_prop_handle:01,True,0.6921168161862951,3626,fine_final,background_or_unassigned,background,False,0.0,23,19
knife__u01,tool_prop,knife,handle,handle,4,root:1/profile-topology:IDEA-Research_grounding-dino-tiny:tool_prop_handle:01,True,0.6921168161862951,3626,group_final,object_001/tool_prop_handle,tool_prop_handle,True,0.7725331535176444,3865,3350
knife__u01,tool_prop,knife,handle,handle,4,root:1/profile-topology:IDEA-Research_grounding-dino-tiny:tool_prop_handle:01,True,0.6921168161862951,3626,group_final,object_001/tool_prop_blade,tool_prop_blade,False,0.011082363087537732,1202,257
knife__u01,tool_prop,knife,handle,handle,4,root:1/profile-topology:IDEA-Research_grounding-dino-tiny:tool_prop_handle:01,True,0.6921168161862951,3626,group_final,background_or_unassigned,background,False,0.0,23,19
knife__u01,tool_prop,knife,handle,handle,4,root:1/profile-topology:IDEA-Research_grounding-dino-tiny:tool_prop_handle:01,True,0.6921168161862951,3626,dbscan_final,tool_prop/left/01,tool_prop,False,0.013127413127413128,23,0
knife__u01,tool_prop,knife,handle,handle,4,root:1/profile-topology:IDEA-Research_grounding-dino-tiny:tool_prop_handle:01,True,0.6921168161862951,3626,dbscan_final,tool_prop_blade/right/01,tool_prop_blade,False,0.010472563614332698,1041,242
knife__u01,tool_prop,knife,handle,handle,4,root:1/profile-topology:IDEA-Research_grounding-dino-tiny:tool_prop_handle:01,True,0.6921168161862951,3626,dbscan_final,tool_prop_handle/left/01,tool_prop_handle,True,0.7727580754461261,4026,3384
knife__u01,tool_prop,knife,handle,handle,4,root:1/profile-topology:IDEA-Research_grounding-dino-tiny:tool_prop_handle:01,True,0.6921168161862951,3626,dbscan_final,background_or_unassigned,background,False,0.0,0,0
knife__u01,tool_prop,knife,handle,handle,5,root:1/tool_prop_handle:conditional:01,True,0.6397058823529411,3654,fine_final,tool_prop_body/tool_prop_blade/center/01,tool_prop_blade,False,0.011116397768069552,1534,257
knife__u01,tool_prop,knife,handle,handle,5,root:1/tool_prop_handle:conditional:01,True,0.6397058823529411,3654,fine_final,tool_prop_body/tool_prop_handle/center/01,tool_prop_handle,True,0.7687244666364049,3999,3378
knife__u01,tool_prop,knife,handle,handle,5,root:1/tool_prop_handle:conditional:01,True,0.6397058823529411,3654,fine_final,tool_prop/tool_prop_visual_panel_01/right/01,tool_prop_visual_panel_01,False,0.0,35,0
knife__u01,tool_prop,knife,handle,handle,5,root:1/tool_prop_handle:conditional:01,True,0.6397058823529411,3654,fine_final,background_or_unassigned,background,False,0.0,23,19
knife__u01,tool_prop,knife,handle,handle,5,root:1/tool_prop_handle:conditional:01,True,0.6397058823529411,3654,group_final,object_001/tool_prop_handle,tool_prop_handle,True,0.7725331535176444,3986,3378
knife__u01,tool_prop,knife,handle,handle,5,root:1/tool_prop_handle:conditional:01,True,0.6397058823529411,3654,group_final,object_001/tool_prop_blade,tool_prop_blade,False,0.011082363087537732,1582,257
knife__u01,tool_prop,knife,handle,handle,5,root:1/tool_prop_handle:conditional:01,True,0.6397058823529411,3654,group_final,background_or_unassigned,background,False,0.0,23,19
knife__u01,tool_prop,knife,handle,handle,5,root:1/tool_prop_handle:conditional:01,True,0.6397058823529411,3654,dbscan_final,tool_prop/left/01,tool_prop,False,0.013127413127413128,6,0
knife__u01,tool_prop,knife,handle,handle,5,root:1/tool_prop_handle:conditional:01,True,0.6397058823529411,3654,dbscan_final,tool_prop_blade/right/01,tool_prop_blade,False,0.010472563614332698,1533,242
knife__u01,tool_prop,knife,handle,handle,5,root:1/tool_prop_handle:conditional:01,True,0.6397058823529411,3654,dbscan_final,tool_prop_handle/left/01,tool_prop_handle,True,0.7727580754461261,4052,3412
knife__u01,tool_prop,knife,handle,handle,5,root:1/tool_prop_handle:conditional:01,True,0.6397058823529411,3654,dbscan_final,background_or_unassigned,background,False,0.0,0,0
scissors__u01,tool_prop,scissors,handle,handle,3,root:1/profile-refine:IDEA-Research_grounding-dino-tiny:tool_prop_handle:01,False,0.16111010992971705,1788,fine_final,tool_prop/tool_prop/center/01,tool_prop,False,0.35512920908379014,5551,1650
scissors__u01,tool_prop,scissors,handle,handle,3,root:1/profile-refine:IDEA-Research_grounding-dino-tiny:tool_prop_handle:01,False,0.16111010992971705,1788,fine_final,tool_prop_body/tool_prop_handle/center/01,tool_prop_handle,True,0.01917465610671113,645,138
scissors__u01,tool_prop,scissors,handle,handle,3,root:1/profile-refine:IDEA-Research_grounding-dino-tiny:tool_prop_handle:01,False,0.16111010992971705,1788,fine_final,background_or_unassigned,background,False,0.0,0,0
scissors__u01,tool_prop,scissors,handle,handle,3,root:1/profile-refine:IDEA-Research_grounding-dino-tiny:tool_prop_handle:01,False,0.16111010992971705,1788,group_final,object_001/tool_prop_body,tool_prop_body,False,0.35532398338948523,5551,1650
scissors__u01,tool_prop,scissors,handle,handle,3,root:1/profile-refine:IDEA-Research_grounding-dino-tiny:tool_prop_handle:01,False,0.16111010992971705,1788,group_final,object_001/tool_prop_handle/003,tool_prop_handle,True,0.01917465610671113,645,138
scissors__u01,tool_prop,scissors,handle,handle,3,root:1/profile-refine:IDEA-Research_grounding-dino-tiny:tool_prop_handle:01,False,0.16111010992971705,1788,group_final,background_or_unassigned,background,False,0.0,0,0
scissors__u01,tool_prop,scissors,handle,handle,3,root:1/profile-refine:IDEA-Research_grounding-dino-tiny:tool_prop_handle:01,False,0.16111010992971705,1788,dbscan_final,tool_prop_handle/left/01,tool_prop_handle,True,0.16111010992971705,6196,1788
scissors__u01,tool_prop,scissors,handle,handle,3,root:1/profile-refine:IDEA-Research_grounding-dino-tiny:tool_prop_handle:01,False,0.16111010992971705,1788,dbscan_final,background_or_unassigned,background,False,0.0,0,0
scissors__u01,tool_prop,scissors,handle,handle,7,root:1/visual-region:05,True,0.25458986019875357,3023,fine_final,tool_prop/tool_prop/center/01,tool_prop,False,0.35512920908379014,3523,1588
scissors__u01,tool_prop,scissors,handle,handle,7,root:1/visual-region:05,True,0.25458986019875357,3023,fine_final,tool_prop/tool_prop_blade/right/01,tool_prop_blade,False,0.024070371851259497,52,28
scissors__u01,tool_prop,scissors,handle,handle,7,root:1/visual-region:05,True,0.25458986019875357,3023,fine_final,tool_prop/tool_prop_handle/center/01,tool_prop_handle,True,0.14190620272314675,4632,1407
scissors__u01,tool_prop,scissors,handle,handle,7,root:1/visual-region:05,True,0.25458986019875357,3023,fine_final,background_or_unassigned,background,False,0.0,0,0
scissors__u01,tool_prop,scissors,handle,handle,7,root:1/visual-region:05,True,0.25458986019875357,3023,group_final,object_001/tool_prop_body,tool_prop_body,False,0.35532398338948523,3523,1588
scissors__u01,tool_prop,scissors,handle,handle,7,root:1/visual-region:05,True,0.25458986019875357,3023,group_final,object_001/tool_prop_blade/002,tool_prop_blade,False,0.02405690537084399,52,28
scissors__u01,tool_prop,scissors,handle,handle,7,root:1/visual-region:05,True,0.25458986019875357,3023,group_final,object_001/tool_prop_handle/004,tool_prop_handle,True,0.14190620272314675,4632,1407
scissors__u01,tool_prop,scissors,handle,handle,7,root:1/visual-region:05,True,0.25458986019875357,3023,group_final,background_or_unassigned,background,False,0.0,0,0
scissors__u01,tool_prop,scissors,handle,handle,7,root:1/visual-region:05,True,0.25458986019875357,3023,dbscan_final,tool_prop_blade/right/01,tool_prop_blade,False,0.1810304080668032,1122,1075
scissors__u01,tool_prop,scissors,handle,handle,7,root:1/visual-region:05,True,0.25458986019875357,3023,dbscan_final,tool_prop_handle/left/02,tool_prop_handle,True,0.16470787181871988,7085,1948
scissors__u01,tool_prop,scissors,handle,handle,7,root:1/visual-region:05,True,0.25458986019875357,3023,dbscan_final,background_or_unassigned,background,False,0.0,0,0
pliers__u01,tool_prop,pliers,blade,jaw,3,root:1/visual-region:06,False,0.0,0,fine_final,tool_prop/tool_prop_jaw/center/01,tool_prop_jaw,True,0.0,3692,0
pliers__u01,tool_prop,pliers,blade,jaw,3,root:1/visual-region:06,False,0.0,0,fine_final,tool_prop/tool_prop_jaw/center/02,tool_prop_jaw,True,0.0,291,0
pliers__u01,tool_prop,pliers,blade,jaw,3,root:1/visual-region:06,False,0.0,0,fine_final,background_or_unassigned,background,False,0.0,0,0
pliers__u01,tool_prop,pliers,blade,jaw,3,root:1/visual-region:06,False,0.0,0,group_final,object_001/tool_prop_jaw/003,tool_prop_jaw,True,0.0,3692,0
pliers__u01,tool_prop,pliers,blade,jaw,3,root:1/visual-region:06,False,0.0,0,group_final,object_001/tool_prop_jaw/004,tool_prop_jaw,True,0.0,291,0
pliers__u01,tool_prop,pliers,blade,jaw,3,root:1/visual-region:06,False,0.0,0,group_final,background_or_unassigned,background,False,0.0,0,0
pliers__u01,tool_prop,pliers,blade,jaw,3,root:1/visual-region:06,False,0.0,0,dbscan_final,tool_prop_handle/left/01,tool_prop_handle,False,0.0,39,0
pliers__u01,tool_prop,pliers,blade,jaw,3,root:1/visual-region:06,False,0.0,0,dbscan_final,tool_prop_jaw/left/01,tool_prop_jaw,True,0.0,3944,0
pliers__u01,tool_prop,pliers,blade,jaw,3,root:1/visual-region:06,False,0.0,0,dbscan_final,background_or_unassigned,background,False,0.0,0,0
pliers__u01,tool_prop,pliers,blade,jaw,4,root:1/visual-region:03,False,0.0,0,fine_final,tool_prop/tool_prop_jaw/center/01,tool_prop_jaw,True,0.0,630,0
pliers__u01,tool_prop,pliers,blade,jaw,4,root:1/visual-region:03,False,0.0,0,fine_final,tool_prop/tool_prop_jaw/center/02,tool_prop_jaw,True,0.0,2444,0
pliers__u01,tool_prop,pliers,blade,jaw,4,root:1/visual-region:03,False,0.0,0,fine_final,background_or_unassigned,background,False,0.0,0,0
pliers__u01,tool_prop,pliers,blade,jaw,4,root:1/visual-region:03,False,0.0,0,group_final,object_001/tool_prop_jaw/003,tool_prop_jaw,True,0.0,630,0
pliers__u01,tool_prop,pliers,blade,jaw,4,root:1/visual-region:03,False,0.0,0,group_final,object_001/tool_prop_jaw/004,tool_prop_jaw,True,0.0,2444,0
pliers__u01,tool_prop,pliers,blade,jaw,4,root:1/visual-region:03,False,0.0,0,group_final,background_or_unassigned,background,False,0.0,0,0
pliers__u01,tool_prop,pliers,blade,jaw,4,root:1/visual-region:03,False,0.0,0,dbscan_final,tool_prop_handle/left/01,tool_prop_handle,False,0.0,58,0
pliers__u01,tool_prop,pliers,blade,jaw,4,root:1/visual-region:03,False,0.0,0,dbscan_final,tool_prop_jaw/left/01,tool_prop_jaw,True,0.0,921,0
pliers__u01,tool_prop,pliers,blade,jaw,4,root:1/visual-region:03,False,0.0,0,dbscan_final,tool_prop_jaw/right/01,tool_prop_jaw,True,0.0,2095,0
pliers__u01,tool_prop,pliers,blade,jaw,4,root:1/visual-region:03,False,0.0,0,dbscan_final,background_or_unassigned,background,False,0.0,0,0
guitar__u01,tool_prop,guitar,fingerboard,fingerboard,2,root:2/visual-region:01,True,0.8087141339001063,1522,fine_final,tool_prop/tool_prop/center/01,tool_prop,False,0.030330176606091632,236,210
guitar__u01,tool_prop,guitar,fingerboard,fingerboard,2,root:2/visual-region:01,True,0.8087141339001063,1522,fine_final,tool_prop/tool_prop_fingerboard/right/01,tool_prop_fingerboard,True,0.7068965517241379,1313,1312
guitar__u01,tool_prop,guitar,fingerboard,fingerboard,2,root:2/visual-region:01,True,0.8087141339001063,1522,fine_final,background_or_unassigned,background,False,0.0,0,0
guitar__u01,tool_prop,guitar,fingerboard,fingerboard,2,root:2/visual-region:01,True,0.8087141339001063,1522,group_final,object_001/tool_prop_body,tool_prop_body,False,0.022220239157594145,236,210
guitar__u01,tool_prop,guitar,fingerboard,fingerboard,2,root:2/visual-region:01,True,0.8087141339001063,1522,group_final,object_001/tool_prop_fingerboard/002,tool_prop_fingerboard,True,0.7068965517241379,1313,1312
guitar__u01,tool_prop,guitar,fingerboard,fingerboard,2,root:2/visual-region:01,True,0.8087141339001063,1522,group_final,background_or_unassigned,background,False,0.0,0,0
guitar__u01,tool_prop,guitar,fingerboard,fingerboard,2,root:2/visual-region:01,True,0.8087141339001063,1522,dbscan_final,tool_prop_fingerboard/right/01,tool_prop_fingerboard,True,0.8087141339001063,1549,1522
guitar__u01,tool_prop,guitar,fingerboard,fingerboard,2,root:2/visual-region:01,True,0.8087141339001063,1522,dbscan_final,background_or_unassigned,background,False,0.0,0,0
