case_id,domain,category,target,normalized_target,method,identity,semantic,normalized_semantic,matches_target,area_px,target_intersection_px,target_iou,target_precision,target_recall
cellular_telephone__u01,device,cellular_telephone,button,button,raw_proposals,proposal/0001,device,body,False,73163,13983,0.19103763918300432,0.19112119513961975,0.9977167320727791
cellular_telephone__u01,device,cellular_telephone,button,button,raw_proposals,proposal/0002,device_screen,screen,False,49592,66,0.0010386994224201697,0.0013308598160993708,0.0047092400998929715
cellular_telephone__u01,device,cellular_telephone,button,button,raw_proposals,proposal/0003,device_button,button,True,2261,2261,0.1613271494826971,1.0,0.1613271494826971
cellular_telephone__u01,device,cellular_telephone,button,button,raw_proposals,proposal/0004,device_speaker,speaker,False,1558,0,0.0,0.0,0.0
cellular_telephone__u01,device,cellular_telephone,button,button,raw_proposals,proposal/0005,device_back_panel,back_panel,False,50292,33,0.0005134268911223823,0.0006561679790026247,0.0023546200499464857
cellular_telephone__u01,device,cellular_telephone,button,button,raw_proposals,proposal/0006,device_screen,screen,False,47237,0,0.0,0.0,0.0
cellular_telephone__u01,device,cellular_telephone,button,button,raw_proposals,proposal/0007,device_bezel,bezel,False,14218,0,0.0,0.0,0.0
cellular_telephone__u01,device,cellular_telephone,button,button,raw_proposals,proposal/0008,device_screen,screen,False,22104,0,0.0,0.0,0.0
cellular_telephone__u01,device,cellular_telephone,button,button,raw_proposals,proposal/0009,device_camera,camera,False,180,0,0.0,0.0,0.0
cellular_telephone__u01,device,cellular_telephone,button,button,raw_proposals,proposal/0010,device_button,button,True,2264,2264,0.16154120585087406,1.0,0.16154120585087406
cellular_telephone__u01,device,cellular_telephone,button,button,raw_proposals,proposal/0011,device_button,button,True,1015,0,0.0,0.0,0.0
cellular_telephone__u01,device,cellular_telephone,button,button,raw_proposals,proposal/0012,device_button,button,True,337,0,0.0,0.0,0.0
cellular_telephone__u01,device,cellular_telephone,button,button,raw_proposals,proposal/0013,device_button,button,True,55,0,0.0,0.0,0.0
cellular_telephone__u01,device,cellular_telephone,button,button,raw_proposals,proposal/0014,device_button,button,True,28,28,0.0019978594363182305,1.0,0.0019978594363182305
cellular_telephone__u01,device,cellular_telephone,button,button,raw_proposals,proposal/0015,device_button,button,True,148,0,0.0,0.0,0.0
cellular_telephone__u01,device,cellular_telephone,button,button,raw_proposals,proposal/0016,device_button,button,True,288,0,0.0,0.0,0.0
cellular_telephone__u01,device,cellular_telephone,button,button,raw_proposals,proposal/0017,device_lens,lens,False,106,0,0.0,0.0,0.0
cellular_telephone__u01,device,cellular_telephone,button,button,raw_proposals,proposal/0018,device_visual_strip_03,visual_strip_03,False,1674,0,0.0,0.0,0.0
cellular_telephone__u01,device,cellular_telephone,button,button,raw_proposals,proposal/0019,device_port,port,False,691,0,0.0,0.0,0.0
cellular_telephone__u01,device,cellular_telephone,button,button,raw_proposals,proposal/0020,device_visual_panel_04,visual_panel_04,False,1677,0,0.0,0.0,0.0
cellular_telephone__u01,device,cellular_telephone,button,button,raw_proposals,proposal/0021,device_flash,flash,False,515,515,0.03674634320371031,1.0,0.03674634320371031
cellular_telephone__u01,device,cellular_telephone,button,button,dbscan_fusion,device/right/01,device,body,False,19954,11176,0.4903259772737244,0.5600882028665931,0.7974313235818765
cellular_telephone__u01,device,cellular_telephone,button,button,dbscan_fusion,device_bezel/left/01,device_bezel,bezel,False,14218,0,0.0,0.0,0.0
cellular_telephone__u01,device,cellular_telephone,button,button,dbscan_fusion,device_button/left/01,device_button,button,True,223,0,0.0,0.0,0.0
cellular_telephone__u01,device,cellular_telephone,button,button,dbscan_fusion,device_button/left/02,device_button,button,True,28,28,0.0019978594363182305,1.0,0.0019978594363182305
cellular_telephone__u01,device,cellular_telephone,button,button,dbscan_fusion,device_button/right/01,device_button,button,True,2264,2264,0.16154120585087406,1.0,0.16154120585087406
cellular_telephone__u01,device,cellular_telephone,button,button,dbscan_fusion,device_flash/right/01,device_flash,flash,False,515,515,0.03674634320371031,1.0,0.03674634320371031
cellular_telephone__u01,device,cellular_telephone,button,button,dbscan_fusion,device_port/left/01,device_port,port,False,199,0,0.0,0.0,0.0
cellular_telephone__u01,device,cellular_telephone,button,button,dbscan_fusion,device_screen/center/01,device_screen,screen,False,35363,0,0.0,0.0,0.0
cellular_telephone__u01,device,cellular_telephone,button,button,dbscan_fusion,device_speaker/right/01,device_speaker,speaker,False,399,0,0.0,0.0,0.0
cellular_telephone__u01,device,cellular_telephone,button,button,hpid_split_group_ids,object_001/device_body,device_body,body,False,14706,11923,0.7097868793904036,0.8107575139398885,0.850731359257938
cellular_telephone__u01,device,cellular_telephone,button,button,hpid_split_group_ids,object_001/device_button/002,device_button,button,True,337,0,0.0,0.0,0.0
cellular_telephone__u01,device,cellular_telephone,button,button,hpid_split_group_ids,object_001/device_button/003,device_button,button,True,28,28,0.0019978594363182305,1.0,0.0019978594363182305
cellular_telephone__u01,device,cellular_telephone,button,button,hpid_split_group_ids,object_001/device_button/004,device_button,button,True,1966,1966,0.14027827327863004,1.0,0.14027827327863004
cellular_telephone__u01,device,cellular_telephone,button,button,hpid_split_group_ids,object_001/device_port/005,device_port,port,False,199,0,0.0,0.0,0.0
cellular_telephone__u01,device,cellular_telephone,button,button,hpid_split_group_ids,object_001/device_screen/006,device_screen,screen,False,41669,66,0.001186666187205581,0.0015839113009671459,0.0047092400998929715
cellular_telephone__u01,device,cellular_telephone,button,button,hpid_split_group_ids,object_001/device_bezel/007,device_bezel,bezel,False,14238,0,0.0,0.0,0.0
laptop_computer__u01,device,laptop_computer,keyboard,keyboard,raw_proposals,proposal/0001,device,body,False,68012,15510,0.22804799153090632,0.22804799153090632,1.0
laptop_computer__u01,device,laptop_computer,keyboard,keyboard,raw_proposals,proposal/0002,device_screen,screen,False,20715,0,0.0,0.0,0.0
laptop_computer__u01,device,laptop_computer,keyboard,keyboard,raw_proposals,proposal/0003,device_keyboard,keyboard,True,17471,15323,0.8677653188356552,0.8770534027817526,0.9879432624113476
laptop_computer__u01,device,laptop_computer,keyboard,keyboard,raw_proposals,proposal/0004,device_touchpad,touchpad,False,12315,666,0.024522257815088922,0.05408038976857491,0.04294003868471954
laptop_computer__u01,device,laptop_computer,keyboard,keyboard,raw_proposals,proposal/0005,device_key,key,False,302,302,0.019471308833010962,1.0,0.019471308833010962
laptop_computer__u01,device,laptop_computer,keyboard,keyboard,raw_proposals,proposal/0006,device_bezel,bezel,False,17013,1121,0.035698363161582064,0.06589078939634398,0.07227595099935526
laptop_computer__u01,device,laptop_computer,keyboard,keyboard,raw_proposals,proposal/0007,device_screen,screen,False,27159,0,0.0,0.0,0.0
laptop_computer__u01,device,laptop_computer,keyboard,keyboard,raw_proposals,proposal/0008,device_screen,screen,False,32132,0,0.0,0.0,0.0
laptop_computer__u01,device,laptop_computer,keyboard,keyboard,raw_proposals,proposal/0009,device_camera,camera,False,77,0,0.0,0.0,0.0
laptop_computer__u01,device,laptop_computer,keyboard,keyboard,raw_proposals,proposal/0010,device_visual_panel_01,visual_panel_01,False,993,0,0.0,0.0,0.0
laptop_computer__u01,device,laptop_computer,keyboard,keyboard,raw_proposals,proposal/0011,device_keyboard,keyboard,True,34760,15510,0.4462025316455696,0.4462025316455696,1.0
laptop_computer__u01,device,laptop_computer,keyboard,keyboard,raw_proposals,proposal/0012,device_logo,logo,False,310,0,0.0,0.0,0.0
laptop_computer__u01,device,laptop_computer,keyboard,keyboard,raw_proposals,proposal/0013,device_logo,logo,False,82,0,0.0,0.0,0.0
laptop_computer__u01,device,laptop_computer,keyboard,keyboard,raw_proposals,proposal/0014,device_logo,logo,False,91,91,0.005867182462927144,1.0,0.005867182462927144
laptop_computer__u01,device,laptop_computer,keyboard,keyboard,raw_proposals,proposal/0015,device_hinge,hinge,False,299,0,0.0,0.0,0.0
laptop_computer__u01,device,laptop_computer,keyboard,keyboard,raw_proposals,proposal/0016,device_hinge,hinge,False,42,0,0.0,0.0,0.0
laptop_computer__u01,device,laptop_computer,keyboard,keyboard,raw_proposals,proposal/0017,device_port,port,False,462,0,0.0,0.0,0.0
laptop_computer__u01,device,laptop_computer,keyboard,keyboard,raw_proposals,proposal/0018,device_port,port,False,123,123,0.00793036750483559,1.0,0.00793036750483559
laptop_computer__u01,device,laptop_computer,keyboard,keyboard,raw_proposals,proposal/0019,device_port,port,False,151,151,0.009735654416505481,1.0,0.009735654416505481
laptop_computer__u01,device,laptop_computer,keyboard,keyboard,raw_proposals,proposal/0020,device_port,port,False,182,182,0.011734364925854288,1.0,0.011734364925854288
laptop_computer__u01,device,laptop_computer,keyboard,keyboard,raw_proposals,proposal/0021,device_port,port,False,101,101,0.006511927788523534,1.0,0.006511927788523534
laptop_computer__u01,device,laptop_computer,keyboard,keyboard,raw_proposals,proposal/0022,device_port,port,False,99,99,0.006382978723404255,1.0,0.006382978723404255
laptop_computer__u01,device,laptop_computer,keyboard,keyboard,raw_proposals,proposal/0023,device_key,key,False,762,762,0.04912959381044488,1.0,0.04912959381044488
laptop_computer__u01,device,laptop_computer,keyboard,keyboard,raw_proposals,proposal/0024,device_key,key,False,196,0,0.0,0.0,0.0
laptop_computer__u01,device,laptop_computer,keyboard,keyboard,raw_proposals,proposal/0025,device_touchpad,touchpad,False,1832,0,0.0,0.0,0.0
laptop_computer__u01,device,laptop_computer,keyboard,keyboard,dbscan_fusion,device/left/01,device,body,False,794,0,0.0,0.0,0.0
laptop_computer__u01,device,laptop_computer,keyboard,keyboard,dbscan_fusion,device_bezel/left/01,device_bezel,bezel,False,5147,0,0.0,0.0,0.0
laptop_computer__u01,device,laptop_computer,keyboard,keyboard,dbscan_fusion,device_camera/left/01,device_camera,camera,False,61,0,0.0,0.0,0.0
laptop_computer__u01,device,laptop_computer,keyboard,keyboard,dbscan_fusion,device_keyboard/right/01,device_keyboard,keyboard,True,34760,15510,0.4462025316455696,0.4462025316455696,1.0
laptop_computer__u01,device,laptop_computer,keyboard,keyboard,dbscan_fusion,device_screen/left/01,device_screen,screen,False,27249,0,0.0,0.0,0.0
laptop_computer__u01,device,laptop_computer,keyboard,keyboard,hpid_split_group_ids,object_001/device_body,device_body,body,False,10045,1102,0.045066045066045064,0.10970632155301145,0.07105093488072212
laptop_computer__u01,device,laptop_computer,keyboard,keyboard,hpid_split_group_ids,object_001/device_hinge/002,device_hinge,hinge,False,299,0,0.0,0.0,0.0
laptop_computer__u01,device,laptop_computer,keyboard,keyboard,hpid_split_group_ids,object_001/device_hinge/003,device_hinge,hinge,False,42,0,0.0,0.0,0.0
laptop_computer__u01,device,laptop_computer,keyboard,keyboard,hpid_split_group_ids,object_001/device_keyboard/004,device_keyboard,keyboard,True,18249,13553,0.6707413639513016,0.7426708312784263,0.8738233397807866
laptop_computer__u01,device,laptop_computer,keyboard,keyboard,hpid_split_group_ids,object_001/device_logo/005,device_logo,logo,False,91,91,0.005867182462927144,1.0,0.005867182462927144
laptop_computer__u01,device,laptop_computer,keyboard,keyboard,hpid_split_group_ids,object_001/device_screen/012,device_screen,screen,False,23092,0,0.0,0.0,0.0
laptop_computer__u01,device,laptop_computer,keyboard,keyboard,hpid_split_group_ids,object_001/device_touchpad/013,device_touchpad,touchpad,False,3221,0,0.0,0.0,0.0
laptop_computer__u01,device,laptop_computer,keyboard,keyboard,hpid_split_group_ids,object_001/device_bezel/014,device_bezel,bezel,False,12015,2,7.266649711150674e-05,0.00016645859342488556,0.0001289490651192779
laptop_computer__u01,device,laptop_computer,keyboard,keyboard,hpid_split_group_ids,object_001/device_key/015,device_key,key,False,762,762,0.04912959381044488,1.0,0.04912959381044488
laptop_computer__u01,device,laptop_computer,keyboard,keyboard,hpid_split_group_ids,object_001/device_key/016,device_key,key,False,196,0,0.0,0.0,0.0
television_set__u01,device,television_set,top,top_panel,raw_proposals,proposal/0001,device,body,False,58652,9367,0.15005206247496997,0.15970469890199823,0.7128614916286149
television_set__u01,device,television_set,top,top_panel,raw_proposals,proposal/0002,device_screen,screen,False,22009,1,2.8451120974166383e-05,4.5435958017174794e-05,7.610350076103501e-05
television_set__u01,device,television_set,top,top_panel,raw_proposals,proposal/0003,device_speaker,speaker,False,7948,0,0.0,0.0,0.0
television_set__u01,device,television_set,top,top_panel,raw_proposals,proposal/0004,device_bezel,bezel,False,20931,5489,0.1920439437408159,0.262242606659978,0.41773211567732116
television_set__u01,device,television_set,top,top_panel,raw_proposals,proposal/0005,device_bottom_panel,bottom_panel,False,8081,0,0.0,0.0,0.0
television_set__u01,device,television_set,top,top_panel,raw_proposals,proposal/0006,device_visual_strip_01,visual_strip_01,False,2654,0,0.0,0.0,0.0
television_set__u01,device,television_set,top,top_panel,raw_proposals,proposal/0007,device_screen,screen,False,22031,1,2.8433323855558714e-05,4.539058599246516e-05,7.610350076103501e-05
television_set__u01,device,television_set,top,top_panel,raw_proposals,proposal/0008,device_side_panel,side_panel,False,7629,0,0.0,0.0,0.0
television_set__u01,device,television_set,top,top_panel,dbscan_fusion,device/right/01,device,body,False,9666,3877,0.20481800412066142,0.40109662735361057,0.2950532724505327
television_set__u01,device,television_set,top,top_panel,dbscan_fusion,device_bezel/left/01,device_bezel,bezel,False,9043,5489,0.3288007667425422,0.6069888311401084,0.41773211567732116
television_set__u01,device,television_set,top,top_panel,dbscan_fusion,device_bottom_panel/center/01,device_bottom_panel,bottom_panel,False,7660,0,0.0,0.0,0.0
television_set__u01,device,television_set,top,top_panel,dbscan_fusion,device_screen/left/01,device_screen,screen,False,22031,1,2.8433323855558714e-05,4.539058599246516e-05,7.610350076103501e-05
television_set__u01,device,television_set,top,top_panel,dbscan_fusion,device_side_panel/right/01,device_side_panel,side_panel,False,7629,0,0.0,0.0,0.0
television_set__u01,device,television_set,top,top_panel,dbscan_fusion,device_visual_strip_01/left/01,device_visual_strip_01,visual_strip_01,False,2623,0,0.0,0.0,0.0
television_set__u01,device,television_set,top,top_panel,hpid_split_group_ids,object_001/device_body,device_body,body,False,13406,3875,0.17092320585770368,0.2890496792480979,0.2949010654490107
television_set__u01,device,television_set,top,top_panel,hpid_split_group_ids,object_001/device_bezel/006,device_bezel,bezel,False,23136,5491,0.17836608738021764,0.23733575380359612,0.41788432267884323
television_set__u01,device,television_set,top,top_panel,hpid_split_group_ids,object_001/device_screen/003,device_screen,screen,False,22010,1,2.8450311530911264e-05,4.5433893684688776e-05,7.610350076103501e-05
remote_control__u01,device,remote_control,button,button,raw_proposals,proposal/0001,device,body,False,16742,1430,0.08541392904073587,0.08541392904073587,1.0
remote_control__u01,device,remote_control,button,button,raw_proposals,proposal/0002,device_logo,logo,False,191,0,0.0,0.0,0.0
remote_control__u01,device,remote_control,button,button,raw_proposals,proposal/0003,device_button,button,True,528,46,0.02405857740585774,0.08712121212121213,0.032167832167832165
remote_control__u01,device,remote_control,button,button,raw_proposals,proposal/0004,device_logo,logo,False,626,0,0.0,0.0,0.0
remote_control__u01,device,remote_control,button,button,raw_proposals,proposal/0005,device_screen,screen,False,57,0,0.0,0.0,0.0
remote_control__u01,device,remote_control,button,button,raw_proposals,proposal/0006,device_visual_panel_01,visual_panel_01,False,6816,884,0.12007606628633523,0.12969483568075119,0.6181818181818182
remote_control__u01,device,remote_control,button,button,raw_proposals,proposal/0007,device_visual_panel_02,visual_panel_02,False,317,203,0.13147668393782383,0.6403785488958991,0.14195804195804196
remote_control__u01,device,remote_control,button,button,raw_proposals,proposal/0008,device_bezel,bezel,False,6292,598,0.08394160583941605,0.09504132231404959,0.41818181818181815
remote_control__u01,device,remote_control,button,button,raw_proposals,proposal/0009,device_button,button,True,20,0,0.0,0.0,0.0
remote_control__u01,device,remote_control,button,button,raw_proposals,proposal/0010,device_button,button,True,21,0,0.0,0.0,0.0
remote_control__u01,device,remote_control,button,button,raw_proposals,proposal/0011,device_button,button,True,43,25,0.017265193370165747,0.5813953488372093,0.017482517482517484
remote_control__u01,device,remote_control,button,button,raw_proposals,proposal/0012,device_button,button,True,44,10,0.006830601092896175,0.22727272727272727,0.006993006993006993
remote_control__u01,device,remote_control,button,button,dbscan_fusion,device/right/01,device,body,False,4313,20,0.0034946706272933775,0.004637143519591932,0.013986013986013986
remote_control__u01,device,remote_control,button,button,dbscan_fusion,device_bezel/left/01,device_bezel,bezel,False,5159,554,0.09179784589892295,0.10738515216127156,0.38741258741258744
remote_control__u01,device,remote_control,button,button,dbscan_fusion,device_button/center/01,device_button,button,True,528,46,0.02405857740585774,0.08712121212121213,0.032167832167832165
remote_control__u01,device,remote_control,button,button,dbscan_fusion,device_button/right/01,device_button,button,True,14,0,0.0,0.0,0.0
remote_control__u01,device,remote_control,button,button,dbscan_fusion,device_button/right/02,device_button,button,True,21,0,0.0,0.0,0.0
remote_control__u01,device,remote_control,button,button,dbscan_fusion,device_logo/left/01,device_logo,logo,False,626,0,0.0,0.0,0.0
remote_control__u01,device,remote_control,button,button,dbscan_fusion,device_visual_panel_01/right/01,device_visual_panel_01,visual_panel_01,False,5764,607,0.09215120692272659,0.1053088133240805,0.4244755244755245
remote_control__u01,device,remote_control,button,button,dbscan_fusion,device_visual_panel_02/right/01,device_visual_panel_02,visual_panel_02,False,317,203,0.13147668393782383,0.6403785488958991,0.14195804195804196
remote_control__u01,device,remote_control,button,button,hpid_split_group_ids,object_001/device_body,device_body,body,False,9467,536,0.051732458256925004,0.056617724728002534,0.3748251748251748
remote_control__u01,device,remote_control,button,button,hpid_split_group_ids,object_001/device_button/002,device_button,button,True,360,228,0.14596670934699105,0.6333333333333333,0.15944055944055943
remote_control__u01,device,remote_control,button,button,hpid_split_group_ids,object_001/device_button/003,device_button,button,True,6141,656,0.09486623282718727,0.10682299299788309,0.45874125874125876
remote_control__u01,device,remote_control,button,button,hpid_split_group_ids,object_001/device_button/004,device_button,button,True,44,10,0.006830601092896175,0.22727272727272727,0.006993006993006993
remote_control__u01,device,remote_control,button,button,hpid_split_group_ids,object_001/device_button/005,device_button,button,True,21,0,0.0,0.0,0.0
remote_control__u01,device,remote_control,button,button,hpid_split_group_ids,object_001/device_logo/006,device_logo,logo,False,626,0,0.0,0.0,0.0
remote_control__u01,device,remote_control,button,button,hpid_split_group_ids,object_001/device_screen/007,device_screen,screen,False,41,0,0.0,0.0,0.0
calculator__u01,device,cellular_telephone,bezel,bezel,raw_proposals,proposal/0001,device,body,False,25914,10099,0.388318529626639,0.3897121247202284,0.9908751962323391
calculator__u01,device,cellular_telephone,bezel,bezel,raw_proposals,proposal/0002,device_screen,screen,False,14131,1436,0.06274304190151614,0.10162055056259288,0.14089481946624804
calculator__u01,device,cellular_telephone,bezel,bezel,raw_proposals,proposal/0003,device_button,button,False,66,66,0.006475667189952904,1.0,0.006475667189952904
calculator__u01,device,cellular_telephone,bezel,bezel,raw_proposals,proposal/0004,device_bezel,bezel,True,11164,8351,0.6421376393694733,0.7480293801504837,0.8193681318681318
calculator__u01,device,cellular_telephone,bezel,bezel,raw_proposals,proposal/0005,device_screen,screen,False,17219,5476,0.24964668338272167,0.3180207909867007,0.5372841444270016
calculator__u01,device,cellular_telephone,bezel,bezel,raw_proposals,proposal/0006,device_bezel,bezel,True,3713,2574,0.22716441620333597,0.6932399676811204,0.25255102040816324
calculator__u01,device,cellular_telephone,bezel,bezel,raw_proposals,proposal/0007,device_screen,screen,False,12334,5250,0.3038897893030794,0.42565266742338254,0.5151098901098901
calculator__u01,device,cellular_telephone,bezel,bezel,raw_proposals,proposal/0008,device_visual_strip_01,visual_strip_01,False,1104,993,0.09637969523439775,0.8994565217391305,0.0974293563579278
calculator__u01,device,cellular_telephone,bezel,bezel,raw_proposals,proposal/0009,device_button,button,False,41,41,0.00402276295133438,1.0,0.00402276295133438
calculator__u01,device,cellular_telephone,bezel,bezel,raw_proposals,proposal/0010,device_button,button,False,66,66,0.006475667189952904,1.0,0.006475667189952904
calculator__u01,device,cellular_telephone,bezel,bezel,raw_proposals,proposal/0011,device_button,button,False,93,0,0.0,0.0,0.0
calculator__u01,device,cellular_telephone,bezel,bezel,raw_proposals,proposal/0012,device_button,button,False,145,0,0.0,0.0,0.0
calculator__u01,device,cellular_telephone,bezel,bezel,raw_proposals,proposal/0013,device_button,button,False,77,0,0.0,0.0,0.0
calculator__u01,device,cellular_telephone,bezel,bezel,raw_proposals,proposal/0014,device_back_panel,back_panel,False,327,0,0.0,0.0,0.0
calculator__u01,device,cellular_telephone,bezel,bezel,raw_proposals,proposal/0015,device_visual_strip_03,visual_strip_03,False,352,352,0.03453689167974882,1.0,0.03453689167974882
calculator__u01,device,cellular_telephone,bezel,bezel,dbscan_fusion,device/left/01,device,body,False,6398,3420,0.25968109339407747,0.5345420443888715,0.33555729984301413
calculator__u01,device,cellular_telephone,bezel,bezel,dbscan_fusion,device_bezel/right/01,device_bezel,bezel,True,2037,931,0.08240396530359356,0.4570446735395189,0.09134615384615384
calculator__u01,device,cellular_telephone,bezel,bezel,dbscan_fusion,device_button/left/01,device_button,button,False,38,38,0.003728414442700157,1.0,0.003728414442700157
calculator__u01,device,cellular_telephone,bezel,bezel,dbscan_fusion,device_screen/right/01,device_screen,screen,False,16513,4849,0.2218612737920937,0.29364742929812876,0.475765306122449
calculator__u01,device,cellular_telephone,bezel,bezel,dbscan_fusion,device_visual_strip_01/left/01,device_visual_strip_01,visual_strip_01,False,576,509,0.04961497221951457,0.8836805555555556,0.049941130298273156
calculator__u01,device,cellular_telephone,bezel,bezel,dbscan_fusion,device_visual_strip_03/left/01,device_visual_strip_03,visual_strip_03,False,352,352,0.03453689167974882,1.0,0.03453689167974882
calculator__u01,device,cellular_telephone,bezel,bezel,hpid_split_group_ids,object_001/device_body,device_body,body,False,330,206,0.01996898022489337,0.6242424242424243,0.02021193092621664
calculator__u01,device,cellular_telephone,bezel,bezel,hpid_split_group_ids,object_001/device_button/002,device_button,button,False,41,41,0.00402276295133438,1.0,0.00402276295133438
calculator__u01,device,cellular_telephone,bezel,bezel,hpid_split_group_ids,object_001/device_screen/003,device_screen,screen,False,15409,2582,0.1121682088709327,0.16756441040950093,0.2533359497645212
calculator__u01,device,cellular_telephone,bezel,bezel,hpid_split_group_ids,object_001/device_bezel/006,device_bezel,bezel,True,10121,7264,0.5566710092727412,0.7177156407469618,0.7127158555729984
telephone__u01,device,telephone,bezel,bezel,raw_proposals,proposal/0001,device,body,False,11464,3723,0.32475575715282623,0.32475575715282623,1.0
telephone__u01,device,telephone,bezel,bezel,raw_proposals,proposal/0002,device_keyboard,keyboard,False,4733,3395,0.6708160442600276,0.7173040354954574,0.9118990061778136
telephone__u01,device,telephone,bezel,bezel,raw_proposals,proposal/0003,device_button,button,False,28,1,0.0002666666666666667,0.03571428571428571,0.00026860059092130003
telephone__u01,device,telephone,bezel,bezel,raw_proposals,proposal/0004,device_back_panel,back_panel,False,4620,3314,0.6589779280174985,0.7173160173160174,0.8901423583131883
telephone__u01,device,telephone,bezel,bezel,raw_proposals,proposal/0005,device_button,button,False,3327,2317,0.48954151700824,0.6964232040877668,0.6223475691646522
telephone__u01,device,telephone,bezel,bezel,raw_proposals,proposal/0006,device_screen,screen,False,452,197,0.049522373051784814,0.4358407079646018,0.052914316411496104
telephone__u01,device,telephone,bezel,bezel,raw_proposals,proposal/0007,device_bezel,bezel,True,3313,765,0.1219901132195822,0.2309085421068518,0.2054794520547945
telephone__u01,device,telephone,bezel,bezel,raw_proposals,proposal/0008,device_logo,logo,False,298,298,0.08004297609454741,1.0,0.08004297609454741
telephone__u01,device,telephone,bezel,bezel,raw_proposals,proposal/0009,device_keyboard,keyboard,False,3811,2910,0.629325259515571,0.7635791130936762,0.7816277195809831
telephone__u01,device,telephone,bezel,bezel,raw_proposals,proposal/0010,device_screen,screen,False,243,7,0.0017681232634503663,0.02880658436213992,0.0018802041364491002
telephone__u01,device,telephone,bezel,bezel,raw_proposals,proposal/0011,device_visual_panel_01,visual_panel_01,False,2212,501,0.09219727640780272,0.22649186256781192,0.13456889605157132
telephone__u01,device,telephone,bezel,bezel,raw_proposals,proposal/0012,device_key,key,False,30,3,0.0008,0.1,0.0008058017727639
telephone__u01,device,telephone,bezel,bezel,raw_proposals,proposal/0013,device_visual_panel_02,visual_panel_02,False,183,0,0.0,0.0,0.0
telephone__u01,device,telephone,bezel,bezel,raw_proposals,proposal/0014,device_button,button,False,63,0,0.0,0.0,0.0
telephone__u01,device,telephone,bezel,bezel,raw_proposals,proposal/0015,device_button,button,False,75,0,0.0,0.0,0.0
telephone__u01,device,telephone,bezel,bezel,raw_proposals,proposal/0016,device_button,button,False,35,0,0.0,0.0,0.0
telephone__u01,device,telephone,bezel,bezel,raw_proposals,proposal/0017,device_button,button,False,57,0,0.0,0.0,0.0
telephone__u01,device,telephone,bezel,bezel,dbscan_fusion,device/right/01,device,body,False,3094,139,0.020814615154237794,0.044925662572721396,0.037335482138060705
telephone__u01,device,telephone,bezel,bezel,dbscan_fusion,device_bezel/left/01,device_bezel,bezel,True,2352,114,0.019124308002013084,0.04846938775510204,0.030620467365028204
telephone__u01,device,telephone,bezel,bezel,dbscan_fusion,device_button/left/01,device_button,button,False,63,0,0.0,0.0,0.0
telephone__u01,device,telephone,bezel,bezel,dbscan_fusion,device_button/left/02,device_button,button,False,35,0,0.0,0.0,0.0
telephone__u01,device,telephone,bezel,bezel,dbscan_fusion,device_button/right/01,device_button,button,False,57,0,0.0,0.0,0.0
telephone__u01,device,telephone,bezel,bezel,dbscan_fusion,device_keyboard/right/01,device_keyboard,keyboard,False,4592,3305,0.6596806387225549,0.7197299651567944,0.8877249529948966
telephone__u01,device,telephone,bezel,bezel,dbscan_fusion,device_visual_panel_01/left/01,device_visual_panel_01,visual_panel_01,False,1088,165,0.03551442100731812,0.15165441176470587,0.0443190975020145
telephone__u01,device,telephone,bezel,bezel,dbscan_fusion,device_visual_panel_02/right/01,device_visual_panel_02,visual_panel_02,False,183,0,0.0,0.0,0.0
telephone__u01,device,telephone,bezel,bezel,hpid_split_group_ids,object_001/device_body,device_body,body,False,3157,135,0.02001482579688658,0.04276211593284764,0.0362610797743755
telephone__u01,device,telephone,bezel,bezel,hpid_split_group_ids,object_001/device_button/002,device_button,button,False,75,0,0.0,0.0,0.0
telephone__u01,device,telephone,bezel,bezel,hpid_split_group_ids,object_001/device_button/003,device_button,button,False,63,0,0.0,0.0,0.0
telephone__u01,device,telephone,bezel,bezel,hpid_split_group_ids,object_001/device_button/004,device_button,button,False,41,0,0.0,0.0,0.0
telephone__u01,device,telephone,bezel,bezel,hpid_split_group_ids,object_001/device_button/005,device_button,button,False,1379,656,0.14754835807467387,0.4757070340826686,0.1762019876443728
telephone__u01,device,telephone,bezel,bezel,hpid_split_group_ids,object_001/device_button/006,device_button,button,False,57,0,0.0,0.0,0.0
telephone__u01,device,telephone,bezel,bezel,hpid_split_group_ids,object_001/device_keyboard/007,device_keyboard,keyboard,False,3413,2659,0.5939245030154121,0.7790799882801055,0.7142089712597368
telephone__u01,device,telephone,bezel,bezel,hpid_split_group_ids,object_001/device_bezel/010,device_bezel,bezel,True,3272,273,0.04061291282356441,0.08343520782396088,0.07332796132151491
clock__u01,device,clock,case,body,raw_proposals,proposal/0001,device,body,True,85626,32815,0.37645695668135093,0.38323640015883026,0.9551183165002765
clock__u01,device,clock,case,body,raw_proposals,proposal/0002,device_dial,dial,False,52371,371,0.004296119596558472,0.007084073246644135,0.010798381698052799
clock__u01,device,clock,case,body,raw_proposals,proposal/0003,device_screen,screen,False,52378,376,0.0043539179471740064,0.007178586429416931,0.01094391244870041
clock__u01,device,clock,case,body,raw_proposals,proposal/0004,device_clock_hand,clock_hand,False,1463,0,0.0,0.0,0.0
clock__u01,device,clock,case,body,raw_proposals,proposal/0005,device_base,base,False,590,0,0.0,0.0,0.0
clock__u01,device,clock,case,body,raw_proposals,proposal/0006,device_finial,finial,False,2765,2713,0.07884565084716208,0.9811934900542495,0.07896498530139419
clock__u01,device,clock,case,body,raw_proposals,proposal/0007,device_visual_panel_01,visual_panel_01,False,29872,16932,0.3579931073852464,0.5668184252811997,0.4928253339930727
clock__u01,device,clock,case,body,raw_proposals,proposal/0008,device_dial,dial,False,26030,3064,0.05345149416464595,0.11771033422973493,0.08918124399685654
clock__u01,device,clock,case,body,raw_proposals,proposal/0009,device_dial,dial,False,20182,140,0.002573576720160297,0.00693687444257259,0.004074861018133131
clock__u01,device,clock,case,body,raw_proposals,proposal/0010,device_clock_hand,clock_hand,False,212,0,0.0,0.0,0.0
clock__u01,device,clock,case,body,raw_proposals,proposal/0011,device_clock_hand,clock_hand,False,557,0,0.0,0.0,0.0
clock__u01,device,clock,case,body,raw_proposals,proposal/0012,device_clock_hand,clock_hand,False,169,0,0.0,0.0,0.0
clock__u01,device,clock,case,body,dbscan_fusion,device/left/01,device,body,True,26634,15654,0.34528089639808546,0.5877449876098221,0.4556276741275431
clock__u01,device,clock,case,body,dbscan_fusion,device_base/left/01,device_base,base,False,8,0,0.0,0.0,0.0
clock__u01,device,clock,case,body,dbscan_fusion,device_clock_hand/left/01,device_clock_hand,clock_hand,False,92,0,0.0,0.0,0.0
clock__u01,device,clock,case,body,dbscan_fusion,device_clock_hand/left/02,device_clock_hand,clock_hand,False,287,0,0.0,0.0,0.0
clock__u01,device,clock,case,body,dbscan_fusion,device_dial/left/01,device_dial,dial,False,39529,277,0.0037631267915608146,0.007007513471122467,0.008062403585877696
clock__u01,device,clock,case,body,dbscan_fusion,device_finial/right/01,device_finial,finial,False,2765,2713,0.07884565084716208,0.9811934900542495,0.07896498530139419
clock__u01,device,clock,case,body,dbscan_fusion,device_visual_panel_01/right/01,device_visual_panel_01,visual_panel_01,False,16311,14171,0.38827848864290215,0.8688001961866225,0.4124632534854615
clock__u01,device,clock,case,body,hpid_split_group_ids,object_001/device_body,device_body,body,True,14925,14639,0.4225673296192593,0.9808375209380235,0.4260849317460779
clock__u01,device,clock,case,body,hpid_split_group_ids,object_001/device_base/002,device_base,base,False,355,0,0.0,0.0,0.0
clock__u01,device,clock,case,body,hpid_split_group_ids,object_001/device_dial/003,device_dial,dial,False,66081,15564,0.18337771284492307,0.23552912334861761,0.45300812061588613
clock__u01,device,clock,case,body,hpid_split_group_ids,object_001/device_finial/004,device_finial,finial,False,2666,2611,0.07587469487388121,0.9793698424606152,0.0759961579881829
clock__u01,device,clock,case,body,hpid_split_group_ids,object_001/device_screen/005,device_screen,screen,False,267,0,0.0,0.0,0.0
clock__u01,device,clock,case,body,hpid_split_group_ids,object_001/device_clock_hand/007,device_clock_hand,clock_hand,False,557,0,0.0,0.0,0.0
clock__u01,device,clock,case,body,hpid_split_group_ids,object_001/device_clock_hand/008,device_clock_hand,clock_hand,False,559,0,0.0,0.0,0.0
clock__u01,device,clock,case,body,hpid_split_group_ids,object_001/device_clock_hand/009,device_clock_hand,clock_hand,False,212,0,0.0,0.0,0.0
watch__u01,device,watch,case,body,raw_proposals,proposal/0001,device,body,True,19294,5348,0.27064777327935224,0.2771846169793718,0.9198486412108703
watch__u01,device,watch,case,body,raw_proposals,proposal/0002,device_dial,dial,False,12116,0,0.0,0.0,0.0
watch__u01,device,watch,case,body,raw_proposals,proposal/0003,device_screen,screen,False,12835,10,0.0005365094693921348,0.0007791195948578107,0.0017199862401100791
watch__u01,device,watch,case,body,raw_proposals,proposal/0004,device_screen,screen,False,456,0,0.0,0.0,0.0
watch__u01,device,watch,case,body,raw_proposals,proposal/0005,device_logo,logo,False,261,0,0.0,0.0,0.0
watch__u01,device,watch,case,body,raw_proposals,proposal/0006,device_dial,dial,False,6800,1626,0.14797961412449945,0.23911764705882352,0.27966976264189886
watch__u01,device,watch,case,body,raw_proposals,proposal/0007,device_dial,dial,False,7037,1616,0.14383622607921673,0.2296433139121785,0.2779497764017888
watch__u01,device,watch,case,body,raw_proposals,proposal/0008,device_dial,dial,False,6831,1581,0.14289587852494576,0.23144488361879667,0.2719298245614035
watch__u01,device,watch,case,body,raw_proposals,proposal/0009,device_lug,lug,False,56,0,0.0,0.0,0.0
watch__u01,device,watch,case,body,raw_proposals,proposal/0010,device_lug,lug,False,37,0,0.0,0.0,0.0
watch__u01,device,watch,case,body,raw_proposals,proposal/0011,device_lug,lug,False,26,26,0.004471964224286206,1.0,0.004471964224286206
watch__u01,device,watch,case,body,raw_proposals,proposal/0012,device_lug,lug,False,138,0,0.0,0.0,0.0
watch__u01,device,watch,case,body,raw_proposals,proposal/0013,device_visual_panel_01,visual_panel_01,False,554,0,0.0,0.0,0.0
watch__u01,device,watch,case,body,raw_proposals,proposal/0014,device_clock_hand,clock_hand,False,75,0,0.0,0.0,0.0
watch__u01,device,watch,case,body,raw_proposals,proposal/0015,device_band,band,False,326,0,0.0,0.0,0.0
watch__u01,device,watch,case,body,dbscan_fusion,device/center/01,device,body,True,8232,5322,0.610041265474553,0.6465014577259475,0.9153766769865841
watch__u01,device,watch,case,body,dbscan_fusion,device_band/right/01,device_band,band,False,128,0,0.0,0.0,0.0
watch__u01,device,watch,case,body,dbscan_fusion,device_dial/left/01,device_dial,dial,False,9843,0,0.0,0.0,0.0
watch__u01,device,watch,case,body,dbscan_fusion,device_logo/right/01,device_logo,logo,False,261,0,0.0,0.0,0.0
watch__u01,device,watch,case,body,dbscan_fusion,device_lug/left/01,device_lug,lug,False,26,26,0.004471964224286206,1.0,0.004471964224286206
watch__u01,device,watch,case,body,dbscan_fusion,device_lug/right/01,device_lug,lug,False,7,0,0.0,0.0,0.0
watch__u01,device,watch,case,body,dbscan_fusion,device_screen/right/01,device_screen,screen,False,243,0,0.0,0.0,0.0
watch__u01,device,watch,case,body,dbscan_fusion,device_visual_panel_01/right/01,device_visual_panel_01,visual_panel_01,False,554,0,0.0,0.0,0.0
watch__u01,device,watch,case,body,hpid_split_group_ids,object_001/device_body,device_body,body,True,2771,1802,0.2656641604010025,0.6503067484662577,0.30994152046783624
watch__u01,device,watch,case,body,hpid_split_group_ids,object_001/device_band/002,device_band,band,False,134,0,0.0,0.0,0.0
watch__u01,device,watch,case,body,hpid_split_group_ids,object_001/device_dial/003,device_dial,dial,False,5492,1277,0.12733074085153057,0.2325200291332848,0.2196422428620571
watch__u01,device,watch,case,body,hpid_split_group_ids,object_001/device_dial/004,device_dial,dial,False,4555,1133,0.12267215244694674,0.24873765093304062,0.19487444100447196
watch__u01,device,watch,case,body,hpid_split_group_ids,object_001/device_dial/005,device_dial,dial,False,1293,0,0.0,0.0,0.0
watch__u01,device,watch,case,body,hpid_split_group_ids,object_001/device_dial/006,device_dial,dial,False,4488,1136,0.12393628627536549,0.2531194295900178,0.19539043687650498
watch__u01,device,watch,case,body,hpid_split_group_ids,object_001/device_logo/007,device_logo,logo,False,106,0,0.0,0.0,0.0
watch__u01,device,watch,case,body,hpid_split_group_ids,object_001/device_screen/008,device_screen,screen,False,455,0,0.0,0.0,0.0
chair__u01,furniture,chair,rail,rail,raw_proposals,proposal/0001,furniture,body,False,2313,1062,0.4542343883661249,0.4591439688715953,0.9770009199632015
chair__u01,furniture,chair,rail,rail,raw_proposals,proposal/0002,furniture_backrest,backrest,False,765,701,0.6090356211989574,0.9163398692810457,0.6448942042318307
chair__u01,furniture,chair,rail,rail,raw_proposals,proposal/0003,furniture_seat,seat,False,765,701,0.6090356211989574,0.9163398692810457,0.6448942042318307
chair__u01,furniture,chair,rail,rail,raw_proposals,proposal/0004,furniture_cushion,cushion,False,765,701,0.6090356211989574,0.9163398692810457,0.6448942042318307
chair__u01,furniture,chair,rail,rail,raw_proposals,proposal/0005,furniture_stile,stile,False,765,701,0.6090356211989574,0.9163398692810457,0.6448942042318307
chair__u01,furniture,chair,rail,rail,raw_proposals,proposal/0006,furniture_stile,stile,False,393,0,0.0,0.0,0.0
chair__u01,furniture,chair,rail,rail,raw_proposals,proposal/0007,furniture_leg,leg,False,350,1,0.0006963788300835655,0.002857142857142857,0.0009199632014719411
chair__u01,furniture,chair,rail,rail,raw_proposals,proposal/0008,furniture_backrest,backrest,False,682,654,0.5865470852017938,0.9589442815249267,0.6016559337626495
chair__u01,furniture,chair,rail,rail,dbscan_fusion,furniture/center/01,furniture,body,False,805,360,0.2349869451697128,0.4472049689440994,0.3311867525298988
chair__u01,furniture,chair,rail,rail,dbscan_fusion,furniture_backrest/left/01,furniture_backrest,backrest,False,765,701,0.6090356211989574,0.9163398692810457,0.6448942042318307
chair__u01,furniture,chair,rail,rail,dbscan_fusion,furniture_leg/right/01,furniture_leg,leg,False,350,1,0.0006963788300835655,0.002857142857142857,0.0009199632014719411
chair__u01,furniture,chair,rail,rail,dbscan_fusion,furniture_stile/left/01,furniture_stile,stile,False,393,0,0.0,0.0,0.0
chair__u01,furniture,chair,rail,rail,hpid_split_group_ids,object_001/furniture_body,furniture_body,body,False,1548,361,0.15875109938434476,0.23320413436692505,0.33210671573137074
chair__u01,furniture,chair,rail,rail,hpid_split_group_ids,object_001/furniture_backrest/002,furniture_backrest,backrest,False,660,613,0.5405643738977073,0.9287878787878788,0.5639374425022999
chair__u01,furniture,chair,rail,rail,hpid_split_group_ids,object_001/furniture_cushion/004,furniture_cushion,cushion,False,105,88,0.07971014492753623,0.8380952380952381,0.08095676172953081
bench__u01,furniture,bench,seat,seat,raw_proposals,proposal/0001,furniture,body,False,59604,10688,0.17859470298270533,0.17931682437420307,0.9779485771799798
bench__u01,furniture,bench,seat,seat,raw_proposals,proposal/0002,furniture_seat,seat,True,8807,8453,0.7491801825755562,0.9598047008061769,0.7734467929362248
bench__u01,furniture,bench,seat,seat,raw_proposals,proposal/0003,furniture_armrest,armrest,False,2144,0,0.0,0.0,0.0
bench__u01,furniture,bench,seat,seat,raw_proposals,proposal/0004,furniture_armrest,armrest,False,3588,2,0.00013778849466069583,0.0005574136008918618,0.00018299935950224174
bench__u01,furniture,bench,seat,seat,raw_proposals,proposal/0005,furniture_leg,leg,False,1570,34,0.002727637384677096,0.02165605095541401,0.0031109891115381097
bench__u01,furniture,bench,seat,seat,raw_proposals,proposal/0006,furniture_foot,foot,False,1072,0,0.0,0.0,0.0
bench__u01,furniture,bench,seat,seat,raw_proposals,proposal/0007,furniture_foot,foot,False,1318,0,0.0,0.0,0.0
bench__u01,furniture,bench,seat,seat,raw_proposals,proposal/0008,furniture_backrest,backrest,False,9847,0,0.0,0.0,0.0
bench__u01,furniture,bench,seat,seat,raw_proposals,proposal/0009,furniture_stretcher,stretcher,False,3590,2,0.00013776951160708134,0.0005571030640668524,0.00018299935950224174
bench__u01,furniture,bench,seat,seat,raw_proposals,proposal/0010,furniture_cushion,cushion,False,6066,6034,0.5504972174071708,0.9947246950214309,0.5521090676182633
bench__u01,furniture,bench,seat,seat,raw_proposals,proposal/0011,furniture_leg,leg,False,18844,50,0.00168219897049423,0.0026533644661430695,0.004574983987556043
bench__u01,furniture,bench,seat,seat,raw_proposals,proposal/0012,furniture_foot,foot,False,2648,0,0.0,0.0,0.0
bench__u01,furniture,bench,seat,seat,raw_proposals,proposal/0013,furniture_foot,foot,False,945,0,0.0,0.0,0.0
bench__u01,furniture,bench,seat,seat,raw_proposals,proposal/0014,furniture_leg,leg,False,25233,81,0.0022449488650536295,0.0032100820354297945,0.007411474059840791
bench__u01,furniture,bench,seat,seat,raw_proposals,proposal/0015,furniture_leg,leg,False,1301,57,0.004682494044196172,0.043812451960030745,0.00521548174581389
bench__u01,furniture,bench,seat,seat,raw_proposals,proposal/0016,furniture_leg,leg,False,722,0,0.0,0.0,0.0
bench__u01,furniture,bench,seat,seat,raw_proposals,proposal/0017,furniture_leg,leg,False,1364,0,0.0,0.0,0.0
bench__u01,furniture,bench,seat,seat,raw_proposals,proposal/0018,furniture_leg,leg,False,1339,9,0.0007341544987356228,0.006721433905899925,0.0008234971177600879
bench__u01,furniture,bench,seat,seat,raw_proposals,proposal/0019,furniture_visual_panel_01,visual_panel_01,False,1675,0,0.0,0.0,0.0
bench__u01,furniture,bench,seat,seat,raw_proposals,proposal/0020,furniture_visual_strip_02,visual_strip_02,False,1015,0,0.0,0.0,0.0
bench__u01,furniture,bench,seat,seat,raw_proposals,proposal/0021,furniture_armrest,armrest,False,3491,0,0.0,0.0,0.0
bench__u01,furniture,bench,seat,seat,raw_proposals,proposal/0022,furniture_visual_strip_04,visual_strip_04,False,1325,0,0.0,0.0,0.0
bench__u01,furniture,bench,seat,seat,raw_proposals,proposal/0023,furniture_seat,seat,True,5557,5538,0.5058458165875046,0.9965808889688681,0.5067252264617074
bench__u01,furniture,bench,seat,seat,raw_proposals,proposal/0024,furniture_visual_strip_05,visual_strip_05,False,1260,1257,0.11498353457738748,0.9976190476190476,0.11501509744715893
bench__u01,furniture,bench,seat,seat,raw_proposals,proposal/0025,furniture_visual_panel_03,visual_panel_03,False,1374,1291,0.11723574282600799,0.9395924308588064,0.11812608655869704
bench__u01,furniture,bench,seat,seat,dbscan_fusion,furniture/center/01,furniture,body,False,7253,1990,0.1229001976284585,0.2743692265269544,0.18208436270473052
bench__u01,furniture,bench,seat,seat,dbscan_fusion,furniture_armrest/left/01,furniture_armrest,armrest,False,2144,0,0.0,0.0,0.0
bench__u01,furniture,bench,seat,seat,dbscan_fusion,furniture_armrest/right/01,furniture_armrest,armrest,False,3588,2,0.00013778849466069583,0.0005574136008918618,0.00018299935950224174
bench__u01,furniture,bench,seat,seat,dbscan_fusion,furniture_backrest/right/01,furniture_backrest,backrest,False,5349,0,0.0,0.0,0.0
bench__u01,furniture,bench,seat,seat,dbscan_fusion,furniture_foot/left/01,furniture_foot,foot,False,223,0,0.0,0.0,0.0
bench__u01,furniture,bench,seat,seat,dbscan_fusion,furniture_leg/left/01,furniture_leg,leg,False,1339,9,0.0007341544987356228,0.006721433905899925,0.0008234971177600879
bench__u01,furniture,bench,seat,seat,dbscan_fusion,furniture_leg/center/01,furniture_leg,leg,False,722,0,0.0,0.0,0.0
bench__u01,furniture,bench,seat,seat,dbscan_fusion,furniture_leg/center/02,furniture_leg,leg,False,25233,81,0.0022449488650536295,0.0032100820354297945,0.007411474059840791
bench__u01,furniture,bench,seat,seat,dbscan_fusion,furniture_leg/right/01,furniture_leg,leg,False,1364,0,0.0,0.0,0.0
bench__u01,furniture,bench,seat,seat,dbscan_fusion,furniture_leg/right/02,furniture_leg,leg,False,1295,57,0.004684803156077916,0.044015444015444015,0.00521548174581389
bench__u01,furniture,bench,seat,seat,dbscan_fusion,furniture_seat/left/01,furniture_seat,seat,True,6032,6001,0.5475364963503649,0.9948607427055703,0.5490895781864763
bench__u01,furniture,bench,seat,seat,dbscan_fusion,furniture_visual_panel_01/right/01,furniture_visual_panel_01,visual_panel_01,False,85,0,0.0,0.0,0.0
bench__u01,furniture,bench,seat,seat,dbscan_fusion,furniture_visual_panel_03/right/01,furniture_visual_panel_03,visual_panel_03,False,1374,1291,0.11723574282600799,0.9395924308588064,0.11812608655869704
bench__u01,furniture,bench,seat,seat,dbscan_fusion,furniture_visual_strip_02/left/01,furniture_visual_strip_02,visual_strip_02,False,1015,0,0.0,0.0,0.0
bench__u01,furniture,bench,seat,seat,dbscan_fusion,furniture_visual_strip_04/left/01,furniture_visual_strip_04,visual_strip_04,False,1325,0,0.0,0.0,0.0
bench__u01,furniture,bench,seat,seat,dbscan_fusion,furniture_visual_strip_05/right/01,furniture_visual_strip_05,visual_strip_05,False,1260,1257,0.11498353457738748,0.9976190476190476,0.11501509744715893
bench__u01,furniture,bench,seat,seat,hpid_split_group_ids,object_001/furniture_body,furniture_body,body,False,10563,376,0.017806402727789356,0.03559594812079902,0.034403879586421444
bench__u01,furniture,bench,seat,seat,hpid_split_group_ids,object_001/furniture_armrest/002,furniture_armrest,armrest,False,1725,0,0.0,0.0,0.0
bench__u01,furniture,bench,seat,seat,hpid_split_group_ids,object_001/furniture_armrest/003,furniture_armrest,armrest,False,3589,2,0.00013777900248002206,0.0005572582892170521,0.00018299935950224174
bench__u01,furniture,bench,seat,seat,hpid_split_group_ids,object_001/furniture_backrest/004,furniture_backrest,backrest,False,3453,0,0.0,0.0,0.0
bench__u01,furniture,bench,seat,seat,hpid_split_group_ids,object_001/furniture_leg/005,furniture_leg,leg,False,1629,73,0.005847016419703644,0.044812768569674644,0.006679476621831823
bench__u01,furniture,bench,seat,seat,hpid_split_group_ids,object_001/furniture_leg/006,furniture_leg,leg,False,2728,0,0.0,0.0,0.0
bench__u01,furniture,bench,seat,seat,hpid_split_group_ids,object_001/furniture_leg/007,furniture_leg,leg,False,20212,49,0.0015759680946867362,0.0024243023946170592,0.004483484307804922
bench__u01,furniture,bench,seat,seat,hpid_split_group_ids,object_001/furniture_leg/008,furniture_leg,leg,False,1331,90,0.007395234182415777,0.067618332081142,0.008234971177600879
bench__u01,furniture,bench,seat,seat,hpid_split_group_ids,object_001/furniture_leg/009,furniture_leg,leg,False,1362,0,0.0,0.0,0.0
bench__u01,furniture,bench,seat,seat,hpid_split_group_ids,object_001/furniture_seat/010,furniture_seat,seat,True,10459,10069,0.8895662160968283,0.9627115403002199,0.9213102754140361
bench__u01,furniture,bench,seat,seat,hpid_split_group_ids,object_001/furniture_foot/016,furniture_foot,foot,False,1102,0,0.0,0.0,0.0
bench__u01,furniture,bench,seat,seat,hpid_split_group_ids,object_001/furniture_foot/017,furniture_foot,foot,False,1375,0,0.0,0.0,0.0
stool__u01,furniture,stool,footrest,stretcher,raw_proposals,proposal/0001,character,character,False,16922,0,0.0,0.0,0.0
stool__u01,furniture,stool,footrest,stretcher,raw_proposals,proposal/0002,character_head,character_head,False,4613,0,0.0,0.0,0.0
stool__u01,furniture,stool,footrest,stretcher,raw_proposals,proposal/0003,character_shoe,character_shoe,False,628,0,0.0,0.0,0.0
stool__u01,furniture,stool,footrest,stretcher,raw_proposals,proposal/0004,character_shoe,character_shoe,False,147,0,0.0,0.0,0.0
stool__u01,furniture,stool,footrest,stretcher,raw_proposals,proposal/0005,character_leg,character_leg,False,343,0,0.0,0.0,0.0
stool__u01,furniture,stool,footrest,stretcher,raw_proposals,proposal/0006,character_torso,character_torso,False,483,0,0.0,0.0,0.0
stool__u01,furniture,stool,footrest,stretcher,raw_proposals,proposal/0007,character_accessory,character_accessory,False,169,0,0.0,0.0,0.0
stool__u01,furniture,stool,footrest,stretcher,raw_proposals,proposal/0008,character_accessory,character_accessory,False,162,0,0.0,0.0,0.0
stool__u01,furniture,stool,footrest,stretcher,raw_proposals,proposal/0009,character_visual_contour_panel_04,character_visual_contour_panel_04,False,369,0,0.0,0.0,0.0
stool__u01,furniture,stool,footrest,stretcher,raw_proposals,proposal/0010,character_visual_contour_panel_05,character_visual_contour_panel_05,False,553,0,0.0,0.0,0.0
stool__u01,furniture,stool,footrest,stretcher,raw_proposals,proposal/0011,character_visual_panel_01,character_visual_panel_01,False,5079,0,0.0,0.0,0.0
stool__u01,furniture,stool,footrest,stretcher,raw_proposals,proposal/0012,character_accessory,character_accessory,False,103,0,0.0,0.0,0.0
stool__u01,furniture,stool,footrest,stretcher,raw_proposals,proposal/0013,character_visual_panel_03,character_visual_panel_03,False,4621,0,0.0,0.0,0.0
stool__u01,furniture,stool,footrest,stretcher,raw_proposals,proposal/0014,character_visual_panel_04,character_visual_panel_04,False,214,0,0.0,0.0,0.0
stool__u01,furniture,stool,footrest,stretcher,dbscan_fusion,character/center/01,character,character,False,3594,0,0.0,0.0,0.0
stool__u01,furniture,stool,footrest,stretcher,dbscan_fusion,character_accessory/right/01,character_accessory,character_accessory,False,90,0,0.0,0.0,0.0
stool__u01,furniture,stool,footrest,stretcher,dbscan_fusion,character_head/left/01,character_head,character_head,False,2315,0,0.0,0.0,0.0
stool__u01,furniture,stool,footrest,stretcher,dbscan_fusion,character_torso/right/01,character_torso,character_torso,False,177,0,0.0,0.0,0.0
stool__u01,furniture,stool,footrest,stretcher,dbscan_fusion,character_visual_contour_panel_04/left/01,character_visual_contour_panel_04,character_visual_contour_panel_04,False,369,0,0.0,0.0,0.0
stool__u01,furniture,stool,footrest,stretcher,dbscan_fusion,character_visual_contour_panel_05/center/01,character_visual_contour_panel_05,character_visual_contour_panel_05,False,553,0,0.0,0.0,0.0
stool__u01,furniture,stool,footrest,stretcher,dbscan_fusion,character_visual_panel_01/left/01,character_visual_panel_01,character_visual_panel_01,False,5079,0,0.0,0.0,0.0
stool__u01,furniture,stool,footrest,stretcher,dbscan_fusion,character_visual_panel_03/right/01,character_visual_panel_03,character_visual_panel_03,False,4531,0,0.0,0.0,0.0
stool__u01,furniture,stool,footrest,stretcher,dbscan_fusion,character_visual_panel_04/left/01,character_visual_panel_04,character_visual_panel_04,False,214,0,0.0,0.0,0.0
stool__u01,furniture,stool,footrest,stretcher,hpid_split_group_ids,object_001/character_body,character_body,character_body,False,5239,0,0.0,0.0,0.0
stool__u01,furniture,stool,footrest,stretcher,hpid_split_group_ids,object_001/character_accessory/002,character_accessory,character_accessory,False,162,0,0.0,0.0,0.0
stool__u01,furniture,stool,footrest,stretcher,hpid_split_group_ids,object_001/character_accessory/003,character_accessory,character_accessory,False,155,0,0.0,0.0,0.0
stool__u01,furniture,stool,footrest,stretcher,hpid_split_group_ids,object_001/character_accessory/004,character_accessory,character_accessory,False,74,0,0.0,0.0,0.0
stool__u01,furniture,stool,footrest,stretcher,hpid_split_group_ids,object_001/character_upper_garment,character_upper_garment,character_upper_garment,False,11289,0,0.0,0.0,0.0
table__u01,furniture,table,shelf,shelf,raw_proposals,proposal/0001,furniture,body,False,5902,0,0.0,0.0,0.0
table__u01,furniture,table,shelf,shelf,raw_proposals,proposal/0002,furniture_armrest,armrest,False,299,0,0.0,0.0,0.0
table__u01,furniture,table,shelf,shelf,raw_proposals,proposal/0003,furniture_seat,seat,False,2691,0,0.0,0.0,0.0
table__u01,furniture,table,shelf,shelf,raw_proposals,proposal/0004,furniture_stretcher,stretcher,False,725,0,0.0,0.0,0.0
table__u01,furniture,table,shelf,shelf,raw_proposals,proposal/0005,furniture_stretcher,stretcher,False,147,0,0.0,0.0,0.0
table__u01,furniture,table,shelf,shelf,raw_proposals,proposal/0006,furniture_backrest,backrest,False,1347,0,0.0,0.0,0.0
table__u01,furniture,table,shelf,shelf,raw_proposals,proposal/0007,furniture_leg,leg,False,602,0,0.0,0.0,0.0
table__u01,furniture,table,shelf,shelf,raw_proposals,proposal/0008,furniture_leg,leg,False,696,0,0.0,0.0,0.0
table__u01,furniture,table,shelf,shelf,raw_proposals,proposal/0009,furniture_visual_panel_01,visual_panel_01,False,396,0,0.0,0.0,0.0
table__u01,furniture,table,shelf,shelf,raw_proposals,proposal/0010,furniture_visual_panel_02,visual_panel_02,False,209,0,0.0,0.0,0.0
table__u01,furniture,table,shelf,shelf,dbscan_fusion,furniture/right/01,furniture,body,False,1340,0,0.0,0.0,0.0
table__u01,furniture,table,shelf,shelf,dbscan_fusion,furniture_backrest/right/01,furniture_backrest,backrest,False,171,0,0.0,0.0,0.0
table__u01,furniture,table,shelf,shelf,dbscan_fusion,furniture_leg/left/01,furniture_leg,leg,False,687,0,0.0,0.0,0.0
table__u01,furniture,table,shelf,shelf,dbscan_fusion,furniture_seat/center/01,furniture_seat,seat,False,2691,0,0.0,0.0,0.0
table__u01,furniture,table,shelf,shelf,dbscan_fusion,furniture_stretcher/left/01,furniture_stretcher,stretcher,False,39,0,0.0,0.0,0.0
table__u01,furniture,table,shelf,shelf,dbscan_fusion,furniture_stretcher/left/02,furniture_stretcher,stretcher,False,410,0,0.0,0.0,0.0
table__u01,furniture,table,shelf,shelf,dbscan_fusion,furniture_visual_panel_01/right/01,furniture_visual_panel_01,visual_panel_01,False,355,0,0.0,0.0,0.0
table__u01,furniture,table,shelf,shelf,dbscan_fusion,furniture_visual_panel_02/left/01,furniture_visual_panel_02,visual_panel_02,False,209,0,0.0,0.0,0.0
table__u01,furniture,table,shelf,shelf,hpid_split_group_ids,object_001/furniture_body,furniture_body,body,False,5652,0,0.0,0.0,0.0
table__u01,furniture,table,shelf,shelf,hpid_split_group_ids,object_001/furniture_physical_panel_02/006,furniture_physical_panel_02,physical_panel_02,False,209,0,0.0,0.0,0.0
bottle__u01,container,bottle,base,base,raw_proposals,proposal/0001,container,body,False,14430,12,0.0007089265670230992,0.0008316008316008316,0.004782781984854523
bottle__u01,container,bottle,base,base,raw_proposals,proposal/0002,container_label,label,False,4097,0,0.0,0.0,0.0
bottle__u01,container,bottle,base,base,raw_proposals,proposal/0003,container_pull_tab,pull_tab,False,551,0,0.0,0.0,0.0
bottle__u01,container,bottle,base,base,raw_proposals,proposal/0004,container_base,base,True,123,0,0.0,0.0,0.0
bottle__u01,container,bottle,base,base,raw_proposals,proposal/0005,container_inner,inner,False,4309,0,0.0,0.0,0.0
bottle__u01,container,bottle,base,base,raw_proposals,proposal/0006,container_pull_tab,pull_tab,False,863,0,0.0,0.0,0.0
bottle__u01,container,bottle,base,base,raw_proposals,proposal/0007,container_spout,spout,False,407,0,0.0,0.0,0.0
bottle__u01,container,bottle,base,base,raw_proposals,proposal/0008,container_visual_panel_02,visual_panel_02,False,459,0,0.0,0.0,0.0
bottle__u01,container,bottle,base,base,raw_proposals,proposal/0009,container_visual_panel_03,visual_panel_03,False,243,0,0.0,0.0,0.0
bottle__u01,container,bottle,base,base,raw_proposals,proposal/0010,container_label,label,False,1272,0,0.0,0.0,0.0
bottle__u01,container,bottle,base,base,raw_proposals,proposal/0011,container_visual_panel_05,visual_panel_05,False,248,0,0.0,0.0,0.0
bottle__u01,container,bottle,base,base,raw_proposals,proposal/0012,container_handle,handle,False,2184,0,0.0,0.0,0.0
bottle__u01,container,bottle,base,base,dbscan_fusion,container/right/01,container,body,False,6264,12,0.0013697066544914964,0.0019157088122605363,0.004782781984854523
bottle__u01,container,bottle,base,base,dbscan_fusion,container_base/left/01,container_base,base,True,11,0,0.0,0.0,0.0
bottle__u01,container,bottle,base,base,dbscan_fusion,container_handle/center/01,container_handle,handle,False,2114,0,0.0,0.0,0.0
bottle__u01,container,bottle,base,base,dbscan_fusion,container_inner/left/01,container_inner,inner,False,3446,0,0.0,0.0,0.0
bottle__u01,container,bottle,base,base,dbscan_fusion,container_label/right/01,container_label,label,False,1272,0,0.0,0.0,0.0
bottle__u01,container,bottle,base,base,dbscan_fusion,container_pull_tab/left/01,container_pull_tab,pull_tab,False,863,0,0.0,0.0,0.0
bottle__u01,container,bottle,base,base,dbscan_fusion,container_visual_panel_02/right/01,container_visual_panel_02,visual_panel_02,False,223,0,0.0,0.0,0.0
bottle__u01,container,bottle,base,base,dbscan_fusion,container_visual_panel_03/right/01,container_visual_panel_03,visual_panel_03,False,235,0,0.0,0.0,0.0
bottle__u01,container,bottle,base,base,hpid_split_group_ids,object_001/container_body,container_body,body,False,11345,12,0.0008669267446900737,0.0010577346848832084,0.004782781984854523
bottle__u01,container,bottle,base,base,hpid_split_group_ids,object_001/container_base/002,container_base,base,True,127,0,0.0,0.0,0.0
bottle__u01,container,bottle,base,base,hpid_split_group_ids,object_001/container_label/005,container_label,label,False,2054,0,0.0,0.0,0.0
bottle__u01,container,bottle,base,base,hpid_split_group_ids,object_001/container_pull_tab/006,container_pull_tab,pull_tab,False,815,0,0.0,0.0,0.0
bottle__u01,container,bottle,base,base,hpid_split_group_ids,object_001/container_spout/007,container_spout,spout,False,77,0,0.0,0.0,0.0
jar__u01,container,jar,base,base,raw_proposals,proposal/0001,container,body,False,9323,533,0.05665993409163389,0.05717043869998927,0.8638573743922204
jar__u01,container,jar,base,base,raw_proposals,proposal/0002,container_label,label,False,216,0,0.0,0.0,0.0
jar__u01,container,jar,base,base,raw_proposals,proposal/0003,container_label,label,False,98,0,0.0,0.0,0.0
jar__u01,container,jar,base,base,raw_proposals,proposal/0004,container_bottom,bottom,False,1344,533,0.37324929971988796,0.39657738095238093,0.8638573743922204
jar__u01,container,jar,base,base,raw_proposals,proposal/0005,container_pull_tab,pull_tab,False,24,0,0.0,0.0,0.0
jar__u01,container,jar,base,base,raw_proposals,proposal/0006,container_rim,rim,False,1335,0,0.0,0.0,0.0
jar__u01,container,jar,base,base,raw_proposals,proposal/0007,container_label,label,False,1962,0,0.0,0.0,0.0
jar__u01,container,jar,base,base,raw_proposals,proposal/0008,container_label,label,False,1961,0,0.0,0.0,0.0
jar__u01,container,jar,base,base,raw_proposals,proposal/0009,container_label,label,False,2394,0,0.0,0.0,0.0
jar__u01,container,jar,base,base,raw_proposals,proposal/0010,container_lid,lid,False,2480,0,0.0,0.0,0.0
jar__u01,container,jar,base,base,raw_proposals,proposal/0011,container_handle,handle,False,587,0,0.0,0.0,0.0
jar__u01,container,jar,base,base,raw_proposals,proposal/0012,container_label,label,False,1534,0,0.0,0.0,0.0
jar__u01,container,jar,base,base,raw_proposals,proposal/0013,container_label,label,False,1275,0,0.0,0.0,0.0
jar__u01,container,jar,base,base,dbscan_fusion,container/left/01,container,body,False,1303,0,0.0,0.0,0.0
jar__u01,container,jar,base,base,dbscan_fusion,container_bottom/center/01,container_bottom,bottom,False,1191,533,0.4180392156862745,0.4475230898404702,0.8638573743922204
jar__u01,container,jar,base,base,dbscan_fusion,container_handle/right/01,container_handle,handle,False,35,0,0.0,0.0,0.0
jar__u01,container,jar,base,base,dbscan_fusion,container_label/left/01,container_label,label,False,1960,0,0.0,0.0,0.0
jar__u01,container,jar,base,base,dbscan_fusion,container_label/right/01,container_label,label,False,2394,0,0.0,0.0,0.0
jar__u01,container,jar,base,base,dbscan_fusion,container_lid/center/01,container_lid,lid,False,2440,0,0.0,0.0,0.0
jar__u01,container,jar,base,base,hpid_split_group_ids,object_001/container_body,container_body,body,False,1274,0,0.0,0.0,0.0
jar__u01,container,jar,base,base,hpid_split_group_ids,object_001/container_bottom/002,container_bottom,bottom,False,1208,533,0.41253869969040247,0.4412251655629139,0.8638573743922204
jar__u01,container,jar,base,base,hpid_split_group_ids,object_001/container_handle/003,container_handle,handle,False,476,0,0.0,0.0,0.0
jar__u01,container,jar,base,base,hpid_split_group_ids,object_001/container_label/004,container_label,label,False,1946,0,0.0,0.0,0.0
jar__u01,container,jar,base,base,hpid_split_group_ids,object_001/container_label/005,container_label,label,False,2384,0,0.0,0.0,0.0
jar__u01,container,jar,base,base,hpid_split_group_ids,object_001/container_lid/006,container_lid,lid,False,2008,0,0.0,0.0,0.0
can__u01,container,can,body,body,raw_proposals,proposal/0001,container,body,True,7993,1837,0.21076181734740707,0.22982609783560615,0.717578125
can__u01,container,can,body,body,raw_proposals,proposal/0002,container_spout,spout,False,665,39,0.01224105461393597,0.058646616541353384,0.015234375
can__u01,container,can,body,body,raw_proposals,proposal/0003,container_label,label,False,2185,114,0.024616713452817966,0.05217391304347826,0.04453125
can__u01,container,can,body,body,raw_proposals,proposal/0004,container_pull_tab,pull_tab,False,157,0,0.0,0.0,0.0
can__u01,container,can,body,body,raw_proposals,proposal/0005,container_base,base,False,44,33,0.012835472578763127,0.75,0.012890625
can__u01,container,can,body,body,raw_proposals,proposal/0006,container_label,label,False,4675,477,0.07058301272565848,0.10203208556149733,0.186328125
can__u01,container,can,body,body,raw_proposals,proposal/0007,container_lid,lid,False,667,18,0.005609224057338735,0.026986506746626688,0.00703125
can__u01,container,can,body,body,raw_proposals,proposal/0008,container_handle,handle,False,199,44,0.016206261510128914,0.22110552763819097,0.0171875
can__u01,container,can,body,body,raw_proposals,proposal/0009,container_pull_tab,pull_tab,False,264,0,0.0,0.0,0.0
can__u01,container,can,body,body,raw_proposals,proposal/0010,container_pull_tab,pull_tab,False,158,0,0.0,0.0,0.0
can__u01,container,can,body,body,raw_proposals,proposal/0011,container_label,label,False,2648,337,0.06918497228495175,0.12726586102719034,0.131640625
can__u01,container,can,body,body,raw_proposals,proposal/0012,container_label,label,False,2920,250,0.04780114722753346,0.08561643835616438,0.09765625
can__u01,container,can,body,body,raw_proposals,proposal/0013,container_lid,lid,False,286,0,0.0,0.0,0.0
can__u01,container,can,body,body,dbscan_fusion,container/left/01,container,body,True,3104,1339,0.30959537572254336,0.43137886597938147,0.523046875
can__u01,container,can,body,body,dbscan_fusion,container_base/left/01,container_base,base,False,44,33,0.012835472578763127,0.75,0.012890625
can__u01,container,can,body,body,dbscan_fusion,container_label/right/01,container_label,label,False,3978,427,0.06987399770904926,0.10734037204625439,0.166796875
can__u01,container,can,body,body,dbscan_fusion,container_pull_tab/left/01,container_pull_tab,pull_tab,False,203,0,0.0,0.0,0.0
can__u01,container,can,body,body,dbscan_fusion,container_spout/left/01,container_spout,spout,False,664,38,0.011927181418706842,0.0572289156626506,0.01484375
can__u01,container,can,body,body,hpid_split_group_ids,object_001/container_body,container_body,body,True,2353,1215,0.32855597620335314,0.5163620909477263,0.474609375
can__u01,container,can,body,body,hpid_split_group_ids,object_001/container_base/002,container_base,base,False,45,34,0.013224426293271101,0.7555555555555555,0.01328125
can__u01,container,can,body,body,hpid_split_group_ids,object_001/container_label/003,container_label,label,False,4788,543,0.07979426891991183,0.11340852130325814,0.212109375
can__u01,container,can,body,body,hpid_split_group_ids,object_001/container_lid/004,container_lid,lid,False,493,18,0.005930807248764415,0.036511156186612576,0.00703125
can__u01,container,can,body,body,hpid_split_group_ids,object_001/container_spout/005,container_spout,spout,False,136,27,0.010116148370176097,0.19852941176470587,0.010546875
can__u01,container,can,body,body,hpid_split_group_ids,object_001/container_pull_tab/006,container_pull_tab,pull_tab,False,177,0,0.0,0.0,0.0
cup__u01,container,cup,handle,handle,raw_proposals,proposal/0001,container,body,False,3486,35,0.00782822634757325,0.010040160642570281,0.03431372549019608
cup__u01,container,cup,handle,handle,raw_proposals,proposal/0002,container_bottom,bottom,False,1986,0,0.0,0.0,0.0
cup__u01,container,cup,handle,handle,raw_proposals,proposal/0003,container_base,base,False,135,0,0.0,0.0,0.0
cup__u01,container,cup,handle,handle,raw_proposals,proposal/0004,container_inner,inner,False,1185,7,0.0031847133757961785,0.00590717299578059,0.006862745098039216
cup__u01,container,cup,handle,handle,raw_proposals,proposal/0005,container_inner,inner,False,1242,3,0.0013280212483399733,0.0024154589371980675,0.0029411764705882353
cup__u01,container,cup,handle,handle,raw_proposals,proposal/0006,container_rim,rim,False,77,0,0.0,0.0,0.0
cup__u01,container,cup,handle,handle,raw_proposals,proposal/0007,container_rim,rim,False,23,0,0.0,0.0,0.0
cup__u01,container,cup,handle,handle,raw_proposals,proposal/0008,container_visual_strip_02,visual_strip_02,False,60,0,0.0,0.0,0.0
cup__u01,container,cup,handle,handle,raw_proposals,proposal/0009,container_visual_panel_02,visual_panel_02,False,257,0,0.0,0.0,0.0
cup__u01,container,cup,handle,handle,raw_proposals,proposal/0010,container_visual_panel_03,visual_panel_03,False,101,0,0.0,0.0,0.0
cup__u01,container,cup,handle,handle,dbscan_fusion,container/right/01,container,body,False,260,28,0.022364217252396165,0.1076923076923077,0.027450980392156862
cup__u01,container,cup,handle,handle,dbscan_fusion,container_base/center/01,container_base,base,False,135,0,0.0,0.0,0.0
cup__u01,container,cup,handle,handle,dbscan_fusion,container_bottom/center/01,container_bottom,bottom,False,1429,0,0.0,0.0,0.0
cup__u01,container,cup,handle,handle,dbscan_fusion,container_inner/right/01,container_inner,inner,False,1185,7,0.0031847133757961785,0.00590717299578059,0.006862745098039216
cup__u01,container,cup,handle,handle,dbscan_fusion,container_rim/left/01,container_rim,rim,False,77,0,0.0,0.0,0.0
cup__u01,container,cup,handle,handle,dbscan_fusion,container_rim/left/02,container_rim,rim,False,23,0,0.0,0.0,0.0
cup__u01,container,cup,handle,handle,dbscan_fusion,container_visual_panel_02/right/01,container_visual_panel_02,visual_panel_02,False,257,0,0.0,0.0,0.0
cup__u01,container,cup,handle,handle,dbscan_fusion,container_visual_panel_03/left/01,container_visual_panel_03,visual_panel_03,False,100,0,0.0,0.0,0.0
cup__u01,container,cup,handle,handle,dbscan_fusion,container_visual_strip_02/right/01,container_visual_strip_02,visual_strip_02,False,20,0,0.0,0.0,0.0
cup__u01,container,cup,handle,handle,hpid_split_group_ids,object_001/container_body,container_body,body,False,380,28,0.02040816326530612,0.07368421052631578,0.027450980392156862
cup__u01,container,cup,handle,handle,hpid_split_group_ids,object_001/container_base/002,container_base,base,False,135,0,0.0,0.0,0.0
cup__u01,container,cup,handle,handle,hpid_split_group_ids,object_001/container_bottom/003,container_bottom,bottom,False,1621,0,0.0,0.0,0.0
cup__u01,container,cup,handle,handle,hpid_split_group_ids,object_001/container_inner/004,container_inner,inner,False,1249,7,0.003094606542882405,0.005604483586869495,0.006862745098039216
cup__u01,container,cup,handle,handle,hpid_split_group_ids,object_001/container_rim/005,container_rim,rim,False,23,0,0.0,0.0,0.0
cup__u01,container,cup,handle,handle,hpid_split_group_ids,object_001/container_rim/006,container_rim,rim,False,77,0,0.0,0.0,0.0
mug__u01,container,mug,inner_body,inner,raw_proposals,proposal/0001,container,body,False,30479,8946,0.29351356671806816,0.29351356671806816,1.0
mug__u01,container,mug,inner_body,inner,raw_proposals,proposal/0002,container_label,label,False,2782,0,0.0,0.0,0.0
mug__u01,container,mug,inner_body,inner,raw_proposals,proposal/0003,container_label,label,False,1159,0,0.0,0.0,0.0
mug__u01,container,mug,inner_body,inner,raw_proposals,proposal/0004,container_inner,inner,True,9501,8120,0.7862883702914689,0.8546468792758657,0.9076682316118936
mug__u01,container,mug,inner_body,inner,raw_proposals,proposal/0005,container_handle,handle,False,2771,0,0.0,0.0,0.0
mug__u01,container,mug,inner_body,inner,raw_proposals,proposal/0006,container_bottom,bottom,False,4548,2301,0.20557491289198607,0.5059366754617414,0.25720992622401073
mug__u01,container,mug,inner_body,inner,raw_proposals,proposal/0007,container_label,label,False,5641,0,0.0,0.0,0.0
mug__u01,container,mug,inner_body,inner,raw_proposals,proposal/0008,container_label,label,False,451,0,0.0,0.0,0.0
mug__u01,container,mug,inner_body,inner,raw_proposals,proposal/0009,container_handle,handle,False,2573,0,0.0,0.0,0.0
mug__u01,container,mug,inner_body,inner,raw_proposals,proposal/0010,container_label,label,False,12958,0,0.0,0.0,0.0
mug__u01,container,mug,inner_body,inner,raw_proposals,proposal/0011,container_base,base,False,394,0,0.0,0.0,0.0
mug__u01,container,mug,inner_body,inner,raw_proposals,proposal/0012,container_rim,rim,False,32,0,0.0,0.0,0.0
mug__u01,container,mug,inner_body,inner,dbscan_fusion,container/center/01,container,body,False,9626,826,0.04654570043953567,0.08580926656970704,0.09233176838810642
mug__u01,container,mug,inner_body,inner,dbscan_fusion,container_bottom/left/01,container_bottom,bottom,False,585,0,0.0,0.0,0.0
mug__u01,container,mug,inner_body,inner,dbscan_fusion,container_handle/right/01,container_handle,handle,False,2771,0,0.0,0.0,0.0
mug__u01,container,mug,inner_body,inner,dbscan_fusion,container_inner/center/01,container_inner,inner,True,9501,8120,0.7862883702914689,0.8546468792758657,0.9076682316118936
mug__u01,container,mug,inner_body,inner,dbscan_fusion,container_label/left/01,container_label,label,False,451,0,0.0,0.0,0.0
mug__u01,container,mug,inner_body,inner,dbscan_fusion,container_label/left/02,container_label,label,False,1904,0,0.0,0.0,0.0
mug__u01,container,mug,inner_body,inner,dbscan_fusion,container_label/left/03,container_label,label,False,5641,0,0.0,0.0,0.0
mug__u01,container,mug,inner_body,inner,hpid_split_group_ids,object_001/container_body,container_body,body,False,8788,826,0.04885261414714928,0.09399180700955849,0.09233176838810642
mug__u01,container,mug,inner_body,inner,hpid_split_group_ids,object_001/container_bottom/002,container_bottom,bottom,False,1432,513,0.05200202736948809,0.35824022346368717,0.05734406438631791
mug__u01,container,mug,inner_body,inner,hpid_split_group_ids,object_001/container_handle/003,container_handle,handle,False,2800,0,0.0,0.0,0.0
mug__u01,container,mug,inner_body,inner,hpid_split_group_ids,object_001/container_inner/004,container_inner,inner,True,8728,7607,0.7556372305552796,0.8715627864344638,0.8503241672255757
mug__u01,container,mug,inner_body,inner,hpid_split_group_ids,object_001/container_label/005,container_label,label,False,8731,0,0.0,0.0,0.0
glass_drink_container__u01,container,glass_(drink_container),base,base,raw_proposals,proposal/0001,container,body,False,20273,0,0.0,0.0,0.0
glass_drink_container__u01,container,glass_(drink_container),base,base,raw_proposals,proposal/0002,container_label,label,False,972,0,0.0,0.0,0.0
glass_drink_container__u01,container,glass_(drink_container),base,base,raw_proposals,proposal/0003,container_label,label,False,1250,0,0.0,0.0,0.0
glass_drink_container__u01,container,glass_(drink_container),base,base,raw_proposals,proposal/0004,container_base,base,True,6053,0,0.0,0.0,0.0
glass_drink_container__u01,container,glass_(drink_container),base,base,raw_proposals,proposal/0005,container_inner,inner,False,145,0,0.0,0.0,0.0
glass_drink_container__u01,container,glass_(drink_container),base,base,raw_proposals,proposal/0006,container_rim,rim,False,4486,0,0.0,0.0,0.0
glass_drink_container__u01,container,glass_(drink_container),base,base,raw_proposals,proposal/0007,container_rim,rim,False,141,0,0.0,0.0,0.0
glass_drink_container__u01,container,glass_(drink_container),base,base,raw_proposals,proposal/0008,container_bottom,bottom,False,801,0,0.0,0.0,0.0
glass_drink_container__u01,container,glass_(drink_container),base,base,dbscan_fusion,container/left/01,container,body,False,9853,0,0.0,0.0,0.0
glass_drink_container__u01,container,glass_(drink_container),base,base,dbscan_fusion,container_base/right/01,container_base,base,True,5267,0,0.0,0.0,0.0
glass_drink_container__u01,container,glass_(drink_container),base,base,dbscan_fusion,container_bottom/right/01,container_bottom,bottom,False,801,0,0.0,0.0,0.0
glass_drink_container__u01,container,glass_(drink_container),base,base,dbscan_fusion,container_inner/left/01,container_inner,inner,False,145,0,0.0,0.0,0.0
glass_drink_container__u01,container,glass_(drink_container),base,base,dbscan_fusion,container_label/left/01,container_label,label,False,361,0,0.0,0.0,0.0
glass_drink_container__u01,container,glass_(drink_container),base,base,dbscan_fusion,container_label/right/01,container_label,label,False,77,0,0.0,0.0,0.0
glass_drink_container__u01,container,glass_(drink_container),base,base,dbscan_fusion,container_rim/center/01,container_rim,rim,False,132,0,0.0,0.0,0.0
glass_drink_container__u01,container,glass_(drink_container),base,base,dbscan_fusion,container_rim/right/01,container_rim,rim,False,3637,0,0.0,0.0,0.0
glass_drink_container__u01,container,glass_(drink_container),base,base,hpid_split_group_ids,object_001/container_body,container_body,body,False,16115,0,0.0,0.0,0.0
glass_drink_container__u01,container,glass_(drink_container),base,base,hpid_split_group_ids,object_001/container_label/003,container_label,label,False,87,0,0.0,0.0,0.0
glass_drink_container__u01,container,glass_(drink_container),base,base,hpid_split_group_ids,object_001/container_label/004,container_label,label,False,53,0,0.0,0.0,0.0
glass_drink_container__u01,container,glass_(drink_container),base,base,hpid_split_group_ids,object_001/container_rim/005,container_rim,rim,False,141,0,0.0,0.0,0.0
glass_drink_container__u01,container,glass_(drink_container),base,base,hpid_split_group_ids,object_001/container_rim/006,container_rim,rim,False,3877,0,0.0,0.0,0.0
bowl__u01,container,bowl,body,body,raw_proposals,proposal/0001,container,body,True,12563,3840,0.2986003110419907,0.30565947623975165,0.9282088469905729
bowl__u01,container,bowl,body,body,raw_proposals,proposal/0002,container_inner,inner,False,6578,0,0.0,0.0,0.0
bowl__u01,container,bowl,body,body,raw_proposals,proposal/0003,container_rim,rim,False,2944,524,0.07991459508921762,0.17798913043478262,0.12666183224558858
bowl__u01,container,bowl,body,body,raw_proposals,proposal/0004,container_inner,inner,False,1603,171,0.030705692224815947,0.10667498440424204,0.04133430021754895
bowl__u01,container,bowl,body,body,raw_proposals,proposal/0005,container_base,base,False,260,74,0.017117742308582002,0.2846153846153846,0.01788735798888083
bowl__u01,container,bowl,body,body,raw_proposals,proposal/0006,container_bottom,bottom,False,760,32,0.0065775950668037,0.042105263157894736,0.007735073724921441
bowl__u01,container,bowl,body,body,raw_proposals,proposal/0007,container_inner,inner,False,4448,0,0.0,0.0,0.0
bowl__u01,container,bowl,body,body,raw_proposals,proposal/0008,container_visual_panel_04,visual_panel_04,False,190,0,0.0,0.0,0.0
bowl__u01,container,bowl,body,body,dbscan_fusion,container/right/01,container,body,True,6267,3302,0.4649394536750211,0.5268868677198021,0.7981629199903312
bowl__u01,container,bowl,body,body,dbscan_fusion,container_base/right/01,container_base,base,False,15,14,0.0033832769453842437,0.9333333333333333,0.00338409475465313
bowl__u01,container,bowl,body,body,dbscan_fusion,container_inner/left/01,container_inner,inner,False,4192,0,0.0,0.0,0.0
bowl__u01,container,bowl,body,body,dbscan_fusion,container_rim/right/01,container_rim,rim,False,1899,524,0.09506531204644413,0.27593470247498686,0.12666183224558858
bowl__u01,container,bowl,body,body,dbscan_fusion,container_visual_panel_04/right/01,container_visual_panel_04,visual_panel_04,False,190,0,0.0,0.0,0.0
bowl__u01,container,bowl,body,body,hpid_split_group_ids,object_001/container_body,container_body,body,True,5993,3302,0.4835969537199766,0.5509761388286334,0.7981629199903312
bowl__u01,container,bowl,body,body,hpid_split_group_ids,object_001/container_base/002,container_base,base,False,239,74,0.017201301720130173,0.30962343096234307,0.01788735798888083
bowl__u01,container,bowl,body,body,hpid_split_group_ids,object_001/container_bottom/003,container_bottom,bottom,False,459,0,0.0,0.0,0.0
bowl__u01,container,bowl,body,body,hpid_split_group_ids,object_001/container_inner/004,container_inner,inner,False,4582,158,0.01845578787524822,0.034482758620689655,0.03819192651679961
bowl__u01,container,bowl,body,body,hpid_split_group_ids,object_001/container_rim/005,container_rim,rim,False,1285,306,0.05981235340109461,0.23813229571984434,0.07396664249456128
handbag__u01,container,handbag,rim,opening,raw_proposals,proposal/0001,container,body,False,13580,1216,0.08952366929249797,0.08954344624447717,0.9975389663658737
handbag__u01,container,handbag,rim,opening,raw_proposals,proposal/0002,container_strap,strap,False,491,0,0.0,0.0,0.0
handbag__u01,container,handbag,rim,opening,raw_proposals,proposal/0003,container_handle,handle,False,2619,0,0.0,0.0,0.0
handbag__u01,container,handbag,rim,opening,raw_proposals,proposal/0004,container_opening,opening,True,3105,1169,0.3705229793977813,0.37648953301127214,0.9589827727645611
handbag__u01,container,handbag,rim,opening,raw_proposals,proposal/0005,container_pocket,pocket,False,2183,0,0.0,0.0,0.0
handbag__u01,container,handbag,rim,opening,raw_proposals,proposal/0006,container_pocket,pocket,False,2644,0,0.0,0.0,0.0
handbag__u01,container,handbag,rim,opening,raw_proposals,proposal/0007,container_visual_panel_04,visual_panel_04,False,190,0,0.0,0.0,0.0
handbag__u01,container,handbag,rim,opening,raw_proposals,proposal/0008,container_visual_panel_05,visual_panel_05,False,571,2,0.0011185682326621924,0.0035026269702276708,0.0016406890894175555
handbag__u01,container,handbag,rim,opening,raw_proposals,proposal/0009,container_zipper,zipper,False,350,0,0.0,0.0,0.0
handbag__u01,container,handbag,rim,opening,dbscan_fusion,container/left/01,container,body,False,5126,45,0.007142857142857143,0.008778774873195474,0.03691550451189499
handbag__u01,container,handbag,rim,opening,dbscan_fusion,container_opening/left/01,container_opening,opening,True,3105,1169,0.3705229793977813,0.37648953301127214,0.9589827727645611
handbag__u01,container,handbag,rim,opening,dbscan_fusion,container_pocket/right/01,container_pocket,pocket,False,2182,0,0.0,0.0,0.0
handbag__u01,container,handbag,rim,opening,dbscan_fusion,container_pocket/right/02,container_pocket,pocket,False,2125,0,0.0,0.0,0.0
handbag__u01,container,handbag,rim,opening,dbscan_fusion,container_visual_panel_04/center/01,container_visual_panel_04,visual_panel_04,False,121,0,0.0,0.0,0.0
handbag__u01,container,handbag,rim,opening,dbscan_fusion,container_visual_panel_05/left/01,container_visual_panel_05,visual_panel_05,False,571,2,0.0011185682326621924,0.0035026269702276708,0.0016406890894175555
handbag__u01,container,handbag,rim,opening,dbscan_fusion,container_zipper/right/01,container_zipper,zipper,False,350,0,0.0,0.0,0.0
handbag__u01,container,handbag,rim,opening,hpid_split_group_ids,object_001/container_body,container_body,body,False,9261,41,0.003927579270045023,0.004427167692473815,0.033634126333059886
handbag__u01,container,handbag,rim,opening,hpid_split_group_ids,object_001/container_handle/002,container_handle,handle,False,207,0,0.0,0.0,0.0
handbag__u01,container,handbag,rim,opening,hpid_split_group_ids,object_001/container_opening/003,container_opening,opening,True,3797,1171,0.3045513654096229,0.3084013695022386,0.9606234618539786
handbag__u01,container,handbag,rim,opening,hpid_split_group_ids,object_001/container_strap/006,container_strap,strap,False,27,0,0.0,0.0,0.0
handbag__u01,container,handbag,rim,opening,hpid_split_group_ids,object_001/container_zipper/009,container_zipper,zipper,False,244,0,0.0,0.0,0.0
plastic_bag__u01,container,plastic_bag,handle,handle,raw_proposals,proposal/0001,container,body,False,16296,2037,0.12295527252972777,0.125,0.8825823223570191
plastic_bag__u01,container,plastic_bag,handle,handle,raw_proposals,proposal/0002,container_handle,handle,True,108,0,0.0,0.0,0.0
plastic_bag__u01,container,plastic_bag,handle,handle,raw_proposals,proposal/0003,container_handle,handle,True,653,592,0.24989447024060785,0.9065849923430321,0.2564991334488735
plastic_bag__u01,container,plastic_bag,handle,handle,raw_proposals,proposal/0004,container_handle,handle,True,140,128,0.05517241379310345,0.9142857142857143,0.05545927209705372
plastic_bag__u01,container,plastic_bag,handle,handle,raw_proposals,proposal/0005,container_body,body,False,6359,0,0.0,0.0,0.0
plastic_bag__u01,container,plastic_bag,handle,handle,raw_proposals,proposal/0006,container_opening,opening,False,154,0,0.0,0.0,0.0
plastic_bag__u01,container,plastic_bag,handle,handle,dbscan_fusion,container/left/01,container,body,False,9046,1317,0.13121450632659162,0.14558921070086225,0.5706239168110918
plastic_bag__u01,container,plastic_bag,handle,handle,dbscan_fusion,container_body/right/01,container_body,body,False,6251,0,0.0,0.0,0.0
plastic_bag__u01,container,plastic_bag,handle,handle,dbscan_fusion,container_handle/left/01,container_handle,handle,True,140,128,0.05517241379310345,0.9142857142857143,0.05545927209705372
plastic_bag__u01,container,plastic_bag,handle,handle,dbscan_fusion,container_handle/right/01,container_handle,handle,True,653,592,0.24989447024060785,0.9065849923430321,0.2564991334488735
plastic_bag__u01,container,plastic_bag,handle,handle,dbscan_fusion,container_handle/right/02,container_handle,handle,True,108,0,0.0,0.0,0.0
plastic_bag__u01,container,plastic_bag,handle,handle,dbscan_fusion,container_opening/center/01,container_opening,opening,False,98,0,0.0,0.0,0.0
plastic_bag__u01,container,plastic_bag,handle,handle,hpid_split_group_ids,object_001/container_body,container_body,body,False,10255,1445,0.12996941896024464,0.1409068746952706,0.6260831889081456
plastic_bag__u01,container,plastic_bag,handle,handle,hpid_split_group_ids,object_001/container_body/002,container_body,body,False,5228,0,0.0,0.0,0.0
plastic_bag__u01,container,plastic_bag,handle,handle,hpid_split_group_ids,object_001/container_handle/003,container_handle,handle,True,653,592,0.24989447024060785,0.9065849923430321,0.2564991334488735
plastic_bag__u01,container,plastic_bag,handle,handle,hpid_split_group_ids,object_001/container_handle/004,container_handle,handle,True,108,0,0.0,0.0,0.0
plastic_bag__u01,container,plastic_bag,handle,handle,hpid_split_group_ids,object_001/container_opening/005,container_opening,opening,False,52,0,0.0,0.0,0.0
box__u01,container,box,side,side,raw_proposals,proposal/0001,container,body,False,58177,8177,0.14037286273432673,0.14055382711380787,0.9909112942317014
box__u01,container,box,side,side,raw_proposals,proposal/0002,container_side,side,True,10073,6437,0.5414703903095559,0.6390350441775042,0.780053320407174
box__u01,container,box,side,side,raw_proposals,proposal/0003,container_side,side,True,29596,0,0.0,0.0,0.0
box__u01,container,box,side,side,raw_proposals,proposal/0004,container_bottom,bottom,False,9986,6439,0.5457242139164336,0.6448027238133387,0.7802956858943286
box__u01,container,box,side,side,raw_proposals,proposal/0005,container_label,label,False,1724,1724,0.20891904992729035,1.0,0.20891904992729035
box__u01,container,box,side,side,raw_proposals,proposal/0006,container_side,side,True,41256,7135,0.16838552852052013,0.1729445414000388,0.8646388754241396
box__u01,container,box,side,side,raw_proposals,proposal/0007,container_bottom,bottom,False,19369,8162,0.41944601469756926,0.4213950126490784,0.9890935530780417
box__u01,container,box,side,side,raw_proposals,proposal/0008,container_visual_panel_01,visual_panel_01,False,11253,0,0.0,0.0,0.0
box__u01,container,box,side,side,raw_proposals,proposal/0009,container_visual_strip_01,visual_strip_01,False,1363,0,0.0,0.0,0.0
box__u01,container,box,side,side,raw_proposals,proposal/0010,container_lid,lid,False,513,0,0.0,0.0,0.0
box__u01,container,box,side,side,raw_proposals,proposal/0011,container_side,side,True,29574,0,0.0,0.0,0.0
box__u01,container,box,side,side,raw_proposals,proposal/0012,container_outer_side,outer_side,False,342,0,0.0,0.0,0.0
box__u01,container,box,side,side,raw_proposals,proposal/0013,container_outer_side,outer_side,False,148,0,0.0,0.0,0.0
box__u01,container,box,side,side,raw_proposals,proposal/0014,container_shoulder,shoulder,False,1765,0,0.0,0.0,0.0
box__u01,container,box,side,side,raw_proposals,proposal/0015,container_side,side,True,8283,4,0.0002419696328110822,0.00048291681757817216,0.0004847309743092584
box__u01,container,box,side,side,raw_proposals,proposal/0016,container_label,label,False,4655,4562,0.5466746554823247,0.9800214822771214,0.5528356761997092
box__u01,container,box,side,side,raw_proposals,proposal/0017,container_bottom,bottom,False,5045,4923,0.5878910914736087,0.9758176412289395,0.5965826466311197
box__u01,container,box,side,side,dbscan_fusion,container/right/01,container,body,False,7607,30,0.0018952555436224652,0.0039437360326015514,0.003635482307319438
box__u01,container,box,side,side,dbscan_fusion,container_bottom/left/01,container_bottom,bottom,False,7038,3583,0.30605620568890407,0.5090934924694516,0.43419777023751815
box__u01,container,box,side,side,dbscan_fusion,container_label/right/01,container_label,label,False,4655,4562,0.5466746554823247,0.9800214822771214,0.5528356761997092
box__u01,container,box,side,side,dbscan_fusion,container_outer_side/left/01,container_outer_side,outer_side,False,148,0,0.0,0.0,0.0
box__u01,container,box,side,side,dbscan_fusion,container_outer_side/right/01,container_outer_side,outer_side,False,341,0,0.0,0.0,0.0
box__u01,container,box,side,side,dbscan_fusion,container_shoulder/left/01,container_shoulder,shoulder,False,185,0,0.0,0.0,0.0
box__u01,container,box,side,side,dbscan_fusion,container_side/left/01,container_side,side,True,8281,2,0.0001209848164055411,0.00024151672503320854,0.0002423654871546292
box__u01,container,box,side,side,dbscan_fusion,container_side/right/01,container_side,side,True,29622,0,0.0,0.0,0.0
box__u01,container,box,side,side,dbscan_fusion,container_visual_panel_01/left/01,container_visual_panel_01,visual_panel_01,False,255,0,0.0,0.0,0.0
box__u01,container,box,side,side,dbscan_fusion,container_visual_strip_01/right/01,container_visual_strip_01,visual_strip_01,False,45,0,0.0,0.0,0.0
box__u01,container,box,side,side,hpid_split_group_ids,object_001/container_body,container_body,body,False,14193,15,0.0006687472135532769,0.001056859015007398,0.001817741153659719
box__u01,container,box,side,side,hpid_split_group_ids,object_001/container_bottom/002,container_bottom,bottom,False,12150,7080,0.5314517339738778,0.582716049382716,0.8579738245273874
box__u01,container,box,side,side,hpid_split_group_ids,object_001/container_label/003,container_label,label,False,812,812,0.09840038778477944,1.0,0.09840038778477944
box__u01,container,box,side,side,hpid_split_group_ids,object_001/container_lid/004,container_lid,lid,False,143,0,0.0,0.0,0.0
box__u01,container,box,side,side,hpid_split_group_ids,object_001/container_side/005,container_side,side,True,30875,270,0.00694855495792264,0.00874493927125506,0.03271934076587494
car_automobile__u01,vehicle,car_(automobile),bumper,bumper,raw_proposals,proposal/0001,vehicle,body,False,11317,2219,0.19543773119605426,0.1960766987717593,0.9835992907801419
car_automobile__u01,vehicle,car_(automobile),bumper,bumper,raw_proposals,proposal/0002,vehicle_fender,fender,False,1065,0,0.0,0.0,0.0
car_automobile__u01,vehicle,car_(automobile),bumper,bumper,raw_proposals,proposal/0003,vehicle_grille,grille,False,290,0,0.0,0.0,0.0
car_automobile__u01,vehicle,car_(automobile),bumper,bumper,raw_proposals,proposal/0004,vehicle_wiper,wiper,False,114,0,0.0,0.0,0.0
car_automobile__u01,vehicle,car_(automobile),bumper,bumper,raw_proposals,proposal/0005,vehicle_wiper,wiper,False,94,0,0.0,0.0,0.0
car_automobile__u01,vehicle,car_(automobile),bumper,bumper,raw_proposals,proposal/0006,vehicle_wiper,wiper,False,57,0,0.0,0.0,0.0
car_automobile__u01,vehicle,car_(automobile),bumper,bumper,raw_proposals,proposal/0007,vehicle_door,door,False,1977,91,0.02197006277160792,0.04602933737986849,0.040336879432624116
car_automobile__u01,vehicle,car_(automobile),bumper,bumper,raw_proposals,proposal/0008,vehicle_roof,roof,False,569,0,0.0,0.0,0.0
car_automobile__u01,vehicle,car_(automobile),bumper,bumper,raw_proposals,proposal/0009,vehicle_window,window,False,887,0,0.0,0.0,0.0
car_automobile__u01,vehicle,car_(automobile),bumper,bumper,raw_proposals,proposal/0010,vehicle_wheel,tire,False,195,0,0.0,0.0,0.0
car_automobile__u01,vehicle,car_(automobile),bumper,bumper,raw_proposals,proposal/0011,vehicle_windshield,windshield,False,1789,0,0.0,0.0,0.0
car_automobile__u01,vehicle,car_(automobile),bumper,bumper,raw_proposals,proposal/0012,vehicle_mirror,mirror,False,114,0,0.0,0.0,0.0
car_automobile__u01,vehicle,car_(automobile),bumper,bumper,raw_proposals,proposal/0013,vehicle_tire,tire,False,518,26,0.009461426491994178,0.05019305019305019,0.01152482269503546
car_automobile__u01,vehicle,car_(automobile),bumper,bumper,raw_proposals,proposal/0014,vehicle_window,window,False,2122,0,0.0,0.0,0.0
car_automobile__u01,vehicle,car_(automobile),bumper,bumper,raw_proposals,proposal/0015,vehicle_rim,rim,False,448,7,0.0025954764553207266,0.015625,0.0031028368794326243
car_automobile__u01,vehicle,car_(automobile),bumper,bumper,raw_proposals,proposal/0016,vehicle_bumper,bumper,True,3598,1459,0.33196814562002275,0.40550305725403,0.6467198581560284
car_automobile__u01,vehicle,car_(automobile),bumper,bumper,raw_proposals,proposal/0017,vehicle_handle,handle,False,176,0,0.0,0.0,0.0
car_automobile__u01,vehicle,car_(automobile),bumper,bumper,raw_proposals,proposal/0018,vehicle_roof,roof,False,1707,0,0.0,0.0,0.0
car_automobile__u01,vehicle,car_(automobile),bumper,bumper,raw_proposals,proposal/0019,vehicle_headlight,headlight,False,225,34,0.013894564773191663,0.1511111111111111,0.015070921985815602
car_automobile__u01,vehicle,car_(automobile),bumper,bumper,raw_proposals,proposal/0020,vehicle_hood,hood,False,26,0,0.0,0.0,0.0
car_automobile__u01,vehicle,car_(automobile),bumper,bumper,raw_proposals,proposal/0021,vehicle_taillight,taillight,False,171,0,0.0,0.0,0.0
car_automobile__u01,vehicle,car_(automobile),bumper,bumper,raw_proposals,proposal/0022,vehicle_turn_signal,turn_signal,False,139,18,0.007572570466975179,0.12949640287769784,0.007978723404255319
car_automobile__u01,vehicle,car_(automobile),bumper,bumper,raw_proposals,proposal/0023,vehicle_windshield,windshield,False,503,0,0.0,0.0,0.0
car_automobile__u01,vehicle,car_(automobile),bumper,bumper,raw_proposals,proposal/0024,vehicle_mirror,mirror,False,111,0,0.0,0.0,0.0
car_automobile__u01,vehicle,car_(automobile),bumper,bumper,raw_proposals,proposal/0025,vehicle_wiper,wiper,False,55,0,0.0,0.0,0.0
car_automobile__u01,vehicle,car_(automobile),bumper,bumper,raw_proposals,proposal/0026,vehicle_door,door,False,3779,1079,0.21771589991928975,0.28552527123577665,0.4782801418439716
car_automobile__u01,vehicle,car_(automobile),bumper,bumper,raw_proposals,proposal/0027,vehicle_headlight,headlight,False,241,4,0.001604492579221821,0.016597510373443983,0.0017730496453900709
car_automobile__u01,vehicle,car_(automobile),bumper,bumper,raw_proposals,proposal/0028,vehicle_grille,grille,False,195,0,0.0,0.0,0.0
car_automobile__u01,vehicle,car_(automobile),bumper,bumper,raw_proposals,proposal/0029,vehicle_turn_signal,turn_signal,False,81,0,0.0,0.0,0.0
car_automobile__u01,vehicle,car_(automobile),bumper,bumper,raw_proposals,proposal/0030,vehicle_visual_panel_01,visual_panel_01,False,354,0,0.0,0.0,0.0
car_automobile__u01,vehicle,car_(automobile),bumper,bumper,raw_proposals,proposal/0031,vehicle_tire,tire,False,490,25,0.009187798603454611,0.05102040816326531,0.011081560283687944
car_automobile__u01,vehicle,car_(automobile),bumper,bumper,dbscan_fusion,vehicle/left/01,vehicle,body,False,2535,262,0.057849414881872376,0.10335305719921105,0.11613475177304965
car_automobile__u01,vehicle,car_(automobile),bumper,bumper,dbscan_fusion,vehicle_bumper/left/01,vehicle_bumper,bumper,True,3125,1433,0.36296859169199597,0.45856,0.6351950354609929
car_automobile__u01,vehicle,car_(automobile),bumper,bumper,dbscan_fusion,vehicle_door/right/01,vehicle_door,door,False,2053,449,0.11632124352331606,0.21870433511933757,0.19902482269503546
car_automobile__u01,vehicle,car_(automobile),bumper,bumper,dbscan_fusion,vehicle_fender/right/01,vehicle_fender,fender,False,926,0,0.0,0.0,0.0
car_automobile__u01,vehicle,car_(automobile),bumper,bumper,dbscan_fusion,vehicle_grille/left/01,vehicle_grille,grille,False,195,0,0.0,0.0,0.0
car_automobile__u01,vehicle,car_(automobile),bumper,bumper,dbscan_fusion,vehicle_handle/center/01,vehicle_handle,handle,False,172,0,0.0,0.0,0.0
car_automobile__u01,vehicle,car_(automobile),bumper,bumper,dbscan_fusion,vehicle_headlight/right/01,vehicle_headlight,headlight,False,225,34,0.013894564773191663,0.1511111111111111,0.015070921985815602
car_automobile__u01,vehicle,car_(automobile),bumper,bumper,dbscan_fusion,vehicle_mirror/right/01,vehicle_mirror,mirror,False,114,0,0.0,0.0,0.0
car_automobile__u01,vehicle,car_(automobile),bumper,bumper,dbscan_fusion,vehicle_roof/center/01,vehicle_roof,roof,False,645,0,0.0,0.0,0.0
car_automobile__u01,vehicle,car_(automobile),bumper,bumper,dbscan_fusion,vehicle_taillight/right/01,vehicle_taillight,taillight,False,159,0,0.0,0.0,0.0
car_automobile__u01,vehicle,car_(automobile),bumper,bumper,dbscan_fusion,vehicle_tire/right/01,vehicle_tire,tire,False,493,23,0.008437270726338958,0.04665314401622718,0.010195035460992909
car_automobile__u01,vehicle,car_(automobile),bumper,bumper,dbscan_fusion,vehicle_turn_signal/left/01,vehicle_turn_signal,turn_signal,False,139,18,0.007572570466975179,0.12949640287769784,0.007978723404255319
car_automobile__u01,vehicle,car_(automobile),bumper,bumper,dbscan_fusion,vehicle_visual_panel_01/right/01,vehicle_visual_panel_01,visual_panel_01,False,354,0,0.0,0.0,0.0
car_automobile__u01,vehicle,car_(automobile),bumper,bumper,dbscan_fusion,vehicle_wheel/left/01,vehicle_wheel,tire,False,158,0,0.0,0.0,0.0
car_automobile__u01,vehicle,car_(automobile),bumper,bumper,dbscan_fusion,vehicle_wiper/left/01,vehicle_wiper,wiper,False,24,0,0.0,0.0,0.0
car_automobile__u01,vehicle,car_(automobile),bumper,bumper,hpid_split_group_ids,object_001/vehicle_body,vehicle_body,body,False,1006,298,0.10053981106612686,0.2962226640159046,0.1320921985815603
car_automobile__u01,vehicle,car_(automobile),bumper,bumper,hpid_split_group_ids,object_001/vehicle_bumper/002,vehicle_bumper,bumper,True,3149,1441,0.36352169525731587,0.4576055890758971,0.6387411347517731
car_automobile__u01,vehicle,car_(automobile),bumper,bumper,hpid_split_group_ids,object_001/vehicle_door/003,vehicle_door,door,False,2683,425,0.09415152857775809,0.15840477077897874,0.18838652482269502
car_automobile__u01,vehicle,car_(automobile),bumper,bumper,hpid_split_group_ids,object_001/vehicle_fender/004,vehicle_fender,fender,False,679,0,0.0,0.0,0.0
car_automobile__u01,vehicle,car_(automobile),bumper,bumper,hpid_split_group_ids,object_001/vehicle_grille/005,vehicle_grille,grille,False,195,0,0.0,0.0,0.0
car_automobile__u01,vehicle,car_(automobile),bumper,bumper,hpid_split_group_ids,object_001/vehicle_handle/006,vehicle_handle,handle,False,79,0,0.0,0.0,0.0
car_automobile__u01,vehicle,car_(automobile),bumper,bumper,hpid_split_group_ids,object_001/vehicle_headlight/007,vehicle_headlight,headlight,False,272,35,0.014039310068190935,0.12867647058823528,0.01551418439716312
car_automobile__u01,vehicle,car_(automobile),bumper,bumper,hpid_split_group_ids,object_001/vehicle_mirror/008,vehicle_mirror,mirror,False,111,0,0.0,0.0,0.0
car_automobile__u01,vehicle,car_(automobile),bumper,bumper,hpid_split_group_ids,object_001/vehicle_roof/009,vehicle_roof,roof,False,1216,0,0.0,0.0,0.0
car_automobile__u01,vehicle,car_(automobile),bumper,bumper,hpid_split_group_ids,object_001/vehicle_taillight/010,vehicle_taillight,taillight,False,141,0,0.0,0.0,0.0
car_automobile__u01,vehicle,car_(automobile),bumper,bumper,hpid_split_group_ids,object_001/vehicle_turn_signal/011,vehicle_turn_signal,turn_signal,False,139,18,0.007572570466975179,0.12949640287769784,0.007978723404255319
car_automobile__u01,vehicle,car_(automobile),bumper,bumper,hpid_split_group_ids,object_001/vehicle_wheel/013,vehicle_wheel,tire,False,157,0,0.0,0.0,0.0
car_automobile__u01,vehicle,car_(automobile),bumper,bumper,hpid_split_group_ids,object_001/vehicle_window/014,vehicle_window,window,False,946,0,0.0,0.0,0.0
car_automobile__u01,vehicle,car_(automobile),bumper,bumper,hpid_split_group_ids,object_001/vehicle_windshield/015,vehicle_windshield,windshield,False,486,0,0.0,0.0,0.0
car_automobile__u01,vehicle,car_(automobile),bumper,bumper,hpid_split_group_ids,object_001/vehicle_rim/016,vehicle_rim,rim,False,47,0,0.0,0.0,0.0
bicycle__u01,vehicle,bicycle,wheel,tire,raw_proposals,proposal/0001,vehicle,body,False,88059,47234,0.5215307834996908,0.5363903746351878,0.949560742214985
bicycle__u01,vehicle,bicycle,wheel,tire,raw_proposals,proposal/0002,vehicle_wheel,tire,True,23688,22093,0.43034399470178036,0.9326663289429247,0.44414289447761496
bicycle__u01,vehicle,bicycle,wheel,tire,raw_proposals,proposal/0003,vehicle_handlebar,handlebar,False,5025,0,0.0,0.0,0.0
bicycle__u01,vehicle,bicycle,wheel,tire,raw_proposals,proposal/0004,vehicle_chain,chain,False,12189,2792,0.047210010145417654,0.22905898761178112,0.05612850049253161
bicycle__u01,vehicle,bicycle,wheel,tire,raw_proposals,proposal/0005,vehicle_gear,gear,False,5991,0,0.0,0.0,0.0
bicycle__u01,vehicle,bicycle,wheel,tire,raw_proposals,proposal/0006,vehicle_handlebar,handlebar,False,5030,0,0.0,0.0,0.0
bicycle__u01,vehicle,bicycle,wheel,tire,raw_proposals,proposal/0007,vehicle_visual_strip_01,visual_strip_01,False,3239,0,0.0,0.0,0.0
bicycle__u01,vehicle,bicycle,wheel,tire,raw_proposals,proposal/0008,vehicle_wheel,tire,True,23805,23066,0.45691533615942315,0.9689561016593152,0.46370343565928873
bicycle__u01,vehicle,bicycle,wheel,tire,raw_proposals,proposal/0009,vehicle_pedal,pedal,False,611,609,0.012242436425771434,0.9967266775777414,0.012242928653277849
bicycle__u01,vehicle,bicycle,wheel,tire,dbscan_fusion,vehicle/right/01,vehicle,body,False,23060,1052,0.014661816560047943,0.04562012142237641,0.021148704340309188
bicycle__u01,vehicle,bicycle,wheel,tire,dbscan_fusion,vehicle_chain/left/01,vehicle_chain,chain,False,9235,1021,0.017616508791000223,0.11055766107200866,0.020525501075528214
bicycle__u01,vehicle,bicycle,wheel,tire,dbscan_fusion,vehicle_handlebar/left/01,vehicle_handlebar,handlebar,False,5030,0,0.0,0.0,0.0
bicycle__u01,vehicle,bicycle,wheel,tire,dbscan_fusion,vehicle_visual_strip_01/center/01,vehicle_visual_strip_01,visual_strip_01,False,3239,0,0.0,0.0,0.0
bicycle__u01,vehicle,bicycle,wheel,tire,dbscan_fusion,vehicle_wheel/left/01,vehicle_wheel,tire,True,23688,22093,0.43034399470178036,0.9326663289429247,0.44414289447761496
bicycle__u01,vehicle,bicycle,wheel,tire,dbscan_fusion,vehicle_wheel/right/01,vehicle_wheel,tire,True,23805,23066,0.45691533615942315,0.9689561016593152,0.46370343565928873
bicycle__u01,vehicle,bicycle,wheel,tire,hpid_split_group_ids,object_001/vehicle_body,vehicle_body,body,False,32749,2576,0.032233845537814707,0.07865889034779688,0.05178618097018676
bicycle__u01,vehicle,bicycle,wheel,tire,hpid_split_group_ids,object_001/vehicle_gear/002,vehicle_gear,gear,False,916,0,0.0,0.0,0.0
bicycle__u01,vehicle,bicycle,wheel,tire,hpid_split_group_ids,object_001/vehicle_handlebar/003,vehicle_handlebar,handlebar,False,7275,0,0.0,0.0,0.0
bicycle__u01,vehicle,bicycle,wheel,tire,hpid_split_group_ids,object_001/vehicle_wheel/006,vehicle_wheel,tire,True,23721,22125,0.4309589201192076,0.9327178449475149,0.4447862010735179
bicycle__u01,vehicle,bicycle,wheel,tire,hpid_split_group_ids,object_001/vehicle_wheel/007,vehicle_wheel,tire,True,23270,22533,0.4463748019017433,0.9683283197249678,0.45298836017128036
car_automobile__u02,vehicle,car_(automobile),windshield,windshield,raw_proposals,proposal/0001,vehicle,body,False,6652,805,0.11869654969035683,0.12101623571858088,0.8609625668449198
car_automobile__u02,vehicle,car_(automobile),windshield,windshield,raw_proposals,proposal/0002,vehicle_windshield,windshield,True,659,659,0.704812834224599,1.0,0.704812834224599
car_automobile__u02,vehicle,car_(automobile),windshield,windshield,raw_proposals,proposal/0003,vehicle_roof,roof,False,2058,749,0.33377896613190733,0.36394557823129253,0.8010695187165775
car_automobile__u02,vehicle,car_(automobile),windshield,windshield,raw_proposals,proposal/0004,vehicle_window,window,False,269,0,0.0,0.0,0.0
car_automobile__u02,vehicle,car_(automobile),windshield,windshield,raw_proposals,proposal/0005,vehicle_fender,fender,False,750,0,0.0,0.0,0.0
car_automobile__u02,vehicle,car_(automobile),windshield,windshield,raw_proposals,proposal/0006,vehicle_rim,rim,False,197,0,0.0,0.0,0.0
car_automobile__u02,vehicle,car_(automobile),windshield,windshield,raw_proposals,proposal/0007,vehicle_window,window,False,520,500,0.5235602094240838,0.9615384615384616,0.5347593582887701
car_automobile__u02,vehicle,car_(automobile),windshield,windshield,raw_proposals,proposal/0008,vehicle_window,window,False,802,0,0.0,0.0,0.0
car_automobile__u02,vehicle,car_(automobile),windshield,windshield,raw_proposals,proposal/0009,vehicle_mirror,mirror,False,56,0,0.0,0.0,0.0
car_automobile__u02,vehicle,car_(automobile),windshield,windshield,raw_proposals,proposal/0010,vehicle_handle,handle,False,163,0,0.0,0.0,0.0
car_automobile__u02,vehicle,car_(automobile),windshield,windshield,raw_proposals,proposal/0011,vehicle_roof,roof,False,371,106,0.08833333333333333,0.2857142857142857,0.11336898395721925
car_automobile__u02,vehicle,car_(automobile),windshield,windshield,raw_proposals,proposal/0012,vehicle_windshield,windshield,True,72,72,0.07700534759358289,1.0,0.07700534759358289
car_automobile__u02,vehicle,car_(automobile),windshield,windshield,raw_proposals,proposal/0013,vehicle_hood,hood,False,140,0,0.0,0.0,0.0
car_automobile__u02,vehicle,car_(automobile),windshield,windshield,raw_proposals,proposal/0014,vehicle_wiper,wiper,False,61,0,0.0,0.0,0.0
car_automobile__u02,vehicle,car_(automobile),windshield,windshield,raw_proposals,proposal/0015,vehicle_visual_strip_01,visual_strip_01,False,558,0,0.0,0.0,0.0
car_automobile__u02,vehicle,car_(automobile),windshield,windshield,dbscan_fusion,vehicle/right/01,vehicle,body,False,2743,56,0.015461071231363888,0.02041560335399198,0.059893048128342244
car_automobile__u02,vehicle,car_(automobile),windshield,windshield,dbscan_fusion,vehicle_fender/left/01,vehicle_fender,fender,False,750,0,0.0,0.0,0.0
car_automobile__u02,vehicle,car_(automobile),windshield,windshield,dbscan_fusion,vehicle_handle/left/01,vehicle_handle,handle,False,163,0,0.0,0.0,0.0
car_automobile__u02,vehicle,car_(automobile),windshield,windshield,dbscan_fusion,vehicle_hood/right/01,vehicle_hood,hood,False,140,0,0.0,0.0,0.0
car_automobile__u02,vehicle,car_(automobile),windshield,windshield,dbscan_fusion,vehicle_mirror/left/01,vehicle_mirror,mirror,False,56,0,0.0,0.0,0.0
car_automobile__u02,vehicle,car_(automobile),windshield,windshield,dbscan_fusion,vehicle_rim/left/01,vehicle_rim,rim,False,197,0,0.0,0.0,0.0
car_automobile__u02,vehicle,car_(automobile),windshield,windshield,dbscan_fusion,vehicle_roof/right/01,vehicle_roof,roof,False,255,8,0.00676818950930626,0.03137254901960784,0.008556149732620321
car_automobile__u02,vehicle,car_(automobile),windshield,windshield,dbscan_fusion,vehicle_roof/right/02,vehicle_roof,roof,False,579,241,0.18931657501963864,0.4162348877374784,0.25775401069518716
car_automobile__u02,vehicle,car_(automobile),windshield,windshield,dbscan_fusion,vehicle_visual_strip_01/left/01,vehicle_visual_strip_01,visual_strip_01,False,545,0,0.0,0.0,0.0
car_automobile__u02,vehicle,car_(automobile),windshield,windshield,dbscan_fusion,vehicle_window/left/01,vehicle_window,window,False,520,500,0.5235602094240838,0.9615384615384616,0.5347593582887701
car_automobile__u02,vehicle,car_(automobile),windshield,windshield,dbscan_fusion,vehicle_window/right/01,vehicle_window,window,False,704,0,0.0,0.0,0.0
car_automobile__u02,vehicle,car_(automobile),windshield,windshield,hpid_split_group_ids,object_001/vehicle_body,vehicle_body,body,False,3820,144,0.031229668184775537,0.03769633507853403,0.15401069518716579
car_automobile__u02,vehicle,car_(automobile),windshield,windshield,hpid_split_group_ids,object_001/vehicle_fender/002,vehicle_fender,fender,False,215,0,0.0,0.0,0.0
car_automobile__u02,vehicle,car_(automobile),windshield,windshield,hpid_split_group_ids,object_001/vehicle_handle/003,vehicle_handle,handle,False,163,0,0.0,0.0,0.0
car_automobile__u02,vehicle,car_(automobile),windshield,windshield,hpid_split_group_ids,object_001/vehicle_hood/004,vehicle_hood,hood,False,141,0,0.0,0.0,0.0
car_automobile__u02,vehicle,car_(automobile),windshield,windshield,hpid_split_group_ids,object_001/vehicle_mirror/005,vehicle_mirror,mirror,False,601,0,0.0,0.0,0.0
car_automobile__u02,vehicle,car_(automobile),windshield,windshield,hpid_split_group_ids,object_001/vehicle_rim/006,vehicle_rim,rim,False,54,0,0.0,0.0,0.0
car_automobile__u02,vehicle,car_(automobile),windshield,windshield,hpid_split_group_ids,object_001/vehicle_roof/007,vehicle_roof,roof,False,385,92,0.0749185667752443,0.23896103896103896,0.09839572192513368
car_automobile__u02,vehicle,car_(automobile),windshield,windshield,hpid_split_group_ids,object_001/vehicle_window/009,vehicle_window,window,False,348,348,0.37219251336898396,1.0,0.37219251336898396
car_automobile__u02,vehicle,car_(automobile),windshield,windshield,hpid_split_group_ids,object_001/vehicle_window/010,vehicle_window,window,False,704,0,0.0,0.0,0.0
car_automobile__u02,vehicle,car_(automobile),windshield,windshield,hpid_split_group_ids,object_001/vehicle_windshield/011,vehicle_windshield,windshield,True,203,203,0.21711229946524063,1.0,0.21711229946524063
bicycle__u02,vehicle,bicycle,wheel,tire,raw_proposals,proposal/0001,vehicle,body,False,57621,41941,0.699028317138619,0.7278769892920983,0.9463435546830931
bicycle__u02,vehicle,bicycle,wheel,tire,raw_proposals,proposal/0002,vehicle_wheel,tire,True,18786,17279,0.37705669270719677,0.9197806877461939,0.3898779304587197
bicycle__u02,vehicle,bicycle,wheel,tire,raw_proposals,proposal/0003,vehicle_handlebar,handlebar,False,912,0,0.0,0.0,0.0
bicycle__u02,vehicle,bicycle,wheel,tire,raw_proposals,proposal/0004,vehicle_fork,fork,False,24560,23348,0.5127934813643452,0.9506514657980456,0.5268169408154516
bicycle__u02,vehicle,bicycle,wheel,tire,raw_proposals,proposal/0005,vehicle_frame,frame,False,12335,763,0.013651571809414753,0.06185650587758411,0.01721609242085787
bicycle__u02,vehicle,bicycle,wheel,tire,raw_proposals,proposal/0006,vehicle_chain,chain,False,3428,650,0.013801303692379557,0.1896149358226371,0.014666395902434622
bicycle__u02,vehicle,bicycle,wheel,tire,raw_proposals,proposal/0007,vehicle_handlebar,handlebar,False,640,0,0.0,0.0,0.0
bicycle__u02,vehicle,bicycle,wheel,tire,raw_proposals,proposal/0008,vehicle_seat_tube,seat_tube,False,810,0,0.0,0.0,0.0
bicycle__u02,vehicle,bicycle,wheel,tire,raw_proposals,proposal/0009,vehicle_visual_strip_02,visual_strip_02,False,733,0,0.0,0.0,0.0
bicycle__u02,vehicle,bicycle,wheel,tire,raw_proposals,proposal/0010,vehicle_visual_strip_03,visual_strip_03,False,1246,0,0.0,0.0,0.0
bicycle__u02,vehicle,bicycle,wheel,tire,raw_proposals,proposal/0011,vehicle_pedal,pedal,False,544,3,6.687472135532768e-05,0.0055147058823529415,6.769105801123671e-05
bicycle__u02,vehicle,bicycle,wheel,tire,raw_proposals,proposal/0012,vehicle_pedal,pedal,False,1157,1153,0.02601358211312411,0.996542783059637,0.026015929962318645
bicycle__u02,vehicle,bicycle,wheel,tire,raw_proposals,proposal/0013,vehicle_gear,gear,False,199,2,4.492766645700422e-05,0.010050251256281407,4.512737200749115e-05
bicycle__u02,vehicle,bicycle,wheel,tire,dbscan_fusion,vehicle/right/01,vehicle,body,False,3715,1167,0.024900249642605673,0.31413189771197847,0.026331821566371084
bicycle__u02,vehicle,bicycle,wheel,tire,dbscan_fusion,vehicle_chain/right/01,vehicle_chain,chain,False,755,4,8.875083203905037e-05,0.005298013245033113,9.02547440149823e-05
bicycle__u02,vehicle,bicycle,wheel,tire,dbscan_fusion,vehicle_fork/left/01,vehicle_fork,fork,False,23403,22195,0.48751290443033807,0.9483826859804299,0.500801010853133
bicycle__u02,vehicle,bicycle,wheel,tire,dbscan_fusion,vehicle_frame/right/01,vehicle_frame,frame,False,5818,140,0.0028001680100806048,0.02406325197662427,0.00315891604052438
bicycle__u02,vehicle,bicycle,wheel,tire,dbscan_fusion,vehicle_gear/right/01,vehicle_gear,gear,False,199,2,4.492766645700422e-05,0.010050251256281407,4.512737200749115e-05
bicycle__u02,vehicle,bicycle,wheel,tire,dbscan_fusion,vehicle_handlebar/left/01,vehicle_handlebar,handlebar,False,640,0,0.0,0.0,0.0
bicycle__u02,vehicle,bicycle,wheel,tire,dbscan_fusion,vehicle_pedal/left/01,vehicle_pedal,pedal,False,1157,1153,0.02601358211312411,0.996542783059637,0.026015929962318645
bicycle__u02,vehicle,bicycle,wheel,tire,dbscan_fusion,vehicle_pedal/right/01,vehicle_pedal,pedal,False,544,3,6.687472135532768e-05,0.0055147058823529415,6.769105801123671e-05
bicycle__u02,vehicle,bicycle,wheel,tire,dbscan_fusion,vehicle_seat_tube/right/01,vehicle_seat_tube,seat_tube,False,810,0,0.0,0.0,0.0
bicycle__u02,vehicle,bicycle,wheel,tire,dbscan_fusion,vehicle_visual_strip_02/left/01,vehicle_visual_strip_02,visual_strip_02,False,733,0,0.0,0.0,0.0
bicycle__u02,vehicle,bicycle,wheel,tire,dbscan_fusion,vehicle_visual_strip_03/center/01,vehicle_visual_strip_03,visual_strip_03,False,1246,0,0.0,0.0,0.0
bicycle__u02,vehicle,bicycle,wheel,tire,dbscan_fusion,vehicle_wheel/right/01,vehicle_wheel,tire,True,18601,17277,0.3785246368555967,0.9288210311273587,0.38983280308671225
bicycle__u02,vehicle,bicycle,wheel,tire,hpid_split_group_ids,object_001/vehicle_body,vehicle_body,body,False,34401,24583,0.45408870088848663,0.7146013197290776,0.5546830930300773
bicycle__u02,vehicle,bicycle,wheel,tire,hpid_split_group_ids,object_001/vehicle_handlebar/006,vehicle_handlebar,handlebar,False,1545,0,0.0,0.0,0.0
bicycle__u02,vehicle,bicycle,wheel,tire,hpid_split_group_ids,object_001/vehicle_chain/005,vehicle_chain,chain,False,1239,0,0.0,0.0,0.0
bicycle__u02,vehicle,bicycle,wheel,tire,hpid_split_group_ids,object_001/vehicle_wheel/004,vehicle_wheel,tire,True,19049,17339,0.37669729952855807,0.9102315082156544,0.39123175161894447
bicycle__u02,vehicle,bicycle,wheel,tire,hpid_split_group_ids,object_001/vehicle_pedal/007,vehicle_pedal,pedal,False,545,3,6.68732306457725e-05,0.005504587155963303,6.769105801123671e-05
bicycle__u02,vehicle,bicycle,wheel,tire,hpid_split_group_ids,object_001/vehicle_seat_tube/008,vehicle_seat_tube,seat_tube,False,825,0,0.0,0.0,0.0
helmet__u01,daily_object,helmet,rim,rim,raw_proposals,proposal/0001,daily_object,body,False,8695,339,0.038579720040969614,0.038987924094307076,0.7865429234338747
helmet__u01,daily_object,helmet,rim,rim,raw_proposals,proposal/0002,daily_object_logo,logo,False,257,0,0.0,0.0,0.0
helmet__u01,daily_object,helmet,rim,rim,raw_proposals,proposal/0003,daily_object_visor,visor,False,802,159,0.14804469273743018,0.19825436408977556,0.3689095127610209
helmet__u01,daily_object,helmet,rim,rim,raw_proposals,proposal/0004,daily_object_inner_lining,inner_lining,False,7860,308,0.03858198672178379,0.03918575063613232,0.7146171693735499
helmet__u01,daily_object,helmet,rim,rim,raw_proposals,proposal/0005,daily_object_inner_lining,inner_lining,False,163,1,0.0016863406408094434,0.006134969325153374,0.002320185614849188
helmet__u01,daily_object,helmet,rim,rim,raw_proposals,proposal/0006,daily_object_logo,logo,False,427,0,0.0,0.0,0.0
helmet__u01,daily_object,helmet,rim,rim,raw_proposals,proposal/0007,daily_object_band,band,False,23,0,0.0,0.0,0.0
helmet__u01,daily_object,helmet,rim,rim,raw_proposals,proposal/0008,daily_object_logo,logo,False,189,0,0.0,0.0,0.0
helmet__u01,daily_object,helmet,rim,rim,raw_proposals,proposal/0009,daily_object_visual_panel_04,visual_panel_04,False,3053,173,0.05225007550588946,0.05666557484441533,0.4013921113689095
helmet__u01,daily_object,helmet,rim,rim,raw_proposals,proposal/0010,daily_object_inner_lining,inner_lining,False,155,0,0.0,0.0,0.0
helmet__u01,daily_object,helmet,rim,rim,raw_proposals,proposal/0011,daily_object_visual_panel_05,visual_panel_05,False,87,0,0.0,0.0,0.0
helmet__u01,daily_object,helmet,rim,rim,dbscan_fusion,daily_object/left/01,daily_object,body,False,669,11,0.010101010101010102,0.016442451420029897,0.025522041763341066
helmet__u01,daily_object,helmet,rim,rim,dbscan_fusion,daily_object_band/left/01,daily_object_band,band,False,23,0,0.0,0.0,0.0
helmet__u01,daily_object,helmet,rim,rim,dbscan_fusion,daily_object_inner_lining/left/01,daily_object_inner_lining,inner_lining,False,4793,149,0.02935960591133005,0.031087001877738368,0.345707656612529
helmet__u01,daily_object,helmet,rim,rim,dbscan_fusion,daily_object_inner_lining/right/01,daily_object_inner_lining,inner_lining,False,163,1,0.0016863406408094434,0.006134969325153374,0.002320185614849188
helmet__u01,daily_object,helmet,rim,rim,dbscan_fusion,daily_object_logo/center/01,daily_object_logo,logo,False,251,0,0.0,0.0,0.0
helmet__u01,daily_object,helmet,rim,rim,dbscan_fusion,daily_object_visor/left/01,daily_object_visor,visor,False,7,6,0.013888888888888888,0.8571428571428571,0.013921113689095127
helmet__u01,daily_object,helmet,rim,rim,dbscan_fusion,daily_object_visual_panel_04/right/01,daily_object_visual_panel_04,visual_panel_04,False,2702,172,0.058088483620398514,0.06365655070318282,0.3990719257540603
helmet__u01,daily_object,helmet,rim,rim,dbscan_fusion,daily_object_visual_panel_05/left/01,daily_object_visual_panel_05,visual_panel_05,False,87,0,0.0,0.0,0.0
helmet__u01,daily_object,helmet,rim,rim,hpid_split_group_ids,object_001/daily_object_body,daily_object_body,body,False,5619,243,0.041846047873256416,0.043246129204484784,0.5638051044083526
helmet__u01,daily_object,helmet,rim,rim,hpid_split_group_ids,object_001/daily_object_inner_lining/002,daily_object_inner_lining,inner_lining,False,2649,96,0.032171581769437,0.0362400906002265,0.22273781902552203
helmet__u01,daily_object,helmet,rim,rim,hpid_split_group_ids,object_001/daily_object_logo/003,daily_object_logo,logo,False,427,0,0.0,0.0,0.0
shoe__u01,daily_object,shoe,vamp,upper,raw_proposals,proposal/0001,daily_object,body,False,7911,2171,0.27418540035362465,0.2744280116293768,0.9967860422405876
shoe__u01,daily_object,shoe,vamp,upper,raw_proposals,proposal/0002,daily_object_eyelet,eyelet,False,330,0,0.0,0.0,0.0
shoe__u01,daily_object,shoe,vamp,upper,raw_proposals,proposal/0003,daily_object_upper,upper,True,4961,2164,0.4349748743718593,0.43620237855271116,0.9935720844811754
shoe__u01,daily_object,shoe,vamp,upper,raw_proposals,proposal/0004,daily_object_eyelet,eyelet,False,97,0,0.0,0.0,0.0
shoe__u01,daily_object,shoe,vamp,upper,raw_proposals,proposal/0005,daily_object_visual_panel_01,visual_panel_01,False,4027,1010,0.1944177093358999,0.2508070523963248,0.4637281910009183
shoe__u01,daily_object,shoe,vamp,upper,raw_proposals,proposal/0006,daily_object_visual_panel_02,visual_panel_02,False,410,0,0.0,0.0,0.0
shoe__u01,daily_object,shoe,vamp,upper,raw_proposals,proposal/0007,daily_object_eyelet,eyelet,False,22,0,0.0,0.0,0.0
shoe__u01,daily_object,shoe,vamp,upper,raw_proposals,proposal/0008,daily_object_eyelet,eyelet,False,22,18,0.008249312557286892,0.8181818181818182,0.008264462809917356
shoe__u01,daily_object,shoe,vamp,upper,raw_proposals,proposal/0009,daily_object_lining,lining,False,20,0,0.0,0.0,0.0
shoe__u01,daily_object,shoe,vamp,upper,dbscan_fusion,daily_object/right/01,daily_object,body,False,1215,6,0.001771479185119575,0.0049382716049382715,0.0027548209366391185
shoe__u01,daily_object,shoe,vamp,upper,dbscan_fusion,daily_object_eyelet/right/01,daily_object_eyelet,eyelet,False,97,0,0.0,0.0,0.0
shoe__u01,daily_object,shoe,vamp,upper,dbscan_fusion,daily_object_eyelet/right/02,daily_object_eyelet,eyelet,False,22,18,0.008249312557286892,0.8181818181818182,0.008264462809917356
shoe__u01,daily_object,shoe,vamp,upper,dbscan_fusion,daily_object_lining/left/01,daily_object_lining,lining,False,12,0,0.0,0.0,0.0
shoe__u01,daily_object,shoe,vamp,upper,dbscan_fusion,daily_object_upper/right/01,daily_object_upper,upper,True,2550,1137,0.316624895572264,0.44588235294117645,0.522038567493113
shoe__u01,daily_object,shoe,vamp,upper,dbscan_fusion,daily_object_visual_panel_01/left/01,daily_object_visual_panel_01,visual_panel_01,False,3605,1010,0.21160695579300232,0.2801664355062413,0.4637281910009183
shoe__u01,daily_object,shoe,vamp,upper,dbscan_fusion,daily_object_visual_panel_02/left/01,daily_object_visual_panel_02,visual_panel_02,False,410,0,0.0,0.0,0.0
shoe__u01,daily_object,shoe,vamp,upper,hpid_split_group_ids,object_001/daily_object_body,daily_object_body,body,False,3975,1112,0.2205911525490974,0.279748427672956,0.5105601469237833
shoe__u01,daily_object,shoe,vamp,upper,hpid_split_group_ids,object_001/daily_object_upper/002,daily_object_upper,upper,True,3894,1041,0.20691711389385808,0.26733436055469956,0.47796143250688705
shoe__u01,daily_object,shoe,vamp,upper,hpid_split_group_ids,object_001/daily_object_eyelet/004,daily_object_eyelet,eyelet,False,22,18,0.008249312557286892,0.8181818181818182,0.008264462809917356
shoe__u01,daily_object,shoe,vamp,upper,hpid_split_group_ids,object_001/daily_object_lining/005,daily_object_lining,lining,False,20,0,0.0,0.0,0.0
slipper_footwear__u01,daily_object,book,page,page,raw_proposals,proposal/0001,daily_object,body,False,11156,0,0.0,0.0,0.0
slipper_footwear__u01,daily_object,book,page,page,raw_proposals,proposal/0002,daily_object_body,body,False,1013,0,0.0,0.0,0.0
slipper_footwear__u01,daily_object,book,page,page,dbscan_fusion,daily_object/center/01,daily_object,body,False,10143,0,0.0,0.0,0.0
slipper_footwear__u01,daily_object,book,page,page,dbscan_fusion,daily_object_body/left/01,daily_object_body,body,False,1013,0,0.0,0.0,0.0
slipper_footwear__u01,daily_object,book,page,page,hpid_split_group_ids,object_001/daily_object_body,daily_object_body,body,False,10240,0,0.0,0.0,0.0
slipper_footwear__u01,daily_object,book,page,page,hpid_split_group_ids,object_001/daily_object_body/002,daily_object_body,body,False,916,0,0.0,0.0,0.0
screwdriver__u01,tool_prop,knife,blade,blade,raw_proposals,proposal/0001,tool_prop,body,False,12951,4112,0.3137973137973138,0.31750443981159754,0.964126611957796
screwdriver__u01,tool_prop,knife,blade,blade,raw_proposals,proposal/0002,tool_prop_blade,blade,True,8440,68,0.0053810239772097805,0.008056872037914692,0.015943728018757326
screwdriver__u01,tool_prop,knife,blade,blade,raw_proposals,proposal/0003,tool_prop_handle,handle,False,3869,3543,0.7717272925288609,0.9157405014215559,0.830715123094959
screwdriver__u01,tool_prop,knife,blade,blade,dbscan_fusion,tool_prop/left/01,tool_prop,body,False,642,501,0.11370857921016796,0.780373831775701,0.11746776084407971
screwdriver__u01,tool_prop,knife,blade,blade,dbscan_fusion,tool_prop_blade/right/01,tool_prop_blade,blade,True,8440,68,0.0053810239772097805,0.008056872037914692,0.015943728018757326
screwdriver__u01,tool_prop,knife,blade,blade,dbscan_fusion,tool_prop_handle/left/01,tool_prop_handle,handle,False,3869,3543,0.7717272925288609,0.9157405014215559,0.830715123094959
screwdriver__u01,tool_prop,knife,blade,blade,hpid_split_group_ids,object_001/tool_prop_blade,tool_prop_blade,blade,True,8603,165,0.012989057702904826,0.01917935603859119,0.038686987104337635
screwdriver__u01,tool_prop,knife,blade,blade,hpid_split_group_ids,object_001/tool_prop_handle,tool_prop_handle,handle,False,4348,3947,0.8459065580797257,0.9077736890524379,0.9254396248534584
wrench__u01,tool_prop,knife,handle,handle,raw_proposals,proposal/0001,tool_prop,body,False,14984,3777,0.2517328712343375,0.2520688734650294,0.994732683697656
wrench__u01,tool_prop,knife,handle,handle,raw_proposals,proposal/0002,tool_prop_blade,blade,False,9716,4,0.00029609889703160856,0.0004116920543433512,0.0010534632604687912
wrench__u01,tool_prop,knife,handle,handle,raw_proposals,proposal/0003,tool_prop_wrap,wrap,False,3924,3767,0.9527061203844208,0.9599898063200816,0.9920990255464841
wrench__u01,tool_prop,knife,handle,handle,raw_proposals,proposal/0004,tool_prop_handle,handle,True,4219,3764,0.8852304797742239,0.8921545389902821,0.9913089281011325
wrench__u01,tool_prop,knife,handle,handle,raw_proposals,proposal/0005,tool_prop_blade,blade,False,4628,4,0.00047500296876855483,0.000864304235090752,0.0010534632604687912
wrench__u01,tool_prop,knife,handle,handle,raw_proposals,proposal/0006,tool_prop_handle,handle,True,3926,3768,0.9527180783817952,0.9597554763117677,0.9923623913616013
wrench__u01,tool_prop,knife,handle,handle,raw_proposals,proposal/0007,tool_prop_visual_strip_01,visual_strip_01,False,545,0,0.0,0.0,0.0
wrench__u01,tool_prop,knife,handle,handle,raw_proposals,proposal/0008,tool_prop_visual_strip_02,visual_strip_02,False,971,0,0.0,0.0,0.0
wrench__u01,tool_prop,knife,handle,handle,dbscan_fusion,tool_prop/left/01,tool_prop,body,False,5461,7,0.0007566749540590206,0.0012818165171214063,0.0018435607058203845
wrench__u01,tool_prop,knife,handle,handle,dbscan_fusion,tool_prop_blade/right/01,tool_prop_blade,blade,False,4628,4,0.00047500296876855483,0.000864304235090752,0.0010534632604687912
wrench__u01,tool_prop,knife,handle,handle,dbscan_fusion,tool_prop_handle/right/01,tool_prop_handle,handle,True,3924,3766,0.952212389380531,0.9597349643221202,0.9918356597313669
wrench__u01,tool_prop,knife,handle,handle,dbscan_fusion,tool_prop_visual_strip_02/left/01,tool_prop_visual_strip_02,visual_strip_02,False,971,0,0.0,0.0,0.0
wrench__u01,tool_prop,knife,handle,handle,hpid_split_group_ids,object_001/tool_prop_blade,tool_prop_blade,blade,False,9716,4,0.00029609889703160856,0.0004116920543433512,0.0010534632604687912
wrench__u01,tool_prop,knife,handle,handle,hpid_split_group_ids,object_001/tool_prop_handle,tool_prop_handle,handle,True,5191,3766,0.7211796246648794,0.7254864188017723,0.9918356597313669
knife__u01,tool_prop,knife,handle,handle,raw_proposals,proposal/0001,tool_prop,body,False,23809,3714,0.15559279430247172,0.15599143181149985,0.983841059602649
knife__u01,tool_prop,knife,handle,handle,raw_proposals,proposal/0002,tool_prop_blade,blade,False,18623,4,0.00017861927301955882,0.00021478816517209902,0.0010596026490066225
knife__u01,tool_prop,knife,handle,handle,raw_proposals,proposal/0003,tool_prop_wrap,wrap,False,4371,3690,0.828096947935368,0.8442004118050789,0.9774834437086093
knife__u01,tool_prop,knife,handle,handle,raw_proposals,proposal/0004,tool_prop_handle,handle,True,5090,3626,0.6921168161862951,0.71237721021611,0.9605298013245033
knife__u01,tool_prop,knife,handle,handle,raw_proposals,proposal/0005,tool_prop_handle,handle,True,5591,3654,0.6397058823529411,0.6535503487748167,0.9679470198675497
knife__u01,tool_prop,knife,handle,handle,raw_proposals,proposal/0006,tool_prop_blade,blade,False,20235,585,0.02497331910352188,0.028910303928836176,0.15496688741721854
knife__u01,tool_prop,knife,handle,handle,raw_proposals,proposal/0007,tool_prop_blade,blade,False,11015,254,0.01747385800770501,0.023059464366772583,0.06728476821192053
knife__u01,tool_prop,knife,handle,handle,raw_proposals,proposal/0008,tool_prop_visual_panel_01,visual_panel_01,False,464,281,0.07099545224861041,0.6056034482758621,0.07443708609271524
knife__u01,tool_prop,knife,handle,handle,dbscan_fusion,tool_prop/left/01,tool_prop,body,False,161,51,0.013127413127413128,0.3167701863354037,0.013509933774834438
knife__u01,tool_prop,knife,handle,handle,dbscan_fusion,tool_prop_blade/right/01,tool_prop_blade,blade,False,19575,242,0.010472563614332698,0.012362707535121328,0.06410596026490066
knife__u01,tool_prop,knife,handle,handle,dbscan_fusion,tool_prop_handle/left/01,tool_prop_handle,handle,True,4073,3421,0.7727580754461261,0.8399214338325559,0.9062251655629139
knife__u01,tool_prop,knife,handle,handle,hpid_split_group_ids,object_001/tool_prop_handle,tool_prop_handle,handle,True,4111,3437,0.7725331535176444,0.8360496229627827,0.9104635761589404
knife__u01,tool_prop,knife,handle,handle,hpid_split_group_ids,object_001/tool_prop_blade,tool_prop_blade,blade,False,19672,257,0.011082363087537732,0.013064253761691744,0.0680794701986755
scissors__u01,tool_prop,scissors,handle,handle,raw_proposals,proposal/0001,tool_prop,body,False,22145,6406,0.28561237683356366,0.2892752314292165,0.9575485799701047
scissors__u01,tool_prop,scissors,handle,handle,raw_proposals,proposal/0002,tool_prop_blade,blade,False,5750,15,0.0012072434607645875,0.0026086956521739132,0.002242152466367713
scissors__u01,tool_prop,scissors,handle,handle,raw_proposals,proposal/0003,tool_prop_handle,handle,True,6196,1788,0.16111010992971705,0.28857327307940606,0.2672645739910314
scissors__u01,tool_prop,scissors,handle,handle,raw_proposals,proposal/0004,tool_prop_pivot,pivot,False,174,51,0.007485689123734038,0.29310344827586204,0.007623318385650224
scissors__u01,tool_prop,scissors,handle,handle,raw_proposals,proposal/0005,tool_prop_blade,blade,False,8302,2298,0.1810304080668032,0.27680077089857863,0.3434977578475336
scissors__u01,tool_prop,scissors,handle,handle,raw_proposals,proposal/0006,tool_prop_finger_hole,finger_hole,False,137,25,0.0036753895912966772,0.18248175182481752,0.0037369207772795215
scissors__u01,tool_prop,scissors,handle,handle,raw_proposals,proposal/0007,tool_prop_handle,handle,True,8207,3023,0.25458986019875357,0.3683440965029853,0.45186846038863976
scissors__u01,tool_prop,scissors,handle,handle,dbscan_fusion,tool_prop/right/01,tool_prop,body,False,562,372,0.05406976744186046,0.6619217081850534,0.05560538116591928
scissors__u01,tool_prop,scissors,handle,handle,dbscan_fusion,tool_prop_blade/right/01,tool_prop_blade,blade,False,8302,2298,0.1810304080668032,0.27680077089857863,0.3434977578475336
scissors__u01,tool_prop,scissors,handle,handle,dbscan_fusion,tool_prop_handle/left/01,tool_prop_handle,handle,True,6196,1788,0.16111010992971705,0.28857327307940606,0.2672645739910314
scissors__u01,tool_prop,scissors,handle,handle,dbscan_fusion,tool_prop_handle/left/02,tool_prop_handle,handle,True,7085,1948,0.16470787181871988,0.2749470712773465,0.29118086696562034
scissors__u01,tool_prop,scissors,handle,handle,hpid_split_group_ids,object_001/tool_prop_body,tool_prop_body,body,False,10608,4535,0.35532398338948523,0.4275075414781297,0.6778774289985052
scissors__u01,tool_prop,scissors,handle,handle,hpid_split_group_ids,object_001/tool_prop_blade/002,tool_prop_blade,blade,False,6123,301,0.02405690537084399,0.049158909031520495,0.04499252615844544
scissors__u01,tool_prop,scissors,handle,handle,hpid_split_group_ids,object_001/tool_prop_handle/003,tool_prop_handle,handle,True,645,138,0.01917465610671113,0.21395348837209302,0.02062780269058296
scissors__u01,tool_prop,scissors,handle,handle,hpid_split_group_ids,object_001/tool_prop_handle/004,tool_prop_handle,handle,True,4632,1407,0.14190620272314675,0.30375647668393785,0.2103139013452915
scissors__u01,tool_prop,scissors,handle,handle,hpid_split_group_ids,object_001/tool_prop_finger_hole/005,tool_prop_finger_hole,finger_hole,False,137,25,0.0036753895912966772,0.18248175182481752,0.0037369207772795215
pliers__u01,tool_prop,pliers,blade,jaw,raw_proposals,proposal/0001,tool_prop,body,False,19587,0,0.0,0.0,0.0
pliers__u01,tool_prop,pliers,blade,jaw,raw_proposals,proposal/0002,tool_prop_handle,handle,False,5991,0,0.0,0.0,0.0
pliers__u01,tool_prop,pliers,blade,jaw,raw_proposals,proposal/0003,tool_prop_jaw,jaw,True,3983,0,0.0,0.0,0.0
pliers__u01,tool_prop,pliers,blade,jaw,raw_proposals,proposal/0004,tool_prop_jaw,jaw,True,3074,0,0.0,0.0,0.0
pliers__u01,tool_prop,pliers,blade,jaw,raw_proposals,proposal/0005,tool_prop_visual_strip_06,visual_strip_06,False,4308,0,0.0,0.0,0.0
pliers__u01,tool_prop,pliers,blade,jaw,dbscan_fusion,tool_prop/right/01,tool_prop,body,False,3249,0,0.0,0.0,0.0
pliers__u01,tool_prop,pliers,blade,jaw,dbscan_fusion,tool_prop_handle/left/01,tool_prop_handle,handle,False,5991,0,0.0,0.0,0.0
pliers__u01,tool_prop,pliers,blade,jaw,dbscan_fusion,tool_prop_jaw/left/01,tool_prop_jaw,jaw,True,3944,0,0.0,0.0,0.0
pliers__u01,tool_prop,pliers,blade,jaw,dbscan_fusion,tool_prop_jaw/right/01,tool_prop_jaw,jaw,True,2095,0,0.0,0.0,0.0
pliers__u01,tool_prop,pliers,blade,jaw,dbscan_fusion,tool_prop_visual_strip_06/right/01,tool_prop_visual_strip_06,visual_strip_06,False,4308,0,0.0,0.0,0.0
pliers__u01,tool_prop,pliers,blade,jaw,hpid_split_group_ids,object_001/tool_prop_body,tool_prop_body,body,False,4840,0,0.0,0.0,0.0
pliers__u01,tool_prop,pliers,blade,jaw,hpid_split_group_ids,object_001/tool_prop_handle/002,tool_prop_handle,handle,False,4555,0,0.0,0.0,0.0
pliers__u01,tool_prop,pliers,blade,jaw,hpid_split_group_ids,object_001/tool_prop_jaw/003,tool_prop_jaw,jaw,True,3692,0,0.0,0.0,0.0
pliers__u01,tool_prop,pliers,blade,jaw,hpid_split_group_ids,object_001/tool_prop_jaw/004,tool_prop_jaw,jaw,True,6491,0,0.0,0.0,0.0
ladder__u01,tool_prop,ladder,rail,rail,raw_proposals,proposal/0001,tool_prop,body,False,3382,354,0.1045481393975192,0.10467179183914843,0.9888268156424581
ladder__u01,tool_prop,ladder,rail,rail,raw_proposals,proposal/0002,tool_prop_body,body,False,1359,0,0.0,0.0,0.0
ladder__u01,tool_prop,ladder,rail,rail,raw_proposals,proposal/0003,tool_prop_top_cap,top_cap,False,205,194,0.5257452574525745,0.9463414634146341,0.5418994413407822
ladder__u01,tool_prop,ladder,rail,rail,raw_proposals,proposal/0004,tool_prop_body,body,False,1362,0,0.0,0.0,0.0
ladder__u01,tool_prop,ladder,rail,rail,raw_proposals,proposal/0005,tool_prop_step,step,False,158,0,0.0,0.0,0.0
ladder__u01,tool_prop,ladder,rail,rail,dbscan_fusion,tool_prop/right/01,tool_prop,body,False,1814,160,0.07952286282306163,0.08820286659316427,0.44692737430167595
ladder__u01,tool_prop,ladder,rail,rail,dbscan_fusion,tool_prop_body/left/01,tool_prop_body,body,False,1362,0,0.0,0.0,0.0
ladder__u01,tool_prop,ladder,rail,rail,dbscan_fusion,tool_prop_top_cap/left/01,tool_prop_top_cap,top_cap,False,205,194,0.5257452574525745,0.9463414634146341,0.5418994413407822
ladder__u01,tool_prop,ladder,rail,rail,hpid_split_group_ids,object_001/tool_prop_body,tool_prop_body,body,False,1804,159,0.07938092860708937,0.08813747228381374,0.4441340782122905
ladder__u01,tool_prop,ladder,rail,rail,hpid_split_group_ids,object_001/tool_prop_body/002,tool_prop_body,body,False,1205,0,0.0,0.0,0.0
ladder__u01,tool_prop,ladder,rail,rail,hpid_split_group_ids,object_001/tool_prop_step/003,tool_prop_step,step,False,158,0,0.0,0.0,0.0
ladder__u01,tool_prop,ladder,rail,rail,hpid_split_group_ids,object_001/tool_prop_top_cap/004,tool_prop_top_cap,top_cap,False,209,195,0.5241935483870968,0.9330143540669856,0.5446927374301676
guitar__u01,tool_prop,guitar,fingerboard,fingerboard,raw_proposals,proposal/0001,tool_prop,body,False,10917,1561,0.13923824814913924,0.14298800036640102,0.8415094339622642
guitar__u01,tool_prop,guitar,fingerboard,fingerboard,raw_proposals,proposal/0002,tool_prop_fingerboard,fingerboard,True,1549,1522,0.8087141339001063,0.9825693996126533,0.8204851752021564
guitar__u01,tool_prop,guitar,fingerboard,fingerboard,raw_proposals,proposal/0003,tool_prop_visual_strip_02,visual_strip_02,False,1731,0,0.0,0.0,0.0
guitar__u01,tool_prop,guitar,fingerboard,fingerboard,raw_proposals,proposal/0004,tool_prop_visual_panel_01,visual_panel_01,False,1813,23,0.006310013717421125,0.0126861555432984,0.012398921832884097
guitar__u01,tool_prop,guitar,fingerboard,fingerboard,raw_proposals,proposal/0005,tool_prop_visual_strip_03,visual_strip_03,False,205,0,0.0,0.0,0.0
guitar__u01,tool_prop,guitar,fingerboard,fingerboard,dbscan_fusion,tool_prop/left/01,tool_prop,body,False,5824,16,0.002087955108965157,0.0027472527472527475,0.00862533692722372
guitar__u01,tool_prop,guitar,fingerboard,fingerboard,dbscan_fusion,tool_prop_fingerboard/right/01,tool_prop_fingerboard,fingerboard,True,1549,1522,0.8087141339001063,0.9825693996126533,0.8204851752021564
guitar__u01,tool_prop,guitar,fingerboard,fingerboard,dbscan_fusion,tool_prop_visual_panel_01/center/01,tool_prop_visual_panel_01,visual_panel_01,False,1813,23,0.006310013717421125,0.0126861555432984,0.012398921832884097
guitar__u01,tool_prop,guitar,fingerboard,fingerboard,dbscan_fusion,tool_prop_visual_strip_02/left/01,tool_prop_visual_strip_02,visual_strip_02,False,1731,0,0.0,0.0,0.0
guitar__u01,tool_prop,guitar,fingerboard,fingerboard,hpid_split_group_ids,object_001/tool_prop_body,tool_prop_body,body,False,9600,249,0.022220239157594145,0.0259375,0.13423180592991915
guitar__u01,tool_prop,guitar,fingerboard,fingerboard,hpid_split_group_ids,object_001/tool_prop_fingerboard/002,tool_prop_fingerboard,fingerboard,True,1313,1312,0.7068965517241379,0.9992383853769993,0.7072776280323451
pan_for_cooking__u01,tool_prop,pan_(for_cooking),side,side,raw_proposals,proposal/0001,tool_prop,body,False,35286,10972,0.3080983937998428,0.3109448506489826,0.9711453354576031
pan_for_cooking__u01,tool_prop,pan_(for_cooking),side,side,raw_proposals,proposal/0002,tool_prop_lid,lid,False,273,0,0.0,0.0,0.0
pan_for_cooking__u01,tool_prop,pan_(for_cooking),side,side,dbscan_fusion,tool_prop/right/01,tool_prop,body,False,35013,10972,0.310478508163785,0.31336931996686945,0.9711453354576031
pan_for_cooking__u01,tool_prop,pan_(for_cooking),side,side,dbscan_fusion,tool_prop_lid/right/01,tool_prop_lid,lid,False,273,0,0.0,0.0,0.0
pan_for_cooking__u01,tool_prop,pan_(for_cooking),side,side,hpid_split_group_ids,object_001/tool_prop_body,tool_prop_body,body,False,35008,10972,0.3105224429727741,0.3134140767824497,0.9711453354576031
pan_for_cooking__u01,tool_prop,pan_(for_cooking),side,side,hpid_split_group_ids,object_001/tool_prop_lid/002,tool_prop_lid,lid,False,278,0,0.0,0.0,0.0
