case_id,candidate_index,candidate_key,semantic_name,source,family,score,source_reliability,agreement,clipped_score,weight_before_scene_factor,broad_scene_layer,effective_weight,profile_priority,score_reconstruction,reconstructed_score,score_abs_error,reliability_basis,reconstructed_reliability,reliability_abs_error,metadata_semantic_reranked,metadata_root_geometry_support,metadata_cross_source_confirmed,profile_hint_source,root_resolution_note
cellular_telephone__01,1,root:1,device,grounded-sam2[IDEA-Research/grounding-dino-tiny|facebook/sam2.1-hiera-tiny]/root,grounded-sam2[IDEA-Research/grounding-dino|facebook/sam2.1-hiera-tiny],0.7201715111732483,0.9869140625,1.0,0.7201715111732483,0.8350223936088151,False,0.8350223936088151,,Stored score; precursor logits not archived in candidates.json,,,root quality rule; later root-routing maxima can retain different precursor metadata,0.9869140625,0.0,False,False,False,specific_root_label,
cellular_telephone__01,2,root:1/profile-topology:IDEA-Research_grounding-dino-tiny:device_bezel:01,device_bezel,hpid-topology-v2/surround,hpid-topology-v1,0.410424730181694,0.82,1.0,0.410424730181694,0.554101553311944,False,0.554101553311944,1.0,Topology anchor not retained in exported pool; score precursor unavailable,,,,0.82,0.0,False,False,False,,
cellular_telephone__01,3,root:1/visual-region:06,device_screen,sam2-amg[facebook/sam2.1-hiera-tiny]/point-grid,sam2-amg[facebook/sam2.1-hiera-tiny],0.8930440016732877,0.68,1.0,0.8930440016732877,0.6399984566258097,False,0.6399984566258097,1.0,visual candidate from stored precursor score and appearance utility,0.8930440016732877,0.0,original matched/generic visual candidate; downstream transformations applied,0.68,0.0,False,False,False,,
cellular_telephone__01,4,root:1/visual-region:15,device_button,sam2-amg[facebook/sam2.1-hiera-tiny]/point-grid/semantic-rerank,sam2-amg[facebook/sam2.1-hiera-tiny],0.5967676339814243,0.66,1.0,0.5967676339814243,0.5136266511352571,False,0.5136266511352571,1.0,visual candidate from stored precursor score and appearance utility; semantic rerank,0.5967676339814243,0.0,original matched/generic visual candidate; downstream transformations applied,0.66,0.0,True,False,False,,
cellular_telephone__01,5,root:1/visual-region:03,device_button,sam2-amg[facebook/sam2.1-hiera-tiny]/point-grid/semantic-rerank,sam2-amg[facebook/sam2.1-hiera-tiny],0.574185199606067,0.66,1.0,0.574185199606067,0.5054292274570024,False,0.5054292274570024,1.0,visual candidate from stored precursor score and appearance utility; semantic rerank,0.574185199606067,0.0,original matched/generic visual candidate; downstream transformations applied,0.66,0.0,True,False,False,,
cellular_telephone__01,6,root:1/visual-region:08,device_flash,sam2-amg[facebook/sam2.1-hiera-tiny]/point-grid/semantic-rerank,sam2-amg[facebook/sam2.1-hiera-tiny],0.5175717252029969,0.66,1.0,0.5175717252029969,0.4848785362486879,False,0.4848785362486879,1.0,visual candidate from stored precursor score and appearance utility; semantic rerank,0.5175717252029969,0.0,original matched/generic visual candidate; downstream transformations applied,0.66,0.0,True,False,False,,
cellular_telephone__01,7,root:1/visual-region:09,device_visual_panel_03,sam2-amg[facebook/sam2.1-hiera-tiny]/point-grid,sam2-amg[facebook/sam2.1-hiera-tiny],0.916216811118044,0.62,1.0,0.916216811118044,0.591429932591253,False,0.591429932591253,,visual candidate from stored precursor score and appearance utility,0.916216811118044,0.0,original matched/generic visual candidate; downstream transformations applied,0.62,0.0,False,False,False,,
cellular_telephone__01,8,root:1/visual-region:12,device_port,sam2-amg[facebook/sam2.1-hiera-tiny]/point-grid/semantic-rerank,sam2-amg[facebook/sam2.1-hiera-tiny],0.5495505273091912,0.66,1.0,0.5495505273091912,0.49648684141323646,False,0.49648684141323646,1.0,visual candidate from stored precursor score and appearance utility; semantic rerank,0.5495505273091912,0.0,original matched/generic visual candidate; downstream transformations applied,0.66,0.0,True,False,False,,
cellular_telephone__01,9,root:1/visual-region:14,device_port,sam2-amg[facebook/sam2.1-hiera-tiny]/point-grid/semantic-rerank,sam2-amg[facebook/sam2.1-hiera-tiny],0.5305921116572586,0.66,1.0,0.5305921116572586,0.4896049365315849,False,0.4896049365315849,1.0,visual candidate from stored precursor score and appearance utility; semantic rerank,0.5305921116572586,0.0,original matched/generic visual candidate; downstream transformations applied,0.66,0.0,True,False,False,,
cellular_telephone__01,10,root:1/visual-region:13,device_back_panel,sam2-amg[facebook/sam2.1-hiera-tiny]/prototype-labelled-region,sam2-amg[facebook/sam2.1-hiera-tiny],0.8333385641999339,0.6098930694169998,1.0,0.8333385641999339,0.5539879593685493,False,0.5539879593685493,1.0,visual candidate from stored precursor score and appearance utility; prototype label leaves score unchanged,0.8333385641999339,0.0,original matched/generic visual candidate; downstream transformations applied,0.6098930694169998,0.0,False,False,False,,
cellular_telephone__01,11,root:1/visual-region:16,device_button,sam2-amg[facebook/sam2.1-hiera-tiny]/prototype-labelled-region,sam2-amg[facebook/sam2.1-hiera-tiny],0.7806873459966012,0.6011938048973083,1.0,0.7806873459966012,0.5286766299899718,False,0.5286766299899718,1.0,visual candidate from stored precursor score and appearance utility; prototype label leaves score unchanged,0.7806873459966012,0.0,original matched/generic visual candidate; downstream transformations applied,0.6011938048973083,0.0,False,False,False,,
cellular_telephone__02,1,root:1,device,grounded-sam2[IDEA-Research/grounding-dino-tiny|facebook/sam2.1-hiera-tiny]/root,grounded-sam2[IDEA-Research/grounding-dino|facebook/sam2.1-hiera-tiny],0.7784809470176697,0.9901367187500001,1.0,0.7784809470176697,0.8695029372067076,False,0.8695029372067076,,Stored score; precursor logits not archived in candidates.json,,,root quality rule; later root-routing maxima can retain different precursor metadata,0.9901367187500001,0.0,False,False,False,specific_root_label,
cellular_telephone__02,2,root:1/profile-refine:IDEA-Research_grounding-dino-tiny:device_screen:01,device_screen,grounded-sam2[IDEA-Research/grounding-dino-tiny|facebook/sam2.1-hiera-tiny]/profile-refine,grounded-sam2[IDEA-Research/grounding-dino|facebook/sam2.1-hiera-tiny]/profile-refine,0.5504865646362305,0.8595039062500001,1.0,0.5504865646362305,0.6470067017661408,False,0.6470067017661408,1.0,Stored score; precursor logits not archived in candidates.json,,,profile priority + SAM quality,0.8595039062500001,0.0,False,False,False,,
cellular_telephone__02,3,root:1/profile-refine:IDEA-Research_grounding-dino-tiny:device_back_panel:01,device_back_panel,grounded-sam2[IDEA-Research/grounding-dino-tiny|facebook/sam2.1-hiera-tiny]/profile-refine,grounded-sam2[IDEA-Research/grounding-dino|facebook/sam2.1-hiera-tiny]/profile-refine,0.31058982014656067,0.8606640625,1.0,0.31058982014656067,0.5343212511331658,False,0.5343212511331658,1.0,Stored score; precursor logits not archived in candidates.json,,,profile priority + SAM quality,0.8606640625,0.0,False,False,False,,
cellular_telephone__02,4,root:1/profile-refine:IDEA-Research_grounding-dino-tiny:device_microphone:02,device_microphone,grounded-sam2[IDEA-Research/grounding-dino-tiny|facebook/sam2.1-hiera-tiny]/profile-refine,grounded-sam2[IDEA-Research/grounding-dino|facebook/sam2.1-hiera-tiny]/profile-refine,0.29289859533309937,0.784287109375,1.0,0.29289859533309937,0.47927332518933696,False,0.47927332518933696,1.0,Stored score; precursor logits not archived in candidates.json,,,profile priority + SAM quality,0.784287109375,0.0,False,False,False,,
cellular_telephone__02,5,root:1/profile-refine:IDEA-Research_grounding-dino-tiny:device_speaker:02,device_speaker,grounded-sam2[IDEA-Research/grounding-dino-tiny|facebook/sam2.1-hiera-tiny]/profile-refine,grounded-sam2[IDEA-Research/grounding-dino|facebook/sam2.1-hiera-tiny]/profile-refine,0.28756770491600037,0.848482421875,1.0,0.28756770491600037,0.51601496833984,False,0.51601496833984,1.0,Stored score; precursor logits not archived in candidates.json,,,profile priority + SAM quality,0.848482421875,0.0,False,False,False,,
cellular_telephone__02,6,root:1/profile-refine:IDEA-Research_grounding-dino-tiny:device_speaker:01,device_speaker,grounded-sam2[IDEA-Research/grounding-dino-tiny|facebook/sam2.1-hiera-tiny]/profile-refine,grounded-sam2[IDEA-Research/grounding-dino|facebook/sam2.1-hiera-tiny]/profile-refine,0.29209020733833313,0.828759765625,1.0,0.29209020733833313,0.5060818310075411,False,0.5060818310075411,1.0,Stored score; precursor logits not archived in candidates.json,,,profile priority + SAM quality,0.828759765625,0.0,False,False,False,,
cellular_telephone__02,7,root:1/profile-dense:device_lens:02,device_lens,clipseg-sam2[CIDAS/clipseg-rd64-refined|facebook/sam2.1-hiera-tiny]/profile-dense-supplement,grounded-sam2[IDEA-Research/grounding-dino|facebook/sam2.1-hiera-tiny]/profile-dense,0.1459929645061493,0.30897049348797306,1.0,0.1459929645061493,0.16384585712866825,False,0.16384585712866825,1.0,stored dense-region score identity,0.1459929645061493,0.0,,0.30897049348797306,0.0,False,False,False,,
cellular_telephone__02,8,root:1/profile-topology:IDEA-Research_grounding-dino-tiny:device_bezel:01,device_bezel,hpid-topology-v2/surround,hpid-topology-v1,0.5174573707580566,0.82,1.0,0.5174573707580566,0.6023732742118836,False,0.6023732742118836,1.0,topology formula using same archived anchor key,0.5174573707580566,0.0,,0.82,0.0,False,False,False,,
cellular_telephone__02,9,root:1/visual-region:19,device_camera,sam2-amg[facebook/sam2.1-hiera-tiny]/point-grid/semantic-rerank,sam2-amg[facebook/sam2.1-hiera-tiny],0.5600149964735446,0.66,1.0,0.5600149964735446,0.5002854437198967,False,0.5002854437198967,1.0,visual candidate from stored precursor score and appearance utility; semantic rerank,0.5600149964735446,0.0,original matched/generic visual candidate; downstream transformations applied,0.66,0.0,True,False,False,,
cellular_telephone__02,10,root:1/visual-region:01,device_camera,sam2-amg[facebook/sam2.1-hiera-tiny]/point-grid/semantic-rerank,sam2-amg[facebook/sam2.1-hiera-tiny],0.5507004729313102,0.66,1.0,0.5507004729313102,0.49690427167406565,False,0.49690427167406565,1.0,visual candidate from stored precursor score and appearance utility; semantic rerank,0.5507004729313102,0.0,original matched/generic visual candidate; downstream transformations applied,0.66,0.0,True,False,False,,
cellular_telephone__02,11,root:1/visual-region:21,device_camera,sam2-amg[facebook/sam2.1-hiera-tiny]/point-grid/semantic-rerank,sam2-amg[facebook/sam2.1-hiera-tiny],0.5533614796635082,0.66,1.0,0.5533614796635082,0.49787021711785356,False,0.49787021711785356,1.0,visual candidate from stored precursor score and appearance utility; semantic rerank,0.5533614796635082,0.0,original matched/generic visual candidate; downstream transformations applied,0.66,0.0,True,False,False,,
cellular_telephone__02,12,root:1/visual-region:26,device_camera,sam2-amg[facebook/sam2.1-hiera-tiny]/point-grid/semantic-rerank,sam2-amg[facebook/sam2.1-hiera-tiny],0.5486931811296454,0.66,1.0,0.5486931811296454,0.49617562475006133,False,0.49617562475006133,1.0,visual candidate from stored precursor score and appearance utility; semantic rerank,0.5486931811296454,0.0,original matched/generic visual candidate; downstream transformations applied,0.66,0.0,True,False,False,,
cellular_telephone__02,13,root:1/visual-region:02,device_visual_panel_01,sam2-amg[facebook/sam2.1-hiera-tiny]/point-grid,sam2-amg[facebook/sam2.1-hiera-tiny],0.7480626163073529,0.62,1.0,0.7480626163073529,0.5340893521608073,False,0.5340893521608073,,visual candidate from stored precursor score and appearance utility,0.7480626163073529,0.0,original matched/generic visual candidate; downstream transformations applied,0.62,0.0,False,False,False,,
cellular_telephone__02,14,root:1/visual-region:12,device_visual_panel_02,sam2-amg[facebook/sam2.1-hiera-tiny]/point-grid,sam2-amg[facebook/sam2.1-hiera-tiny],0.794615304947966,0.62,1.0,0.794615304947966,0.5499638189872563,False,0.5499638189872563,,visual candidate from stored precursor score and appearance utility,0.794615304947966,0.0,original matched/generic visual candidate; downstream transformations applied,0.62,0.0,False,False,False,,
cellular_telephone__02,15,root:1/visual-region:13,device_visual_strip_03,sam2-amg[facebook/sam2.1-hiera-tiny]/point-grid,sam2-amg[facebook/sam2.1-hiera-tiny],0.7938454407992104,0.62,1.0,0.7938454407992104,0.5497012953125308,False,0.5497012953125308,,visual candidate from stored precursor score and appearance utility,0.7938454407992104,0.0,original matched/generic visual candidate; downstream transformations applied,0.62,0.0,False,False,False,,
cellular_telephone__02,16,root:1/visual-region:15,device_button,sam2-amg[facebook/sam2.1-hiera-tiny]/prototype-labelled-region,sam2-amg[facebook/sam2.1-hiera-tiny],0.6565433042748695,0.5832428515954018,1.0,0.6565433042748695,0.4730675871575592,False,0.4730675871575592,1.0,visual candidate from stored precursor score and appearance utility; prototype label leaves score unchanged,0.6565433042748695,0.0,original matched/generic visual candidate; downstream transformations applied,0.5832428515954018,0.0,False,False,False,,
cellular_telephone__02,17,root:1/visual-region:18,device_back_panel,sam2-amg[facebook/sam2.1-hiera-tiny]/point-grid,sam2-amg[facebook/sam2.1-hiera-tiny],0.7177094913035443,0.68,1.0,0.7177094913035443,0.5744233497475256,False,0.5744233497475256,1.0,visual candidate from stored precursor score and appearance utility,0.7177094913035443,0.0,original matched/generic visual candidate; downstream transformations applied,0.68,0.0,False,False,False,,
cellular_telephone__03,1,root:1,device,grounded-sam2[IDEA-Research/grounding-dino-tiny|facebook/sam2.1-hiera-tiny]/root,grounded-sam2[IDEA-Research/grounding-dino|facebook/sam2.1-hiera-tiny],0.7142295241355896,0.994140625,1.0,0.7142295241355896,0.8378878032846843,False,0.8378878032846843,,Stored score; precursor logits not archived in candidates.json,,,root quality rule; later root-routing maxima can retain different precursor metadata,0.994140625,0.0,False,False,False,specific_root_label,
cellular_telephone__03,2,root:1/profile-refine:IDEA-Research_grounding-dino-tiny:device_screen:01,device_screen,grounded-sam2[IDEA-Research/grounding-dino-tiny|facebook/sam2.1-hiera-tiny]/profile-refine,grounded-sam2[IDEA-Research/grounding-dino|facebook/sam2.1-hiera-tiny]/profile-refine,0.4323030412197113,0.824892578125,1.0,0.4323030412197113,0.5673336237679032,False,0.5673336237679032,1.0,Stored score; precursor logits not archived in candidates.json,,,profile priority + SAM quality,0.824892578125,0.0,False,False,False,,
cellular_telephone__03,3,root:1/profile-topology:IDEA-Research_grounding-dino-tiny:device_bezel:01,device_bezel,hpid-topology-v2/surround,hpid-topology-v1,0.4063648587465286,0.82,1.0,0.4063648587465286,0.5522705512946844,False,0.5522705512946844,1.0,topology formula using same archived anchor key,0.4063648587465286,0.0,,0.82,0.0,False,False,False,,
cellular_telephone__03,4,root:1/visual-region:01,device_screen,sam2-amg[facebook/sam2.1-hiera-tiny]/point-grid,sam2-amg[facebook/sam2.1-hiera-tiny],0.6558063539248005,0.68,1.0,0.6558063539248005,0.5512715763678755,False,0.5512715763678755,1.0,visual candidate from stored precursor score and appearance utility,0.6558063539248005,0.0,original matched/generic visual candidate; downstream transformations applied,0.68,0.0,False,False,False,,
cellular_telephone__03,5,root:1/visual-region:02,device_visual_panel_01,sam2-amg[facebook/sam2.1-hiera-tiny]/point-grid,sam2-amg[facebook/sam2.1-hiera-tiny],0.7175359860105435,0.62,1.0,0.7175359860105435,0.5236797712295953,False,0.5236797712295953,,visual candidate from stored precursor score and appearance utility,0.7175359860105435,0.0,original matched/generic visual candidate; downstream transformations applied,0.62,0.0,False,False,False,,
cellular_telephone__03,6,root:1/visual-region:22,device_button,sam2-amg[facebook/sam2.1-hiera-tiny]/point-grid/semantic-rerank,sam2-amg[facebook/sam2.1-hiera-tiny],0.651437984369578,0.66,1.0,0.651437984369578,0.5334719883261568,False,0.5334719883261568,1.0,visual candidate from stored precursor score and appearance utility; semantic rerank,0.651437984369578,0.0,original matched/generic visual candidate; downstream transformations applied,0.66,0.0,True,False,False,,
cellular_telephone__03,7,root:1/visual-region:21,device_button,sam2-amg[facebook/sam2.1-hiera-tiny]/point-grid/semantic-rerank,sam2-amg[facebook/sam2.1-hiera-tiny],0.6017282837473851,0.66,1.0,0.6017282837473851,0.5154273670003009,False,0.5154273670003009,1.0,visual candidate from stored precursor score and appearance utility; semantic rerank,0.6017282837473851,0.0,original matched/generic visual candidate; downstream transformations applied,0.66,0.0,True,False,False,,
cellular_telephone__03,8,root:1/visual-region:18,device_button,sam2-amg[facebook/sam2.1-hiera-tiny]/point-grid/semantic-rerank,sam2-amg[facebook/sam2.1-hiera-tiny],0.5945569915685246,0.66,1.0,0.5945569915685246,0.5128241879393745,False,0.5128241879393745,1.0,visual candidate from stored precursor score and appearance utility; semantic rerank,0.5945569915685246,0.0,original matched/generic visual candidate; downstream transformations applied,0.66,0.0,True,False,False,,
cellular_telephone__03,9,root:1/visual-region:13,device_button,sam2-amg[facebook/sam2.1-hiera-tiny]/point-grid/semantic-rerank,sam2-amg[facebook/sam2.1-hiera-tiny],0.5878810424374755,0.66,1.0,0.5878810424374755,0.5104008184048037,False,0.5104008184048037,1.0,visual candidate from stored precursor score and appearance utility; semantic rerank,0.5878810424374755,0.0,original matched/generic visual candidate; downstream transformations applied,0.66,0.0,True,False,False,,
cellular_telephone__03,10,root:1/visual-region:07,device_button,sam2-amg[facebook/sam2.1-hiera-tiny]/prototype-labelled-region,sam2-amg[facebook/sam2.1-hiera-tiny],0.7135605025200961,0.6030702482519149,1.0,0.7135605025200961,0.5080615218820173,False,0.5080615218820173,1.0,visual candidate from stored precursor score and appearance utility; prototype label leaves score unchanged,0.7135605025200961,0.0,original matched/generic visual candidate; downstream transformations applied,0.6030702482519149,0.0,False,False,False,,
cellular_telephone__03,11,root:1/visual-region:16,device_button,sam2-amg[facebook/sam2.1-hiera-tiny]/point-grid/semantic-rerank,sam2-amg[facebook/sam2.1-hiera-tiny],0.5665313133907528,0.66,1.0,0.5665313133907528,0.5026508667608434,False,0.5026508667608434,1.0,visual candidate from stored precursor score and appearance utility; semantic rerank,0.5665313133907528,0.0,original matched/generic visual candidate; downstream transformations applied,0.66,0.0,True,False,False,,
cellular_telephone__03,12,root:1/visual-region:20,device_button,sam2-amg[facebook/sam2.1-hiera-tiny]/point-grid/semantic-rerank,sam2-amg[facebook/sam2.1-hiera-tiny],0.5630449078348234,0.66,1.0,0.5630449078348234,0.501385301544041,False,0.501385301544041,1.0,visual candidate from stored precursor score and appearance utility; semantic rerank,0.5630449078348234,0.0,original matched/generic visual candidate; downstream transformations applied,0.66,0.0,True,False,False,,
cellular_telephone__03,13,root:1/visual-region:10,device_button,sam2-amg[facebook/sam2.1-hiera-tiny]/point-grid/within-root-repetition-consensus,sam2-amg[facebook/sam2.1-hiera-tiny],0.5457971579680504,0.62,1.0,0.5457971579680504,0.4651168308671052,False,0.4651168308671052,1.0,visual candidate from stored precursor score and appearance utility; within-root/inventory consensus,0.5457971579680504,0.0,original matched/generic visual candidate; downstream transformations applied,0.62,0.0,True,False,False,,
cellular_telephone__03,14,root:1/visual-region:05,device_button,sam2-amg[facebook/sam2.1-hiera-tiny]/point-grid/within-root-repetition-consensus,sam2-amg[facebook/sam2.1-hiera-tiny],0.5089653796623598,0.62,1.0,0.5089653796623598,0.4525571944648647,False,0.4525571944648647,1.0,visual candidate from stored precursor score and appearance utility; within-root/inventory consensus,0.5089653796623598,0.0,original matched/generic visual candidate; downstream transformations applied,0.62,0.0,True,False,False,,
cellular_telephone__03,15,root:1/visual-region:06,device_visual_panel_02,sam2-amg[facebook/sam2.1-hiera-tiny]/point-grid,sam2-amg[facebook/sam2.1-hiera-tiny],0.7220242102718983,0.62,1.0,0.7220242102718983,0.5252102557027173,False,0.5252102557027173,,visual candidate from stored precursor score and appearance utility,0.7220242102718983,0.0,original matched/generic visual candidate; downstream transformations applied,0.62,0.0,False,False,False,,
cellular_telephone__03,16,root:1/visual-region:09,device_flash,sam2-amg[facebook/sam2.1-hiera-tiny]/point-grid/semantic-rerank,sam2-amg[facebook/sam2.1-hiera-tiny],0.6023940011869656,0.66,1.0,0.6023940011869656,0.5156690224308687,False,0.5156690224308687,1.0,visual candidate from stored precursor score and appearance utility; semantic rerank,0.6023940011869656,0.0,original matched/generic visual candidate; downstream transformations applied,0.66,0.0,True,False,False,,
cellular_telephone__04,1,root:1,device,grounded-sam2[IDEA-Research/grounding-dino-tiny|facebook/sam2.1-hiera-tiny]/root,grounded-sam2[IDEA-Research/grounding-dino|facebook/sam2.1-hiera-tiny],0.635448694229126,0.9921875,1.0,0.635448694229126,0.7932507132180036,False,0.7932507132180036,,Stored score; precursor logits not archived in candidates.json,,,root quality rule; later root-routing maxima can retain different precursor metadata,0.9921875,0.0,False,False,False,specific_root_label,
cellular_telephone__04,2,root:1/profile-refine:IDEA-Research_grounding-dino-tiny:device_screen:01,device_screen,grounded-sam2[IDEA-Research/grounding-dino-tiny|facebook/sam2.1-hiera-tiny]/profile-refine,grounded-sam2[IDEA-Research/grounding-dino|facebook/sam2.1-hiera-tiny]/profile-refine,0.6247515082359314,0.8678183593750001,1.0,0.6247515082359314,0.6887122176106496,False,0.6887122176106496,1.0,Stored score; precursor logits not archived in candidates.json,,,profile priority + SAM quality,0.8678183593750001,0.0,False,False,False,,
cellular_telephone__04,3,root:1/profile-refine:IDEA-Research_grounding-dino-tiny:device_microphone:01,device_microphone,grounded-sam2[IDEA-Research/grounding-dino-tiny|facebook/sam2.1-hiera-tiny]/profile-refine,grounded-sam2[IDEA-Research/grounding-dino|facebook/sam2.1-hiera-tiny]/profile-refine,0.3663630187511444,0.8241191406250001,1.0,0.3663630187511444,0.5369133401747358,False,0.5369133401747358,1.0,Stored score; precursor logits not archived in candidates.json,,,profile priority + SAM quality,0.8241191406250001,0.0,False,False,False,,
cellular_telephone__04,4,root:1/profile-refine:IDEA-Research_grounding-dino-tiny:device_button:01,device_button,grounded-sam2[IDEA-Research/grounding-dino-tiny|facebook/sam2.1-hiera-tiny]/profile-refine,grounded-sam2[IDEA-Research/grounding-dino|facebook/sam2.1-hiera-tiny]/profile-refine,0.3107989728450775,0.8490625,1.0,0.3107989728450775,0.5272163890847006,False,0.5272163890847006,1.0,Stored score; precursor logits not archived in candidates.json,,,profile priority + SAM quality,0.8490625,0.0,False,False,False,,
cellular_telephone__04,5,root:1/profile-refine:IDEA-Research_grounding-dino-tiny:device_button:02,device_button,grounded-sam2[IDEA-Research/grounding-dino-tiny|facebook/sam2.1-hiera-tiny]/profile-refine,grounded-sam2[IDEA-Research/grounding-dino|facebook/sam2.1-hiera-tiny]/profile-refine,0.26549941301345825,0.8376542968750001,1.0,0.26549941301345825,0.4992626318644326,False,0.4992626318644326,1.0,Stored score; precursor logits not archived in candidates.json,,,profile priority + SAM quality,0.8376542968750001,0.0,False,False,False,,
cellular_telephone__04,6,root:1/profile-refine:IDEA-Research_grounding-dino-tiny:device_back_panel:02,device_back_panel,grounded-sam2[IDEA-Research/grounding-dino-tiny|facebook/sam2.1-hiera-tiny]/profile-refine,grounded-sam2[IDEA-Research/grounding-dino|facebook/sam2.1-hiera-tiny]/profile-refine,0.2690374255180359,0.8678183593750001,1.0,0.2690374255180359,0.5189298511916947,False,0.5189298511916947,1.0,Stored score; precursor logits not archived in candidates.json,,,profile priority + SAM quality,0.8678183593750001,0.0,False,False,False,,
cellular_telephone__04,7,root:1/profile-refine:IDEA-Research_grounding-dino-tiny:device_camera:02,device_camera,grounded-sam2[IDEA-Research/grounding-dino-tiny|facebook/sam2.1-hiera-tiny]/profile-refine,grounded-sam2[IDEA-Research/grounding-dino|facebook/sam2.1-hiera-tiny]/profile-refine,0.2557152211666107,0.84094140625,1.0,0.2557152211666107,0.4966964675405587,False,0.4966964675405587,1.0,Stored score; precursor logits not archived in candidates.json,,,profile priority + SAM quality,0.84094140625,0.0,False,False,False,,
cellular_telephone__04,8,root:1/profile-refine:IDEA-Research_grounding-dino-tiny:device_speaker:02,device_speaker,grounded-sam2[IDEA-Research/grounding-dino-tiny|facebook/sam2.1-hiera-tiny]/profile-refine,grounded-sam2[IDEA-Research/grounding-dino|facebook/sam2.1-hiera-tiny]/profile-refine,0.25534364581108093,0.8275996093750001,1.0,0.25534364581108093,0.4886470900600515,False,0.4886470900600515,1.0,Stored score; precursor logits not archived in candidates.json,,,profile priority + SAM quality,0.8275996093750001,0.0,False,False,False,,
cellular_telephone__04,9,root:1/profile-dense:device_lens:03,device_lens,clipseg-sam2[CIDAS/clipseg-rd64-refined|facebook/sam2.1-hiera-tiny]/profile-dense-supplement,grounded-sam2[IDEA-Research/grounding-dino|facebook/sam2.1-hiera-tiny]/profile-dense,0.043385233730077744,0.27785634473435494,1.0,0.043385233730077744,0.1316655294832865,False,0.1316655294832865,1.0,stored dense-region score identity,0.043385233730077744,0.0,,0.27785634473435494,0.0,False,False,False,,
cellular_telephone__04,10,root:1/profile-topology:IDEA-Research_grounding-dino-tiny:device_bezel:01,device_bezel,hpid-topology-v2/surround,hpid-topology-v1,0.5872664177417755,0.82,1.0,0.5872664177417755,0.6338571544015408,False,0.6338571544015408,1.0,topology formula using same archived anchor key,0.5872664177417755,0.0,,0.82,0.0,False,False,False,,
cellular_telephone__04,11,root:1/visual-region:05,device_visual_strip_01,sam2-amg[facebook/sam2.1-hiera-tiny]/point-grid,sam2-amg[facebook/sam2.1-hiera-tiny],0.6554380571397933,0.62,1.0,0.6554380571397933,0.5025043774846696,False,0.5025043774846696,,visual candidate from stored precursor score and appearance utility,0.6554380571397933,0.0,original matched/generic visual candidate; downstream transformations applied,0.62,0.0,False,False,False,,
laptop_computer__01,1,root:1,device,grounded-sam2[IDEA-Research/grounding-dino-tiny|facebook/sam2.1-hiera-tiny]/root,grounded-sam2[IDEA-Research/grounding-dino|facebook/sam2.1-hiera-tiny],0.813164234161377,0.9884765625,1.0,0.813164234161377,0.8869010359374807,False,0.8869010359374807,,Stored score; precursor logits not archived in candidates.json,,,root quality rule; later root-routing maxima can retain different precursor metadata,0.9884765625,0.0,False,False,False,specific_root_label,
laptop_computer__01,2,root:1/profile-refine:IDEA-Research_grounding-dino-tiny:device_screen:01,device_screen,grounded-sam2[IDEA-Research/grounding-dino-tiny|facebook/sam2.1-hiera-tiny]/profile-refine,grounded-sam2[IDEA-Research/grounding-dino|facebook/sam2.1-hiera-tiny]/profile-refine,0.5714676380157471,0.8502226562500002,1.0,0.5714676380157471,0.6498312985475642,False,0.6498312985475642,1.0,Stored score; precursor logits not archived in candidates.json,,,profile priority + SAM quality,0.8502226562500002,0.0,False,False,False,,
laptop_computer__01,3,root:1/profile-refine:IDEA-Research_grounding-dino-tiny:device_keyboard:01,device_keyboard,grounded-sam2[IDEA-Research/grounding-dino-tiny|facebook/sam2.1-hiera-tiny]/profile-refine,grounded-sam2[IDEA-Research/grounding-dino|facebook/sam2.1-hiera-tiny]/profile-refine,0.344112753868103,0.857763671875,1.0,0.344112753868103,0.5483357329570572,False,0.5483357329570572,1.0,Stored score; precursor logits not archived in candidates.json,,,profile priority + SAM quality,0.857763671875,0.0,False,False,False,,
laptop_computer__01,4,root:1/profile-refine:IDEA-Research_grounding-dino-tiny:device_base_panel:01,device_base_panel,grounded-sam2[IDEA-Research/grounding-dino-tiny|facebook/sam2.1-hiera-tiny]/profile-refine,grounded-sam2[IDEA-Research/grounding-dino|facebook/sam2.1-hiera-tiny]/profile-refine,0.3402659296989441,0.8631777343750001,1.0,0.3402659296989441,0.5499704663241458,False,0.5499704663241458,1.0,Stored score; precursor logits not archived in candidates.json,,,profile priority + SAM quality,0.8631777343750001,0.0,False,False,False,,
laptop_computer__01,5,root:1/profile-refine:IDEA-Research_grounding-dino-tiny:device_key:01,device_key,grounded-sam2[IDEA-Research/grounding-dino-tiny|facebook/sam2.1-hiera-tiny]/profile-refine,grounded-sam2[IDEA-Research/grounding-dino|facebook/sam2.1-hiera-tiny]/profile-refine,0.3051794171333313,0.842875,1.0,0.3051794171333313,0.5207692056689411,False,0.5207692056689411,1.0,Stored score; precursor logits not archived in candidates.json,,,profile priority + SAM quality,0.842875,0.0,False,False,False,,
laptop_computer__01,6,root:1/profile-topology:IDEA-Research_grounding-dino-tiny:device_bezel:01,device_bezel,hpid-topology-v2/surround,hpid-topology-v1,0.5371795797348022,0.82,1.0,0.5371795797348022,0.6112679904603958,False,0.6112679904603958,1.0,topology formula using same archived anchor key,0.5371795797348022,0.0,,0.82,0.0,False,False,False,,
laptop_computer__01,7,root:1/visual-region:04,device_screen,sam2-amg[facebook/sam2.1-hiera-tiny]/point-grid,sam2-amg[facebook/sam2.1-hiera-tiny],0.722792657161829,0.68,1.0,0.722792657161829,0.5763244537785241,False,0.5763244537785241,1.0,visual candidate from stored precursor score and appearance utility,0.722792657161829,0.0,original matched/generic visual candidate; downstream transformations applied,0.68,0.0,False,False,False,,
laptop_computer__01,8,root:1/visual-region:01,device_screen,sam2-amg[facebook/sam2.1-hiera-tiny]/point-grid,sam2-amg[facebook/sam2.1-hiera-tiny],0.6785604729893833,0.68,1.0,0.6785604729893833,0.5597816168980294,False,0.5597816168980294,1.0,visual candidate from stored precursor score and appearance utility,0.6785604729893833,0.0,original matched/generic visual candidate; downstream transformations applied,0.68,0.0,False,False,False,,
laptop_computer__01,9,root:1/visual-region:02,device_camera,sam2-amg[facebook/sam2.1-hiera-tiny]/prototype-labelled-region,sam2-amg[facebook/sam2.1-hiera-tiny],0.6566882982008275,0.6146710270776748,1.0,0.6566882982008275,0.4986079610836999,False,0.4986079610836999,1.0,visual candidate from stored precursor score and appearance utility; prototype label leaves score unchanged,0.6566882982008275,0.0,original matched/generic visual candidate; downstream transformations applied,0.6146710270776748,0.0,False,False,False,,
laptop_computer__01,10,root:1/visual-region:03,device_visual_strip_01,sam2-amg[facebook/sam2.1-hiera-tiny]/point-grid,sam2-amg[facebook/sam2.1-hiera-tiny],0.7266811030029389,0.62,1.0,0.7266811030029389,0.5267982561240022,False,0.5267982561240022,,visual candidate from stored precursor score and appearance utility,0.7266811030029389,0.0,original matched/generic visual candidate; downstream transformations applied,0.62,0.0,False,False,False,,
laptop_computer__01,11,root:1/visual-region:05,device_port,sam2-amg[facebook/sam2.1-hiera-tiny]/point-grid/semantic-rerank,sam2-amg[facebook/sam2.1-hiera-tiny],0.570754226470013,0.66,1.0,0.570754226470013,0.5041837842086148,False,0.5041837842086148,1.0,visual candidate from stored precursor score and appearance utility; semantic rerank,0.570754226470013,0.0,original matched/generic visual candidate; downstream transformations applied,0.66,0.0,True,False,False,,
laptop_computer__01,12,root:1/visual-region:22,device_port,sam2-amg[facebook/sam2.1-hiera-tiny]/point-grid/semantic-rerank,sam2-amg[facebook/sam2.1-hiera-tiny],0.5421953174456777,0.66,1.0,0.5421953174456777,0.4938169002327811,False,0.4938169002327811,1.0,visual candidate from stored precursor score and appearance utility; semantic rerank,0.5421953174456777,0.0,original matched/generic visual candidate; downstream transformations applied,0.66,0.0,True,False,False,,
laptop_computer__01,13,root:1/visual-region:17,device_port,sam2-amg[facebook/sam2.1-hiera-tiny]/point-grid/semantic-rerank,sam2-amg[facebook/sam2.1-hiera-tiny],0.5383252047783867,0.66,1.0,0.5383252047783867,0.4924120493345544,False,0.4924120493345544,1.0,visual candidate from stored precursor score and appearance utility; semantic rerank,0.5383252047783867,0.0,original matched/generic visual candidate; downstream transformations applied,0.66,0.0,True,False,False,,
laptop_computer__01,14,root:1/visual-region:18,device_port,sam2-amg[facebook/sam2.1-hiera-tiny]/point-grid/within-root-repetition-consensus,sam2-amg[facebook/sam2.1-hiera-tiny],0.5354504376069417,0.62,1.0,0.5354504376069417,0.46158859922396717,False,0.46158859922396717,1.0,visual candidate from stored precursor score and appearance utility; within-root/inventory consensus,0.5354504376069417,0.0,original matched/generic visual candidate; downstream transformations applied,0.62,0.0,True,False,False,,
laptop_computer__01,15,root:1/visual-region:20,device_port,sam2-amg[facebook/sam2.1-hiera-tiny]/point-grid/semantic-rerank,sam2-amg[facebook/sam2.1-hiera-tiny],0.4965573587943013,0.66,1.0,0.4965573587943013,0.4772503212423314,False,0.4772503212423314,1.0,visual candidate from stored precursor score and appearance utility; semantic rerank,0.4965573587943013,0.0,original matched/generic visual candidate; downstream transformations applied,0.66,0.0,True,False,False,,
laptop_computer__01,16,root:1/visual-region:19,device_port,sam2-amg[facebook/sam2.1-hiera-tiny]/point-grid/within-root-repetition-consensus,sam2-amg[facebook/sam2.1-hiera-tiny],0.5403170539575439,0.62,1.0,0.5403170539575439,0.46324811539952254,False,0.46324811539952254,1.0,visual candidate from stored precursor score and appearance utility; within-root/inventory consensus,0.5403170539575439,0.0,original matched/generic visual candidate; downstream transformations applied,0.62,0.0,True,False,False,,
laptop_computer__01,17,root:1/visual-region:06,device_visual_strip_02,sam2-amg[facebook/sam2.1-hiera-tiny]/point-grid,sam2-amg[facebook/sam2.1-hiera-tiny],0.6943697343051662,0.62,1.0,0.6943697343051662,0.5157800793980617,False,0.5157800793980617,,visual candidate from stored precursor score and appearance utility,0.6943697343051662,0.0,original matched/generic visual candidate; downstream transformations applied,0.62,0.0,False,False,False,,
laptop_computer__01,18,root:1/visual-region:07,device_visual_panel_01,sam2-amg[facebook/sam2.1-hiera-tiny]/point-grid,sam2-amg[facebook/sam2.1-hiera-tiny],0.7275113564442421,0.62,1.0,0.7275113564442421,0.5270813725474865,False,0.5270813725474865,,visual candidate from stored precursor score and appearance utility,0.7275113564442421,0.0,original matched/generic visual candidate; downstream transformations applied,0.62,0.0,False,False,False,,
laptop_computer__01,19,root:1/visual-region:10,device_logo,sam2-amg[facebook/sam2.1-hiera-tiny]/prototype-labelled-region,sam2-amg[facebook/sam2.1-hiera-tiny],0.6934089414765048,0.6118135232248306,1.0,0.6934089414765048,0.5086464175873613,False,0.5086464175873613,1.0,visual candidate from stored precursor score and appearance utility; prototype label leaves score unchanged,0.6934089414765048,0.0,original matched/generic visual candidate; downstream transformations applied,0.6118135232248306,0.0,False,False,False,,
laptop_computer__01,20,root:1/visual-region:16,device_logo,sam2-amg[facebook/sam2.1-hiera-tiny]/point-grid/semantic-rerank,sam2-amg[facebook/sam2.1-hiera-tiny],0.5152246457262433,0.66,1.0,0.5152246457262433,0.48402654639862636,False,0.48402654639862636,1.0,visual candidate from stored precursor score and appearance utility; semantic rerank,0.5152246457262433,0.0,original matched/generic visual candidate; downstream transformations applied,0.66,0.0,True,False,False,,
laptop_computer__01,21,root:1/visual-region:15,device_hinge,sam2-amg[facebook/sam2.1-hiera-tiny]/point-grid/semantic-rerank,sam2-amg[facebook/sam2.1-hiera-tiny],0.4976058736848634,0.66,1.0,0.4976058736848634,0.4776309321476055,False,0.4776309321476055,1.0,visual candidate from stored precursor score and appearance utility; semantic rerank,0.4976058736848634,0.0,original matched/generic visual candidate; downstream transformations applied,0.66,0.0,True,False,False,,
laptop_computer__01,22,root:1/visual-region:28,device_touchpad,sam2-amg[facebook/sam2.1-hiera-tiny]/prototype-labelled-region,sam2-amg[facebook/sam2.1-hiera-tiny],0.6721634846151732,0.6136292167778016,1.0,0.6721634846151732,0.5029856814860864,False,0.5029856814860864,1.0,visual candidate from stored precursor score and appearance utility; prototype label leaves score unchanged,0.6721634846151732,0.0,original matched/generic visual candidate; downstream transformations applied,0.6136292167778016,0.0,False,False,False,,
laptop_computer__01,23,root:1/visual-region:27,device_keyboard,sam2-amg[facebook/sam2.1-hiera-tiny]/point-grid,sam2-amg[facebook/sam2.1-hiera-tiny],0.8294169953344084,0.68,1.0,0.8294169953344084,0.6162019562550688,False,0.6162019562550688,1.0,visual candidate from stored precursor score and appearance utility,0.8294169953344084,0.0,original matched/generic visual candidate; downstream transformations applied,0.68,0.0,False,False,False,,
laptop_computer__02,1,root:1,device,grounded-sam2[IDEA-Research/grounding-dino-tiny|facebook/sam2.1-hiera-tiny]/root,grounded-sam2[IDEA-Research/grounding-dino|facebook/sam2.1-hiera-tiny],0.8047130703926086,0.99033203125,1.0,0.8047130703926086,0.883962635328935,False,0.883962635328935,,Stored score; precursor logits not archived in candidates.json,,,root quality rule; later root-routing maxima can retain different precursor metadata,0.99033203125,0.0,False,False,False,specific_root_label,
laptop_computer__02,2,root:1/profile-refine:IDEA-Research_grounding-dino-tiny:device_screen:01,device_screen,grounded-sam2[IDEA-Research/grounding-dino-tiny|facebook/sam2.1-hiera-tiny]/profile-refine,grounded-sam2[IDEA-Research/grounding-dino|facebook/sam2.1-hiera-tiny]/profile-refine,0.5595608353614807,0.873619140625,1.0,0.5595608353614807,0.6619922941449973,False,0.6619922941449973,1.0,Stored score; precursor logits not archived in candidates.json,,,profile priority + SAM quality,0.873619140625,0.0,False,False,False,,
laptop_computer__02,3,root:1/profile-refine:IDEA-Research_grounding-dino-tiny:device_base_panel:01,device_base_panel,grounded-sam2[IDEA-Research/grounding-dino-tiny|facebook/sam2.1-hiera-tiny]/profile-refine,grounded-sam2[IDEA-Research/grounding-dino|facebook/sam2.1-hiera-tiny]/profile-refine,0.3508661091327667,0.8473222656250001,1.0,0.3508661091327667,0.5448081861180225,False,0.5448081861180225,1.0,Stored score; precursor logits not archived in candidates.json,,,profile priority + SAM quality,0.8473222656250001,0.0,False,False,False,,
laptop_computer__02,4,root:1/profile-refine:IDEA-Research_grounding-dino-tiny:device_keyboard:02,device_keyboard,grounded-sam2[IDEA-Research/grounding-dino-tiny|facebook/sam2.1-hiera-tiny]/profile-refine,grounded-sam2[IDEA-Research/grounding-dino|facebook/sam2.1-hiera-tiny]/profile-refine,0.3263787627220154,0.8339804687500001,1.0,0.3263787627220154,0.5249976433762233,False,0.5249976433762233,1.0,Stored score; precursor logits not archived in candidates.json,,,profile priority + SAM quality,0.8339804687500001,0.0,False,False,False,,
laptop_computer__02,5,root:1/profile-topology:IDEA-Research_grounding-dino-tiny:device_bezel:01,device_bezel,hpid-topology-v2/surround,hpid-topology-v1,0.5259871852397918,0.82,1.0,0.5259871852397918,0.6062202205431462,False,0.6062202205431462,1.0,topology formula using same archived anchor key,0.5259871852397918,0.0,,0.82,0.0,False,False,False,,
laptop_computer__02,6,root:1/visual-region:03,device_screen,sam2-amg[facebook/sam2.1-hiera-tiny]/point-grid,sam2-amg[facebook/sam2.1-hiera-tiny],0.8148767229222866,0.68,1.0,0.8148767229222866,0.6107638943729353,False,0.6107638943729353,1.0,visual candidate from stored precursor score and appearance utility,0.8148767229222866,0.0,original matched/generic visual candidate; downstream transformations applied,0.68,0.0,False,False,False,,
laptop_computer__02,7,root:1/visual-region:02,device_logo,sam2-amg[facebook/sam2.1-hiera-tiny]/point-grid/semantic-rerank,sam2-amg[facebook/sam2.1-hiera-tiny],0.6514227118940121,0.66,1.0,0.6514227118940121,0.5334664444175264,False,0.5334664444175264,1.0,visual candidate from stored precursor score and appearance utility; semantic rerank,0.6514227118940121,0.0,original matched/generic visual candidate; downstream transformations applied,0.66,0.0,True,False,False,,
laptop_computer__02,8,root:1/visual-region:06,device_logo,sam2-amg[facebook/sam2.1-hiera-tiny]/point-grid/semantic-rerank,sam2-amg[facebook/sam2.1-hiera-tiny],0.5522278676685228,0.66,1.0,0.5522278676685228,0.49745871596367386,False,0.49745871596367386,1.0,visual candidate from stored precursor score and appearance utility; semantic rerank,0.5522278676685228,0.0,original matched/generic visual candidate; downstream transformations applied,0.66,0.0,True,False,False,,
laptop_computer__02,9,root:1/visual-region:09,device_logo,sam2-amg[facebook/sam2.1-hiera-tiny]/point-grid/semantic-inventory-cluster,sam2-amg[facebook/sam2.1-hiera-tiny],0.5668164861697588,0.62,1.0,0.5668164861697588,0.47228442178388774,False,0.47228442178388774,1.0,visual candidate from stored precursor score and appearance utility; within-root/inventory consensus,0.5668164861697588,0.0,original matched/generic visual candidate; downstream transformations applied,0.62,0.0,True,False,False,,
laptop_computer__02,10,root:1/visual-region:11,device_logo,sam2-amg[facebook/sam2.1-hiera-tiny]/prototype-labelled-region,sam2-amg[facebook/sam2.1-hiera-tiny],0.661471391581498,0.6120421143445969,1.0,0.661471391581498,0.49808554345017014,False,0.49808554345017014,1.0,visual candidate from stored precursor score and appearance utility; prototype label leaves score unchanged,0.661471391581498,0.0,original matched/generic visual candidate; downstream transformations applied,0.6120421143445969,0.0,False,False,False,,
laptop_computer__02,11,root:1/visual-region:05,device_camera,sam2-amg[facebook/sam2.1-hiera-tiny]/prototype-labelled-region,sam2-amg[facebook/sam2.1-hiera-tiny],0.7838396831848347,0.606387269744873,1.0,0.7838396831848347,0.5342949943574689,False,0.5342949943574689,1.0,visual candidate from stored precursor score and appearance utility; prototype label leaves score unchanged,0.7838396831848347,0.0,original matched/generic visual candidate; downstream transformations applied,0.606387269744873,0.0,False,False,False,,
laptop_computer__02,12,root:1/visual-region:15,device_touchpad,sam2-amg[facebook/sam2.1-hiera-tiny]/prototype-labelled-region,sam2-amg[facebook/sam2.1-hiera-tiny],0.7007267439055997,0.6070739731254577,1.0,0.7007267439055997,0.5071494205803767,False,0.5071494205803767,1.0,visual candidate from stored precursor score and appearance utility; prototype label leaves score unchanged,0.7007267439055997,0.0,original matched/generic visual candidate; downstream transformations applied,0.6070739731254577,0.0,False,False,False,,
laptop_computer__03,1,root:1,device,grounded-sam2[IDEA-Research/grounding-dino-tiny|facebook/sam2.1-hiera-tiny]/root,grounded-sam2[IDEA-Research/grounding-dino|facebook/sam2.1-hiera-tiny],0.7986582517623901,0.9940429687500001,1.0,0.7986582517623901,0.8839646767167143,False,0.8839646767167143,,Stored score; precursor logits not archived in candidates.json,,,root quality rule; later root-routing maxima can retain different precursor metadata,0.9940429687500001,0.0,False,False,False,specific_root_label,
laptop_computer__03,2,root:1/profile-refine:IDEA-Research_grounding-dino-tiny:device_screen:01,device_screen,grounded-sam2[IDEA-Research/grounding-dino-tiny|facebook/sam2.1-hiera-tiny]/profile-refine,grounded-sam2[IDEA-Research/grounding-dino|facebook/sam2.1-hiera-tiny]/profile-refine,0.5637382864952087,0.8540898437500001,1.0,0.5637382864952087,0.6491561594532221,False,0.6491561594532221,1.0,Stored score; precursor logits not archived in candidates.json,,,profile priority + SAM quality,0.8540898437500001,0.0,False,False,False,,
laptop_computer__03,3,root:1/profile-refine:IDEA-Research_grounding-dino-tiny:device_keyboard:01,device_keyboard,grounded-sam2[IDEA-Research/grounding-dino-tiny|facebook/sam2.1-hiera-tiny]/profile-refine,grounded-sam2[IDEA-Research/grounding-dino|facebook/sam2.1-hiera-tiny]/profile-refine,0.4448360502719879,0.856796875,1.0,0.4448360502719879,0.5951823695182102,False,0.5951823695182102,1.0,Stored score; precursor logits not archived in candidates.json,,,profile priority + SAM quality,0.856796875,0.0,False,False,False,,
laptop_computer__03,4,root:1/profile-refine:IDEA-Research_grounding-dino-tiny:device_touchpad:01,device_touchpad,grounded-sam2[IDEA-Research/grounding-dino-tiny|facebook/sam2.1-hiera-tiny]/profile-refine,grounded-sam2[IDEA-Research/grounding-dino|facebook/sam2.1-hiera-tiny]/profile-refine,0.31795549392700195,0.85641015625,1.0,0.31795549392700195,0.5351497431415134,False,0.5351497431415134,1.0,Stored score; precursor logits not archived in candidates.json,,,profile priority + SAM quality,0.85641015625,0.0,False,False,False,,
laptop_computer__03,5,root:1/profile-refine:IDEA-Research_grounding-dino-tiny:device_key:02,device_key,grounded-sam2[IDEA-Research/grounding-dino-tiny|facebook/sam2.1-hiera-tiny]/profile-refine,grounded-sam2[IDEA-Research/grounding-dino|facebook/sam2.1-hiera-tiny]/profile-refine,0.2752270996570587,0.83166015625,1.0,0.2752270996570587,0.5001395473002631,False,0.5001395473002631,1.0,Stored score; precursor logits not archived in candidates.json,,,profile priority + SAM quality,0.83166015625,0.0,False,False,False,,
laptop_computer__03,6,root:1/profile-refine:IDEA-Research_grounding-dino-tiny:device_key:03,device_key,grounded-sam2[IDEA-Research/grounding-dino-tiny|facebook/sam2.1-hiera-tiny]/profile-refine,grounded-sam2[IDEA-Research/grounding-dino|facebook/sam2.1-hiera-tiny]/profile-refine,0.2683658003807068,0.8235390625000001,1.0,0.2683658003807068,0.4921479239339242,False,0.4921479239339242,1.0,Stored score; precursor logits not archived in candidates.json,,,profile priority + SAM quality,0.8235390625000001,0.0,False,False,False,,
laptop_computer__03,7,root:1/profile-refine:IDEA-Research_grounding-dino-tiny:device_key:01,device_key,grounded-sam2[IDEA-Research/grounding-dino-tiny|facebook/sam2.1-hiera-tiny]/profile-refine,grounded-sam2[IDEA-Research/grounding-dino|facebook/sam2.1-hiera-tiny]/profile-refine,0.29128316044807434,0.8243125,1.0,0.29128316044807434,0.5030002176082694,False,0.5030002176082694,1.0,Stored score; precursor logits not archived in candidates.json,,,profile priority + SAM quality,0.8243125,0.0,False,False,False,,
laptop_computer__03,8,root:1/profile-refine:IDEA-Research_grounding-dino-tiny:device_key:04,device_key,grounded-sam2[IDEA-Research/grounding-dino-tiny|facebook/sam2.1-hiera-tiny]/profile-refine,grounded-sam2[IDEA-Research/grounding-dino|facebook/sam2.1-hiera-tiny]/profile-refine,0.2520156800746918,0.816771484375,1.0,0.2520156800746918,0.48075873957395965,False,0.48075873957395965,1.0,Stored score; precursor logits not archived in candidates.json,,,profile priority + SAM quality,0.816771484375,0.0,False,False,False,,
laptop_computer__03,9,root:1/profile-topology:IDEA-Research_grounding-dino-tiny:device_bezel:01,device_bezel,hpid-topology-v2/surround,hpid-topology-v1,0.5299139893054962,0.82,1.0,0.5299139893054962,0.6079912091767787,False,0.6079912091767787,1.0,topology formula using same archived anchor key,0.5299139893054962,0.0,,0.82,0.0,False,False,False,,
laptop_computer__03,10,root:1/visual-region:02,device_screen,sam2-amg[facebook/sam2.1-hiera-tiny]/point-grid,sam2-amg[facebook/sam2.1-hiera-tiny],0.7691173081894339,0.68,1.0,0.7691173081894339,0.5936498732628483,False,0.5936498732628483,1.0,visual candidate from stored precursor score and appearance utility,0.7691173081894339,0.0,original matched/generic visual candidate; downstream transformations applied,0.68,0.0,False,False,False,,
laptop_computer__03,11,root:1/visual-region:03,device_camera,sam2-amg[facebook/sam2.1-hiera-tiny]/prototype-labelled-region,sam2-amg[facebook/sam2.1-hiera-tiny],0.6683645623323113,0.590815361594677,1.0,0.6683645623323113,0.48305094053189257,False,0.48305094053189257,1.0,visual candidate from stored precursor score and appearance utility; prototype label leaves score unchanged,0.6683645623323113,0.0,original matched/generic visual candidate; downstream transformations applied,0.590815361594677,0.0,False,False,False,,
laptop_computer__03,12,root:1/visual-region:06,device_cable,sam2-amg[facebook/sam2.1-hiera-tiny]/point-grid/semantic-rerank,sam2-amg[facebook/sam2.1-hiera-tiny],0.5068782696644687,0.66,1.0,0.5068782696644687,0.4809968118882022,False,0.4809968118882022,1.0,visual candidate from stored precursor score and appearance utility; semantic rerank,0.5068782696644687,0.0,original matched/generic visual candidate; downstream transformations applied,0.66,0.0,True,False,False,,
laptop_computer__03,13,root:1/visual-region:09,device_logo,sam2-amg[facebook/sam2.1-hiera-tiny]/prototype-labelled-region,sam2-amg[facebook/sam2.1-hiera-tiny],0.7033026589485651,0.6152490655212401,1.0,0.7033026589485651,0.5148505465177476,False,0.5148505465177476,1.0,visual candidate from stored precursor score and appearance utility; prototype label leaves score unchanged,0.7033026589485651,0.0,original matched/generic visual candidate; downstream transformations applied,0.6152490655212401,0.0,False,False,False,,
laptop_computer__03,14,root:1/visual-region:07,device_logo,sam2-amg[facebook/sam2.1-hiera-tiny]/point-grid/semantic-rerank,sam2-amg[facebook/sam2.1-hiera-tiny],0.5459622535525878,0.66,1.0,0.5459622535525878,0.4951842980395894,False,0.4951842980395894,1.0,visual candidate from stored precursor score and appearance utility; semantic rerank,0.5459622535525878,0.0,original matched/generic visual candidate; downstream transformations applied,0.66,0.0,True,False,False,,
laptop_computer__03,15,root:1/visual-region:10,device_touchpad,sam2-amg[facebook/sam2.1-hiera-tiny]/point-grid,sam2-amg[facebook/sam2.1-hiera-tiny],0.7136840311527785,0.68,1.0,0.7136840311527785,0.5729178276511392,False,0.5729178276511392,1.0,visual candidate from stored precursor score and appearance utility,0.7136840311527785,0.0,original matched/generic visual candidate; downstream transformations applied,0.68,0.0,False,False,False,,
laptop_computer__04,1,root:2,device,grounded-sam2[IDEA-Research/grounding-dino-tiny|facebook/sam2.1-hiera-tiny]/root,grounded-sam2[IDEA-Research/grounding-dino|facebook/sam2.1-hiera-tiny],0.7166153788566589,0.99677734375,1.0,0.7166153788566589,0.8414180902924273,False,0.8414180902924273,,Stored score; precursor logits not archived in candidates.json,,,root quality rule; later root-routing maxima can retain different precursor metadata,0.99677734375,0.0,False,False,False,specific_root_label,
laptop_computer__04,2,root:2/profile-refine:IDEA-Research_grounding-dino-tiny:device_screen:01,device_screen,grounded-sam2[IDEA-Research/grounding-dino-tiny|facebook/sam2.1-hiera-tiny]/profile-refine,grounded-sam2[IDEA-Research/grounding-dino|facebook/sam2.1-hiera-tiny]/profile-refine,0.658307671546936,0.870138671875,1.0,0.658307671546936,0.7066128319964862,False,0.7066128319964862,1.0,Stored score; precursor logits not archived in candidates.json,,,profile priority + SAM quality,0.870138671875,0.0,False,False,False,,
laptop_computer__04,3,root:2/profile-refine:IDEA-Research_grounding-dino-tiny:device_keyboard:02,device_keyboard,grounded-sam2[IDEA-Research/grounding-dino-tiny|facebook/sam2.1-hiera-tiny]/profile-refine,grounded-sam2[IDEA-Research/grounding-dino|facebook/sam2.1-hiera-tiny]/profile-refine,0.2422056347131729,0.8281796875,1.0,0.2422056347131729,0.4830052421521221,False,0.4830052421521221,1.0,Stored score; precursor logits not archived in candidates.json,,,profile priority + SAM quality,0.8281796875,0.0,False,False,False,,
laptop_computer__04,4,root:2/profile-topology:IDEA-Research_grounding-dino-tiny:device_bezel:01,device_bezel,hpid-topology-v2/surround,hpid-topology-v1,0.6188092112541198,0.82,1.0,0.6188092112541198,0.648082954275608,False,0.648082954275608,1.0,topology formula using same archived anchor key,0.6188092112541198,0.0,,0.82,0.0,False,False,False,,
laptop_computer__04,5,root:2/visual-region:02,device_screen,sam2-amg[facebook/sam2.1-hiera-tiny]/point-grid,sam2-amg[facebook/sam2.1-hiera-tiny],0.8079090220933212,0.68,1.0,0.8079090220933212,0.6081579742629022,False,0.6081579742629022,1.0,visual candidate from stored precursor score and appearance utility,0.8079090220933212,0.0,original matched/generic visual candidate; downstream transformations applied,0.68,0.0,False,False,False,,
laptop_computer__04,6,root:2/visual-region:03,device_hinge,sam2-amg[facebook/sam2.1-hiera-tiny]/point-grid/semantic-rerank,sam2-amg[facebook/sam2.1-hiera-tiny],0.5574810072530021,0.66,1.0,0.5574810072530021,0.49936560563283977,False,0.49936560563283977,1.0,visual candidate from stored precursor score and appearance utility; semantic rerank,0.5574810072530021,0.0,original matched/generic visual candidate; downstream transformations applied,0.66,0.0,True,False,False,,
laptop_computer__04,7,root:2/visual-region:04,device_logo,sam2-amg[facebook/sam2.1-hiera-tiny]/point-grid/semantic-rerank,sam2-amg[facebook/sam2.1-hiera-tiny],0.5586497462898266,0.66,1.0,0.5586497462898266,0.49978985790320707,False,0.49978985790320707,1.0,visual candidate from stored precursor score and appearance utility; semantic rerank,0.5586497462898266,0.0,original matched/generic visual candidate; downstream transformations applied,0.66,0.0,True,False,False,,
laptop_computer__04,8,root:2/visual-region:11,device_logo,sam2-amg[facebook/sam2.1-hiera-tiny]/prototype-labelled-region,sam2-amg[facebook/sam2.1-hiera-tiny],0.7171779042414967,0.6142876139030456,1.0,0.7171779042414967,0.5187338532036433,False,0.5187338532036433,1.0,visual candidate from stored precursor score and appearance utility; prototype label leaves score unchanged,0.7171779042414967,0.0,original matched/generic visual candidate; downstream transformations applied,0.6142876139030456,0.0,False,False,False,,
laptop_computer__04,9,root:2/visual-region:07,device_logo,sam2-amg[facebook/sam2.1-hiera-tiny]/point-grid/semantic-rerank,sam2-amg[facebook/sam2.1-hiera-tiny],0.508573216483482,0.66,1.0,0.508573216483482,0.481612077583504,False,0.481612077583504,1.0,visual candidate from stored precursor score and appearance utility; semantic rerank,0.508573216483482,0.0,original matched/generic visual candidate; downstream transformations applied,0.66,0.0,True,False,False,,
laptop_computer__04,10,root:2/visual-region:05,device_visual_panel_01,sam2-amg[facebook/sam2.1-hiera-tiny]/point-grid,sam2-amg[facebook/sam2.1-hiera-tiny],0.7009677992093847,0.62,1.0,0.7009677992093847,0.5180300195304002,False,0.5180300195304002,,visual candidate from stored precursor score and appearance utility,0.7009677992093847,0.0,original matched/generic visual candidate; downstream transformations applied,0.62,0.0,False,False,False,,
laptop_computer__04,11,root:2/visual-region:10,device_bezel,sam2-amg[facebook/sam2.1-hiera-tiny]/point-grid,sam2-amg[facebook/sam2.1-hiera-tiny],0.8097196030505559,0.68,1.0,0.8097196030505559,0.6088351315409081,False,0.6088351315409081,1.0,visual candidate from stored precursor score and appearance utility,0.8097196030505559,0.0,original matched/generic visual candidate; downstream transformations applied,0.68,0.0,False,False,False,,
television_set__01,1,root:1,device,grounded-sam2[IDEA-Research/grounding-dino-tiny|facebook/sam2.1-hiera-tiny]/root,grounded-sam2[IDEA-Research/grounding-dino|facebook/sam2.1-hiera-tiny],0.8700461983680725,0.9725585937500001,1.0,0.8700461983680725,0.9030453661378125,False,0.9030453661378125,,Stored score; precursor logits not archived in candidates.json,,,root quality rule; later root-routing maxima can retain different precursor metadata,0.9725585937500001,0.0,False,False,False,specific_root_label,
television_set__01,2,root:1/profile-refine:IDEA-Research_grounding-dino-tiny:device_screen:01,device_screen,grounded-sam2[IDEA-Research/grounding-dino-tiny|facebook/sam2.1-hiera-tiny]/profile-refine,grounded-sam2[IDEA-Research/grounding-dino|facebook/sam2.1-hiera-tiny]/profile-refine,0.4348212480545044,0.8063300781250001,1.0,0.4348212480545044,0.5556837331590593,False,0.5556837331590593,1.0,Stored score; precursor logits not archived in candidates.json,,,profile priority + SAM quality,0.8063300781250001,0.0,False,False,False,,
television_set__01,3,root:1/profile-refine:IDEA-Research_grounding-dino-tiny:device_top_panel:01,device_top_panel,grounded-sam2[IDEA-Research/grounding-dino-tiny|facebook/sam2.1-hiera-tiny]/profile-refine,grounded-sam2[IDEA-Research/grounding-dino|facebook/sam2.1-hiera-tiny]/profile-refine,0.2685575783252716,0.768431640625,1.0,0.2685575783252716,0.45929671556437096,False,0.45929671556437096,1.0,Stored score; precursor logits not archived in candidates.json,,,profile priority + SAM quality,0.768431640625,0.0,False,False,False,,
television_set__01,4,root:1/visual-region:01,device_bezel,sam2-amg[facebook/sam2.1-hiera-tiny]/point-grid,sam2-amg[facebook/sam2.1-hiera-tiny],0.8089244606631811,0.68,1.0,0.8089244606631811,0.6085377482880299,False,0.6085377482880299,1.0,visual candidate from stored precursor score and appearance utility,0.8089244606631811,0.0,original matched/generic visual candidate; downstream transformations applied,0.68,0.0,False,False,False,,
television_set__01,5,root:1/visual-region:02,device_screen,sam2-amg[facebook/sam2.1-hiera-tiny]/point-grid,sam2-amg[facebook/sam2.1-hiera-tiny],0.6581814218321838,0.68,1.0,0.6581814218321838,0.5521598517652369,False,0.5521598517652369,1.0,visual candidate from stored precursor score and appearance utility,0.6581814218321838,0.0,original matched/generic visual candidate; downstream transformations applied,0.68,0.0,False,False,False,,
television_set__02,1,root:1,device,grounded-sam2[IDEA-Research/grounding-dino-tiny|facebook/sam2.1-hiera-tiny]/root,grounded-sam2[IDEA-Research/grounding-dino|facebook/sam2.1-hiera-tiny],0.8901033401489258,0.9662109375000001,1.0,0.8901033401489258,0.9078100923914463,False,0.9078100923914463,,Stored score; precursor logits not archived in candidates.json,,,root quality rule; later root-routing maxima can retain different precursor metadata,0.9662109375000001,0.0,False,False,False,specific_root_label,
television_set__02,2,root:1/profile-refine:IDEA-Research_grounding-dino-tiny:device_screen:01,device_screen,grounded-sam2[IDEA-Research/grounding-dino-tiny|facebook/sam2.1-hiera-tiny]/profile-refine,grounded-sam2[IDEA-Research/grounding-dino|facebook/sam2.1-hiera-tiny]/profile-refine,0.48672035336494446,0.83359375,1.0,0.48672035336494446,0.598267062009545,False,0.598267062009545,1.0,Stored score; precursor logits not archived in candidates.json,,,profile priority + SAM quality,0.83359375,0.0,False,False,False,,
television_set__02,3,root:1/profile-refine:IDEA-Research_grounding-dino-tiny:device_base:01,device_base,grounded-sam2[IDEA-Research/grounding-dino-tiny|facebook/sam2.1-hiera-tiny]/profile-refine,grounded-sam2[IDEA-Research/grounding-dino|facebook/sam2.1-hiera-tiny]/profile-refine,0.3603765070438385,0.8154179687500002,1.0,0.3603765070438385,0.5285596995848989,False,0.5285596995848989,1.0,Stored score; precursor logits not archived in candidates.json,,,profile priority + SAM quality,0.8154179687500002,0.0,False,False,False,,
television_set__02,4,root:1/profile-topology:IDEA-Research_grounding-dino-tiny:device_bezel:01,device_bezel,hpid-topology-v2/surround,hpid-topology-v1,0.4575171321630478,0.82,1.0,0.4575171321630478,0.5753402266055345,False,0.5753402266055345,1.0,topology formula using same archived anchor key,0.4575171321630478,0.0,,0.82,0.0,False,False,False,,
television_set__02,5,root:1/visual-region:01,device_side_panel,sam2-amg[facebook/sam2.1-hiera-tiny]/prototype-labelled-region,sam2-amg[facebook/sam2.1-hiera-tiny],0.6258746446777381,0.5882321122031211,1.0,0.6258746446777381,0.4671922108086446,False,0.4671922108086446,1.0,visual candidate from stored precursor score and appearance utility; prototype label leaves score unchanged,0.6258746446777381,0.0,original matched/generic visual candidate; downstream transformations applied,0.5882321122031211,0.0,False,False,False,,
television_set__02,6,root:1/visual-region:08,device_button,sam2-amg[facebook/sam2.1-hiera-tiny]/point-grid/semantic-rerank,sam2-amg[facebook/sam2.1-hiera-tiny],0.6202903511247777,0.66,1.0,0.6202903511247777,0.5221653974582944,False,0.5221653974582944,1.0,visual candidate from stored precursor score and appearance utility; semantic rerank,0.6202903511247777,0.0,original matched/generic visual candidate; downstream transformations applied,0.66,0.0,True,False,False,,
television_set__02,7,root:1/visual-region:02,device_button,sam2-amg[facebook/sam2.1-hiera-tiny]/point-grid/semantic-rerank,sam2-amg[facebook/sam2.1-hiera-tiny],0.632573074012914,0.66,1.0,0.632573074012914,0.5266240258666878,False,0.5266240258666878,1.0,visual candidate from stored precursor score and appearance utility; semantic rerank,0.632573074012914,0.0,original matched/generic visual candidate; downstream transformations applied,0.66,0.0,True,False,False,,
television_set__02,8,root:1/visual-region:06,device_button,sam2-amg[facebook/sam2.1-hiera-tiny]/point-grid/semantic-rerank,sam2-amg[facebook/sam2.1-hiera-tiny],0.601142420637138,0.66,1.0,0.601142420637138,0.5152146986912811,False,0.5152146986912811,1.0,visual candidate from stored precursor score and appearance utility; semantic rerank,0.601142420637138,0.0,original matched/generic visual candidate; downstream transformations applied,0.66,0.0,True,False,False,,
television_set__02,9,root:1/visual-region:11,device_button,sam2-amg[facebook/sam2.1-hiera-tiny]/point-grid/semantic-rerank,sam2-amg[facebook/sam2.1-hiera-tiny],0.612411005909923,0.66,1.0,0.612411005909923,0.519305195145302,False,0.519305195145302,1.0,visual candidate from stored precursor score and appearance utility; semantic rerank,0.612411005909923,0.0,original matched/generic visual candidate; downstream transformations applied,0.66,0.0,True,False,False,,
television_set__02,10,root:1/visual-region:04,device_button,sam2-amg[facebook/sam2.1-hiera-tiny]/point-grid/semantic-rerank,sam2-amg[facebook/sam2.1-hiera-tiny],0.5881909988647529,0.66,1.0,0.5881909988647529,0.5105133325879053,False,0.5105133325879053,1.0,visual candidate from stored precursor score and appearance utility; semantic rerank,0.5881909988647529,0.0,original matched/generic visual candidate; downstream transformations applied,0.66,0.0,True,False,False,,
television_set__02,11,root:1/visual-region:19,device_button,sam2-amg[facebook/sam2.1-hiera-tiny]/point-grid/semantic-rerank,sam2-amg[facebook/sam2.1-hiera-tiny],0.5556125214368051,0.66,1.0,0.5556125214368051,0.49868734528156033,False,0.49868734528156033,1.0,visual candidate from stored precursor score and appearance utility; semantic rerank,0.5556125214368051,0.0,original matched/generic visual candidate; downstream transformations applied,0.66,0.0,True,False,False,,
television_set__02,12,root:1/visual-region:10,device_button,sam2-amg[facebook/sam2.1-hiera-tiny]/point-grid/within-root-repetition-consensus,sam2-amg[facebook/sam2.1-hiera-tiny],0.5235980132312148,0.62,1.0,0.5235980132312148,0.45754692251184426,False,0.45754692251184426,1.0,visual candidate from stored precursor score and appearance utility; within-root/inventory consensus,0.5235980132312148,0.0,original matched/generic visual candidate; downstream transformations applied,0.62,0.0,True,False,False,,
television_set__02,13,root:1/visual-region:07,device_button,sam2-amg[facebook/sam2.1-hiera-tiny]/point-grid/semantic-rerank,sam2-amg[facebook/sam2.1-hiera-tiny],0.4747376589127041,0.66,1.0,0.4747376589127041,0.46932977018531163,False,0.46932977018531163,1.0,visual candidate from stored precursor score and appearance utility; semantic rerank,0.4747376589127041,0.0,original matched/generic visual candidate; downstream transformations applied,0.66,0.0,True,False,False,,
television_set__02,14,root:1/visual-region:03,device_visual_strip_01,sam2-amg[facebook/sam2.1-hiera-tiny]/point-grid,sam2-amg[facebook/sam2.1-hiera-tiny],0.8546217578806562,0.62,1.0,0.8546217578806562,0.5704260194373038,False,0.5704260194373038,,visual candidate from stored precursor score and appearance utility,0.8546217578806562,0.0,original matched/generic visual candidate; downstream transformations applied,0.62,0.0,False,False,False,,
television_set__02,15,root:1/visual-region:09,device_top_panel,sam2-amg[facebook/sam2.1-hiera-tiny]/prototype-labelled-region,sam2-amg[facebook/sam2.1-hiera-tiny],0.7061042026728588,0.5881005285739899,1.0,0.7061042026728588,0.49303837800941863,False,0.49303837800941863,1.0,visual candidate from stored precursor score and appearance utility; prototype label leaves score unchanged,0.7061042026728588,0.0,original matched/generic visual candidate; downstream transformations applied,0.5881005285739899,0.0,False,False,False,,
television_set__02,16,root:1/visual-region:15,device_visual_strip_03,sam2-amg[facebook/sam2.1-hiera-tiny]/point-grid,sam2-amg[facebook/sam2.1-hiera-tiny],0.7099170419310983,0.62,1.0,0.7099170419310983,0.5210817112985046,False,0.5210817112985046,,visual candidate from stored precursor score and appearance utility,0.7099170419310983,0.0,original matched/generic visual candidate; downstream transformations applied,0.62,0.0,False,False,False,,
television_set__02,17,root:1/visual-region:16,device_visual_panel_05,sam2-amg[facebook/sam2.1-hiera-tiny]/point-grid,sam2-amg[facebook/sam2.1-hiera-tiny],0.8536039493325996,0.62,1.0,0.8536039493325996,0.5700789467224164,False,0.5700789467224164,,visual candidate from stored precursor score and appearance utility,0.8536039493325996,0.0,original matched/generic visual candidate; downstream transformations applied,0.62,0.0,False,False,False,,
television_set__02,18,root:1/visual-region:18,device_bottom_panel,sam2-amg[facebook/sam2.1-hiera-tiny]/point-grid/semantic-rerank,sam2-amg[facebook/sam2.1-hiera-tiny],0.5411109658328366,0.66,1.0,0.5411109658328366,0.4934232805973197,False,0.4934232805973197,1.0,visual candidate from stored precursor score and appearance utility; semantic rerank,0.5411109658328366,0.0,original matched/generic visual candidate; downstream transformations applied,0.66,0.0,True,False,False,,
television_set__02,19,root:1/visual-region:22,device_button,sam2-amg[facebook/sam2.1-hiera-tiny]/prototype-labelled-region,sam2-amg[facebook/sam2.1-hiera-tiny],0.6965132414371887,0.6091906978473663,1.0,0.6965132414371887,0.5075059772173935,False,0.5075059772173935,1.0,visual candidate from stored precursor score and appearance utility; prototype label leaves score unchanged,0.6965132414371887,0.0,original matched/generic visual candidate; downstream transformations applied,0.6091906978473663,0.0,False,False,False,,
television_set__03,1,root:1,device,grounded-sam2[IDEA-Research/grounding-dino-tiny|facebook/sam2.1-hiera-tiny]/root,grounded-sam2[IDEA-Research/grounding-dino|facebook/sam2.1-hiera-tiny],0.9249592423439026,0.97216796875,1.0,0.9249592423439026,0.9320442472308059,False,0.9320442472308059,,Stored score; precursor logits not archived in candidates.json,,,root quality rule; later root-routing maxima can retain different precursor metadata,0.97216796875,0.0,False,False,False,specific_root_label,
television_set__03,2,root:1/profile-refine:IDEA-Research_grounding-dino-tiny:device_top_panel:01,device_top_panel,grounded-sam2[IDEA-Research/grounding-dino-tiny|facebook/sam2.1-hiera-tiny]/profile-refine,grounded-sam2[IDEA-Research/grounding-dino|facebook/sam2.1-hiera-tiny]/profile-refine,0.3491997718811035,0.8374609375000001,1.0,0.3491997718811035,0.5377000644588844,False,0.5377000644588844,1.0,Stored score; precursor logits not archived in candidates.json,,,profile priority + SAM quality,0.8374609375000001,0.0,False,False,False,,
television_set__03,3,root:1/device_guided_device_bottom_panel:01,device_bottom_panel,grounded-sam2[IDEA-Research/grounding-dino-tiny|facebook/sam2.1-hiera-tiny]/retrieved-part,grounded-sam2[IDEA-Research/grounding-dino|facebook/sam2.1-hiera-tiny],0.3854211560026812,0.8508902768984286,1.0,0.3854211560026812,0.5632737373887915,False,0.5632737373887915,1.0,Stored score; precursor logits not archived in candidates.json,,,guided SAM quality times retrieval reliability scale,0.8508902768984286,0.0,False,False,False,,
television_set__03,4,root:1/visual-region:02,device_visual_strip_01,sam2-amg[facebook/sam2.1-hiera-tiny]/point-grid,sam2-amg[facebook/sam2.1-hiera-tiny],0.6327584407783405,0.62,1.0,0.6327584407783405,0.49477062830541413,False,0.49477062830541413,,visual candidate from stored precursor score and appearance utility,0.6327584407783405,0.0,original matched/generic visual candidate; downstream transformations applied,0.62,0.0,False,False,False,,
television_set__03,5,root:1/visual-region:03,device_visual_strip_02,sam2-amg[facebook/sam2.1-hiera-tiny]/point-grid,sam2-amg[facebook/sam2.1-hiera-tiny],0.7500748715714054,0.62,1.0,0.7500748715714054,0.5347755312058492,False,0.5347755312058492,,visual candidate from stored precursor score and appearance utility,0.7500748715714054,0.0,original matched/generic visual candidate; downstream transformations applied,0.62,0.0,False,False,False,,
television_set__04,1,root:1,device,grounded-sam2[IDEA-Research/grounding-dino-tiny|facebook/sam2.1-hiera-tiny]/root,grounded-sam2[IDEA-Research/grounding-dino|facebook/sam2.1-hiera-tiny],0.6741577386856079,0.9754882812500001,1.0,0.6741577386856079,0.8006678621534958,False,0.8006678621534958,,Stored score; precursor logits not archived in candidates.json,,,root quality rule; later root-routing maxima can retain different precursor metadata,0.9754882812500001,0.0,False,False,False,specific_root_label,
television_set__04,2,root:1/visual-region:01,device_stand,sam2-amg[facebook/sam2.1-hiera-tiny]/point-grid/semantic-rerank,sam2-amg[facebook/sam2.1-hiera-tiny],0.5651915351240941,0.66,1.0,0.5651915351240941,0.5021645272500461,False,0.5021645272500461,1.0,visual candidate from stored precursor score and appearance utility; semantic rerank,0.5651915351240941,0.0,original matched/generic visual candidate; downstream transformations applied,0.66,0.0,True,False,False,,
television_set__04,3,root:1/visual-region:02,device_visual_panel_01,sam2-amg[facebook/sam2.1-hiera-tiny]/point-grid,sam2-amg[facebook/sam2.1-hiera-tiny],0.7995741436231977,0.62,1.0,0.7995741436231977,0.5516547829755104,False,0.5516547829755104,,visual candidate from stored precursor score and appearance utility,0.7995741436231977,0.0,original matched/generic visual candidate; downstream transformations applied,0.62,0.0,False,False,False,,
television_set__04,4,root:1/visual-region:04,device_button,sam2-amg[facebook/sam2.1-hiera-tiny]/point-grid/semantic-rerank,sam2-amg[facebook/sam2.1-hiera-tiny],0.6471641525110544,0.66,1.0,0.6471641525110544,0.5319205873615128,False,0.5319205873615128,1.0,visual candidate from stored precursor score and appearance utility; semantic rerank,0.6471641525110544,0.0,original matched/generic visual candidate; downstream transformations applied,0.66,0.0,True,False,False,,
television_set__04,5,root:1/visual-region:05,device_screen,sam2-amg[facebook/sam2.1-hiera-tiny]/point-grid/semantic-rerank,sam2-amg[facebook/sam2.1-hiera-tiny],0.5911739806613484,0.66,1.0,0.5911739806613484,0.5115961549800695,False,0.5115961549800695,1.0,visual candidate from stored precursor score and appearance utility; semantic rerank,0.5911739806613484,0.0,original matched/generic visual candidate; downstream transformations applied,0.66,0.0,True,False,False,,
television_set__04,6,root:1/visual-region:07,device_visual_strip_02,sam2-amg[facebook/sam2.1-hiera-tiny]/point-grid,sam2-amg[facebook/sam2.1-hiera-tiny],0.7914091851382434,0.62,1.0,0.7914091851382434,0.548870532132141,False,0.548870532132141,,visual candidate from stored precursor score and appearance utility,0.7914091851382434,0.0,original matched/generic visual candidate; downstream transformations applied,0.62,0.0,False,False,False,,
television_set__04,7,root:1/visual-region:08,device_visual_strip_03,sam2-amg[facebook/sam2.1-hiera-tiny]/point-grid,sam2-amg[facebook/sam2.1-hiera-tiny],0.6822880791298601,0.62,1.0,0.6822880791298601,0.5116602349832823,False,0.5116602349832823,,visual candidate from stored precursor score and appearance utility,0.6822880791298601,0.0,original matched/generic visual candidate; downstream transformations applied,0.62,0.0,False,False,False,,
television_set__04,8,root:1/visual-region:09,device_visual_panel_06,sam2-amg[facebook/sam2.1-hiera-tiny]/point-grid,sam2-amg[facebook/sam2.1-hiera-tiny],0.704289218507826,0.62,1.0,0.704289218507826,0.5191626235111687,False,0.5191626235111687,,visual candidate from stored precursor score and appearance utility,0.704289218507826,0.0,original matched/generic visual candidate; downstream transformations applied,0.62,0.0,False,False,False,,
remote_control__01,1,root:3,device,grounded-sam2[IDEA-Research/grounding-dino-tiny|facebook/sam2.1-hiera-tiny]/root,grounded-sam2[IDEA-Research/grounding-dino|facebook/sam2.1-hiera-tiny],0.3692013621330261,0.98896484375,1.0,0.3692013621330261,0.6458541217652964,False,0.6458541217652964,,Stored score; precursor logits not archived in candidates.json,,,root quality rule; later root-routing maxima can retain different precursor metadata,0.98896484375,0.0,False,False,False,specific_root_label,
remote_control__01,2,root:3/profile-refine:IDEA-Research_grounding-dino-tiny:device_base:01,device_base,grounded-sam2[IDEA-Research/grounding-dino-tiny|facebook/sam2.1-hiera-tiny]/profile-refine,grounded-sam2[IDEA-Research/grounding-dino|facebook/sam2.1-hiera-tiny]/profile-refine,0.37102270126342773,0.8604707031250001,1.0,0.37102270126342773,0.5628016069535633,False,0.5628016069535633,1.0,Stored score; precursor logits not archived in candidates.json,,,profile priority + SAM quality,0.8604707031250001,0.0,False,False,False,,
remote_control__01,3,root:3/profile-refine:IDEA-Research_grounding-dino-tiny:device_logo:01,device_logo,grounded-sam2[IDEA-Research/grounding-dino-tiny|facebook/sam2.1-hiera-tiny]/profile-refine,grounded-sam2[IDEA-Research/grounding-dino|facebook/sam2.1-hiera-tiny]/profile-refine,0.35711899399757385,0.842294921875,1.0,0.35711899399757385,0.5444724481758458,False,0.5444724481758458,1.0,Stored score; precursor logits not archived in candidates.json,,,profile priority + SAM quality,0.842294921875,0.0,False,False,False,,
remote_control__01,4,root:3/profile-refine:IDEA-Research_grounding-dino-tiny:device_button:02,device_button,grounded-sam2[IDEA-Research/grounding-dino-tiny|facebook/sam2.1-hiera-tiny]/profile-refine,grounded-sam2[IDEA-Research/grounding-dino|facebook/sam2.1-hiera-tiny]/profile-refine,0.24689629673957825,0.85486328125,1.0,0.24689629673957825,0.5007728946600982,False,0.5007728946600982,1.0,Stored score; precursor logits not archived in candidates.json,,,profile priority + SAM quality,0.85486328125,0.0,False,False,False,,
remote_control__01,5,root:3/profile-refine:IDEA-Research_grounding-dino-tiny:device_button:01,device_button,grounded-sam2[IDEA-Research/grounding-dino-tiny|facebook/sam2.1-hiera-tiny]/profile-refine,grounded-sam2[IDEA-Research/grounding-dino|facebook/sam2.1-hiera-tiny]/profile-refine,0.2577650845050812,0.842294921875,1.0,0.2577650845050812,0.49844553678717063,False,0.49844553678717063,1.0,Stored score; precursor logits not archived in candidates.json,,,profile priority + SAM quality,0.842294921875,0.0,False,False,False,,
remote_control__01,6,root:3/profile-refine:IDEA-Research_grounding-dino-tiny:device_key:01,device_key,grounded-sam2[IDEA-Research/grounding-dino-tiny|facebook/sam2.1-hiera-tiny]/profile-refine,grounded-sam2[IDEA-Research/grounding-dino|facebook/sam2.1-hiera-tiny]/profile-refine,0.24889914691448212,0.842875,1.0,0.24889914691448212,0.49467872765054927,False,0.49467872765054927,1.0,Stored score; precursor logits not archived in candidates.json,,,profile priority + SAM quality,0.842875,0.0,False,False,False,,
remote_control__01,7,root:3/visual-region:20,device_button,sam2-amg[facebook/sam2.1-hiera-tiny]/point-grid/semantic-rerank,sam2-amg[facebook/sam2.1-hiera-tiny],0.6619551282465623,0.66,1.0,0.6619551282465623,0.5372897115535021,False,0.5372897115535021,1.0,visual candidate from stored precursor score and appearance utility; semantic rerank,0.6619551282465623,0.0,original matched/generic visual candidate; downstream transformations applied,0.66,0.0,True,False,False,,
remote_control__01,8,root:3/visual-region:19,device_button,sam2-amg[facebook/sam2.1-hiera-tiny]/point-grid/semantic-rerank,sam2-amg[facebook/sam2.1-hiera-tiny],0.6627303558705393,0.66,1.0,0.6627303558705393,0.5375711191810059,False,0.5375711191810059,1.0,visual candidate from stored precursor score and appearance utility; semantic rerank,0.6627303558705393,0.0,original matched/generic visual candidate; downstream transformations applied,0.66,0.0,True,False,False,,
remote_control__01,9,root:3/visual-region:16,device_button,sam2-amg[facebook/sam2.1-hiera-tiny]/point-grid/semantic-rerank,sam2-amg[facebook/sam2.1-hiera-tiny],0.6066615897198913,0.66,1.0,0.6066615897198913,0.5172181570683205,False,0.5172181570683205,1.0,visual candidate from stored precursor score and appearance utility; semantic rerank,0.6066615897198913,0.0,original matched/generic visual candidate; downstream transformations applied,0.66,0.0,True,False,False,,
remote_control__01,10,root:3/visual-region:18,device_button,sam2-amg[facebook/sam2.1-hiera-tiny]/point-grid/semantic-rerank,sam2-amg[facebook/sam2.1-hiera-tiny],0.602671390404154,0.66,1.0,0.602671390404154,0.515769714716708,False,0.515769714716708,1.0,visual candidate from stored precursor score and appearance utility; semantic rerank,0.602671390404154,0.0,original matched/generic visual candidate; downstream transformations applied,0.66,0.0,True,False,False,,
remote_control__01,11,root:3/visual-region:12,device_button,sam2-amg[facebook/sam2.1-hiera-tiny]/point-grid/semantic-rerank,sam2-amg[facebook/sam2.1-hiera-tiny],0.5689212453136822,0.66,1.0,0.5689212453136822,0.5035184120488667,False,0.5035184120488667,1.0,visual candidate from stored precursor score and appearance utility; semantic rerank,0.5689212453136822,0.0,original matched/generic visual candidate; downstream transformations applied,0.66,0.0,True,False,False,,
remote_control__01,12,root:3/visual-region:21,device_button,sam2-amg[facebook/sam2.1-hiera-tiny]/point-grid/semantic-rerank,sam2-amg[facebook/sam2.1-hiera-tiny],0.5847211971035733,0.66,1.0,0.5847211971035733,0.5092537945485971,False,0.5092537945485971,1.0,visual candidate from stored precursor score and appearance utility; semantic rerank,0.5847211971035733,0.0,original matched/generic visual candidate; downstream transformations applied,0.66,0.0,True,False,False,,
remote_control__01,13,root:3/visual-region:11,device_button,sam2-amg[facebook/sam2.1-hiera-tiny]/point-grid/semantic-rerank,sam2-amg[facebook/sam2.1-hiera-tiny],0.5697814440143308,0.66,1.0,0.5697814440143308,0.5038306641772021,False,0.5038306641772021,1.0,visual candidate from stored precursor score and appearance utility; semantic rerank,0.5697814440143308,0.0,original matched/generic visual candidate; downstream transformations applied,0.66,0.0,True,False,False,,
remote_control__01,14,root:3/visual-region:17,device_button,sam2-amg[facebook/sam2.1-hiera-tiny]/point-grid/semantic-rerank,sam2-amg[facebook/sam2.1-hiera-tiny],0.5381597675394526,0.66,1.0,0.5381597675394526,0.4923519956168214,False,0.4923519956168214,1.0,visual candidate from stored precursor score and appearance utility; semantic rerank,0.5381597675394526,0.0,original matched/generic visual candidate; downstream transformations applied,0.66,0.0,True,False,False,,
remote_control__01,15,root:3/visual-region:03,device_button,sam2-amg[facebook/sam2.1-hiera-tiny]/point-grid/within-root-repetition-consensus,sam2-amg[facebook/sam2.1-hiera-tiny],0.5314401331260579,0.62,1.0,0.5314401331260579,0.4602210853959858,False,0.4602210853959858,1.0,visual candidate from stored precursor score and appearance utility; within-root/inventory consensus,0.5314401331260579,0.0,original matched/generic visual candidate; downstream transformations applied,0.62,0.0,True,False,False,,
remote_control__01,16,root:3/visual-region:13,device_button,sam2-amg[facebook/sam2.1-hiera-tiny]/point-grid/semantic-rerank,sam2-amg[facebook/sam2.1-hiera-tiny],0.5250619016843809,0.66,1.0,0.5250619016843809,0.48759747031143036,False,0.48759747031143036,1.0,visual candidate from stored precursor score and appearance utility; semantic rerank,0.5250619016843809,0.0,original matched/generic visual candidate; downstream transformations applied,0.66,0.0,True,False,False,,
remote_control__01,17,root:3/visual-region:01,device_button,sam2-amg[facebook/sam2.1-hiera-tiny]/point-grid/within-root-repetition-consensus,sam2-amg[facebook/sam2.1-hiera-tiny],0.54647389923989,0.62,1.0,0.54647389923989,0.46534759964080247,False,0.46534759964080247,1.0,visual candidate from stored precursor score and appearance utility; within-root/inventory consensus,0.54647389923989,0.0,original matched/generic visual candidate; downstream transformations applied,0.62,0.0,True,False,False,,
remote_control__01,18,root:3/visual-region:05,device_button,sam2-amg[facebook/sam2.1-hiera-tiny]/point-grid/within-root-repetition-consensus,sam2-amg[facebook/sam2.1-hiera-tiny],0.537975419844701,0.62,1.0,0.537975419844701,0.46244961816704305,False,0.46244961816704305,1.0,visual candidate from stored precursor score and appearance utility; within-root/inventory consensus,0.537975419844701,0.0,original matched/generic visual candidate; downstream transformations applied,0.62,0.0,True,False,False,,
remote_control__01,19,root:3/visual-region:04,device_button,sam2-amg[facebook/sam2.1-hiera-tiny]/point-grid/within-root-repetition-consensus,sam2-amg[facebook/sam2.1-hiera-tiny],0.5091922975488147,0.62,1.0,0.5091922975488147,0.4526345734641458,False,0.4526345734641458,1.0,visual candidate from stored precursor score and appearance utility; within-root/inventory consensus,0.5091922975488147,0.0,original matched/generic visual candidate; downstream transformations applied,0.62,0.0,True,False,False,,
remote_control__01,20,root:3/visual-region:09,device_button,sam2-amg[facebook/sam2.1-hiera-tiny]/point-grid/within-root-repetition-consensus,sam2-amg[facebook/sam2.1-hiera-tiny],0.5190023984884229,0.62,1.0,0.5190023984884229,0.4559798178845522,False,0.4559798178845522,1.0,visual candidate from stored precursor score and appearance utility; within-root/inventory consensus,0.5190023984884229,0.0,original matched/generic visual candidate; downstream transformations applied,0.62,0.0,True,False,False,,
remote_control__01,21,root:3/visual-region:07,device_button,sam2-amg[facebook/sam2.1-hiera-tiny]/point-grid/within-root-repetition-consensus,sam2-amg[facebook/sam2.1-hiera-tiny],0.5261728139406358,0.62,1.0,0.5261728139406358,0.4584249295537568,False,0.4584249295537568,1.0,visual candidate from stored precursor score and appearance utility; within-root/inventory consensus,0.5261728139406358,0.0,original matched/generic visual candidate; downstream transformations applied,0.62,0.0,True,False,False,,
remote_control__01,22,root:3/visual-region:08,device_button,sam2-amg[facebook/sam2.1-hiera-tiny]/point-grid/within-root-repetition-consensus,sam2-amg[facebook/sam2.1-hiera-tiny],0.5088469280490427,0.62,1.0,0.5088469280490427,0.4525168024647236,False,0.4525168024647236,1.0,visual candidate from stored precursor score and appearance utility; within-root/inventory consensus,0.5088469280490427,0.0,original matched/generic visual candidate; downstream transformations applied,0.62,0.0,True,False,False,,
remote_control__01,23,root:3/visual-region:06,device_button,sam2-amg[facebook/sam2.1-hiera-tiny]/point-grid/within-root-repetition-consensus,sam2-amg[facebook/sam2.1-hiera-tiny],0.5161080521391836,0.62,1.0,0.5161080521391836,0.4549928457794616,False,0.4549928457794616,1.0,visual candidate from stored precursor score and appearance utility; within-root/inventory consensus,0.5161080521391836,0.0,original matched/generic visual candidate; downstream transformations applied,0.62,0.0,True,False,False,,
remote_control__01,24,root:3/visual-region:15,device_button,sam2-amg[facebook/sam2.1-hiera-tiny]/point-grid/within-root-repetition-consensus,sam2-amg[facebook/sam2.1-hiera-tiny],0.5213607228156998,0.62,1.0,0.5213607228156998,0.4567840064801536,False,0.4567840064801536,1.0,visual candidate from stored precursor score and appearance utility; within-root/inventory consensus,0.5213607228156998,0.0,original matched/generic visual candidate; downstream transformations applied,0.62,0.0,True,False,False,,
remote_control__01,25,root:3/visual-region:22,device_button,sam2-amg[facebook/sam2.1-hiera-tiny]/point-grid/within-root-repetition-consensus,sam2-amg[facebook/sam2.1-hiera-tiny],0.514686432421622,0.62,1.0,0.514686432421622,0.4545080734557731,False,0.4545080734557731,1.0,visual candidate from stored precursor score and appearance utility; within-root/inventory consensus,0.514686432421622,0.0,original matched/generic visual candidate; downstream transformations applied,0.62,0.0,True,False,False,,
remote_control__01,26,root:3/visual-region:02,device_visual_strip_01,sam2-amg[facebook/sam2.1-hiera-tiny]/point-grid,sam2-amg[facebook/sam2.1-hiera-tiny],0.7174071665351691,0.62,1.0,0.7174071665351691,0.5236358437884927,False,0.5236358437884927,,visual candidate from stored precursor score and appearance utility,0.7174071665351691,0.0,original matched/generic visual candidate; downstream transformations applied,0.62,0.0,False,False,False,,
remote_control__01,27,root:3/visual-region:10,device_key,sam2-amg[facebook/sam2.1-hiera-tiny]/point-grid/semantic-rerank,sam2-amg[facebook/sam2.1-hiera-tiny],0.5508006254245669,0.66,1.0,0.5508006254245669,0.49694062702911784,False,0.49694062702911784,1.0,visual candidate from stored precursor score and appearance utility; semantic rerank,0.5508006254245669,0.0,original matched/generic visual candidate; downstream transformations applied,0.66,0.0,True,False,False,,
remote_control__01,28,root:3/visual-region:23,device_base,sam2-amg[facebook/sam2.1-hiera-tiny]/point-grid,sam2-amg[facebook/sam2.1-hiera-tiny],0.7617468510075256,0.68,1.0,0.7617468510075256,0.5908933222768147,False,0.5908933222768147,1.0,visual candidate from stored precursor score and appearance utility,0.7617468510075256,0.0,original matched/generic visual candidate; downstream transformations applied,0.68,0.0,False,False,False,,
remote_control__01,29,root:3:repeated-detail:27,device_button,hpid-repetitive-physical-detail-v1,hpid-repetitive-physical-detail-v1,0.7042075163398693,0.76,1.0,0.7042075163398693,0.6363587418300654,False,0.6363587418300654,1.0,repetitive local contrast formula,0.7042075163398693,0.0,,0.76,0.0,False,False,False,,
remote_control__01,30,root:3:repeated-detail:17,device_button,hpid-repetitive-physical-detail-v1,hpid-repetitive-physical-detail-v1,0.6916425120772947,0.76,1.0,0.6916425120772947,0.6311065700483092,False,0.6311065700483092,1.0,repetitive local contrast formula,0.6916425120772947,0.0,,0.76,0.0,False,False,False,,
remote_control__01,31,root:3:repeated-detail:24,device_button,hpid-repetitive-physical-detail-v1,hpid-repetitive-physical-detail-v1,0.6883995760466348,0.76,1.0,0.6883995760466348,0.6297510227874934,False,0.6297510227874934,1.0,repetitive local contrast formula,0.6883995760466348,0.0,,0.76,0.0,False,False,False,,
remote_control__01,32,root:3:repeated-detail:20,device_button,hpid-repetitive-physical-detail-v1,hpid-repetitive-physical-detail-v1,0.685998547567175,0.76,1.0,0.685998547567175,0.6287473928830792,False,0.6287473928830792,1.0,repetitive local contrast formula,0.685998547567175,0.0,,0.76,0.0,False,False,False,,
remote_control__01,33,root:3:repeated-detail:25,device_button,hpid-repetitive-physical-detail-v1,hpid-repetitive-physical-detail-v1,0.677596223674655,0.76,1.0,0.677596223674655,0.6252352214960059,False,0.6252352214960059,1.0,repetitive local contrast formula,0.677596223674655,0.0,,0.76,0.0,False,False,False,,
remote_control__01,34,root:3:repeated-detail:01,device_button,hpid-repetitive-physical-detail-v1,hpid-repetitive-physical-detail-v1,0.6740441176470588,0.76,1.0,0.6740441176470588,0.6237504411764706,False,0.6237504411764706,1.0,repetitive local contrast formula,0.6740441176470588,0.0,,0.76,0.0,False,False,False,,
remote_control__01,35,root:3:repeated-detail:21,device_button,hpid-repetitive-physical-detail-v1,hpid-repetitive-physical-detail-v1,0.6685254901960784,0.76,1.0,0.6685254901960784,0.6214436549019609,False,0.6214436549019609,1.0,repetitive local contrast formula,0.6685254901960784,0.0,,0.76,0.0,False,False,False,,
remote_control__01,36,root:3:repeated-detail:22,device_button,hpid-repetitive-physical-detail-v1,hpid-repetitive-physical-detail-v1,0.668172268907563,0.76,1.0,0.668172268907563,0.6212960084033613,False,0.6212960084033613,1.0,repetitive local contrast formula,0.668172268907563,0.0,,0.76,0.0,False,False,False,,
remote_control__01,37,root:3:repeated-detail:26,device_button,hpid-repetitive-physical-detail-v1,hpid-repetitive-physical-detail-v1,0.6543688725490195,0.76,1.0,0.6543688725490195,0.6155261887254901,False,0.6155261887254901,1.0,repetitive local contrast formula,0.6543688725490195,0.0,,0.76,0.0,False,False,False,,
remote_control__01,38,root:3:repeated-detail:16,device_button,hpid-repetitive-physical-detail-v1,hpid-repetitive-physical-detail-v1,0.6474705882352941,0.76,1.0,0.6474705882352941,0.612642705882353,False,0.612642705882353,1.0,repetitive local contrast formula,0.6474705882352941,0.0,,0.76,0.0,False,False,False,,
remote_control__01,39,root:3:repeated-detail:10,device_button,hpid-repetitive-physical-detail-v1,hpid-repetitive-physical-detail-v1,0.6439869281045751,0.76,1.0,0.6439869281045751,0.6111865359477126,False,0.6111865359477126,1.0,repetitive local contrast formula,0.6439869281045751,0.0,,0.76,0.0,False,False,False,,
remote_control__01,40,root:3:repeated-detail:04,device_button,hpid-repetitive-physical-detail-v1,hpid-repetitive-physical-detail-v1,0.6418627450980392,0.76,1.0,0.6418627450980392,0.6102986274509804,False,0.6102986274509804,1.0,repetitive local contrast formula,0.6418627450980392,0.0,,0.76,0.0,False,False,False,,
remote_control__01,41,root:3:repeated-detail:09,device_button,hpid-repetitive-physical-detail-v1,hpid-repetitive-physical-detail-v1,0.6367647058823529,0.76,1.0,0.6367647058823529,0.6081676470588235,False,0.6081676470588235,1.0,repetitive local contrast formula,0.6367647058823529,0.0,,0.76,0.0,False,False,False,,
remote_control__01,42,root:3:repeated-detail:14,device_button,hpid-repetitive-physical-detail-v1,hpid-repetitive-physical-detail-v1,0.6359803921568628,0.76,1.0,0.6359803921568628,0.6078398039215687,False,0.6078398039215687,1.0,repetitive local contrast formula,0.6359803921568628,0.0,,0.76,0.0,False,False,False,,
remote_control__01,43,root:3:repeated-detail:23,device_button,hpid-repetitive-physical-detail-v1,hpid-repetitive-physical-detail-v1,0.6287660581473968,0.76,1.0,0.6287660581473968,0.6048242123056119,False,0.6048242123056119,1.0,repetitive local contrast formula,0.6287660581473968,0.0,,0.76,0.0,False,False,False,,
remote_control__01,44,root:3:repeated-detail:11,device_button,hpid-repetitive-physical-detail-v1,hpid-repetitive-physical-detail-v1,0.6285635123614663,0.76,1.0,0.6285635123614663,0.604739548167093,False,0.604739548167093,1.0,repetitive local contrast formula,0.6285635123614663,0.0,,0.76,0.0,False,False,False,,
remote_control__01,45,root:3:repeated-detail:02,device_button,hpid-repetitive-physical-detail-v1,hpid-repetitive-physical-detail-v1,0.6282254901960784,0.76,1.0,0.6282254901960784,0.6045982549019608,False,0.6045982549019608,1.0,repetitive local contrast formula,0.6282254901960784,0.0,,0.76,0.0,False,False,False,,
remote_control__01,46,root:3:repeated-detail:15,device_button,hpid-repetitive-physical-detail-v1,hpid-repetitive-physical-detail-v1,0.6273333333333333,0.76,1.0,0.6273333333333333,0.6042253333333334,False,0.6042253333333334,1.0,repetitive local contrast formula,0.6273333333333333,0.0,,0.76,0.0,False,False,False,,
remote_control__01,47,root:3:repeated-detail:05,device_button,hpid-repetitive-physical-detail-v1,hpid-repetitive-physical-detail-v1,0.6266293183940242,0.76,1.0,0.6266293183940242,0.6039310550887022,False,0.6039310550887022,1.0,repetitive local contrast formula,0.6266293183940242,0.0,,0.76,0.0,False,False,False,,
remote_control__01,48,root:3:repeated-detail:07,device_button,hpid-repetitive-physical-detail-v1,hpid-repetitive-physical-detail-v1,0.6195588235294117,0.76,1.0,0.6195588235294117,0.6009755882352941,False,0.6009755882352941,1.0,repetitive local contrast formula,0.6195588235294117,0.0,,0.76,0.0,False,False,False,,
remote_control__01,49,root:3:repeated-detail:13,device_button,hpid-repetitive-physical-detail-v1,hpid-repetitive-physical-detail-v1,0.6039389978213507,0.76,1.0,0.6039389978213507,0.5944465010893247,False,0.5944465010893247,1.0,repetitive local contrast formula,0.6039389978213507,0.0,,0.76,0.0,False,False,False,,
remote_control__01,50,root:3:repeated-detail:28,device_button,hpid-repetitive-physical-detail-v1,hpid-repetitive-physical-detail-v1,0.5974248366013072,0.76,1.0,0.5974248366013072,0.5917235816993465,False,0.5917235816993465,1.0,repetitive local contrast formula,0.5974248366013072,0.0,,0.76,0.0,False,False,False,,
remote_control__01,51,root:3:repeated-detail:18,device_button,hpid-repetitive-physical-detail-v1,hpid-repetitive-physical-detail-v1,0.5942470588235294,0.76,1.0,0.5942470588235294,0.5903952705882353,False,0.5903952705882353,1.0,repetitive local contrast formula,0.5942470588235294,0.0,,0.76,0.0,False,False,False,,
remote_control__02,1,root:1,device,grounded-sam2[IDEA-Research/grounding-dino-tiny|facebook/sam2.1-hiera-tiny]/root,grounded-sam2[IDEA-Research/grounding-dino|facebook/sam2.1-hiera-tiny],0.7397985458374023,0.9911132812500001,1.0,0.7397985458374023,0.8492742668883877,False,0.8492742668883877,,Stored score; precursor logits not archived in candidates.json,,,root quality rule; later root-routing maxima can retain different precursor metadata,0.9911132812500001,0.0,False,False,False,specific_root_label,
remote_control__02,2,root:1/profile-refine:IDEA-Research_grounding-dino-tiny:device_logo:01,device_logo,grounded-sam2[IDEA-Research/grounding-dino-tiny|facebook/sam2.1-hiera-tiny]/profile-refine,grounded-sam2[IDEA-Research/grounding-dino|facebook/sam2.1-hiera-tiny]/profile-refine,0.3073579967021942,0.8511894531250002,1.0,0.3073579967021942,0.526926190725845,False,0.526926190725845,1.0,Stored score; precursor logits not archived in candidates.json,,,profile priority + SAM quality,0.8511894531250002,0.0,False,False,False,,
remote_control__02,3,root:1/profile-refine:IDEA-Research_grounding-dino-tiny:device_button:01,device_button,grounded-sam2[IDEA-Research/grounding-dino-tiny|facebook/sam2.1-hiera-tiny]/profile-refine,grounded-sam2[IDEA-Research/grounding-dino|facebook/sam2.1-hiera-tiny]/profile-refine,0.2735744118690491,0.8517695312500001,1.0,0.2735744118690491,0.511458580770332,False,0.511458580770332,1.0,Stored score; precursor logits not archived in candidates.json,,,profile priority + SAM quality,0.8517695312500001,0.0,False,False,False,,
remote_control__02,4,root:1/profile-refine:IDEA-Research_grounding-dino-tiny:device_key:01,device_key,grounded-sam2[IDEA-Research/grounding-dino-tiny|facebook/sam2.1-hiera-tiny]/profile-refine,grounded-sam2[IDEA-Research/grounding-dino|facebook/sam2.1-hiera-tiny]/profile-refine,0.2402394413948059,0.867044921875,1.0,0.2402394413948059,0.5047343280762493,False,0.5047343280762493,1.0,Stored score; precursor logits not archived in candidates.json,,,profile priority + SAM quality,0.867044921875,0.0,False,False,False,,
remote_control__02,5,root:1/profile-dense:device_keyboard:01,device_keyboard,clipseg-sam2[CIDAS/clipseg-rd64-refined|facebook/sam2.1-hiera-tiny]/profile-dense-supplement,grounded-sam2[IDEA-Research/grounding-dino|facebook/sam2.1-hiera-tiny]/profile-dense,0.3832548260688782,0.4352316257320694,1.0,0.3832548260688782,0.28759677314022186,False,0.28759677314022186,1.0,stored dense-region score identity,0.3832548260688782,0.0,,0.4352316257320694,0.0,False,False,False,,
remote_control__02,6,root:1/visual-region:16,device_keyboard,sam2-amg[facebook/sam2.1-hiera-tiny]/point-grid,sam2-amg[facebook/sam2.1-hiera-tiny],0.7518308965179031,0.68,1.0,0.7518308965179031,0.5871847552976959,False,0.5871847552976959,1.0,visual candidate from stored precursor score and appearance utility,0.7518308965179031,0.0,original matched/generic visual candidate; downstream transformations applied,0.68,0.0,False,False,False,,
remote_control__02,7,root:1/visual-region:08,device_button,sam2-amg[facebook/sam2.1-hiera-tiny]/point-grid/semantic-rerank,sam2-amg[facebook/sam2.1-hiera-tiny],0.6284208074629947,0.66,1.0,0.6284208074629947,0.525116753109067,False,0.525116753109067,1.0,visual candidate from stored precursor score and appearance utility; semantic rerank,0.6284208074629947,0.0,original matched/generic visual candidate; downstream transformations applied,0.66,0.0,True,False,False,,
remote_control__02,8,root:1/visual-region:24,device_button,sam2-amg[facebook/sam2.1-hiera-tiny]/point-grid/semantic-rerank,sam2-amg[facebook/sam2.1-hiera-tiny],0.6272756133359556,0.66,1.0,0.6272756133359556,0.5247010476409519,False,0.5247010476409519,1.0,visual candidate from stored precursor score and appearance utility; semantic rerank,0.6272756133359556,0.0,original matched/generic visual candidate; downstream transformations applied,0.66,0.0,True,False,False,,
remote_control__02,9,root:1/visual-region:09,device_button,sam2-amg[facebook/sam2.1-hiera-tiny]/point-grid/semantic-rerank,sam2-amg[facebook/sam2.1-hiera-tiny],0.6119141213717647,0.66,1.0,0.6119141213717647,0.5191248260579506,False,0.5191248260579506,1.0,visual candidate from stored precursor score and appearance utility; semantic rerank,0.6119141213717647,0.0,original matched/generic visual candidate; downstream transformations applied,0.66,0.0,True,False,False,,
remote_control__02,10,root:1/visual-region:05,device_button,sam2-amg[facebook/sam2.1-hiera-tiny]/point-grid/semantic-rerank,sam2-amg[facebook/sam2.1-hiera-tiny],0.5804137420558716,0.66,1.0,0.5804137420558716,0.5076901883662814,False,0.5076901883662814,1.0,visual candidate from stored precursor score and appearance utility; semantic rerank,0.5804137420558716,0.0,original matched/generic visual candidate; downstream transformations applied,0.66,0.0,True,False,False,,
remote_control__02,11,root:1/visual-region:03,device_button,sam2-amg[facebook/sam2.1-hiera-tiny]/point-grid/within-root-repetition-consensus,sam2-amg[facebook/sam2.1-hiera-tiny],0.6254755055041609,0.62,1.0,0.6254755055041609,0.4922871473769189,False,0.4922871473769189,1.0,visual candidate from stored precursor score and appearance utility; within-root/inventory consensus,0.6254755055041609,0.0,original matched/generic visual candidate; downstream transformations applied,0.62,0.0,True,False,False,,
remote_control__02,12,root:1/visual-region:23,device_button,sam2-amg[facebook/sam2.1-hiera-tiny]/point-grid/semantic-rerank,sam2-amg[facebook/sam2.1-hiera-tiny],0.5913206268054043,0.66,1.0,0.5913206268054043,0.5116493875303618,False,0.5116493875303618,1.0,visual candidate from stored precursor score and appearance utility; semantic rerank,0.5913206268054043,0.0,original matched/generic visual candidate; downstream transformations applied,0.66,0.0,True,False,False,,
remote_control__02,13,root:1/visual-region:06,device_button,sam2-amg[facebook/sam2.1-hiera-tiny]/point-grid/semantic-rerank,sam2-amg[facebook/sam2.1-hiera-tiny],0.5830394461844401,0.66,1.0,0.5830394461844401,0.5086433189649519,False,0.5086433189649519,1.0,visual candidate from stored precursor score and appearance utility; semantic rerank,0.5830394461844401,0.0,original matched/generic visual candidate; downstream transformations applied,0.66,0.0,True,False,False,,
remote_control__02,14,root:1/visual-region:19,device_button,sam2-amg[facebook/sam2.1-hiera-tiny]/point-grid/semantic-rerank,sam2-amg[facebook/sam2.1-hiera-tiny],0.576885566433126,0.66,1.0,0.576885566433126,0.5064094606152248,False,0.5064094606152248,1.0,visual candidate from stored precursor score and appearance utility; semantic rerank,0.576885566433126,0.0,original matched/generic visual candidate; downstream transformations applied,0.66,0.0,True,False,False,,
remote_control__02,15,root:1/visual-region:07,device_button,sam2-amg[facebook/sam2.1-hiera-tiny]/point-grid/within-root-repetition-consensus,sam2-amg[facebook/sam2.1-hiera-tiny],0.60691279266571,0.62,1.0,0.60691279266571,0.4859572622990071,False,0.4859572622990071,1.0,visual candidate from stored precursor score and appearance utility; within-root/inventory consensus,0.60691279266571,0.0,original matched/generic visual candidate; downstream transformations applied,0.62,0.0,True,False,False,,
remote_control__02,16,root:1/visual-region:10,device_button,sam2-amg[facebook/sam2.1-hiera-tiny]/point-grid/within-root-repetition-consensus,sam2-amg[facebook/sam2.1-hiera-tiny],0.6084351738464299,0.62,1.0,0.6084351738464299,0.48647639428163264,False,0.48647639428163264,1.0,visual candidate from stored precursor score and appearance utility; within-root/inventory consensus,0.6084351738464299,0.0,original matched/generic visual candidate; downstream transformations applied,0.62,0.0,True,False,False,,
remote_control__02,17,root:1/visual-region:18,device_button,sam2-amg[facebook/sam2.1-hiera-tiny]/point-grid/semantic-rerank,sam2-amg[facebook/sam2.1-hiera-tiny],0.5606816180579752,0.66,1.0,0.5606816180579752,0.5005274273550451,False,0.5005274273550451,1.0,visual candidate from stored precursor score and appearance utility; semantic rerank,0.5606816180579752,0.0,original matched/generic visual candidate; downstream transformations applied,0.66,0.0,True,False,False,,
remote_control__02,18,root:1/visual-region:13,device_button,sam2-amg[facebook/sam2.1-hiera-tiny]/point-grid/semantic-rerank,sam2-amg[facebook/sam2.1-hiera-tiny],0.5607616595181732,0.66,1.0,0.5607616595181732,0.500556482405097,False,0.500556482405097,1.0,visual candidate from stored precursor score and appearance utility; semantic rerank,0.5607616595181732,0.0,original matched/generic visual candidate; downstream transformations applied,0.66,0.0,True,False,False,,
remote_control__02,19,root:1/visual-region:25,device_button,sam2-amg[facebook/sam2.1-hiera-tiny]/point-grid/within-root-repetition-consensus,sam2-amg[facebook/sam2.1-hiera-tiny],0.5910818022450922,0.62,1.0,0.5910818022450922,0.48055889456557643,False,0.48055889456557643,1.0,visual candidate from stored precursor score and appearance utility; within-root/inventory consensus,0.5910818022450922,0.0,original matched/generic visual candidate; downstream transformations applied,0.62,0.0,True,False,False,,
remote_control__02,20,root:1/visual-region:17,device_button,sam2-amg[facebook/sam2.1-hiera-tiny]/point-grid/within-root-repetition-consensus,sam2-amg[facebook/sam2.1-hiera-tiny],0.5822529339610949,0.62,1.0,0.5822529339610949,0.47754825048073335,False,0.47754825048073335,1.0,visual candidate from stored precursor score and appearance utility; within-root/inventory consensus,0.5822529339610949,0.0,original matched/generic visual candidate; downstream transformations applied,0.62,0.0,True,False,False,,
remote_control__02,21,root:1/visual-region:02,device_button,sam2-amg[facebook/sam2.1-hiera-tiny]/point-grid/within-root-repetition-consensus,sam2-amg[facebook/sam2.1-hiera-tiny],0.5791017210874294,0.62,1.0,0.5791017210874294,0.4764736868908134,False,0.4764736868908134,1.0,visual candidate from stored precursor score and appearance utility; within-root/inventory consensus,0.5791017210874294,0.0,original matched/generic visual candidate; downstream transformations applied,0.62,0.0,True,False,False,,
remote_control__02,22,root:1/visual-region:22,device_button,sam2-amg[facebook/sam2.1-hiera-tiny]/point-grid/within-root-repetition-consensus,sam2-amg[facebook/sam2.1-hiera-tiny],0.5749900732043037,0.62,1.0,0.5749900732043037,0.4750716149626676,False,0.4750716149626676,1.0,visual candidate from stored precursor score and appearance utility; within-root/inventory consensus,0.5749900732043037,0.0,original matched/generic visual candidate; downstream transformations applied,0.62,0.0,True,False,False,,
remote_control__02,23,root:1/visual-region:20,device_button,sam2-amg[facebook/sam2.1-hiera-tiny]/point-grid/within-root-repetition-consensus,sam2-amg[facebook/sam2.1-hiera-tiny],0.5384110971462782,0.62,1.0,0.5384110971462782,0.46259818412688086,False,0.46259818412688086,1.0,visual candidate from stored precursor score and appearance utility; within-root/inventory consensus,0.5384110971462782,0.0,original matched/generic visual candidate; downstream transformations applied,0.62,0.0,True,False,False,,
remote_control__02,24,root:1/visual-region:21,device_button,sam2-amg[facebook/sam2.1-hiera-tiny]/point-grid/semantic-rerank,sam2-amg[facebook/sam2.1-hiera-tiny],0.5200281433554834,0.66,1.0,0.5200281433554834,0.4857702160380406,False,0.4857702160380406,1.0,visual candidate from stored precursor score and appearance utility; semantic rerank,0.5200281433554834,0.0,original matched/generic visual candidate; downstream transformations applied,0.66,0.0,True,False,False,,
remote_control__02,25,root:1/visual-region:11,device_visual_panel_02,sam2-amg[facebook/sam2.1-hiera-tiny]/point-grid,sam2-amg[facebook/sam2.1-hiera-tiny],0.7923682549959519,0.62,1.0,0.7923682549959519,0.5491975749536196,False,0.5491975749536196,,visual candidate from stored precursor score and appearance utility,0.7923682549959519,0.0,original matched/generic visual candidate; downstream transformations applied,0.62,0.0,False,False,False,,
remote_control__02,26,root:1:repeated-detail:08,device_button,hpid-repetitive-physical-detail-v1,hpid-repetitive-physical-detail-v1,0.6891229464758877,0.76,1.0,0.6891229464758877,0.6300533916269211,False,0.6300533916269211,1.0,repetitive local contrast formula,0.6891229464758877,0.0,,0.76,0.0,False,False,False,,
remote_control__02,27,root:1:repeated-detail:03,device_button,hpid-repetitive-physical-detail-v1,hpid-repetitive-physical-detail-v1,0.6789420884632922,0.76,1.0,0.6789420884632922,0.6257977929776561,False,0.6257977929776561,1.0,repetitive local contrast formula,0.6789420884632922,0.0,,0.76,0.0,False,False,False,,
remote_control__02,28,root:1:repeated-detail:07,device_button,hpid-repetitive-physical-detail-v1,hpid-repetitive-physical-detail-v1,0.6761636828644502,0.76,1.0,0.6761636828644502,0.6246364194373403,False,0.6246364194373403,1.0,repetitive local contrast formula,0.6761636828644502,0.0,,0.76,0.0,False,False,False,,
remote_control__02,29,root:1:repeated-detail:04,device_button,hpid-repetitive-physical-detail-v1,hpid-repetitive-physical-detail-v1,0.6750344462109168,0.76,1.0,0.6750344462109168,0.6241643985161632,False,0.6241643985161632,1.0,repetitive local contrast formula,0.6750344462109168,0.0,,0.76,0.0,False,False,False,,
remote_control__02,30,root:1:repeated-detail:02,device_button,hpid-repetitive-physical-detail-v1,hpid-repetitive-physical-detail-v1,0.6735627868168543,0.76,1.0,0.6735627868168543,0.6235492448894451,False,0.6235492448894451,1.0,repetitive local contrast formula,0.6735627868168543,0.0,,0.76,0.0,False,False,False,,
remote_control__02,31,root:1:repeated-detail:01,device_button,hpid-repetitive-physical-detail-v1,hpid-repetitive-physical-detail-v1,0.665080988917306,0.76,1.0,0.665080988917306,0.620003853367434,False,0.620003853367434,1.0,repetitive local contrast formula,0.665080988917306,0.0,,0.76,0.0,False,False,False,,
remote_control__02,32,root:1:repeated-detail:05,device_button,hpid-repetitive-physical-detail-v1,hpid-repetitive-physical-detail-v1,0.649607843137255,0.76,1.0,0.649607843137255,0.6135360784313726,False,0.6135360784313726,1.0,repetitive local contrast formula,0.649607843137255,0.0,,0.76,0.0,False,False,False,,
remote_control__03,1,root:1,device,grounded-sam2[IDEA-Research/grounding-dino-tiny|facebook/sam2.1-hiera-tiny]/root,grounded-sam2[IDEA-Research/grounding-dino|facebook/sam2.1-hiera-tiny],0.7518303990364075,0.9916015625000001,1.0,0.7518303990364075,0.8562546122557252,False,0.8562546122557252,,Stored score; precursor logits not archived in candidates.json,,,root quality rule; later root-routing maxima can retain different precursor metadata,0.9916015625000001,0.0,False,False,False,specific_root_label,
remote_control__03,2,root:1/visual-region:06,device_button,sam2-amg[facebook/sam2.1-hiera-tiny]/point-grid/semantic-rerank,sam2-amg[facebook/sam2.1-hiera-tiny],0.6737786692956333,0.66,1.0,0.6737786692956333,0.5415816569543149,False,0.5415816569543149,1.0,visual candidate from stored precursor score and appearance utility; semantic rerank,0.6737786692956333,0.0,original matched/generic visual candidate; downstream transformations applied,0.66,0.0,True,False,False,,
remote_control__03,3,root:1/visual-region:07,device_button,sam2-amg[facebook/sam2.1-hiera-tiny]/point-grid/semantic-rerank,sam2-amg[facebook/sam2.1-hiera-tiny],0.6736989137052931,0.66,1.0,0.6736989137052931,0.5415527056750215,False,0.5415527056750215,1.0,visual candidate from stored precursor score and appearance utility; semantic rerank,0.6736989137052931,0.0,original matched/generic visual candidate; downstream transformations applied,0.66,0.0,True,False,False,,
remote_control__03,4,root:1/visual-region:12,device_button,sam2-amg[facebook/sam2.1-hiera-tiny]/point-grid/semantic-rerank,sam2-amg[facebook/sam2.1-hiera-tiny],0.6299011314035285,0.66,1.0,0.6299011314035285,0.5256541106994809,False,0.5256541106994809,1.0,visual candidate from stored precursor score and appearance utility; semantic rerank,0.6299011314035285,0.0,original matched/generic visual candidate; downstream transformations applied,0.66,0.0,True,False,False,,
remote_control__03,5,root:1/visual-region:09,device_button,sam2-amg[facebook/sam2.1-hiera-tiny]/point-grid/semantic-rerank,sam2-amg[facebook/sam2.1-hiera-tiny],0.6014012160422993,0.66,1.0,0.6014012160422993,0.5153086414233548,False,0.5153086414233548,1.0,visual candidate from stored precursor score and appearance utility; semantic rerank,0.6014012160422993,0.0,original matched/generic visual candidate; downstream transformations applied,0.66,0.0,True,False,False,,
remote_control__03,6,root:1/visual-region:01,device_button,sam2-amg[facebook/sam2.1-hiera-tiny]/point-grid/semantic-rerank,sam2-amg[facebook/sam2.1-hiera-tiny],0.59491620464421,0.66,1.0,0.59491620464421,0.5129545822858482,False,0.5129545822858482,1.0,visual candidate from stored precursor score and appearance utility; semantic rerank,0.59491620464421,0.0,original matched/generic visual candidate; downstream transformations applied,0.66,0.0,True,False,False,,
remote_control__03,7,root:1/visual-region:10,device_button,sam2-amg[facebook/sam2.1-hiera-tiny]/point-grid/semantic-rerank,sam2-amg[facebook/sam2.1-hiera-tiny],0.5852872743009596,0.66,1.0,0.5852872743009596,0.5094592805712483,False,0.5094592805712483,1.0,visual candidate from stored precursor score and appearance utility; semantic rerank,0.5852872743009596,0.0,original matched/generic visual candidate; downstream transformations applied,0.66,0.0,True,False,False,,
remote_control__03,8,root:1/visual-region:13,device_button,sam2-amg[facebook/sam2.1-hiera-tiny]/point-grid/semantic-rerank,sam2-amg[facebook/sam2.1-hiera-tiny],0.5654861111086442,0.66,1.0,0.5654861111086442,0.5022714583324379,False,0.5022714583324379,1.0,visual candidate from stored precursor score and appearance utility; semantic rerank,0.5654861111086442,0.0,original matched/generic visual candidate; downstream transformations applied,0.66,0.0,True,False,False,,
remote_control__03,9,root:1/visual-region:04,device_button,sam2-amg[facebook/sam2.1-hiera-tiny]/point-grid/within-root-repetition-consensus,sam2-amg[facebook/sam2.1-hiera-tiny],0.5361695507899028,0.62,1.0,0.5361695507899028,0.46183381681935687,False,0.46183381681935687,1.0,visual candidate from stored precursor score and appearance utility; within-root/inventory consensus,0.5361695507899028,0.0,original matched/generic visual candidate; downstream transformations applied,0.62,0.0,True,False,False,,
remote_control__03,10,root:1/visual-region:02,device_visual_panel_01,sam2-amg[facebook/sam2.1-hiera-tiny]/point-grid,sam2-amg[facebook/sam2.1-hiera-tiny],0.8482005432720937,0.62,1.0,0.8482005432720937,0.568236385255784,False,0.568236385255784,,visual candidate from stored precursor score and appearance utility,0.8482005432720937,0.0,original matched/generic visual candidate; downstream transformations applied,0.62,0.0,False,False,False,,
remote_control__03,11,root:1/visual-region:11,device_logo,sam2-amg[facebook/sam2.1-hiera-tiny]/prototype-labelled-region,sam2-amg[facebook/sam2.1-hiera-tiny],0.7561113530549444,0.6078131188211441,1.0,0.7561113530549444,0.5262818232915353,False,0.5262818232915353,1.0,visual candidate from stored precursor score and appearance utility; prototype label leaves score unchanged,0.7561113530549444,0.0,original matched/generic visual candidate; downstream transformations applied,0.6078131188211441,0.0,False,False,False,,
remote_control__03,12,root:1:repeated-detail:03,device_button,hpid-repetitive-physical-detail-v1,hpid-repetitive-physical-detail-v1,0.94,0.76,1.0,0.94,0.73492,False,0.73492,1.0,repetitive local contrast formula,0.94,0.0,,0.76,0.0,False,False,False,,
remote_control__03,13,root:1:repeated-detail:04,device_button,hpid-repetitive-physical-detail-v1,hpid-repetitive-physical-detail-v1,0.8319260362372798,0.76,1.0,0.8319260362372798,0.689745083147183,False,0.689745083147183,1.0,repetitive local contrast formula,0.8319260362372798,0.0,,0.76,0.0,False,False,False,,
remote_control__03,14,root:1:repeated-detail:06,device_button,hpid-repetitive-physical-detail-v1,hpid-repetitive-physical-detail-v1,0.8023311546840959,0.76,1.0,0.8023311546840959,0.6773744226579521,False,0.6773744226579521,1.0,repetitive local contrast formula,0.8023311546840959,0.0,,0.76,0.0,False,False,False,,
remote_control__03,15,root:1:repeated-detail:02,device_button,hpid-repetitive-physical-detail-v1,hpid-repetitive-physical-detail-v1,0.7830820215410108,0.76,1.0,0.7830820215410108,0.6693282850041425,False,0.6693282850041425,1.0,repetitive local contrast formula,0.7830820215410108,0.0,,0.76,0.0,False,False,False,,
remote_control__03,16,root:1:repeated-detail:07,device_button,hpid-repetitive-physical-detail-v1,hpid-repetitive-physical-detail-v1,0.7763548698167791,0.76,1.0,0.7763548698167791,0.6665163355834137,False,0.6665163355834137,1.0,repetitive local contrast formula,0.7763548698167791,0.0,,0.76,0.0,False,False,False,,
remote_control__03,17,root:1:repeated-detail:01,device_button,hpid-repetitive-physical-detail-v1,hpid-repetitive-physical-detail-v1,0.7750379689448034,0.76,1.0,0.7750379689448034,0.6659658710189279,False,0.6659658710189279,1.0,repetitive local contrast formula,0.7750379689448034,0.0,,0.76,0.0,False,False,False,,
remote_control__03,18,root:1:repeated-detail:08,device_button,hpid-repetitive-physical-detail-v1,hpid-repetitive-physical-detail-v1,0.7690464895635674,0.76,1.0,0.7690464895635674,0.6634614326375712,False,0.6634614326375712,1.0,repetitive local contrast formula,0.7690464895635674,0.0,,0.76,0.0,False,False,False,,
remote_control__03,19,root:1:repeated-detail:05,device_button,hpid-repetitive-physical-detail-v1,hpid-repetitive-physical-detail-v1,0.5703560371517028,0.76,1.0,0.5703560371517028,0.5804088235294118,False,0.5804088235294118,1.0,repetitive local contrast formula,0.5703560371517028,0.0,,0.76,0.0,False,False,False,,
remote_control__04,1,root:1,device,grounded-sam2[IDEA-Research/grounding-dino-tiny|facebook/sam2.1-hiera-tiny]/root,grounded-sam2[IDEA-Research/grounding-dino|facebook/sam2.1-hiera-tiny],0.8241790533065796,0.987890625,1.0,0.8241790533065796,0.89236009929562,False,0.89236009929562,,Stored score; precursor logits not archived in candidates.json,,,root quality rule; later root-routing maxima can retain different precursor metadata,0.987890625,0.0,False,False,False,specific_root_label,
remote_control__04,2,root:1/profile-refine:IDEA-Research_grounding-dino-tiny:device_cable:01,device_cable,grounded-sam2[IDEA-Research/grounding-dino-tiny|facebook/sam2.1-hiera-tiny]/profile-refine,grounded-sam2[IDEA-Research/grounding-dino|facebook/sam2.1-hiera-tiny]/profile-refine,0.4014531373977661,0.8444218750000001,1.0,0.4014531373977661,0.5664375398033299,False,0.5664375398033299,1.0,Stored score; precursor logits not archived in candidates.json,,,profile priority + SAM quality,0.8444218750000001,0.0,False,False,False,,
remote_control__04,3,root:1/profile-refine:IDEA-Research_grounding-dino-tiny:device_keyboard:01,device_keyboard,grounded-sam2[IDEA-Research/grounding-dino-tiny|facebook/sam2.1-hiera-tiny]/profile-refine,grounded-sam2[IDEA-Research/grounding-dino|facebook/sam2.1-hiera-tiny]/profile-refine,0.3007456064224243,0.8059433593750001,1.0,0.3007456064224243,0.4959856701152982,False,0.4959856701152982,1.0,Stored score; precursor logits not archived in candidates.json,,,profile priority + SAM quality,0.8059433593750001,0.0,False,False,False,,
remote_control__04,4,root:1/profile-refine:IDEA-Research_grounding-dino-tiny:device_key:04,device_key,grounded-sam2[IDEA-Research/grounding-dino-tiny|facebook/sam2.1-hiera-tiny]/profile-refine,grounded-sam2[IDEA-Research/grounding-dino|facebook/sam2.1-hiera-tiny]/profile-refine,0.2487165927886963,0.850029296875,1.0,0.2487165927886963,0.4987921983628767,False,0.4987921983628767,1.0,Stored score; precursor logits not archived in candidates.json,,,profile priority + SAM quality,0.850029296875,0.0,False,False,False,,
remote_control__04,5,root:1/profile-refine:IDEA-Research_grounding-dino-tiny:device_key:05,device_key,grounded-sam2[IDEA-Research/grounding-dino-tiny|facebook/sam2.1-hiera-tiny]/profile-refine,grounded-sam2[IDEA-Research/grounding-dino|facebook/sam2.1-hiera-tiny]/profile-refine,0.24689629673957825,0.8415214843750001,1.0,0.24689629673957825,0.4929573639341892,False,0.4929573639341892,1.0,Stored score; precursor logits not archived in candidates.json,,,profile priority + SAM quality,0.8415214843750001,0.0,False,False,False,,
remote_control__04,6,root:1/profile-refine:IDEA-Research_grounding-dino-tiny:device_key:06,device_key,grounded-sam2[IDEA-Research/grounding-dino-tiny|facebook/sam2.1-hiera-tiny]/profile-refine,grounded-sam2[IDEA-Research/grounding-dino|facebook/sam2.1-hiera-tiny]/profile-refine,0.24418270587921143,0.8463554687500001,1.0,0.24418270587921143,0.49452591360977394,False,0.49452591360977394,1.0,Stored score; precursor logits not archived in candidates.json,,,profile priority + SAM quality,0.8463554687500001,0.0,False,False,False,,
remote_control__04,7,root:1/device_guided_device_button:01,device_button,grounded-sam2[IDEA-Research/grounding-dino-tiny|facebook/sam2.1-hiera-tiny]/retrieved-part,grounded-sam2[IDEA-Research/grounding-dino|facebook/sam2.1-hiera-tiny],0.37921677948737975,0.7434179895767614,1.0,0.37921677948737975,0.4895922120106977,False,0.4895922120106977,1.0,Stored score; precursor logits not archived in candidates.json,,,guided SAM quality times retrieval reliability scale,0.7434179895767614,0.0,False,False,False,,
remote_control__04,8,root:1/visual-region:08,device_screen,sam2-amg[facebook/sam2.1-hiera-tiny]/prototype-labelled-region,sam2-amg[facebook/sam2.1-hiera-tiny],0.8693219528989733,0.6072868995742797,1.0,0.8693219528989733,0.5636394132377575,False,0.5636394132377575,1.0,visual candidate from stored precursor score and appearance utility; prototype label leaves score unchanged,0.8693219528989733,0.0,original matched/generic visual candidate; downstream transformations applied,0.6072868995742797,0.0,False,False,False,,
remote_control__04,9,root:1/visual-region:05,device_button,sam2-amg[facebook/sam2.1-hiera-tiny]/point-grid,sam2-amg[facebook/sam2.1-hiera-tiny],0.6885785678493089,0.68,1.0,0.6885785678493089,0.5635283843756416,False,0.5635283843756416,1.0,visual candidate from stored precursor score and appearance utility,0.6885785678493089,0.0,original matched/generic visual candidate; downstream transformations applied,0.68,0.0,False,False,False,,
remote_control__04,10,root:1/visual-region:06,device_back_panel,sam2-amg[facebook/sam2.1-hiera-tiny]/prototype-labelled-region,sam2-amg[facebook/sam2.1-hiera-tiny],0.7650657862307357,0.6082297985715867,1.0,0.7650657862307357,0.5296381043364372,False,0.5296381043364372,1.0,visual candidate from stored precursor score and appearance utility; prototype label leaves score unchanged,0.7650657862307357,0.0,original matched/generic visual candidate; downstream transformations applied,0.6082297985715867,0.0,False,False,False,,
calculator__01,1,root:13,character,grounded-sam2[IDEA-Research/grounding-dino-tiny|facebook/sam2.1-hiera-tiny]/root,grounded-sam2[IDEA-Research/grounding-dino|facebook/sam2.1-hiera-tiny],0.24981309473514557,0.96201171875,1.0,0.24981309473514557,0.5650829919853277,False,0.5650829919853277,,Stored score; precursor logits not archived in candidates.json,,,root quality rule; later root-routing maxima can retain different precursor metadata,0.96201171875,0.0,False,False,False,specific_root_label,
calculator__01,2,root:13/contour-visual-region:01,character_visual_contour_panel_01,hpid-appearance-contour/closed-edge,hpid-appearance-contour,0.7232916243733507,0.62,1.0,0.7232916243733507,0.5256424439113127,False,0.5256424439113127,,visual candidate from stored precursor score and appearance utility,0.7232916243733507,0.0,original matched/generic visual candidate; downstream transformations applied,0.62,0.0,False,False,False,,
calculator__01,3,root:13/contour-visual-region:03,character_torso,hpid-appearance-contour/closed-edge/semantic-rerank,hpid-appearance-contour,0.5090610987527515,0.66,1.0,0.5090610987527515,0.4817891788472488,False,0.4817891788472488,0.92,visual candidate from stored precursor score and appearance utility; semantic rerank,0.5090610987527515,0.0,original matched/generic visual candidate; downstream transformations applied,0.66,0.0,True,False,False,,
calculator__01,4,root:13/contour-visual-region:05,character_arm,hpid-appearance-contour/closed-edge/semantic-rerank,hpid-appearance-contour,0.5053554301406826,0.66,1.0,0.5053554301406826,0.4804440211410678,False,0.4804440211410678,0.92,visual candidate from stored precursor score and appearance utility; semantic rerank,0.5053554301406826,0.0,original matched/generic visual candidate; downstream transformations applied,0.66,0.0,True,False,False,,
calculator__01,5,root:13/contour-visual-region:06,character_hair,hpid-appearance-contour/closed-edge/semantic-rerank,hpid-appearance-contour,0.4240517693057456,0.66,1.0,0.4240517693057456,0.4509307922579857,False,0.4509307922579857,1.1,visual candidate from stored precursor score and appearance utility; semantic rerank,0.4240517693057456,0.0,original matched/generic visual candidate; downstream transformations applied,0.66,0.0,True,False,False,,
calculator__01,6,root:13/contour-visual-region:07,character_visual_contour_panel_05,hpid-appearance-contour/closed-edge,hpid-appearance-contour,0.5830510306034711,0.62,1.0,0.5830510306034711,0.47782040143578364,False,0.47782040143578364,,visual candidate from stored precursor score and appearance utility,0.5830510306034711,0.0,original matched/generic visual candidate; downstream transformations applied,0.62,0.0,False,False,False,,
calculator__01,7,root:13/contour-visual-region:08,character_visual_contour_panel_06,hpid-appearance-contour/closed-edge,hpid-appearance-contour,0.6473800426890925,0.62,1.0,0.6473800426890925,0.49975659455698057,False,0.49975659455698057,,visual candidate from stored precursor score and appearance utility,0.6473800426890925,0.0,original matched/generic visual candidate; downstream transformations applied,0.62,0.0,False,False,False,,
calculator__01,8,root:13/contour-visual-region:10,character_shoe,hpid-appearance-contour/closed-edge/semantic-rerank,hpid-appearance-contour,0.4519225658782107,0.66,1.0,0.4519225658782107,0.46104789141379054,False,0.46104789141379054,1.08,visual candidate from stored precursor score and appearance utility; semantic rerank,0.4519225658782107,0.0,original matched/generic visual candidate; downstream transformations applied,0.66,0.0,True,False,False,,
calculator__01,9,root:13/visual-region:01,character_head,sam2-amg[facebook/sam2.1-hiera-tiny]/point-grid/semantic-rerank,sam2-amg[facebook/sam2.1-hiera-tiny],0.5228366982841941,0.66,1.0,0.5228366982841941,0.48678972147716254,False,0.48678972147716254,1.0,visual candidate from stored precursor score and appearance utility; semantic rerank,0.5228366982841941,0.0,original matched/generic visual candidate; downstream transformations applied,0.66,0.0,True,False,False,,
calculator__02,1,root:1,device,grounded-sam2[IDEA-Research/grounding-dino-tiny|facebook/sam2.1-hiera-tiny]/root,grounded-sam2[IDEA-Research/grounding-dino|facebook/sam2.1-hiera-tiny],0.8616546392440796,0.9895507812500001,1.0,0.8616546392440796,0.9142559133499163,False,0.9142559133499163,,Stored score; precursor logits not archived in candidates.json,,,root quality rule; later root-routing maxima can retain different precursor metadata,0.9895507812500001,0.0,False,False,False,specific_root_label,
calculator__02,2,root:1/profile-refine:IDEA-Research_grounding-dino-tiny:device_button:01,device_button,grounded-sam2[IDEA-Research/grounding-dino-tiny|facebook/sam2.1-hiera-tiny]/profile-refine,grounded-sam2[IDEA-Research/grounding-dino|facebook/sam2.1-hiera-tiny]/profile-refine,0.28686797618865967,0.83939453125,1.0,0.28686797618865967,0.5101650147844339,False,0.5101650147844339,1.0,Stored score; precursor logits not archived in candidates.json,,,profile priority + SAM quality,0.83939453125,0.0,False,False,False,,
calculator__02,3,root:1/profile-refine:IDEA-Research_grounding-dino-tiny:device_back_panel:01,device_back_panel,grounded-sam2[IDEA-Research/grounding-dino-tiny|facebook/sam2.1-hiera-tiny]/profile-refine,grounded-sam2[IDEA-Research/grounding-dino|facebook/sam2.1-hiera-tiny]/profile-refine,0.2812081575393677,0.85331640625,1.0,0.2812081575393677,0.5159701267323223,False,0.5159701267323223,1.0,Stored score; precursor logits not archived in candidates.json,,,profile priority + SAM quality,0.85331640625,0.0,False,False,False,,
calculator__02,4,root:1/profile-dense:device_keyboard:01,device_keyboard,clipseg-sam2[CIDAS/clipseg-rd64-refined|facebook/sam2.1-hiera-tiny]/profile-dense-supplement,grounded-sam2[IDEA-Research/grounding-dino|facebook/sam2.1-hiera-tiny]/profile-dense,0.8491138219833374,0.6577751634312444,1.0,0.8491138219833374,0.6031881142088101,False,0.6031881142088101,1.0,stored dense-region score identity,0.8491138219833374,0.0,,0.6577751634312444,0.0,False,False,False,,
calculator__02,5,root:1/visual-region:02,device_base,sam2-amg[facebook/sam2.1-hiera-tiny]/point-grid/semantic-rerank,sam2-amg[facebook/sam2.1-hiera-tiny],0.5568551587199342,0.66,1.0,0.5568551587199342,0.49913842261533614,False,0.49913842261533614,1.0,visual candidate from stored precursor score and appearance utility; semantic rerank,0.5568551587199342,0.0,original matched/generic visual candidate; downstream transformations applied,0.66,0.0,True,False,False,,
calculator__02,6,root:1/visual-region:03,device_visual_strip_01,sam2-amg[facebook/sam2.1-hiera-tiny]/point-grid,sam2-amg[facebook/sam2.1-hiera-tiny],0.7465104625714677,0.62,1.0,0.7465104625714677,0.5335600677368705,False,0.5335600677368705,,visual candidate from stored precursor score and appearance utility,0.7465104625714677,0.0,original matched/generic visual candidate; downstream transformations applied,0.62,0.0,False,False,False,,
calculator__02,7,root:1/visual-region:05,device_visual_panel_04,sam2-amg[facebook/sam2.1-hiera-tiny]/point-grid,sam2-amg[facebook/sam2.1-hiera-tiny],0.7290137517095958,0.62,1.0,0.7290137517095958,0.5275936893329722,False,0.5275936893329722,,visual candidate from stored precursor score and appearance utility,0.7290137517095958,0.0,original matched/generic visual candidate; downstream transformations applied,0.62,0.0,False,False,False,,
calculator__02,8,root:1/visual-region:06,device_screen,sam2-amg[facebook/sam2.1-hiera-tiny]/prototype-labelled-region,sam2-amg[facebook/sam2.1-hiera-tiny],0.7114896549975597,0.6106338497896194,1.0,0.7114896549975597,0.5137380493194852,False,0.5137380493194852,1.0,visual candidate from stored precursor score and appearance utility; prototype label leaves score unchanged,0.7114896549975597,0.0,original matched/generic visual candidate; downstream transformations applied,0.6106338497896194,0.0,False,False,False,,
calculator__02,9,root:1/visual-region:09,device_visual_panel_05,sam2-amg[facebook/sam2.1-hiera-tiny]/point-grid,sam2-amg[facebook/sam2.1-hiera-tiny],0.6553339313272336,0.62,1.0,0.6553339313272336,0.5024688705825867,False,0.5024688705825867,,visual candidate from stored precursor score and appearance utility,0.6553339313272336,0.0,original matched/generic visual candidate; downstream transformations applied,0.62,0.0,False,False,False,,
calculator__02,10,root:1:repeated-detail:09,device_button,hpid-repetitive-physical-detail-v1,hpid-repetitive-physical-detail-v1,0.6366488413547238,0.76,1.0,0.6366488413547238,0.6081192156862746,False,0.6081192156862746,1.0,repetitive local contrast formula,0.6366488413547238,0.0,,0.76,0.0,False,False,False,,
calculator__02,11,root:1:repeated-detail:08,device_button,hpid-repetitive-physical-detail-v1,hpid-repetitive-physical-detail-v1,0.5691467938526762,0.76,1.0,0.5691467938526762,0.5799033598304186,False,0.5799033598304186,1.0,repetitive local contrast formula,0.5691467938526762,0.0,,0.76,0.0,False,False,False,,
calculator__02,12,root:1:repeated-detail:03,device_button,hpid-repetitive-physical-detail-v1,hpid-repetitive-physical-detail-v1,0.5480100125156445,0.76,1.0,0.5480100125156445,0.5710681852315395,False,0.5710681852315395,1.0,repetitive local contrast formula,0.5480100125156445,0.0,,0.76,0.0,False,False,False,,
calculator__02,13,root:1:repeated-detail:06,device_button,hpid-repetitive-physical-detail-v1,hpid-repetitive-physical-detail-v1,0.5445144724556489,0.76,1.0,0.5445144724556489,0.5696070494864613,False,0.5696070494864613,1.0,repetitive local contrast formula,0.5445144724556489,0.0,,0.76,0.0,False,False,False,,
calculator__02,14,root:1:repeated-detail:02,device_button,hpid-repetitive-physical-detail-v1,hpid-repetitive-physical-detail-v1,0.5314777618364419,0.76,1.0,0.5314777618364419,0.5641577044476327,False,0.5641577044476327,1.0,repetitive local contrast formula,0.5314777618364419,0.0,,0.76,0.0,False,False,False,,
calculator__02,15,root:1:repeated-detail:04,device_button,hpid-repetitive-physical-detail-v1,hpid-repetitive-physical-detail-v1,0.529250700280112,0.76,1.0,0.529250700280112,0.5632267927170869,False,0.5632267927170869,1.0,repetitive local contrast formula,0.529250700280112,0.0,,0.76,0.0,False,False,False,,
calculator__02,16,root:1:repeated-detail:07,device_button,hpid-repetitive-physical-detail-v1,hpid-repetitive-physical-detail-v1,0.525563725490196,0.76,1.0,0.525563725490196,0.561685637254902,False,0.561685637254902,1.0,repetitive local contrast formula,0.525563725490196,0.0,,0.76,0.0,False,False,False,,
calculator__02,17,root:1:repeated-detail:01,device_button,hpid-repetitive-physical-detail-v1,hpid-repetitive-physical-detail-v1,0.5201095732410611,0.76,1.0,0.5201095732410611,0.5594058016147635,False,0.5594058016147635,1.0,repetitive local contrast formula,0.5201095732410611,0.0,,0.76,0.0,False,False,False,,
calculator__03,1,root:1,device,grounded-sam2[IDEA-Research/grounding-dino-tiny|facebook/sam2.1-hiera-tiny]/root,grounded-sam2[IDEA-Research/grounding-dino|facebook/sam2.1-hiera-tiny],0.5830846428871155,0.99189453125,1.0,0.5830846428871155,0.7644496967570741,False,0.7644496967570741,,Stored score; precursor logits not archived in candidates.json,,,root quality rule; later root-routing maxima can retain different precursor metadata,0.99189453125,0.0,False,False,False,specific_root_label,
calculator__03,2,root:1/profile-refine:IDEA-Research_grounding-dino-tiny:device_screen:01,device_screen,grounded-sam2[IDEA-Research/grounding-dino-tiny|facebook/sam2.1-hiera-tiny]/profile-refine,grounded-sam2[IDEA-Research/grounding-dino|facebook/sam2.1-hiera-tiny]/profile-refine,0.5940214991569519,0.859697265625,1.0,0.5940214991569519,0.6677370317324822,False,0.6677370317324822,1.0,Stored score; precursor logits not archived in candidates.json,,,profile priority + SAM quality,0.859697265625,0.0,False,False,False,,
calculator__03,3,root:1/profile-refine:IDEA-Research_grounding-dino-tiny:device_button:01,device_button,grounded-sam2[IDEA-Research/grounding-dino-tiny|facebook/sam2.1-hiera-tiny]/profile-refine,grounded-sam2[IDEA-Research/grounding-dino|facebook/sam2.1-hiera-tiny]/profile-refine,0.2907794415950775,0.8446152343750001,1.0,0.2907794415950775,0.515155065886592,False,0.515155065886592,1.0,Stored score; precursor logits not archived in candidates.json,,,profile priority + SAM quality,0.8446152343750001,0.0,False,False,False,,
calculator__03,4,root:1/profile-dense:device_keyboard:01,device_keyboard,clipseg-sam2[CIDAS/clipseg-rd64-refined|facebook/sam2.1-hiera-tiny]/profile-dense-supplement,grounded-sam2[IDEA-Research/grounding-dino|facebook/sam2.1-hiera-tiny]/profile-dense,0.9257357716560364,0.6933556588693988,1.0,0.9257357716560364,0.6650353212337778,False,0.6650353212337778,1.0,stored dense-region score identity,0.9257357716560364,0.0,,0.6933556588693988,0.0,False,False,False,,
calculator__03,5,root:1/profile-topology:IDEA-Research_grounding-dino-tiny:device_bezel:01,device_bezel,hpid-topology-v2/surround,hpid-topology-v1,0.5583802092075347,0.82,1.0,0.5583802092075347,0.6208294743525982,False,0.6208294743525982,1.0,topology formula using same archived anchor key,0.5583802092075347,0.0,,0.82,0.0,False,False,False,,
calculator__03,6,root:1/visual-region:01,device_screen,sam2-amg[facebook/sam2.1-hiera-tiny]/point-grid,sam2-amg[facebook/sam2.1-hiera-tiny],0.6684560094529558,0.68,1.0,0.6684560094529558,0.5560025475354056,False,0.5560025475354056,1.0,visual candidate from stored precursor score and appearance utility,0.6684560094529558,0.0,original matched/generic visual candidate; downstream transformations applied,0.68,0.0,False,False,False,,
calculator__03,7,root:1/visual-region:02,device_key,sam2-amg[facebook/sam2.1-hiera-tiny]/point-grid/semantic-rerank,sam2-amg[facebook/sam2.1-hiera-tiny],0.5865935466944605,0.66,1.0,0.5865935466944605,0.5099334574500892,False,0.5099334574500892,1.0,visual candidate from stored precursor score and appearance utility; semantic rerank,0.5865935466944605,0.0,original matched/generic visual candidate; downstream transformations applied,0.66,0.0,True,False,False,,
calculator__03,8,root:1/visual-region:04,device_base,sam2-amg[facebook/sam2.1-hiera-tiny]/point-grid/semantic-rerank,sam2-amg[facebook/sam2.1-hiera-tiny],0.5435180362354751,0.66,1.0,0.5435180362354751,0.4942970471534775,False,0.4942970471534775,1.0,visual candidate from stored precursor score and appearance utility; semantic rerank,0.5435180362354751,0.0,original matched/generic visual candidate; downstream transformations applied,0.66,0.0,True,False,False,,
calculator__03,9,root:1/visual-region:05,device_key,sam2-amg[facebook/sam2.1-hiera-tiny]/prototype-labelled-region,sam2-amg[facebook/sam2.1-hiera-tiny],0.6664106270036728,0.5783351507916451,1.0,0.6664106270036728,0.47222559760776844,False,0.47222559760776844,1.0,visual candidate from stored precursor score and appearance utility; prototype label leaves score unchanged,0.6664106270036728,0.0,original matched/generic visual candidate; downstream transformations applied,0.5783351507916451,0.0,False,False,False,,
calculator__03,10,root:1/visual-region:06,device_visual_panel_03,sam2-amg[facebook/sam2.1-hiera-tiny]/point-grid,sam2-amg[facebook/sam2.1-hiera-tiny],0.7334856303696436,0.62,1.0,0.7334856303696436,0.5291185999560486,False,0.5291185999560486,,visual candidate from stored precursor score and appearance utility,0.7334856303696436,0.0,original matched/generic visual candidate; downstream transformations applied,0.62,0.0,False,False,False,,
calculator__03,11,root:1/visual-region:07,device_logo,sam2-amg[facebook/sam2.1-hiera-tiny]/point-grid/semantic-rerank,sam2-amg[facebook/sam2.1-hiera-tiny],0.5201183809553112,0.66,1.0,0.5201183809553112,0.485802972286778,False,0.485802972286778,1.0,visual candidate from stored precursor score and appearance utility; semantic rerank,0.5201183809553112,0.0,original matched/generic visual candidate; downstream transformations applied,0.66,0.0,True,False,False,,
calculator__03,12,root:1/visual-region:08,device_visual_panel_04,sam2-amg[facebook/sam2.1-hiera-tiny]/point-grid,sam2-amg[facebook/sam2.1-hiera-tiny],0.7012688475576923,0.62,1.0,0.7012688475576923,0.5181326770171731,False,0.5181326770171731,,visual candidate from stored precursor score and appearance utility,0.7012688475576923,0.0,original matched/generic visual candidate; downstream transformations applied,0.62,0.0,False,False,False,,
calculator__03,13,root:1/visual-region:10,device_keyboard,sam2-amg[facebook/sam2.1-hiera-tiny]/point-grid,sam2-amg[facebook/sam2.1-hiera-tiny],0.7791704284291225,0.68,1.0,0.7791704284291225,0.5974097402324919,False,0.5974097402324919,1.0,visual candidate from stored precursor score and appearance utility,0.7791704284291225,0.0,original matched/generic visual candidate; downstream transformations applied,0.68,0.0,False,False,False,,
telephone__01,1,root:3,device,grounded-sam2[IDEA-Research/grounding-dino-tiny|facebook/sam2.1-hiera-tiny]/root,grounded-sam2[IDEA-Research/grounding-dino|facebook/sam2.1-hiera-tiny],0.49791717529296875,0.9931640625,1.0,0.49791717529296875,0.7189062226563693,False,0.7189062226563693,,Stored score; precursor logits not archived in candidates.json,,,root quality rule; later root-routing maxima can retain different precursor metadata,0.9931640625,0.0,False,False,False,specific_root_label,
telephone__01,2,root:3/profile-refine:IDEA-Research_grounding-dino-tiny:device_keyboard:01,device_keyboard,grounded-sam2[IDEA-Research/grounding-dino-tiny|facebook/sam2.1-hiera-tiny]/profile-refine,grounded-sam2[IDEA-Research/grounding-dino|facebook/sam2.1-hiera-tiny]/profile-refine,0.3801259696483612,0.8614375000000001,1.0,0.3801259696483612,0.5677469957384282,False,0.5677469957384282,1.0,Stored score; precursor logits not archived in candidates.json,,,profile priority + SAM quality,0.8614375000000001,0.0,False,False,False,,
telephone__01,3,root:3/visual-region:01,device_visual_panel_01,sam2-amg[facebook/sam2.1-hiera-tiny]/point-grid,sam2-amg[facebook/sam2.1-hiera-tiny],0.8148215798301597,0.62,1.0,0.8148215798301597,0.5568541587220845,False,0.5568541587220845,,visual candidate from stored precursor score and appearance utility,0.8148215798301597,0.0,original matched/generic visual candidate; downstream transformations applied,0.62,0.0,False,False,False,,
telephone__01,4,root:3/visual-region:03,device_bezel,sam2-amg[facebook/sam2.1-hiera-tiny]/prototype-labelled-region,sam2-amg[facebook/sam2.1-hiera-tiny],0.8695166383229782,0.5942922771110535,1.0,0.8695166383229782,0.5516423873361752,False,0.5516423873361752,1.0,visual candidate from stored precursor score and appearance utility; prototype label leaves score unchanged,0.8695166383229782,0.0,original matched/generic visual candidate; downstream transformations applied,0.5942922771110535,0.0,False,False,False,,
telephone__01,5,root:3/visual-region:05,device_screen,sam2-amg[facebook/sam2.1-hiera-tiny]/prototype-labelled-region,sam2-amg[facebook/sam2.1-hiera-tiny],0.683088007260597,0.6126231584911346,1.0,0.683088007260597,0.5058419642154817,False,0.5058419642154817,1.0,visual candidate from stored precursor score and appearance utility; prototype label leaves score unchanged,0.683088007260597,0.0,original matched/generic visual candidate; downstream transformations applied,0.6126231584911346,0.0,False,False,False,,
telephone__01,6,root:3/visual-region:06,device_visual_strip_03,sam2-amg[facebook/sam2.1-hiera-tiny]/point-grid,sam2-amg[facebook/sam2.1-hiera-tiny],0.7286318255793378,0.62,1.0,0.7286318255793378,0.5274634525225542,False,0.5274634525225542,,visual candidate from stored precursor score and appearance utility,0.7286318255793378,0.0,original matched/generic visual candidate; downstream transformations applied,0.62,0.0,False,False,False,,
telephone__01,7,root:3/visual-region:07,device_button,sam2-amg[facebook/sam2.1-hiera-tiny]/point-grid/semantic-rerank,sam2-amg[facebook/sam2.1-hiera-tiny],0.6111763008417858,0.66,1.0,0.6111763008417858,0.5188569972055683,False,0.5188569972055683,1.0,visual candidate from stored precursor score and appearance utility; semantic rerank,0.6111763008417858,0.0,original matched/generic visual candidate; downstream transformations applied,0.66,0.0,True,False,False,,
telephone__01,8,root:3/visual-region:11,device_button,sam2-amg[facebook/sam2.1-hiera-tiny]/point-grid/within-root-repetition-consensus,sam2-amg[facebook/sam2.1-hiera-tiny],0.6217869375079638,0.62,1.0,0.6217869375079638,0.49102934569021567,False,0.49102934569021567,1.0,visual candidate from stored precursor score and appearance utility; within-root/inventory consensus,0.6217869375079638,0.0,original matched/generic visual candidate; downstream transformations applied,0.62,0.0,True,False,False,,
telephone__01,9,root:3/visual-region:15,device_button,sam2-amg[facebook/sam2.1-hiera-tiny]/point-grid/within-root-repetition-consensus,sam2-amg[facebook/sam2.1-hiera-tiny],0.6087741706057836,0.62,1.0,0.6087741706057836,0.4865919921765723,False,0.4865919921765723,1.0,visual candidate from stored precursor score and appearance utility; within-root/inventory consensus,0.6087741706057836,0.0,original matched/generic visual candidate; downstream transformations applied,0.62,0.0,True,False,False,,
telephone__01,10,root:3/visual-region:17,device_button,sam2-amg[facebook/sam2.1-hiera-tiny]/point-grid/semantic-rerank,sam2-amg[facebook/sam2.1-hiera-tiny],0.5538476824101476,0.66,1.0,0.5538476824101476,0.49804670871488366,False,0.49804670871488366,1.0,visual candidate from stored precursor score and appearance utility; semantic rerank,0.5538476824101476,0.0,original matched/generic visual candidate; downstream transformations applied,0.66,0.0,True,False,False,,
telephone__01,11,root:3/visual-region:18,device_button,sam2-amg[facebook/sam2.1-hiera-tiny]/point-grid/within-root-repetition-consensus,sam2-amg[facebook/sam2.1-hiera-tiny],0.5628653430951341,0.62,1.0,0.5628653430951341,0.4709370819954407,False,0.4709370819954407,1.0,visual candidate from stored precursor score and appearance utility; within-root/inventory consensus,0.5628653430951341,0.0,original matched/generic visual candidate; downstream transformations applied,0.62,0.0,True,False,False,,
telephone__01,12,root:3/visual-region:16,device_button,sam2-amg[facebook/sam2.1-hiera-tiny]/point-grid/within-root-repetition-consensus,sam2-amg[facebook/sam2.1-hiera-tiny],0.5415874018291641,0.62,1.0,0.5415874018291641,0.46368130402374497,False,0.46368130402374497,1.0,visual candidate from stored precursor score and appearance utility; within-root/inventory consensus,0.5415874018291641,0.0,original matched/generic visual candidate; downstream transformations applied,0.62,0.0,True,False,False,,
telephone__01,13,root:3/visual-region:10,device_logo,sam2-amg[facebook/sam2.1-hiera-tiny]/point-grid/semantic-rerank,sam2-amg[facebook/sam2.1-hiera-tiny],0.5974086010643176,0.66,1.0,0.5974086010643176,0.5138593221863473,False,0.5138593221863473,1.0,visual candidate from stored precursor score and appearance utility; semantic rerank,0.5974086010643176,0.0,original matched/generic visual candidate; downstream transformations applied,0.66,0.0,True,False,False,,
telephone__01,14,root:3/visual-region:12,device_key,sam2-amg[facebook/sam2.1-hiera-tiny]/point-grid/semantic-rerank,sam2-amg[facebook/sam2.1-hiera-tiny],0.5818114123898428,0.66,1.0,0.5818114123898428,0.5081975426975129,False,0.5081975426975129,1.0,visual candidate from stored precursor score and appearance utility; semantic rerank,0.5818114123898428,0.0,original matched/generic visual candidate; downstream transformations applied,0.66,0.0,True,False,False,,
telephone__01,15,root:3:repeated-detail:05,device_button,hpid-repetitive-physical-detail-v1,hpid-repetitive-physical-detail-v1,0.7536720142602495,0.76,1.0,0.7536720142602495,0.6570349019607844,False,0.6570349019607844,1.0,repetitive local contrast formula,0.7536720142602495,0.0,,0.76,0.0,False,False,False,,
telephone__01,16,root:3:repeated-detail:06,device_button,hpid-repetitive-physical-detail-v1,hpid-repetitive-physical-detail-v1,0.7401820728291316,0.76,1.0,0.7401820728291316,0.6513961064425771,False,0.6513961064425771,1.0,repetitive local contrast formula,0.7401820728291316,0.0,,0.76,0.0,False,False,False,,
telephone__01,17,root:3:repeated-detail:04,device_button,hpid-repetitive-physical-detail-v1,hpid-repetitive-physical-detail-v1,0.7303231663035584,0.76,1.0,0.7303231663035584,0.6472750835148875,False,0.6472750835148875,1.0,repetitive local contrast formula,0.7303231663035584,0.0,,0.76,0.0,False,False,False,,
telephone__01,18,root:3:repeated-detail:02,device_button,hpid-repetitive-physical-detail-v1,hpid-repetitive-physical-detail-v1,0.7200980392156863,0.76,1.0,0.7200980392156863,0.6430009803921569,False,0.6430009803921569,1.0,repetitive local contrast formula,0.7200980392156863,0.0,,0.76,0.0,False,False,False,,
telephone__01,19,root:3:repeated-detail:03,device_button,hpid-repetitive-physical-detail-v1,hpid-repetitive-physical-detail-v1,0.6893520886615516,0.76,1.0,0.6893520886615516,0.6301491730605286,False,0.6301491730605286,1.0,repetitive local contrast formula,0.6893520886615516,0.0,,0.76,0.0,False,False,False,,
telephone__02,1,root:1,device,grounded-sam2[IDEA-Research/grounding-dino-tiny|facebook/sam2.1-hiera-tiny]/root,grounded-sam2[IDEA-Research/grounding-dino|facebook/sam2.1-hiera-tiny],0.39379289746284485,0.97998046875,1.0,0.39379289746284485,0.6532413524728327,False,0.6532413524728327,,Stored score; precursor logits not archived in candidates.json,,,root quality rule; later root-routing maxima can retain different precursor metadata,0.97998046875,0.0,False,False,False,specific_root_label,
telephone__02,2,root:1/device_guided_device_button:01,device_button,grounded-sam2[IDEA-Research/grounding-dino-tiny|facebook/sam2.1-hiera-tiny]/retrieved-part,grounded-sam2[IDEA-Research/grounding-dino|facebook/sam2.1-hiera-tiny],0.3119896657499584,0.7426052499321547,1.0,0.3119896657499584,0.46159920251024317,False,0.46159920251024317,1.0,Stored score; precursor logits not archived in candidates.json,,,guided SAM quality times retrieval reliability scale,0.7426052499321547,0.0,False,False,False,,
telephone__02,3,root:1/visual-region:01,device_back_panel,sam2-amg[facebook/sam2.1-hiera-tiny]/prototype-labelled-region,sam2-amg[facebook/sam2.1-hiera-tiny],0.7151665001301111,0.6050773244161606,1.0,0.7151665001301111,0.5102868638132109,False,0.5102868638132109,1.0,visual candidate from stored precursor score and appearance utility; prototype label leaves score unchanged,0.7151665001301111,0.0,original matched/generic visual candidate; downstream transformations applied,0.6050773244161606,0.0,False,False,False,,
telephone__02,4,root:1/visual-region:02,device_base,sam2-amg[facebook/sam2.1-hiera-tiny]/point-grid/semantic-rerank,sam2-amg[facebook/sam2.1-hiera-tiny],0.4911635800890951,0.66,1.0,0.4911635800890951,0.47529237957234155,False,0.47529237957234155,1.0,visual candidate from stored precursor score and appearance utility; semantic rerank,0.4911635800890951,0.0,original matched/generic visual candidate; downstream transformations applied,0.66,0.0,True,False,False,,
telephone__02,5,root:1:repeated-detail:01,device_button,hpid-repetitive-physical-detail-v1,hpid-repetitive-physical-detail-v1,0.5361803921568628,0.76,1.0,0.5361803921568628,0.5661234039215687,False,0.5661234039215687,1.0,repetitive local contrast formula,0.5361803921568628,0.0,,0.76,0.0,False,False,False,,
telephone__02,6,root:1:repeated-detail:04,device_button,hpid-repetitive-physical-detail-v1,hpid-repetitive-physical-detail-v1,0.523680926916221,0.76,1.0,0.523680926916221,0.5608986274509804,False,0.5608986274509804,1.0,repetitive local contrast formula,0.523680926916221,0.0,,0.76,0.0,False,False,False,,
telephone__03,1,root:3,device,grounded-sam2[IDEA-Research/grounding-dino-tiny|facebook/sam2.1-hiera-tiny]/root,grounded-sam2[IDEA-Research/grounding-dino|facebook/sam2.1-hiera-tiny],0.4411914050579071,0.9940429687500001,1.0,0.4411914050579071,0.6885291036764102,False,0.6885291036764102,,Stored score; precursor logits not archived in candidates.json,,,root quality rule; later root-routing maxima can retain different precursor metadata,0.9940429687500001,0.0,False,False,False,specific_root_label,
telephone__03,2,root:3/profile-refine:IDEA-Research_grounding-dino-tiny:device_screen:03,device_screen,grounded-sam2[IDEA-Research/grounding-dino-tiny|facebook/sam2.1-hiera-tiny]/profile-refine,grounded-sam2[IDEA-Research/grounding-dino|facebook/sam2.1-hiera-tiny]/profile-refine,0.29269638657569885,0.862984375,1.0,0.29269638657569885,0.5272687932785834,False,0.5272687932785834,1.0,Stored score; precursor logits not archived in candidates.json,,,profile priority + SAM quality,0.862984375,0.0,False,False,False,,
telephone__03,3,root:3/profile-refine:IDEA-Research_grounding-dino-tiny:device_logo:01,device_logo,grounded-sam2[IDEA-Research/grounding-dino-tiny|facebook/sam2.1-hiera-tiny]/profile-refine,grounded-sam2[IDEA-Research/grounding-dino|facebook/sam2.1-hiera-tiny]/profile-refine,0.3510885536670685,0.830306640625,1.0,0.3510885536670685,0.5339691249377065,False,0.5339691249377065,1.0,Stored score; precursor logits not archived in candidates.json,,,profile priority + SAM quality,0.830306640625,0.0,False,False,False,,
telephone__03,4,root:3/profile-refine:IDEA-Research_grounding-dino-tiny:device_back_panel:01,device_back_panel,grounded-sam2[IDEA-Research/grounding-dino-tiny|facebook/sam2.1-hiera-tiny]/profile-refine,grounded-sam2[IDEA-Research/grounding-dino|facebook/sam2.1-hiera-tiny]/profile-refine,0.2870677709579468,0.8540898437500001,1.0,0.2870677709579468,0.5191903468912236,False,0.5191903468912236,1.0,Stored score; precursor logits not archived in candidates.json,,,profile priority + SAM quality,0.8540898437500001,0.0,False,False,False,,
telephone__03,5,root:3/profile-refine:IDEA-Research_grounding-dino-tiny:device_speaker:01,device_speaker,grounded-sam2[IDEA-Research/grounding-dino-tiny|facebook/sam2.1-hiera-tiny]/profile-refine,grounded-sam2[IDEA-Research/grounding-dino|facebook/sam2.1-hiera-tiny]/profile-refine,0.2525683641433716,0.845001953125,1.0,0.2525683641433716,0.49763229745555443,False,0.49763229745555443,1.0,Stored score; precursor logits not archived in candidates.json,,,profile priority + SAM quality,0.845001953125,0.0,False,False,False,,
telephone__03,6,root:3/profile-refine:IDEA-Research_grounding-dino-tiny:device_button:01,device_button,grounded-sam2[IDEA-Research/grounding-dino-tiny|facebook/sam2.1-hiera-tiny]/profile-refine,grounded-sam2[IDEA-Research/grounding-dino|facebook/sam2.1-hiera-tiny]/profile-refine,0.24256430566310883,0.845001953125,1.0,0.24256430566310883,0.492982900530305,False,0.492982900530305,1.0,Stored score; precursor logits not archived in candidates.json,,,profile priority + SAM quality,0.845001953125,0.0,False,False,False,,
telephone__03,7,root:3/profile-refine:IDEA-Research_grounding-dino-tiny:device_key:01,device_key,grounded-sam2[IDEA-Research/grounding-dino-tiny|facebook/sam2.1-hiera-tiny]/profile-refine,grounded-sam2[IDEA-Research/grounding-dino|facebook/sam2.1-hiera-tiny]/profile-refine,0.2422056347131729,0.845001953125,1.0,0.2422056347131729,0.49281620782103125,False,0.49281620782103125,1.0,Stored score; precursor logits not archived in candidates.json,,,profile priority + SAM quality,0.845001953125,0.0,False,False,False,,
telephone__03,8,root:3/profile-dense:device_keyboard:01,device_keyboard,clipseg-sam2[CIDAS/clipseg-rd64-refined|facebook/sam2.1-hiera-tiny]/profile-dense-supplement,grounded-sam2[IDEA-Research/grounding-dino|facebook/sam2.1-hiera-tiny]/profile-dense,0.6906065940856934,0.5740279749128968,1.0,0.6906065940856934,0.4763477162762805,False,0.4763477162762805,1.0,stored dense-region score identity,0.6906065940856934,0.0,,0.5740279749128968,0.0,False,False,False,,
telephone__03,9,root:3/profile-topology:IDEA-Research_grounding-dino-tiny:device_bezel:01,device_bezel,hpid-topology-v2/surround,hpid-topology-v1,0.41474824309349057,0.82,1.0,0.41474824309349057,0.5560514576351643,False,0.5560514576351643,1.0,Topology anchor not retained in exported pool; score precursor unavailable,,,,0.82,0.0,False,False,False,,
telephone__03,10,root:3/visual-region:02,device_logo,sam2-amg[facebook/sam2.1-hiera-tiny]/point-grid,sam2-amg[facebook/sam2.1-hiera-tiny],0.8378270731679446,0.68,1.0,0.8378270731679446,0.6193473253648113,False,0.6193473253648113,1.0,visual candidate from stored precursor score and appearance utility,0.8378270731679446,0.0,original matched/generic visual candidate; downstream transformations applied,0.68,0.0,False,False,False,,
telephone__03,11,root:3/visual-region:04,device_keyboard,sam2-amg[facebook/sam2.1-hiera-tiny]/point-grid,sam2-amg[facebook/sam2.1-hiera-tiny],0.7193878467280679,0.68,1.0,0.7193878467280679,0.5750510546762975,False,0.5750510546762975,1.0,visual candidate from stored precursor score and appearance utility,0.7193878467280679,0.0,original matched/generic visual candidate; downstream transformations applied,0.68,0.0,False,False,False,,
telephone__03,12,root:3/visual-region:09,device_button,sam2-amg[facebook/sam2.1-hiera-tiny]/point-grid/semantic-rerank,sam2-amg[facebook/sam2.1-hiera-tiny],0.6079710610208509,0.66,1.0,0.6079710610208509,0.5176934951505688,False,0.5176934951505688,1.0,visual candidate from stored precursor score and appearance utility; semantic rerank,0.6079710610208509,0.0,original matched/generic visual candidate; downstream transformations applied,0.66,0.0,True,False,False,,
telephone__03,13,root:3/visual-region:11,device_button,sam2-amg[facebook/sam2.1-hiera-tiny]/point-grid/semantic-rerank,sam2-amg[facebook/sam2.1-hiera-tiny],0.550008915213204,0.66,1.0,0.550008915213204,0.4966532362223931,False,0.4966532362223931,1.0,visual candidate from stored precursor score and appearance utility; semantic rerank,0.550008915213204,0.0,original matched/generic visual candidate; downstream transformations applied,0.66,0.0,True,False,False,,
telephone__03,14,root:3/visual-region:05,device_button,sam2-amg[facebook/sam2.1-hiera-tiny]/point-grid/within-root-repetition-consensus,sam2-amg[facebook/sam2.1-hiera-tiny],0.5667563932506702,0.62,1.0,0.5667563932506702,0.47226393009847856,False,0.47226393009847856,1.0,visual candidate from stored precursor score and appearance utility; within-root/inventory consensus,0.5667563932506702,0.0,original matched/generic visual candidate; downstream transformations applied,0.62,0.0,True,False,False,,
telephone__03,15,root:3/visual-region:13,device_button,sam2-amg[facebook/sam2.1-hiera-tiny]/point-grid/semantic-rerank,sam2-amg[facebook/sam2.1-hiera-tiny],0.5357256944073098,0.66,1.0,0.5357256944073098,0.49146842706985355,False,0.49146842706985355,1.0,visual candidate from stored precursor score and appearance utility; semantic rerank,0.5357256944073098,0.0,original matched/generic visual candidate; downstream transformations applied,0.66,0.0,True,False,False,,
telephone__03,16,root:3/visual-region:08,device_button,sam2-amg[facebook/sam2.1-hiera-tiny]/point-grid/semantic-rerank,sam2-amg[facebook/sam2.1-hiera-tiny],0.49313350489421676,0.66,1.0,0.49313350489421676,0.47600746227660073,False,0.47600746227660073,1.0,visual candidate from stored precursor score and appearance utility; semantic rerank,0.49313350489421676,0.0,original matched/generic visual candidate; downstream transformations applied,0.66,0.0,True,False,False,,
telephone__03,17,root:3/visual-region:06,device_screen,sam2-amg[facebook/sam2.1-hiera-tiny]/point-grid,sam2-amg[facebook/sam2.1-hiera-tiny],0.7399463807494843,0.68,1.0,0.7399463807494843,0.5827399464003072,False,0.5827399464003072,1.0,visual candidate from stored precursor score and appearance utility,0.7399463807494843,0.0,original matched/generic visual candidate; downstream transformations applied,0.68,0.0,False,False,False,,
telephone__03,18,root:3/visual-region:07,device_visual_strip_02,sam2-amg[facebook/sam2.1-hiera-tiny]/point-grid,sam2-amg[facebook/sam2.1-hiera-tiny],0.6595728094905426,0.62,1.0,0.6595728094905426,0.5039143280362751,False,0.5039143280362751,,visual candidate from stored precursor score and appearance utility,0.6595728094905426,0.0,original matched/generic visual candidate; downstream transformations applied,0.62,0.0,False,False,False,,
telephone__03,19,root:3/visual-region:10,device_key,sam2-amg[facebook/sam2.1-hiera-tiny]/point-grid/semantic-rerank,sam2-amg[facebook/sam2.1-hiera-tiny],0.5392960108915136,0.66,1.0,0.5392960108915136,0.4927644519536195,False,0.4927644519536195,1.0,visual candidate from stored precursor score and appearance utility; semantic rerank,0.5392960108915136,0.0,original matched/generic visual candidate; downstream transformations applied,0.66,0.0,True,False,False,,
telephone__03,20,root:3/visual-region:12,device_key,sam2-amg[facebook/sam2.1-hiera-tiny]/point-grid/semantic-rerank,sam2-amg[facebook/sam2.1-hiera-tiny],0.5438755604481371,0.66,1.0,0.5438755604481371,0.4944268284426738,False,0.4944268284426738,1.0,visual candidate from stored precursor score and appearance utility; semantic rerank,0.5438755604481371,0.0,original matched/generic visual candidate; downstream transformations applied,0.66,0.0,True,False,False,,
telephone__04,1,root:2,device,grounded-sam2[IDEA-Research/grounding-dino-tiny|facebook/sam2.1-hiera-tiny]/root,grounded-sam2[IDEA-Research/grounding-dino|facebook/sam2.1-hiera-tiny],0.463808536529541,0.9876953125000001,1.0,0.463808536529541,0.6964187252102421,False,0.6964187252102421,,Stored score; precursor logits not archived in candidates.json,,,root quality rule; later root-routing maxima can retain different precursor metadata,0.9876953125000001,0.0,False,False,False,specific_root_label,
telephone__04,2,root:2/visual-region:15,device_camera,sam2-amg[facebook/sam2.1-hiera-tiny]/point-grid/semantic-rerank,sam2-amg[facebook/sam2.1-hiera-tiny],0.565712485766817,0.66,1.0,0.565712485766817,0.5023536323333546,False,0.5023536323333546,1.0,visual candidate from stored precursor score and appearance utility; semantic rerank,0.565712485766817,0.0,original matched/generic visual candidate; downstream transformations applied,0.66,0.0,True,False,False,,
telephone__04,3,root:2/visual-region:03,device_camera,sam2-amg[facebook/sam2.1-hiera-tiny]/point-grid/semantic-rerank,sam2-amg[facebook/sam2.1-hiera-tiny],0.5213884343478754,0.66,1.0,0.5213884343478754,0.48626400166827877,False,0.48626400166827877,1.0,visual candidate from stored precursor score and appearance utility; semantic rerank,0.5213884343478754,0.0,original matched/generic visual candidate; downstream transformations applied,0.66,0.0,True,False,False,,
telephone__04,4,root:2/visual-region:02,device_camera,sam2-amg[facebook/sam2.1-hiera-tiny]/point-grid/semantic-rerank,sam2-amg[facebook/sam2.1-hiera-tiny],0.520790086578638,0.66,1.0,0.520790086578638,0.4860468014280457,False,0.4860468014280457,1.0,visual candidate from stored precursor score and appearance utility; semantic rerank,0.520790086578638,0.0,original matched/generic visual candidate; downstream transformations applied,0.66,0.0,True,False,False,,
telephone__04,5,root:2/visual-region:11,device_button,sam2-amg[facebook/sam2.1-hiera-tiny]/point-grid/semantic-rerank,sam2-amg[facebook/sam2.1-hiera-tiny],0.6341775242647756,0.66,1.0,0.6341775242647756,0.5272064413081136,False,0.5272064413081136,1.0,visual candidate from stored precursor score and appearance utility; semantic rerank,0.6341775242647756,0.0,original matched/generic visual candidate; downstream transformations applied,0.66,0.0,True,False,False,,
telephone__04,6,root:2/visual-region:10,device_button,sam2-amg[facebook/sam2.1-hiera-tiny]/point-grid/semantic-rerank,sam2-amg[facebook/sam2.1-hiera-tiny],0.6279380391968119,0.66,1.0,0.6279380391968119,0.5249415082284428,False,0.5249415082284428,1.0,visual candidate from stored precursor score and appearance utility; semantic rerank,0.6279380391968119,0.0,original matched/generic visual candidate; downstream transformations applied,0.66,0.0,True,False,False,,
telephone__04,7,root:2/visual-region:09,device_button,sam2-amg[facebook/sam2.1-hiera-tiny]/point-grid/semantic-rerank,sam2-amg[facebook/sam2.1-hiera-tiny],0.6188220097494732,0.66,1.0,0.6188220097494732,0.5216323895390588,False,0.5216323895390588,1.0,visual candidate from stored precursor score and appearance utility; semantic rerank,0.6188220097494732,0.0,original matched/generic visual candidate; downstream transformations applied,0.66,0.0,True,False,False,,
telephone__04,8,root:2/visual-region:06,device_button,sam2-amg[facebook/sam2.1-hiera-tiny]/point-grid/semantic-rerank,sam2-amg[facebook/sam2.1-hiera-tiny],0.6185356599383819,0.66,1.0,0.6185356599383819,0.5215284445576327,False,0.5215284445576327,1.0,visual candidate from stored precursor score and appearance utility; semantic rerank,0.6185356599383819,0.0,original matched/generic visual candidate; downstream transformations applied,0.66,0.0,True,False,False,,
telephone__04,9,root:2/visual-region:13,device_button,sam2-amg[facebook/sam2.1-hiera-tiny]/point-grid/semantic-rerank,sam2-amg[facebook/sam2.1-hiera-tiny],0.6010924054312664,0.66,1.0,0.6010924054312664,0.5151965431715497,False,0.5151965431715497,1.0,visual candidate from stored precursor score and appearance utility; semantic rerank,0.6010924054312664,0.0,original matched/generic visual candidate; downstream transformations applied,0.66,0.0,True,False,False,,
telephone__04,10,root:2/visual-region:04,device_button,sam2-amg[facebook/sam2.1-hiera-tiny]/point-grid/semantic-rerank,sam2-amg[facebook/sam2.1-hiera-tiny],0.5659824880872392,0.66,1.0,0.5659824880872392,0.5024516431756679,False,0.5024516431756679,1.0,visual candidate from stored precursor score and appearance utility; semantic rerank,0.5659824880872392,0.0,original matched/generic visual candidate; downstream transformations applied,0.66,0.0,True,False,False,,
telephone__04,11,root:2/visual-region:14,device_button,sam2-amg[facebook/sam2.1-hiera-tiny]/point-grid/semantic-rerank,sam2-amg[facebook/sam2.1-hiera-tiny],0.5555897721401027,0.66,1.0,0.5555897721401027,0.49867908728685734,False,0.49867908728685734,1.0,visual candidate from stored precursor score and appearance utility; semantic rerank,0.5555897721401027,0.0,original matched/generic visual candidate; downstream transformations applied,0.66,0.0,True,False,False,,
telephone__04,12,root:2/visual-region:05,device_screen,sam2-amg[facebook/sam2.1-hiera-tiny]/point-grid/semantic-rerank,sam2-amg[facebook/sam2.1-hiera-tiny],0.6179678102314075,0.66,1.0,0.6179678102314075,0.521322315114001,False,0.521322315114001,1.0,visual candidate from stored precursor score and appearance utility; semantic rerank,0.6179678102314075,0.0,original matched/generic visual candidate; downstream transformations applied,0.66,0.0,True,False,False,,
telephone__04,13,root:2/visual-region:07,device_visual_panel_05,sam2-amg[facebook/sam2.1-hiera-tiny]/point-grid,sam2-amg[facebook/sam2.1-hiera-tiny],0.8155516106365913,0.62,1.0,0.8155516106365913,0.5571030992270777,False,0.5571030992270777,,visual candidate from stored precursor score and appearance utility,0.8155516106365913,0.0,original matched/generic visual candidate; downstream transformations applied,0.62,0.0,False,False,False,,
telephone__04,14,root:2/visual-region:12,device_visual_panel_10,sam2-amg[facebook/sam2.1-hiera-tiny]/point-grid,sam2-amg[facebook/sam2.1-hiera-tiny],0.7581598731378595,0.62,1.0,0.7581598731378595,0.5375325167400101,False,0.5375325167400101,,visual candidate from stored precursor score and appearance utility,0.7581598731378595,0.0,original matched/generic visual candidate; downstream transformations applied,0.62,0.0,False,False,False,,
clock__01,1,root:3,device,grounded-sam2[IDEA-Research/grounding-dino-tiny|facebook/sam2.1-hiera-tiny]/root,grounded-sam2[IDEA-Research/grounding-dino|facebook/sam2.1-hiera-tiny],0.3933267593383789,0.9953125,1.0,0.3933267593383789,0.6632062970846893,False,0.6632062970846893,,Stored score; precursor logits not archived in candidates.json,,,root quality rule; later root-routing maxima can retain different precursor metadata,0.9953125,0.0,False,False,False,specific_root_label,
clock__01,2,root:3/profile-refine:IDEA-Research_grounding-dino-tiny:device_dial:01,device_dial,grounded-sam2[IDEA-Research/grounding-dino-tiny|facebook/sam2.1-hiera-tiny]/profile-refine,grounded-sam2[IDEA-Research/grounding-dino|facebook/sam2.1-hiera-tiny]/profile-refine,0.545981764793396,0.8656914062500001,1.0,0.545981764793396,0.6495195797754685,False,0.6495195797754685,1.0,Stored score; precursor logits not archived in candidates.json,,,profile priority + SAM quality,0.8656914062500001,0.0,False,False,False,,
clock__01,3,root:3/profile-refine:IDEA-Research_grounding-dino-tiny:device_finial:01,device_finial,grounded-sam2[IDEA-Research/grounding-dino-tiny|facebook/sam2.1-hiera-tiny]/profile-refine,grounded-sam2[IDEA-Research/grounding-dino|facebook/sam2.1-hiera-tiny]/profile-refine,0.37068089842796326,0.865498046875,1.0,0.37068089842796326,0.5659270975755498,False,0.5659270975755498,1.0,Stored score; precursor logits not archived in candidates.json,,,profile priority + SAM quality,0.865498046875,0.0,False,False,False,,
clock__01,4,root:3/profile-refine:IDEA-Research_grounding-dino-tiny:device_clock_hand:02,device_clock_hand,grounded-sam2[IDEA-Research/grounding-dino-tiny|facebook/sam2.1-hiera-tiny]/profile-refine,grounded-sam2[IDEA-Research/grounding-dino|facebook/sam2.1-hiera-tiny]/profile-refine,0.3113221526145935,0.865884765625,1.0,0.3113221526145935,0.5379111545640568,False,0.5379111545640568,1.0,Stored score; precursor logits not archived in candidates.json,,,profile priority + SAM quality,0.865884765625,0.0,False,False,False,,
clock__01,5,root:3/profile-refine:IDEA-Research_grounding-dino-tiny:device_base:01,device_base,grounded-sam2[IDEA-Research/grounding-dino-tiny|facebook/sam2.1-hiera-tiny]/profile-refine,grounded-sam2[IDEA-Research/grounding-dino|facebook/sam2.1-hiera-tiny]/profile-refine,0.2818995416164398,0.8569902343750001,1.0,0.2818995416164398,0.5185174403007929,False,0.5185174403007929,1.0,Stored score; precursor logits not archived in candidates.json,,,profile priority + SAM quality,0.8569902343750001,0.0,False,False,False,,
clock__01,6,root:3/visual-region:01,device_dial,sam2-amg[facebook/sam2.1-hiera-tiny]/point-grid,sam2-amg[facebook/sam2.1-hiera-tiny],0.8147945929303172,0.68,1.0,0.8147945929303172,0.6107331777559387,False,0.6107331777559387,1.0,visual candidate from stored precursor score and appearance utility,0.8147945929303172,0.0,original matched/generic visual candidate; downstream transformations applied,0.68,0.0,False,False,False,,
clock__01,7,root:3/visual-region:05,device_logo,sam2-amg[facebook/sam2.1-hiera-tiny]/point-grid/semantic-rerank,sam2-amg[facebook/sam2.1-hiera-tiny],0.5195198861833841,0.66,1.0,0.5195198861833841,0.48558571868456846,False,0.48558571868456846,1.0,visual candidate from stored precursor score and appearance utility; semantic rerank,0.5195198861833841,0.0,original matched/generic visual candidate; downstream transformations applied,0.66,0.0,True,False,False,,
clock__01,8,root:3/visual-region:06,device_clock_hand,sam2-amg[facebook/sam2.1-hiera-tiny]/point-grid/semantic-rerank,sam2-amg[facebook/sam2.1-hiera-tiny],0.5604169904240562,0.66,1.0,0.5604169904240562,0.5004313675239324,False,0.5004313675239324,1.0,visual candidate from stored precursor score and appearance utility; semantic rerank,0.5604169904240562,0.0,original matched/generic visual candidate; downstream transformations applied,0.66,0.0,True,False,False,,
clock__02,1,root:2,device,grounded-sam2[IDEA-Research/grounding-dino-tiny|facebook/sam2.1-hiera-tiny]/root,grounded-sam2[IDEA-Research/grounding-dino|facebook/sam2.1-hiera-tiny],0.40886667370796204,0.99716796875,1.0,0.40886667370796204,0.6729653987185157,False,0.6729653987185157,,Stored score; precursor logits not archived in candidates.json,,,root quality rule; later root-routing maxima can retain different precursor metadata,0.99716796875,0.0,False,False,False,specific_root_label,
clock__02,2,root:2/profile-refine:IDEA-Research_grounding-dino-tiny:device_dial:01,device_dial,grounded-sam2[IDEA-Research/grounding-dino-tiny|facebook/sam2.1-hiera-tiny]/profile-refine,grounded-sam2[IDEA-Research/grounding-dino|facebook/sam2.1-hiera-tiny]/profile-refine,0.6910805702209473,0.86646484375,1.0,0.6910805702209473,0.7192475397498348,False,0.7192475397498348,1.0,Stored score; precursor logits not archived in candidates.json,,,profile priority + SAM quality,0.86646484375,0.0,False,False,False,,
clock__02,3,root:2/profile-refine:IDEA-Research_grounding-dino-tiny:device_dial:02,device_dial,grounded-sam2[IDEA-Research/grounding-dino-tiny|facebook/sam2.1-hiera-tiny]/profile-refine,grounded-sam2[IDEA-Research/grounding-dino|facebook/sam2.1-hiera-tiny]/profile-refine,0.2941135764122009,0.832626953125,1.0,0.2941135764122009,0.5093699189566833,False,0.5093699189566833,1.0,Stored score; precursor logits not archived in candidates.json,,,profile priority + SAM quality,0.832626953125,0.0,False,False,False,,
clock__02,4,root:2/profile-refine:IDEA-Research_grounding-dino-tiny:device_finial:02,device_finial,grounded-sam2[IDEA-Research/grounding-dino-tiny|facebook/sam2.1-hiera-tiny]/profile-refine,grounded-sam2[IDEA-Research/grounding-dino|facebook/sam2.1-hiera-tiny]/profile-refine,0.3373126983642578,0.871298828125,1.0,0.3373126983642578,0.5537295599943028,False,0.5537295599943028,1.0,Stored score; precursor logits not archived in candidates.json,,,profile priority + SAM quality,0.871298828125,0.0,False,False,False,,
clock__02,5,root:2/profile-refine:IDEA-Research_grounding-dino-tiny:device_finial:01,device_finial,grounded-sam2[IDEA-Research/grounding-dino-tiny|facebook/sam2.1-hiera-tiny]/profile-refine,grounded-sam2[IDEA-Research/grounding-dino|facebook/sam2.1-hiera-tiny]/profile-refine,0.4855310916900635,0.8676250000000001,1.0,0.4855310916900635,0.6221236523851753,False,0.6221236523851753,1.0,Stored score; precursor logits not archived in candidates.json,,,profile priority + SAM quality,0.8676250000000001,0.0,False,False,False,,
clock__02,6,root:2/profile-refine:IDEA-Research_grounding-dino-tiny:device_clock_hand:01,device_clock_hand,grounded-sam2[IDEA-Research/grounding-dino-tiny|facebook/sam2.1-hiera-tiny]/profile-refine,grounded-sam2[IDEA-Research/grounding-dino|facebook/sam2.1-hiera-tiny]/profile-refine,0.35812854766845703,0.8279863281250002,1.0,0.35812854766845703,0.5356828953056598,False,0.5356828953056598,1.0,Stored score; precursor logits not archived in candidates.json,,,profile priority + SAM quality,0.8279863281250002,0.0,False,False,False,,
clock__02,7,root:2/profile-refine:IDEA-Research_grounding-dino-tiny:device_clock_hand:02,device_clock_hand,grounded-sam2[IDEA-Research/grounding-dino-tiny|facebook/sam2.1-hiera-tiny]/profile-refine,grounded-sam2[IDEA-Research/grounding-dino|facebook/sam2.1-hiera-tiny]/profile-refine,0.25109636783599854,0.8154179687500002,1.0,0.25109636783599854,0.4795497555592332,False,0.4795497555592332,1.0,Stored score; precursor logits not archived in candidates.json,,,profile priority + SAM quality,0.8154179687500002,0.0,False,False,False,,
clock__02,8,root:2/profile-refine:IDEA-Research_grounding-dino-tiny:device_screen:01,device_screen,grounded-sam2[IDEA-Research/grounding-dino-tiny|facebook/sam2.1-hiera-tiny]/profile-refine,grounded-sam2[IDEA-Research/grounding-dino|facebook/sam2.1-hiera-tiny]/profile-refine,0.3085026443004608,0.8676250000000001,1.0,0.3085026443004608,0.5376467837186532,False,0.5376467837186532,1.0,Stored score; precursor logits not archived in candidates.json,,,profile priority + SAM quality,0.8676250000000001,0.0,False,False,False,,
clock__02,9,root:2/profile-refine:IDEA-Research_grounding-dino-tiny:device_base:01,device_base,grounded-sam2[IDEA-Research/grounding-dino-tiny|facebook/sam2.1-hiera-tiny]/profile-refine,grounded-sam2[IDEA-Research/grounding-dino|facebook/sam2.1-hiera-tiny]/profile-refine,0.2954331338405609,0.8616308593750001,1.0,0.2954331338405609,0.5277387544681407,False,0.5277387544681407,1.0,Stored score; precursor logits not archived in candidates.json,,,profile priority + SAM quality,0.8616308593750001,0.0,False,False,False,,
clock__02,10,root:2/visual-region:01,device_finial,sam2-amg[facebook/sam2.1-hiera-tiny]/point-grid,sam2-amg[facebook/sam2.1-hiera-tiny],0.8802184478457533,0.68,1.0,0.8802184478457533,0.6352016994943118,False,0.6352016994943118,1.0,visual candidate from stored precursor score and appearance utility,0.8802184478457533,0.0,original matched/generic visual candidate; downstream transformations applied,0.68,0.0,False,False,False,,
clock__02,11,root:2/visual-region:23,device_finial,sam2-amg[facebook/sam2.1-hiera-tiny]/point-grid/semantic-rerank,sam2-amg[facebook/sam2.1-hiera-tiny],0.6286183434988226,0.66,1.0,0.6286183434988226,0.5251884586900727,False,0.5251884586900727,1.0,visual candidate from stored precursor score and appearance utility; semantic rerank,0.6286183434988226,0.0,original matched/generic visual candidate; downstream transformations applied,0.66,0.0,True,False,False,,
clock__02,12,root:2/visual-region:11,device_finial,sam2-amg[facebook/sam2.1-hiera-tiny]/point-grid/semantic-rerank,sam2-amg[facebook/sam2.1-hiera-tiny],0.5860738071876315,0.66,1.0,0.5860738071876315,0.5097447920091103,False,0.5097447920091103,1.0,visual candidate from stored precursor score and appearance utility; semantic rerank,0.5860738071876315,0.0,original matched/generic visual candidate; downstream transformations applied,0.66,0.0,True,False,False,,
clock__02,13,root:2/visual-region:05,device_visual_strip_01,sam2-amg[facebook/sam2.1-hiera-tiny]/point-grid,sam2-amg[facebook/sam2.1-hiera-tiny],0.723465926992691,0.62,1.0,0.723465926992691,0.5257018811045077,False,0.5257018811045077,,visual candidate from stored precursor score and appearance utility,0.723465926992691,0.0,original matched/generic visual candidate; downstream transformations applied,0.62,0.0,False,False,False,,
clock__02,14,root:2/visual-region:06,device_dial,sam2-amg[facebook/sam2.1-hiera-tiny]/point-grid,sam2-amg[facebook/sam2.1-hiera-tiny],0.7132102411078376,0.68,1.0,0.7132102411078376,0.5727406301743313,False,0.5727406301743313,1.0,visual candidate from stored precursor score and appearance utility,0.7132102411078376,0.0,original matched/generic visual candidate; downstream transformations applied,0.68,0.0,False,False,False,,
clock__02,15,root:2/visual-region:07,device_visual_panel_02,sam2-amg[facebook/sam2.1-hiera-tiny]/point-grid,sam2-amg[facebook/sam2.1-hiera-tiny],0.7374314879195181,0.62,1.0,0.7374314879195181,0.5304641373805556,False,0.5304641373805556,,visual candidate from stored precursor score and appearance utility,0.7374314879195181,0.0,original matched/generic visual candidate; downstream transformations applied,0.62,0.0,False,False,False,,
clock__02,16,root:2/visual-region:19,device_logo,sam2-amg[facebook/sam2.1-hiera-tiny]/point-grid/semantic-rerank,sam2-amg[facebook/sam2.1-hiera-tiny],0.6200790789774764,0.66,1.0,0.6200790789774764,0.5220887056688239,False,0.5220887056688239,1.0,visual candidate from stored precursor score and appearance utility; semantic rerank,0.6200790789774764,0.0,original matched/generic visual candidate; downstream transformations applied,0.66,0.0,True,False,False,,
clock__02,17,root:2/visual-region:17,device_logo,sam2-amg[facebook/sam2.1-hiera-tiny]/point-grid/semantic-rerank,sam2-amg[facebook/sam2.1-hiera-tiny],0.5676947310338873,0.66,1.0,0.5676947310338873,0.5030731873653012,False,0.5030731873653012,1.0,visual candidate from stored precursor score and appearance utility; semantic rerank,0.5676947310338873,0.0,original matched/generic visual candidate; downstream transformations applied,0.66,0.0,True,False,False,,
clock__02,18,root:2/visual-region:20,device_logo,sam2-amg[facebook/sam2.1-hiera-tiny]/point-grid/semantic-rerank,sam2-amg[facebook/sam2.1-hiera-tiny],0.5729618181446567,0.66,1.0,0.5729618181446567,0.5049851399865104,False,0.5049851399865104,1.0,visual candidate from stored precursor score and appearance utility; semantic rerank,0.5729618181446567,0.0,original matched/generic visual candidate; downstream transformations applied,0.66,0.0,True,False,False,,
clock__02,19,root:2/visual-region:09,device_logo,sam2-amg[facebook/sam2.1-hiera-tiny]/point-grid/semantic-rerank,sam2-amg[facebook/sam2.1-hiera-tiny],0.5553551361863722,0.66,1.0,0.5553551361863722,0.4985939144356532,False,0.4985939144356532,1.0,visual candidate from stored precursor score and appearance utility; semantic rerank,0.5553551361863722,0.0,original matched/generic visual candidate; downstream transformations applied,0.66,0.0,True,False,False,,
clock__02,20,root:2/visual-region:10,device_visual_strip_02,sam2-amg[facebook/sam2.1-hiera-tiny]/point-grid,sam2-amg[facebook/sam2.1-hiera-tiny],0.7154612966068272,0.62,1.0,0.7154612966068272,0.5229723021429281,False,0.5229723021429281,,visual candidate from stored precursor score and appearance utility,0.7154612966068272,0.0,original matched/generic visual candidate; downstream transformations applied,0.62,0.0,False,False,False,,
clock__02,21,root:2/visual-region:15,device_screen,sam2-amg[facebook/sam2.1-hiera-tiny]/point-grid,sam2-amg[facebook/sam2.1-hiera-tiny],0.7176011689380397,0.68,1.0,0.7176011689380397,0.5743828371828269,False,0.5743828371828269,1.0,visual candidate from stored precursor score and appearance utility,0.7176011689380397,0.0,original matched/generic visual candidate; downstream transformations applied,0.68,0.0,False,False,False,,
clock__03,1,root:1,device,grounded-sam2[IDEA-Research/grounding-dino-tiny|facebook/sam2.1-hiera-tiny]/root,grounded-sam2[IDEA-Research/grounding-dino|facebook/sam2.1-hiera-tiny],0.730770468711853,0.9884765625,1.0,0.730770468711853,0.8421066676138436,False,0.8421066676138436,,Stored score; precursor logits not archived in candidates.json,,,root quality rule; later root-routing maxima can retain different precursor metadata,0.9884765625,0.0,False,False,False,specific_root_label,
clock__03,2,root:1/profile-refine:IDEA-Research_grounding-dino-tiny:device_screen:01,device_screen,grounded-sam2[IDEA-Research/grounding-dino-tiny|facebook/sam2.1-hiera-tiny]/profile-refine,grounded-sam2[IDEA-Research/grounding-dino|facebook/sam2.1-hiera-tiny]/profile-refine,0.5825504064559937,0.841908203125,1.0,0.5825504064559937,0.6486083726672572,False,0.6486083726672572,1.0,Stored score; precursor logits not archived in candidates.json,,,profile priority + SAM quality,0.841908203125,0.0,False,False,False,,
clock__03,3,root:1/profile-refine:IDEA-Research_grounding-dino-tiny:device_base:02,device_base,grounded-sam2[IDEA-Research/grounding-dino-tiny|facebook/sam2.1-hiera-tiny]/profile-refine,grounded-sam2[IDEA-Research/grounding-dino|facebook/sam2.1-hiera-tiny]/profile-refine,0.3106943964958191,0.8479023437500001,1.0,0.3106943964958191,0.5264472335258383,False,0.5264472335258383,1.0,Stored score; precursor logits not archived in candidates.json,,,profile priority + SAM quality,0.8479023437500001,0.0,False,False,False,,
clock__03,4,root:1/profile-refine:IDEA-Research_grounding-dino-tiny:device_clock_hand:01,device_clock_hand,grounded-sam2[IDEA-Research/grounding-dino-tiny|facebook/sam2.1-hiera-tiny]/profile-refine,grounded-sam2[IDEA-Research/grounding-dino|facebook/sam2.1-hiera-tiny]/profile-refine,0.2781587541103363,0.8496425781250001,1.0,0.2781587541103363,0.5123236966899394,False,0.5123236966899394,1.0,Stored score; precursor logits not archived in candidates.json,,,profile priority + SAM quality,0.8496425781250001,0.0,False,False,False,,
clock__03,5,root:1/profile-refine:IDEA-Research_grounding-dino-tiny:device_button:01,device_button,grounded-sam2[IDEA-Research/grounding-dino-tiny|facebook/sam2.1-hiera-tiny]/profile-refine,grounded-sam2[IDEA-Research/grounding-dino|facebook/sam2.1-hiera-tiny]/profile-refine,0.2718311846256256,0.8508027343750001,1.0,0.2718311846256256,0.5100623238110829,False,0.5100623238110829,1.0,Stored score; precursor logits not archived in candidates.json,,,profile priority + SAM quality,0.8508027343750001,0.0,False,False,False,,
clock__03,6,root:1/visual-region:01,device_body,sam2-amg[facebook/sam2.1-hiera-tiny]/prototype-labelled-region,sam2-amg[facebook/sam2.1-hiera-tiny],0.8648520762656616,0.59803838153553,1.0,0.8648520762656616,0.553585376467646,False,0.553585376467646,1.0,visual candidate from stored precursor score and appearance utility; prototype label leaves score unchanged,0.8648520762656616,0.0,original matched/generic visual candidate; downstream transformations applied,0.59803838153553,0.0,False,False,False,,
clock__03,7,root:1/visual-region:03,device_clock_hand,sam2-amg[facebook/sam2.1-hiera-tiny]/point-grid/semantic-rerank,sam2-amg[facebook/sam2.1-hiera-tiny],0.5387275110595922,0.66,1.0,0.5387275110595922,0.492558086514632,False,0.492558086514632,1.0,visual candidate from stored precursor score and appearance utility; semantic rerank,0.5387275110595922,0.0,original matched/generic visual candidate; downstream transformations applied,0.66,0.0,True,False,False,,
clock__03,8,root:1/visual-region:06,device_clock_hand,sam2-amg[facebook/sam2.1-hiera-tiny]/point-grid/semantic-rerank,sam2-amg[facebook/sam2.1-hiera-tiny],0.5172642411233366,0.66,1.0,0.5172642411233366,0.48476691952777123,False,0.48476691952777123,1.0,visual candidate from stored precursor score and appearance utility; semantic rerank,0.5172642411233366,0.0,original matched/generic visual candidate; downstream transformations applied,0.66,0.0,True,False,False,,
clock__03,9,root:1/visual-region:08,device_button,sam2-amg[facebook/sam2.1-hiera-tiny]/point-grid,sam2-amg[facebook/sam2.1-hiera-tiny],0.8218319260043757,0.68,1.0,0.8218319260043757,0.6133651403256365,False,0.6133651403256365,1.0,visual candidate from stored precursor score and appearance utility,0.8218319260043757,0.0,original matched/generic visual candidate; downstream transformations applied,0.68,0.0,False,False,False,,
clock__03,10,root:1/visual-region:09,device_base,sam2-amg[facebook/sam2.1-hiera-tiny]/point-grid,sam2-amg[facebook/sam2.1-hiera-tiny],0.7571370611402749,0.68,1.0,0.7571370611402749,0.5891692608664629,False,0.5891692608664629,1.0,visual candidate from stored precursor score and appearance utility,0.7571370611402749,0.0,original matched/generic visual candidate; downstream transformations applied,0.68,0.0,False,False,False,,
clock__03,11,root:1/visual-region:11,device_base,sam2-amg[facebook/sam2.1-hiera-tiny]/point-grid,sam2-amg[facebook/sam2.1-hiera-tiny],0.7078921074612685,0.68,1.0,0.7078921074612685,0.5707516481905145,False,0.5707516481905145,1.0,visual candidate from stored precursor score and appearance utility,0.7078921074612685,0.0,original matched/generic visual candidate; downstream transformations applied,0.68,0.0,False,False,False,,
clock__04,1,root:1,device,grounded-sam2[IDEA-Research/grounding-dino-tiny|facebook/sam2.1-hiera-tiny]/root,grounded-sam2[IDEA-Research/grounding-dino|facebook/sam2.1-hiera-tiny],0.8054792284965515,0.9231445312500001,1.0,0.8054792284965515,0.8243805987146334,False,0.8243805987146334,,Stored score; precursor logits not archived in candidates.json,,,root quality rule; later root-routing maxima can retain different precursor metadata,0.9231445312500001,0.0,False,False,False,specific_root_label,
clock__04,2,root:1/profile-refine:IDEA-Research_grounding-dino-tiny:device_dial:01,device_dial,grounded-sam2[IDEA-Research/grounding-dino-tiny|facebook/sam2.1-hiera-tiny]/profile-refine,grounded-sam2[IDEA-Research/grounding-dino|facebook/sam2.1-hiera-tiny]/profile-refine,0.5699124932289124,0.807490234375,1.0,0.5699124932289124,0.6164799304706102,False,0.6164799304706102,1.0,Stored score; precursor logits not archived in candidates.json,,,profile priority + SAM quality,0.807490234375,0.0,False,False,False,,
clock__04,3,root:1/profile-refine:IDEA-Research_grounding-dino-tiny:device_clock_hand:01,device_clock_hand,grounded-sam2[IDEA-Research/grounding-dino-tiny|facebook/sam2.1-hiera-tiny]/profile-refine,grounded-sam2[IDEA-Research/grounding-dino|facebook/sam2.1-hiera-tiny]/profile-refine,0.4029793441295624,0.8221855468750001,1.0,0.4029793441295624,0.5522115819316212,False,0.5522115819316212,1.0,Stored score; precursor logits not archived in candidates.json,,,profile priority + SAM quality,0.8221855468750001,0.0,False,False,False,,
clock__04,4,root:1/visual-region:18,device_logo,sam2-amg[facebook/sam2.1-hiera-tiny]/point-grid/semantic-rerank,sam2-amg[facebook/sam2.1-hiera-tiny],0.6016993082274105,0.66,1.0,0.6016993082274105,0.51541684888655,False,0.51541684888655,1.0,visual candidate from stored precursor score and appearance utility; semantic rerank,0.6016993082274105,0.0,original matched/generic visual candidate; downstream transformations applied,0.66,0.0,True,False,False,,
clock__04,5,root:1/visual-region:01,device_logo,sam2-amg[facebook/sam2.1-hiera-tiny]/point-grid/semantic-rerank,sam2-amg[facebook/sam2.1-hiera-tiny],0.5626601854324565,0.66,1.0,0.5626601854324565,0.5012456473119818,False,0.5012456473119818,1.0,visual candidate from stored precursor score and appearance utility; semantic rerank,0.5626601854324565,0.0,original matched/generic visual candidate; downstream transformations applied,0.66,0.0,True,False,False,,
clock__04,6,root:1/visual-region:12,device_logo,sam2-amg[facebook/sam2.1-hiera-tiny]/point-grid/semantic-rerank,sam2-amg[facebook/sam2.1-hiera-tiny],0.5634493630790351,0.66,1.0,0.5634493630790351,0.5015321187976899,False,0.5015321187976899,1.0,visual candidate from stored precursor score and appearance utility; semantic rerank,0.5634493630790351,0.0,original matched/generic visual candidate; downstream transformations applied,0.66,0.0,True,False,False,,
clock__04,7,root:1/visual-region:16,device_logo,sam2-amg[facebook/sam2.1-hiera-tiny]/point-grid/semantic-rerank,sam2-amg[facebook/sam2.1-hiera-tiny],0.5114096038183782,0.66,1.0,0.5114096038183782,0.48264168618607134,False,0.48264168618607134,1.0,visual candidate from stored precursor score and appearance utility; semantic rerank,0.5114096038183782,0.0,original matched/generic visual candidate; downstream transformations applied,0.66,0.0,True,False,False,,
clock__04,8,root:1/visual-region:02,device_visual_strip_02,sam2-amg[facebook/sam2.1-hiera-tiny]/point-grid,sam2-amg[facebook/sam2.1-hiera-tiny],0.7804810238439388,0.62,1.0,0.7804810238439388,0.5451440291307832,False,0.5451440291307832,,visual candidate from stored precursor score and appearance utility,0.7804810238439388,0.0,original matched/generic visual candidate; downstream transformations applied,0.62,0.0,False,False,False,,
clock__04,9,root:1/visual-region:03,device_visual_panel_01,sam2-amg[facebook/sam2.1-hiera-tiny]/point-grid,sam2-amg[facebook/sam2.1-hiera-tiny],0.8651396366740867,0.62,1.0,0.8651396366740867,0.5740126161058635,False,0.5740126161058635,,visual candidate from stored precursor score and appearance utility,0.8651396366740867,0.0,original matched/generic visual candidate; downstream transformations applied,0.62,0.0,False,False,False,,
clock__04,10,root:1/visual-region:04,device_dial,sam2-amg[facebook/sam2.1-hiera-tiny]/point-grid,sam2-amg[facebook/sam2.1-hiera-tiny],0.7454064471867974,0.68,1.0,0.7454064471867974,0.5847820112478623,False,0.5847820112478623,1.0,visual candidate from stored precursor score and appearance utility,0.7454064471867974,0.0,original matched/generic visual candidate; downstream transformations applied,0.68,0.0,False,False,False,,
clock__04,11,root:1/visual-region:07,device_button,sam2-amg[facebook/sam2.1-hiera-tiny]/point-grid/semantic-rerank,sam2-amg[facebook/sam2.1-hiera-tiny],0.6273488108522524,0.66,1.0,0.6273488108522524,0.5247276183393677,False,0.5247276183393677,1.0,visual candidate from stored precursor score and appearance utility; semantic rerank,0.6273488108522524,0.0,original matched/generic visual candidate; downstream transformations applied,0.66,0.0,True,False,False,,
clock__04,12,root:1/visual-region:11,device_screen,sam2-amg[facebook/sam2.1-hiera-tiny]/point-grid/semantic-rerank,sam2-amg[facebook/sam2.1-hiera-tiny],0.5731759166004109,0.66,1.0,0.5731759166004109,0.5050628577259492,False,0.5050628577259492,1.0,visual candidate from stored precursor score and appearance utility; semantic rerank,0.5731759166004109,0.0,original matched/generic visual candidate; downstream transformations applied,0.66,0.0,True,False,False,,
clock__04,13,root:1/visual-region:13,device_body,sam2-amg[facebook/sam2.1-hiera-tiny]/prototype-labelled-region,sam2-amg[facebook/sam2.1-hiera-tiny],0.6579288963716136,0.6020329821014404,1.0,0.6579288963716136,0.4887670344669699,False,0.4887670344669699,1.0,visual candidate from stored precursor score and appearance utility; prototype label leaves score unchanged,0.6579288963716136,0.0,original matched/generic visual candidate; downstream transformations applied,0.6020329821014404,0.0,False,False,False,,
clock__04,14,root:1/visual-region:17,device_clock_hand,sam2-amg[facebook/sam2.1-hiera-tiny]/point-grid/semantic-rerank,sam2-amg[facebook/sam2.1-hiera-tiny],0.5315394699006861,0.66,1.0,0.5315394699006861,0.48994882757394914,False,0.48994882757394914,1.0,visual candidate from stored precursor score and appearance utility; semantic rerank,0.5315394699006861,0.0,original matched/generic visual candidate; downstream transformations applied,0.66,0.0,True,False,False,,
clock__04,15,root:1/visual-region:21,device_clock_hand,sam2-amg[facebook/sam2.1-hiera-tiny]/point-grid/semantic-rerank,sam2-amg[facebook/sam2.1-hiera-tiny],0.5375446212026552,0.66,1.0,0.5375446212026552,0.49212869749656385,False,0.49212869749656385,1.0,visual candidate from stored precursor score and appearance utility; semantic rerank,0.5375446212026552,0.0,original matched/generic visual candidate; downstream transformations applied,0.66,0.0,True,False,False,,
clock__04,16,root:1/visual-region:30,device_clock_hand,sam2-amg[facebook/sam2.1-hiera-tiny]/point-grid/semantic-rerank,sam2-amg[facebook/sam2.1-hiera-tiny],0.514194897034128,0.66,1.0,0.514194897034128,0.4836527476233885,False,0.4836527476233885,1.0,visual candidate from stored precursor score and appearance utility; semantic rerank,0.514194897034128,0.0,original matched/generic visual candidate; downstream transformations applied,0.66,0.0,True,False,False,,
clock__04,17,root:1/visual-region:26,device_base,sam2-amg[facebook/sam2.1-hiera-tiny]/point-grid/semantic-rerank,sam2-amg[facebook/sam2.1-hiera-tiny],0.6315952645982925,0.66,1.0,0.6315952645982925,0.5262690810491802,False,0.5262690810491802,1.0,visual candidate from stored precursor score and appearance utility; semantic rerank,0.6315952645982925,0.0,original matched/generic visual candidate; downstream transformations applied,0.66,0.0,True,False,False,,
watch__01,1,root:1,device,grounded-sam2[IDEA-Research/grounding-dino-tiny|facebook/sam2.1-hiera-tiny]/root,grounded-sam2[IDEA-Research/grounding-dino|facebook/sam2.1-hiera-tiny],0.7348812818527222,0.9827148437500001,1.0,0.7348812818527222,0.8394199889263838,False,0.8394199889263838,,Stored score; precursor logits not archived in candidates.json,,,root quality rule; later root-routing maxima can retain different precursor metadata,0.9827148437500001,0.0,False,False,False,specific_root_label,
watch__01,2,root:1/profile-refine:IDEA-Research_grounding-dino-tiny:device_dial:01,device_dial,grounded-sam2[IDEA-Research/grounding-dino-tiny|facebook/sam2.1-hiera-tiny]/profile-refine,grounded-sam2[IDEA-Research/grounding-dino|facebook/sam2.1-hiera-tiny]/profile-refine,0.5718263387680054,0.867431640625,1.0,0.5718263387680054,0.6631553808358149,False,0.6631553808358149,1.0,Stored score; precursor logits not archived in candidates.json,,,profile priority + SAM quality,0.867431640625,0.0,False,False,False,,
watch__01,3,root:1/profile-refine:IDEA-Research_grounding-dino-tiny:device_screen:01,device_screen,grounded-sam2[IDEA-Research/grounding-dino-tiny|facebook/sam2.1-hiera-tiny]/profile-refine,grounded-sam2[IDEA-Research/grounding-dino|facebook/sam2.1-hiera-tiny]/profile-refine,0.3475371301174164,0.867431640625,1.0,0.3475371301174164,0.5561498249069701,False,0.5561498249069701,1.0,Stored score; precursor logits not archived in candidates.json,,,profile priority + SAM quality,0.867431640625,0.0,False,False,False,,
watch__01,4,root:1/profile-refine:IDEA-Research_grounding-dino-tiny:device_button:01,device_button,grounded-sam2[IDEA-Research/grounding-dino-tiny|facebook/sam2.1-hiera-tiny]/profile-refine,grounded-sam2[IDEA-Research/grounding-dino|facebook/sam2.1-hiera-tiny]/profile-refine,0.319121390581131,0.84712890625,1.0,0.319121390581131,0.5298933328226849,False,0.5298933328226849,1.0,Stored score; precursor logits not archived in candidates.json,,,profile priority + SAM quality,0.84712890625,0.0,False,False,False,,
watch__01,5,root:1/profile-refine:IDEA-Research_grounding-dino-tiny:device_logo:01,device_logo,grounded-sam2[IDEA-Research/grounding-dino-tiny|facebook/sam2.1-hiera-tiny]/profile-refine,grounded-sam2[IDEA-Research/grounding-dino|facebook/sam2.1-hiera-tiny]/profile-refine,0.26817408204078674,0.8488691406250001,1.0,0.26817408204078674,0.5071956996891736,False,0.5071956996891736,1.0,Stored score; precursor logits not archived in candidates.json,,,profile priority + SAM quality,0.8488691406250001,0.0,False,False,False,,
watch__01,6,root:1/profile-refine:IDEA-Research_grounding-dino-tiny:device_clock_hand:01,device_clock_hand,grounded-sam2[IDEA-Research/grounding-dino-tiny|facebook/sam2.1-hiera-tiny]/profile-refine,grounded-sam2[IDEA-Research/grounding-dino|facebook/sam2.1-hiera-tiny]/profile-refine,0.24256430566310883,0.85099609375,1.0,0.24256430566310883,0.49647994431886755,False,0.49647994431886755,1.0,Stored score; precursor logits not archived in candidates.json,,,profile priority + SAM quality,0.85099609375,0.0,False,False,False,,
watch__01,7,root:1/visual-region:03,device_dial,sam2-amg[facebook/sam2.1-hiera-tiny]/point-grid,sam2-amg[facebook/sam2.1-hiera-tiny],0.8603883937657577,0.68,1.0,0.8603883937657577,0.6277852592683935,False,0.6277852592683935,1.0,visual candidate from stored precursor score and appearance utility,0.8603883937657577,0.0,original matched/generic visual candidate; downstream transformations applied,0.68,0.0,False,False,False,,
watch__01,8,root:1/visual-region:04,device_button,sam2-amg[facebook/sam2.1-hiera-tiny]/point-grid,sam2-amg[facebook/sam2.1-hiera-tiny],0.7451664657047506,0.68,1.0,0.7451664657047506,0.5846922581735768,False,0.5846922581735768,1.0,visual candidate from stored precursor score and appearance utility,0.7451664657047506,0.0,original matched/generic visual candidate; downstream transformations applied,0.68,0.0,False,False,False,,
watch__01,9,root:1/visual-region:05,device_base,sam2-amg[facebook/sam2.1-hiera-tiny]/point-grid/semantic-rerank,sam2-amg[facebook/sam2.1-hiera-tiny],0.5356086059301357,0.66,1.0,0.5356086059301357,0.49142592395263934,False,0.49142592395263934,1.0,visual candidate from stored precursor score and appearance utility; semantic rerank,0.5356086059301357,0.0,original matched/generic visual candidate; downstream transformations applied,0.66,0.0,True,False,False,,
watch__01,10,root:1/visual-region:06,device_lug,sam2-amg[facebook/sam2.1-hiera-tiny]/prototype-labelled-region,sam2-amg[facebook/sam2.1-hiera-tiny],0.8185091212058869,0.5888161048316956,1.0,0.8185091212058869,0.5300404910589785,False,0.5300404910589785,1.0,visual candidate from stored precursor score and appearance utility; prototype label leaves score unchanged,0.8185091212058869,0.0,original matched/generic visual candidate; downstream transformations applied,0.5888161048316956,0.0,False,False,False,,
watch__01,11,root:1/visual-region:07,device_clock_hand,sam2-amg[facebook/sam2.1-hiera-tiny]/point-grid/semantic-rerank,sam2-amg[facebook/sam2.1-hiera-tiny],0.6139302761828505,0.66,1.0,0.6139302761828505,0.5198566902543748,False,0.5198566902543748,1.0,visual candidate from stored precursor score and appearance utility; semantic rerank,0.6139302761828505,0.0,original matched/generic visual candidate; downstream transformations applied,0.66,0.0,True,False,False,,
watch__02,1,root:1,character,grounded-sam2[IDEA-Research/grounding-dino-tiny|facebook/sam2.1-hiera-tiny]/root,grounded-sam2[IDEA-Research/grounding-dino|facebook/sam2.1-hiera-tiny],0.514705240726471,0.968359375,1.0,0.514705240726471,0.7098925236205105,False,0.7098925236205105,,Stored score; precursor logits not archived in candidates.json,,,root quality rule; later root-routing maxima can retain different precursor metadata,0.968359375,0.0,False,False,False,specific_root_label,
watch__02,2,root:1/contour-visual-region:01,character_arm,hpid-appearance-contour/closed-edge/semantic-rerank,hpid-appearance-contour,0.5337178347741592,0.66,1.0,0.5337178347741592,0.4907395740230199,False,0.4907395740230199,0.92,visual candidate from stored precursor score and appearance utility; semantic rerank,0.5337178347741592,0.0,original matched/generic visual candidate; downstream transformations applied,0.66,0.0,True,False,False,,
watch__02,3,root:1/visual-region:01,character_visual_panel_01,sam2-amg[facebook/sam2.1-hiera-tiny]/point-grid,sam2-amg[facebook/sam2.1-hiera-tiny],0.748397603794228,0.62,1.0,0.748397603794228,0.5342035828938317,False,0.5342035828938317,,visual candidate from stored precursor score and appearance utility,0.748397603794228,0.0,original matched/generic visual candidate; downstream transformations applied,0.62,0.0,False,False,False,,
watch__02,4,root:1/visual-region:02,character_visual_panel_02,sam2-amg[facebook/sam2.1-hiera-tiny]/point-grid,sam2-amg[facebook/sam2.1-hiera-tiny],0.7411355081813408,0.62,1.0,0.7411355081813408,0.5317272082898372,False,0.5317272082898372,,visual candidate from stored precursor score and appearance utility,0.7411355081813408,0.0,original matched/generic visual candidate; downstream transformations applied,0.62,0.0,False,False,False,,
watch__03,1,root:2,device,grounded-sam2[IDEA-Research/grounding-dino-tiny|facebook/sam2.1-hiera-tiny]/root,grounded-sam2[IDEA-Research/grounding-dino|facebook/sam2.1-hiera-tiny],0.4341014325618744,0.98603515625,1.0,0.4341014325618744,0.6791374209489732,False,0.6791374209489732,,Stored score; precursor logits not archived in candidates.json,,,root quality rule; later root-routing maxima can retain different precursor metadata,0.98603515625,0.0,False,False,False,specific_root_label,
watch__03,2,root:2/profile-refine:IDEA-Research_grounding-dino-tiny:device_button:01,device_button,grounded-sam2[IDEA-Research/grounding-dino-tiny|facebook/sam2.1-hiera-tiny]/profile-refine,grounded-sam2[IDEA-Research/grounding-dino|facebook/sam2.1-hiera-tiny]/profile-refine,0.28269097208976746,0.8544765625,1.0,0.28269097208976746,0.5173684986695763,False,0.5173684986695763,1.0,Stored score; precursor logits not archived in candidates.json,,,profile priority + SAM quality,0.8544765625,0.0,False,False,False,,
watch__03,3,root:2/visual-region:01,device_visual_panel_01,sam2-amg[facebook/sam2.1-hiera-tiny]/point-grid,sam2-amg[facebook/sam2.1-hiera-tiny],0.7128024627707307,0.62,1.0,0.7128024627707307,0.5220656398048191,False,0.5220656398048191,,visual candidate from stored precursor score and appearance utility,0.7128024627707307,0.0,original matched/generic visual candidate; downstream transformations applied,0.62,0.0,False,False,False,,
watch__03,4,root:2/visual-region:10,device_button,sam2-amg[facebook/sam2.1-hiera-tiny]/point-grid/semantic-rerank,sam2-amg[facebook/sam2.1-hiera-tiny],0.6609946054325948,0.66,1.0,0.6609946054325948,0.536941041772032,False,0.536941041772032,1.0,visual candidate from stored precursor score and appearance utility; semantic rerank,0.6609946054325948,0.0,original matched/generic visual candidate; downstream transformations applied,0.66,0.0,True,False,False,,
watch__03,5,root:2/visual-region:04,device_button,sam2-amg[facebook/sam2.1-hiera-tiny]/point-grid/semantic-rerank,sam2-amg[facebook/sam2.1-hiera-tiny],0.6479545338998894,0.66,1.0,0.6479545338998894,0.53220749580566,False,0.53220749580566,1.0,visual candidate from stored precursor score and appearance utility; semantic rerank,0.6479545338998894,0.0,original matched/generic visual candidate; downstream transformations applied,0.66,0.0,True,False,False,,
watch__03,6,root:2/visual-region:03,device_button,sam2-amg[facebook/sam2.1-hiera-tiny]/point-grid/semantic-rerank,sam2-amg[facebook/sam2.1-hiera-tiny],0.6610560942378787,0.66,1.0,0.6610560942378787,0.5369633622083501,False,0.5369633622083501,1.0,visual candidate from stored precursor score and appearance utility; semantic rerank,0.6610560942378787,0.0,original matched/generic visual candidate; downstream transformations applied,0.66,0.0,True,False,False,,
watch__03,7,root:2/visual-region:11,device_button,sam2-amg[facebook/sam2.1-hiera-tiny]/point-grid/semantic-rerank,sam2-amg[facebook/sam2.1-hiera-tiny],0.5478473899454198,0.66,1.0,0.5478473899454198,0.4958686025501875,False,0.4958686025501875,1.0,visual candidate from stored precursor score and appearance utility; semantic rerank,0.5478473899454198,0.0,original matched/generic visual candidate; downstream transformations applied,0.66,0.0,True,False,False,,
watch__03,8,root:2/visual-region:09,device_button,sam2-amg[facebook/sam2.1-hiera-tiny]/point-grid/within-root-repetition-consensus,sam2-amg[facebook/sam2.1-hiera-tiny],0.5595884014087522,0.62,1.0,0.5595884014087522,0.4698196448803846,False,0.4698196448803846,1.0,visual candidate from stored precursor score and appearance utility; within-root/inventory consensus,0.5595884014087522,0.0,original matched/generic visual candidate; downstream transformations applied,0.62,0.0,True,False,False,,
watch__03,9,root:2/visual-region:05,device_camera,sam2-amg[facebook/sam2.1-hiera-tiny]/point-grid/semantic-rerank,sam2-amg[facebook/sam2.1-hiera-tiny],0.6345938964787733,0.66,1.0,0.6345938964787733,0.5273575844217947,False,0.5273575844217947,1.0,visual candidate from stored precursor score and appearance utility; semantic rerank,0.6345938964787733,0.0,original matched/generic visual candidate; downstream transformations applied,0.66,0.0,True,False,False,,
watch__03,10,root:2/visual-region:12,device_camera,sam2-amg[facebook/sam2.1-hiera-tiny]/point-grid/semantic-rerank,sam2-amg[facebook/sam2.1-hiera-tiny],0.6027343281600005,0.66,1.0,0.6027343281600005,0.5157925611220803,False,0.5157925611220803,1.0,visual candidate from stored precursor score and appearance utility; semantic rerank,0.6027343281600005,0.0,original matched/generic visual candidate; downstream transformations applied,0.66,0.0,True,False,False,,
watch__04,1,root:1,device,grounded-sam2[IDEA-Research/grounding-dino-tiny|facebook/sam2.1-hiera-tiny]/root,grounded-sam2[IDEA-Research/grounding-dino|facebook/sam2.1-hiera-tiny],0.46602532267570496,0.9724609375000001,1.0,0.46602532267570496,0.6868627040783758,False,0.6868627040783758,,Stored score; precursor logits not archived in candidates.json,,,root quality rule; later root-routing maxima can retain different precursor metadata,0.9724609375000001,0.0,False,False,False,specific_root_label,
earphone__01,1,root:8,device,grounded-sam2[IDEA-Research/grounding-dino-tiny|facebook/sam2.1-hiera-tiny]/root,grounded-sam2[IDEA-Research/grounding-dino|facebook/sam2.1-hiera-tiny],0.3015677034854889,0.9869140625,1.0,0.3015677034854889,0.6078031021761127,False,0.6078031021761127,,Stored score; precursor logits not archived in candidates.json,,,root quality rule; later root-routing maxima can retain different precursor metadata,0.9869140625,0.0,False,False,False,specific_root_label,
earphone__01,2,root:8/visual-region:01,device_earpad,sam2-amg[facebook/sam2.1-hiera-tiny]/point-grid/semantic-rerank,sam2-amg[facebook/sam2.1-hiera-tiny],0.5631603657945388,0.66,1.0,0.5631603657945388,0.5014272127834176,False,0.5014272127834176,1.0,visual candidate from stored precursor score and appearance utility; semantic rerank,0.5631603657945388,0.0,original matched/generic visual candidate; downstream transformations applied,0.66,0.0,True,False,False,,
earphone__01,3,root:8/visual-region:02,device_earpad,sam2-amg[facebook/sam2.1-hiera-tiny]/point-grid/semantic-rerank,sam2-amg[facebook/sam2.1-hiera-tiny],0.5270222361633679,0.66,1.0,0.5270222361633679,0.48830907172730253,False,0.48830907172730253,1.0,visual candidate from stored precursor score and appearance utility; semantic rerank,0.5270222361633679,0.0,original matched/generic visual candidate; downstream transformations applied,0.66,0.0,True,False,False,,
earphone__02,1,root:1,device,grounded-sam2[IDEA-Research/grounding-dino-tiny|facebook/sam2.1-hiera-tiny]/root,grounded-sam2[IDEA-Research/grounding-dino|facebook/sam2.1-hiera-tiny],0.42190906405448914,0.93427734375,1.0,0.42190906405448914,0.6372238485053823,False,0.6372238485053823,,Stored score; precursor logits not archived in candidates.json,,,root quality rule; later root-routing maxima can retain different precursor metadata,0.93427734375,0.0,False,False,False,specific_root_label,
earphone__02,2,root:1/profile-refine:IDEA-Research_grounding-dino-tiny:device_earpad:02,device_earpad,grounded-sam2[IDEA-Research/grounding-dino-tiny|facebook/sam2.1-hiera-tiny]/profile-refine,grounded-sam2[IDEA-Research/grounding-dino|facebook/sam2.1-hiera-tiny]/profile-refine,0.3071501553058624,0.8517695312500001,1.0,0.3071501553058624,0.5271879181570316,False,0.5271879181570316,1.0,Stored score; precursor logits not archived in candidates.json,,,profile priority + SAM quality,0.8517695312500001,0.0,False,False,False,,
earphone__02,3,root:1/visual-region:02,device_earpad,sam2-amg[facebook/sam2.1-hiera-tiny]/point-grid,sam2-amg[facebook/sam2.1-hiera-tiny],0.7964482734276946,0.68,1.0,0.7964482734276946,0.6038716542619579,False,0.6038716542619579,1.0,visual candidate from stored precursor score and appearance utility,0.7964482734276946,0.0,original matched/generic visual candidate; downstream transformations applied,0.68,0.0,False,False,False,,
earphone__02,4,root:1/visual-region:01,device_earpad,sam2-amg[facebook/sam2.1-hiera-tiny]/point-grid/semantic-rerank,sam2-amg[facebook/sam2.1-hiera-tiny],0.5606044397045282,0.66,1.0,0.5606044397045282,0.5004994116127438,False,0.5004994116127438,1.0,visual candidate from stored precursor score and appearance utility; semantic rerank,0.5606044397045282,0.0,original matched/generic visual candidate; downstream transformations applied,0.66,0.0,True,False,False,,
earphone__02,5,root:1/visual-region:03,device_slider,sam2-amg[facebook/sam2.1-hiera-tiny]/prototype-labelled-region,sam2-amg[facebook/sam2.1-hiera-tiny],0.8234975303499912,0.6069539254646301,1.0,0.8234975303499912,0.5480330487200791,False,0.5480330487200791,1.0,visual candidate from stored precursor score and appearance utility; prototype label leaves score unchanged,0.8234975303499912,0.0,original matched/generic visual candidate; downstream transformations applied,0.6069539254646301,0.0,False,False,False,,
earphone__02,6,root:1/visual-region:05,device_cable,sam2-amg[facebook/sam2.1-hiera-tiny]/prototype-labelled-region,sam2-amg[facebook/sam2.1-hiera-tiny],0.6835633073236997,0.6116415026054381,1.0,0.6835633073236997,0.505191304802023,False,0.505191304802023,1.0,visual candidate from stored precursor score and appearance utility; prototype label leaves score unchanged,0.6835633073236997,0.0,original matched/generic visual candidate; downstream transformations applied,0.6116415026054381,0.0,False,False,False,,
earphone__03,1,root:6,device,grounded-sam2[IDEA-Research/grounding-dino-tiny|facebook/sam2.1-hiera-tiny]/root,grounded-sam2[IDEA-Research/grounding-dino|facebook/sam2.1-hiera-tiny],0.3646644353866577,0.9513671875,1.0,0.3646644353866577,0.6189266124262941,False,0.6189266124262941,,Stored score; precursor logits not archived in candidates.json,,,root quality rule; later root-routing maxima can retain different precursor metadata,0.9513671875,0.0,False,False,False,specific_root_label,
earphone__03,2,root:6/visual-region:01,device_visual_panel_01,sam2-amg[facebook/sam2.1-hiera-tiny]/point-grid,sam2-amg[facebook/sam2.1-hiera-tiny],0.8887542064979017,0.62,1.0,0.8887542064979017,0.5820651844157845,False,0.5820651844157845,,visual candidate from stored precursor score and appearance utility,0.8887542064979017,0.0,original matched/generic visual candidate; downstream transformations applied,0.62,0.0,False,False,False,,
earphone__03,3,root:6/visual-region:03,device_visual_strip_01,sam2-amg[facebook/sam2.1-hiera-tiny]/point-grid,sam2-amg[facebook/sam2.1-hiera-tiny],0.815265751708851,0.62,1.0,0.815265751708851,0.5570056213327181,False,0.5570056213327181,,visual candidate from stored precursor score and appearance utility,0.815265751708851,0.0,original matched/generic visual candidate; downstream transformations applied,0.62,0.0,False,False,False,,
earphone__03,4,root:6/visual-region:04,device_earpad,sam2-amg[facebook/sam2.1-hiera-tiny]/point-grid/semantic-rerank,sam2-amg[facebook/sam2.1-hiera-tiny],0.7158766282687653,0.66,1.0,0.7158766282687653,0.5568632160615619,False,0.5568632160615619,1.0,visual candidate from stored precursor score and appearance utility; semantic rerank,0.7158766282687653,0.0,original matched/generic visual candidate; downstream transformations applied,0.66,0.0,True,False,False,,
earphone__03,5,root:6/visual-region:11,device_earpad,sam2-amg[facebook/sam2.1-hiera-tiny]/point-grid/semantic-rerank,sam2-amg[facebook/sam2.1-hiera-tiny],0.6675970986966069,0.66,1.0,0.6675970986966069,0.5393377468268683,False,0.5393377468268683,1.0,visual candidate from stored precursor score and appearance utility; semantic rerank,0.6675970986966069,0.0,original matched/generic visual candidate; downstream transformations applied,0.66,0.0,True,False,False,,
earphone__03,6,root:6/visual-region:06,device_visual_panel_04,sam2-amg[facebook/sam2.1-hiera-tiny]/point-grid,sam2-amg[facebook/sam2.1-hiera-tiny],0.7646998797757003,0.62,1.0,0.7646998797757003,0.5397626590035138,False,0.5397626590035138,,visual candidate from stored precursor score and appearance utility,0.7646998797757003,0.0,original matched/generic visual candidate; downstream transformations applied,0.62,0.0,False,False,False,,
earphone__03,7,root:6/visual-region:07,device_slider,sam2-amg[facebook/sam2.1-hiera-tiny]/prototype-labelled-region,sam2-amg[facebook/sam2.1-hiera-tiny],0.7336000266255458,0.609854362402916,1.0,0.7336000266255458,0.5204985101543786,False,0.5204985101543786,1.0,visual candidate from stored precursor score and appearance utility; prototype label leaves score unchanged,0.7336000266255458,0.0,original matched/generic visual candidate; downstream transformations applied,0.609854362402916,0.0,False,False,False,,
earphone__03,8,root:6/visual-region:10,device_cable,sam2-amg[facebook/sam2.1-hiera-tiny]/prototype-labelled-region,sam2-amg[facebook/sam2.1-hiera-tiny],0.7577636772374583,0.6054022263383866,1.0,0.7577636772374583,0.5247445013331299,False,0.5247445013331299,1.0,visual candidate from stored precursor score and appearance utility; prototype label leaves score unchanged,0.7577636772374583,0.0,original matched/generic visual candidate; downstream transformations applied,0.6054022263383866,0.0,False,False,False,,
earphone__03,9,root:6/visual-region:12,device_slider,sam2-amg[facebook/sam2.1-hiera-tiny]/point-grid/semantic-rerank,sam2-amg[facebook/sam2.1-hiera-tiny],0.5979926380237793,0.66,1.0,0.5979926380237793,0.5140713276026319,False,0.5140713276026319,1.0,visual candidate from stored precursor score and appearance utility; semantic rerank,0.5979926380237793,0.0,original matched/generic visual candidate; downstream transformations applied,0.66,0.0,True,False,False,,
earphone__04,1,root:7,daily_object,grounded-sam2[IDEA-Research/grounding-dino-tiny|facebook/sam2.1-hiera-tiny]/root,grounded-sam2[IDEA-Research/grounding-dino|facebook/sam2.1-hiera-tiny],0.32316645979881287,0.9402343750000001,1.0,0.32316645979881287,0.5902241866424447,False,0.5902241866424447,,Stored score; precursor logits not archived in candidates.json,,,root quality rule; later root-routing maxima can retain different precursor metadata,0.9402343750000001,0.0,False,False,False,,
earphone__04,2,root:7/visual-region:01,daily_object_visual_strip_01,sam2-amg[facebook/sam2.1-hiera-tiny]/point-grid,sam2-amg[facebook/sam2.1-hiera-tiny],0.6643180756968311,0.62,1.0,0.6643180756968311,0.5055324638126194,False,0.5055324638126194,,visual candidate from stored precursor score and appearance utility,0.6643180756968311,0.0,original matched/generic visual candidate; downstream transformations applied,0.62,0.0,False,False,False,,
earphone__04,3,root:7/visual-region:02,daily_object_visual_strip_02,sam2-amg[facebook/sam2.1-hiera-tiny]/point-grid,sam2-amg[facebook/sam2.1-hiera-tiny],0.6503809698046366,0.62,1.0,0.6503809698046366,0.5007799107033811,False,0.5007799107033811,,visual candidate from stored precursor score and appearance utility,0.6503809698046366,0.0,original matched/generic visual candidate; downstream transformations applied,0.62,0.0,False,False,False,,
earphone__04,4,root:7/visual-region:03,daily_object_logo,sam2-amg[facebook/sam2.1-hiera-tiny]/prototype-labelled-region,sam2-amg[facebook/sam2.1-hiera-tiny],0.7311258041176085,0.6065984952936172,1.0,0.7311258041176085,0.5168942198385702,False,0.5168942198385702,1.0,visual candidate from stored precursor score and appearance utility; prototype label leaves score unchanged,0.7311258041176085,0.0,original matched/generic visual candidate; downstream transformations applied,0.6065984952936172,0.0,False,False,False,,
earphone__04,5,root:7/visual-region:05,daily_object_band,sam2-amg[facebook/sam2.1-hiera-tiny]/prototype-labelled-region,sam2-amg[facebook/sam2.1-hiera-tiny],0.8220899019957666,0.6062178384504319,1.0,0.8220899019957666,0.546899087172585,False,0.546899087172585,1.0,visual candidate from stored precursor score and appearance utility; prototype label leaves score unchanged,0.8220899019957666,0.0,original matched/generic visual candidate; downstream transformations applied,0.6062178384504319,0.0,False,False,False,,
fan__01,1,root:1,device,grounded-sam2[IDEA-Research/grounding-dino-tiny|facebook/sam2.1-hiera-tiny]/root,grounded-sam2[IDEA-Research/grounding-dino|facebook/sam2.1-hiera-tiny],0.8885655403137207,0.9921875,1.0,0.8885655403137207,0.9313773671165109,False,0.9313773671165109,,Stored score; precursor logits not archived in candidates.json,,,root quality rule; later root-routing maxima can retain different precursor metadata,0.9921875,0.0,False,False,False,specific_root_label,
fan__01,2,root:1/profile-refine:IDEA-Research_grounding-dino-tiny:device_rod:01,device_rod,grounded-sam2[IDEA-Research/grounding-dino-tiny|facebook/sam2.1-hiera-tiny]/profile-refine,grounded-sam2[IDEA-Research/grounding-dino|facebook/sam2.1-hiera-tiny]/profile-refine,0.41046085953712463,0.848095703125,1.0,0.41046085953712463,0.5731036166071863,False,0.5731036166071863,1.0,Stored score; precursor logits not archived in candidates.json,,,profile priority + SAM quality,0.848095703125,0.0,False,False,False,,
fan__01,3,root:1/profile-refine:IDEA-Research_grounding-dino-tiny:device_bulb:01,device_bulb,grounded-sam2[IDEA-Research/grounding-dino-tiny|facebook/sam2.1-hiera-tiny]/profile-refine,grounded-sam2[IDEA-Research/grounding-dino|facebook/sam2.1-hiera-tiny]/profile-refine,0.4025682508945465,0.86646484375,1.0,0.4025682508945465,0.5817553598230297,False,0.5817553598230297,1.0,Stored score; precursor logits not archived in candidates.json,,,profile priority + SAM quality,0.86646484375,0.0,False,False,False,,
fan__01,4,root:1/profile-refine:IDEA-Research_grounding-dino-tiny:device_blade:03,device_blade,grounded-sam2[IDEA-Research/grounding-dino-tiny|facebook/sam2.1-hiera-tiny]/profile-refine,grounded-sam2[IDEA-Research/grounding-dino|facebook/sam2.1-hiera-tiny]/profile-refine,0.30321571230888367,0.8589238281250001,1.0,0.30321571230888367,0.5297572828564474,False,0.5297572828564474,1.0,Stored score; precursor logits not archived in candidates.json,,,profile priority + SAM quality,0.8589238281250001,0.0,False,False,False,,
fan__01,5,root:1/profile-refine:IDEA-Research_grounding-dino-tiny:device_blade:02,device_blade,grounded-sam2[IDEA-Research/grounding-dino-tiny|facebook/sam2.1-hiera-tiny]/profile-refine,grounded-sam2[IDEA-Research/grounding-dino|facebook/sam2.1-hiera-tiny]/profile-refine,0.3364400565624237,0.863951171875,1.0,0.3364400565624237,0.5486453069667886,False,0.5486453069667886,1.0,Stored score; precursor logits not archived in candidates.json,,,profile priority + SAM quality,0.863951171875,0.0,False,False,False,,
fan__01,6,root:1/profile-refine:IDEA-Research_grounding-dino-tiny:device_blade:04,device_blade,grounded-sam2[IDEA-Research/grounding-dino-tiny|facebook/sam2.1-hiera-tiny]/profile-refine,grounded-sam2[IDEA-Research/grounding-dino|facebook/sam2.1-hiera-tiny]/profile-refine,0.2603894770145416,0.8546699218750001,1.0,0.2603894770145416,0.5070023445311499,False,0.5070023445311499,1.0,Stored score; precursor logits not archived in candidates.json,,,profile priority + SAM quality,0.8546699218750001,0.0,False,False,False,,
fan__01,7,root:1/profile-refine:IDEA-Research_grounding-dino-tiny:device_button:01,device_button,grounded-sam2[IDEA-Research/grounding-dino-tiny|facebook/sam2.1-hiera-tiny]/profile-refine,grounded-sam2[IDEA-Research/grounding-dino|facebook/sam2.1-hiera-tiny]/profile-refine,0.31257981061935425,0.85873046875,1.0,0.31257981061935425,0.5340607049497194,False,0.5340607049497194,1.0,Stored score; precursor logits not archived in candidates.json,,,profile priority + SAM quality,0.85873046875,0.0,False,False,False,,
fan__01,8,root:1/profile-refine:IDEA-Research_grounding-dino-tiny:device_shade:01,device_shade,grounded-sam2[IDEA-Research/grounding-dino-tiny|facebook/sam2.1-hiera-tiny]/profile-refine,grounded-sam2[IDEA-Research/grounding-dino|facebook/sam2.1-hiera-tiny]/profile-refine,0.2699987292289734,0.86259765625,1.0,0.2699987292289734,0.5162640943753649,False,0.5162640943753649,1.0,Stored score; precursor logits not archived in candidates.json,,,profile priority + SAM quality,0.86259765625,0.0,False,False,False,,
fan__01,9,root:1/visual-region:01,device_button,sam2-amg[facebook/sam2.1-hiera-tiny]/point-grid,sam2-amg[facebook/sam2.1-hiera-tiny],0.9272457459604297,0.68,1.0,0.9272457459604297,0.6527899089892008,False,0.6527899089892008,1.0,visual candidate from stored precursor score and appearance utility,0.9272457459604297,0.0,original matched/generic visual candidate; downstream transformations applied,0.68,0.0,False,False,False,,
fan__01,10,root:1/visual-region:02,device_blade,sam2-amg[facebook/sam2.1-hiera-tiny]/point-grid,sam2-amg[facebook/sam2.1-hiera-tiny],0.8510288165247316,0.68,1.0,0.8510288165247316,0.6242847773802497,False,0.6242847773802497,1.0,visual candidate from stored precursor score and appearance utility,0.8510288165247316,0.0,original matched/generic visual candidate; downstream transformations applied,0.68,0.0,False,False,False,,
fan__01,11,root:1/visual-region:04,device_blade,sam2-amg[facebook/sam2.1-hiera-tiny]/point-grid,sam2-amg[facebook/sam2.1-hiera-tiny],0.8038231301167216,0.68,1.0,0.8038231301167216,0.6066298506636539,False,0.6066298506636539,1.0,visual candidate from stored precursor score and appearance utility,0.8038231301167216,0.0,original matched/generic visual candidate; downstream transformations applied,0.68,0.0,False,False,False,,
fan__01,12,root:1/visual-region:03,device_bulb,sam2-amg[facebook/sam2.1-hiera-tiny]/point-grid,sam2-amg[facebook/sam2.1-hiera-tiny],0.7086064183702993,0.68,1.0,0.7086064183702993,0.5710188004704919,False,0.5710188004704919,1.0,visual candidate from stored precursor score and appearance utility,0.7086064183702993,0.0,original matched/generic visual candidate; downstream transformations applied,0.68,0.0,False,False,False,,
fan__01,13,root:1/visual-region:05,device_rod,sam2-amg[facebook/sam2.1-hiera-tiny]/point-grid,sam2-amg[facebook/sam2.1-hiera-tiny],0.8485361201615929,0.68,1.0,0.8485361201615929,0.6233525089404358,False,0.6233525089404358,1.0,visual candidate from stored precursor score and appearance utility,0.8485361201615929,0.0,original matched/generic visual candidate; downstream transformations applied,0.68,0.0,False,False,False,,
fan__02,1,root:1,device,grounded-sam2[IDEA-Research/grounding-dino-tiny|facebook/sam2.1-hiera-tiny]/root,grounded-sam2[IDEA-Research/grounding-dino|facebook/sam2.1-hiera-tiny],0.5523586273193359,0.9778320312500001,1.0,0.5523586273193359,0.7370870912540705,False,0.7370870912540705,,Stored score; precursor logits not archived in candidates.json,,,root quality rule; later root-routing maxima can retain different precursor metadata,0.9778320312500001,0.0,False,False,False,specific_root_label,
fan__02,2,root:1/profile-refine:IDEA-Research_grounding-dino-tiny:device_rod:03,device_rod,grounded-sam2[IDEA-Research/grounding-dino-tiny|facebook/sam2.1-hiera-tiny]/profile-refine,grounded-sam2[IDEA-Research/grounding-dino|facebook/sam2.1-hiera-tiny]/profile-refine,0.2628418207168579,0.82624609375,1.0,0.2628418207168579,0.49125535739029297,False,0.49125535739029297,1.0,Stored score; precursor logits not archived in candidates.json,,,profile priority + SAM quality,0.82624609375,0.0,False,False,False,,
fan__02,3,root:1/profile-refine:IDEA-Research_grounding-dino-tiny:device_rod:01,device_rod,grounded-sam2[IDEA-Research/grounding-dino-tiny|facebook/sam2.1-hiera-tiny]/profile-refine,grounded-sam2[IDEA-Research/grounding-dino|facebook/sam2.1-hiera-tiny]/profile-refine,0.34953272342681885,0.842294921875,1.0,0.34953272342681885,0.5409580157281016,False,0.5409580157281016,1.0,Stored score; precursor logits not archived in candidates.json,,,profile priority + SAM quality,0.842294921875,0.0,False,False,False,,
fan__02,4,root:1/profile-refine:IDEA-Research_grounding-dino-tiny:device_blade:04,device_blade,grounded-sam2[IDEA-Research/grounding-dino-tiny|facebook/sam2.1-hiera-tiny]/profile-refine,grounded-sam2[IDEA-Research/grounding-dino|facebook/sam2.1-hiera-tiny]/profile-refine,0.2583259642124176,0.843841796875,1.0,0.2583259642124176,0.4996212437950105,False,0.4996212437950105,1.0,Stored score; precursor logits not archived in candidates.json,,,profile priority + SAM quality,0.843841796875,0.0,False,False,False,,
fan__02,5,root:1/profile-refine:IDEA-Research_grounding-dino-tiny:device_blade:01,device_blade,grounded-sam2[IDEA-Research/grounding-dino-tiny|facebook/sam2.1-hiera-tiny]/profile-refine,grounded-sam2[IDEA-Research/grounding-dino|facebook/sam2.1-hiera-tiny]/profile-refine,0.30663084983825684,0.856796875,1.0,0.30663084983825684,0.5300547884060071,False,0.5300547884060071,1.0,Stored score; precursor logits not archived in candidates.json,,,profile priority + SAM quality,0.856796875,0.0,False,False,False,,
fan__02,6,root:1/profile-refine:IDEA-Research_grounding-dino-tiny:device_blade:02,device_blade,grounded-sam2[IDEA-Research/grounding-dino-tiny|facebook/sam2.1-hiera-tiny]/profile-refine,grounded-sam2[IDEA-Research/grounding-dino|facebook/sam2.1-hiera-tiny]/profile-refine,0.2809121608734131,0.8498359375000001,1.0,0.2809121608734131,0.5137272591500543,False,0.5137272591500543,1.0,Stored score; precursor logits not archived in candidates.json,,,profile priority + SAM quality,0.8498359375000001,0.0,False,False,False,,
fan__02,7,root:1/visual-region:01,device_rod,sam2-amg[facebook/sam2.1-hiera-tiny]/point-grid,sam2-amg[facebook/sam2.1-hiera-tiny],0.7860592816075107,0.68,1.0,0.7860592816075107,0.599986171321209,False,0.599986171321209,1.0,visual candidate from stored precursor score and appearance utility,0.7860592816075107,0.0,original matched/generic visual candidate; downstream transformations applied,0.68,0.0,False,False,False,,
fan__02,8,root:1/visual-region:02,device_canopy,sam2-amg[facebook/sam2.1-hiera-tiny]/prototype-labelled-region,sam2-amg[facebook/sam2.1-hiera-tiny],0.6390989459137955,0.6113159775648117,1.0,0.6390989459137955,0.48997245818922824,False,0.48997245818922824,1.0,visual candidate from stored precursor score and appearance utility; prototype label leaves score unchanged,0.6390989459137955,0.0,original matched/generic visual candidate; downstream transformations applied,0.6113159775648117,0.0,False,False,False,,
fan__02,9,root:1/visual-region:05,device_blade,sam2-amg[facebook/sam2.1-hiera-tiny]/point-grid,sam2-amg[facebook/sam2.1-hiera-tiny],0.8022931319783597,0.68,1.0,0.8022931319783597,0.6060576313599065,False,0.6060576313599065,1.0,visual candidate from stored precursor score and appearance utility,0.8022931319783597,0.0,original matched/generic visual candidate; downstream transformations applied,0.68,0.0,False,False,False,,
fan__02,10,root:1/visual-region:03,device_blade,sam2-amg[facebook/sam2.1-hiera-tiny]/point-grid,sam2-amg[facebook/sam2.1-hiera-tiny],0.7438970565687999,0.68,1.0,0.7438970565687999,0.5842174991567312,False,0.5842174991567312,1.0,visual candidate from stored precursor score and appearance utility,0.7438970565687999,0.0,original matched/generic visual candidate; downstream transformations applied,0.68,0.0,False,False,False,,
fan__02,11,root:1/visual-region:06,device_blade,sam2-amg[facebook/sam2.1-hiera-tiny]/point-grid/semantic-rerank,sam2-amg[facebook/sam2.1-hiera-tiny],0.5605230645137752,0.66,1.0,0.5605230645137752,0.5004698724185005,False,0.5004698724185005,1.0,visual candidate from stored precursor score and appearance utility; semantic rerank,0.5605230645137752,0.0,original matched/generic visual candidate; downstream transformations applied,0.66,0.0,True,False,False,,
fan__03,1,root:1,device,grounded-sam2[IDEA-Research/grounding-dino-tiny|facebook/sam2.1-hiera-tiny]/root,grounded-sam2[IDEA-Research/grounding-dino|facebook/sam2.1-hiera-tiny],0.8925625681877136,0.978125,1.0,0.8925625681877136,0.9203270191047341,False,0.9203270191047341,,Stored score; precursor logits not archived in candidates.json,,,root quality rule; later root-routing maxima can retain different precursor metadata,0.978125,0.0,False,False,False,specific_root_label,
fan__03,2,root:1/profile-refine:IDEA-Research_grounding-dino-tiny:device_rod:01,device_rod,grounded-sam2[IDEA-Research/grounding-dino-tiny|facebook/sam2.1-hiera-tiny]/profile-refine,grounded-sam2[IDEA-Research/grounding-dino|facebook/sam2.1-hiera-tiny]/profile-refine,0.34620964527130127,0.7906679687500001,1.0,0.34620964527130127,0.5063558682810749,False,0.5063558682810749,1.0,Stored score; precursor logits not archived in candidates.json,,,profile priority + SAM quality,0.7906679687500001,0.0,False,False,False,,
fan__03,3,root:1/profile-refine:IDEA-Research_grounding-dino-tiny:device_blade:03,device_blade,grounded-sam2[IDEA-Research/grounding-dino-tiny|facebook/sam2.1-hiera-tiny]/profile-refine,grounded-sam2[IDEA-Research/grounding-dino|facebook/sam2.1-hiera-tiny]/profile-refine,0.24328269064426422,0.824892578125,1.0,0.24328269064426422,0.48157680740055364,False,0.48157680740055364,1.0,Stored score; precursor logits not archived in candidates.json,,,profile priority + SAM quality,0.824892578125,0.0,False,False,False,,
fan__03,4,root:1/profile-refine:IDEA-Research_grounding-dino-tiny:device_bulb:01,device_bulb,grounded-sam2[IDEA-Research/grounding-dino-tiny|facebook/sam2.1-hiera-tiny]/profile-refine,grounded-sam2[IDEA-Research/grounding-dino|facebook/sam2.1-hiera-tiny]/profile-refine,0.31058982014656067,0.847515625,1.0,0.31058982014656067,0.5261583802970824,False,0.5261583802970824,1.0,Stored score; precursor logits not archived in candidates.json,,,profile priority + SAM quality,0.847515625,0.0,False,False,False,,
fan__03,5,root:1/profile-refine:IDEA-Research_grounding-dino-tiny:device_chain:01,device_chain,grounded-sam2[IDEA-Research/grounding-dino-tiny|facebook/sam2.1-hiera-tiny]/profile-refine,grounded-sam2[IDEA-Research/grounding-dino|facebook/sam2.1-hiera-tiny]/profile-refine,0.26473838090896606,0.7705585937500001,1.0,0.26473838090896606,0.45894940616517577,False,0.45894940616517577,1.0,Stored score; precursor logits not archived in candidates.json,,,profile priority + SAM quality,0.7705585937500001,0.0,False,False,False,,
fan__03,6,root:1/profile-refine:IDEA-Research_grounding-dino-tiny:device_shade:01,device_shade,grounded-sam2[IDEA-Research/grounding-dino-tiny|facebook/sam2.1-hiera-tiny]/profile-refine,grounded-sam2[IDEA-Research/grounding-dino|facebook/sam2.1-hiera-tiny]/profile-refine,0.2422056347131729,0.85641015625,1.0,0.2422056347131729,0.4994696213206364,False,0.4994696213206364,1.0,Stored score; precursor logits not archived in candidates.json,,,profile priority + SAM quality,0.85641015625,0.0,False,False,False,,
fan__03,7,root:1/visual-region:03,device_blade,sam2-amg[facebook/sam2.1-hiera-tiny]/point-grid,sam2-amg[facebook/sam2.1-hiera-tiny],0.7773341342479685,0.68,1.0,0.7773341342479685,0.5967229662087402,False,0.5967229662087402,1.0,visual candidate from stored precursor score and appearance utility,0.7773341342479685,0.0,original matched/generic visual candidate; downstream transformations applied,0.68,0.0,False,False,False,,
fan__03,8,root:1/visual-region:06,device_blade,sam2-amg[facebook/sam2.1-hiera-tiny]/point-grid,sam2-amg[facebook/sam2.1-hiera-tiny],0.7682630290520062,0.68,1.0,0.7682630290520062,0.5933303728654503,False,0.5933303728654503,1.0,visual candidate from stored precursor score and appearance utility,0.7682630290520062,0.0,original matched/generic visual candidate; downstream transformations applied,0.68,0.0,False,False,False,,
fan__03,9,root:1/visual-region:01,device_blade,sam2-amg[facebook/sam2.1-hiera-tiny]/point-grid/semantic-rerank,sam2-amg[facebook/sam2.1-hiera-tiny],0.6046818701750943,0.66,1.0,0.6046818701750943,0.5164995188735593,False,0.5164995188735593,1.0,visual candidate from stored precursor score and appearance utility; semantic rerank,0.6046818701750943,0.0,original matched/generic visual candidate; downstream transformations applied,0.66,0.0,True,False,False,,
fan__03,10,root:1/visual-region:02,device_blade,sam2-amg[facebook/sam2.1-hiera-tiny]/point-grid/semantic-rerank,sam2-amg[facebook/sam2.1-hiera-tiny],0.5477785326060823,0.66,1.0,0.5477785326060823,0.4958436073360079,False,0.4958436073360079,1.0,visual candidate from stored precursor score and appearance utility; semantic rerank,0.5477785326060823,0.0,original matched/generic visual candidate; downstream transformations applied,0.66,0.0,True,False,False,,
fan__04,1,root:1,device,grounded-sam2[IDEA-Research/grounding-dino-tiny|facebook/sam2.1-hiera-tiny]/root,grounded-sam2[IDEA-Research/grounding-dino|facebook/sam2.1-hiera-tiny],0.43500128388404846,0.9612304687500001,1.0,0.43500128388404846,0.6625287793455937,False,0.6625287793455937,,Stored score; precursor logits not archived in candidates.json,,,root quality rule; later root-routing maxima can retain different precursor metadata,0.9612304687500001,0.0,False,False,False,specific_root_label,
fan__04,2,root:1/profile-refine:IDEA-Research_grounding-dino-tiny:device_blade:01,device_blade,grounded-sam2[IDEA-Research/grounding-dino-tiny|facebook/sam2.1-hiera-tiny]/profile-refine,grounded-sam2[IDEA-Research/grounding-dino|facebook/sam2.1-hiera-tiny]/profile-refine,0.37593555450439453,0.848095703125,1.0,0.37593555450439453,0.5569991970411502,False,0.5569991970411502,1.0,Stored score; precursor logits not archived in candidates.json,,,profile priority + SAM quality,0.848095703125,0.0,False,False,False,,
fan__04,3,root:1/profile-refine:IDEA-Research_grounding-dino-tiny:device_bulb:04,device_bulb,grounded-sam2[IDEA-Research/grounding-dino-tiny|facebook/sam2.1-hiera-tiny]/profile-refine,grounded-sam2[IDEA-Research/grounding-dino|facebook/sam2.1-hiera-tiny]/profile-refine,0.24508501589298248,0.818705078125,1.0,0.24508501589298248,0.4787760760524122,False,0.4787760760524122,1.0,Stored score; precursor logits not archived in candidates.json,,,profile priority + SAM quality,0.818705078125,0.0,False,False,False,,
fan__04,4,root:1/profile-refine:IDEA-Research_grounding-dino-tiny:device_bulb:03,device_bulb,grounded-sam2[IDEA-Research/grounding-dino-tiny|facebook/sam2.1-hiera-tiny]/profile-refine,grounded-sam2[IDEA-Research/grounding-dino|facebook/sam2.1-hiera-tiny]/profile-refine,0.25590112805366516,0.83552734375,1.0,0.25590112805366516,0.4935841190694191,False,0.4935841190694191,1.0,Stored score; precursor logits not archived in candidates.json,,,profile priority + SAM quality,0.83552734375,0.0,False,False,False,,
fan__04,5,root:1/visual-region:02,device_blade,sam2-amg[facebook/sam2.1-hiera-tiny]/point-grid,sam2-amg[facebook/sam2.1-hiera-tiny],0.7871339380421285,0.68,1.0,0.7871339380421285,0.6003880928277562,False,0.6003880928277562,1.0,visual candidate from stored precursor score and appearance utility,0.7871339380421285,0.0,original matched/generic visual candidate; downstream transformations applied,0.68,0.0,False,False,False,,
lamp__01,1,root:1,device,grounded-sam2[IDEA-Research/grounding-dino-tiny|facebook/sam2.1-hiera-tiny]/root,grounded-sam2[IDEA-Research/grounding-dino|facebook/sam2.1-hiera-tiny],0.45314085483551025,0.9934570312500001,1.0,0.45314085483551025,0.6946524466731354,False,0.6946524466731354,,Stored score; precursor logits not archived in candidates.json,,,root quality rule; later root-routing maxima can retain different precursor metadata,0.9934570312500001,0.0,False,False,False,specific_root_label,
lamp__01,2,root:1/profile-refine:IDEA-Research_grounding-dino-tiny:device_screen:01,device_screen,grounded-sam2[IDEA-Research/grounding-dino-tiny|facebook/sam2.1-hiera-tiny]/profile-refine,grounded-sam2[IDEA-Research/grounding-dino|facebook/sam2.1-hiera-tiny]/profile-refine,0.3318771719932556,0.838427734375,1.0,0.3318771719932556,0.5303327444415482,False,0.5303327444415482,1.0,Stored score; precursor logits not archived in candidates.json,,,profile priority + SAM quality,0.838427734375,0.0,False,False,False,,
lamp__01,3,root:1/profile-refine:IDEA-Research_grounding-dino-tiny:device_logo:01,device_logo,grounded-sam2[IDEA-Research/grounding-dino-tiny|facebook/sam2.1-hiera-tiny]/profile-refine,grounded-sam2[IDEA-Research/grounding-dino|facebook/sam2.1-hiera-tiny]/profile-refine,0.31027624011039734,0.8245058593750001,1.0,0.31027624011039734,0.5117311546164769,False,0.5117311546164769,1.0,Stored score; precursor logits not archived in candidates.json,,,profile priority + SAM quality,0.8245058593750001,0.0,False,False,False,,
lamp__01,4,root:1/profile-topology:IDEA-Research_grounding-dino-tiny:device_bezel:01,device_bezel,hpid-topology-v2/surround,hpid-topology-v1,0.3119645416736603,0.82,1.0,0.3119645416736603,0.5096960082948208,False,0.5096960082948208,1.0,topology formula using same archived anchor key,0.3119645416736603,0.0,,0.82,0.0,False,False,False,,
lamp__01,5,root:1/visual-region:01,device_screen,sam2-amg[facebook/sam2.1-hiera-tiny]/point-grid,sam2-amg[facebook/sam2.1-hiera-tiny],0.6697028800426406,0.68,1.0,0.6697028800426406,0.5564688771359476,False,0.5564688771359476,1.0,visual candidate from stored precursor score and appearance utility,0.6697028800426406,0.0,original matched/generic visual candidate; downstream transformations applied,0.68,0.0,False,False,False,,
lamp__01,6,root:1/visual-region:02,device_visual_strip_01,sam2-amg[facebook/sam2.1-hiera-tiny]/point-grid,sam2-amg[facebook/sam2.1-hiera-tiny],0.6705250743303537,0.62,1.0,0.6705250743303537,0.5076490503466506,False,0.5076490503466506,,visual candidate from stored precursor score and appearance utility,0.6705250743303537,0.0,original matched/generic visual candidate; downstream transformations applied,0.62,0.0,False,False,False,,
lamp__01,7,root:1/visual-region:06,device_logo,sam2-amg[facebook/sam2.1-hiera-tiny]/point-grid/semantic-rerank,sam2-amg[facebook/sam2.1-hiera-tiny],0.5135960350446048,0.66,1.0,0.5135960350446048,0.4834353607211916,False,0.4834353607211916,1.0,visual candidate from stored precursor score and appearance utility; semantic rerank,0.5135960350446048,0.0,original matched/generic visual candidate; downstream transformations applied,0.66,0.0,True,False,False,,
lamp__02,1,root:1,device,grounded-sam2[IDEA-Research/grounding-dino-tiny|facebook/sam2.1-hiera-tiny]/root,grounded-sam2[IDEA-Research/grounding-dino|facebook/sam2.1-hiera-tiny],0.5487943887710571,0.9919921875000001,1.0,0.5487943887710571,0.7458163447875996,False,0.7458163447875996,,Stored score; precursor logits not archived in candidates.json,,,root quality rule; later root-routing maxima can retain different precursor metadata,0.9919921875000001,0.0,False,False,False,specific_root_label,
lamp__02,2,root:1/visual-region:01,device_rod,sam2-amg[facebook/sam2.1-hiera-tiny]/prototype-labelled-region,sam2-amg[facebook/sam2.1-hiera-tiny],0.7644534327391895,0.5794830242350101,1.0,0.7644534327391895,0.5044106438055518,False,0.5044106438055518,1.0,visual candidate from stored precursor score and appearance utility; prototype label leaves score unchanged,0.7644534327391895,0.0,original matched/generic visual candidate; downstream transformations applied,0.5794830242350101,0.0,False,False,False,,
lamp__02,3,root:1/visual-region:02,device_shade,sam2-amg[facebook/sam2.1-hiera-tiny]/prototype-labelled-region,sam2-amg[facebook/sam2.1-hiera-tiny],0.8425088042406446,0.5884783246808052,1.0,0.8425088042406446,0.537504239412962,False,0.537504239412962,1.0,visual candidate from stored precursor score and appearance utility; prototype label leaves score unchanged,0.8425088042406446,0.0,original matched/generic visual candidate; downstream transformations applied,0.5884783246808052,0.0,False,False,False,,
lamp__03,1,root:1,device,grounded-sam2[IDEA-Research/grounding-dino-tiny|facebook/sam2.1-hiera-tiny]/root,grounded-sam2[IDEA-Research/grounding-dino|facebook/sam2.1-hiera-tiny],0.6991516947746277,0.9745117187500001,1.0,0.6991516947746277,0.8132626092954889,False,0.8132626092954889,,Stored score; precursor logits not archived in candidates.json,,,root quality rule; later root-routing maxima can retain different precursor metadata,0.9745117187500001,0.0,False,False,False,specific_root_label,
lamp__03,2,root:1/profile-refine:IDEA-Research_grounding-dino-tiny:device_shade:01,device_shade,grounded-sam2[IDEA-Research/grounding-dino-tiny|facebook/sam2.1-hiera-tiny]/profile-refine,grounded-sam2[IDEA-Research/grounding-dino|facebook/sam2.1-hiera-tiny]/profile-refine,0.4999295473098755,0.860083984375,1.0,0.4999295473098755,0.6235275612951373,False,0.6235275612951373,1.0,Stored score; precursor logits not archived in candidates.json,,,profile priority + SAM quality,0.860083984375,0.0,False,False,False,,
lamp__03,3,root:1/profile-refine:IDEA-Research_grounding-dino-tiny:device_base:01,device_base,grounded-sam2[IDEA-Research/grounding-dino-tiny|facebook/sam2.1-hiera-tiny]/profile-refine,grounded-sam2[IDEA-Research/grounding-dino|facebook/sam2.1-hiera-tiny]/profile-refine,0.35353976488113403,0.8482890625000001,1.0,0.35353976488113403,0.5466772317641183,False,0.5466772317641183,1.0,Stored score; precursor logits not archived in candidates.json,,,profile priority + SAM quality,0.8482890625000001,0.0,False,False,False,,
lamp__03,4,root:1/profile-refine:IDEA-Research_grounding-dino-tiny:device_stand:01,device_stand,grounded-sam2[IDEA-Research/grounding-dino-tiny|facebook/sam2.1-hiera-tiny]/profile-refine,grounded-sam2[IDEA-Research/grounding-dino|facebook/sam2.1-hiera-tiny]/profile-refine,0.3217795789241791,0.8264394531250001,1.0,0.3217795789241791,0.5181599904843404,False,0.5181599904843404,1.0,Stored score; precursor logits not archived in candidates.json,,,profile priority + SAM quality,0.8264394531250001,0.0,False,False,False,,
lamp__03,5,root:1/visual-region:01,device_chain,sam2-amg[facebook/sam2.1-hiera-tiny]/point-grid/semantic-rerank,sam2-amg[facebook/sam2.1-hiera-tiny],0.46936558024983077,0.66,1.0,0.46936558024983077,0.4673797056306886,False,0.4673797056306886,1.0,visual candidate from stored precursor score and appearance utility; semantic rerank,0.46936558024983077,0.0,original matched/generic visual candidate; downstream transformations applied,0.66,0.0,True,False,False,,
lamp__03,6,root:1/visual-region:02,device_chain,sam2-amg[facebook/sam2.1-hiera-tiny]/point-grid/semantic-rerank,sam2-amg[facebook/sam2.1-hiera-tiny],0.47475418895366633,0.66,1.0,0.47475418895366633,0.46933577059018095,False,0.46933577059018095,1.0,visual candidate from stored precursor score and appearance utility; semantic rerank,0.47475418895366633,0.0,original matched/generic visual candidate; downstream transformations applied,0.66,0.0,True,False,False,,
lamp__03,7,root:1/visual-region:03,device_visual_panel_03,sam2-amg[facebook/sam2.1-hiera-tiny]/point-grid,sam2-amg[facebook/sam2.1-hiera-tiny],0.7661114603385228,0.62,1.0,0.7661114603385228,0.5402440079754363,False,0.5402440079754363,,visual candidate from stored precursor score and appearance utility,0.7661114603385228,0.0,original matched/generic visual candidate; downstream transformations applied,0.62,0.0,False,False,False,,
lamp__03,8,root:1/visual-region:04,device_rod,sam2-amg[facebook/sam2.1-hiera-tiny]/prototype-labelled-region,sam2-amg[facebook/sam2.1-hiera-tiny],0.7174577884115113,0.5926646203484535,1.0,0.7174577884115113,0.5005655954385263,False,0.5005655954385263,1.0,visual candidate from stored precursor score and appearance utility; prototype label leaves score unchanged,0.7174577884115113,0.0,original matched/generic visual candidate; downstream transformations applied,0.5926646203484535,0.0,False,False,False,,
lamp__04,1,root:1,device,grounded-sam2[IDEA-Research/grounding-dino-tiny|facebook/sam2.1-hiera-tiny]/root,grounded-sam2[IDEA-Research/grounding-dino|facebook/sam2.1-hiera-tiny],0.7197777628898621,0.96552734375,1.0,0.7197777628898621,0.8167181160088512,False,0.8167181160088512,,Stored score; precursor logits not archived in candidates.json,,,root quality rule; later root-routing maxima can retain different precursor metadata,0.96552734375,0.0,False,False,False,specific_root_label,
lamp__04,2,root:1/profile-refine:IDEA-Research_grounding-dino-tiny:device_bulb:01,device_bulb,grounded-sam2[IDEA-Research/grounding-dino-tiny|facebook/sam2.1-hiera-tiny]/profile-refine,grounded-sam2[IDEA-Research/grounding-dino|facebook/sam2.1-hiera-tiny]/profile-refine,0.6494675278663635,0.7951152343750001,1.0,0.6494675278663635,0.6418226945698786,False,0.6418226945698786,1.0,Stored score; precursor logits not archived in candidates.json,,,profile priority + SAM quality,0.7951152343750001,0.0,False,False,False,,
lamp__04,3,root:1/profile-refine:IDEA-Research_grounding-dino-tiny:device_shade:01,device_shade,grounded-sam2[IDEA-Research/grounding-dino-tiny|facebook/sam2.1-hiera-tiny]/profile-refine,grounded-sam2[IDEA-Research/grounding-dino|facebook/sam2.1-hiera-tiny]/profile-refine,0.5817189812660217,0.865498046875,1.0,0.5817189812660217,0.666386274257471,False,0.666386274257471,1.0,Stored score; precursor logits not archived in candidates.json,,,profile priority + SAM quality,0.865498046875,0.0,False,False,False,,
lamp__04,4,root:1/profile-refine:IDEA-Research_grounding-dino-tiny:device_finial:03,device_finial,grounded-sam2[IDEA-Research/grounding-dino-tiny|facebook/sam2.1-hiera-tiny]/profile-refine,grounded-sam2[IDEA-Research/grounding-dino|facebook/sam2.1-hiera-tiny]/profile-refine,0.2573915719985962,0.866078125,1.0,0.2573915719985962,0.5123418217870407,False,0.5123418217870407,1.0,Stored score; precursor logits not archived in candidates.json,,,profile priority + SAM quality,0.866078125,0.0,False,False,False,,
lamp__04,5,root:1/profile-refine:IDEA-Research_grounding-dino-tiny:device_rod:01,device_rod,grounded-sam2[IDEA-Research/grounding-dino-tiny|facebook/sam2.1-hiera-tiny]/profile-refine,grounded-sam2[IDEA-Research/grounding-dino|facebook/sam2.1-hiera-tiny]/profile-refine,0.4854700565338135,0.8098105468750001,1.0,0.4854700565338135,0.5806410706789467,False,0.5806410706789467,1.0,Stored score; precursor logits not archived in candidates.json,,,profile priority + SAM quality,0.8098105468750001,0.0,False,False,False,,
lamp__04,6,root:1/visual-region:01,device_stand,sam2-amg[facebook/sam2.1-hiera-tiny]/point-grid,sam2-amg[facebook/sam2.1-hiera-tiny],0.7906750623111323,0.68,1.0,0.7906750623111323,0.6017124733043636,False,0.6017124733043636,1.0,visual candidate from stored precursor score and appearance utility,0.7906750623111323,0.0,original matched/generic visual candidate; downstream transformations applied,0.68,0.0,False,False,False,,
lamp__04,7,root:1/visual-region:02,device_shade,sam2-amg[facebook/sam2.1-hiera-tiny]/point-grid,sam2-amg[facebook/sam2.1-hiera-tiny],0.8185211254846061,0.68,1.0,0.8185211254846061,0.6121269009312428,False,0.6121269009312428,1.0,visual candidate from stored precursor score and appearance utility,0.8185211254846061,0.0,original matched/generic visual candidate; downstream transformations applied,0.68,0.0,False,False,False,,
blender__01,1,root:1,device,grounded-sam2[IDEA-Research/grounding-dino-tiny|facebook/sam2.1-hiera-tiny]/root,grounded-sam2[IDEA-Research/grounding-dino|facebook/sam2.1-hiera-tiny],0.8127187490463257,0.99267578125,1.0,0.8127187490463257,0.8904255220928463,False,0.8904255220928463,,Stored score; precursor logits not archived in candidates.json,,,root quality rule; later root-routing maxima can retain different precursor metadata,0.99267578125,0.0,False,False,False,specific_root_label,
blender__01,2,root:1/profile-refine:IDEA-Research_grounding-dino-tiny:device_lid:01,device_lid,grounded-sam2[IDEA-Research/grounding-dino-tiny|facebook/sam2.1-hiera-tiny]/profile-refine,grounded-sam2[IDEA-Research/grounding-dino|facebook/sam2.1-hiera-tiny]/profile-refine,0.4380037784576416,0.8498359375000001,1.0,0.4380037784576416,0.5871534153067508,False,0.5871534153067508,1.0,Stored score; precursor logits not archived in candidates.json,,,profile priority + SAM quality,0.8498359375000001,0.0,False,False,False,,
blender__01,3,root:1/profile-refine:IDEA-Research_grounding-dino-tiny:device_handle:01,device_handle,grounded-sam2[IDEA-Research/grounding-dino-tiny|facebook/sam2.1-hiera-tiny]/profile-refine,grounded-sam2[IDEA-Research/grounding-dino|facebook/sam2.1-hiera-tiny]/profile-refine,0.42292165756225586,0.84944921875,1.0,0.42292165756225586,0.5798399078222923,False,0.5798399078222923,1.0,Stored score; precursor logits not archived in candidates.json,,,profile priority + SAM quality,0.84944921875,0.0,False,False,False,,
blender__01,4,root:1/profile-refine:IDEA-Research_grounding-dino-tiny:device_button:04,device_button,grounded-sam2[IDEA-Research/grounding-dino-tiny|facebook/sam2.1-hiera-tiny]/profile-refine,grounded-sam2[IDEA-Research/grounding-dino|facebook/sam2.1-hiera-tiny]/profile-refine,0.25367605686187744,0.83784765625,1.0,0.25367605686187744,0.49392948464115627,False,0.49392948464115627,1.0,Stored score; precursor logits not archived in candidates.json,,,profile priority + SAM quality,0.83784765625,0.0,False,False,False,,
blender__01,5,root:1/device_guided_device_base:01,device_base,grounded-sam2[IDEA-Research/grounding-dino-tiny|facebook/sam2.1-hiera-tiny]/retrieved-part,grounded-sam2[IDEA-Research/grounding-dino|facebook/sam2.1-hiera-tiny],0.44036457630003517,0.845862415495576,1.0,0.44036457630003517,0.5855064012873177,False,0.5855064012873177,1.0,Stored score; precursor logits not archived in candidates.json,,,guided SAM quality times retrieval reliability scale,0.845862415495576,0.0,False,False,False,,
blender__01,6,root:1/visual-region:02,device_jar,sam2-amg[facebook/sam2.1-hiera-tiny]/prototype-labelled-region,sam2-amg[facebook/sam2.1-hiera-tiny],0.7606614982050074,0.5996790160684585,1.0,0.7606614982050074,0.5207395635734124,False,0.5207395635734124,1.0,visual candidate from stored precursor score and appearance utility; prototype label leaves score unchanged,0.7606614982050074,0.0,original matched/generic visual candidate; downstream transformations applied,0.5996790160684585,0.0,False,False,False,,
blender__01,7,root:1/visual-region:04,device_base,sam2-amg[facebook/sam2.1-hiera-tiny]/point-grid,sam2-amg[facebook/sam2.1-hiera-tiny],0.8037458738390758,0.68,1.0,0.8037458738390758,0.6066009568158144,False,0.6066009568158144,1.0,visual candidate from stored precursor score and appearance utility,0.8037458738390758,0.0,original matched/generic visual candidate; downstream transformations applied,0.68,0.0,False,False,False,,
blender__01,8,root:1/visual-region:07,device_blade,sam2-amg[facebook/sam2.1-hiera-tiny]/point-grid/semantic-rerank,sam2-amg[facebook/sam2.1-hiera-tiny],0.5585117118223942,0.66,1.0,0.5585117118223942,0.4997397513915291,False,0.4997397513915291,1.0,visual candidate from stored precursor score and appearance utility; semantic rerank,0.5585117118223942,0.0,original matched/generic visual candidate; downstream transformations applied,0.66,0.0,True,False,False,,
blender__02,1,root:1,device,grounded-sam2[IDEA-Research/grounding-dino-tiny|facebook/sam2.1-hiera-tiny]/root,grounded-sam2[IDEA-Research/grounding-dino|facebook/sam2.1-hiera-tiny],0.4853709638118744,0.980078125,1.0,0.4853709638118744,0.7026709615282016,False,0.7026709615282016,,Stored score; precursor logits not archived in candidates.json,,,root quality rule; later root-routing maxima can retain different precursor metadata,0.980078125,0.0,False,False,False,specific_root_label,
blender__02,2,root:1/profile-refine:IDEA-Research_grounding-dino-tiny:device_jar:01,device_jar,grounded-sam2[IDEA-Research/grounding-dino-tiny|facebook/sam2.1-hiera-tiny]/profile-refine,grounded-sam2[IDEA-Research/grounding-dino|facebook/sam2.1-hiera-tiny]/profile-refine,0.5495499968528748,0.850416015625,1.0,0.5495499968528748,0.6397275723219442,False,0.6397275723219442,1.0,Stored score; precursor logits not archived in candidates.json,,,profile priority + SAM quality,0.850416015625,0.0,False,False,False,,
blender__02,3,root:1/profile-refine:IDEA-Research_grounding-dino-tiny:device_handle:01,device_handle,grounded-sam2[IDEA-Research/grounding-dino-tiny|facebook/sam2.1-hiera-tiny]/profile-refine,grounded-sam2[IDEA-Research/grounding-dino|facebook/sam2.1-hiera-tiny]/profile-refine,0.4509637653827667,0.8498359375000001,1.0,0.4509637653827667,0.5932110397579266,False,0.5932110397579266,1.0,Stored score; precursor logits not archived in candidates.json,,,profile priority + SAM quality,0.8498359375000001,0.0,False,False,False,,
blender__02,4,root:1/profile-refine:IDEA-Research_grounding-dino-tiny:device_handle:02,device_handle,grounded-sam2[IDEA-Research/grounding-dino-tiny|facebook/sam2.1-hiera-tiny]/profile-refine,grounded-sam2[IDEA-Research/grounding-dino|facebook/sam2.1-hiera-tiny]/profile-refine,0.24908174574375153,0.7960820312500001,1.0,0.24908174574375153,0.46729614021694005,False,0.46729614021694005,1.0,Stored score; precursor logits not archived in candidates.json,,,profile priority + SAM quality,0.7960820312500001,0.0,False,False,False,,
blender__02,5,root:1/profile-refine:IDEA-Research_grounding-dino-tiny:device_lid:02,device_lid,grounded-sam2[IDEA-Research/grounding-dino-tiny|facebook/sam2.1-hiera-tiny]/profile-refine,grounded-sam2[IDEA-Research/grounding-dino|facebook/sam2.1-hiera-tiny]/profile-refine,0.26817408204078674,0.8668515625000001,1.0,0.26817408204078674,0.5179401202464826,False,0.5179401202464826,1.0,Stored score; precursor logits not archived in candidates.json,,,profile priority + SAM quality,0.8668515625000001,0.0,False,False,False,,
blender__02,6,root:1/profile-refine:IDEA-Research_grounding-dino-tiny:device_lid:01,device_lid,grounded-sam2[IDEA-Research/grounding-dino-tiny|facebook/sam2.1-hiera-tiny]/profile-refine,grounded-sam2[IDEA-Research/grounding-dino|facebook/sam2.1-hiera-tiny]/profile-refine,0.3845653831958771,0.8498359375000001,1.0,0.3845653831958771,0.5621757875020733,False,0.5621757875020733,1.0,Stored score; precursor logits not archived in candidates.json,,,profile priority + SAM quality,0.8498359375000001,0.0,False,False,False,,
blender__02,7,root:1/visual-region:01,device_jar,sam2-amg[facebook/sam2.1-hiera-tiny]/point-grid,sam2-amg[facebook/sam2.1-hiera-tiny],0.8260726217387022,0.68,1.0,0.8260726217387022,0.6149511605302748,False,0.6149511605302748,1.0,visual candidate from stored precursor score and appearance utility,0.8260726217387022,0.0,original matched/generic visual candidate; downstream transformations applied,0.68,0.0,False,False,False,,
blender__02,8,root:1/visual-region:04,device_visual_panel_02,sam2-amg[facebook/sam2.1-hiera-tiny]/point-grid,sam2-amg[facebook/sam2.1-hiera-tiny],0.7184937967648068,0.62,1.0,0.7184937967648068,0.5240063846967992,False,0.5240063846967992,,visual candidate from stored precursor score and appearance utility,0.7184937967648068,0.0,original matched/generic visual candidate; downstream transformations applied,0.62,0.0,False,False,False,,
blender__02,9,root:1/visual-region:05,device_button,sam2-amg[facebook/sam2.1-hiera-tiny]/prototype-labelled-region,sam2-amg[facebook/sam2.1-hiera-tiny],0.8329828517730244,0.6051750120391846,1.0,0.8329828517730244,0.549583979460229,False,0.549583979460229,1.0,visual candidate from stored precursor score and appearance utility; prototype label leaves score unchanged,0.8329828517730244,0.0,original matched/generic visual candidate; downstream transformations applied,0.6051750120391846,0.0,False,False,False,,
blender__03,1,root:5,device,grounded-sam2[IDEA-Research/grounding-dino-tiny|facebook/sam2.1-hiera-tiny]/root,grounded-sam2[IDEA-Research/grounding-dino|facebook/sam2.1-hiera-tiny],0.31310462951660156,0.96552734375,1.0,0.31310462951660156,0.6007583993766458,False,0.6007583993766458,,Stored score; precursor logits not archived in candidates.json,,,root quality rule; later root-routing maxima can retain different precursor metadata,0.96552734375,0.0,False,False,False,specific_root_label,
blender__03,2,root:5/profile-refine:IDEA-Research_grounding-dino-tiny:device_lid:02,device_lid,grounded-sam2[IDEA-Research/grounding-dino-tiny|facebook/sam2.1-hiera-tiny]/profile-refine,grounded-sam2[IDEA-Research/grounding-dino|facebook/sam2.1-hiera-tiny]/profile-refine,0.36840569972991943,0.850416015625,1.0,0.36840569972991943,0.5550011660450721,False,0.5550011660450721,1.0,Stored score; precursor logits not archived in candidates.json,,,profile priority + SAM quality,0.850416015625,0.0,False,False,False,,
blender__03,3,root:5/profile-refine:IDEA-Research_grounding-dino-tiny:device_jar:01,device_jar,grounded-sam2[IDEA-Research/grounding-dino-tiny|facebook/sam2.1-hiera-tiny]/profile-refine,grounded-sam2[IDEA-Research/grounding-dino|facebook/sam2.1-hiera-tiny]/profile-refine,0.3621792793273926,0.83359375,1.0,0.3621792793273926,0.5411678984947503,False,0.5411678984947503,1.0,Stored score; precursor logits not archived in candidates.json,,,profile priority + SAM quality,0.83359375,0.0,False,False,False,,
blender__03,4,root:5/profile-refine:IDEA-Research_grounding-dino-tiny:device_button:03,device_button,grounded-sam2[IDEA-Research/grounding-dino-tiny|facebook/sam2.1-hiera-tiny]/profile-refine,grounded-sam2[IDEA-Research/grounding-dino|facebook/sam2.1-hiera-tiny]/profile-refine,0.24780535697937012,0.786220703125,1.0,0.24780535697937012,0.4609556525076041,False,0.4609556525076041,1.0,Stored score; precursor logits not archived in candidates.json,,,profile priority + SAM quality,0.786220703125,0.0,False,False,False,,
blender__03,5,root:5/profile-refine:IDEA-Research_grounding-dino-tiny:device_blade:02,device_blade,grounded-sam2[IDEA-Research/grounding-dino-tiny|facebook/sam2.1-hiera-tiny]/profile-refine,grounded-sam2[IDEA-Research/grounding-dino|facebook/sam2.1-hiera-tiny]/profile-refine,0.2628418207168579,0.84094140625,1.0,0.2628418207168579,0.4999926464967197,False,0.4999926464967197,1.0,Stored score; precursor logits not archived in candidates.json,,,profile priority + SAM quality,0.84094140625,0.0,False,False,False,,
blender__03,6,root:5/device_guided_device_base:01,device_base,grounded-sam2[IDEA-Research/grounding-dino-tiny|facebook/sam2.1-hiera-tiny]/retrieved-part,grounded-sam2[IDEA-Research/grounding-dino|facebook/sam2.1-hiera-tiny],0.3935192199886972,0.8343692901902088,1.0,0.3935192199886972,0.5560533743275896,False,0.5560533743275896,1.0,Stored score; precursor logits not archived in candidates.json,,,guided SAM quality times retrieval reliability scale,0.8343692901902088,0.0,False,False,False,,
blender__03,7,root:5/visual-region:01,device_jar,sam2-amg[facebook/sam2.1-hiera-tiny]/point-grid,sam2-amg[facebook/sam2.1-hiera-tiny],0.8562777025060578,0.68,1.0,0.8562777025060578,0.6262478607372657,False,0.6262478607372657,1.0,visual candidate from stored precursor score and appearance utility,0.8562777025060578,0.0,original matched/generic visual candidate; downstream transformations applied,0.68,0.0,False,False,False,,
blender__03,8,root:5/visual-region:02,device_visual_panel_01,sam2-amg[facebook/sam2.1-hiera-tiny]/point-grid,sam2-amg[facebook/sam2.1-hiera-tiny],0.6847279647832809,0.62,1.0,0.6847279647832809,0.5124922359910988,False,0.5124922359910988,,visual candidate from stored precursor score and appearance utility,0.6847279647832809,0.0,original matched/generic visual candidate; downstream transformations applied,0.62,0.0,False,False,False,,
blender__03,9,root:5/visual-region:09,device_handle,sam2-amg[facebook/sam2.1-hiera-tiny]/point-grid/semantic-rerank,sam2-amg[facebook/sam2.1-hiera-tiny],0.582261866126284,0.66,1.0,0.582261866126284,0.5083610574038411,False,0.5083610574038411,1.0,visual candidate from stored precursor score and appearance utility; semantic rerank,0.582261866126284,0.0,original matched/generic visual candidate; downstream transformations applied,0.66,0.0,True,False,False,,
blender__03,10,root:5/visual-region:04,device_handle,sam2-amg[facebook/sam2.1-hiera-tiny]/point-grid/semantic-rerank,sam2-amg[facebook/sam2.1-hiera-tiny],0.4669556229820074,0.66,1.0,0.4669556229820074,0.46650489114246874,False,0.46650489114246874,1.0,visual candidate from stored precursor score and appearance utility; semantic rerank,0.4669556229820074,0.0,original matched/generic visual candidate; downstream transformations applied,0.66,0.0,True,False,False,,
blender__03,11,root:5/visual-region:05,device_base,sam2-amg[facebook/sam2.1-hiera-tiny]/point-grid,sam2-amg[facebook/sam2.1-hiera-tiny],0.826028335906694,0.68,1.0,0.826028335906694,0.6149345976291036,False,0.6149345976291036,1.0,visual candidate from stored precursor score and appearance utility,0.826028335906694,0.0,original matched/generic visual candidate; downstream transformations applied,0.68,0.0,False,False,False,,
blender__03,12,root:5/visual-region:08,device_button,sam2-amg[facebook/sam2.1-hiera-tiny]/point-grid,sam2-amg[facebook/sam2.1-hiera-tiny],0.7420323671579513,0.68,1.0,0.7420323671579513,0.5835201053170739,False,0.5835201053170739,1.0,visual candidate from stored precursor score and appearance utility,0.7420323671579513,0.0,original matched/generic visual candidate; downstream transformations applied,0.68,0.0,False,False,False,,
blender__03,13,root:5/visual-region:07,device_button,sam2-amg[facebook/sam2.1-hiera-tiny]/point-grid/semantic-rerank,sam2-amg[facebook/sam2.1-hiera-tiny],0.470915072539363,0.66,1.0,0.470915072539363,0.4679421713317888,False,0.4679421713317888,1.0,visual candidate from stored precursor score and appearance utility; semantic rerank,0.470915072539363,0.0,original matched/generic visual candidate; downstream transformations applied,0.66,0.0,True,False,False,,
blender__04,1,root:1,device,grounded-sam2[IDEA-Research/grounding-dino-tiny|facebook/sam2.1-hiera-tiny]/root,grounded-sam2[IDEA-Research/grounding-dino|facebook/sam2.1-hiera-tiny],0.8814108967781067,0.990234375,1.0,0.8814108967781067,0.9256473214190919,False,0.9256473214190919,,Stored score; precursor logits not archived in candidates.json,,,root quality rule; later root-routing maxima can retain different precursor metadata,0.990234375,0.0,False,False,False,specific_root_label,
blender__04,2,root:1/profile-refine:IDEA-Research_grounding-dino-tiny:device_lid:01,device_lid,grounded-sam2[IDEA-Research/grounding-dino-tiny|facebook/sam2.1-hiera-tiny]/profile-refine,grounded-sam2[IDEA-Research/grounding-dino|facebook/sam2.1-hiera-tiny]/profile-refine,0.4393864572048187,0.862017578125,1.0,0.4393864572048187,0.596225277491592,False,0.596225277491592,1.0,Stored score; precursor logits not archived in candidates.json,,,profile priority + SAM quality,0.862017578125,0.0,False,False,False,,
blender__04,3,root:1/profile-refine:IDEA-Research_grounding-dino-tiny:device_lid:02,device_lid,grounded-sam2[IDEA-Research/grounding-dino-tiny|facebook/sam2.1-hiera-tiny]/profile-refine,grounded-sam2[IDEA-Research/grounding-dino|facebook/sam2.1-hiera-tiny]/profile-refine,0.338733047246933,0.8544765625,1.0,0.338733047246933,0.5437061505241902,False,0.5437061505241902,1.0,Stored score; precursor logits not archived in candidates.json,,,profile priority + SAM quality,0.8544765625,0.0,False,False,False,,
blender__04,4,root:1/profile-refine:IDEA-Research_grounding-dino-tiny:device_base:01,device_base,grounded-sam2[IDEA-Research/grounding-dino-tiny|facebook/sam2.1-hiera-tiny]/profile-refine,grounded-sam2[IDEA-Research/grounding-dino|facebook/sam2.1-hiera-tiny]/profile-refine,0.4217899739742279,0.8544765625,1.0,0.4217899739742279,0.5827397590071546,False,0.5827397590071546,1.0,Stored score; precursor logits not archived in candidates.json,,,profile priority + SAM quality,0.8544765625,0.0,False,False,False,,
blender__04,5,root:1/profile-refine:IDEA-Research_grounding-dino-tiny:device_jar:01,device_jar,grounded-sam2[IDEA-Research/grounding-dino-tiny|facebook/sam2.1-hiera-tiny]/profile-refine,grounded-sam2[IDEA-Research/grounding-dino|facebook/sam2.1-hiera-tiny]/profile-refine,0.32809871435165405,0.873619140625,1.0,0.32809871435165405,0.5507769375608828,False,0.5507769375608828,1.0,Stored score; precursor logits not archived in candidates.json,,,profile priority + SAM quality,0.873619140625,0.0,False,False,False,,
blender__04,6,root:1/visual-region:01,device_jar,sam2-amg[facebook/sam2.1-hiera-tiny]/point-grid,sam2-amg[facebook/sam2.1-hiera-tiny],0.7866520398219341,0.68,1.0,0.7866520398219341,0.6002078628934034,False,0.6002078628934034,1.0,visual candidate from stored precursor score and appearance utility,0.7866520398219341,0.0,original matched/generic visual candidate; downstream transformations applied,0.68,0.0,False,False,False,,
blender__04,7,root:1/visual-region:05,device_jar,sam2-amg[facebook/sam2.1-hiera-tiny]/point-grid,sam2-amg[facebook/sam2.1-hiera-tiny],0.7175791726750045,0.68,1.0,0.7175791726750045,0.5743746105804518,False,0.5743746105804518,1.0,visual candidate from stored precursor score and appearance utility,0.7175791726750045,0.0,original matched/generic visual candidate; downstream transformations applied,0.68,0.0,False,False,False,,
blender__04,8,root:1/visual-region:03,device_lid,sam2-amg[facebook/sam2.1-hiera-tiny]/point-grid,sam2-amg[facebook/sam2.1-hiera-tiny],0.8736235884275777,0.68,1.0,0.8736235884275777,0.6327352220719141,False,0.6327352220719141,1.0,visual candidate from stored precursor score and appearance utility,0.8736235884275777,0.0,original matched/generic visual candidate; downstream transformations applied,0.68,0.0,False,False,False,,
blender__04,9,root:1/visual-region:11,device_base,sam2-amg[facebook/sam2.1-hiera-tiny]/point-grid,sam2-amg[facebook/sam2.1-hiera-tiny],0.8334757701874136,0.68,1.0,0.8334757701874136,0.6177199380500927,False,0.6177199380500927,1.0,visual candidate from stored precursor score and appearance utility,0.8334757701874136,0.0,original matched/generic visual candidate; downstream transformations applied,0.68,0.0,False,False,False,,
blender__04,10,root:1/visual-region:10,device_button,sam2-amg[facebook/sam2.1-hiera-tiny]/prototype-labelled-region,sam2-amg[facebook/sam2.1-hiera-tiny],0.8614086227201034,0.6036961507148743,1.0,0.8614086227201034,0.5576792561724938,False,0.5576792561724938,1.0,visual candidate from stored precursor score and appearance utility; prototype label leaves score unchanged,0.8614086227201034,0.0,original matched/generic visual candidate; downstream transformations applied,0.6036961507148743,0.0,False,False,False,,
microwave_oven__01,1,root:1,device,grounded-sam2[IDEA-Research/grounding-dino-tiny|facebook/sam2.1-hiera-tiny]/root,grounded-sam2[IDEA-Research/grounding-dino|facebook/sam2.1-hiera-tiny],0.826151430606842,0.995703125,1.0,0.826151430606842,0.9004972648981493,False,0.9004972648981493,,Stored score; precursor logits not archived in candidates.json,,,root quality rule; later root-routing maxima can retain different precursor metadata,0.995703125,0.0,False,False,False,specific_root_label,
microwave_oven__01,2,root:1/profile-refine:IDEA-Research_grounding-dino-tiny:device_control_panel:02,device_control_panel,grounded-sam2[IDEA-Research/grounding-dino-tiny|facebook/sam2.1-hiera-tiny]/profile-refine,grounded-sam2[IDEA-Research/grounding-dino|facebook/sam2.1-hiera-tiny]/profile-refine,0.29229217767715454,0.84712890625,1.0,0.29229217767715454,0.5173930418420932,False,0.5173930418420932,1.0,Stored score; precursor logits not archived in candidates.json,,,profile priority + SAM quality,0.84712890625,0.0,False,False,False,,
microwave_oven__01,3,root:1/profile-refine:IDEA-Research_grounding-dino-tiny:device_door:02,device_door,grounded-sam2[IDEA-Research/grounding-dino-tiny|facebook/sam2.1-hiera-tiny]/profile-refine,grounded-sam2[IDEA-Research/grounding-dino|facebook/sam2.1-hiera-tiny]/profile-refine,0.2812081575393677,0.8687851562500001,1.0,0.2812081575393677,0.5253235305101378,False,0.5253235305101378,1.0,Stored score; precursor logits not archived in candidates.json,,,profile priority + SAM quality,0.8687851562500001,0.0,False,False,False,,
microwave_oven__01,4,root:1/profile-refine:IDEA-Research_grounding-dino-tiny:device_screen:01,device_screen,grounded-sam2[IDEA-Research/grounding-dino-tiny|facebook/sam2.1-hiera-tiny]/profile-refine,grounded-sam2[IDEA-Research/grounding-dino|facebook/sam2.1-hiera-tiny]/profile-refine,0.3567827641963959,0.871298828125,1.0,0.3567827641963959,0.5630598950429849,False,0.5630598950429849,1.0,Stored score; precursor logits not archived in candidates.json,,,profile priority + SAM quality,0.871298828125,0.0,False,False,False,,
microwave_oven__01,5,root:1/device_guided_device_top_panel:01,device_top_panel,grounded-sam2[IDEA-Research/grounding-dino-tiny|facebook/sam2.1-hiera-tiny]/retrieved-part,grounded-sam2[IDEA-Research/grounding-dino|facebook/sam2.1-hiera-tiny],0.3675404974905687,0.8227097401722521,1.0,0.3675404974905687,0.5365279140337988,False,0.5365279140337988,1.0,Stored score; precursor logits not archived in candidates.json,,,guided SAM quality times retrieval reliability scale,0.8227097401722521,0.0,False,False,False,,
microwave_oven__01,6,root:1/device_guided_device_side_panel:01,device_side_panel,grounded-sam2[IDEA-Research/grounding-dino-tiny|facebook/sam2.1-hiera-tiny]/retrieved-part,grounded-sam2[IDEA-Research/grounding-dino|facebook/sam2.1-hiera-tiny],0.3062494020786583,0.8387520768166182,1.0,0.3062494020786583,0.5187154616770054,False,0.5187154616770054,1.0,Stored score; precursor logits not archived in candidates.json,,,guided SAM quality times retrieval reliability scale,0.8387520768166182,0.0,False,False,False,,
microwave_oven__01,7,root:1/visual-region:01,device_turntable,sam2-amg[facebook/sam2.1-hiera-tiny]/point-grid/semantic-rerank,sam2-amg[facebook/sam2.1-hiera-tiny],0.6315584863154473,0.66,1.0,0.6315584863154473,0.5262557305325074,False,0.5262557305325074,1.0,visual candidate from stored precursor score and appearance utility; semantic rerank,0.6315584863154473,0.0,original matched/generic visual candidate; downstream transformations applied,0.66,0.0,True,False,False,,
microwave_oven__01,8,root:1/visual-region:03,device_top_panel,sam2-amg[facebook/sam2.1-hiera-tiny]/point-grid,sam2-amg[facebook/sam2.1-hiera-tiny],0.7814367666763495,0.68,1.0,0.7814367666763495,0.5982573507369547,False,0.5982573507369547,1.0,visual candidate from stored precursor score and appearance utility,0.7814367666763495,0.0,original matched/generic visual candidate; downstream transformations applied,0.68,0.0,False,False,False,,
microwave_oven__01,9,root:1/visual-region:04,device_side_panel,sam2-amg[facebook/sam2.1-hiera-tiny]/prototype-labelled-region,sam2-amg[facebook/sam2.1-hiera-tiny],0.7892848275488001,0.5993713841075897,1.0,0.7892848275488001,0.5299082295970899,False,0.5299082295970899,1.0,visual candidate from stored precursor score and appearance utility; prototype label leaves score unchanged,0.7892848275488001,0.0,original matched/generic visual candidate; downstream transformations applied,0.5993713841075897,0.0,False,False,False,,
microwave_oven__01,10,root:1/visual-region:09,device_screen,sam2-amg[facebook/sam2.1-hiera-tiny]/point-grid,sam2-amg[facebook/sam2.1-hiera-tiny],0.899513250891766,0.68,1.0,0.899513250891766,0.6424179558335206,False,0.6424179558335206,1.0,visual candidate from stored precursor score and appearance utility,0.899513250891766,0.0,original matched/generic visual candidate; downstream transformations applied,0.68,0.0,False,False,False,,
microwave_oven__01,11,root:1/visual-region:08,device_control_panel,sam2-amg[facebook/sam2.1-hiera-tiny]/point-grid,sam2-amg[facebook/sam2.1-hiera-tiny],0.7335940993303042,0.68,1.0,0.7335940993303042,0.5803641931495338,False,0.5803641931495338,1.0,visual candidate from stored precursor score and appearance utility,0.7335940993303042,0.0,original matched/generic visual candidate; downstream transformations applied,0.68,0.0,False,False,False,,
microwave_oven__02,1,root:2,device,grounded-sam2[IDEA-Research/grounding-dino-tiny|facebook/sam2.1-hiera-tiny]/root,grounded-sam2[IDEA-Research/grounding-dino|facebook/sam2.1-hiera-tiny],0.41466179490089417,0.98408203125,1.0,0.41466179490089417,0.6672705858368136,False,0.6672705858368136,,Stored score; precursor logits not archived in candidates.json,,,root quality rule; later root-routing maxima can retain different precursor metadata,0.98408203125,0.0,False,False,False,specific_root_label,
microwave_oven__02,2,root:2/visual-region:01,device_door,sam2-amg[facebook/sam2.1-hiera-tiny]/point-grid/semantic-rerank,sam2-amg[facebook/sam2.1-hiera-tiny],0.559465794626469,0.66,1.0,0.559465794626469,0.5000860834494083,False,0.5000860834494083,1.0,visual candidate from stored precursor score and appearance utility; semantic rerank,0.559465794626469,0.0,original matched/generic visual candidate; downstream transformations applied,0.66,0.0,True,False,False,,
microwave_oven__02,3,root:2/visual-region:03,device_handle,sam2-amg[facebook/sam2.1-hiera-tiny]/point-grid/semantic-rerank,sam2-amg[facebook/sam2.1-hiera-tiny],0.5615572143933485,0.66,1.0,0.5615572143933485,0.5008452688247855,False,0.5008452688247855,1.0,visual candidate from stored precursor score and appearance utility; semantic rerank,0.5615572143933485,0.0,original matched/generic visual candidate; downstream transformations applied,0.66,0.0,True,False,False,,
microwave_oven__02,4,root:2/visual-region:02,device_handle,sam2-amg[facebook/sam2.1-hiera-tiny]/point-grid/semantic-rerank,sam2-amg[facebook/sam2.1-hiera-tiny],0.5251065543803508,0.66,1.0,0.5251065543803508,0.4876136792400674,False,0.4876136792400674,1.0,visual candidate from stored precursor score and appearance utility; semantic rerank,0.5251065543803508,0.0,original matched/generic visual candidate; downstream transformations applied,0.66,0.0,True,False,False,,
microwave_oven__02,5,root:2/visual-region:04,device_screen,sam2-amg[facebook/sam2.1-hiera-tiny]/prototype-labelled-region,sam2-amg[facebook/sam2.1-hiera-tiny],0.7292415987359022,0.6102883677835464,1.0,0.7292415987359022,0.5194059812594146,False,0.5194059812594146,1.0,visual candidate from stored precursor score and appearance utility; prototype label leaves score unchanged,0.7292415987359022,0.0,original matched/generic visual candidate; downstream transformations applied,0.6102883677835464,0.0,False,False,False,,
microwave_oven__03,1,root:1,device,grounded-sam2[IDEA-Research/grounding-dino-tiny|facebook/sam2.1-hiera-tiny]/root,grounded-sam2[IDEA-Research/grounding-dino|facebook/sam2.1-hiera-tiny],0.8469578623771667,0.978125,1.0,0.8469578623771667,0.8957931125257165,False,0.8957931125257165,,Stored score; precursor logits not archived in candidates.json,,,root quality rule; later root-routing maxima can retain different precursor metadata,0.978125,0.0,False,False,False,specific_root_label,
microwave_oven__03,2,root:1/profile-refine:IDEA-Research_grounding-dino-tiny:device_control_panel:02,device_control_panel,grounded-sam2[IDEA-Research/grounding-dino-tiny|facebook/sam2.1-hiera-tiny]/profile-refine,grounded-sam2[IDEA-Research/grounding-dino|facebook/sam2.1-hiera-tiny]/profile-refine,0.3021851181983948,0.8540898437500001,1.0,0.3021851181983948,0.5262917118996032,False,0.5262917118996032,1.0,Stored score; precursor logits not archived in candidates.json,,,profile priority + SAM quality,0.8540898437500001,0.0,False,False,False,,
microwave_oven__03,3,root:1/profile-refine:IDEA-Research_grounding-dino-tiny:device_vent:01,device_vent,grounded-sam2[IDEA-Research/grounding-dino-tiny|facebook/sam2.1-hiera-tiny]/profile-refine,grounded-sam2[IDEA-Research/grounding-dino|facebook/sam2.1-hiera-tiny]/profile-refine,0.3913477957248688,0.8521562500000002,1.0,0.3913477957248688,0.5668895210278687,False,0.5668895210278687,1.0,Stored score; precursor logits not archived in candidates.json,,,profile priority + SAM quality,0.8521562500000002,0.0,False,False,False,,
microwave_oven__03,4,root:1/profile-refine:IDEA-Research_grounding-dino-tiny:device_door:01,device_door,grounded-sam2[IDEA-Research/grounding-dino-tiny|facebook/sam2.1-hiera-tiny]/profile-refine,grounded-sam2[IDEA-Research/grounding-dino|facebook/sam2.1-hiera-tiny]/profile-refine,0.3621792793273926,0.866078125,1.0,0.3621792793273926,0.5622567093845457,False,0.5622567093845457,1.0,Stored score; precursor logits not archived in candidates.json,,,profile priority + SAM quality,0.866078125,0.0,False,False,False,,
microwave_oven__03,5,root:1/profile-refine:IDEA-Research_grounding-dino-tiny:device_dial:01,device_dial,grounded-sam2[IDEA-Research/grounding-dino-tiny|facebook/sam2.1-hiera-tiny]/profile-refine,grounded-sam2[IDEA-Research/grounding-dino|facebook/sam2.1-hiera-tiny]/profile-refine,0.30777397751808167,0.8492558593750001,1.0,0.30777397751808167,0.5259235062924593,False,0.5259235062924593,1.0,Stored score; precursor logits not archived in candidates.json,,,profile priority + SAM quality,0.8492558593750001,0.0,False,False,False,,
microwave_oven__03,6,root:1/device_guided_device_side_panel:01,device_side_panel,grounded-sam2[IDEA-Research/grounding-dino-tiny|facebook/sam2.1-hiera-tiny]/retrieved-part,grounded-sam2[IDEA-Research/grounding-dino|facebook/sam2.1-hiera-tiny],0.4361691045681998,0.8394253218642669,1.0,0.4361691045681998,0.5791136598830957,False,0.5791136598830957,1.0,Stored score; precursor logits not archived in candidates.json,,,guided SAM quality times retrieval reliability scale,0.8394253218642669,0.0,False,False,False,,
microwave_oven__03,7,root:1/visual-region:01,device_top_panel,sam2-amg[facebook/sam2.1-hiera-tiny]/prototype-labelled-region,sam2-amg[facebook/sam2.1-hiera-tiny],0.7171718706724532,0.6037364032115936,1.0,0.7171718706724532,0.5098219025715915,False,0.5098219025715915,1.0,visual candidate from stored precursor score and appearance utility; prototype label leaves score unchanged,0.7171718706724532,0.0,original matched/generic visual candidate; downstream transformations applied,0.6037364032115936,0.0,False,False,False,,
microwave_oven__03,8,root:1/visual-region:02,device_side_panel,sam2-amg[facebook/sam2.1-hiera-tiny]/point-grid,sam2-amg[facebook/sam2.1-hiera-tiny],0.7304711842554154,0.68,1.0,0.7304711842554154,0.5791962229115254,False,0.5791962229115254,1.0,visual candidate from stored precursor score and appearance utility,0.7304711842554154,0.0,original matched/generic visual candidate; downstream transformations applied,0.68,0.0,False,False,False,,
microwave_oven__03,9,root:1/visual-region:03,device_door,sam2-amg[facebook/sam2.1-hiera-tiny]/point-grid,sam2-amg[facebook/sam2.1-hiera-tiny],0.8150480969651975,0.68,1.0,0.8150480969651975,0.610827988264984,False,0.610827988264984,1.0,visual candidate from stored precursor score and appearance utility,0.8150480969651975,0.0,original matched/generic visual candidate; downstream transformations applied,0.68,0.0,False,False,False,,
microwave_oven__03,10,root:1/visual-region:06,device_screen,sam2-amg[facebook/sam2.1-hiera-tiny]/prototype-labelled-region,sam2-amg[facebook/sam2.1-hiera-tiny],0.7890536174261144,0.6118453531723023,1.0,0.7890536174261144,0.540858743001816,False,0.540858743001816,1.0,visual candidate from stored precursor score and appearance utility; prototype label leaves score unchanged,0.7890536174261144,0.0,original matched/generic visual candidate; downstream transformations applied,0.6118453531723023,0.0,False,False,False,,
microwave_oven__03,11,root:1/visual-region:08,device_control_panel,sam2-amg[facebook/sam2.1-hiera-tiny]/point-grid,sam2-amg[facebook/sam2.1-hiera-tiny],0.7218739145497226,0.68,1.0,0.7218739145497226,0.5759808440415963,False,0.5759808440415963,1.0,visual candidate from stored precursor score and appearance utility,0.7218739145497226,0.0,original matched/generic visual candidate; downstream transformations applied,0.68,0.0,False,False,False,,
microwave_oven__04,1,root:1,device,grounded-sam2[IDEA-Research/grounding-dino-tiny|facebook/sam2.1-hiera-tiny]/root,grounded-sam2[IDEA-Research/grounding-dino|facebook/sam2.1-hiera-tiny],0.579340934753418,0.97861328125,1.0,0.579340934753418,0.7521988797793165,False,0.7521988797793165,,Stored score; precursor logits not archived in candidates.json,,,root quality rule; later root-routing maxima can retain different precursor metadata,0.97861328125,0.0,False,False,False,specific_root_label,
microwave_oven__04,2,root:1/profile-refine:IDEA-Research_grounding-dino-tiny:device_control_panel:01,device_control_panel,grounded-sam2[IDEA-Research/grounding-dino-tiny|facebook/sam2.1-hiera-tiny]/profile-refine,grounded-sam2[IDEA-Research/grounding-dino|facebook/sam2.1-hiera-tiny]/profile-refine,0.5661384463310242,0.871298828125,1.0,0.5661384463310242,0.6633861433208513,False,0.6633861433208513,1.0,Stored score; precursor logits not archived in candidates.json,,,profile priority + SAM quality,0.871298828125,0.0,False,False,False,,
microwave_oven__04,3,root:1/profile-refine:IDEA-Research_grounding-dino-tiny:device_door:03,device_door,grounded-sam2[IDEA-Research/grounding-dino-tiny|facebook/sam2.1-hiera-tiny]/profile-refine,grounded-sam2[IDEA-Research/grounding-dino|facebook/sam2.1-hiera-tiny]/profile-refine,0.28977349400520325,0.8687851562500001,1.0,0.28977349400520325,0.5294163209590305,False,0.5294163209590305,1.0,Stored score; precursor logits not archived in candidates.json,,,profile priority + SAM quality,0.8687851562500001,0.0,False,False,False,,
microwave_oven__04,4,root:1/profile-refine:IDEA-Research_grounding-dino-tiny:device_button:03,device_button,grounded-sam2[IDEA-Research/grounding-dino-tiny|facebook/sam2.1-hiera-tiny]/profile-refine,grounded-sam2[IDEA-Research/grounding-dino|facebook/sam2.1-hiera-tiny]/profile-refine,0.25720497965812683,0.8090371093750001,1.0,0.25720497965812683,0.4785153045114567,False,0.4785153045114567,1.0,Stored score; precursor logits not archived in candidates.json,,,profile priority + SAM quality,0.8090371093750001,0.0,False,False,False,,
microwave_oven__04,5,root:1/profile-refine:IDEA-Research_grounding-dino-tiny:device_button:02,device_button,grounded-sam2[IDEA-Research/grounding-dino-tiny|facebook/sam2.1-hiera-tiny]/profile-refine,grounded-sam2[IDEA-Research/grounding-dino|facebook/sam2.1-hiera-tiny]/profile-refine,0.27708157896995544,0.834947265625,1.0,0.27708157896995544,0.502967948225062,False,0.502967948225062,1.0,Stored score; precursor logits not archived in candidates.json,,,profile priority + SAM quality,0.834947265625,0.0,False,False,False,,
microwave_oven__04,6,root:1/profile-refine:IDEA-Research_grounding-dino-tiny:device_cable:01,device_cable,grounded-sam2[IDEA-Research/grounding-dino-tiny|facebook/sam2.1-hiera-tiny]/profile-refine,grounded-sam2[IDEA-Research/grounding-dino|facebook/sam2.1-hiera-tiny]/profile-refine,0.2649284899234772,0.7964687500000001,1.0,0.2649284899234772,0.4744649322648067,False,0.4744649322648067,1.0,Stored score; precursor logits not archived in candidates.json,,,profile priority + SAM quality,0.7964687500000001,0.0,False,False,False,,
microwave_oven__04,7,root:1/device_guided_device_dial:01,device_dial,grounded-sam2[IDEA-Research/grounding-dino-tiny|facebook/sam2.1-hiera-tiny]/retrieved-part,grounded-sam2[IDEA-Research/grounding-dino|facebook/sam2.1-hiera-tiny],0.35782676495810645,0.6932510468365853,1.0,0.35782676495810645,0.4483980497428093,False,0.4483980497428093,1.0,Stored score; precursor logits not archived in candidates.json,,,guided SAM quality times retrieval reliability scale,0.6932510468365853,0.0,False,False,False,,
microwave_oven__04,8,root:1/device_guided_device_side_panel:01,device_side_panel,grounded-sam2[IDEA-Research/grounding-dino-tiny|facebook/sam2.1-hiera-tiny]/retrieved-part,grounded-sam2[IDEA-Research/grounding-dino|facebook/sam2.1-hiera-tiny],0.34742311696967043,0.8402768111334141,1.0,0.34742311696967043,0.5386869388727545,False,0.5386869388727545,1.0,Stored score; precursor logits not archived in candidates.json,,,guided SAM quality times retrieval reliability scale,0.8402768111334141,0.0,False,False,False,,
microwave_oven__04,9,root:1/device_guided_device_side_panel:02,device_side_panel,grounded-sam2[IDEA-Research/grounding-dino-tiny|facebook/sam2.1-hiera-tiny]/retrieved-part,grounded-sam2[IDEA-Research/grounding-dino|facebook/sam2.1-hiera-tiny],0.30059313233770685,0.8474455857837404,1.0,0.30059313233770685,0.5214554913167567,False,0.5214554913167567,1.0,Stored score; precursor logits not archived in candidates.json,,,guided SAM quality times retrieval reliability scale,0.8474455857837404,0.0,False,False,False,,
microwave_oven__04,10,root:1/visual-region:01,device_top_panel,sam2-amg[facebook/sam2.1-hiera-tiny]/prototype-labelled-region,sam2-amg[facebook/sam2.1-hiera-tiny],0.738299479617104,0.6007721857280731,1.0,0.738299479617104,0.5142998692279396,False,0.5142998692279396,1.0,visual candidate from stored precursor score and appearance utility; prototype label leaves score unchanged,0.738299479617104,0.0,original matched/generic visual candidate; downstream transformations applied,0.6007721857280731,0.0,False,False,False,,
microwave_oven__04,11,root:1/visual-region:07,device_button,sam2-amg[facebook/sam2.1-hiera-tiny]/point-grid/within-root-repetition-consensus,sam2-amg[facebook/sam2.1-hiera-tiny],0.596888215933618,0.62,1.0,0.596888215933618,0.4825388816333637,False,0.4825388816333637,1.0,visual candidate from stored precursor score and appearance utility; within-root/inventory consensus,0.596888215933618,0.0,original matched/generic visual candidate; downstream transformations applied,0.62,0.0,True,False,False,,
microwave_oven__04,12,root:1/visual-region:03,device_button,sam2-amg[facebook/sam2.1-hiera-tiny]/point-grid/semantic-rerank,sam2-amg[facebook/sam2.1-hiera-tiny],0.5024504288535814,0.66,1.0,0.5024504288535814,0.4793895056738501,False,0.4793895056738501,1.0,visual candidate from stored precursor score and appearance utility; semantic rerank,0.5024504288535814,0.0,original matched/generic visual candidate; downstream transformations applied,0.66,0.0,True,False,False,,
microwave_oven__04,13,root:1/visual-region:04,device_visual_detail_02,sam2-amg[facebook/sam2.1-hiera-tiny]/point-grid,sam2-amg[facebook/sam2.1-hiera-tiny],0.6971781122528761,0.62,1.0,0.6971781122528761,0.5167377362782307,False,0.5167377362782307,,visual candidate from stored precursor score and appearance utility,0.6971781122528761,0.0,original matched/generic visual candidate; downstream transformations applied,0.62,0.0,False,False,False,,
microwave_oven__04,14,root:1/visual-region:05,device_dial,sam2-amg[facebook/sam2.1-hiera-tiny]/point-grid,sam2-amg[facebook/sam2.1-hiera-tiny],0.7719282035826438,0.68,1.0,0.7719282035826438,0.5947011481399088,False,0.5947011481399088,1.0,visual candidate from stored precursor score and appearance utility,0.7719282035826438,0.0,original matched/generic visual candidate; downstream transformations applied,0.68,0.0,False,False,False,,
microwave_oven__04,15,root:1/visual-region:06,device_visual_detail_03,sam2-amg[facebook/sam2.1-hiera-tiny]/point-grid,sam2-amg[facebook/sam2.1-hiera-tiny],0.6321419500279688,0.62,1.0,0.6321419500279688,0.4945604049595374,False,0.4945604049595374,,visual candidate from stored precursor score and appearance utility,0.6321419500279688,0.0,original matched/generic visual candidate; downstream transformations applied,0.62,0.0,False,False,False,,
microwave_oven__04,16,root:1/visual-region:09,device_visual_panel_02,sam2-amg[facebook/sam2.1-hiera-tiny]/point-grid,sam2-amg[facebook/sam2.1-hiera-tiny],0.7281264692945195,0.62,1.0,0.7281264692945195,0.5272911260294312,False,0.5272911260294312,,visual candidate from stored precursor score and appearance utility,0.7281264692945195,0.0,original matched/generic visual candidate; downstream transformations applied,0.62,0.0,False,False,False,,
microwave_oven__04,17,root:1/visual-region:10,device_control_panel,sam2-amg[facebook/sam2.1-hiera-tiny]/point-grid,sam2-amg[facebook/sam2.1-hiera-tiny],0.8490963224661641,0.68,1.0,0.8490963224661641,0.6235620246023454,False,0.6235620246023454,1.0,visual candidate from stored precursor score and appearance utility,0.8490963224661641,0.0,original matched/generic visual candidate; downstream transformations applied,0.68,0.0,False,False,False,,
microwave_oven__04,18,root:1/visual-region:11,device_visual_panel_03,sam2-amg[facebook/sam2.1-hiera-tiny]/point-grid,sam2-amg[facebook/sam2.1-hiera-tiny],0.7245055186688308,0.62,1.0,0.7245055186688308,0.5260563818660713,False,0.5260563818660713,,visual candidate from stored precursor score and appearance utility,0.7245055186688308,0.0,original matched/generic visual candidate; downstream transformations applied,0.62,0.0,False,False,False,,
microwave_oven__04,19,root:1/visual-region:14,device_side_panel,sam2-amg[facebook/sam2.1-hiera-tiny]/point-grid,sam2-amg[facebook/sam2.1-hiera-tiny],0.8598677089219988,0.68,1.0,0.8598677089219988,0.6275905231368276,False,0.6275905231368276,1.0,visual candidate from stored precursor score and appearance utility,0.8598677089219988,0.0,original matched/generic visual candidate; downstream transformations applied,0.68,0.0,False,False,False,,
microwave_oven__04,20,root:1/visual-region:16,device_visual_panel_05,sam2-amg[facebook/sam2.1-hiera-tiny]/point-grid,sam2-amg[facebook/sam2.1-hiera-tiny],0.6143213485624405,0.62,1.0,0.6143213485624405,0.48848357985979224,False,0.48848357985979224,,visual candidate from stored precursor score and appearance utility,0.6143213485624405,0.0,original matched/generic visual candidate; downstream transformations applied,0.62,0.0,False,False,False,,
kettle__01,1,root:4,device,grounded-sam2[IDEA-Research/grounding-dino-tiny|facebook/sam2.1-hiera-tiny]/root,grounded-sam2[IDEA-Research/grounding-dino|facebook/sam2.1-hiera-tiny],0.38358360528945923,0.97431640625,1.0,0.38358360528945923,0.6439948727036245,False,0.6439948727036245,,Stored score; precursor logits not archived in candidates.json,,,root quality rule; later root-routing maxima can retain different precursor metadata,0.97431640625,0.0,False,False,False,specific_root_label,
kettle__01,2,root:4/visual-region:01,device_button,sam2-amg[facebook/sam2.1-hiera-tiny]/prototype-labelled-region,sam2-amg[facebook/sam2.1-hiera-tiny],0.67400423657868,0.6094466144990921,1.0,0.67400423657868,0.5001742566020985,False,0.5001742566020985,1.0,visual candidate from stored precursor score and appearance utility; prototype label leaves score unchanged,0.67400423657868,0.0,original matched/generic visual candidate; downstream transformations applied,0.6094466144990921,0.0,False,False,False,,
kettle__01,3,root:4/visual-region:02,device_visual_strip_01,sam2-amg[facebook/sam2.1-hiera-tiny]/point-grid,sam2-amg[facebook/sam2.1-hiera-tiny],0.7295786874639617,0.62,1.0,0.7295786874639617,0.527786332425211,False,0.527786332425211,,visual candidate from stored precursor score and appearance utility,0.7295786874639617,0.0,original matched/generic visual candidate; downstream transformations applied,0.62,0.0,False,False,False,,
kettle__01,4,root:4/visual-region:03,device_jar,sam2-amg[facebook/sam2.1-hiera-tiny]/point-grid/semantic-rerank,sam2-amg[facebook/sam2.1-hiera-tiny],0.5142889173377282,0.66,1.0,0.5142889173377282,0.48368687699359536,False,0.48368687699359536,1.0,visual candidate from stored precursor score and appearance utility; semantic rerank,0.5142889173377282,0.0,original matched/generic visual candidate; downstream transformations applied,0.66,0.0,True,False,False,,
kettle__02,1,root:1,device,grounded-sam2[IDEA-Research/grounding-dino-tiny|facebook/sam2.1-hiera-tiny]/root,grounded-sam2[IDEA-Research/grounding-dino|facebook/sam2.1-hiera-tiny],0.7958168387413025,0.99423828125,1.0,0.7958168387413025,0.8825845878294786,False,0.8825845878294786,,Stored score; precursor logits not archived in candidates.json,,,root quality rule; later root-routing maxima can retain different precursor metadata,0.99423828125,0.0,False,False,False,specific_root_label,
kettle__02,2,root:1/profile-refine:IDEA-Research_grounding-dino-tiny:device_lid:01,device_lid,grounded-sam2[IDEA-Research/grounding-dino-tiny|facebook/sam2.1-hiera-tiny]/profile-refine,grounded-sam2[IDEA-Research/grounding-dino|facebook/sam2.1-hiera-tiny]/profile-refine,0.26020142436027527,0.862984375,1.0,0.26020142436027527,0.5118453387166142,False,0.5118453387166142,1.0,Stored score; precursor logits not archived in candidates.json,,,profile priority + SAM quality,0.862984375,0.0,False,False,False,,
kettle__02,3,root:1/visual-region:04,device_visual_panel_04,sam2-amg[facebook/sam2.1-hiera-tiny]/point-grid,sam2-amg[facebook/sam2.1-hiera-tiny],0.7791642823907059,0.62,1.0,0.7791642823907059,0.5446950202952308,False,0.5446950202952308,,visual candidate from stored precursor score and appearance utility,0.7791642823907059,0.0,original matched/generic visual candidate; downstream transformations applied,0.62,0.0,False,False,False,,
kettle__02,4,root:1/visual-region:06,device_jar,sam2-amg[facebook/sam2.1-hiera-tiny]/point-grid/semantic-rerank,sam2-amg[facebook/sam2.1-hiera-tiny],0.57886711398017,0.66,1.0,0.57886711398017,0.5071287623748018,False,0.5071287623748018,1.0,visual candidate from stored precursor score and appearance utility; semantic rerank,0.57886711398017,0.0,original matched/generic visual candidate; downstream transformations applied,0.66,0.0,True,False,False,,
kettle__02,5,root:1/visual-region:07,device_visual_panel_07,sam2-amg[facebook/sam2.1-hiera-tiny]/point-grid,sam2-amg[facebook/sam2.1-hiera-tiny],0.7114781244916469,0.62,1.0,0.7114781244916469,0.5216140404516517,False,0.5216140404516517,,visual candidate from stored precursor score and appearance utility,0.7114781244916469,0.0,original matched/generic visual candidate; downstream transformations applied,0.62,0.0,False,False,False,,
kettle__02,6,root:1/visual-region:08,device_button,sam2-amg[facebook/sam2.1-hiera-tiny]/prototype-labelled-region,sam2-amg[facebook/sam2.1-hiera-tiny],0.8029293178756076,0.6064261812229157,1.0,0.8029293178756076,0.540696329567486,False,0.540696329567486,1.0,visual candidate from stored precursor score and appearance utility; prototype label leaves score unchanged,0.8029293178756076,0.0,original matched/generic visual candidate; downstream transformations applied,0.6064261812229157,0.0,False,False,False,,
kettle__03,1,root:2,device,grounded-sam2[IDEA-Research/grounding-dino-tiny|facebook/sam2.1-hiera-tiny]/root,grounded-sam2[IDEA-Research/grounding-dino|facebook/sam2.1-hiera-tiny],0.41887521743774414,0.99130859375,1.0,0.41887521743774414,0.6744678987027146,False,0.6744678987027146,,Stored score; precursor logits not archived in candidates.json,,,root quality rule; later root-routing maxima can retain different precursor metadata,0.99130859375,0.0,False,False,False,specific_root_label,
kettle__03,2,root:2/profile-refine:IDEA-Research_grounding-dino-tiny:device_handle:01,device_handle,grounded-sam2[IDEA-Research/grounding-dino-tiny|facebook/sam2.1-hiera-tiny]/profile-refine,grounded-sam2[IDEA-Research/grounding-dino|facebook/sam2.1-hiera-tiny]/profile-refine,0.2701912820339203,0.8593105468750001,1.0,0.2701912820339203,0.514387766172734,False,0.514387766172734,1.0,Stored score; precursor logits not archived in candidates.json,,,profile priority + SAM quality,0.8593105468750001,0.0,False,False,False,,
kettle__03,3,root:2/visual-region:02,device_handle,sam2-amg[facebook/sam2.1-hiera-tiny]/point-grid/semantic-rerank,sam2-amg[facebook/sam2.1-hiera-tiny],0.5481055973335831,0.66,1.0,0.5481055973335831,0.49596233183209076,False,0.49596233183209076,1.0,visual candidate from stored precursor score and appearance utility; semantic rerank,0.5481055973335831,0.0,original matched/generic visual candidate; downstream transformations applied,0.66,0.0,True,False,False,,
kettle__03,4,root:2/visual-region:03,device_visual_panel_01,sam2-amg[facebook/sam2.1-hiera-tiny]/point-grid,sam2-amg[facebook/sam2.1-hiera-tiny],0.842101063264551,0.62,1.0,0.842101063264551,0.566156462573212,False,0.566156462573212,,visual candidate from stored precursor score and appearance utility,0.842101063264551,0.0,original matched/generic visual candidate; downstream transformations applied,0.62,0.0,False,False,False,,
kettle__03,5,root:2/visual-region:04,device_spout,sam2-amg[facebook/sam2.1-hiera-tiny]/prototype-labelled-region,sam2-amg[facebook/sam2.1-hiera-tiny],0.6621269356574211,0.6017558848047256,1.0,0.6621269356574211,0.48993147717289176,False,0.48993147717289176,1.0,visual candidate from stored precursor score and appearance utility; prototype label leaves score unchanged,0.6621269356574211,0.0,original matched/generic visual candidate; downstream transformations applied,0.6017558848047256,0.0,False,False,False,,
kettle__03,6,root:2/visual-region:06,device_jar,sam2-amg[facebook/sam2.1-hiera-tiny]/point-grid/semantic-rerank,sam2-amg[facebook/sam2.1-hiera-tiny],0.5299005082753305,0.66,1.0,0.5299005082753305,0.489353884503945,False,0.489353884503945,1.0,visual candidate from stored precursor score and appearance utility; semantic rerank,0.5299005082753305,0.0,original matched/generic visual candidate; downstream transformations applied,0.66,0.0,True,False,False,,
kettle__03,7,root:2/visual-region:09,device_base,sam2-amg[facebook/sam2.1-hiera-tiny]/prototype-labelled-region,sam2-amg[facebook/sam2.1-hiera-tiny],0.7930044356225674,0.610326793970108,1.0,0.7930044356225674,0.5408425774252267,False,0.5408425774252267,1.0,visual candidate from stored precursor score and appearance utility; prototype label leaves score unchanged,0.7930044356225674,0.0,original matched/generic visual candidate; downstream transformations applied,0.610326793970108,0.0,False,False,False,,
kettle__03,8,root:2/visual-region:08,device_button,sam2-amg[facebook/sam2.1-hiera-tiny]/point-grid/semantic-rerank,sam2-amg[facebook/sam2.1-hiera-tiny],0.535748231392001,0.66,1.0,0.535748231392001,0.49147660799529636,False,0.49147660799529636,1.0,visual candidate from stored precursor score and appearance utility; semantic rerank,0.535748231392001,0.0,original matched/generic visual candidate; downstream transformations applied,0.66,0.0,True,False,False,,
kettle__03,9,root:2/visual-region:10,device_button,sam2-amg[facebook/sam2.1-hiera-tiny]/prototype-labelled-region,sam2-amg[facebook/sam2.1-hiera-tiny],0.7738382372787428,0.6078258419427872,1.0,0.7738382372787428,0.532219011830065,False,0.532219011830065,1.0,visual candidate from stored precursor score and appearance utility; prototype label leaves score unchanged,0.7738382372787428,0.0,original matched/generic visual candidate; downstream transformations applied,0.6078258419427872,0.0,False,False,False,,
kettle__04,1,root:1,device,grounded-sam2[IDEA-Research/grounding-dino-tiny|facebook/sam2.1-hiera-tiny]/root,grounded-sam2[IDEA-Research/grounding-dino|facebook/sam2.1-hiera-tiny],0.7689067125320435,0.9866210937500001,1.0,0.7689067125320435,0.8612202621280449,False,0.8612202621280449,,Stored score; precursor logits not archived in candidates.json,,,root quality rule; later root-routing maxima can retain different precursor metadata,0.9866210937500001,0.0,False,False,False,specific_root_label,
kettle__04,2,root:1/profile-refine:IDEA-Research_grounding-dino-tiny:device_button:01,device_button,grounded-sam2[IDEA-Research/grounding-dino-tiny|facebook/sam2.1-hiera-tiny]/profile-refine,grounded-sam2[IDEA-Research/grounding-dino|facebook/sam2.1-hiera-tiny]/profile-refine,0.28826844692230225,0.8463554687500001,1.0,0.28826844692230225,0.5150476280239179,False,0.5150476280239179,1.0,Stored score; precursor logits not archived in candidates.json,,,profile priority + SAM quality,0.8463554687500001,0.0,False,False,False,,
kettle__04,3,root:1/profile-refine:IDEA-Research_grounding-dino-tiny:device_spout:01,device_spout,grounded-sam2[IDEA-Research/grounding-dino-tiny|facebook/sam2.1-hiera-tiny]/profile-refine,grounded-sam2[IDEA-Research/grounding-dino|facebook/sam2.1-hiera-tiny]/profile-refine,0.24490438401699066,0.8631777343750001,1.0,0.24490438401699066,0.50469778670261,False,0.50469778670261,1.0,Stored score; precursor logits not archived in candidates.json,,,profile priority + SAM quality,0.8631777343750001,0.0,False,False,False,,
kettle__04,4,root:1/visual-region:01,device_visual_panel_01,sam2-amg[facebook/sam2.1-hiera-tiny]/point-grid,sam2-amg[facebook/sam2.1-hiera-tiny],0.8083568928010851,0.62,1.0,0.8083568928010851,0.55464970044517,False,0.55464970044517,,visual candidate from stored precursor score and appearance utility,0.8083568928010851,0.0,original matched/generic visual candidate; downstream transformations applied,0.62,0.0,False,False,False,,
kettle__04,5,root:1/visual-region:02,device_button,sam2-amg[facebook/sam2.1-hiera-tiny]/point-grid/semantic-rerank,sam2-amg[facebook/sam2.1-hiera-tiny],0.6283379698438525,0.66,1.0,0.6283379698438525,0.5250866830533185,False,0.5250866830533185,1.0,visual candidate from stored precursor score and appearance utility; semantic rerank,0.6283379698438525,0.0,original matched/generic visual candidate; downstream transformations applied,0.66,0.0,True,False,False,,
kettle__04,6,root:1/visual-region:10,device_button,sam2-amg[facebook/sam2.1-hiera-tiny]/point-grid/within-root-repetition-consensus,sam2-amg[facebook/sam2.1-hiera-tiny],0.554286088639054,0.62,1.0,0.554286088639054,0.4680115562259175,False,0.4680115562259175,1.0,visual candidate from stored precursor score and appearance utility; within-root/inventory consensus,0.554286088639054,0.0,original matched/generic visual candidate; downstream transformations applied,0.62,0.0,True,False,False,,
kettle__04,7,root:1/visual-region:03,device_button,sam2-amg[facebook/sam2.1-hiera-tiny]/point-grid/within-root-repetition-consensus,sam2-amg[facebook/sam2.1-hiera-tiny],0.5381522375719616,0.62,1.0,0.5381522375719616,0.4625099130120389,False,0.4625099130120389,1.0,visual candidate from stored precursor score and appearance utility; within-root/inventory consensus,0.5381522375719616,0.0,original matched/generic visual candidate; downstream transformations applied,0.62,0.0,True,False,False,,
kettle__04,8,root:1/visual-region:05,device_visual_panel_02,sam2-amg[facebook/sam2.1-hiera-tiny]/point-grid,sam2-amg[facebook/sam2.1-hiera-tiny],0.8145116602626337,0.62,1.0,0.8145116602626337,0.5567484761495581,False,0.5567484761495581,,visual candidate from stored precursor score and appearance utility,0.8145116602626337,0.0,original matched/generic visual candidate; downstream transformations applied,0.62,0.0,False,False,False,,
kettle__04,9,root:1/visual-region:09,device_handle,sam2-amg[facebook/sam2.1-hiera-tiny]/point-grid/semantic-rerank,sam2-amg[facebook/sam2.1-hiera-tiny],0.581313625971894,0.66,1.0,0.581313625971894,0.5080168462277976,False,0.5080168462277976,1.0,visual candidate from stored precursor score and appearance utility; semantic rerank,0.581313625971894,0.0,original matched/generic visual candidate; downstream transformations applied,0.66,0.0,True,False,False,,
kettle__04,10,root:1/visual-region:07,device_handle,sam2-amg[facebook/sam2.1-hiera-tiny]/point-grid/semantic-rerank,sam2-amg[facebook/sam2.1-hiera-tiny],0.5740254536516769,0.66,1.0,0.5740254536516769,0.5053712396755587,False,0.5053712396755587,1.0,visual candidate from stored precursor score and appearance utility; semantic rerank,0.5740254536516769,0.0,original matched/generic visual candidate; downstream transformations applied,0.66,0.0,True,False,False,,
mouse_computer_equipment__01,1,root:1,device,grounded-sam2[IDEA-Research/grounding-dino-tiny|facebook/sam2.1-hiera-tiny]/root,grounded-sam2[IDEA-Research/grounding-dino|facebook/sam2.1-hiera-tiny],0.8653379082679749,0.9920898437500001,1.0,0.8653379082679749,0.9186115522999899,False,0.9186115522999899,,Stored score; precursor logits not archived in candidates.json,,,root quality rule; later root-routing maxima can retain different precursor metadata,0.9920898437500001,0.0,False,False,False,specific_root_label,
mouse_computer_equipment__01,2,root:1/device_guided_device_button:01,device_button,grounded-sam2[IDEA-Research/grounding-dino-tiny|facebook/sam2.1-hiera-tiny]/retrieved-part,grounded-sam2[IDEA-Research/grounding-dino|facebook/sam2.1-hiera-tiny],0.30652785527924437,0.836349059749209,1.0,0.30652785527924437,0.5173574328394998,False,0.5173574328394998,1.0,Stored score; precursor logits not archived in candidates.json,,,guided SAM quality times retrieval reliability scale,0.836349059749209,0.0,False,False,False,,
mouse_computer_equipment__01,3,root:1/visual-region:01,device_visual_panel_01,sam2-amg[facebook/sam2.1-hiera-tiny]/point-grid,sam2-amg[facebook/sam2.1-hiera-tiny],0.7632138017775638,0.62,1.0,0.7632138017775638,0.5392559064061493,False,0.5392559064061493,,visual candidate from stored precursor score and appearance utility,0.7632138017775638,0.0,original matched/generic visual candidate; downstream transformations applied,0.62,0.0,False,False,False,,
mouse_computer_equipment__01,4,root:1/visual-region:03,device_button,sam2-amg[facebook/sam2.1-hiera-tiny]/point-grid,sam2-amg[facebook/sam2.1-hiera-tiny],0.9273874329284926,0.68,1.0,0.9273874329284926,0.6528428999152562,False,0.6528428999152562,1.0,visual candidate from stored precursor score and appearance utility,0.9273874329284926,0.0,original matched/generic visual candidate; downstream transformations applied,0.68,0.0,False,False,False,,
mouse_computer_equipment__01,5,root:1/visual-region:06,device_button,sam2-amg[facebook/sam2.1-hiera-tiny]/prototype-labelled-region,sam2-amg[facebook/sam2.1-hiera-tiny],0.7382773450945725,0.6029520500793457,1.0,0.7382773450945725,0.5161586338492555,False,0.5161586338492555,1.0,visual candidate from stored precursor score and appearance utility; prototype label leaves score unchanged,0.7382773450945725,0.0,original matched/generic visual candidate; downstream transformations applied,0.6029520500793457,0.0,False,False,False,,
mouse_computer_equipment__01,6,root:1/visual-region:04,device_button,sam2-amg[facebook/sam2.1-hiera-tiny]/prototype-labelled-region,sam2-amg[facebook/sam2.1-hiera-tiny],0.6584144384204503,0.609723638950348,1.0,0.6584144384204503,0.4951736035597983,False,0.4951736035597983,1.0,visual candidate from stored precursor score and appearance utility; prototype label leaves score unchanged,0.6584144384204503,0.0,original matched/generic visual candidate; downstream transformations applied,0.609723638950348,0.0,False,False,False,,
mouse_computer_equipment__01,7,root:1/visual-region:07,device_wheel,sam2-amg[facebook/sam2.1-hiera-tiny]/point-grid/semantic-rerank,sam2-amg[facebook/sam2.1-hiera-tiny],0.5759307058341014,0.66,1.0,0.5759307058341014,0.506062846217779,False,0.506062846217779,1.0,visual candidate from stored precursor score and appearance utility; semantic rerank,0.5759307058341014,0.0,original matched/generic visual candidate; downstream transformations applied,0.66,0.0,True,False,False,,
mouse_computer_equipment__02,1,root:1,vehicle,grounded-sam2[IDEA-Research/grounding-dino-tiny|facebook/sam2.1-hiera-tiny]/root,grounded-sam2[IDEA-Research/grounding-dino|facebook/sam2.1-hiera-tiny],0.49785229563713074,0.91845703125,1.0,0.49785229563713074,0.6647964318610321,False,0.6647964318610321,,Stored score; precursor logits not archived in candidates.json,,,root quality rule; later root-routing maxima can retain different precursor metadata,0.91845703125,0.0,False,False,False,specific_root_label,
mouse_computer_equipment__02,2,root:1/profile-refine:IDEA-Research_grounding-dino-tiny:vehicle_badge:01,vehicle_badge,grounded-sam2[IDEA-Research/grounding-dino-tiny|facebook/sam2.1-hiera-tiny]/profile-refine,grounded-sam2[IDEA-Research/grounding-dino|facebook/sam2.1-hiera-tiny]/profile-refine,0.3304711878299713,0.8295332031250001,1.0,0.3304711878299713,0.5240651940458659,False,0.5240651940458659,1.0,Stored score; precursor logits not archived in candidates.json,,,profile priority + SAM quality,0.8295332031250001,0.0,False,False,False,,
mouse_computer_equipment__02,3,root:1/profile-refine:IDEA-Research_grounding-dino-tiny:vehicle_grille:01,vehicle_grille,grounded-sam2[IDEA-Research/grounding-dino-tiny|facebook/sam2.1-hiera-tiny]/profile-refine,grounded-sam2[IDEA-Research/grounding-dino|facebook/sam2.1-hiera-tiny]/profile-refine,0.2884688675403595,0.7264726562500001,1.0,0.2884688675403595,0.442173304758611,False,0.442173304758611,1.0,Stored score; precursor logits not archived in candidates.json,,,profile priority + SAM quality,0.7264726562500001,0.0,False,False,False,,
mouse_computer_equipment__02,4,root:1/profile-refine:IDEA-Research_grounding-dino-tiny:vehicle_antenna:01,vehicle_antenna,grounded-sam2[IDEA-Research/grounding-dino-tiny|facebook/sam2.1-hiera-tiny]/profile-refine,grounded-sam2[IDEA-Research/grounding-dino|facebook/sam2.1-hiera-tiny]/profile-refine,0.26645269989967346,0.713517578125,1.0,0.26645269989967346,0.4256481869707554,False,0.4256481869707554,1.0,Stored score; precursor logits not archived in candidates.json,,,profile priority + SAM quality,0.713517578125,0.0,False,False,False,,
mouse_computer_equipment__02,5,root:1/profile-refine:IDEA-Research_grounding-dino-tiny:vehicle_turn_signal:01,vehicle_turn_signal,grounded-sam2[IDEA-Research/grounding-dino-tiny|facebook/sam2.1-hiera-tiny]/profile-refine,grounded-sam2[IDEA-Research/grounding-dino|facebook/sam2.1-hiera-tiny]/profile-refine,0.2440025359392166,0.8256660156250001,1.0,0.2440025359392166,0.48235523793948093,False,0.48235523793948093,1.0,Stored score; precursor logits not archived in candidates.json,,,profile priority + SAM quality,0.8256660156250001,0.0,False,False,False,,
mouse_computer_equipment__02,6,root:1/visual-region:01,vehicle_visual_strip_01,sam2-amg[facebook/sam2.1-hiera-tiny]/point-grid,sam2-amg[facebook/sam2.1-hiera-tiny],0.7777599700084201,0.62,1.0,0.7777599700084201,0.5442161497728712,False,0.5442161497728712,,visual candidate from stored precursor score and appearance utility,0.7777599700084201,0.0,original matched/generic visual candidate; downstream transformations applied,0.62,0.0,False,False,False,,
mouse_computer_equipment__02,7,root:1/visual-region:04,vehicle_trunk,sam2-amg[facebook/sam2.1-hiera-tiny]/prototype-labelled-region,sam2-amg[facebook/sam2.1-hiera-tiny],0.790577175871518,0.605270556101799,1.0,0.790577175871518,0.5355539480304385,False,0.5355539480304385,1.0,visual candidate from stored precursor score and appearance utility; prototype label leaves score unchanged,0.790577175871518,0.0,original matched/generic visual candidate; downstream transformations applied,0.605270556101799,0.0,False,False,False,,
mouse_computer_equipment__02,8,root:1/visual-region:07,vehicle_visual_panel_03,sam2-amg[facebook/sam2.1-hiera-tiny]/point-grid,sam2-amg[facebook/sam2.1-hiera-tiny],0.7556242949034064,0.62,1.0,0.7556242949034064,0.5366678845620617,False,0.5366678845620617,,visual candidate from stored precursor score and appearance utility,0.7556242949034064,0.0,original matched/generic visual candidate; downstream transformations applied,0.62,0.0,False,False,False,,
mouse_computer_equipment__03,1,root:1,device,grounded-sam2[IDEA-Research/grounding-dino-tiny|facebook/sam2.1-hiera-tiny]/root,grounded-sam2[IDEA-Research/grounding-dino|facebook/sam2.1-hiera-tiny],0.7685595154762268,0.99775390625,1.0,0.7685595154762268,0.870747550126107,False,0.870747550126107,,Stored score; precursor logits not archived in candidates.json,,,root quality rule; later root-routing maxima can retain different precursor metadata,0.99775390625,0.0,False,False,False,specific_root_label,
mouse_computer_equipment__03,2,root:1/profile-refine:IDEA-Research_grounding-dino-tiny:device_button:01,device_button,grounded-sam2[IDEA-Research/grounding-dino-tiny|facebook/sam2.1-hiera-tiny]/profile-refine,grounded-sam2[IDEA-Research/grounding-dino|facebook/sam2.1-hiera-tiny]/profile-refine,0.268749475479126,0.855830078125,1.0,0.268749475479126,0.5116256716836943,False,0.5116256716836943,1.0,Stored score; precursor logits not archived in candidates.json,,,profile priority + SAM quality,0.855830078125,0.0,False,False,False,,
mouse_computer_equipment__03,3,root:1/device_guided_device_button:02,device_button,grounded-sam2[IDEA-Research/grounding-dino-tiny|facebook/sam2.1-hiera-tiny]/retrieved-part,grounded-sam2[IDEA-Research/grounding-dino|facebook/sam2.1-hiera-tiny],0.2445626741484415,0.8286804791166961,1.0,0.2445626741484415,0.48437158829557825,False,0.48437158829557825,1.0,Stored score; precursor logits not archived in candidates.json,,,guided SAM quality times retrieval reliability scale,0.8286804791166961,0.0,False,False,False,,
mouse_computer_equipment__03,4,root:1/visual-region:01,device_body,sam2-amg[facebook/sam2.1-hiera-tiny]/prototype-labelled-region,sam2-amg[facebook/sam2.1-hiera-tiny],0.7679379793135371,0.586552786280632,1.0,0.7679379793135371,0.5116886426276749,False,0.5116886426276749,1.0,visual candidate from stored precursor score and appearance utility; prototype label leaves score unchanged,0.7679379793135371,0.0,original matched/generic visual candidate; downstream transformations applied,0.586552786280632,0.0,False,False,False,,
mouse_computer_equipment__03,5,root:1/visual-region:03,device_wheel,sam2-amg[facebook/sam2.1-hiera-tiny]/point-grid/semantic-rerank,sam2-amg[facebook/sam2.1-hiera-tiny],0.6389055380932791,0.66,1.0,0.6389055380932791,0.5289227103278603,False,0.5289227103278603,1.0,visual candidate from stored precursor score and appearance utility; semantic rerank,0.6389055380932791,0.0,original matched/generic visual candidate; downstream transformations applied,0.66,0.0,True,False,False,,
mouse_computer_equipment__03,6,root:1/visual-region:04,device_button,sam2-amg[facebook/sam2.1-hiera-tiny]/point-grid,sam2-amg[facebook/sam2.1-hiera-tiny],0.7954665383090053,0.68,1.0,0.7954665383090053,0.6035044853275681,False,0.6035044853275681,1.0,visual candidate from stored precursor score and appearance utility,0.7954665383090053,0.0,original matched/generic visual candidate; downstream transformations applied,0.68,0.0,False,False,False,,
mouse_computer_equipment__04,1,root:1,device,grounded-sam2[IDEA-Research/grounding-dino-tiny|facebook/sam2.1-hiera-tiny]/root,grounded-sam2[IDEA-Research/grounding-dino|facebook/sam2.1-hiera-tiny],0.4847230911254883,0.9969726562500001,1.0,0.4847230911254883,0.7144283125502989,False,0.7144283125502989,,Stored score; precursor logits not archived in candidates.json,,,root quality rule; later root-routing maxima can retain different precursor metadata,0.9969726562500001,0.0,False,False,False,specific_root_label,
mouse_computer_equipment__04,2,root:1/profile-refine:IDEA-Research_grounding-dino-tiny:device_button:01,device_button,grounded-sam2[IDEA-Research/grounding-dino-tiny|facebook/sam2.1-hiera-tiny]/profile-refine,grounded-sam2[IDEA-Research/grounding-dino|facebook/sam2.1-hiera-tiny]/profile-refine,0.30507585406303406,0.828759765625,1.0,0.30507585406303406,0.5120009208523697,False,0.5120009208523697,1.0,Stored score; precursor logits not archived in candidates.json,,,profile priority + SAM quality,0.828759765625,0.0,False,False,False,,
mouse_computer_equipment__04,3,root:1/visual-region:01,device_body,sam2-amg[facebook/sam2.1-hiera-tiny]/prototype-labelled-region,sam2-amg[facebook/sam2.1-hiera-tiny],0.7800400258824896,0.5800724105834961,1.0,0.7800400258824896,0.5098964187534709,False,0.5098964187534709,1.0,visual candidate from stored precursor score and appearance utility; prototype label leaves score unchanged,0.7800400258824896,0.0,original matched/generic visual candidate; downstream transformations applied,0.5800724105834961,0.0,False,False,False,,
mouse_computer_equipment__04,4,root:1/visual-region:03,device_button,sam2-amg[facebook/sam2.1-hiera-tiny]/prototype-labelled-region,sam2-amg[facebook/sam2.1-hiera-tiny],0.7772430462800516,0.6072661640729904,1.0,0.7772430462800516,0.5328661456296367,False,0.5328661456296367,1.0,visual candidate from stored precursor score and appearance utility; prototype label leaves score unchanged,0.7772430462800516,0.0,original matched/generic visual candidate; downstream transformations applied,0.6072661640729904,0.0,False,False,False,,
mouse_computer_equipment__04,5,root:1/visual-region:05,device_wheel,sam2-amg[facebook/sam2.1-hiera-tiny]/point-grid/semantic-rerank,sam2-amg[facebook/sam2.1-hiera-tiny],0.7580729164660316,0.66,1.0,0.7580729164660316,0.5721804686771695,False,0.5721804686771695,1.0,visual candidate from stored precursor score and appearance utility; semantic rerank,0.7580729164660316,0.0,original matched/generic visual candidate; downstream transformations applied,0.66,0.0,True,False,False,,
mouse_computer_equipment__04,6,root:1/visual-region:04,device_wheel,sam2-amg[facebook/sam2.1-hiera-tiny]/point-grid/semantic-rerank,sam2-amg[facebook/sam2.1-hiera-tiny],0.6193946538698492,0.66,1.0,0.6193946538698492,0.5218402593547553,False,0.5218402593547553,1.0,visual candidate from stored precursor score and appearance utility; semantic rerank,0.6193946538698492,0.0,original matched/generic visual candidate; downstream transformations applied,0.66,0.0,True,False,False,,
chair__01,1,root:2,furniture,grounded-sam2[IDEA-Research/grounding-dino-tiny|facebook/sam2.1-hiera-tiny]/root,grounded-sam2[IDEA-Research/grounding-dino|facebook/sam2.1-hiera-tiny],0.46996113657951355,0.95615234375,1.0,0.46996113657951355,0.6774134979040537,False,0.6774134979040537,,Stored score; precursor logits not archived in candidates.json,,,root quality rule; later root-routing maxima can retain different precursor metadata,0.95615234375,0.0,False,False,False,specific_root_label,
chair__01,2,root:2/profile-refine:IDEA-Research_grounding-dino-tiny:furniture_stile:02,furniture_stile,grounded-sam2[IDEA-Research/grounding-dino-tiny|facebook/sam2.1-hiera-tiny]/profile-refine,grounded-sam2[IDEA-Research/grounding-dino|facebook/sam2.1-hiera-tiny]/profile-refine,0.30611205101013184,0.8624042968750001,1.0,0.30611205101013184,0.5332777250577464,False,0.5332777250577464,1.0,Stored score; precursor logits not archived in candidates.json,,,profile priority + SAM quality,0.8624042968750001,0.0,False,False,False,,
chair__01,3,root:2/profile-dense:furniture_seat:01,furniture_seat,clipseg-sam2[CIDAS/clipseg-rd64-refined|facebook/sam2.1-hiera-tiny]/profile-dense-supplement,grounded-sam2[IDEA-Research/grounding-dino|facebook/sam2.1-hiera-tiny]/profile-dense,0.7304087281227112,0.6959105612383655,1.0,0.7304087281227112,0.5927242839139667,False,0.5927242839139667,1.35,stored dense-region score identity,0.7304087281227112,0.0,,0.6959105612383655,0.0,False,False,False,,
chair__01,4,root:2/profile-dense:furniture_stretcher:01,furniture_stretcher,clipseg-sam2[CIDAS/clipseg-rd64-refined|facebook/sam2.1-hiera-tiny]/profile-dense-supplement,grounded-sam2[IDEA-Research/grounding-dino|facebook/sam2.1-hiera-tiny]/profile-dense,0.6508500576019287,0.5891819508215788,1.0,0.6508500576019287,0.47603988651634316,False,0.47603988651634316,1.1,stored dense-region score identity,0.6508500576019287,0.0,,0.5891819508215788,0.0,False,False,False,,
chair__01,5,root:2/profile-dense:furniture_stretcher:02,furniture_stretcher,clipseg-sam2[CIDAS/clipseg-rd64-refined|facebook/sam2.1-hiera-tiny]/profile-dense-supplement,grounded-sam2[IDEA-Research/grounding-dino|facebook/sam2.1-hiera-tiny]/profile-dense,0.5938951969146729,0.5216412417939049,1.0,0.5938951969146729,0.40512868421496034,False,0.40512868421496034,1.1,stored dense-region score identity,0.5938951969146729,0.0,,0.5216412417939049,0.0,False,False,False,,
chair__01,6,root:2/profile-dense:furniture_leg:03,furniture_leg,clipseg-sam2[CIDAS/clipseg-rd64-refined|facebook/sam2.1-hiera-tiny]/profile-dense-supplement,grounded-sam2[IDEA-Research/grounding-dino|facebook/sam2.1-hiera-tiny]/profile-dense,0.12058456242084503,0.3970516642383422,1.0,0.12058456242084503,0.20500631456211083,False,0.20500631456211083,1.2,stored dense-region score identity,0.12058456242084503,0.0,,0.3970516642383422,0.0,False,False,False,,
chair__01,7,root:2/visual-region:01,furniture_visual_strip_01,sam2-amg[facebook/sam2.1-hiera-tiny]/point-grid,sam2-amg[facebook/sam2.1-hiera-tiny],0.7857700631418202,0.62,1.0,0.7857700631418202,0.5469475915313606,False,0.5469475915313606,,visual candidate from stored precursor score and appearance utility,0.7857700631418202,0.0,original matched/generic visual candidate; downstream transformations applied,0.62,0.0,False,False,False,,
chair__01,8,root:2/visual-region:02,furniture_stretcher,sam2-amg[facebook/sam2.1-hiera-tiny]/point-grid,sam2-amg[facebook/sam2.1-hiera-tiny],0.9052005893503531,0.68,1.0,0.9052005893503531,0.6445450204170321,False,0.6445450204170321,1.0,visual candidate from stored precursor score and appearance utility,0.9052005893503531,0.0,original matched/generic visual candidate; downstream transformations applied,0.68,0.0,False,False,False,,
chair__01,9,root:2/visual-region:04,furniture_stile,sam2-amg[facebook/sam2.1-hiera-tiny]/point-grid,sam2-amg[facebook/sam2.1-hiera-tiny],0.8206819252266261,0.68,1.0,0.8206819252266261,0.6129350400347583,False,0.6129350400347583,1.0,visual candidate from stored precursor score and appearance utility,0.8206819252266261,0.0,original matched/generic visual candidate; downstream transformations applied,0.68,0.0,False,False,False,,
chair__01,10,root:2/visual-region:07,furniture_rail,sam2-amg[facebook/sam2.1-hiera-tiny]/point-grid/semantic-rerank,sam2-amg[facebook/sam2.1-hiera-tiny],0.5969380744256724,0.66,1.0,0.5969380744256724,0.5136885210165191,False,0.5136885210165191,1.0,visual candidate from stored precursor score and appearance utility; semantic rerank,0.5969380744256724,0.0,original matched/generic visual candidate; downstream transformations applied,0.66,0.0,True,False,False,,
chair__01,11,root:2/visual-region:10,furniture_leg,sam2-amg[facebook/sam2.1-hiera-tiny]/point-grid/semantic-rerank,sam2-amg[facebook/sam2.1-hiera-tiny],0.6109775309636236,0.66,1.0,0.6109775309636236,0.5187848437397954,False,0.5187848437397954,1.0,visual candidate from stored precursor score and appearance utility; semantic rerank,0.6109775309636236,0.0,original matched/generic visual candidate; downstream transformations applied,0.66,0.0,True,False,False,,
chair__01,12,root:2/visual-region:08,furniture_leg,sam2-amg[facebook/sam2.1-hiera-tiny]/point-grid/semantic-rerank,sam2-amg[facebook/sam2.1-hiera-tiny],0.6079592664006515,0.66,1.0,0.6079592664006515,0.5176892137034366,False,0.5176892137034366,1.0,visual candidate from stored precursor score and appearance utility; semantic rerank,0.6079592664006515,0.0,original matched/generic visual candidate; downstream transformations applied,0.66,0.0,True,False,False,,
chair__01,13,root:2/visual-region:13,furniture_leg,sam2-amg[facebook/sam2.1-hiera-tiny]/point-grid/semantic-rerank,sam2-amg[facebook/sam2.1-hiera-tiny],0.579926773447458,0.66,1.0,0.579926773447458,0.5075134187614273,False,0.5075134187614273,1.0,visual candidate from stored precursor score and appearance utility; semantic rerank,0.579926773447458,0.0,original matched/generic visual candidate; downstream transformations applied,0.66,0.0,True,False,False,,
chair__01,14,root:2/visual-region:12,furniture_spindle,sam2-amg[facebook/sam2.1-hiera-tiny]/prototype-labelled-region,sam2-amg[facebook/sam2.1-hiera-tiny],0.7890499886756174,0.6001350574073792,1.0,0.7890499886756174,0.530505883971444,False,0.530505883971444,1.0,visual candidate from stored precursor score and appearance utility; prototype label leaves score unchanged,0.7890499886756174,0.0,original matched/generic visual candidate; downstream transformations applied,0.6001350574073792,0.0,False,False,False,,
chair__02,1,root:1,furniture,grounded-sam2[IDEA-Research/grounding-dino-tiny|facebook/sam2.1-hiera-tiny]/root,grounded-sam2[IDEA-Research/grounding-dino|facebook/sam2.1-hiera-tiny],0.4339214563369751,0.9613281250000001,1.0,0.4339214563369751,0.6620251512597316,False,0.6620251512597316,,Stored score; precursor logits not archived in candidates.json,,,root quality rule; later root-routing maxima can retain different precursor metadata,0.9613281250000001,0.0,False,False,False,isolated_profile_consensus,Final r may inherit another root via max; a simple single-q discrepancy is not evidence of incorrect frozen r
chair__02,2,root:1/profile-refine:IDEA-Research_grounding-dino-tiny:furniture_seat:01,furniture_seat,grounded-sam2[IDEA-Research/grounding-dino-tiny|facebook/sam2.1-hiera-tiny]/profile-refine,grounded-sam2[IDEA-Research/grounding-dino|facebook/sam2.1-hiera-tiny]/profile-refine,0.2592625916004181,1.1000311523437503,1.0,0.2592625916004181,0.651872328623497,False,0.651872328623497,1.35,Stored score; precursor logits not archived in candidates.json,,,profile priority + SAM quality,1.1000311523437503,0.0,False,False,False,,
chair__02,3,root:1/profile-refine:IDEA-Research_grounding-dino-tiny:furniture_apron:01,furniture_apron,grounded-sam2[IDEA-Research/grounding-dino-tiny|facebook/sam2.1-hiera-tiny]/profile-refine,grounded-sam2[IDEA-Research/grounding-dino|facebook/sam2.1-hiera-tiny]/profile-refine,0.25091278553009033,0.770365234375,1.0,0.25091278553009033,0.45297632322666476,False,0.45297632322666476,1.0,Stored score; precursor logits not archived in candidates.json,,,profile priority + SAM quality,0.770365234375,0.0,False,False,False,,
chair__02,4,root:1/profile-dense:furniture_stretcher:03,furniture_stretcher,clipseg-sam2[CIDAS/clipseg-rd64-refined|facebook/sam2.1-hiera-tiny]/profile-dense-supplement,grounded-sam2[IDEA-Research/grounding-dino|facebook/sam2.1-hiera-tiny]/profile-dense,0.4964465796947479,0.5304940320742437,1.0,0.4964465796947479,0.3835713857078635,False,0.3835713857078635,1.1,stored dense-region score identity,0.4964465796947479,0.0,,0.5304940320742437,0.0,False,False,False,,
chair__02,5,root:1/profile-dense:furniture_stretcher:01,furniture_stretcher,clipseg-sam2[CIDAS/clipseg-rd64-refined|facebook/sam2.1-hiera-tiny]/profile-dense-supplement,grounded-sam2[IDEA-Research/grounding-dino|facebook/sam2.1-hiera-tiny]/profile-dense,0.5838197469711304,0.5047233045810717,1.0,0.5838197469711304,0.389192574645507,False,0.389192574645507,1.1,stored dense-region score identity,0.5838197469711304,0.0,,0.5047233045810717,0.0,False,False,False,,
chair__02,6,root:1/visual-region:01,furniture_leg,sam2-amg[facebook/sam2.1-hiera-tiny]/point-grid/semantic-rerank,sam2-amg[facebook/sam2.1-hiera-tiny],0.5325000219982318,0.66,1.0,0.5325000219982318,0.4902975079853582,False,0.4902975079853582,1.0,visual candidate from stored precursor score and appearance utility; semantic rerank,0.5325000219982318,0.0,original matched/generic visual candidate; downstream transformations applied,0.66,0.0,True,False,False,,
chair__03,1,root:1,furniture,grounded-sam2[IDEA-Research/grounding-dino-tiny|facebook/sam2.1-hiera-tiny]/root,grounded-sam2[IDEA-Research/grounding-dino|facebook/sam2.1-hiera-tiny],0.6709318161010742,0.9787109375,1.0,0.6709318161010742,0.8015764905791731,False,0.8015764905791731,,Stored score; precursor logits not archived in candidates.json,,,root quality rule; later root-routing maxima can retain different precursor metadata,0.9787109375,0.0,False,False,False,specific_root_label,
chair__03,2,root:1/profile-refine:IDEA-Research_grounding-dino-tiny:furniture_seat:01,furniture_seat,grounded-sam2[IDEA-Research/grounding-dino-tiny|facebook/sam2.1-hiera-tiny]/profile-refine,grounded-sam2[IDEA-Research/grounding-dino|facebook/sam2.1-hiera-tiny]/profile-refine,0.4280540645122528,1.13657607421875,1.0,0.4280540645122528,0.7790430379066313,False,0.7790430379066313,1.35,Stored score; precursor logits not archived in candidates.json,,,profile priority + SAM quality,1.13657607421875,0.0,False,False,False,,
chair__03,3,root:1/profile-refine:IDEA-Research_grounding-dino-tiny:furniture_leg:02,furniture_leg,grounded-sam2[IDEA-Research/grounding-dino-tiny|facebook/sam2.1-hiera-tiny]/profile-refine,grounded-sam2[IDEA-Research/grounding-dino|facebook/sam2.1-hiera-tiny]/profile-refine,0.29007506370544434,1.02328359375,1.0,0.29007506370544434,0.623733596692672,False,0.623733596692672,1.2,Stored score; precursor logits not archived in candidates.json,,,profile priority + SAM quality,1.02328359375,0.0,False,False,False,,
chair__03,4,root:1/profile-refine:IDEA-Research_grounding-dino-tiny:furniture_leg:01,furniture_leg,grounded-sam2[IDEA-Research/grounding-dino-tiny|facebook/sam2.1-hiera-tiny]/profile-refine,grounded-sam2[IDEA-Research/grounding-dino|facebook/sam2.1-hiera-tiny]/profile-refine,0.2971639037132263,1.01353828125,1.0,0.2971639037132263,0.6217450722829743,False,0.6217450722829743,1.2,Stored score; precursor logits not archived in candidates.json,,,profile priority + SAM quality,1.01353828125,0.0,False,False,False,,
chair__03,5,root:1/profile-refine:IDEA-Research_grounding-dino-tiny:furniture_leg:03,furniture_leg,grounded-sam2[IDEA-Research/grounding-dino-tiny|facebook/sam2.1-hiera-tiny]/profile-refine,grounded-sam2[IDEA-Research/grounding-dino|facebook/sam2.1-hiera-tiny]/profile-refine,0.2690374255180359,1.02374765625,1.0,0.2690374255180359,0.6121709839121928,False,0.6121709839121928,1.2,Stored score; precursor logits not archived in candidates.json,,,profile priority + SAM quality,1.02374765625,0.0,False,False,False,,
chair__03,6,root:1/profile-refine:IDEA-Research_grounding-dino-tiny:furniture_cushion:01,furniture_cushion,grounded-sam2[IDEA-Research/grounding-dino-tiny|facebook/sam2.1-hiera-tiny]/profile-refine,grounded-sam2[IDEA-Research/grounding-dino|facebook/sam2.1-hiera-tiny]/profile-refine,0.348201721906662,0.83166015625,1.0,0.348201721906662,0.5335190944585775,False,0.5335190944585775,1.0,Stored score; precursor logits not archived in candidates.json,,,profile priority + SAM quality,0.83166015625,0.0,False,False,False,,
chair__03,7,root:1/profile-refine:IDEA-Research_grounding-dino-tiny:furniture_stile:01,furniture_stile,grounded-sam2[IDEA-Research/grounding-dino-tiny|facebook/sam2.1-hiera-tiny]/profile-refine,grounded-sam2[IDEA-Research/grounding-dino|facebook/sam2.1-hiera-tiny]/profile-refine,0.2904774248600006,0.817158203125,1.0,0.2904774248600006,0.4982724972070864,False,0.4982724972070864,1.0,Stored score; precursor logits not archived in candidates.json,,,profile priority + SAM quality,0.817158203125,0.0,False,False,False,,
chair__03,8,root:1/profile-refine:IDEA-Research_grounding-dino-tiny:furniture_rail:01,furniture_rail,grounded-sam2[IDEA-Research/grounding-dino-tiny|facebook/sam2.1-hiera-tiny]/profile-refine,grounded-sam2[IDEA-Research/grounding-dino|facebook/sam2.1-hiera-tiny]/profile-refine,0.289572536945343,0.805169921875,1.0,0.289572536945343,0.4905617681659351,False,0.4905617681659351,1.0,Stored score; precursor logits not archived in candidates.json,,,profile priority + SAM quality,0.805169921875,0.0,False,False,False,,
chair__03,9,root:1/profile-dense:furniture_stretcher:01,furniture_stretcher,clipseg-sam2[CIDAS/clipseg-rd64-refined|facebook/sam2.1-hiera-tiny]/profile-dense-supplement,grounded-sam2[IDEA-Research/grounding-dino|facebook/sam2.1-hiera-tiny]/profile-dense,0.8585619330406189,0.5680664096468516,1.0,0.8585619330406189,0.523875991460098,False,0.523875991460098,1.1,stored dense-region score identity,0.8585619330406189,0.0,,0.5680664096468516,0.0,False,False,False,,
chair__03,10,root:1/furniture_guided_furniture_backrest:01,furniture_backrest,grounded-sam2[IDEA-Research/grounding-dino-tiny|facebook/sam2.1-hiera-tiny]/retrieved-part,grounded-sam2[IDEA-Research/grounding-dino|facebook/sam2.1-hiera-tiny],0.4141185669138127,0.7361677604107045,1.0,0.4141185669138127,0.4989488980570046,False,0.4989488980570046,1.0,Stored score; precursor logits not archived in candidates.json,,,guided SAM quality times retrieval reliability scale,0.7361677604107045,0.0,False,False,False,,
chair__03,11,root:1/visual-region:11,furniture_spindle,sam2-amg[facebook/sam2.1-hiera-tiny]/point-grid/semantic-rerank,sam2-amg[facebook/sam2.1-hiera-tiny],0.5070494146036233,0.66,1.0,0.5070494146036233,0.48105893750111534,False,0.48105893750111534,1.0,visual candidate from stored precursor score and appearance utility; semantic rerank,0.5070494146036233,0.0,original matched/generic visual candidate; downstream transformations applied,0.66,0.0,True,False,False,,
chair__03,12,root:1/visual-region:03,furniture_spindle,sam2-amg[facebook/sam2.1-hiera-tiny]/point-grid/semantic-rerank,sam2-amg[facebook/sam2.1-hiera-tiny],0.5115226341534309,0.66,1.0,0.5115226341534309,0.48268271619769554,False,0.48268271619769554,1.0,visual candidate from stored precursor score and appearance utility; semantic rerank,0.5115226341534309,0.0,original matched/generic visual candidate; downstream transformations applied,0.66,0.0,True,False,False,,
chair__03,13,root:1/visual-region:02,furniture_spindle,sam2-amg[facebook/sam2.1-hiera-tiny]/point-grid/semantic-rerank,sam2-amg[facebook/sam2.1-hiera-tiny],0.5216864627408632,0.66,1.0,0.5216864627408632,0.4863721859749333,False,0.4863721859749333,1.0,visual candidate from stored precursor score and appearance utility; semantic rerank,0.5216864627408632,0.0,original matched/generic visual candidate; downstream transformations applied,0.66,0.0,True,False,False,,
chair__03,14,root:1/visual-region:01,furniture_spindle,sam2-amg[facebook/sam2.1-hiera-tiny]/point-grid/semantic-rerank,sam2-amg[facebook/sam2.1-hiera-tiny],0.4913276128340414,0.66,1.0,0.4913276128340414,0.4753519234587571,False,0.4753519234587571,1.0,visual candidate from stored precursor score and appearance utility; semantic rerank,0.4913276128340414,0.0,original matched/generic visual candidate; downstream transformations applied,0.66,0.0,True,False,False,,
chair__03,15,root:1/visual-region:04,furniture_cushion,sam2-amg[facebook/sam2.1-hiera-tiny]/point-grid,sam2-amg[facebook/sam2.1-hiera-tiny],0.8029678093512296,0.68,1.0,0.8029678093512296,0.60630996069736,False,0.60630996069736,1.0,visual candidate from stored precursor score and appearance utility,0.8029678093512296,0.0,original matched/generic visual candidate; downstream transformations applied,0.68,0.0,False,False,False,,
chair__03,16,root:1/visual-region:06,furniture_visual_strip_05,sam2-amg[facebook/sam2.1-hiera-tiny]/point-grid,sam2-amg[facebook/sam2.1-hiera-tiny],0.6364710641650009,0.62,1.0,0.6364710641650009,0.49603663288026534,False,0.49603663288026534,,visual candidate from stored precursor score and appearance utility,0.6364710641650009,0.0,original matched/generic visual candidate; downstream transformations applied,0.62,0.0,False,False,False,,
chair__03,17,root:1/visual-region:07,furniture_visual_strip_06,sam2-amg[facebook/sam2.1-hiera-tiny]/point-grid,sam2-amg[facebook/sam2.1-hiera-tiny],0.7160786476404319,0.62,1.0,0.7160786476404319,0.5231828188453873,False,0.5231828188453873,,visual candidate from stored precursor score and appearance utility,0.7160786476404319,0.0,original matched/generic visual candidate; downstream transformations applied,0.62,0.0,False,False,False,,
chair__03,18,root:1/visual-region:10,furniture_visual_strip_09,sam2-amg[facebook/sam2.1-hiera-tiny]/point-grid,sam2-amg[facebook/sam2.1-hiera-tiny],0.6589926254424303,0.62,1.0,0.6589926254424303,0.5037164852758688,False,0.5037164852758688,,visual candidate from stored precursor score and appearance utility,0.6589926254424303,0.0,original matched/generic visual candidate; downstream transformations applied,0.62,0.0,False,False,False,,
chair__03,19,root:1/visual-region:12,furniture_spindle,sam2-amg[facebook/sam2.1-hiera-tiny]/prototype-labelled-region,sam2-amg[facebook/sam2.1-hiera-tiny],0.6733087246528637,0.6074361603336335,1.0,0.6733087246528637,0.49829190868238427,False,0.49829190868238427,1.0,visual candidate from stored precursor score and appearance utility; prototype label leaves score unchanged,0.6733087246528637,0.0,original matched/generic visual candidate; downstream transformations applied,0.6074361603336335,0.0,False,False,False,,
chair__03,20,root:1/visual-region:13,furniture_leg,sam2-amg[facebook/sam2.1-hiera-tiny]/point-grid/semantic-rerank,sam2-amg[facebook/sam2.1-hiera-tiny],0.5379061484668836,0.66,1.0,0.5379061484668836,0.4922599318934788,False,0.4922599318934788,1.0,visual candidate from stored precursor score and appearance utility; semantic rerank,0.5379061484668836,0.0,original matched/generic visual candidate; downstream transformations applied,0.66,0.0,True,False,False,,
chair__04,1,root:1,furniture,grounded-sam2[IDEA-Research/grounding-dino-tiny|facebook/sam2.1-hiera-tiny]/root,grounded-sam2[IDEA-Research/grounding-dino|facebook/sam2.1-hiera-tiny],0.5949631333351135,0.97578125,1.0,0.5949631333351135,0.7584061909723095,False,0.7584061909723095,,Stored score; precursor logits not archived in candidates.json,,,root quality rule; later root-routing maxima can retain different precursor metadata,0.97578125,0.0,False,False,False,specific_root_label,
chair__04,2,root:1/profile-refine:IDEA-Research_grounding-dino-tiny:furniture_backrest:01,furniture_backrest,grounded-sam2[IDEA-Research/grounding-dino-tiny|facebook/sam2.1-hiera-tiny]/profile-refine,grounded-sam2[IDEA-Research/grounding-dino|facebook/sam2.1-hiera-tiny]/profile-refine,0.40703874826431274,1.0443984375,1.0,0.40703874826431274,0.7037901448540622,False,0.7037901448540622,1.2,Stored score; precursor logits not archived in candidates.json,,,profile priority + SAM quality,1.0443984375,0.0,False,False,False,,
chair__04,3,root:1/profile-refine:IDEA-Research_grounding-dino-tiny:furniture_spindle:02,furniture_spindle,grounded-sam2[IDEA-Research/grounding-dino-tiny|facebook/sam2.1-hiera-tiny]/profile-refine,grounded-sam2[IDEA-Research/grounding-dino|facebook/sam2.1-hiera-tiny]/profile-refine,0.24418270587921143,0.8705253906250001,1.0,0.24418270587921143,0.5086484107619036,False,0.5086484107619036,1.0,Stored score; precursor logits not archived in candidates.json,,,profile priority + SAM quality,0.8705253906250001,0.0,False,False,False,,
chair__04,4,root:1/profile-dense:furniture_leg:03,furniture_leg,clipseg-sam2[CIDAS/clipseg-rd64-refined|facebook/sam2.1-hiera-tiny]/profile-dense-supplement,grounded-sam2[IDEA-Research/grounding-dino|facebook/sam2.1-hiera-tiny]/profile-dense,0.3561761975288391,0.509885529654685,1.0,0.3561761975288391,0.32933348736466944,False,0.32933348736466944,1.2,stored dense-region score identity,0.3561761975288391,0.0,,0.509885529654685,0.0,False,False,False,,
chair__04,5,root:1/profile-dense:furniture_stretcher:01,furniture_stretcher,clipseg-sam2[CIDAS/clipseg-rd64-refined|facebook/sam2.1-hiera-tiny]/profile-dense-supplement,grounded-sam2[IDEA-Research/grounding-dino|facebook/sam2.1-hiera-tiny]/profile-dense,0.342827707529068,0.44721205093327476,1.0,0.342827707529068,0.2855695981304287,False,0.2855695981304287,1.1,stored dense-region score identity,0.342827707529068,0.0,,0.44721205093327476,0.0,False,False,False,,
chair__04,6,root:1/profile-dense:furniture_foot:01,furniture_foot,clipseg-sam2[CIDAS/clipseg-rd64-refined|facebook/sam2.1-hiera-tiny]/profile-dense-supplement,grounded-sam2[IDEA-Research/grounding-dino|facebook/sam2.1-hiera-tiny]/profile-dense,0.24340170621871948,0.35541618267118463,1.0,0.24340170621871948,0.20751718010598386,False,0.20751718010598386,1.0,stored dense-region score identity,0.24340170621871948,0.0,,0.35541618267118463,0.0,False,False,False,,
chair__04,7,root:1/visual-region:01,furniture_rail,sam2-amg[facebook/sam2.1-hiera-tiny]/prototype-labelled-region,sam2-amg[facebook/sam2.1-hiera-tiny],0.8030040641477161,0.5936104452705383,1.0,0.8030040641477161,0.52929408041177,False,0.52929408041177,1.0,visual candidate from stored precursor score and appearance utility; prototype label leaves score unchanged,0.8030040641477161,0.0,original matched/generic visual candidate; downstream transformations applied,0.5936104452705383,0.0,False,False,False,,
chair__04,8,root:1/visual-region:02,furniture_backrest,sam2-amg[facebook/sam2.1-hiera-tiny]/point-grid,sam2-amg[facebook/sam2.1-hiera-tiny],0.8268549101905021,0.68,1.0,0.8268549101905021,0.6152437364112479,False,0.6152437364112479,1.0,visual candidate from stored precursor score and appearance utility,0.8268549101905021,0.0,original matched/generic visual candidate; downstream transformations applied,0.68,0.0,False,False,False,,
chair__04,9,root:1/visual-region:10,furniture_leg,sam2-amg[facebook/sam2.1-hiera-tiny]/point-grid/semantic-rerank,sam2-amg[facebook/sam2.1-hiera-tiny],0.5797593815062285,0.66,1.0,0.5797593815062285,0.507452655486761,False,0.507452655486761,1.0,visual candidate from stored precursor score and appearance utility; semantic rerank,0.5797593815062285,0.0,original matched/generic visual candidate; downstream transformations applied,0.66,0.0,True,False,False,,
chair__04,10,root:1/visual-region:09,furniture_leg,sam2-amg[facebook/sam2.1-hiera-tiny]/point-grid/semantic-rerank,sam2-amg[facebook/sam2.1-hiera-tiny],0.5454409460567432,0.66,1.0,0.5454409460567432,0.49499506341859784,False,0.49499506341859784,1.0,visual candidate from stored precursor score and appearance utility; semantic rerank,0.5454409460567432,0.0,original matched/generic visual candidate; downstream transformations applied,0.66,0.0,True,False,False,,
chair__04,11,root:1/visual-region:04,furniture_leg,sam2-amg[facebook/sam2.1-hiera-tiny]/point-grid/semantic-rerank,sam2-amg[facebook/sam2.1-hiera-tiny],0.5305821409310226,0.66,1.0,0.5305821409310226,0.4896013171579613,False,0.4896013171579613,1.0,visual candidate from stored precursor score and appearance utility; semantic rerank,0.5305821409310226,0.0,original matched/generic visual candidate; downstream transformations applied,0.66,0.0,True,False,False,,
chair__04,12,root:1/visual-region:06,furniture_stretcher,sam2-amg[facebook/sam2.1-hiera-tiny]/point-grid,sam2-amg[facebook/sam2.1-hiera-tiny],0.7939327366850614,0.68,1.0,0.7939327366850614,0.6029308435202131,False,0.6029308435202131,1.0,visual candidate from stored precursor score and appearance utility,0.7939327366850614,0.0,original matched/generic visual candidate; downstream transformations applied,0.68,0.0,False,False,False,,
chair__04,13,root:1/visual-region:08,furniture_visual_strip_03,sam2-amg[facebook/sam2.1-hiera-tiny]/point-grid,sam2-amg[facebook/sam2.1-hiera-tiny],0.7089605932842702,0.62,1.0,0.7089605932842702,0.5207555623099361,False,0.5207555623099361,,visual candidate from stored precursor score and appearance utility,0.7089605932842702,0.0,original matched/generic visual candidate; downstream transformations applied,0.62,0.0,False,False,False,,
bench__01,1,root:4,furniture,grounded-sam2[IDEA-Research/grounding-dino-tiny|facebook/sam2.1-hiera-tiny]/root,grounded-sam2[IDEA-Research/grounding-dino|facebook/sam2.1-hiera-tiny],0.5688949227333069,0.94140625,1.0,0.5688949227333069,0.7181914922199213,False,0.7181914922199213,,Stored score; precursor logits not archived in candidates.json,,,root quality rule; later root-routing maxima can retain different precursor metadata,0.94140625,0.0,False,False,False,specific_root_label,
bench__01,2,root:4/profile-refine:IDEA-Research_grounding-dino-tiny:furniture_spindle:02,furniture_spindle,grounded-sam2[IDEA-Research/grounding-dino-tiny|facebook/sam2.1-hiera-tiny]/profile-refine,grounded-sam2[IDEA-Research/grounding-dino|facebook/sam2.1-hiera-tiny]/profile-refine,0.3459886312484741,0.6610205078125,1.0,0.3459886312484741,0.423247297914495,False,0.423247297914495,1.0,Stored score; precursor logits not archived in candidates.json,,,profile priority + SAM quality,0.6610205078125,0.0,False,False,False,,
bench__01,3,root:4/profile-refine:IDEA-Research_grounding-dino-tiny:furniture_stile:03,furniture_stile,grounded-sam2[IDEA-Research/grounding-dino-tiny|facebook/sam2.1-hiera-tiny]/profile-refine,grounded-sam2[IDEA-Research/grounding-dino|facebook/sam2.1-hiera-tiny]/profile-refine,0.3005402386188507,0.7721054687500001,1.0,0.3005402386188507,0.47507427993687457,False,0.47507427993687457,1.0,Stored score; precursor logits not archived in candidates.json,,,profile priority + SAM quality,0.7721054687500001,0.0,False,False,False,,
bench__01,4,root:4/profile-refine:IDEA-Research_grounding-dino-tiny:furniture_rail:02,furniture_rail,grounded-sam2[IDEA-Research/grounding-dino-tiny|facebook/sam2.1-hiera-tiny]/profile-refine,grounded-sam2[IDEA-Research/grounding-dino|facebook/sam2.1-hiera-tiny]/profile-refine,0.2577650845050812,0.7719121093750001,1.0,0.2577650845050812,0.4567950437756984,False,0.4567950437756984,1.0,Stored score; precursor logits not archived in candidates.json,,,profile priority + SAM quality,0.7719121093750001,0.0,False,False,False,,
bench__01,5,root:4/visual-region:04,furniture_seat,sam2-amg[facebook/sam2.1-hiera-tiny]/prototype-labelled-region,sam2-amg[facebook/sam2.1-hiera-tiny],0.8209886788711054,0.6077250867395401,1.0,0.8209886788711054,0.5478907678763107,False,0.5478907678763107,1.0,visual candidate from stored precursor score and appearance utility; prototype label leaves score unchanged,0.8209886788711054,0.0,original matched/generic visual candidate; downstream transformations applied,0.6077250867395401,0.0,False,False,False,,
bench__01,6,root:4/visual-region:05,furniture_visual_strip_03,sam2-amg[facebook/sam2.1-hiera-tiny]/point-grid,sam2-amg[facebook/sam2.1-hiera-tiny],0.7399432342599281,0.62,1.0,0.7399432342599281,0.5313206428826355,False,0.5313206428826355,,visual candidate from stored precursor score and appearance utility,0.7399432342599281,0.0,original matched/generic visual candidate; downstream transformations applied,0.62,0.0,False,False,False,,
bench__02,1,root:9,furniture,grounded-sam2[IDEA-Research/grounding-dino-tiny|facebook/sam2.1-hiera-tiny]/isolated-profile-root,grounded-sam2[IDEA-Research/grounding-dino|facebook/sam2.1-hiera-tiny],0.5434387922286987,0.9852539062500001,1.0,0.5434387922286987,0.7378481138806092,False,0.7378481138806092,,Stored score; precursor logits not archived in candidates.json,,,root quality rule; later root-routing maxima can retain different precursor metadata,0.9852539062500001,0.0,False,False,False,isolated_profile_consensus,Final r may inherit another root via max; a simple single-q discrepancy is not evidence of incorrect frozen r
bench__02,2,root:9/profile-refine:IDEA-Research_grounding-dino-tiny:furniture_cushion:01,furniture_cushion,grounded-sam2[IDEA-Research/grounding-dino-tiny|facebook/sam2.1-hiera-tiny]/profile-refine,grounded-sam2[IDEA-Research/grounding-dino|facebook/sam2.1-hiera-tiny]/profile-refine,0.47706684470176697,0.8695585937500001,1.0,0.47706684470176697,0.61946203321949,False,0.61946203321949,1.0,Stored score; precursor logits not archived in candidates.json,,,profile priority + SAM quality,0.8695585937500001,0.0,False,False,False,,
bench__02,3,root:9/profile-refine:IDEA-Research_grounding-dino-tiny:furniture_cushion:02,furniture_cushion,grounded-sam2[IDEA-Research/grounding-dino-tiny|facebook/sam2.1-hiera-tiny]/profile-refine,grounded-sam2[IDEA-Research/grounding-dino|facebook/sam2.1-hiera-tiny]/profile-refine,0.3042483627796173,0.8627910156250002,1.0,0.3042483627796173,0.5326324716899283,False,0.5326324716899283,1.0,Stored score; precursor logits not archived in candidates.json,,,profile priority + SAM quality,0.8627910156250002,0.0,False,False,False,,
bench__02,4,root:9/profile-dense:furniture_backrest:02,furniture_backrest,clipseg-sam2[CIDAS/clipseg-rd64-refined|facebook/sam2.1-hiera-tiny]/profile-dense-supplement,grounded-sam2[IDEA-Research/grounding-dino|facebook/sam2.1-hiera-tiny]/profile-dense,0.47416168451309204,0.47959376638821555,1.0,0.47416168451309204,0.34088993835863507,False,0.34088993835863507,1.0,stored dense-region score identity,0.47416168451309204,0.0,,0.47959376638821555,0.0,False,False,False,,
bench__02,5,root:9/visual-region:01,furniture_visual_panel_01,sam2-amg[facebook/sam2.1-hiera-tiny]/point-grid,sam2-amg[facebook/sam2.1-hiera-tiny],0.6800285376985511,0.62,1.0,0.6800285376985511,0.5108897313552059,False,0.5108897313552059,,visual candidate from stored precursor score and appearance utility,0.6800285376985511,0.0,original matched/generic visual candidate; downstream transformations applied,0.62,0.0,False,False,False,,
bench__02,6,root:9/visual-region:07,furniture_cushion,sam2-amg[facebook/sam2.1-hiera-tiny]/point-grid,sam2-amg[facebook/sam2.1-hiera-tiny],0.8684522372940704,0.68,1.0,0.8684522372940704,0.6308011367479823,False,0.6308011367479823,1.0,visual candidate from stored precursor score and appearance utility,0.8684522372940704,0.0,original matched/generic visual candidate; downstream transformations applied,0.68,0.0,False,False,False,,
bench__02,7,root:9/visual-region:03,furniture_cushion,sam2-amg[facebook/sam2.1-hiera-tiny]/point-grid,sam2-amg[facebook/sam2.1-hiera-tiny],0.7756135484656945,0.68,1.0,0.7756135484656945,0.5960794671261699,False,0.5960794671261699,1.0,visual candidate from stored precursor score and appearance utility,0.7756135484656945,0.0,original matched/generic visual candidate; downstream transformations applied,0.68,0.0,False,False,False,,
bench__02,8,root:9/visual-region:08,furniture_visual_panel_05,sam2-amg[facebook/sam2.1-hiera-tiny]/point-grid,sam2-amg[facebook/sam2.1-hiera-tiny],0.6989139938502298,0.62,1.0,0.6989139938502298,0.5173296719029284,False,0.5173296719029284,,visual candidate from stored precursor score and appearance utility,0.6989139938502298,0.0,original matched/generic visual candidate; downstream transformations applied,0.62,0.0,False,False,False,,
bench__03,1,root:1,furniture,grounded-sam2[IDEA-Research/grounding-dino-tiny|facebook/sam2.1-hiera-tiny]/root,grounded-sam2[IDEA-Research/grounding-dino|facebook/sam2.1-hiera-tiny],0.8492224812507629,0.990234375,1.0,0.8492224812507629,0.9081165798765142,False,0.9081165798765142,,Stored score; precursor logits not archived in candidates.json,,,root quality rule; later root-routing maxima can retain different precursor metadata,0.990234375,0.0,False,False,False,specific_root_label,
bench__03,2,root:1/profile-refine:IDEA-Research_grounding-dino-tiny:furniture_cushion:01,furniture_cushion,grounded-sam2[IDEA-Research/grounding-dino-tiny|facebook/sam2.1-hiera-tiny]/profile-refine,grounded-sam2[IDEA-Research/grounding-dino|facebook/sam2.1-hiera-tiny]/profile-refine,0.30352529883384705,0.838427734375,1.0,0.30352529883384705,0.5172586962134664,False,0.5172586962134664,1.0,Stored score; precursor logits not archived in candidates.json,,,profile priority + SAM quality,0.838427734375,0.0,False,False,False,,
bench__03,3,root:1/profile-refine:IDEA-Research_grounding-dino-tiny:furniture_stile:02,furniture_stile,grounded-sam2[IDEA-Research/grounding-dino-tiny|facebook/sam2.1-hiera-tiny]/profile-refine,grounded-sam2[IDEA-Research/grounding-dino|facebook/sam2.1-hiera-tiny]/profile-refine,0.24131056666374207,0.870138671875,1.0,0.24131056666374207,0.5070479131361557,False,0.5070479131361557,1.0,Stored score; precursor logits not archived in candidates.json,,,profile priority + SAM quality,0.870138671875,0.0,False,False,False,,
bench__03,4,root:1/visual-region:06,furniture_leg,sam2-amg[facebook/sam2.1-hiera-tiny]/point-grid/semantic-rerank,sam2-amg[facebook/sam2.1-hiera-tiny],0.647233484157614,0.66,1.0,0.647233484157614,0.5319457547492139,False,0.5319457547492139,1.0,visual candidate from stored precursor score and appearance utility; semantic rerank,0.647233484157614,0.0,original matched/generic visual candidate; downstream transformations applied,0.66,0.0,True,False,False,,
bench__03,5,root:1/visual-region:08,furniture_leg,sam2-amg[facebook/sam2.1-hiera-tiny]/point-grid/semantic-rerank,sam2-amg[facebook/sam2.1-hiera-tiny],0.6422996009333386,0.66,1.0,0.6422996009333386,0.530154755138802,False,0.530154755138802,1.0,visual candidate from stored precursor score and appearance utility; semantic rerank,0.6422996009333386,0.0,original matched/generic visual candidate; downstream transformations applied,0.66,0.0,True,False,False,,
bench__03,6,root:1/visual-region:07,furniture_leg,sam2-amg[facebook/sam2.1-hiera-tiny]/point-grid/semantic-rerank,sam2-amg[facebook/sam2.1-hiera-tiny],0.6395550719054571,0.66,1.0,0.6395550719054571,0.529158491101681,False,0.529158491101681,1.0,visual candidate from stored precursor score and appearance utility; semantic rerank,0.6395550719054571,0.0,original matched/generic visual candidate; downstream transformations applied,0.66,0.0,True,False,False,,
bench__03,7,root:1/visual-region:05,furniture_leg,sam2-amg[facebook/sam2.1-hiera-tiny]/point-grid/semantic-rerank,sam2-amg[facebook/sam2.1-hiera-tiny],0.6371720519205983,0.66,1.0,0.6371720519205983,0.5282934548471773,False,0.5282934548471773,1.0,visual candidate from stored precursor score and appearance utility; semantic rerank,0.6371720519205983,0.0,original matched/generic visual candidate; downstream transformations applied,0.66,0.0,True,False,False,,
bench__03,8,root:1/visual-region:04,furniture_leg,sam2-amg[facebook/sam2.1-hiera-tiny]/point-grid/semantic-rerank,sam2-amg[facebook/sam2.1-hiera-tiny],0.6433156897536737,0.66,1.0,0.6433156897536737,0.5305235953805836,False,0.5305235953805836,1.0,visual candidate from stored precursor score and appearance utility; semantic rerank,0.6433156897536737,0.0,original matched/generic visual candidate; downstream transformations applied,0.66,0.0,True,False,False,,
bench__03,9,root:1/visual-region:14,furniture_leg,sam2-amg[facebook/sam2.1-hiera-tiny]/prototype-labelled-region,sam2-amg[facebook/sam2.1-hiera-tiny],0.7832279840596663,0.5826154246549606,1.0,0.7832279840596663,0.5131533285887464,False,0.5131533285887464,1.0,visual candidate from stored precursor score and appearance utility; prototype label leaves score unchanged,0.7832279840596663,0.0,original matched/generic visual candidate; downstream transformations applied,0.5826154246549606,0.0,False,False,False,,
bench__03,10,root:1/visual-region:01,furniture_leg,sam2-amg[facebook/sam2.1-hiera-tiny]/point-grid/semantic-rerank,sam2-amg[facebook/sam2.1-hiera-tiny],0.5801591019596652,0.66,1.0,0.5801591019596652,0.5075977540113585,False,0.5075977540113585,1.0,visual candidate from stored precursor score and appearance utility; semantic rerank,0.5801591019596652,0.0,original matched/generic visual candidate; downstream transformations applied,0.66,0.0,True,False,False,,
bench__03,11,root:1/visual-region:03,furniture_armrest,sam2-amg[facebook/sam2.1-hiera-tiny]/prototype-labelled-region,sam2-amg[facebook/sam2.1-hiera-tiny],0.8224505276021176,0.5821598438773156,1.0,0.8224505276021176,0.5253106486549075,False,0.5253106486549075,1.0,visual candidate from stored precursor score and appearance utility; prototype label leaves score unchanged,0.8224505276021176,0.0,original matched/generic visual candidate; downstream transformations applied,0.5821598438773156,0.0,False,False,False,,
bench__03,12,root:1/visual-region:15,furniture_seat,sam2-amg[facebook/sam2.1-hiera-tiny]/prototype-labelled-region,sam2-amg[facebook/sam2.1-hiera-tiny],0.8670921560199042,0.593044272772789,1.0,0.8670921560199042,0.5496931431493527,False,0.5496931431493527,1.0,visual candidate from stored precursor score and appearance utility; prototype label leaves score unchanged,0.8670921560199042,0.0,original matched/generic visual candidate; downstream transformations applied,0.593044272772789,0.0,False,False,False,,
bench__04,1,root:1,furniture,grounded-sam2[IDEA-Research/grounding-dino-tiny|facebook/sam2.1-hiera-tiny]/root,grounded-sam2[IDEA-Research/grounding-dino|facebook/sam2.1-hiera-tiny],0.8060905337333679,0.9712890625,1.0,0.8060905337333679,0.8677008834650043,False,0.8677008834650043,,Stored score; precursor logits not archived in candidates.json,,,root quality rule; later root-routing maxima can retain different precursor metadata,0.9712890625,0.0,False,False,False,specific_root_label,
bench__04,2,root:1/profile-refine:IDEA-Research_grounding-dino-tiny:furniture_stile:01,furniture_stile,grounded-sam2[IDEA-Research/grounding-dino-tiny|facebook/sam2.1-hiera-tiny]/profile-refine,grounded-sam2[IDEA-Research/grounding-dino|facebook/sam2.1-hiera-tiny]/profile-refine,0.43194353580474854,0.8720722656250001,1.0,0.43194353580474854,0.5996098073714763,False,0.5996098073714763,1.0,Stored score; precursor logits not archived in candidates.json,,,profile priority + SAM quality,0.8720722656250001,0.0,False,False,False,,
bench__04,3,root:1/profile-refine:IDEA-Research_grounding-dino-tiny:furniture_stile:03,furniture_stile,grounded-sam2[IDEA-Research/grounding-dino-tiny|facebook/sam2.1-hiera-tiny]/profile-refine,grounded-sam2[IDEA-Research/grounding-dino|facebook/sam2.1-hiera-tiny]/profile-refine,0.2487165927886963,0.8038164062500002,1.0,0.2487165927886963,0.4716747455970851,False,0.4716747455970851,1.0,Stored score; precursor logits not archived in candidates.json,,,profile priority + SAM quality,0.8038164062500002,0.0,False,False,False,,
bench__04,4,root:1/profile-refine:IDEA-Research_grounding-dino-tiny:furniture_armrest:01,furniture_armrest,grounded-sam2[IDEA-Research/grounding-dino-tiny|facebook/sam2.1-hiera-tiny]/profile-refine,grounded-sam2[IDEA-Research/grounding-dino|facebook/sam2.1-hiera-tiny]/profile-refine,0.3970613479614258,0.79298828125,1.0,0.3970613479614258,0.5300204742914065,False,0.5300204742914065,1.0,Stored score; precursor logits not archived in candidates.json,,,profile priority + SAM quality,0.79298828125,0.0,False,False,False,,
bench__04,5,root:1/profile-refine:IDEA-Research_grounding-dino-tiny:furniture_spindle:01,furniture_spindle,grounded-sam2[IDEA-Research/grounding-dino-tiny|facebook/sam2.1-hiera-tiny]/profile-refine,grounded-sam2[IDEA-Research/grounding-dino|facebook/sam2.1-hiera-tiny]/profile-refine,0.3353508412837982,0.8720722656250001,1.0,0.3353508412837982,0.5532801118969365,False,0.5532801118969365,1.0,Stored score; precursor logits not archived in candidates.json,,,profile priority + SAM quality,0.8720722656250001,0.0,False,False,False,,
bench__04,6,root:1/profile-dense:furniture_seat:01,furniture_seat,clipseg-sam2[CIDAS/clipseg-rd64-refined|facebook/sam2.1-hiera-tiny]/profile-dense-supplement,grounded-sam2[IDEA-Research/grounding-dino|facebook/sam2.1-hiera-tiny]/profile-dense,0.6723732352256775,0.7356048392449448,1.0,0.6723732352256775,0.6030527307461585,False,0.6030527307461585,1.35,stored dense-region score identity,0.6723732352256775,0.0,,0.7356048392449448,0.0,False,False,False,,
bench__04,7,root:1/profile-dense:furniture_backrest:01,furniture_backrest,clipseg-sam2[CIDAS/clipseg-rd64-refined|facebook/sam2.1-hiera-tiny]/profile-dense-supplement,grounded-sam2[IDEA-Research/grounding-dino|facebook/sam2.1-hiera-tiny]/profile-dense,0.5697596073150635,0.5978286696503219,1.0,0.5697596073150635,0.45636314677655465,False,0.45636314677655465,1.2,stored dense-region score identity,0.5697596073150635,0.0,,0.5978286696503219,0.0,False,False,False,,
bench__04,8,root:1/profile-dense:furniture_leg:05,furniture_leg,clipseg-sam2[CIDAS/clipseg-rd64-refined|facebook/sam2.1-hiera-tiny]/profile-dense-supplement,grounded-sam2[IDEA-Research/grounding-dino|facebook/sam2.1-hiera-tiny]/profile-dense,0.2959938049316406,0.4700798936158418,1.0,0.2959938049316406,0.28806335711039643,False,0.28806335711039643,1.2,stored dense-region score identity,0.2959938049316406,0.0,,0.4700798936158418,0.0,False,False,False,,
bench__04,9,root:1/profile-dense:furniture_leg:04,furniture_leg,clipseg-sam2[CIDAS/clipseg-rd64-refined|facebook/sam2.1-hiera-tiny]/profile-dense-supplement,grounded-sam2[IDEA-Research/grounding-dino|facebook/sam2.1-hiera-tiny]/profile-dense,0.40781810879707336,0.4831743977746577,1.0,0.40781810879707336,0.3258044770143902,False,0.3258044770143902,1.2,stored dense-region score identity,0.40781810879707336,0.0,,0.4831743977746577,0.0,False,False,False,,
bench__04,10,root:1/visual-region:01,furniture_stile,sam2-amg[facebook/sam2.1-hiera-tiny]/point-grid,sam2-amg[facebook/sam2.1-hiera-tiny],0.8018729816527009,0.68,1.0,0.8018729816527009,0.6059004951381102,False,0.6059004951381102,1.0,visual candidate from stored precursor score and appearance utility,0.8018729816527009,0.0,original matched/generic visual candidate; downstream transformations applied,0.68,0.0,False,False,False,,
bench__04,11,root:1/visual-region:02,furniture_spindle,sam2-amg[facebook/sam2.1-hiera-tiny]/point-grid,sam2-amg[facebook/sam2.1-hiera-tiny],0.8844849632865517,0.68,1.0,0.8844849632865517,0.6367973762691704,False,0.6367973762691704,1.0,visual candidate from stored precursor score and appearance utility,0.8844849632865517,0.0,original matched/generic visual candidate; downstream transformations applied,0.68,0.0,False,False,False,,
bench__04,12,root:1/visual-region:03,furniture_stretcher,sam2-amg[facebook/sam2.1-hiera-tiny]/point-grid/semantic-rerank,sam2-amg[facebook/sam2.1-hiera-tiny],0.5889443987050652,0.66,1.0,0.5889443987050652,0.5107868167299386,False,0.5107868167299386,1.0,visual candidate from stored precursor score and appearance utility; semantic rerank,0.5889443987050652,0.0,original matched/generic visual candidate; downstream transformations applied,0.66,0.0,True,False,False,,
bench__04,13,root:1/visual-region:05,furniture_foot,sam2-amg[facebook/sam2.1-hiera-tiny]/point-grid/semantic-rerank,sam2-amg[facebook/sam2.1-hiera-tiny],0.5518202793103637,0.66,1.0,0.5518202793103637,0.4973107613896621,False,0.4973107613896621,1.0,visual candidate from stored precursor score and appearance utility; semantic rerank,0.5518202793103637,0.0,original matched/generic visual candidate; downstream transformations applied,0.66,0.0,True,False,False,,
bench__04,14,root:1/visual-region:06,furniture_visual_detail_03,sam2-amg[facebook/sam2.1-hiera-tiny]/point-grid,sam2-amg[facebook/sam2.1-hiera-tiny],0.8166632724020322,0.62,1.0,0.8166632724020322,0.557482175889093,False,0.557482175889093,,visual candidate from stored precursor score and appearance utility,0.8166632724020322,0.0,original matched/generic visual candidate; downstream transformations applied,0.62,0.0,False,False,False,,
bench__04,15,root:1/visual-region:07,furniture_leg,sam2-amg[facebook/sam2.1-hiera-tiny]/point-grid/semantic-rerank,sam2-amg[facebook/sam2.1-hiera-tiny],0.5264282568407956,0.66,1.0,0.5264282568407956,0.48809345723320885,False,0.48809345723320885,1.0,visual candidate from stored precursor score and appearance utility; semantic rerank,0.5264282568407956,0.0,original matched/generic visual candidate; downstream transformations applied,0.66,0.0,True,False,False,,
bench__04,16,root:1/visual-region:08,furniture_armrest,sam2-amg[facebook/sam2.1-hiera-tiny]/point-grid,sam2-amg[facebook/sam2.1-hiera-tiny],0.7050279174603643,0.68,1.0,0.7050279174603643,0.5696804411301764,False,0.5696804411301764,1.0,visual candidate from stored precursor score and appearance utility,0.7050279174603643,0.0,original matched/generic visual candidate; downstream transformations applied,0.68,0.0,False,False,False,,
bench__04,17,root:1/visual-region:10,furniture_visual_panel_02,sam2-amg[facebook/sam2.1-hiera-tiny]/point-grid,sam2-amg[facebook/sam2.1-hiera-tiny],0.693054341896691,0.62,1.0,0.693054341896691,0.5153315305867716,False,0.5153315305867716,,visual candidate from stored precursor score and appearance utility,0.693054341896691,0.0,original matched/generic visual candidate; downstream transformations applied,0.62,0.0,False,False,False,,
stool__01,1,root:2,furniture,grounded-sam2[IDEA-Research/grounding-dino-tiny|facebook/sam2.1-hiera-tiny]/root,grounded-sam2[IDEA-Research/grounding-dino|facebook/sam2.1-hiera-tiny],0.4450470805168152,0.9330078125000001,1.0,0.4450470805168152,0.6482313373038778,False,0.6482313373038778,,Stored score; precursor logits not archived in candidates.json,,,root quality rule; later root-routing maxima can retain different precursor metadata,0.9330078125000001,0.0,False,False,False,specific_root_label,
stool__01,2,root:2/profile-refine:IDEA-Research_grounding-dino-tiny:furniture_leg:03,furniture_leg,grounded-sam2[IDEA-Research/grounding-dino-tiny|facebook/sam2.1-hiera-tiny]/profile-refine,grounded-sam2[IDEA-Research/grounding-dino|facebook/sam2.1-hiera-tiny]/profile-refine,0.28002533316612244,0.97687734375,1.0,0.28002533316612244,0.5900475266928169,False,0.5900475266928169,1.2,Stored score; precursor logits not archived in candidates.json,,,profile priority + SAM quality,0.97687734375,0.0,False,False,False,,
stool__01,3,root:2/profile-refine:IDEA-Research_grounding-dino-tiny:furniture_leg:05,furniture_leg,grounded-sam2[IDEA-Research/grounding-dino-tiny|facebook/sam2.1-hiera-tiny]/profile-refine,grounded-sam2[IDEA-Research/grounding-dino|facebook/sam2.1-hiera-tiny]/profile-refine,0.24077458679676056,0.95390625,1.0,0.24077458679676056,0.5555798232526286,False,0.5555798232526286,1.2,Stored score; precursor logits not archived in candidates.json,,,profile priority + SAM quality,0.95390625,0.0,False,False,False,,
stool__01,4,root:2/profile-refine:IDEA-Research_grounding-dino-tiny:furniture_leg:02,furniture_leg,grounded-sam2[IDEA-Research/grounding-dino-tiny|facebook/sam2.1-hiera-tiny]/profile-refine,grounded-sam2[IDEA-Research/grounding-dino|facebook/sam2.1-hiera-tiny]/profile-refine,0.3357863426208496,1.0026328125,1.0,0.3357863426208496,0.636353488430567,False,0.636353488430567,1.2,Stored score; precursor logits not archived in candidates.json,,,profile priority + SAM quality,1.0026328125,0.0,False,False,False,,
stool__01,5,root:2/profile-refine:IDEA-Research_grounding-dino-tiny:furniture_stile:01,furniture_stile,grounded-sam2[IDEA-Research/grounding-dino-tiny|facebook/sam2.1-hiera-tiny]/profile-refine,grounded-sam2[IDEA-Research/grounding-dino|facebook/sam2.1-hiera-tiny]/profile-refine,0.340046763420105,0.819671875,1.0,0.340046763420105,0.5221520662381315,False,0.5221520662381315,1.0,Stored score; precursor logits not archived in candidates.json,,,profile priority + SAM quality,0.819671875,0.0,False,False,False,,
stool__01,6,root:2/profile-refine:IDEA-Research_grounding-dino-tiny:furniture_stretcher:02,furniture_stretcher,grounded-sam2[IDEA-Research/grounding-dino-tiny|facebook/sam2.1-hiera-tiny]/profile-refine,grounded-sam2[IDEA-Research/grounding-dino|facebook/sam2.1-hiera-tiny]/profile-refine,0.2763974666595459,0.8965343750000002,1.0,0.2763974666595459,0.5397303752627597,False,0.5397303752627597,1.1,Stored score; precursor logits not archived in candidates.json,,,profile priority + SAM quality,0.8965343750000002,0.0,False,False,False,,
stool__01,7,root:2/profile-refine:IDEA-Research_grounding-dino-tiny:furniture_armrest:01,furniture_armrest,grounded-sam2[IDEA-Research/grounding-dino-tiny|facebook/sam2.1-hiera-tiny]/profile-refine,grounded-sam2[IDEA-Research/grounding-dino|facebook/sam2.1-hiera-tiny]/profile-refine,0.2878679037094116,0.8109707031250001,1.0,0.2878679037094116,0.49333565635933785,False,0.49333565635933785,1.0,Stored score; precursor logits not archived in candidates.json,,,profile priority + SAM quality,0.8109707031250001,0.0,False,False,False,,
stool__01,8,root:2/profile-refine:IDEA-Research_grounding-dino-tiny:furniture_apron:01,furniture_apron,grounded-sam2[IDEA-Research/grounding-dino-tiny|facebook/sam2.1-hiera-tiny]/profile-refine,grounded-sam2[IDEA-Research/grounding-dino|facebook/sam2.1-hiera-tiny]/profile-refine,0.2757143974304199,0.77983984375,1.0,0.2757143974304199,0.46918511962397025,False,0.46918511962397025,1.0,Stored score; precursor logits not archived in candidates.json,,,profile priority + SAM quality,0.77983984375,0.0,False,False,False,,
stool__01,9,root:2/profile-dense:furniture_stretcher:03,furniture_stretcher,clipseg-sam2[CIDAS/clipseg-rd64-refined|facebook/sam2.1-hiera-tiny]/profile-dense-supplement,grounded-sam2[IDEA-Research/grounding-dino|facebook/sam2.1-hiera-tiny]/profile-dense,0.7904615998268127,0.6319122745990347,1.0,0.7904615998268127,0.5590868367109298,False,0.5590868367109298,1.1,stored dense-region score identity,0.7904615998268127,0.0,,0.6319122745990347,0.0,False,False,False,,
stool__01,10,root:2/profile-dense:furniture_leg:06,furniture_leg,clipseg-sam2[CIDAS/clipseg-rd64-refined|facebook/sam2.1-hiera-tiny]/profile-dense-supplement,grounded-sam2[IDEA-Research/grounding-dino|facebook/sam2.1-hiera-tiny]/profile-dense,0.6069893836975098,0.6061377900828795,1.0,0.6069893836975098,0.4751175675382935,False,0.4751175675382935,1.2,stored dense-region score identity,0.6069893836975098,0.0,,0.6061377900828795,0.0,False,False,False,,
stool__01,11,root:2/visual-region:01,furniture_seat,sam2-amg[facebook/sam2.1-hiera-tiny]/prototype-labelled-region,sam2-amg[facebook/sam2.1-hiera-tiny],0.8049095119639658,0.6085969150581361,1.0,0.8049095119639658,0.5432946070113819,False,0.5432946070113819,1.0,visual candidate from stored precursor score and appearance utility; prototype label leaves score unchanged,0.8049095119639658,0.0,original matched/generic visual candidate; downstream transformations applied,0.6085969150581361,0.0,False,False,False,,
stool__01,12,root:2/visual-region:06,furniture_leg,sam2-amg[facebook/sam2.1-hiera-tiny]/point-grid/semantic-rerank,sam2-amg[facebook/sam2.1-hiera-tiny],0.6188911979025519,0.66,1.0,0.6188911979025519,0.5216575048386264,False,0.5216575048386264,1.0,visual candidate from stored precursor score and appearance utility; semantic rerank,0.6188911979025519,0.0,original matched/generic visual candidate; downstream transformations applied,0.66,0.0,True,False,False,,
stool__01,13,root:2/visual-region:14,furniture_leg,sam2-amg[facebook/sam2.1-hiera-tiny]/point-grid/semantic-rerank,sam2-amg[facebook/sam2.1-hiera-tiny],0.5621252329078664,0.66,1.0,0.5621252329078664,0.5010514595455556,False,0.5010514595455556,1.0,visual candidate from stored precursor score and appearance utility; semantic rerank,0.5621252329078664,0.0,original matched/generic visual candidate; downstream transformations applied,0.66,0.0,True,False,False,,
stool__01,14,root:2/visual-region:02,furniture_leg,sam2-amg[facebook/sam2.1-hiera-tiny]/point-grid/semantic-rerank,sam2-amg[facebook/sam2.1-hiera-tiny],0.5379615994338482,0.66,1.0,0.5379615994338482,0.4922800605944869,False,0.4922800605944869,1.0,visual candidate from stored precursor score and appearance utility; semantic rerank,0.5379615994338482,0.0,original matched/generic visual candidate; downstream transformations applied,0.66,0.0,True,False,False,,
stool__01,15,root:2/visual-region:03,furniture_stile,sam2-amg[facebook/sam2.1-hiera-tiny]/point-grid,sam2-amg[facebook/sam2.1-hiera-tiny],0.7911196922271012,0.68,1.0,0.7911196922271012,0.6018787648929359,False,0.6018787648929359,1.0,visual candidate from stored precursor score and appearance utility,0.7911196922271012,0.0,original matched/generic visual candidate; downstream transformations applied,0.68,0.0,False,False,False,,
stool__01,16,root:2/visual-region:09,furniture_visual_strip_07,sam2-amg[facebook/sam2.1-hiera-tiny]/point-grid,sam2-amg[facebook/sam2.1-hiera-tiny],0.8138960285126485,0.62,1.0,0.8138960285126485,0.5565385457228131,False,0.5565385457228131,,visual candidate from stored precursor score and appearance utility,0.8138960285126485,0.0,original matched/generic visual candidate; downstream transformations applied,0.62,0.0,False,False,False,,
stool__01,17,root:2/visual-region:12,furniture_spindle,sam2-amg[facebook/sam2.1-hiera-tiny]/prototype-labelled-region,sam2-amg[facebook/sam2.1-hiera-tiny],0.7649560766598639,0.6094786493244171,1.0,0.7649560766598639,0.5306888102133251,False,0.5306888102133251,1.0,visual candidate from stored precursor score and appearance utility; prototype label leaves score unchanged,0.7649560766598639,0.0,original matched/generic visual candidate; downstream transformations applied,0.6094786493244171,0.0,False,False,False,,
stool__01,18,root:2/visual-region:13,furniture_visual_panel_01,sam2-amg[facebook/sam2.1-hiera-tiny]/point-grid,sam2-amg[facebook/sam2.1-hiera-tiny],0.690401985012513,0.62,1.0,0.690401985012513,0.514427076889267,False,0.514427076889267,,visual candidate from stored precursor score and appearance utility,0.690401985012513,0.0,original matched/generic visual candidate; downstream transformations applied,0.62,0.0,False,False,False,,
stool__02,1,root:1,furniture,grounded-sam2[IDEA-Research/grounding-dino-tiny|facebook/sam2.1-hiera-tiny]/root,grounded-sam2[IDEA-Research/grounding-dino|facebook/sam2.1-hiera-tiny],0.4055075943470001,0.9619140625,1.0,0.4055075943470001,0.6473962297241087,False,0.6473962297241087,,Stored score; precursor logits not archived in candidates.json,,,root quality rule; later root-routing maxima can retain different precursor metadata,0.9619140625,0.0,False,False,False,specific_root_label,
stool__02,2,root:1/profile-refine:IDEA-Research_grounding-dino-tiny:furniture_leg:01,furniture_leg,grounded-sam2[IDEA-Research/grounding-dino-tiny|facebook/sam2.1-hiera-tiny]/profile-refine,grounded-sam2[IDEA-Research/grounding-dino|facebook/sam2.1-hiera-tiny]/profile-refine,0.25701841711997986,1.02421171875,1.0,0.25701841711997986,0.6056779745493724,False,0.6056779745493724,1.2,Stored score; precursor logits not archived in candidates.json,,,profile priority + SAM quality,1.02421171875,0.0,False,False,False,,
stool__02,3,root:1/profile-refine:IDEA-Research_grounding-dino-tiny:furniture_cushion:01,furniture_cushion,grounded-sam2[IDEA-Research/grounding-dino-tiny|facebook/sam2.1-hiera-tiny]/profile-refine,grounded-sam2[IDEA-Research/grounding-dino|facebook/sam2.1-hiera-tiny]/profile-refine,0.2656899094581604,0.84094140625,1.0,0.2656899094581604,0.5013099381598993,False,0.5013099381598993,1.0,Stored score; precursor logits not archived in candidates.json,,,profile priority + SAM quality,0.84094140625,0.0,False,False,False,,
stool__02,4,root:1/profile-dense:furniture_leg:03,furniture_leg,clipseg-sam2[CIDAS/clipseg-rd64-refined|facebook/sam2.1-hiera-tiny]/profile-dense-supplement,grounded-sam2[IDEA-Research/grounding-dino|facebook/sam2.1-hiera-tiny]/profile-dense,0.44851455092430115,0.5453411272320408,1.0,0.44851455092430115,0.37992989418398543,False,0.37992989418398543,1.2,stored dense-region score identity,0.44851455092430115,0.0,,0.5453411272320408,0.0,False,False,False,,
stool__02,5,root:1/profile-dense:furniture_leg:04,furniture_leg,clipseg-sam2[CIDAS/clipseg-rd64-refined|facebook/sam2.1-hiera-tiny]/profile-dense-supplement,grounded-sam2[IDEA-Research/grounding-dino|facebook/sam2.1-hiera-tiny]/profile-dense,0.4243248999118805,0.5246991401030926,1.0,0.4243248999118805,0.35856821360584373,False,0.35856821360584373,1.2,stored dense-region score identity,0.4243248999118805,0.0,,0.5246991401030926,0.0,False,False,False,,
stool__02,6,root:1/profile-dense:furniture_leg:05,furniture_leg,clipseg-sam2[CIDAS/clipseg-rd64-refined|facebook/sam2.1-hiera-tiny]/profile-dense-supplement,grounded-sam2[IDEA-Research/grounding-dino|facebook/sam2.1-hiera-tiny]/profile-dense,0.4228268563747406,0.5187492330272171,1.0,0.4228268563747406,0.354074763958486,False,0.354074763958486,1.2,stored dense-region score identity,0.4228268563747406,0.0,,0.5187492330272171,0.0,False,False,False,,
stool__02,7,root:1/profile-dense:furniture_foot:01,furniture_foot,clipseg-sam2[CIDAS/clipseg-rd64-refined|facebook/sam2.1-hiera-tiny]/profile-dense-supplement,grounded-sam2[IDEA-Research/grounding-dino|facebook/sam2.1-hiera-tiny]/profile-dense,0.254530131816864,0.3763883274122665,1.0,0.254530131816864,0.2220659411603352,False,0.2220659411603352,1.0,stored dense-region score identity,0.254530131816864,0.0,,0.3763883274122665,0.0,False,False,False,,
stool__02,8,root:1/profile-dense:furniture_foot:02,furniture_foot,clipseg-sam2[CIDAS/clipseg-rd64-refined|facebook/sam2.1-hiera-tiny]/profile-dense-supplement,grounded-sam2[IDEA-Research/grounding-dino|facebook/sam2.1-hiera-tiny]/profile-dense,0.23346278071403503,0.3442459805339138,1.0,0.23346278071403503,0.19911343436605364,False,0.19911343436605364,1.0,stored dense-region score identity,0.23346278071403503,0.0,,0.3442459805339138,0.0,False,False,False,,
stool__02,9,root:1/visual-region:01,furniture_seat,sam2-amg[facebook/sam2.1-hiera-tiny]/prototype-labelled-region,sam2-amg[facebook/sam2.1-hiera-tiny],0.6795880744403159,0.6067775442581177,1.0,0.6795880744403159,0.49984722551995175,False,0.49984722551995175,1.0,visual candidate from stored precursor score and appearance utility; prototype label leaves score unchanged,0.6795880744403159,0.0,original matched/generic visual candidate; downstream transformations applied,0.6067775442581177,0.0,False,False,False,,
stool__02,10,root:1/visual-region:02,furniture_leg,sam2-amg[facebook/sam2.1-hiera-tiny]/point-grid,sam2-amg[facebook/sam2.1-hiera-tiny],0.8136299116345777,0.68,1.0,0.8136299116345777,0.6102975869513322,False,0.6102975869513322,1.0,visual candidate from stored precursor score and appearance utility,0.8136299116345777,0.0,original matched/generic visual candidate; downstream transformations applied,0.68,0.0,False,False,False,,
stool__02,11,root:1/visual-region:03,furniture_leg,sam2-amg[facebook/sam2.1-hiera-tiny]/point-grid,sam2-amg[facebook/sam2.1-hiera-tiny],0.7720543601232901,0.68,1.0,0.7720543601232901,0.5947483306861105,False,0.5947483306861105,1.0,visual candidate from stored precursor score and appearance utility,0.7720543601232901,0.0,original matched/generic visual candidate; downstream transformations applied,0.68,0.0,False,False,False,,
stool__02,12,root:1/visual-region:04,furniture_leg,sam2-amg[facebook/sam2.1-hiera-tiny]/point-grid/semantic-rerank,sam2-amg[facebook/sam2.1-hiera-tiny],0.5174984098574845,0.66,1.0,0.5174984098574845,0.484851922778267,False,0.484851922778267,1.0,visual candidate from stored precursor score and appearance utility; semantic rerank,0.5174984098574845,0.0,original matched/generic visual candidate; downstream transformations applied,0.66,0.0,True,False,False,,
stool__02,13,root:1/visual-region:05,furniture_stretcher,sam2-amg[facebook/sam2.1-hiera-tiny]/prototype-labelled-region,sam2-amg[facebook/sam2.1-hiera-tiny],0.7057791554797228,0.5946847806539536,1.0,0.7057791554797228,0.4984520185409045,False,0.4984520185409045,1.0,visual candidate from stored precursor score and appearance utility; prototype label leaves score unchanged,0.7057791554797228,0.0,original matched/generic visual candidate; downstream transformations applied,0.5946847806539536,0.0,False,False,False,,
stool__03,1,root:1,furniture,grounded-sam2[IDEA-Research/grounding-dino-tiny|facebook/sam2.1-hiera-tiny]/root,grounded-sam2[IDEA-Research/grounding-dino|facebook/sam2.1-hiera-tiny],0.7044652104377747,0.9587890625000001,1.0,0.7044652104377747,0.8029435243987246,False,0.8029435243987246,,Stored score; precursor logits not archived in candidates.json,,,root quality rule; later root-routing maxima can retain different precursor metadata,0.9587890625000001,0.0,False,False,False,specific_root_label,
stool__03,2,root:1/profile-refine:IDEA-Research_grounding-dino-tiny:furniture_rail:01,furniture_rail,grounded-sam2[IDEA-Research/grounding-dino-tiny|facebook/sam2.1-hiera-tiny]/profile-refine,grounded-sam2[IDEA-Research/grounding-dino|facebook/sam2.1-hiera-tiny]/profile-refine,0.6068480014801025,0.7732656250000001,1.0,0.6068480014801025,0.6060596157794819,False,0.6060596157794819,1.0,Stored score; precursor logits not archived in candidates.json,,,profile priority + SAM quality,0.7732656250000001,0.0,False,False,False,,
stool__03,3,root:1/profile-refine:IDEA-Research_grounding-dino-tiny:furniture_leg:02,furniture_leg,grounded-sam2[IDEA-Research/grounding-dino-tiny|facebook/sam2.1-hiera-tiny]/profile-refine,grounded-sam2[IDEA-Research/grounding-dino|facebook/sam2.1-hiera-tiny]/profile-refine,0.26057758927345276,1.00518515625,1.0,0.26057758927345276,0.5963941189464962,False,0.5963941189464962,1.2,Stored score; precursor logits not archived in candidates.json,,,profile priority + SAM quality,1.00518515625,0.0,False,False,False,,
stool__03,4,root:1/profile-refine:IDEA-Research_grounding-dino-tiny:furniture_leg:01,furniture_leg,grounded-sam2[IDEA-Research/grounding-dino-tiny|facebook/sam2.1-hiera-tiny]/profile-refine,grounded-sam2[IDEA-Research/grounding-dino|facebook/sam2.1-hiera-tiny]/profile-refine,0.2894721031188965,1.01307421875,1.0,0.2894721031188965,0.6171745970319025,False,0.6171745970319025,1.2,Stored score; precursor logits not archived in candidates.json,,,profile priority + SAM quality,1.01307421875,0.0,False,False,False,,
stool__03,5,root:1/profile-dense:furniture_leg:04,furniture_leg,clipseg-sam2[CIDAS/clipseg-rd64-refined|facebook/sam2.1-hiera-tiny]/profile-dense-supplement,grounded-sam2[IDEA-Research/grounding-dino|facebook/sam2.1-hiera-tiny]/profile-dense,0.706906795501709,0.6517592127633467,1.0,0.706906795501709,0.5466948048367958,False,0.5466948048367958,1.2,stored dense-region score identity,0.706906795501709,0.0,,0.6517592127633467,0.0,False,False,False,,
stool__03,6,root:1/profile-dense:furniture_leg:05,furniture_leg,clipseg-sam2[CIDAS/clipseg-rd64-refined|facebook/sam2.1-hiera-tiny]/profile-dense-supplement,grounded-sam2[IDEA-Research/grounding-dino|facebook/sam2.1-hiera-tiny]/profile-dense,0.7054782509803772,0.6475473462841473,1.0,0.7054782509803772,0.542653118933805,False,0.542653118933805,1.2,stored dense-region score identity,0.7054782509803772,0.0,,0.6475473462841473,0.0,False,False,False,,
stool__03,7,root:1/profile-dense:furniture_stretcher:01,furniture_stretcher,clipseg-sam2[CIDAS/clipseg-rd64-refined|facebook/sam2.1-hiera-tiny]/profile-dense-supplement,grounded-sam2[IDEA-Research/grounding-dino|facebook/sam2.1-hiera-tiny]/profile-dense,0.7067949771881104,0.646184155230534,1.0,0.7067949771881104,0.5419787132442563,False,0.5419787132442563,1.1,stored dense-region score identity,0.7067949771881104,0.0,,0.646184155230534,0.0,False,False,False,,
stool__03,8,root:1/profile-dense:furniture_stretcher:02,furniture_stretcher,clipseg-sam2[CIDAS/clipseg-rd64-refined|facebook/sam2.1-hiera-tiny]/profile-dense-supplement,grounded-sam2[IDEA-Research/grounding-dino|facebook/sam2.1-hiera-tiny]/profile-dense,0.6575928926467896,0.5977396630795615,1.0,0.6575928926467896,0.48517099313761614,False,0.48517099313761614,1.1,stored dense-region score identity,0.6575928926467896,0.0,,0.5977396630795615,0.0,False,False,False,,
stool__03,9,root:1/profile-dense:furniture_stretcher:03,furniture_stretcher,clipseg-sam2[CIDAS/clipseg-rd64-refined|facebook/sam2.1-hiera-tiny]/profile-dense-supplement,grounded-sam2[IDEA-Research/grounding-dino|facebook/sam2.1-hiera-tiny]/profile-dense,0.6034895181655884,0.5268382848500671,1.0,0.6034895181655884,0.41194498865397383,False,0.41194498865397383,1.1,stored dense-region score identity,0.6034895181655884,0.0,,0.5268382848500671,0.0,False,False,False,,
stool__03,10,root:1/visual-region:01,furniture_stretcher,sam2-amg[facebook/sam2.1-hiera-tiny]/point-grid,sam2-amg[facebook/sam2.1-hiera-tiny],0.952812916266872,0.68,1.0,0.952812916266872,0.6623520306838103,False,0.6623520306838103,1.0,visual candidate from stored precursor score and appearance utility,0.952812916266872,0.0,original matched/generic visual candidate; downstream transformations applied,0.68,0.0,False,False,False,,
stool__03,11,root:1/visual-region:05,furniture_stretcher,sam2-amg[facebook/sam2.1-hiera-tiny]/prototype-labelled-region,sam2-amg[facebook/sam2.1-hiera-tiny],0.7413586857046409,0.5865008856501579,1.0,0.7413586857046409,0.5030695377051859,False,0.5030695377051859,1.0,visual candidate from stored precursor score and appearance utility; prototype label leaves score unchanged,0.7413586857046409,0.0,original matched/generic visual candidate; downstream transformations applied,0.5865008856501579,0.0,False,False,False,,
stool__03,12,root:1/visual-region:03,furniture_rail,sam2-amg[facebook/sam2.1-hiera-tiny]/point-grid,sam2-amg[facebook/sam2.1-hiera-tiny],0.6862659843597658,0.68,1.0,0.6862659843597658,0.5626634781505525,False,0.5626634781505525,1.0,visual candidate from stored precursor score and appearance utility,0.6862659843597658,0.0,original matched/generic visual candidate; downstream transformations applied,0.68,0.0,False,False,False,,
stool__04,1,root:1,furniture,grounded-sam2[IDEA-Research/grounding-dino-tiny|facebook/sam2.1-hiera-tiny]/root,grounded-sam2[IDEA-Research/grounding-dino|facebook/sam2.1-hiera-tiny],0.6589664220809937,0.9869140625,1.0,0.6589664220809937,0.8018001038918738,False,0.8018001038918738,,Stored score; precursor logits not archived in candidates.json,,,root quality rule; later root-routing maxima can retain different precursor metadata,0.9869140625,0.0,False,False,False,specific_root_label,
stool__04,2,root:1/visual-region:01,furniture_visual_panel_01,sam2-amg[facebook/sam2.1-hiera-tiny]/point-grid,sam2-amg[facebook/sam2.1-hiera-tiny],0.7305892829853993,0.62,1.0,0.7305892829853993,0.5281309454980212,False,0.5281309454980212,,visual candidate from stored precursor score and appearance utility,0.7305892829853993,0.0,original matched/generic visual candidate; downstream transformations applied,0.62,0.0,False,False,False,,
table__01,1,root:2,furniture,grounded-sam2[IDEA-Research/grounding-dino-tiny|facebook/sam2.1-hiera-tiny]/root,grounded-sam2[IDEA-Research/grounding-dino|facebook/sam2.1-hiera-tiny],0.4217899739742279,0.98828125,1.0,0.4217899739742279,0.6739924799941946,False,0.6739924799941946,,Stored score; precursor logits not archived in candidates.json,,,root quality rule; later root-routing maxima can retain different precursor metadata,0.98828125,0.0,False,False,False,specific_root_label,
table__01,2,root:2/profile-refine:IDEA-Research_grounding-dino-tiny:furniture_top:01,furniture_top,grounded-sam2[IDEA-Research/grounding-dino-tiny|facebook/sam2.1-hiera-tiny]/profile-refine,grounded-sam2[IDEA-Research/grounding-dino|facebook/sam2.1-hiera-tiny]/profile-refine,0.35287049412727356,0.850029296875,1.0,0.35287049412727356,0.5474858254997671,False,0.5474858254997671,1.0,Stored score; precursor logits not archived in candidates.json,,,profile priority + SAM quality,0.850029296875,0.0,False,False,False,,
table__01,3,root:2/profile-refine:IDEA-Research_grounding-dino-tiny:furniture_stretcher:02,furniture_stretcher,grounded-sam2[IDEA-Research/grounding-dino-tiny|facebook/sam2.1-hiera-tiny]/profile-refine,grounded-sam2[IDEA-Research/grounding-dino|facebook/sam2.1-hiera-tiny]/profile-refine,0.3119506537914276,0.8711054687500001,1.0,0.3119506537914276,0.5414555172113178,False,0.5414555172113178,1.0,Stored score; precursor logits not archived in candidates.json,,,profile priority + SAM quality,0.8711054687500001,0.0,False,False,False,,
table__01,4,root:2/profile-refine:IDEA-Research_grounding-dino-tiny:furniture_leg:05,furniture_leg,grounded-sam2[IDEA-Research/grounding-dino-tiny|facebook/sam2.1-hiera-tiny]/profile-refine,grounded-sam2[IDEA-Research/grounding-dino|facebook/sam2.1-hiera-tiny]/profile-refine,0.25982561707496643,0.848482421875,1.0,0.25982561707496643,0.5030686977062637,False,0.5030686977062637,1.0,Stored score; precursor logits not archived in candidates.json,,,profile priority + SAM quality,0.848482421875,0.0,False,False,False,,
table__01,5,root:2/profile-refine:IDEA-Research_grounding-dino-tiny:furniture_leg:03,furniture_leg,grounded-sam2[IDEA-Research/grounding-dino-tiny|facebook/sam2.1-hiera-tiny]/profile-refine,grounded-sam2[IDEA-Research/grounding-dino|facebook/sam2.1-hiera-tiny]/profile-refine,0.28766772150993347,0.8598906250000001,1.0,0.28766772150993347,0.5230003085128265,False,0.5230003085128265,1.0,Stored score; precursor logits not archived in candidates.json,,,profile priority + SAM quality,0.8598906250000001,0.0,False,False,False,,
table__01,6,root:2/profile-refine:IDEA-Research_grounding-dino-tiny:furniture_leg:04,furniture_leg,grounded-sam2[IDEA-Research/grounding-dino-tiny|facebook/sam2.1-hiera-tiny]/profile-refine,grounded-sam2[IDEA-Research/grounding-dino|facebook/sam2.1-hiera-tiny]/profile-refine,0.26779094338417053,0.8562167968750001,1.0,0.26779094338417053,0.511405465670841,False,0.511405465670841,1.0,Stored score; precursor logits not archived in candidates.json,,,profile priority + SAM quality,0.8562167968750001,0.0,False,False,False,,
table__01,7,root:2/profile-refine:IDEA-Research_grounding-dino-tiny:furniture_leg:06,furniture_leg,grounded-sam2[IDEA-Research/grounding-dino-tiny|facebook/sam2.1-hiera-tiny]/profile-refine,grounded-sam2[IDEA-Research/grounding-dino|facebook/sam2.1-hiera-tiny]/profile-refine,0.25534364581108093,0.8488691406250001,1.0,0.25534364581108093,0.5012054509322887,False,0.5012054509322887,1.0,Stored score; precursor logits not archived in candidates.json,,,profile priority + SAM quality,0.8488691406250001,0.0,False,False,False,,
table__01,8,root:2/profile-dense:furniture_stretcher:04,furniture_stretcher,clipseg-sam2[CIDAS/clipseg-rd64-refined|facebook/sam2.1-hiera-tiny]/profile-dense-supplement,grounded-sam2[IDEA-Research/grounding-dino|facebook/sam2.1-hiera-tiny]/profile-dense,0.6906006932258606,0.5580034947860811,1.0,0.6906006932258606,0.4630482528306828,False,0.4630482528306828,1.0,stored dense-region score identity,0.6906006932258606,0.0,,0.5580034947860811,0.0,False,False,False,,
table__01,9,root:2/profile-dense:furniture_leg:07,furniture_leg,clipseg-sam2[CIDAS/clipseg-rd64-refined|facebook/sam2.1-hiera-tiny]/profile-dense-supplement,grounded-sam2[IDEA-Research/grounding-dino|facebook/sam2.1-hiera-tiny]/profile-dense,0.1884763240814209,0.3359679769326933,1.0,0.1884763240814209,0.1860126947354521,False,0.1860126947354521,1.0,stored dense-region score identity,0.1884763240814209,0.0,,0.3359679769326933,0.0,False,False,False,,
table__01,10,root:2/profile-dense:furniture_foot:01,furniture_foot,clipseg-sam2[CIDAS/clipseg-rd64-refined|facebook/sam2.1-hiera-tiny]/profile-dense-supplement,grounded-sam2[IDEA-Research/grounding-dino|facebook/sam2.1-hiera-tiny]/profile-dense,0.12132138013839722,0.31511919018782214,1.0,0.12132138013839722,0.16283051786844432,False,0.16283051786844432,1.0,stored dense-region score identity,0.12132138013839722,0.0,,0.31511919018782214,0.0,False,False,False,,
table__01,11,root:2/visual-region:01,furniture_top,sam2-amg[facebook/sam2.1-hiera-tiny]/point-grid,sam2-amg[facebook/sam2.1-hiera-tiny],0.6887273418190403,0.68,1.0,0.6887273418190403,0.5635840258403211,False,0.5635840258403211,1.0,visual candidate from stored precursor score and appearance utility,0.6887273418190403,0.0,original matched/generic visual candidate; downstream transformations applied,0.68,0.0,False,False,False,,
table__01,12,root:2/visual-region:04,furniture_apron,sam2-amg[facebook/sam2.1-hiera-tiny]/prototype-labelled-region,sam2-amg[facebook/sam2.1-hiera-tiny],0.7062831057260501,0.6051279366960526,1.0,0.7062831057260501,0.5073729726834302,False,0.5073729726834302,1.0,visual candidate from stored precursor score and appearance utility; prototype label leaves score unchanged,0.7062831057260501,0.0,original matched/generic visual candidate; downstream transformations applied,0.6051279366960526,0.0,False,False,False,,
table__01,13,root:2/visual-region:07,furniture_shelf,sam2-amg[facebook/sam2.1-hiera-tiny]/prototype-labelled-region,sam2-amg[facebook/sam2.1-hiera-tiny],0.8033290276513656,0.5927260515241622,1.0,0.8033290276513656,0.5286114466348691,False,0.5286114466348691,1.0,visual candidate from stored precursor score and appearance utility; prototype label leaves score unchanged,0.8033290276513656,0.0,original matched/generic visual candidate; downstream transformations applied,0.5927260515241622,0.0,False,False,False,,
table__01,14,root:2/visual-region:08,furniture_leg,sam2-amg[facebook/sam2.1-hiera-tiny]/point-grid/semantic-rerank,sam2-amg[facebook/sam2.1-hiera-tiny],0.564539575017394,0.66,1.0,0.564539575017394,0.5019278657313141,False,0.5019278657313141,1.0,visual candidate from stored precursor score and appearance utility; semantic rerank,0.564539575017394,0.0,original matched/generic visual candidate; downstream transformations applied,0.66,0.0,True,False,False,,
table__02,1,root:10,container,grounded-sam2[IDEA-Research/grounding-dino-tiny|facebook/sam2.1-hiera-tiny]/root,grounded-sam2[IDEA-Research/grounding-dino|facebook/sam2.1-hiera-tiny],0.355663001537323,0.98447265625,1.0,0.355663001537323,0.635589970231813,False,0.635589970231813,,Stored score; precursor logits not archived in candidates.json,,,root quality rule; later root-routing maxima can retain different precursor metadata,0.9797851562500001,0.004687499999999956,False,False,False,isolated_profile_consensus,Final r may inherit another root via max; a simple single-q discrepancy is not evidence of incorrect frozen r
table__02,2,root:10/profile-refine:IDEA-Research_grounding-dino-tiny:container_side:01,container_side,grounded-sam2[IDEA-Research/grounding-dino-tiny|facebook/sam2.1-hiera-tiny]/profile-refine,grounded-sam2[IDEA-Research/grounding-dino|facebook/sam2.1-hiera-tiny]/profile-refine,0.4353013038635254,0.8453886718750001,1.0,0.4353013038635254,0.5828242374700029,False,0.5828242374700029,1.0,Stored score; precursor logits not archived in candidates.json,,,profile priority + SAM quality,0.8453886718750001,0.0,False,False,False,,
table__02,3,root:10/profile-refine:IDEA-Research_grounding-dino-tiny:container_bottom:01,container_bottom,grounded-sam2[IDEA-Research/grounding-dino-tiny|facebook/sam2.1-hiera-tiny]/profile-refine,grounded-sam2[IDEA-Research/grounding-dino|facebook/sam2.1-hiera-tiny]/profile-refine,0.3126847445964813,0.84326171875,1.0,0.3126847445964813,0.5244890647729336,False,0.5244890647729336,1.0,Stored score; precursor logits not archived in candidates.json,,,profile priority + SAM quality,0.84326171875,0.0,False,False,False,,
table__02,4,root:10/visual-region:01,container_label,sam2-amg[facebook/sam2.1-hiera-tiny]/point-grid/semantic-rerank,sam2-amg[facebook/sam2.1-hiera-tiny],0.5272948405028064,0.66,1.0,0.5272948405028064,0.48840802710251874,False,0.48840802710251874,1.0,visual candidate from stored precursor score and appearance utility; semantic rerank,0.5272948405028064,0.0,original matched/generic visual candidate; downstream transformations applied,0.66,0.0,True,False,False,,
table__02,5,root:10/visual-region:02,container_inner_wall,sam2-amg[facebook/sam2.1-hiera-tiny]/point-grid/semantic-rerank,sam2-amg[facebook/sam2.1-hiera-tiny],0.5956005233526283,0.66,1.0,0.5956005233526283,0.5132029899770041,False,0.5132029899770041,1.0,visual candidate from stored precursor score and appearance utility; semantic rerank,0.5956005233526283,0.0,original matched/generic visual candidate; downstream transformations applied,0.66,0.0,True,False,False,,
table__02,6,root:10/visual-region:05,container_inner_wall,sam2-amg[facebook/sam2.1-hiera-tiny]/point-grid/semantic-rerank,sam2-amg[facebook/sam2.1-hiera-tiny],0.5431514933790635,0.66,1.0,0.5431514933790635,0.4941639920966001,False,0.4941639920966001,1.0,visual candidate from stored precursor score and appearance utility; semantic rerank,0.5431514933790635,0.0,original matched/generic visual candidate; downstream transformations applied,0.66,0.0,True,False,False,,
table__02,7,root:10/visual-region:06,container_visual_strip_02,sam2-amg[facebook/sam2.1-hiera-tiny]/point-grid,sam2-amg[facebook/sam2.1-hiera-tiny],0.7189259779284849,0.62,1.0,0.7189259779284849,0.5241537584736133,False,0.5241537584736133,,visual candidate from stored precursor score and appearance utility,0.7189259779284849,0.0,original matched/generic visual candidate; downstream transformations applied,0.62,0.0,False,False,False,,
table__02,8,root:10/visual-region:07,container_lid,sam2-amg[facebook/sam2.1-hiera-tiny]/point-grid/semantic-rerank,sam2-amg[facebook/sam2.1-hiera-tiny],0.551256294303323,0.66,1.0,0.551256294303323,0.49710603483210636,False,0.49710603483210636,1.0,visual candidate from stored precursor score and appearance utility; semantic rerank,0.551256294303323,0.0,original matched/generic visual candidate; downstream transformations applied,0.66,0.0,True,False,False,,
table__02,9,root:10/visual-region:08,container_visual_strip_04,sam2-amg[facebook/sam2.1-hiera-tiny]/point-grid,sam2-amg[facebook/sam2.1-hiera-tiny],0.647413252123292,0.62,1.0,0.647413252123292,0.4997679189740426,False,0.4997679189740426,,visual candidate from stored precursor score and appearance utility,0.647413252123292,0.0,original matched/generic visual candidate; downstream transformations applied,0.62,0.0,False,False,False,,
table__02,10,root:10/visual-region:09,container_bottom,sam2-amg[facebook/sam2.1-hiera-tiny]/point-grid,sam2-amg[facebook/sam2.1-hiera-tiny],0.7216905756352983,0.68,1.0,0.7216905756352983,0.5759122752876017,False,0.5759122752876017,1.0,visual candidate from stored precursor score and appearance utility,0.7216905756352983,0.0,original matched/generic visual candidate; downstream transformations applied,0.68,0.0,False,False,False,,
table__02,11,root:10/visual-region:10,container_shoulder,sam2-amg[facebook/sam2.1-hiera-tiny]/point-grid/semantic-rerank,sam2-amg[facebook/sam2.1-hiera-tiny],0.4940662947469442,0.66,1.0,0.4940662947469442,0.47634606499314075,False,0.47634606499314075,1.0,visual candidate from stored precursor score and appearance utility; semantic rerank,0.4940662947469442,0.0,original matched/generic visual candidate; downstream transformations applied,0.66,0.0,True,False,False,,
table__03,1,root:1,furniture,grounded-sam2[IDEA-Research/grounding-dino-tiny|facebook/sam2.1-hiera-tiny]/root,grounded-sam2[IDEA-Research/grounding-dino|facebook/sam2.1-hiera-tiny],0.7121320366859436,0.9765625,1.0,0.7121320366859436,0.8219459181418644,False,0.8219459181418644,,Stored score; precursor logits not archived in candidates.json,,,root quality rule; later root-routing maxima can retain different precursor metadata,0.9765625,0.0,False,False,False,specific_root_label,
table__04,1,root:1,furniture,grounded-sam2[IDEA-Research/grounding-dino-tiny|facebook/sam2.1-hiera-tiny]/root,grounded-sam2[IDEA-Research/grounding-dino|facebook/sam2.1-hiera-tiny],0.83601975440979,0.9888671875,1.0,0.83601975440979,0.8996821111557074,False,0.8996821111557074,,Stored score; precursor logits not archived in candidates.json,,,root quality rule; later root-routing maxima can retain different precursor metadata,0.9888671875,0.0,False,False,False,specific_root_label,
table__04,2,root:1/profile-refine:IDEA-Research_grounding-dino-tiny:furniture_shelf:02,furniture_shelf,grounded-sam2[IDEA-Research/grounding-dino-tiny|facebook/sam2.1-hiera-tiny]/profile-refine,grounded-sam2[IDEA-Research/grounding-dino|facebook/sam2.1-hiera-tiny]/profile-refine,0.2447238266468048,0.8192851562500001,1.0,0.2447238266468048,0.47895254951633404,False,0.47895254951633404,1.0,Stored score; precursor logits not archived in candidates.json,,,profile priority + SAM quality,0.8192851562500001,0.0,False,False,False,,
table__04,3,root:1/profile-dense:furniture_leg:03,furniture_leg,clipseg-sam2[CIDAS/clipseg-rd64-refined|facebook/sam2.1-hiera-tiny]/profile-dense-supplement,grounded-sam2[IDEA-Research/grounding-dino|facebook/sam2.1-hiera-tiny]/profile-dense,0.6951085925102234,0.5538784151862027,1.0,0.6951085925102234,0.4609983919148222,False,0.4609983919148222,1.0,stored dense-region score identity,0.6951085925102234,0.0,,0.5538784151862027,0.0,False,False,False,,
table__04,4,root:1/profile-dense:furniture_stretcher:03,furniture_stretcher,clipseg-sam2[CIDAS/clipseg-rd64-refined|facebook/sam2.1-hiera-tiny]/profile-dense-supplement,grounded-sam2[IDEA-Research/grounding-dino|facebook/sam2.1-hiera-tiny]/profile-dense,0.4392155408859253,0.38560481833087984,1.0,0.4392155408859253,0.2666721641171749,False,0.2666721641171749,1.0,stored dense-region score identity,0.4392155408859253,0.0,,0.38560481833087984,0.0,False,False,False,,
table__04,5,root:1/visual-region:01,furniture_apron,sam2-amg[facebook/sam2.1-hiera-tiny]/prototype-labelled-region,sam2-amg[facebook/sam2.1-hiera-tiny],0.7971744816794772,0.6008457987546921,1.0,0.7971744816794772,0.5338190254449713,False,0.5338190254449713,1.0,visual candidate from stored precursor score and appearance utility; prototype label leaves score unchanged,0.7971744816794772,0.0,original matched/generic visual candidate; downstream transformations applied,0.6008457987546921,0.0,False,False,False,,
table__04,6,root:1/visual-region:02,furniture_stretcher,sam2-amg[facebook/sam2.1-hiera-tiny]/point-grid/semantic-rerank,sam2-amg[facebook/sam2.1-hiera-tiny],0.5711971637441131,0.66,1.0,0.5711971637441131,0.5043445704391131,False,0.5043445704391131,1.0,visual candidate from stored precursor score and appearance utility; semantic rerank,0.5711971637441131,0.0,original matched/generic visual candidate; downstream transformations applied,0.66,0.0,True,False,False,,
table__04,7,root:1/visual-region:06,furniture_top,sam2-amg[facebook/sam2.1-hiera-tiny]/point-grid/semantic-rerank,sam2-amg[facebook/sam2.1-hiera-tiny],0.6789727654463029,0.66,1.0,0.6789727654463029,0.543467113857008,False,0.543467113857008,1.0,visual candidate from stored precursor score and appearance utility; semantic rerank,0.6789727654463029,0.0,original matched/generic visual candidate; downstream transformations applied,0.66,0.0,True,False,False,,
table__04,8,root:1/visual-region:10,furniture_leg,sam2-amg[facebook/sam2.1-hiera-tiny]/point-grid,sam2-amg[facebook/sam2.1-hiera-tiny],0.7869524355425586,0.68,1.0,0.7869524355425586,0.600320210892917,False,0.600320210892917,1.0,visual candidate from stored precursor score and appearance utility,0.7869524355425586,0.0,original matched/generic visual candidate; downstream transformations applied,0.68,0.0,False,False,False,,
table__04,9,root:1/visual-region:08,furniture_leg,sam2-amg[facebook/sam2.1-hiera-tiny]/point-grid,sam2-amg[facebook/sam2.1-hiera-tiny],0.7948341263406097,0.68,1.0,0.7948341263406097,0.6032679632513881,False,0.6032679632513881,1.0,visual candidate from stored precursor score and appearance utility,0.7948341263406097,0.0,original matched/generic visual candidate; downstream transformations applied,0.68,0.0,False,False,False,,
table__04,10,root:1/visual-region:09,furniture_foot,sam2-amg[facebook/sam2.1-hiera-tiny]/point-grid/semantic-rerank,sam2-amg[facebook/sam2.1-hiera-tiny],0.5710849203100802,0.66,1.0,0.5710849203100802,0.5043038260725592,False,0.5043038260725592,1.0,visual candidate from stored precursor score and appearance utility; semantic rerank,0.5710849203100802,0.0,original matched/generic visual candidate; downstream transformations applied,0.66,0.0,True,False,False,,
bottle__01,1,root:1,container,grounded-sam2[IDEA-Research/grounding-dino-tiny|facebook/sam2.1-hiera-tiny]/root,grounded-sam2[IDEA-Research/grounding-dino|facebook/sam2.1-hiera-tiny],0.8193157911300659,0.99462890625,1.0,0.8193157911300659,0.8957863508752781,False,0.8957863508752781,,Stored score; precursor logits not archived in candidates.json,,,root quality rule; later root-routing maxima can retain different precursor metadata,0.99462890625,0.0,False,False,False,specific_root_label,
bottle__01,2,root:1/profile-refine:IDEA-Research_grounding-dino-tiny:container_inner:01,container_inner,grounded-sam2[IDEA-Research/grounding-dino-tiny|facebook/sam2.1-hiera-tiny]/profile-refine,grounded-sam2[IDEA-Research/grounding-dino|facebook/sam2.1-hiera-tiny]/profile-refine,0.2958398759365082,0.870138671875,1.0,0.2958398759365082,0.533144346548032,False,0.533144346548032,1.0,Stored score; precursor logits not archived in candidates.json,,,profile priority + SAM quality,0.870138671875,0.0,False,False,False,,
bottle__01,3,root:1/profile-refine:IDEA-Research_grounding-dino-tiny:container_label:02,container_label,grounded-sam2[IDEA-Research/grounding-dino-tiny|facebook/sam2.1-hiera-tiny]/profile-refine,grounded-sam2[IDEA-Research/grounding-dino|facebook/sam2.1-hiera-tiny]/profile-refine,0.28587010502815247,0.868205078125,1.0,0.28587010502815247,0.5271989174345131,False,0.5271989174345131,1.0,Stored score; precursor logits not archived in candidates.json,,,profile priority + SAM quality,0.868205078125,0.0,False,False,False,,
bottle__01,4,root:1/visual-region:03,container_visual_panel_02,sam2-amg[facebook/sam2.1-hiera-tiny]/point-grid,sam2-amg[facebook/sam2.1-hiera-tiny],0.7423833706109092,0.62,1.0,0.7423833706109092,0.53215272937832,False,0.53215272937832,,visual candidate from stored precursor score and appearance utility,0.7423833706109092,0.0,original matched/generic visual candidate; downstream transformations applied,0.62,0.0,False,False,False,,
bottle__01,5,root:1/visual-region:05,container_visual_panel_03,sam2-amg[facebook/sam2.1-hiera-tiny]/point-grid,sam2-amg[facebook/sam2.1-hiera-tiny],0.723871772972536,0.62,1.0,0.723871772972536,0.5258402745836348,False,0.5258402745836348,,visual candidate from stored precursor score and appearance utility,0.723871772972536,0.0,original matched/generic visual candidate; downstream transformations applied,0.62,0.0,False,False,False,,
bottle__01,6,root:1/visual-region:07,container_body,sam2-amg[facebook/sam2.1-hiera-tiny]/prototype-labelled-region,sam2-amg[facebook/sam2.1-hiera-tiny],0.737314219321064,0.5687369725837708,1.0,0.737314219321064,0.48656745897949244,False,0.48656745897949244,1.0,visual candidate from stored precursor score and appearance utility; prototype label leaves score unchanged,0.737314219321064,0.0,original matched/generic visual candidate; downstream transformations applied,0.5687369725837708,0.0,False,False,False,,
bottle__01,7,root:1/visual-region:10,container_label,sam2-amg[facebook/sam2.1-hiera-tiny]/prototype-labelled-region,sam2-amg[facebook/sam2.1-hiera-tiny],0.663987399940386,0.6123943550434112,1.0,0.663987399940386,0.49921963431842936,False,0.49921963431842936,1.0,visual candidate from stored precursor score and appearance utility; prototype label leaves score unchanged,0.663987399940386,0.0,original matched/generic visual candidate; downstream transformations applied,0.6123943550434112,0.0,False,False,False,,
bottle__02,1,root:1,container,grounded-sam2[IDEA-Research/grounding-dino-tiny|facebook/sam2.1-hiera-tiny]/root,grounded-sam2[IDEA-Research/grounding-dino|facebook/sam2.1-hiera-tiny],0.8335957527160645,0.9958984375000001,1.0,0.8335957527160645,0.9047514860751108,False,0.9047514860751108,,Stored score; precursor logits not archived in candidates.json,,,root quality rule; later root-routing maxima can retain different precursor metadata,0.9958984375000001,0.0,False,False,False,specific_root_label,
bottle__02,2,root:1/profile-refine:IDEA-Research_grounding-dino-tiny:container_label:01,container_label,grounded-sam2[IDEA-Research/grounding-dino-tiny|facebook/sam2.1-hiera-tiny]/profile-refine,grounded-sam2[IDEA-Research/grounding-dino|facebook/sam2.1-hiera-tiny]/profile-refine,0.36263054609298706,0.8672382812500001,1.0,0.36263054609298706,0.5632251268998372,False,0.5632251268998372,1.0,Stored score; precursor logits not archived in candidates.json,,,profile priority + SAM quality,0.8672382812500001,0.0,False,False,False,,
bottle__02,3,root:1/profile-refine:IDEA-Research_grounding-dino-tiny:container_bottom:01,container_bottom,grounded-sam2[IDEA-Research/grounding-dino-tiny|facebook/sam2.1-hiera-tiny]/profile-refine,grounded-sam2[IDEA-Research/grounding-dino|facebook/sam2.1-hiera-tiny]/profile-refine,0.2583259642124176,0.865111328125,1.0,0.2583259642124176,0.5122144925501868,False,0.5122144925501868,1.0,Stored score; precursor logits not archived in candidates.json,,,profile priority + SAM quality,0.865111328125,0.0,False,False,False,,
bottle__02,4,root:1/profile-refine:IDEA-Research_grounding-dino-tiny:container_spout:02,container_spout,grounded-sam2[IDEA-Research/grounding-dino-tiny|facebook/sam2.1-hiera-tiny]/profile-refine,grounded-sam2[IDEA-Research/grounding-dino|facebook/sam2.1-hiera-tiny]/profile-refine,0.25701841711997986,0.792021484375,1.0,0.25701841711997986,0.46836992750024364,False,0.46836992750024364,1.0,Stored score; precursor logits not archived in candidates.json,,,profile priority + SAM quality,0.792021484375,0.0,False,False,False,,
bottle__02,5,root:1/visual-region:02,container_label,sam2-amg[facebook/sam2.1-hiera-tiny]/point-grid,sam2-amg[facebook/sam2.1-hiera-tiny],0.692983921723006,0.68,1.0,0.692983921723006,0.5651759867244044,False,0.5651759867244044,1.0,visual candidate from stored precursor score and appearance utility,0.692983921723006,0.0,original matched/generic visual candidate; downstream transformations applied,0.68,0.0,False,False,False,,
bottle__02,6,root:1/visual-region:04,container_label,sam2-amg[facebook/sam2.1-hiera-tiny]/point-grid,sam2-amg[facebook/sam2.1-hiera-tiny],0.7147347879216406,0.68,1.0,0.7147347879216406,0.5733108106826936,False,0.5733108106826936,1.0,visual candidate from stored precursor score and appearance utility,0.7147347879216406,0.0,original matched/generic visual candidate; downstream transformations applied,0.68,0.0,False,False,False,,
bottle__02,7,root:1/visual-region:05,container_label,sam2-amg[facebook/sam2.1-hiera-tiny]/prototype-labelled-region,sam2-amg[facebook/sam2.1-hiera-tiny],0.6765105268677192,0.6051564294109344,1.0,0.6765105268677192,0.49748747542891886,False,0.49748747542891886,1.0,visual candidate from stored precursor score and appearance utility; prototype label leaves score unchanged,0.6765105268677192,0.0,original matched/generic visual candidate; downstream transformations applied,0.6051564294109344,0.0,False,False,False,,
bottle__02,8,root:1/visual-region:03,container_inner,sam2-amg[facebook/sam2.1-hiera-tiny]/prototype-labelled-region,sam2-amg[facebook/sam2.1-hiera-tiny],0.7076256484678304,0.6055989560546875,1.0,0.7076256484678304,0.508215074918911,False,0.508215074918911,1.0,visual candidate from stored precursor score and appearance utility; prototype label leaves score unchanged,0.7076256484678304,0.0,original matched/generic visual candidate; downstream transformations applied,0.6055989560546875,0.0,False,False,False,,
bottle__03,1,root:1,container,grounded-sam2[IDEA-Research/grounding-dino-tiny|facebook/sam2.1-hiera-tiny]/root,grounded-sam2[IDEA-Research/grounding-dino|facebook/sam2.1-hiera-tiny],0.7193835973739624,0.9924804687500001,1.0,0.7193835973739624,0.8393020044005244,False,0.8393020044005244,,Stored score; precursor logits not archived in candidates.json,,,root quality rule; later root-routing maxima can retain different precursor metadata,0.9924804687500001,0.0,False,False,False,specific_root_label,
bottle__03,2,root:1/profile-refine:IDEA-Research_grounding-dino-tiny:container_label:01,container_label,grounded-sam2[IDEA-Research/grounding-dino-tiny|facebook/sam2.1-hiera-tiny]/profile-refine,grounded-sam2[IDEA-Research/grounding-dino|facebook/sam2.1-hiera-tiny]/profile-refine,0.5678167343139648,0.8624042968750001,1.0,0.5678167343139648,0.6574101089241915,False,0.6574101089241915,1.0,Stored score; precursor logits not archived in candidates.json,,,profile priority + SAM quality,0.8624042968750001,0.0,False,False,False,,
bottle__03,3,root:1/visual-region:02,container_lid,sam2-amg[facebook/sam2.1-hiera-tiny]/prototype-labelled-region,sam2-amg[facebook/sam2.1-hiera-tiny],0.7897596922273165,0.6092673033323288,1.0,0.7897596922273165,0.5388164033796969,False,0.5388164033796969,1.0,visual candidate from stored precursor score and appearance utility; prototype label leaves score unchanged,0.7897596922273165,0.0,original matched/generic visual candidate; downstream transformations applied,0.6092673033323288,0.0,False,False,False,,
bottle__03,4,root:1/visual-region:04,container_shoulder,sam2-amg[facebook/sam2.1-hiera-tiny]/point-grid/semantic-rerank,sam2-amg[facebook/sam2.1-hiera-tiny],0.5265332322892851,0.66,1.0,0.5265332322892851,0.4881315633210105,False,0.4881315633210105,1.0,visual candidate from stored precursor score and appearance utility; semantic rerank,0.5265332322892851,0.0,original matched/generic visual candidate; downstream transformations applied,0.66,0.0,True,False,False,,
bottle__03,5,root:1/visual-region:18,container_label,sam2-amg[facebook/sam2.1-hiera-tiny]/point-grid,sam2-amg[facebook/sam2.1-hiera-tiny],0.6998132171112647,0.68,1.0,0.6998132171112647,0.567730143199613,False,0.567730143199613,1.0,visual candidate from stored precursor score and appearance utility,0.6998132171112647,0.0,original matched/generic visual candidate; downstream transformations applied,0.68,0.0,False,False,False,,
bottle__03,6,root:1/visual-region:05,container_label,sam2-amg[facebook/sam2.1-hiera-tiny]/point-grid/semantic-rerank,sam2-amg[facebook/sam2.1-hiera-tiny],0.5718916361255071,0.66,1.0,0.5718916361255071,0.5045966639135592,False,0.5045966639135592,1.0,visual candidate from stored precursor score and appearance utility; semantic rerank,0.5718916361255071,0.0,original matched/generic visual candidate; downstream transformations applied,0.66,0.0,True,False,False,,
bottle__03,7,root:1/visual-region:06,container_label,sam2-amg[facebook/sam2.1-hiera-tiny]/point-grid/semantic-rerank,sam2-amg[facebook/sam2.1-hiera-tiny],0.5696197210830095,0.66,1.0,0.5696197210830095,0.5037719587531325,False,0.5037719587531325,1.0,visual candidate from stored precursor score and appearance utility; semantic rerank,0.5696197210830095,0.0,original matched/generic visual candidate; downstream transformations applied,0.66,0.0,True,False,False,,
bottle__03,8,root:1/visual-region:07,container_visual_panel_05,sam2-amg[facebook/sam2.1-hiera-tiny]/point-grid,sam2-amg[facebook/sam2.1-hiera-tiny],0.7431943223598596,0.62,1.0,0.7431943223598596,0.5324292639247121,False,0.5324292639247121,,visual candidate from stored precursor score and appearance utility,0.7431943223598596,0.0,original matched/generic visual candidate; downstream transformations applied,0.62,0.0,False,False,False,,
bottle__03,9,root:1/visual-region:11,container_spout,sam2-amg[facebook/sam2.1-hiera-tiny]/point-grid/semantic-rerank,sam2-amg[facebook/sam2.1-hiera-tiny],0.6258197365543732,0.66,1.0,0.6258197365543732,0.5241725643692375,False,0.5241725643692375,1.0,visual candidate from stored precursor score and appearance utility; semantic rerank,0.6258197365543732,0.0,original matched/generic visual candidate; downstream transformations applied,0.66,0.0,True,False,False,,
bottle__03,10,root:1/visual-region:14,container_rim,sam2-amg[facebook/sam2.1-hiera-tiny]/point-grid/semantic-rerank,sam2-amg[facebook/sam2.1-hiera-tiny],0.560138102283885,0.66,1.0,0.560138102283885,0.5003301311290503,False,0.5003301311290503,1.0,visual candidate from stored precursor score and appearance utility; semantic rerank,0.560138102283885,0.0,original matched/generic visual candidate; downstream transformations applied,0.66,0.0,True,False,False,,
bottle__03,11,root:1/visual-region:15,container_ring,sam2-amg[facebook/sam2.1-hiera-tiny]/point-grid/semantic-rerank,sam2-amg[facebook/sam2.1-hiera-tiny],0.5668103767402422,0.66,1.0,0.5668103767402422,0.502752166756708,False,0.502752166756708,1.0,visual candidate from stored precursor score and appearance utility; semantic rerank,0.5668103767402422,0.0,original matched/generic visual candidate; downstream transformations applied,0.66,0.0,True,False,False,,
bottle__03,12,root:1/visual-region:17,container_label,sam2-amg[facebook/sam2.1-hiera-tiny]/prototype-labelled-region,sam2-amg[facebook/sam2.1-hiera-tiny],0.9262731513554334,0.6137796623106003,1.0,0.9262731513554334,0.5888910401652426,False,0.5888910401652426,1.0,visual candidate from stored precursor score and appearance utility; prototype label leaves score unchanged,0.9262731513554334,0.0,original matched/generic visual candidate; downstream transformations applied,0.6137796623106003,0.0,False,False,False,,
bottle__04,1,root:1,container,grounded-sam2[IDEA-Research/grounding-dino-tiny|facebook/sam2.1-hiera-tiny]/root,grounded-sam2[IDEA-Research/grounding-dino|facebook/sam2.1-hiera-tiny],0.6621413826942444,0.9919921875000001,1.0,0.6621413826942444,0.8076579776342261,False,0.8076579776342261,,Stored score; precursor logits not archived in candidates.json,,,root quality rule; later root-routing maxima can retain different precursor metadata,0.9919921875000001,0.0,False,False,False,specific_root_label,
bottle__04,2,root:1/profile-refine:IDEA-Research_grounding-dino-tiny:container_lid:01,container_lid,grounded-sam2[IDEA-Research/grounding-dino-tiny|facebook/sam2.1-hiera-tiny]/profile-refine,grounded-sam2[IDEA-Research/grounding-dino|facebook/sam2.1-hiera-tiny]/profile-refine,0.44200417399406433,0.8711054687500001,1.0,0.44200417399406433,0.6037652001846059,False,0.6037652001846059,1.0,Stored score; precursor logits not archived in candidates.json,,,profile priority + SAM quality,0.8711054687500001,0.0,False,False,False,,
bottle__04,3,root:1/profile-refine:IDEA-Research_grounding-dino-tiny:container_label:01,container_label,grounded-sam2[IDEA-Research/grounding-dino-tiny|facebook/sam2.1-hiera-tiny]/profile-refine,grounded-sam2[IDEA-Research/grounding-dino|facebook/sam2.1-hiera-tiny]/profile-refine,0.43002766370773315,0.87033203125,1.0,0.43002766370773315,0.5974961815891439,False,0.5974961815891439,1.0,Stored score; precursor logits not archived in candidates.json,,,profile priority + SAM quality,0.87033203125,0.0,False,False,False,,
bottle__04,4,root:1/profile-refine:IDEA-Research_grounding-dino-tiny:container_inner:01,container_inner,grounded-sam2[IDEA-Research/grounding-dino-tiny|facebook/sam2.1-hiera-tiny]/profile-refine,grounded-sam2[IDEA-Research/grounding-dino|facebook/sam2.1-hiera-tiny]/profile-refine,0.35253605246543884,0.85486328125,1.0,0.35253605246543884,0.55044204617574,False,0.55044204617574,1.0,Stored score; precursor logits not archived in candidates.json,,,profile priority + SAM quality,0.85486328125,0.0,False,False,False,,
bottle__04,5,root:1/profile-refine:IDEA-Research_grounding-dino-tiny:container_base:01,container_base,grounded-sam2[IDEA-Research/grounding-dino-tiny|facebook/sam2.1-hiera-tiny]/profile-refine,grounded-sam2[IDEA-Research/grounding-dino|facebook/sam2.1-hiera-tiny]/profile-refine,0.296043336391449,0.7423281250000001,1.0,0.296043336391449,0.45491636840221483,False,0.45491636840221483,1.0,Stored score; precursor logits not archived in candidates.json,,,profile priority + SAM quality,0.7423281250000001,0.0,False,False,False,,
bottle__04,6,root:1/profile-refine:IDEA-Research_grounding-dino-tiny:container_bottom:01,container_bottom,grounded-sam2[IDEA-Research/grounding-dino-tiny|facebook/sam2.1-hiera-tiny]/profile-refine,grounded-sam2[IDEA-Research/grounding-dino|facebook/sam2.1-hiera-tiny]/profile-refine,0.26416850090026855,0.780806640625,1.0,0.26416850090026855,0.4648084741420346,False,0.4648084741420346,1.0,Stored score; precursor logits not archived in candidates.json,,,profile priority + SAM quality,0.780806640625,0.0,False,False,False,,
bottle__04,7,root:1/visual-region:01,container_lid,sam2-amg[facebook/sam2.1-hiera-tiny]/point-grid,sam2-amg[facebook/sam2.1-hiera-tiny],0.847788991382054,0.68,1.0,0.847788991382054,0.6230730827768882,False,0.6230730827768882,1.0,visual candidate from stored precursor score and appearance utility,0.847788991382054,0.0,original matched/generic visual candidate; downstream transformations applied,0.68,0.0,False,False,False,,
bottle__04,8,root:1/visual-region:02,container_shoulder,sam2-amg[facebook/sam2.1-hiera-tiny]/point-grid/semantic-rerank,sam2-amg[facebook/sam2.1-hiera-tiny],0.49534629029390487,0.66,1.0,0.49534629029390487,0.4768107033766875,False,0.4768107033766875,1.0,visual candidate from stored precursor score and appearance utility; semantic rerank,0.49534629029390487,0.0,original matched/generic visual candidate; downstream transformations applied,0.66,0.0,True,False,False,,
bottle__04,9,root:1/visual-region:03,container_visual_panel_01,sam2-amg[facebook/sam2.1-hiera-tiny]/point-grid,sam2-amg[facebook/sam2.1-hiera-tiny],0.727569602538089,0.62,1.0,0.727569602538089,0.5271012344654884,False,0.5271012344654884,,visual candidate from stored precursor score and appearance utility,0.727569602538089,0.0,original matched/generic visual candidate; downstream transformations applied,0.62,0.0,False,False,False,,
bottle__04,10,root:1/visual-region:06,container_label,sam2-amg[facebook/sam2.1-hiera-tiny]/point-grid,sam2-amg[facebook/sam2.1-hiera-tiny],0.8868149652523847,0.68,1.0,0.8868149652523847,0.6376687970043919,False,0.6376687970043919,1.0,visual candidate from stored precursor score and appearance utility,0.8868149652523847,0.0,original matched/generic visual candidate; downstream transformations applied,0.68,0.0,False,False,False,,
jar__01,1,root:1,container,grounded-sam2[IDEA-Research/grounding-dino-tiny|facebook/sam2.1-hiera-tiny]/isolated-profile-root,grounded-sam2[IDEA-Research/grounding-dino|facebook/sam2.1-hiera-tiny],0.6460136771202087,0.99775390625,1.0,0.6460136771202087,0.8034987262231881,False,0.8034987262231881,,Stored score; precursor logits not archived in candidates.json,,,root quality rule; later root-routing maxima can retain different precursor metadata,0.9955078125000001,0.0022460937499999556,False,False,False,isolated_profile_consensus,Final r may inherit another root via max; a simple single-q discrepancy is not evidence of incorrect frozen r
jar__01,2,root:1/profile-refine:IDEA-Research_grounding-dino-tiny:container_lid:01,container_lid,grounded-sam2[IDEA-Research/grounding-dino-tiny|facebook/sam2.1-hiera-tiny]/profile-refine,grounded-sam2[IDEA-Research/grounding-dino|facebook/sam2.1-hiera-tiny]/profile-refine,0.24256430566310883,0.869365234375,1.0,0.24256430566310883,0.5071966914128497,False,0.5071966914128497,1.0,Stored score; precursor logits not archived in candidates.json,,,profile priority + SAM quality,0.869365234375,0.0,False,False,False,,
jar__01,3,root:1/visual-region:01,container_base,sam2-amg[facebook/sam2.1-hiera-tiny]/point-grid/semantic-rerank,sam2-amg[facebook/sam2.1-hiera-tiny],0.5381658664536728,0.66,1.0,0.5381658664536728,0.4923542095226833,False,0.4923542095226833,1.0,visual candidate from stored precursor score and appearance utility; semantic rerank,0.5381658664536728,0.0,original matched/generic visual candidate; downstream transformations applied,0.66,0.0,True,False,False,,
jar__01,4,root:1/visual-region:03,container_handle,sam2-amg[facebook/sam2.1-hiera-tiny]/point-grid/semantic-rerank,sam2-amg[facebook/sam2.1-hiera-tiny],0.605448665185148,0.66,1.0,0.605448665185148,0.5167778654622087,False,0.5167778654622087,1.0,visual candidate from stored precursor score and appearance utility; semantic rerank,0.605448665185148,0.0,original matched/generic visual candidate; downstream transformations applied,0.66,0.0,True,False,False,,
jar__01,5,root:1/visual-region:10,container_handle,sam2-amg[facebook/sam2.1-hiera-tiny]/point-grid/semantic-rerank,sam2-amg[facebook/sam2.1-hiera-tiny],0.554358648499298,0.66,1.0,0.554358648499298,0.4982321894052452,False,0.4982321894052452,1.0,visual candidate from stored precursor score and appearance utility; semantic rerank,0.554358648499298,0.0,original matched/generic visual candidate; downstream transformations applied,0.66,0.0,True,False,False,,
jar__01,6,root:1/visual-region:04,container_inner,sam2-amg[facebook/sam2.1-hiera-tiny]/prototype-labelled-region,sam2-amg[facebook/sam2.1-hiera-tiny],0.7745735422667402,0.613874868221283,1.0,0.7745735422667402,0.5377638678522555,False,0.5377638678522555,1.0,visual candidate from stored precursor score and appearance utility; prototype label leaves score unchanged,0.7745735422667402,0.0,original matched/generic visual candidate; downstream transformations applied,0.613874868221283,0.0,False,False,False,,
jar__01,7,root:1/visual-region:12,container_label,sam2-amg[facebook/sam2.1-hiera-tiny]/prototype-labelled-region,sam2-amg[facebook/sam2.1-hiera-tiny],0.8997676203534709,0.6092152266931534,1.0,0.8997676203534709,0.5756305261545586,False,0.5756305261545586,1.0,visual candidate from stored precursor score and appearance utility; prototype label leaves score unchanged,0.8997676203534709,0.0,original matched/generic visual candidate; downstream transformations applied,0.6092152266931534,0.0,False,False,False,,
jar__01,8,root:1/visual-region:06,container_label,sam2-amg[facebook/sam2.1-hiera-tiny]/prototype-labelled-region,sam2-amg[facebook/sam2.1-hiera-tiny],0.8952242728877802,0.6092798809700012,1.0,0.8952242728877802,0.574169122571088,False,0.574169122571088,1.0,visual candidate from stored precursor score and appearance utility; prototype label leaves score unchanged,0.8952242728877802,0.0,original matched/generic visual candidate; downstream transformations applied,0.6092798809700012,0.0,False,False,False,,
jar__01,9,root:1/visual-region:09,container_visual_panel_05,sam2-amg[facebook/sam2.1-hiera-tiny]/point-grid,sam2-amg[facebook/sam2.1-hiera-tiny],0.7268621770015506,0.62,1.0,0.7268621770015506,0.5268600023575288,False,0.5268600023575288,,visual candidate from stored precursor score and appearance utility,0.7268621770015506,0.0,original matched/generic visual candidate; downstream transformations applied,0.62,0.0,False,False,False,,
jar__01,10,root:1/visual-region:11,container_visual_panel_06,sam2-amg[facebook/sam2.1-hiera-tiny]/point-grid,sam2-amg[facebook/sam2.1-hiera-tiny],0.7299704796970349,0.62,1.0,0.7299704796970349,0.5279199335766889,False,0.5279199335766889,,visual candidate from stored precursor score and appearance utility,0.7299704796970349,0.0,original matched/generic visual candidate; downstream transformations applied,0.62,0.0,False,False,False,,
jar__02,1,root:1,container,grounded-sam2[IDEA-Research/grounding-dino-tiny|facebook/sam2.1-hiera-tiny]/root,grounded-sam2[IDEA-Research/grounding-dino|facebook/sam2.1-hiera-tiny],0.8067004084587097,0.98046875,1.0,0.8067004084587097,0.8762304351083003,False,0.8762304351083003,,Stored score; precursor logits not archived in candidates.json,,,root quality rule; later root-routing maxima can retain different precursor metadata,0.98046875,0.0,False,False,False,specific_root_label,
jar__02,2,root:1/profile-refine:IDEA-Research_grounding-dino-tiny:container_label:01,container_label,grounded-sam2[IDEA-Research/grounding-dino-tiny|facebook/sam2.1-hiera-tiny]/profile-refine,grounded-sam2[IDEA-Research/grounding-dino|facebook/sam2.1-hiera-tiny]/profile-refine,0.4268590807914734,0.870138671875,1.0,0.4268590807914734,0.5958470288444718,False,0.5958470288444718,1.0,Stored score; precursor logits not archived in candidates.json,,,profile priority + SAM quality,0.870138671875,0.0,False,False,False,,
jar__02,3,root:1/profile-refine:IDEA-Research_grounding-dino-tiny:container_inner:01,container_inner,grounded-sam2[IDEA-Research/grounding-dino-tiny|facebook/sam2.1-hiera-tiny]/profile-refine,grounded-sam2[IDEA-Research/grounding-dino|facebook/sam2.1-hiera-tiny]/profile-refine,0.32007700204849243,0.8542832031250001,1.0,0.32007700204849243,0.5348174650123984,False,0.5348174650123984,1.0,Stored score; precursor logits not archived in candidates.json,,,profile priority + SAM quality,0.8542832031250001,0.0,False,False,False,,
jar__02,4,root:1/profile-refine:IDEA-Research_grounding-dino-tiny:container_neck:01,container_neck,grounded-sam2[IDEA-Research/grounding-dino-tiny|facebook/sam2.1-hiera-tiny]/profile-refine,grounded-sam2[IDEA-Research/grounding-dino|facebook/sam2.1-hiera-tiny]/profile-refine,0.30404165387153625,0.8697519531250001,1.0,0.30404165387153625,0.5368308311636182,False,0.5368308311636182,1.0,Stored score; precursor logits not archived in candidates.json,,,profile priority + SAM quality,0.8697519531250001,0.0,False,False,False,,
jar__02,5,root:1/profile-refine:IDEA-Research_grounding-dino-tiny:container_handle:01,container_handle,grounded-sam2[IDEA-Research/grounding-dino-tiny|facebook/sam2.1-hiera-tiny]/profile-refine,grounded-sam2[IDEA-Research/grounding-dino|facebook/sam2.1-hiera-tiny]/profile-refine,0.2620856761932373,0.844228515625,1.0,0.2620856761932373,0.5015959427898052,False,0.5015959427898052,1.0,Stored score; precursor logits not archived in candidates.json,,,profile priority + SAM quality,0.844228515625,0.0,False,False,False,,
jar__02,6,root:1/profile-refine:IDEA-Research_grounding-dino-tiny:container_spout:01,container_spout,grounded-sam2[IDEA-Research/grounding-dino-tiny|facebook/sam2.1-hiera-tiny]/profile-refine,grounded-sam2[IDEA-Research/grounding-dino|facebook/sam2.1-hiera-tiny]/profile-refine,0.2581389248371124,0.8508027343750001,1.0,0.2581389248371124,0.5036551471737708,False,0.5036551471737708,1.0,Stored score; precursor logits not archived in candidates.json,,,profile priority + SAM quality,0.8508027343750001,0.0,False,False,False,,
jar__02,7,root:1/visual-region:01,container_inner,sam2-amg[facebook/sam2.1-hiera-tiny]/point-grid,sam2-amg[facebook/sam2.1-hiera-tiny],0.7806627993159059,0.68,1.0,0.7806627993159059,0.5979678869441488,False,0.5979678869441488,1.0,visual candidate from stored precursor score and appearance utility,0.7806627993159059,0.0,original matched/generic visual candidate; downstream transformations applied,0.68,0.0,False,False,False,,
jar__02,8,root:1/visual-region:08,container_label,sam2-amg[facebook/sam2.1-hiera-tiny]/point-grid,sam2-amg[facebook/sam2.1-hiera-tiny],0.8454235922981146,0.68,1.0,0.8454235922981146,0.622188423519495,False,0.622188423519495,1.0,visual candidate from stored precursor score and appearance utility,0.8454235922981146,0.0,original matched/generic visual candidate; downstream transformations applied,0.68,0.0,False,False,False,,
jar__02,9,root:1/visual-region:04,container_label,sam2-amg[facebook/sam2.1-hiera-tiny]/prototype-labelled-region,sam2-amg[facebook/sam2.1-hiera-tiny],0.7192039104863943,0.6023731507349015,1.0,0.7192039104863943,0.5093439369000089,False,0.5093439369000089,1.0,visual candidate from stored precursor score and appearance utility; prototype label leaves score unchanged,0.7192039104863943,0.0,original matched/generic visual candidate; downstream transformations applied,0.6023731507349015,0.0,False,False,False,,
jar__02,10,root:1/visual-region:06,container_visual_panel_03,sam2-amg[facebook/sam2.1-hiera-tiny]/point-grid,sam2-amg[facebook/sam2.1-hiera-tiny],0.6884156611440002,0.62,1.0,0.6884156611440002,0.5137497404501041,False,0.5137497404501041,,visual candidate from stored precursor score and appearance utility,0.6884156611440002,0.0,original matched/generic visual candidate; downstream transformations applied,0.62,0.0,False,False,False,,
jar__02,11,root:1/visual-region:07,container_neck,sam2-amg[facebook/sam2.1-hiera-tiny]/point-grid,sam2-amg[facebook/sam2.1-hiera-tiny],0.9006937738469123,0.68,1.0,0.9006937738469123,0.6428594714187453,False,0.6428594714187453,1.0,visual candidate from stored precursor score and appearance utility,0.9006937738469123,0.0,original matched/generic visual candidate; downstream transformations applied,0.68,0.0,False,False,False,,
jar__03,1,root:1,container,grounded-sam2[IDEA-Research/grounding-dino-tiny|facebook/sam2.1-hiera-tiny]/root,grounded-sam2[IDEA-Research/grounding-dino|facebook/sam2.1-hiera-tiny],0.7552762031555176,0.9812500000000001,1.0,0.7552762031555176,0.8491756258904934,False,0.8491756258904934,,Stored score; precursor logits not archived in candidates.json,,,root quality rule; later root-routing maxima can retain different precursor metadata,0.9812500000000001,0.0,False,False,False,specific_root_label,
jar__03,2,root:1/profile-refine:IDEA-Research_grounding-dino-tiny:container_inner:01,container_inner,grounded-sam2[IDEA-Research/grounding-dino-tiny|facebook/sam2.1-hiera-tiny]/profile-refine,grounded-sam2[IDEA-Research/grounding-dino|facebook/sam2.1-hiera-tiny]/profile-refine,0.43296223878860474,0.86259765625,1.0,0.43296223878860474,0.5935786621455917,False,0.5935786621455917,1.0,Stored score; precursor logits not archived in candidates.json,,,profile priority + SAM quality,0.86259765625,0.0,False,False,False,,
jar__03,3,root:1/profile-refine:IDEA-Research_grounding-dino-tiny:container_label:01,container_label,grounded-sam2[IDEA-Research/grounding-dino-tiny|facebook/sam2.1-hiera-tiny]/profile-refine,grounded-sam2[IDEA-Research/grounding-dino|facebook/sam2.1-hiera-tiny]/profile-refine,0.32199275493621826,0.8622109375000001,1.0,0.32199275493621826,0.5406890431809706,False,0.5406890431809706,1.0,Stored score; precursor logits not archived in candidates.json,,,profile priority + SAM quality,0.8622109375000001,0.0,False,False,False,,
jar__03,4,root:1/profile-refine:IDEA-Research_grounding-dino-tiny:container_bottom:01,container_bottom,grounded-sam2[IDEA-Research/grounding-dino-tiny|facebook/sam2.1-hiera-tiny]/profile-refine,grounded-sam2[IDEA-Research/grounding-dino|facebook/sam2.1-hiera-tiny]/profile-refine,0.2690374255180359,0.832626953125,1.0,0.2690374255180359,0.497886425443372,False,0.497886425443372,1.0,Stored score; precursor logits not archived in candidates.json,,,profile priority + SAM quality,0.832626953125,0.0,False,False,False,,
jar__03,5,root:1/visual-region:01,container_inner,sam2-amg[facebook/sam2.1-hiera-tiny]/point-grid,sam2-amg[facebook/sam2.1-hiera-tiny],0.8322873938155148,0.68,1.0,0.8322873938155148,0.6172754852870026,False,0.6172754852870026,1.0,visual candidate from stored precursor score and appearance utility,0.8322873938155148,0.0,original matched/generic visual candidate; downstream transformations applied,0.68,0.0,False,False,False,,
jar__03,6,root:1/visual-region:05,container_label,sam2-amg[facebook/sam2.1-hiera-tiny]/prototype-labelled-region,sam2-amg[facebook/sam2.1-hiera-tiny],0.725059023941169,0.6102557150135041,1.0,0.725059023941169,0.5179743489512931,False,0.5179743489512931,1.0,visual candidate from stored precursor score and appearance utility; prototype label leaves score unchanged,0.725059023941169,0.0,original matched/generic visual candidate; downstream transformations applied,0.6102557150135041,0.0,False,False,False,,
jar__03,7,root:1/visual-region:07,container_handle,sam2-amg[facebook/sam2.1-hiera-tiny]/point-grid/semantic-rerank,sam2-amg[facebook/sam2.1-hiera-tiny],0.5220687174694497,0.66,1.0,0.5220687174694497,0.4865109444414103,False,0.4865109444414103,1.0,visual candidate from stored precursor score and appearance utility; semantic rerank,0.5220687174694497,0.0,original matched/generic visual candidate; downstream transformations applied,0.66,0.0,True,False,False,,
jar__04,1,root:1,container,grounded-sam2[IDEA-Research/grounding-dino-tiny|facebook/sam2.1-hiera-tiny]/root,grounded-sam2[IDEA-Research/grounding-dino|facebook/sam2.1-hiera-tiny],0.8162599205970764,0.9950195312500001,1.0,0.8162599205970764,0.8944657990263659,False,0.8944657990263659,,Stored score; precursor logits not archived in candidates.json,,,root quality rule; later root-routing maxima can retain different precursor metadata,0.9950195312500001,0.0,False,False,False,specific_root_label,
jar__04,2,root:1/profile-refine:IDEA-Research_grounding-dino-tiny:container_inner:01,container_inner,grounded-sam2[IDEA-Research/grounding-dino-tiny|facebook/sam2.1-hiera-tiny]/profile-refine,grounded-sam2[IDEA-Research/grounding-dino|facebook/sam2.1-hiera-tiny]/profile-refine,0.2879680097103119,0.8678183593750001,1.0,0.2879680097103119,0.5279654208753579,False,0.5279654208753579,1.0,Stored score; precursor logits not archived in candidates.json,,,profile priority + SAM quality,0.8678183593750001,0.0,False,False,False,,
jar__04,3,root:1/visual-region:02,container_lid,sam2-amg[facebook/sam2.1-hiera-tiny]/prototype-labelled-region,sam2-amg[facebook/sam2.1-hiera-tiny],0.7490345999780784,0.5887297145667076,1.0,0.7490345999780784,0.5074667809901436,False,0.5074667809901436,1.0,visual candidate from stored precursor score and appearance utility; prototype label leaves score unchanged,0.7490345999780784,0.0,original matched/generic visual candidate; downstream transformations applied,0.5887297145667076,0.0,False,False,False,,
jar__04,4,root:1/visual-region:09,container_label,sam2-amg[facebook/sam2.1-hiera-tiny]/prototype-labelled-region,sam2-amg[facebook/sam2.1-hiera-tiny],0.8506925549650958,0.6126143990316391,1.0,0.8506925549650958,0.5623070591405851,False,0.5623070591405851,1.0,visual candidate from stored precursor score and appearance utility; prototype label leaves score unchanged,0.8506925549650958,0.0,original matched/generic visual candidate; downstream transformations applied,0.6126143990316391,0.0,False,False,False,,
jar__04,5,root:1/visual-region:06,container_label,sam2-amg[facebook/sam2.1-hiera-tiny]/prototype-labelled-region,sam2-amg[facebook/sam2.1-hiera-tiny],0.7168110137056826,0.6023695755128861,1.0,0.7168110137056826,0.5085481393076682,False,0.5085481393076682,1.0,visual candidate from stored precursor score and appearance utility; prototype label leaves score unchanged,0.7168110137056826,0.0,original matched/generic visual candidate; downstream transformations applied,0.6023695755128861,0.0,False,False,False,,
jar__04,6,root:1/visual-region:07,container_spout,sam2-amg[facebook/sam2.1-hiera-tiny]/point-grid/semantic-rerank,sam2-amg[facebook/sam2.1-hiera-tiny],0.502026055380784,0.66,1.0,0.502026055380784,0.47923545810322465,False,0.47923545810322465,1.0,visual candidate from stored precursor score and appearance utility; semantic rerank,0.502026055380784,0.0,original matched/generic visual candidate; downstream transformations applied,0.66,0.0,True,False,False,,
can__01,1,root:1,container,grounded-sam2[IDEA-Research/grounding-dino-tiny|facebook/sam2.1-hiera-tiny]/root,grounded-sam2[IDEA-Research/grounding-dino|facebook/sam2.1-hiera-tiny],0.8467044830322266,0.99375,1.0,0.8467044830322266,0.9099644190073014,False,0.9099644190073014,,Stored score; precursor logits not archived in candidates.json,,,root quality rule; later root-routing maxima can retain different precursor metadata,0.99375,0.0,False,False,False,specific_root_label,
can__01,2,root:1/profile-refine:IDEA-Research_grounding-dino-tiny:container_label:02,container_label,grounded-sam2[IDEA-Research/grounding-dino-tiny|facebook/sam2.1-hiera-tiny]/profile-refine,grounded-sam2[IDEA-Research/grounding-dino|facebook/sam2.1-hiera-tiny]/profile-refine,0.3487560451030731,0.839974609375,1.0,0.3487560451030731,0.5391089967326931,False,0.5391089967326931,1.0,Stored score; precursor logits not archived in candidates.json,,,profile priority + SAM quality,0.839974609375,0.0,False,False,False,,
can__01,3,root:1/profile-refine:IDEA-Research_grounding-dino-tiny:container_label:01,container_label,grounded-sam2[IDEA-Research/grounding-dino-tiny|facebook/sam2.1-hiera-tiny]/profile-refine,grounded-sam2[IDEA-Research/grounding-dino|facebook/sam2.1-hiera-tiny]/profile-refine,0.5687152743339539,0.86453125,1.0,0.5687152743339539,0.6594587323577144,False,0.6594587323577144,1.0,Stored score; precursor logits not archived in candidates.json,,,profile priority + SAM quality,0.86453125,0.0,False,False,False,,
can__01,4,root:1/profile-refine:IDEA-Research_grounding-dino-tiny:container_pull_tab:02,container_pull_tab,grounded-sam2[IDEA-Research/grounding-dino-tiny|facebook/sam2.1-hiera-tiny]/profile-refine,grounded-sam2[IDEA-Research/grounding-dino|facebook/sam2.1-hiera-tiny]/profile-refine,0.280419260263443,0.86491796875,1.0,0.280419260263443,0.5226098972794891,False,0.5226098972794891,1.0,Stored score; precursor logits not archived in candidates.json,,,profile priority + SAM quality,0.86491796875,0.0,False,False,False,,
can__01,5,root:1/visual-region:01,container_rim,sam2-amg[facebook/sam2.1-hiera-tiny]/point-grid/semantic-rerank,sam2-amg[facebook/sam2.1-hiera-tiny],0.56268589946367,0.66,1.0,0.56268589946367,0.5012549815053122,False,0.5012549815053122,1.0,visual candidate from stored precursor score and appearance utility; semantic rerank,0.56268589946367,0.0,original matched/generic visual candidate; downstream transformations applied,0.66,0.0,True,False,False,,
can__01,6,root:1/visual-region:07,container_lid,sam2-amg[facebook/sam2.1-hiera-tiny]/prototype-labelled-region,sam2-amg[facebook/sam2.1-hiera-tiny],0.6925368772375647,0.593918217748642,1.0,0.6925368772375647,0.49348384530666833,False,0.49348384530666833,1.0,visual candidate from stored precursor score and appearance utility; prototype label leaves score unchanged,0.6925368772375647,0.0,original matched/generic visual candidate; downstream transformations applied,0.593918217748642,0.0,False,False,False,,
can__01,7,root:1/visual-region:02,container_lid,sam2-amg[facebook/sam2.1-hiera-tiny]/point-grid/semantic-rerank,sam2-amg[facebook/sam2.1-hiera-tiny],0.45660686231313824,0.66,1.0,0.45660686231313824,0.46274829101966924,False,0.46274829101966924,1.0,visual candidate from stored precursor score and appearance utility; semantic rerank,0.45660686231313824,0.0,original matched/generic visual candidate; downstream transformations applied,0.66,0.0,True,False,False,,
can__01,8,root:1/visual-region:08,container_label,sam2-amg[facebook/sam2.1-hiera-tiny]/point-grid,sam2-amg[facebook/sam2.1-hiera-tiny],0.7940432749093036,0.68,1.0,0.7940432749093036,0.6029721848160796,False,0.6029721848160796,1.0,visual candidate from stored precursor score and appearance utility,0.7940432749093036,0.0,original matched/generic visual candidate; downstream transformations applied,0.68,0.0,False,False,False,,
can__01,9,root:1/visual-region:05,container_label,sam2-amg[facebook/sam2.1-hiera-tiny]/point-grid,sam2-amg[facebook/sam2.1-hiera-tiny],0.683709992369633,0.68,1.0,0.683709992369633,0.5617075371462428,False,0.5617075371462428,1.0,visual candidate from stored precursor score and appearance utility,0.683709992369633,0.0,original matched/generic visual candidate; downstream transformations applied,0.68,0.0,False,False,False,,
can__01,10,root:1/visual-region:06,container_handle,sam2-amg[facebook/sam2.1-hiera-tiny]/point-grid/semantic-rerank,sam2-amg[facebook/sam2.1-hiera-tiny],0.5517951219193062,0.66,1.0,0.5517951219193062,0.4973016292567082,False,0.4973016292567082,1.0,visual candidate from stored precursor score and appearance utility; semantic rerank,0.5517951219193062,0.0,original matched/generic visual candidate; downstream transformations applied,0.66,0.0,True,False,False,,
can__01,11,root:1/visual-region:10,container_visual_strip_02,sam2-amg[facebook/sam2.1-hiera-tiny]/point-grid,sam2-amg[facebook/sam2.1-hiera-tiny],0.7196122614738283,0.62,1.0,0.7196122614738283,0.5243877811625755,False,0.5243877811625755,,visual candidate from stored precursor score and appearance utility,0.7196122614738283,0.0,original matched/generic visual candidate; downstream transformations applied,0.62,0.0,False,False,False,,
can__02,1,root:1,container,grounded-sam2[IDEA-Research/grounding-dino-tiny|facebook/sam2.1-hiera-tiny]/root,grounded-sam2[IDEA-Research/grounding-dino|facebook/sam2.1-hiera-tiny],0.7846492528915405,0.98505859375,1.0,0.7846492528915405,0.8683853864896811,False,0.8683853864896811,,Stored score; precursor logits not archived in candidates.json,,,root quality rule; later root-routing maxima can retain different precursor metadata,0.98505859375,0.0,False,False,False,specific_root_label,
can__02,2,root:1/profile-refine:IDEA-Research_grounding-dino-tiny:container_ring:02,container_ring,grounded-sam2[IDEA-Research/grounding-dino-tiny|facebook/sam2.1-hiera-tiny]/profile-refine,grounded-sam2[IDEA-Research/grounding-dino|facebook/sam2.1-hiera-tiny]/profile-refine,0.27396270632743835,0.836880859375,1.0,0.27396270632743835,0.5026971665281541,False,0.5026971665281541,1.0,Stored score; precursor logits not archived in candidates.json,,,profile priority + SAM quality,0.836880859375,0.0,False,False,False,,
can__02,3,root:1/profile-refine:IDEA-Research_grounding-dino-tiny:container_label:01,container_label,grounded-sam2[IDEA-Research/grounding-dino-tiny|facebook/sam2.1-hiera-tiny]/profile-refine,grounded-sam2[IDEA-Research/grounding-dino|facebook/sam2.1-hiera-tiny]/profile-refine,0.27405986189842224,0.8616308593750001,1.0,0.27405986189842224,0.5176100255990023,False,0.5176100255990023,1.0,Stored score; precursor logits not archived in candidates.json,,,profile priority + SAM quality,0.8616308593750001,0.0,False,False,False,,
can__02,4,root:1/profile-refine:IDEA-Research_grounding-dino-tiny:container_spout:02,container_spout,grounded-sam2[IDEA-Research/grounding-dino-tiny|facebook/sam2.1-hiera-tiny]/profile-refine,grounded-sam2[IDEA-Research/grounding-dino|facebook/sam2.1-hiera-tiny]/profile-refine,0.2592625916004181,0.82740625,1.0,0.2592625916004181,0.49031633127476093,False,0.49031633127476093,1.0,Stored score; precursor logits not archived in candidates.json,,,profile priority + SAM quality,0.82740625,0.0,False,False,False,,
can__02,5,root:1/profile-refine:IDEA-Research_grounding-dino-tiny:container_handle:03,container_handle,grounded-sam2[IDEA-Research/grounding-dino-tiny|facebook/sam2.1-hiera-tiny]/profile-refine,grounded-sam2[IDEA-Research/grounding-dino|facebook/sam2.1-hiera-tiny]/profile-refine,0.24184732139110565,0.8078769531250001,1.0,0.24184732139110565,0.471005211326039,False,0.471005211326039,1.0,Stored score; precursor logits not archived in candidates.json,,,profile priority + SAM quality,0.8078769531250001,0.0,False,False,False,,
can__02,6,root:1/visual-region:01,container_lid,sam2-amg[facebook/sam2.1-hiera-tiny]/prototype-labelled-region,sam2-amg[facebook/sam2.1-hiera-tiny],0.8466186417030812,0.6008475673265458,1.0,0.8466186417030812,0.550160218523276,False,0.550160218523276,1.0,visual candidate from stored precursor score and appearance utility; prototype label leaves score unchanged,0.8466186417030812,0.0,original matched/generic visual candidate; downstream transformations applied,0.6008475673265458,0.0,False,False,False,,
can__02,7,root:1/visual-region:08,container_lid,sam2-amg[facebook/sam2.1-hiera-tiny]/point-grid/semantic-rerank,sam2-amg[facebook/sam2.1-hiera-tiny],0.5325886889154234,0.66,1.0,0.5325886889154234,0.4903296940762988,False,0.4903296940762988,1.0,visual candidate from stored precursor score and appearance utility; semantic rerank,0.5325886889154234,0.0,original matched/generic visual candidate; downstream transformations applied,0.66,0.0,True,False,False,,
can__02,8,root:1/visual-region:02,container_pull_tab,sam2-amg[facebook/sam2.1-hiera-tiny]/prototype-labelled-region,sam2-amg[facebook/sam2.1-hiera-tiny],0.7652799413074152,0.6088460363874435,1.0,0.7652799413074152,0.530246428819859,False,0.530246428819859,1.0,visual candidate from stored precursor score and appearance utility; prototype label leaves score unchanged,0.7652799413074152,0.0,original matched/generic visual candidate; downstream transformations applied,0.6088460363874435,0.0,False,False,False,,
can__02,9,root:1/visual-region:04,container_label,sam2-amg[facebook/sam2.1-hiera-tiny]/point-grid,sam2-amg[facebook/sam2.1-hiera-tiny],0.8276207401209043,0.68,1.0,0.8276207401209043,0.6155301568052183,False,0.6155301568052183,1.0,visual candidate from stored precursor score and appearance utility,0.8276207401209043,0.0,original matched/generic visual candidate; downstream transformations applied,0.68,0.0,False,False,False,,
can__02,10,root:1/visual-region:05,container_visual_panel_03,sam2-amg[facebook/sam2.1-hiera-tiny]/point-grid,sam2-amg[facebook/sam2.1-hiera-tiny],0.6971019143697152,0.62,1.0,0.6971019143697152,0.5167117528000729,False,0.5167117528000729,,visual candidate from stored precursor score and appearance utility,0.6971019143697152,0.0,original matched/generic visual candidate; downstream transformations applied,0.62,0.0,False,False,False,,
can__02,11,root:1/visual-region:06,container_ring,sam2-amg[facebook/sam2.1-hiera-tiny]/point-grid,sam2-amg[facebook/sam2.1-hiera-tiny],0.8104385053796038,0.68,1.0,0.8104385053796038,0.6091040010119719,False,0.6091040010119719,1.0,visual candidate from stored precursor score and appearance utility,0.8104385053796038,0.0,original matched/generic visual candidate; downstream transformations applied,0.68,0.0,False,False,False,,
can__03,1,root:1,container,grounded-sam2[IDEA-Research/grounding-dino-tiny|facebook/sam2.1-hiera-tiny]/root,grounded-sam2[IDEA-Research/grounding-dino|facebook/sam2.1-hiera-tiny],0.6547843813896179,0.9856445312500001,1.0,0.6547843813896179,0.7985015936280252,False,0.7985015936280252,,Stored score; precursor logits not archived in candidates.json,,,root quality rule; later root-routing maxima can retain different precursor metadata,0.9856445312500001,0.0,False,False,False,specific_root_label,
can__03,2,root:1/profile-refine:IDEA-Research_grounding-dino-tiny:container_label:02,container_label,grounded-sam2[IDEA-Research/grounding-dino-tiny|facebook/sam2.1-hiera-tiny]/profile-refine,grounded-sam2[IDEA-Research/grounding-dino|facebook/sam2.1-hiera-tiny]/profile-refine,0.3116363286972046,0.8517695312500001,1.0,0.3116363286972046,0.5292895703506889,False,0.5292895703506889,1.0,Stored score; precursor logits not archived in candidates.json,,,profile priority + SAM quality,0.8517695312500001,0.0,False,False,False,,
can__03,3,root:1/profile-refine:IDEA-Research_grounding-dino-tiny:container_inner:01,container_inner,grounded-sam2[IDEA-Research/grounding-dino-tiny|facebook/sam2.1-hiera-tiny]/profile-refine,grounded-sam2[IDEA-Research/grounding-dino|facebook/sam2.1-hiera-tiny]/profile-refine,0.26759952306747437,0.84596875,1.0,0.26759952306747437,0.5051953962164931,False,0.5051953962164931,1.0,Stored score; precursor logits not archived in candidates.json,,,profile priority + SAM quality,0.84596875,0.0,False,False,False,,
can__03,4,root:1/visual-region:01,container_visual_panel_01,sam2-amg[facebook/sam2.1-hiera-tiny]/point-grid,sam2-amg[facebook/sam2.1-hiera-tiny],0.8198670607104735,0.62,1.0,0.8198670607104735,0.5585746677022715,False,0.5585746677022715,,visual candidate from stored precursor score and appearance utility,0.8198670607104735,0.0,original matched/generic visual candidate; downstream transformations applied,0.62,0.0,False,False,False,,
can__03,5,root:1/visual-region:03,container_pull_tab,sam2-amg[facebook/sam2.1-hiera-tiny]/prototype-labelled-region,sam2-amg[facebook/sam2.1-hiera-tiny],0.6561648289299022,0.613263490149498,1.0,0.6561648289299022,0.4972896337738692,False,0.4972896337738692,1.0,visual candidate from stored precursor score and appearance utility; prototype label leaves score unchanged,0.6561648289299022,0.0,original matched/generic visual candidate; downstream transformations applied,0.613263490149498,0.0,False,False,False,,
can__03,6,root:1/visual-region:04,container_visual_detail_02,sam2-amg[facebook/sam2.1-hiera-tiny]/point-grid,sam2-amg[facebook/sam2.1-hiera-tiny],0.8138875768737918,0.62,1.0,0.8138875768737918,0.556535663713963,False,0.556535663713963,,visual candidate from stored precursor score and appearance utility,0.8138875768737918,0.0,original matched/generic visual candidate; downstream transformations applied,0.62,0.0,False,False,False,,
can__03,7,root:1/visual-region:05,container_label,sam2-amg[facebook/sam2.1-hiera-tiny]/point-grid,sam2-amg[facebook/sam2.1-hiera-tiny],0.7408303078647875,0.68,1.0,0.7408303078647875,0.5830705351414306,False,0.5830705351414306,1.0,visual candidate from stored precursor score and appearance utility,0.7408303078647875,0.0,original matched/generic visual candidate; downstream transformations applied,0.68,0.0,False,False,False,,
can__04,1,root:1,container,grounded-sam2[IDEA-Research/grounding-dino-tiny|facebook/sam2.1-hiera-tiny]/root,grounded-sam2[IDEA-Research/grounding-dino|facebook/sam2.1-hiera-tiny],0.8608377575874329,0.9949218750000001,1.0,0.8608377575874329,0.9187713174673263,False,0.9187713174673263,,Stored score; precursor logits not archived in candidates.json,,,root quality rule; later root-routing maxima can retain different precursor metadata,0.9949218750000001,0.0,False,False,False,specific_root_label,
can__04,2,root:1/profile-refine:IDEA-Research_grounding-dino-tiny:container_label:02,container_label,grounded-sam2[IDEA-Research/grounding-dino-tiny|facebook/sam2.1-hiera-tiny]/profile-refine,grounded-sam2[IDEA-Research/grounding-dino|facebook/sam2.1-hiera-tiny]/profile-refine,0.4347012937068939,0.87265234375,1.0,0.4347012937068939,0.601332261218963,False,0.601332261218963,1.0,Stored score; precursor logits not archived in candidates.json,,,profile priority + SAM quality,0.87265234375,0.0,False,False,False,,
can__04,3,root:1/profile-refine:IDEA-Research_grounding-dino-tiny:container_label:01,container_label,grounded-sam2[IDEA-Research/grounding-dino-tiny|facebook/sam2.1-hiera-tiny]/profile-refine,grounded-sam2[IDEA-Research/grounding-dino|facebook/sam2.1-hiera-tiny]/profile-refine,0.5390135645866394,0.8705253906250001,1.0,0.5390135645866394,0.649810172406427,False,0.649810172406427,1.0,Stored score; precursor logits not archived in candidates.json,,,profile priority + SAM quality,0.8705253906250001,0.0,False,False,False,,
can__04,4,root:1/profile-refine:IDEA-Research_grounding-dino-tiny:container_ring:01,container_ring,grounded-sam2[IDEA-Research/grounding-dino-tiny|facebook/sam2.1-hiera-tiny]/profile-refine,grounded-sam2[IDEA-Research/grounding-dino|facebook/sam2.1-hiera-tiny]/profile-refine,0.2864685654640198,0.821025390625,1.0,0.2864685654640198,0.49882030700528407,False,0.49882030700528407,1.0,Stored score; precursor logits not archived in candidates.json,,,profile priority + SAM quality,0.821025390625,0.0,False,False,False,,
can__04,5,root:1/profile-refine:IDEA-Research_grounding-dino-tiny:container_inner:01,container_inner,grounded-sam2[IDEA-Research/grounding-dino-tiny|facebook/sam2.1-hiera-tiny]/profile-refine,grounded-sam2[IDEA-Research/grounding-dino|facebook/sam2.1-hiera-tiny]/profile-refine,0.2587003707885742,0.8339804687500001,1.0,0.2587003707885742,0.49395429201032975,False,0.49395429201032975,1.0,Stored score; precursor logits not archived in candidates.json,,,profile priority + SAM quality,0.8339804687500001,0.0,False,False,False,,
can__04,6,root:1/profile-refine:IDEA-Research_grounding-dino-tiny:container_spout:01,container_spout,grounded-sam2[IDEA-Research/grounding-dino-tiny|facebook/sam2.1-hiera-tiny]/profile-refine,grounded-sam2[IDEA-Research/grounding-dino|facebook/sam2.1-hiera-tiny]/profile-refine,0.25720497965812683,0.8453886718750001,1.0,0.25720497965812683,0.5000158992278012,False,0.5000158992278012,1.0,Stored score; precursor logits not archived in candidates.json,,,profile priority + SAM quality,0.8453886718750001,0.0,False,False,False,,
can__04,7,root:1/visual-region:04,container_label,sam2-amg[facebook/sam2.1-hiera-tiny]/point-grid,sam2-amg[facebook/sam2.1-hiera-tiny],0.8045012973618639,0.68,1.0,0.8045012973618639,0.6068834852133372,False,0.6068834852133372,1.0,visual candidate from stored precursor score and appearance utility,0.8045012973618639,0.0,original matched/generic visual candidate; downstream transformations applied,0.68,0.0,False,False,False,,
can__04,8,root:1/visual-region:07,container_label,sam2-amg[facebook/sam2.1-hiera-tiny]/point-grid,sam2-amg[facebook/sam2.1-hiera-tiny],0.7583343451352309,0.68,1.0,0.7583343451352309,0.5896170450805764,False,0.5896170450805764,1.0,visual candidate from stored precursor score and appearance utility,0.7583343451352309,0.0,original matched/generic visual candidate; downstream transformations applied,0.68,0.0,False,False,False,,
can__04,9,root:1/visual-region:21,container_label,sam2-amg[facebook/sam2.1-hiera-tiny]/prototype-labelled-region,sam2-amg[facebook/sam2.1-hiera-tiny],0.8155115685315355,0.6045328582096099,1.0,0.8155115685315355,0.5431917328793787,False,0.5431917328793787,1.0,visual candidate from stored precursor score and appearance utility; prototype label leaves score unchanged,0.8155115685315355,0.0,original matched/generic visual candidate; downstream transformations applied,0.6045328582096099,0.0,False,False,False,,
can__04,10,root:1/visual-region:12,container_label,sam2-amg[facebook/sam2.1-hiera-tiny]/point-grid,sam2-amg[facebook/sam2.1-hiera-tiny],0.7171177203444741,0.68,1.0,0.7171177203444741,0.5742020274088334,False,0.5742020274088334,1.0,visual candidate from stored precursor score and appearance utility,0.7171177203444741,0.0,original matched/generic visual candidate; downstream transformations applied,0.68,0.0,False,False,False,,
can__04,11,root:1/visual-region:14,container_ring,sam2-amg[facebook/sam2.1-hiera-tiny]/point-grid/semantic-rerank,sam2-amg[facebook/sam2.1-hiera-tiny],0.48816844482145444,0.66,1.0,0.48816844482145444,0.474205145470188,False,0.474205145470188,1.0,visual candidate from stored precursor score and appearance utility; semantic rerank,0.48816844482145444,0.0,original matched/generic visual candidate; downstream transformations applied,0.66,0.0,True,False,False,,
can__04,12,root:1/visual-region:16,container_rim,sam2-amg[facebook/sam2.1-hiera-tiny]/point-grid/semantic-rerank,sam2-amg[facebook/sam2.1-hiera-tiny],0.6254922555480411,0.66,1.0,0.6254922555480411,0.5240536887639389,False,0.5240536887639389,1.0,visual candidate from stored precursor score and appearance utility; semantic rerank,0.6254922555480411,0.0,original matched/generic visual candidate; downstream transformations applied,0.66,0.0,True,False,False,,
can__04,13,root:1/visual-region:18,container_visual_strip_01,sam2-amg[facebook/sam2.1-hiera-tiny]/point-grid,sam2-amg[facebook/sam2.1-hiera-tiny],0.6658231485966457,0.62,1.0,0.6658231485966457,0.5060456936714562,False,0.5060456936714562,,visual candidate from stored precursor score and appearance utility,0.6658231485966457,0.0,original matched/generic visual candidate; downstream transformations applied,0.62,0.0,False,False,False,,
cup__01,1,root:1,container,grounded-sam2[IDEA-Research/grounding-dino-tiny|facebook/sam2.1-hiera-tiny]/root,grounded-sam2[IDEA-Research/grounding-dino|facebook/sam2.1-hiera-tiny],0.824603259563446,0.98486328125,1.0,0.824603259563446,0.8898552861312056,False,0.8898552861312056,,Stored score; precursor logits not archived in candidates.json,,,root quality rule; later root-routing maxima can retain different precursor metadata,0.98486328125,0.0,False,False,False,specific_root_label,
cup__01,2,root:1/visual-region:01,container_handle,sam2-amg[facebook/sam2.1-hiera-tiny]/prototype-labelled-region,sam2-amg[facebook/sam2.1-hiera-tiny],0.7999937225071079,0.6105912283668518,1.0,0.7999937225071079,0.5434240851063452,False,0.5434240851063452,1.0,visual candidate from stored precursor score and appearance utility; prototype label leaves score unchanged,0.7999937225071079,0.0,original matched/generic visual candidate; downstream transformations applied,0.6105912283668518,0.0,False,False,False,,
cup__01,3,root:1/visual-region:03,container_visual_panel_02,sam2-amg[facebook/sam2.1-hiera-tiny]/point-grid,sam2-amg[facebook/sam2.1-hiera-tiny],0.7555481219597677,0.62,1.0,0.7555481219597677,0.5366419095882808,False,0.5366419095882808,,visual candidate from stored precursor score and appearance utility,0.7555481219597677,0.0,original matched/generic visual candidate; downstream transformations applied,0.62,0.0,False,False,False,,
cup__01,4,root:1/visual-region:05,container_rim,sam2-amg[facebook/sam2.1-hiera-tiny]/point-grid/semantic-rerank,sam2-amg[facebook/sam2.1-hiera-tiny],0.4973399455856488,0.66,1.0,0.4973399455856488,0.47753440024759053,False,0.47753440024759053,1.0,visual candidate from stored precursor score and appearance utility; semantic rerank,0.4973399455856488,0.0,original matched/generic visual candidate; downstream transformations applied,0.66,0.0,True,False,False,,
cup__02,1,root:1,container,grounded-sam2[IDEA-Research/grounding-dino-tiny|facebook/sam2.1-hiera-tiny]/root,grounded-sam2[IDEA-Research/grounding-dino|facebook/sam2.1-hiera-tiny],0.8887587189674377,0.99189453125,1.0,0.8887587189674377,0.9312077411820066,False,0.9312077411820066,,Stored score; precursor logits not archived in candidates.json,,,root quality rule; later root-routing maxima can retain different precursor metadata,0.99189453125,0.0,False,False,False,specific_root_label,
cup__02,2,root:1/visual-region:01,container_handle,sam2-amg[facebook/sam2.1-hiera-tiny]/prototype-labelled-region,sam2-amg[facebook/sam2.1-hiera-tiny],0.8846155993310058,0.6073296561336518,1.0,0.8846155993310058,0.5687876535238335,False,0.5687876535238335,1.0,visual candidate from stored precursor score and appearance utility; prototype label leaves score unchanged,0.8846155993310058,0.0,original matched/generic visual candidate; downstream transformations applied,0.6073296561336518,0.0,False,False,False,,
cup__02,3,root:1/visual-region:02,container_visual_panel_02,sam2-amg[facebook/sam2.1-hiera-tiny]/point-grid,sam2-amg[facebook/sam2.1-hiera-tiny],0.7513190176391936,0.62,1.0,0.7513190176391936,0.535199785014965,False,0.535199785014965,,visual candidate from stored precursor score and appearance utility,0.7513190176391936,0.0,original matched/generic visual candidate; downstream transformations applied,0.62,0.0,False,False,False,,
cup__03,1,root:1,tool_prop,grounded-sam2[IDEA-Research/grounding-dino-tiny|facebook/sam2.1-hiera-tiny]/root,grounded-sam2[IDEA-Research/grounding-dino|facebook/sam2.1-hiera-tiny],0.6293190717697144,0.9862304687500001,1.0,0.6293190717697144,0.7851632146671182,False,0.7851632146671182,,Stored score; precursor logits not archived in candidates.json,,,root quality rule; later root-routing maxima can retain different precursor metadata,0.9862304687500001,0.0,False,False,False,specific_root_label,
cup__03,2,root:1/profile-refine:IDEA-Research_grounding-dino-tiny:tool_prop_lid:01,tool_prop_lid,grounded-sam2[IDEA-Research/grounding-dino-tiny|facebook/sam2.1-hiera-tiny]/profile-refine,grounded-sam2[IDEA-Research/grounding-dino|facebook/sam2.1-hiera-tiny]/profile-refine,0.5088033676147461,0.867431640625,1.0,0.5088033676147461,0.6330879152403214,False,0.6330879152403214,1.0,Stored score; precursor logits not archived in candidates.json,,,profile priority + SAM quality,0.867431640625,0.0,False,False,False,,
cup__03,3,root:1/profile-refine:IDEA-Research_grounding-dino-tiny:tool_prop_handle:01,tool_prop_handle,grounded-sam2[IDEA-Research/grounding-dino-tiny|facebook/sam2.1-hiera-tiny]/profile-refine,grounded-sam2[IDEA-Research/grounding-dino|facebook/sam2.1-hiera-tiny]/profile-refine,0.4476715922355652,0.8540898437500001,1.0,0.4476715922355652,0.5946338978325832,False,0.5946338978325832,1.0,Stored score; precursor logits not archived in candidates.json,,,profile priority + SAM quality,0.8540898437500001,0.0,False,False,False,,
cup__03,4,root:1/visual-region:03,tool_prop_lid,sam2-amg[facebook/sam2.1-hiera-tiny]/point-grid,sam2-amg[facebook/sam2.1-hiera-tiny],0.8195689687379515,0.68,1.0,0.8195689687379515,0.6125187943079939,False,0.6125187943079939,1.0,visual candidate from stored precursor score and appearance utility,0.8195689687379515,0.0,original matched/generic visual candidate; downstream transformations applied,0.68,0.0,False,False,False,,
cup__03,5,root:1/visual-region:04,tool_prop_visual_strip_01,sam2-amg[facebook/sam2.1-hiera-tiny]/point-grid,sam2-amg[facebook/sam2.1-hiera-tiny],0.6851134622827497,0.62,1.0,0.6851134622827497,0.5126236906384177,False,0.5126236906384177,,visual candidate from stored precursor score and appearance utility,0.6851134622827497,0.0,original matched/generic visual candidate; downstream transformations applied,0.62,0.0,False,False,False,,
cup__03,6,root:1/visual-region:05,tool_prop_rim,sam2-amg[facebook/sam2.1-hiera-tiny]/point-grid/semantic-rerank,sam2-amg[facebook/sam2.1-hiera-tiny],0.5471494926292625,0.66,1.0,0.5471494926292625,0.4956152658244224,False,0.4956152658244224,1.0,visual candidate from stored precursor score and appearance utility; semantic rerank,0.5471494926292625,0.0,original matched/generic visual candidate; downstream transformations applied,0.66,0.0,True,False,False,,
cup__04,1,root:1,container,grounded-sam2[IDEA-Research/grounding-dino-tiny|facebook/sam2.1-hiera-tiny]/root,grounded-sam2[IDEA-Research/grounding-dino|facebook/sam2.1-hiera-tiny],0.8728901743888855,0.9873046875,1.0,0.8728901743888855,0.9182818178407616,False,0.9182818178407616,,Stored score; precursor logits not archived in candidates.json,,,root quality rule; later root-routing maxima can retain different precursor metadata,0.9873046875,0.0,False,False,False,isolated_profile_consensus,Final r may inherit another root via max; a simple single-q discrepancy is not evidence of incorrect frozen r
cup__04,2,root:1/visual-region:01,container_inner,sam2-amg[facebook/sam2.1-hiera-tiny]/prototype-labelled-region,sam2-amg[facebook/sam2.1-hiera-tiny],0.672974218361115,0.5998676406927109,1.0,0.672974218361115,0.49197293945013676,False,0.49197293945013676,1.0,visual candidate from stored precursor score and appearance utility; prototype label leaves score unchanged,0.672974218361115,0.0,original matched/generic visual candidate; downstream transformations applied,0.5998676406927109,0.0,False,False,False,,
cup__04,3,root:1/visual-region:02,container_visual_panel_01,sam2-amg[facebook/sam2.1-hiera-tiny]/point-grid,sam2-amg[facebook/sam2.1-hiera-tiny],0.6832629192658147,0.62,1.0,0.6832629192658147,0.5119926554696429,False,0.5119926554696429,,visual candidate from stored precursor score and appearance utility,0.6832629192658147,0.0,original matched/generic visual candidate; downstream transformations applied,0.62,0.0,False,False,False,,
mug__01,1,root:1,container,grounded-sam2[IDEA-Research/grounding-dino-tiny|facebook/sam2.1-hiera-tiny]/root,grounded-sam2[IDEA-Research/grounding-dino|facebook/sam2.1-hiera-tiny],0.7190877795219421,0.9658203125,1.0,0.7190877795219421,0.8165994117880473,False,0.8165994117880473,,Stored score; precursor logits not archived in candidates.json,,,root quality rule; later root-routing maxima can retain different precursor metadata,0.9658203125,0.0,False,False,False,specific_root_label,
mug__01,2,root:1/profile-refine:IDEA-Research_grounding-dino-tiny:container_label:01,container_label,grounded-sam2[IDEA-Research/grounding-dino-tiny|facebook/sam2.1-hiera-tiny]/profile-refine,grounded-sam2[IDEA-Research/grounding-dino|facebook/sam2.1-hiera-tiny]/profile-refine,0.34037554264068604,0.839974609375,1.0,0.34037554264068604,0.5352373216274777,False,0.5352373216274777,1.0,Stored score; precursor logits not archived in candidates.json,,,profile priority + SAM quality,0.839974609375,0.0,False,False,False,,
mug__01,3,root:1/profile-refine:IDEA-Research_grounding-dino-tiny:container_rim:01,container_rim,grounded-sam2[IDEA-Research/grounding-dino-tiny|facebook/sam2.1-hiera-tiny]/profile-refine,grounded-sam2[IDEA-Research/grounding-dino|facebook/sam2.1-hiera-tiny]/profile-refine,0.26740819215774536,0.859697265625,1.0,0.26740819215774536,0.513303319913306,False,0.513303319913306,1.0,Stored score; precursor logits not archived in candidates.json,,,profile priority + SAM quality,0.859697265625,0.0,False,False,False,,
mug__01,4,root:1/visual-region:02,container_label,sam2-amg[facebook/sam2.1-hiera-tiny]/point-grid,sam2-amg[facebook/sam2.1-hiera-tiny],0.8928589739258573,0.68,1.0,0.8928589739258573,0.6399292562482707,False,0.6399292562482707,1.0,visual candidate from stored precursor score and appearance utility,0.8928589739258573,0.0,original matched/generic visual candidate; downstream transformations applied,0.68,0.0,False,False,False,,
mug__01,5,root:1/visual-region:01,container_label,sam2-amg[facebook/sam2.1-hiera-tiny]/prototype-labelled-region,sam2-amg[facebook/sam2.1-hiera-tiny],0.7151848385048232,0.5962510538387298,1.0,0.7151848385048232,0.5028493167338188,False,0.5028493167338188,1.0,visual candidate from stored precursor score and appearance utility; prototype label leaves score unchanged,0.7151848385048232,0.0,original matched/generic visual candidate; downstream transformations applied,0.5962510538387298,0.0,False,False,False,,
mug__01,6,root:1/visual-region:03,container_handle,sam2-amg[facebook/sam2.1-hiera-tiny]/point-grid/semantic-rerank,sam2-amg[facebook/sam2.1-hiera-tiny],0.5702494314171686,0.66,1.0,0.5702494314171686,0.5040005436044322,False,0.5040005436044322,1.0,visual candidate from stored precursor score and appearance utility; semantic rerank,0.5702494314171686,0.0,original matched/generic visual candidate; downstream transformations applied,0.66,0.0,True,False,False,,
mug__02,1,root:1,container,grounded-sam2[IDEA-Research/grounding-dino-tiny|facebook/sam2.1-hiera-tiny]/root,grounded-sam2[IDEA-Research/grounding-dino|facebook/sam2.1-hiera-tiny],0.8850365877151489,0.9817382812500001,1.0,0.8850365877151489,0.9196630907192594,False,0.9196630907192594,,Stored score; precursor logits not archived in candidates.json,,,root quality rule; later root-routing maxima can retain different precursor metadata,0.9817382812500001,0.0,False,False,False,lightweight_profile_text_router,
mug__02,2,root:1/profile-refine:IDEA-Research_grounding-dino-tiny:container_label:01,container_label,grounded-sam2[IDEA-Research/grounding-dino-tiny|facebook/sam2.1-hiera-tiny]/profile-refine,grounded-sam2[IDEA-Research/grounding-dino|facebook/sam2.1-hiera-tiny]/profile-refine,0.37972334027290344,0.863951171875,1.0,0.37972334027290344,0.5692123609931354,False,0.5692123609931354,1.0,Stored score; precursor logits not archived in candidates.json,,,profile priority + SAM quality,0.863951171875,0.0,False,False,False,,
mug__02,3,root:1/container_guided_container_handle:01,container_handle,grounded-sam2[IDEA-Research/grounding-dino-tiny|facebook/sam2.1-hiera-tiny]/retrieved-part,grounded-sam2[IDEA-Research/grounding-dino|facebook/sam2.1-hiera-tiny],0.3046810911887165,0.7431468444065427,1.0,0.3046810911887165,0.45894861528992437,False,0.45894861528992437,1.0,Stored score; precursor logits not archived in candidates.json,,,guided SAM quality times retrieval reliability scale,0.7431468444065427,0.0,False,False,False,,
mug__02,4,root:1/visual-region:01,container_inner,sam2-amg[facebook/sam2.1-hiera-tiny]/prototype-labelled-region,sam2-amg[facebook/sam2.1-hiera-tiny],0.7796506237680295,0.6040415853300095,1.0,0.7796506237680295,0.5308364827299085,False,0.5308364827299085,1.0,visual candidate from stored precursor score and appearance utility; prototype label leaves score unchanged,0.7796506237680295,0.0,original matched/generic visual candidate; downstream transformations applied,0.6040415853300095,0.0,False,False,False,,
mug__02,5,root:1/visual-region:03,container_label,sam2-amg[facebook/sam2.1-hiera-tiny]/point-grid,sam2-amg[facebook/sam2.1-hiera-tiny],0.9200502582524219,0.68,1.0,0.9200502582524219,0.6500987965864059,False,0.6500987965864059,1.0,visual candidate from stored precursor score and appearance utility,0.9200502582524219,0.0,original matched/generic visual candidate; downstream transformations applied,0.68,0.0,False,False,False,,
mug__02,6,root:1/visual-region:06,container_label,sam2-amg[facebook/sam2.1-hiera-tiny]/prototype-labelled-region,sam2-amg[facebook/sam2.1-hiera-tiny],0.880861924703001,0.6054609312934875,1.0,0.880861924703001,0.5657875337814785,False,0.5657875337814785,1.0,visual candidate from stored precursor score and appearance utility; prototype label leaves score unchanged,0.880861924703001,0.0,original matched/generic visual candidate; downstream transformations applied,0.6054609312934875,0.0,False,False,False,,
mug__02,7,root:1/visual-region:04,container_handle,sam2-amg[facebook/sam2.1-hiera-tiny]/point-grid,sam2-amg[facebook/sam2.1-hiera-tiny],0.8257108621173339,0.68,1.0,0.8257108621173339,0.6148158624318829,False,0.6148158624318829,1.0,visual candidate from stored precursor score and appearance utility,0.8257108621173339,0.0,original matched/generic visual candidate; downstream transformations applied,0.68,0.0,False,False,False,,
mug__02,8,root:1/visual-region:09,container_visual_panel_05,sam2-amg[facebook/sam2.1-hiera-tiny]/point-grid,sam2-amg[facebook/sam2.1-hiera-tiny],0.6956196561305188,0.62,1.0,0.6956196561305188,0.5162063027405069,False,0.5162063027405069,,visual candidate from stored precursor score and appearance utility,0.6956196561305188,0.0,original matched/generic visual candidate; downstream transformations applied,0.62,0.0,False,False,False,,
mug__02,9,root:1/visual-region:10,container_visual_panel_06,sam2-amg[facebook/sam2.1-hiera-tiny]/point-grid,sam2-amg[facebook/sam2.1-hiera-tiny],0.7280900564971291,0.62,1.0,0.7280900564971291,0.527278709265521,False,0.527278709265521,,visual candidate from stored precursor score and appearance utility,0.7280900564971291,0.0,original matched/generic visual candidate; downstream transformations applied,0.62,0.0,False,False,False,,
mug__02,10,root:1/visual-region:12,container_rim,sam2-amg[facebook/sam2.1-hiera-tiny]/point-grid/semantic-rerank,sam2-amg[facebook/sam2.1-hiera-tiny],0.6603127550986818,0.66,1.0,0.6603127550986818,0.5366935301008215,False,0.5366935301008215,1.0,visual candidate from stored precursor score and appearance utility; semantic rerank,0.6603127550986818,0.0,original matched/generic visual candidate; downstream transformations applied,0.66,0.0,True,False,False,,
mug__02,11,root:1/visual-region:18,container_rim,sam2-amg[facebook/sam2.1-hiera-tiny]/point-grid/semantic-rerank,sam2-amg[facebook/sam2.1-hiera-tiny],0.614066873299845,0.66,1.0,0.614066873299845,0.5199062750078438,False,0.5199062750078438,1.0,visual candidate from stored precursor score and appearance utility; semantic rerank,0.614066873299845,0.0,original matched/generic visual candidate; downstream transformations applied,0.66,0.0,True,False,False,,
mug__02,12,root:1/visual-region:13,container_visual_detail_04,sam2-amg[facebook/sam2.1-hiera-tiny]/point-grid,sam2-amg[facebook/sam2.1-hiera-tiny],0.7776022252429652,0.62,1.0,0.7776022252429652,0.5441623588078511,False,0.5441623588078511,,visual candidate from stored precursor score and appearance utility,0.7776022252429652,0.0,original matched/generic visual candidate; downstream transformations applied,0.62,0.0,False,False,False,,
mug__02,13,root:1/visual-region:15,container_base,sam2-amg[facebook/sam2.1-hiera-tiny]/point-grid/semantic-rerank,sam2-amg[facebook/sam2.1-hiera-tiny],0.6550781948088668,0.66,1.0,0.6550781948088668,0.5347933847156187,False,0.5347933847156187,1.0,visual candidate from stored precursor score and appearance utility; semantic rerank,0.6550781948088668,0.0,original matched/generic visual candidate; downstream transformations applied,0.66,0.0,True,False,False,,
mug__03,1,root:1,container,grounded-sam2[IDEA-Research/grounding-dino-tiny|facebook/sam2.1-hiera-tiny]/root,grounded-sam2[IDEA-Research/grounding-dino|facebook/sam2.1-hiera-tiny],0.8910549879074097,0.9939453125000001,1.0,0.8910549879074097,0.9343883512506728,False,0.9343883512506728,,Stored score; precursor logits not archived in candidates.json,,,root quality rule; later root-routing maxima can retain different precursor metadata,0.9939453125000001,0.0,False,False,False,specific_root_label,
mug__03,2,root:1/profile-refine:IDEA-Research_grounding-dino-tiny:container_label:01,container_label,grounded-sam2[IDEA-Research/grounding-dino-tiny|facebook/sam2.1-hiera-tiny]/profile-refine,grounded-sam2[IDEA-Research/grounding-dino|facebook/sam2.1-hiera-tiny]/profile-refine,0.3354596793651581,0.86801171875,1.0,0.3354596793651581,0.5507558865088912,False,0.5507558865088912,1.0,Stored score; precursor logits not archived in candidates.json,,,profile priority + SAM quality,0.86801171875,0.0,False,False,False,,
mug__03,3,root:1/container_guided_container_handle:01,container_handle,grounded-sam2[IDEA-Research/grounding-dino-tiny|facebook/sam2.1-hiera-tiny]/retrieved-part,grounded-sam2[IDEA-Research/grounding-dino|facebook/sam2.1-hiera-tiny],0.3093663637438274,0.7637012673335463,1.0,0.3093663637438274,0.4736104865339384,False,0.4736104865339384,1.0,Stored score; precursor logits not archived in candidates.json,,,guided SAM quality times retrieval reliability scale,0.7637012673335463,0.0,False,False,False,,
mug__03,4,root:1/visual-region:04,container_label,sam2-amg[facebook/sam2.1-hiera-tiny]/point-grid,sam2-amg[facebook/sam2.1-hiera-tiny],0.9264515923647927,0.68,1.0,0.9264515923647927,0.6524928955444326,False,0.6524928955444326,1.0,visual candidate from stored precursor score and appearance utility,0.9264515923647927,0.0,original matched/generic visual candidate; downstream transformations applied,0.68,0.0,False,False,False,,
mug__03,5,root:1/visual-region:08,container_label,sam2-amg[facebook/sam2.1-hiera-tiny]/prototype-labelled-region,sam2-amg[facebook/sam2.1-hiera-tiny],0.7235834611837435,0.595786283668518,1.0,0.7235834611837435,0.5052094333452994,False,0.5052094333452994,1.0,visual candidate from stored precursor score and appearance utility; prototype label leaves score unchanged,0.7235834611837435,0.0,original matched/generic visual candidate; downstream transformations applied,0.595786283668518,0.0,False,False,False,,
mug__03,6,root:1/visual-region:03,container_handle,sam2-amg[facebook/sam2.1-hiera-tiny]/point-grid,sam2-amg[facebook/sam2.1-hiera-tiny],0.9236241106230283,0.68,1.0,0.9236241106230283,0.6514354173730126,False,0.6514354173730126,1.0,visual candidate from stored precursor score and appearance utility,0.9236241106230283,0.0,original matched/generic visual candidate; downstream transformations applied,0.68,0.0,False,False,False,,
mug__03,7,root:1/visual-region:09,container_rim,sam2-amg[facebook/sam2.1-hiera-tiny]/point-grid/semantic-rerank,sam2-amg[facebook/sam2.1-hiera-tiny],0.5614881673703976,0.66,1.0,0.5614881673703976,0.5008202047554544,False,0.5008202047554544,1.0,visual candidate from stored precursor score and appearance utility; semantic rerank,0.5614881673703976,0.0,original matched/generic visual candidate; downstream transformations applied,0.66,0.0,True,False,False,,
mug__03,8,root:1/visual-region:06,container_rim,sam2-amg[facebook/sam2.1-hiera-tiny]/point-grid/semantic-rerank,sam2-amg[facebook/sam2.1-hiera-tiny],0.5509317266079402,0.66,1.0,0.5509317266079402,0.4969882167586823,False,0.4969882167586823,1.0,visual candidate from stored precursor score and appearance utility; semantic rerank,0.5509317266079402,0.0,original matched/generic visual candidate; downstream transformations applied,0.66,0.0,True,False,False,,
mug__03,9,root:1/visual-region:11,container_visual_panel_04,sam2-amg[facebook/sam2.1-hiera-tiny]/point-grid,sam2-amg[facebook/sam2.1-hiera-tiny],0.8637924620228576,0.62,1.0,0.8637924620228576,0.5735532295497945,False,0.5735532295497945,,visual candidate from stored precursor score and appearance utility,0.8637924620228576,0.0,original matched/generic visual candidate; downstream transformations applied,0.62,0.0,False,False,False,,
mug__04,1,root:2,container,grounded-sam2[IDEA-Research/grounding-dino-tiny|facebook/sam2.1-hiera-tiny]/root,grounded-sam2[IDEA-Research/grounding-dino|facebook/sam2.1-hiera-tiny],0.600364089012146,0.9895507812500001,1.0,0.600364089012146,0.7720477658865276,False,0.7720477658865276,,Stored score; precursor logits not archived in candidates.json,,,root quality rule; later root-routing maxima can retain different precursor metadata,0.9895507812500001,0.0,False,False,False,lightweight_profile_text_router,
mug__04,2,root:2/profile-refine:IDEA-Research_grounding-dino-tiny:container_inner:01,container_inner,grounded-sam2[IDEA-Research/grounding-dino-tiny|facebook/sam2.1-hiera-tiny]/profile-refine,grounded-sam2[IDEA-Research/grounding-dino|facebook/sam2.1-hiera-tiny]/profile-refine,0.28308719396591187,0.858537109375,1.0,0.28308719396591187,0.5200141728834656,False,0.5200141728834656,1.0,Stored score; precursor logits not archived in candidates.json,,,profile priority + SAM quality,0.858537109375,0.0,False,False,False,,
mug__04,3,root:2/visual-region:01,container_outer_side,sam2-amg[facebook/sam2.1-hiera-tiny]/point-grid/semantic-rerank,sam2-amg[facebook/sam2.1-hiera-tiny],0.6021396168522294,0.66,1.0,0.6021396168522294,0.5155766809173593,False,0.5155766809173593,1.0,visual candidate from stored precursor score and appearance utility; semantic rerank,0.6021396168522294,0.0,original matched/generic visual candidate; downstream transformations applied,0.66,0.0,True,False,False,,
mug__04,4,root:2/visual-region:03,container_handle,sam2-amg[facebook/sam2.1-hiera-tiny]/point-grid/semantic-rerank,sam2-amg[facebook/sam2.1-hiera-tiny],0.5014068890478309,0.66,1.0,0.5014068890478309,0.4790107007243627,False,0.4790107007243627,1.0,visual candidate from stored precursor score and appearance utility; semantic rerank,0.5014068890478309,0.0,original matched/generic visual candidate; downstream transformations applied,0.66,0.0,True,False,False,,
mug__04,5,root:2/visual-region:04,container_label,sam2-amg[facebook/sam2.1-hiera-tiny]/prototype-labelled-region,sam2-amg[facebook/sam2.1-hiera-tiny],0.7585901818114038,0.6073102955904006,1.0,0.7585901818114038,0.526674428167003,False,0.526674428167003,1.0,visual candidate from stored precursor score and appearance utility; prototype label leaves score unchanged,0.7585901818114038,0.0,original matched/generic visual candidate; downstream transformations applied,0.6073102955904006,0.0,False,False,False,,
glass_drink_container__01,1,root:1,container,grounded-sam2[IDEA-Research/grounding-dino-tiny|facebook/sam2.1-hiera-tiny]/root,grounded-sam2[IDEA-Research/grounding-dino|facebook/sam2.1-hiera-tiny],0.7093212604522705,0.98984375,1.0,0.7093212604522705,0.8315941565204412,False,0.8315941565204412,,Stored score; precursor logits not archived in candidates.json,,,root quality rule; later root-routing maxima can retain different precursor metadata,0.98984375,0.0,False,False,False,specific_root_label,
glass_drink_container__01,2,root:1/profile-refine:IDEA-Research_grounding-dino-tiny:container_handle:01,container_handle,grounded-sam2[IDEA-Research/grounding-dino-tiny|facebook/sam2.1-hiera-tiny]/profile-refine,grounded-sam2[IDEA-Research/grounding-dino|facebook/sam2.1-hiera-tiny]/profile-refine,0.2757143974304199,0.8508027343750001,1.0,0.2757143974304199,0.5118794402509462,False,0.5118794402509462,1.0,Stored score; precursor logits not archived in candidates.json,,,profile priority + SAM quality,0.8508027343750001,0.0,False,False,False,,
glass_drink_container__01,3,root:1/visual-region:01,container_body,sam2-amg[facebook/sam2.1-hiera-tiny]/prototype-labelled-region,sam2-amg[facebook/sam2.1-hiera-tiny],0.8254025772367953,0.6062616543731689,1.0,0.8254025772367953,0.5480432070676273,False,0.5480432070676273,1.0,visual candidate from stored precursor score and appearance utility; prototype label leaves score unchanged,0.8254025772367953,0.0,original matched/generic visual candidate; downstream transformations applied,0.6062616543731689,0.0,False,False,False,,
glass_drink_container__01,4,root:1/visual-region:05,container_base,sam2-amg[facebook/sam2.1-hiera-tiny]/point-grid/semantic-rerank,sam2-amg[facebook/sam2.1-hiera-tiny],0.5763624538678798,0.66,1.0,0.5763624538678798,0.5062195707540404,False,0.5062195707540404,1.0,visual candidate from stored precursor score and appearance utility; semantic rerank,0.5763624538678798,0.0,original matched/generic visual candidate; downstream transformations applied,0.66,0.0,True,False,False,,
glass_drink_container__01,5,root:1/visual-region:06,container_rim,sam2-amg[facebook/sam2.1-hiera-tiny]/point-grid/semantic-rerank,sam2-amg[facebook/sam2.1-hiera-tiny],0.5456000564292038,0.66,1.0,0.5456000564292038,0.49505282048380106,False,0.49505282048380106,1.0,visual candidate from stored precursor score and appearance utility; semantic rerank,0.5456000564292038,0.0,original matched/generic visual candidate; downstream transformations applied,0.66,0.0,True,False,False,,
glass_drink_container__02,1,root:1,container,grounded-sam2[IDEA-Research/grounding-dino-tiny|facebook/sam2.1-hiera-tiny]/root,grounded-sam2[IDEA-Research/grounding-dino|facebook/sam2.1-hiera-tiny],0.6127153038978577,0.98896484375,1.0,0.6127153038978577,0.7783088218179183,False,0.7783088218179183,,Stored score; precursor logits not archived in candidates.json,,,root quality rule; later root-routing maxima can retain different precursor metadata,0.98896484375,0.0,False,False,False,specific_root_label,
glass_drink_container__02,2,root:1/visual-region:01,container_body,sam2-amg[facebook/sam2.1-hiera-tiny]/prototype-labelled-region,sam2-amg[facebook/sam2.1-hiera-tiny],0.7115061529994857,0.6022400213127136,1.0,0.7115061529994857,0.5066816240013166,False,0.5066816240013166,1.0,visual candidate from stored precursor score and appearance utility; prototype label leaves score unchanged,0.7115061529994857,0.0,original matched/generic visual candidate; downstream transformations applied,0.6022400213127136,0.0,False,False,False,,
glass_drink_container__02,3,root:1/visual-region:02,container_rim,sam2-amg[facebook/sam2.1-hiera-tiny]/point-grid/semantic-rerank,sam2-amg[facebook/sam2.1-hiera-tiny],0.49873180960199004,0.66,1.0,0.49873180960199004,0.4780396468855225,False,0.4780396468855225,1.0,visual candidate from stored precursor score and appearance utility; semantic rerank,0.49873180960199004,0.0,original matched/generic visual candidate; downstream transformations applied,0.66,0.0,True,False,False,,
glass_drink_container__02,4,root:1/visual-region:03,container_visual_panel_02,sam2-amg[facebook/sam2.1-hiera-tiny]/point-grid,sam2-amg[facebook/sam2.1-hiera-tiny],0.7247813668287211,0.62,1.0,0.7247813668287211,0.5261504460885938,False,0.5261504460885938,,visual candidate from stored precursor score and appearance utility,0.7247813668287211,0.0,original matched/generic visual candidate; downstream transformations applied,0.62,0.0,False,False,False,,
glass_drink_container__03,1,root:1,container,grounded-sam2[IDEA-Research/grounding-dino-tiny|facebook/sam2.1-hiera-tiny]/root,grounded-sam2[IDEA-Research/grounding-dino|facebook/sam2.1-hiera-tiny],0.685528576374054,0.9671875000000001,1.0,0.685528576374054,0.7999034434789792,False,0.7999034434789792,,Stored score; precursor logits not archived in candidates.json,,,root quality rule; later root-routing maxima can retain different precursor metadata,0.9671875000000001,0.0,False,False,False,specific_root_label,
glass_drink_container__03,2,root:1/visual-region:01,container_visual_panel_01,sam2-amg[facebook/sam2.1-hiera-tiny]/point-grid,sam2-amg[facebook/sam2.1-hiera-tiny],0.7145292404920595,0.62,1.0,0.7145292404920595,0.5226544710077923,False,0.5226544710077923,,visual candidate from stored precursor score and appearance utility,0.7145292404920595,0.0,original matched/generic visual candidate; downstream transformations applied,0.62,0.0,False,False,False,,
glass_drink_container__03,3,root:1/visual-region:02,container_handle,sam2-amg[facebook/sam2.1-hiera-tiny]/point-grid/semantic-rerank,sam2-amg[facebook/sam2.1-hiera-tiny],0.5749522080517293,0.66,1.0,0.5749522080517293,0.5057076515227777,False,0.5057076515227777,1.0,visual candidate from stored precursor score and appearance utility; semantic rerank,0.5749522080517293,0.0,original matched/generic visual candidate; downstream transformations applied,0.66,0.0,True,False,False,,
glass_drink_container__03,4,root:1/visual-region:03,container_base,sam2-amg[facebook/sam2.1-hiera-tiny]/prototype-labelled-region,sam2-amg[facebook/sam2.1-hiera-tiny],0.7404760827057957,0.589028245294571,1.0,0.7404760827057957,0.5049514406058928,False,0.5049514406058928,1.0,visual candidate from stored precursor score and appearance utility; prototype label leaves score unchanged,0.7404760827057957,0.0,original matched/generic visual candidate; downstream transformations applied,0.589028245294571,0.0,False,False,False,,
glass_drink_container__04,1,root:1,container,grounded-sam2[IDEA-Research/grounding-dino-tiny|facebook/sam2.1-hiera-tiny]/root,grounded-sam2[IDEA-Research/grounding-dino|facebook/sam2.1-hiera-tiny],0.715225100517273,0.9906250000000001,1.0,0.715225100517273,0.835467175859958,False,0.835467175859958,,Stored score; precursor logits not archived in candidates.json,,,root quality rule; later root-routing maxima can retain different precursor metadata,0.9906250000000001,0.0,False,False,False,specific_root_label,
glass_drink_container__04,2,root:1/profile-refine:IDEA-Research_grounding-dino-tiny:container_handle:01,container_handle,grounded-sam2[IDEA-Research/grounding-dino-tiny|facebook/sam2.1-hiera-tiny]/profile-refine,grounded-sam2[IDEA-Research/grounding-dino|facebook/sam2.1-hiera-tiny]/profile-refine,0.37467628717422485,0.8359140625,1.0,0.37467628717422485,0.5484197756588227,False,0.5484197756588227,1.0,Stored score; precursor logits not archived in candidates.json,,,profile priority + SAM quality,0.8359140625,0.0,False,False,False,,
glass_drink_container__04,3,root:1/profile-refine:IDEA-Research_grounding-dino-tiny:container_opening:01,container_opening,grounded-sam2[IDEA-Research/grounding-dino-tiny|facebook/sam2.1-hiera-tiny]/profile-refine,grounded-sam2[IDEA-Research/grounding-dino|facebook/sam2.1-hiera-tiny]/profile-refine,0.2703838646411896,0.8595039062500001,1.0,0.2703838646411896,0.5145945511278406,False,0.5145945511278406,1.0,Stored score; precursor logits not archived in candidates.json,,,profile priority + SAM quality,0.8595039062500001,0.0,False,False,False,,
glass_drink_container__04,4,root:1/profile-refine:IDEA-Research_grounding-dino-tiny:container_label:02,container_label,grounded-sam2[IDEA-Research/grounding-dino-tiny|facebook/sam2.1-hiera-tiny]/profile-refine,grounded-sam2[IDEA-Research/grounding-dino|facebook/sam2.1-hiera-tiny]/profile-refine,0.26473838090896606,0.838427734375,1.0,0.26473838090896606,0.49937268096793563,False,0.49937268096793563,1.0,Stored score; precursor logits not archived in candidates.json,,,profile priority + SAM quality,0.838427734375,0.0,False,False,False,,
glass_drink_container__04,5,root:1/profile-refine:IDEA-Research_grounding-dino-tiny:container_label:01,container_label,grounded-sam2[IDEA-Research/grounding-dino-tiny|facebook/sam2.1-hiera-tiny]/profile-refine,grounded-sam2[IDEA-Research/grounding-dino|facebook/sam2.1-hiera-tiny]/profile-refine,0.26702573895454407,0.8353339843750001,1.0,0.26702573895454407,0.4985809139171179,False,0.4985809139171179,1.0,Stored score; precursor logits not archived in candidates.json,,,profile priority + SAM quality,0.8353339843750001,0.0,False,False,False,,
glass_drink_container__04,6,root:1/visual-region:01,container_handle,sam2-amg[facebook/sam2.1-hiera-tiny]/point-grid/semantic-rerank,sam2-amg[facebook/sam2.1-hiera-tiny],0.561577401122643,0.66,1.0,0.561577401122643,0.5008525966075195,False,0.5008525966075195,1.0,visual candidate from stored precursor score and appearance utility; semantic rerank,0.561577401122643,0.0,original matched/generic visual candidate; downstream transformations applied,0.66,0.0,True,False,False,,
glass_drink_container__04,7,root:1/visual-region:02,container_body,sam2-amg[facebook/sam2.1-hiera-tiny]/prototype-labelled-region,sam2-amg[facebook/sam2.1-hiera-tiny],0.7042818469987289,0.5811462753686905,1.0,0.7042818469987289,0.486625748622112,False,0.486625748622112,1.0,visual candidate from stored precursor score and appearance utility; prototype label leaves score unchanged,0.7042818469987289,0.0,original matched/generic visual candidate; downstream transformations applied,0.5811462753686905,0.0,False,False,False,,
bowl__01,1,root:1,container,grounded-sam2[IDEA-Research/grounding-dino-tiny|facebook/sam2.1-hiera-tiny]/root,grounded-sam2[IDEA-Research/grounding-dino|facebook/sam2.1-hiera-tiny],0.7906919717788696,0.9888671875,1.0,0.7906919717788696,0.8750293748464902,False,0.8750293748464902,,Stored score; precursor logits not archived in candidates.json,,,root quality rule; later root-routing maxima can retain different precursor metadata,0.9888671875,0.0,False,False,False,,
bowl__02,1,root:1,container,grounded-sam2[IDEA-Research/grounding-dino-tiny|facebook/sam2.1-hiera-tiny]/root,grounded-sam2[IDEA-Research/grounding-dino|facebook/sam2.1-hiera-tiny],0.6317079067230225,0.962890625,1.0,0.6317079067230225,0.7678468728670851,False,0.7678468728670851,,Stored score; precursor logits not archived in candidates.json,,,root quality rule; later root-routing maxima can retain different precursor metadata,0.962890625,0.0,False,False,False,exact_asset_router,
bowl__03,1,root:1,container,grounded-sam2[IDEA-Research/grounding-dino-tiny|facebook/sam2.1-hiera-tiny]/root,grounded-sam2[IDEA-Research/grounding-dino|facebook/sam2.1-hiera-tiny],0.7327831387519836,0.98193359375,1.0,0.7327831387519836,0.8376195266682771,False,0.8376195266682771,,Stored score; precursor logits not archived in candidates.json,,,root quality rule; later root-routing maxima can retain different precursor metadata,0.98193359375,0.0,False,False,False,specific_root_label,
bowl__03,2,root:1/visual-region:01,container_visual_panel_01,sam2-amg[facebook/sam2.1-hiera-tiny]/point-grid,sam2-amg[facebook/sam2.1-hiera-tiny],0.6886711808101542,0.62,1.0,0.6886711808101542,0.5138368726562627,False,0.5138368726562627,,visual candidate from stored precursor score and appearance utility,0.6886711808101542,0.0,original matched/generic visual candidate; downstream transformations applied,0.62,0.0,False,False,False,,
bowl__04,1,root:2,tool_prop,grounded-sam2[IDEA-Research/grounding-dino-tiny|facebook/sam2.1-hiera-tiny]/root,grounded-sam2[IDEA-Research/grounding-dino|facebook/sam2.1-hiera-tiny],0.5545307993888855,0.9869140625,1.0,0.5545307993888855,0.7451121623284417,False,0.7451121623284417,,Stored score; precursor logits not archived in candidates.json,,,root quality rule; later root-routing maxima can retain different precursor metadata,0.9861328125000001,0.0007812499999999556,False,False,False,isolated_profile_consensus,Final r may inherit another root via max; a simple single-q discrepancy is not evidence of incorrect frozen r
bowl__04,2,root:2/visual-region:01,tool_prop_visual_panel_01,sam2-amg[facebook/sam2.1-hiera-tiny]/point-grid,sam2-amg[facebook/sam2.1-hiera-tiny],0.7528370971549693,0.62,1.0,0.7528370971549693,0.5357174501298445,False,0.5357174501298445,,visual candidate from stored precursor score and appearance utility,0.7528370971549693,0.0,original matched/generic visual candidate; downstream transformations applied,0.62,0.0,False,False,False,,
bowl__04,3,root:2/visual-region:02,tool_prop_lid,sam2-amg[facebook/sam2.1-hiera-tiny]/point-grid/semantic-rerank,sam2-amg[facebook/sam2.1-hiera-tiny],0.5689917989461084,0.66,1.0,0.5689917989461084,0.5035440230174374,False,0.5035440230174374,1.0,visual candidate from stored precursor score and appearance utility; semantic rerank,0.5689917989461084,0.0,original matched/generic visual candidate; downstream transformations applied,0.66,0.0,True,False,False,,
bowl__04,4,root:2/visual-region:04,tool_prop_pan_body,sam2-amg[facebook/sam2.1-hiera-tiny]/prototype-labelled-region,sam2-amg[facebook/sam2.1-hiera-tiny],0.734883457846539,0.6040481989526748,1.0,0.734883457846539,0.5159694555624773,False,0.5159694555624773,1.0,visual candidate from stored precursor score and appearance utility; prototype label leaves score unchanged,0.734883457846539,0.0,original matched/generic visual candidate; downstream transformations applied,0.6040481989526748,0.0,False,False,False,,
bowl__04,5,root:2/visual-region:05,tool_prop_visual_panel_04,sam2-amg[facebook/sam2.1-hiera-tiny]/point-grid,sam2-amg[facebook/sam2.1-hiera-tiny],0.6921629515009997,0.62,1.0,0.6921629515009997,0.5150275664618409,False,0.5150275664618409,,visual candidate from stored precursor score and appearance utility,0.6921629515009997,0.0,original matched/generic visual candidate; downstream transformations applied,0.62,0.0,False,False,False,,
handbag__01,1,root:1,container,grounded-sam2[IDEA-Research/grounding-dino-tiny|facebook/sam2.1-hiera-tiny]/root,grounded-sam2[IDEA-Research/grounding-dino|facebook/sam2.1-hiera-tiny],0.6853179931640625,0.9866210937500001,1.0,0.6853179931640625,0.8158615455776455,False,0.8158615455776455,,Stored score; precursor logits not archived in candidates.json,,,root quality rule; later root-routing maxima can retain different precursor metadata,0.9866210937500001,0.0,False,False,False,specific_root_label,
handbag__01,2,root:1/profile-refine:IDEA-Research_grounding-dino-tiny:container_strap:01,container_strap,grounded-sam2[IDEA-Research/grounding-dino-tiny|facebook/sam2.1-hiera-tiny]/profile-refine,grounded-sam2[IDEA-Research/grounding-dino|facebook/sam2.1-hiera-tiny]/profile-refine,0.3594765365123749,0.786220703125,1.0,0.3594765365123749,0.5092446588177846,False,0.5092446588177846,1.0,Stored score; precursor logits not archived in candidates.json,,,profile priority + SAM quality,0.786220703125,0.0,False,False,False,,
handbag__01,3,root:1/profile-refine:IDEA-Research_grounding-dino-tiny:container_strap:02,container_strap,grounded-sam2[IDEA-Research/grounding-dino-tiny|facebook/sam2.1-hiera-tiny]/profile-refine,grounded-sam2[IDEA-Research/grounding-dino|facebook/sam2.1-hiera-tiny]/profile-refine,0.2581389248371124,0.8005292968750001,1.0,0.2581389248371124,0.47389445819150716,False,0.47389445819150716,1.0,Stored score; precursor logits not archived in candidates.json,,,profile priority + SAM quality,0.8005292968750001,0.0,False,False,False,,
handbag__01,4,root:1/profile-refine:IDEA-Research_grounding-dino-tiny:container_pocket:01,container_pocket,grounded-sam2[IDEA-Research/grounding-dino-tiny|facebook/sam2.1-hiera-tiny]/profile-refine,grounded-sam2[IDEA-Research/grounding-dino|facebook/sam2.1-hiera-tiny]/profile-refine,0.25423112511634827,0.8159980468750001,1.0,0.25423112511634827,0.4812977769461258,False,0.4812977769461258,1.0,Stored score; precursor logits not archived in candidates.json,,,profile priority + SAM quality,0.8159980468750001,0.0,False,False,False,,
handbag__01,5,root:1/visual-region:01,container_buckle,sam2-amg[facebook/sam2.1-hiera-tiny]/point-grid/semantic-rerank,sam2-amg[facebook/sam2.1-hiera-tiny],0.5281907407792243,0.66,1.0,0.5281907407792243,0.48873323890285847,False,0.48873323890285847,1.0,visual candidate from stored precursor score and appearance utility; semantic rerank,0.5281907407792243,0.0,original matched/generic visual candidate; downstream transformations applied,0.66,0.0,True,False,False,,
handbag__01,6,root:1/visual-region:02,container_zipper,sam2-amg[facebook/sam2.1-hiera-tiny]/prototype-labelled-region,sam2-amg[facebook/sam2.1-hiera-tiny],0.7275532664957269,0.6050856646003724,1.0,0.7275532664957269,0.514416177554524,False,0.514416177554524,1.0,visual candidate from stored precursor score and appearance utility; prototype label leaves score unchanged,0.7275532664957269,0.0,original matched/generic visual candidate; downstream transformations applied,0.6050856646003724,0.0,False,False,False,,
handbag__01,7,root:1/visual-region:03,container_pocket,sam2-amg[facebook/sam2.1-hiera-tiny]/point-grid/semantic-rerank,sam2-amg[facebook/sam2.1-hiera-tiny],0.5603862811366844,0.66,1.0,0.5603862811366844,0.5004202200526165,False,0.5004202200526165,1.0,visual candidate from stored precursor score and appearance utility; semantic rerank,0.5603862811366844,0.0,original matched/generic visual candidate; downstream transformations applied,0.66,0.0,True,False,False,,
handbag__02,1,root:2,character,grounded-sam2[IDEA-Research/grounding-dino-tiny|facebook/sam2.1-hiera-tiny]/root,grounded-sam2[IDEA-Research/grounding-dino|facebook/sam2.1-hiera-tiny],0.46074381470680237,0.9892578125,1.0,0.46074381470680237,0.6958529456678662,False,0.6958529456678662,,Stored score; precursor logits not archived in candidates.json,,,root quality rule; later root-routing maxima can retain different precursor metadata,0.9892578125,0.0,False,False,False,specific_root_label,
handbag__02,2,root:2/profile-refine:IDEA-Research_grounding-dino-tiny:character_accessory:01,character_accessory,grounded-sam2[IDEA-Research/grounding-dino-tiny|facebook/sam2.1-hiera-tiny]/profile-refine,grounded-sam2[IDEA-Research/grounding-dino|facebook/sam2.1-hiera-tiny]/profile-refine,0.4462835490703583,0.8624827148437502,1.0,0.4462835490703583,0.5998187375254563,False,0.5998187375254563,1.05,Stored score; precursor logits not archived in candidates.json,,,profile priority + SAM quality,0.8624827148437502,0.0,False,False,False,,
handbag__02,3,root:2/profile-refine:IDEA-Research_grounding-dino-tiny:character_upper_clothing:01,character_upper_clothing,grounded-sam2[IDEA-Research/grounding-dino-tiny|facebook/sam2.1-hiera-tiny]/profile-refine,grounded-sam2[IDEA-Research/grounding-dino|facebook/sam2.1-hiera-tiny]/profile-refine,0.34953272342681885,0.9444531250000001,1.0,0.34953272342681885,0.6065684063616209,False,0.6065684063616209,1.12,Stored score; precursor logits not archived in candidates.json,,,profile priority + SAM quality,0.9444531250000001,0.0,False,False,False,,
handbag__02,4,root:2/profile-refine:IDEA-Research_grounding-dino-tiny:character_lower_clothing:01,character_lower_clothing,grounded-sam2[IDEA-Research/grounding-dino-tiny|facebook/sam2.1-hiera-tiny]/profile-refine,grounded-sam2[IDEA-Research/grounding-dino|facebook/sam2.1-hiera-tiny]/profile-refine,0.3376401662826538,0.936095703125,1.0,0.3376401662826538,0.5950779962790316,False,0.5950779962790316,1.1,Stored score; precursor logits not archived in candidates.json,,,profile priority + SAM quality,0.936095703125,0.0,False,False,False,,
handbag__02,5,root:2/profile-refine:IDEA-Research_grounding-dino-tiny:character_sleeve:01,character_sleeve,grounded-sam2[IDEA-Research/grounding-dino-tiny|facebook/sam2.1-hiera-tiny]/profile-refine,grounded-sam2[IDEA-Research/grounding-dino|facebook/sam2.1-hiera-tiny]/profile-refine,0.303628534078598,0.9721731250000002,1.0,0.303628534078598,0.599826631697898,False,0.599826631697898,1.12,Stored score; precursor logits not archived in candidates.json,,,profile priority + SAM quality,0.9721731250000002,0.0,False,False,False,,
handbag__02,6,root:2/profile-refine:IDEA-Research_grounding-dino-tiny:character_head:02,character_head,grounded-sam2[IDEA-Research/grounding-dino-tiny|facebook/sam2.1-hiera-tiny]/profile-refine,grounded-sam2[IDEA-Research/grounding-dino|facebook/sam2.1-hiera-tiny]/profile-refine,0.3190152943134308,0.827212890625,1.0,0.3190152943134308,0.517387260850679,False,0.517387260850679,1.0,Stored score; precursor logits not archived in candidates.json,,,profile priority + SAM quality,0.827212890625,0.0,False,False,False,,
handbag__02,7,root:2/contour-visual-region:02,character_visual_contour_panel_01,hpid-appearance-contour/closed-edge,hpid-appearance-contour,0.7409739654224823,0.62,1.0,0.7409739654224823,0.5316721222090665,False,0.5316721222090665,,visual candidate from stored precursor score and appearance utility,0.7409739654224823,0.0,original matched/generic visual candidate; downstream transformations applied,0.62,0.0,False,False,False,,
handbag__02,8,root:2/contour-visual-region:04,character_torso,hpid-appearance-contour/closed-edge/semantic-rerank,hpid-appearance-contour,0.5221866523947043,0.66,1.0,0.5221866523947043,0.48655375481927776,False,0.48655375481927776,0.92,visual candidate from stored precursor score and appearance utility; semantic rerank,0.5221866523947043,0.0,original matched/generic visual candidate; downstream transformations applied,0.66,0.0,True,False,False,,
handbag__02,9,root:2/contour-visual-region:05,character_sleeve,hpid-appearance-contour/closed-edge,hpid-appearance-contour,0.8066648172548165,0.68,1.0,0.8066648172548165,0.6076926416533015,False,0.6076926416533015,1.12,visual candidate from stored precursor score and appearance utility,0.8066648172548165,0.0,original matched/generic visual candidate; downstream transformations applied,0.68,0.0,False,False,False,,
handbag__02,10,root:2/contour-visual-region:07,character_accessory,hpid-appearance-contour/closed-edge/semantic-rerank,hpid-appearance-contour,0.5207838088769716,0.66,1.0,0.5207838088769716,0.48604452262234077,False,0.48604452262234077,1.05,visual candidate from stored precursor score and appearance utility; semantic rerank,0.5207838088769716,0.0,original matched/generic visual candidate; downstream transformations applied,0.66,0.0,True,False,False,,
handbag__02,11,root:2/contour-visual-region:08,character_hand,hpid-appearance-contour/closed-edge/semantic-rerank,hpid-appearance-contour,0.4454485137025388,0.66,1.0,0.4454485137025388,0.45869781047402164,False,0.45869781047402164,1.05,visual candidate from stored precursor score and appearance utility; semantic rerank,0.4454485137025388,0.0,original matched/generic visual candidate; downstream transformations applied,0.66,0.0,True,False,False,,
handbag__02,12,root:2/contour-visual-region:10,character_visual_contour_panel_05,hpid-appearance-contour/closed-edge,hpid-appearance-contour,0.7199716927001616,0.62,1.0,0.7199716927001616,0.5245103472107551,False,0.5245103472107551,,Partial chain only: cross-source max can inherit unarchived other proposal score,,,original matched/generic visual candidate; downstream transformations applied,0.62,0.0,False,False,True,,
handbag__02,13,root:2/visual-region:01,character_head,sam2-amg[facebook/sam2.1-hiera-tiny]/point-grid,sam2-amg[facebook/sam2.1-hiera-tiny],0.8035072437979094,0.68,1.0,0.8035072437979094,0.6065117091804182,False,0.6065117091804182,1.0,visual candidate from stored precursor score and appearance utility,0.8035072437979094,0.0,original matched/generic visual candidate; downstream transformations applied,0.68,0.0,False,False,False,,
handbag__02,14,root:2/visual-region:03,character_upper_clothing,sam2-amg[facebook/sam2.1-hiera-tiny]/point-grid,sam2-amg[facebook/sam2.1-hiera-tiny],0.7681401908011325,0.68,1.0,0.7681401908011325,0.5932844313596236,False,0.5932844313596236,1.12,visual candidate from stored precursor score and appearance utility,0.7681401908011325,0.0,original matched/generic visual candidate; downstream transformations applied,0.68,0.0,False,False,False,,
handbag__02,15,root:2/visual-region:04,character_leg,sam2-amg[facebook/sam2.1-hiera-tiny]/point-grid/semantic-rerank,sam2-amg[facebook/sam2.1-hiera-tiny],0.6071392862534495,0.66,1.0,0.6071392862534495,0.5173915609100022,False,0.5173915609100022,0.92,visual candidate from stored precursor score and appearance utility; semantic rerank,0.6071392862534495,0.0,original matched/generic visual candidate; downstream transformations applied,0.66,0.0,True,False,False,,
handbag__02,16,root:2/visual-region:08,character_sleeve,sam2-amg[facebook/sam2.1-hiera-tiny]/point-grid,sam2-amg[facebook/sam2.1-hiera-tiny],0.7992742884851368,0.68,1.0,0.7992742884851368,0.6049285838934413,False,0.6049285838934413,1.12,visual candidate from stored precursor score and appearance utility,0.7992742884851368,0.0,original matched/generic visual candidate; downstream transformations applied,0.68,0.0,False,False,False,,
handbag__02,17,root:2/visual-region:12,character_visual_panel_03,sam2-amg[facebook/sam2.1-hiera-tiny]/point-grid,sam2-amg[facebook/sam2.1-hiera-tiny],0.7636885291947515,0.62,1.0,0.7636885291947515,0.5394177884554102,False,0.5394177884554102,,visual candidate from stored precursor score and appearance utility,0.7636885291947515,0.0,original matched/generic visual candidate; downstream transformations applied,0.62,0.0,False,False,False,,
handbag__02,18,root:2/visual-region:13,character_visual_panel_04,sam2-amg[facebook/sam2.1-hiera-tiny]/point-grid,sam2-amg[facebook/sam2.1-hiera-tiny],0.7398589626857238,0.62,1.0,0.7398589626857238,0.5312919062758319,False,0.5312919062758319,,Partial chain only: cross-source max can inherit unarchived other proposal score,,,original matched/generic visual candidate; downstream transformations applied,0.62,0.0,False,False,True,,
handbag__02,19,root:2/visual-region:15,character_accessory,sam2-amg[facebook/sam2.1-hiera-tiny]/point-grid,sam2-amg[facebook/sam2.1-hiera-tiny],0.7696695711758418,0.68,1.0,0.7696695711758418,0.5938564196197649,False,0.5938564196197649,1.05,visual candidate from stored precursor score and appearance utility,0.7696695711758418,0.0,original matched/generic visual candidate; downstream transformations applied,0.68,0.0,False,False,False,,
handbag__02,20,root:2/visual-region:18,character_accessory,sam2-amg[facebook/sam2.1-hiera-tiny]/point-grid/semantic-rerank,sam2-amg[facebook/sam2.1-hiera-tiny],0.5061336072044803,0.66,1.0,0.5061336072044803,0.48072649941522644,False,0.48072649941522644,1.05,visual candidate from stored precursor score and appearance utility; semantic rerank,0.5061336072044803,0.0,original matched/generic visual candidate; downstream transformations applied,0.66,0.0,True,False,False,,
handbag__03,1,root:2,container,grounded-sam2[IDEA-Research/grounding-dino-tiny|facebook/sam2.1-hiera-tiny]/root,grounded-sam2[IDEA-Research/grounding-dino|facebook/sam2.1-hiera-tiny],0.367383748292923,0.9945312500000001,1.0,0.367383748292923,0.6484951026306954,False,0.6484951026306954,,Stored score; precursor logits not archived in candidates.json,,,root quality rule; later root-routing maxima can retain different precursor metadata,0.9945312500000001,0.0,False,False,False,specific_root_label,
handbag__03,2,root:2/profile-refine:IDEA-Research_grounding-dino-tiny:container_strap:02,container_strap,grounded-sam2[IDEA-Research/grounding-dino-tiny|facebook/sam2.1-hiera-tiny]/profile-refine,grounded-sam2[IDEA-Research/grounding-dino|facebook/sam2.1-hiera-tiny]/profile-refine,0.35521551966667175,0.7419414062500002,1.0,0.35521551966667175,0.47882563901332337,False,0.47882563901332337,1.0,Stored score; precursor logits not archived in candidates.json,,,profile priority + SAM quality,0.7419414062500002,0.0,False,False,False,,
handbag__03,3,root:2/profile-refine:IDEA-Research_grounding-dino-tiny:container_pocket:03,container_pocket,grounded-sam2[IDEA-Research/grounding-dino-tiny|facebook/sam2.1-hiera-tiny]/profile-refine,grounded-sam2[IDEA-Research/grounding-dino|facebook/sam2.1-hiera-tiny]/profile-refine,0.32199275493621826,0.8426816406250001,1.0,0.32199275493621826,0.5284422989307088,False,0.5284422989307088,1.0,Stored score; precursor logits not archived in candidates.json,,,profile priority + SAM quality,0.8426816406250001,0.0,False,False,False,,
handbag__03,4,root:2/profile-refine:IDEA-Research_grounding-dino-tiny:container_pocket:04,container_pocket,grounded-sam2[IDEA-Research/grounding-dino-tiny|facebook/sam2.1-hiera-tiny]/profile-refine,grounded-sam2[IDEA-Research/grounding-dino|facebook/sam2.1-hiera-tiny]/profile-refine,0.249996155500412,0.8343671875,1.0,0.249996155500412,0.49018895840788035,False,0.49018895840788035,1.0,Stored score; precursor logits not archived in candidates.json,,,profile priority + SAM quality,0.8343671875,0.0,False,False,False,,
handbag__03,5,root:2/profile-refine:IDEA-Research_grounding-dino-tiny:container_buckle:02,container_buckle,grounded-sam2[IDEA-Research/grounding-dino-tiny|facebook/sam2.1-hiera-tiny]/profile-refine,grounded-sam2[IDEA-Research/grounding-dino|facebook/sam2.1-hiera-tiny]/profile-refine,0.30321571230888367,0.8469355468750001,1.0,0.30321571230888367,0.5223632869127295,False,0.5223632869127295,1.0,Stored score; precursor logits not archived in candidates.json,,,profile priority + SAM quality,0.8469355468750001,0.0,False,False,False,,
handbag__03,6,root:2/profile-refine:IDEA-Research_grounding-dino-tiny:container_buckle:01,container_buckle,grounded-sam2[IDEA-Research/grounding-dino-tiny|facebook/sam2.1-hiera-tiny]/profile-refine,grounded-sam2[IDEA-Research/grounding-dino|facebook/sam2.1-hiera-tiny]/profile-refine,0.3065270483493805,0.8426816406250001,1.0,0.3065270483493805,0.5212743320806972,False,0.5212743320806972,1.0,Stored score; precursor logits not archived in candidates.json,,,profile priority + SAM quality,0.8426816406250001,0.0,False,False,False,,
handbag__03,7,root:2/visual-region:01,container_strap,sam2-amg[facebook/sam2.1-hiera-tiny]/point-grid/semantic-rerank,sam2-amg[facebook/sam2.1-hiera-tiny],0.6273391342812975,0.66,1.0,0.6273391342812975,0.5247241057441111,False,0.5247241057441111,1.0,visual candidate from stored precursor score and appearance utility; semantic rerank,0.6273391342812975,0.0,original matched/generic visual candidate; downstream transformations applied,0.66,0.0,True,False,False,,
handbag__03,8,root:2/visual-region:09,container_pocket,sam2-amg[facebook/sam2.1-hiera-tiny]/point-grid,sam2-amg[facebook/sam2.1-hiera-tiny],0.7948841241707956,0.68,1.0,0.7948841241707956,0.6032866624398776,False,0.6032866624398776,1.0,visual candidate from stored precursor score and appearance utility,0.7948841241707956,0.0,original matched/generic visual candidate; downstream transformations applied,0.68,0.0,False,False,False,,
handbag__03,9,root:2/visual-region:06,container_pocket,sam2-amg[facebook/sam2.1-hiera-tiny]/point-grid/semantic-rerank,sam2-amg[facebook/sam2.1-hiera-tiny],0.6528192085763039,0.66,1.0,0.6528192085763039,0.5339733727131984,False,0.5339733727131984,1.0,visual candidate from stored precursor score and appearance utility; semantic rerank,0.6528192085763039,0.0,original matched/generic visual candidate; downstream transformations applied,0.66,0.0,True,False,False,,
handbag__03,10,root:2/visual-region:05,container_zipper,sam2-amg[facebook/sam2.1-hiera-tiny]/point-grid/semantic-rerank,sam2-amg[facebook/sam2.1-hiera-tiny],0.5811205878423402,0.66,1.0,0.5811205878423402,0.5079467733867695,False,0.5079467733867695,1.0,visual candidate from stored precursor score and appearance utility; semantic rerank,0.5811205878423402,0.0,original matched/generic visual candidate; downstream transformations applied,0.66,0.0,True,False,False,,
handbag__03,11,root:2/visual-region:03,container_zipper,sam2-amg[facebook/sam2.1-hiera-tiny]/prototype-labelled-region,sam2-amg[facebook/sam2.1-hiera-tiny],0.6876567725893775,0.6108198759832383,1.0,0.6876567725893775,0.5058878776960999,False,0.5058878776960999,1.0,visual candidate from stored precursor score and appearance utility; prototype label leaves score unchanged,0.6876567725893775,0.0,original matched/generic visual candidate; downstream transformations applied,0.6108198759832383,0.0,False,False,False,,
handbag__03,12,root:2/visual-region:04,container_zipper,sam2-amg[facebook/sam2.1-hiera-tiny]/point-grid/semantic-rerank,sam2-amg[facebook/sam2.1-hiera-tiny],0.5253811408938468,0.66,1.0,0.5253811408938468,0.48771335414446637,False,0.48771335414446637,1.0,visual candidate from stored precursor score and appearance utility; semantic rerank,0.5253811408938468,0.0,original matched/generic visual candidate; downstream transformations applied,0.66,0.0,True,False,False,,
handbag__03,13,root:2/visual-region:13,container_buckle,sam2-amg[facebook/sam2.1-hiera-tiny]/point-grid,sam2-amg[facebook/sam2.1-hiera-tiny],0.9184085157154211,0.68,1.0,0.9184085157154211,0.6494847848775676,False,0.6494847848775676,1.0,visual candidate from stored precursor score and appearance utility,0.9184085157154211,0.0,original matched/generic visual candidate; downstream transformations applied,0.68,0.0,False,False,False,,
handbag__03,14,root:2/visual-region:07,container_buckle,sam2-amg[facebook/sam2.1-hiera-tiny]/point-grid,sam2-amg[facebook/sam2.1-hiera-tiny],0.8472826892648752,0.68,1.0,0.8472826892648752,0.6228837257850633,False,0.6228837257850633,1.0,visual candidate from stored precursor score and appearance utility,0.8472826892648752,0.0,original matched/generic visual candidate; downstream transformations applied,0.68,0.0,False,False,False,,
handbag__03,15,root:2/visual-region:11,container_body,sam2-amg[facebook/sam2.1-hiera-tiny]/prototype-labelled-region,sam2-amg[facebook/sam2.1-hiera-tiny],0.6466543566828736,0.5906064260215759,1.0,0.6466543566828736,0.4758279118691735,False,0.4758279118691735,1.0,visual candidate from stored precursor score and appearance utility; prototype label leaves score unchanged,0.6466543566828736,0.0,original matched/generic visual candidate; downstream transformations applied,0.5906064260215759,0.0,False,False,False,,
handbag__03,16,root:2/visual-region:12,container_opening,sam2-amg[facebook/sam2.1-hiera-tiny]/prototype-labelled-region,sam2-amg[facebook/sam2.1-hiera-tiny],0.7835036709193408,0.6054792796573639,1.0,0.7835036709193408,0.5333830568982424,False,0.5333830568982424,1.0,visual candidate from stored precursor score and appearance utility; prototype label leaves score unchanged,0.7835036709193408,0.0,original matched/generic visual candidate; downstream transformations applied,0.6054792796573639,0.0,False,False,False,,
handbag__04,1,root:2,daily_object,grounded-sam2[IDEA-Research/grounding-dino-tiny|facebook/sam2.1-hiera-tiny]/root,grounded-sam2[IDEA-Research/grounding-dino|facebook/sam2.1-hiera-tiny],0.3815651834011078,0.9912109375,1.0,0.3815651834011078,0.6540612926110043,False,0.6540612926110043,,Stored score; precursor logits not archived in candidates.json,,,root quality rule; later root-routing maxima can retain different precursor metadata,0.9912109375,0.0,False,False,False,isolated_profile_consensus,Final r may inherit another root via max; a simple single-q discrepancy is not evidence of incorrect frozen r
handbag__04,2,root:2/visual-region:02,daily_object_panel,sam2-amg[facebook/sam2.1-hiera-tiny]/point-grid/semantic-rerank,sam2-amg[facebook/sam2.1-hiera-tiny],0.6295087187373306,0.66,1.0,0.6295087187373306,0.5255116649016511,False,0.5255116649016511,1.0,visual candidate from stored precursor score and appearance utility; semantic rerank,0.6295087187373306,0.0,original matched/generic visual candidate; downstream transformations applied,0.66,0.0,True,False,False,,
handbag__04,3,root:2/visual-region:06,daily_object_panel,sam2-amg[facebook/sam2.1-hiera-tiny]/point-grid/semantic-rerank,sam2-amg[facebook/sam2.1-hiera-tiny],0.6166796917469152,0.66,1.0,0.6166796917469152,0.5208547281041302,False,0.5208547281041302,1.0,visual candidate from stored precursor score and appearance utility; semantic rerank,0.6166796917469152,0.0,original matched/generic visual candidate; downstream transformations applied,0.66,0.0,True,False,False,,
handbag__04,4,root:2/visual-region:05,daily_object_panel,sam2-amg[facebook/sam2.1-hiera-tiny]/point-grid/semantic-rerank,sam2-amg[facebook/sam2.1-hiera-tiny],0.6222160165696898,0.66,1.0,0.6222160165696898,0.5228644140147974,False,0.5228644140147974,1.0,visual candidate from stored precursor score and appearance utility; semantic rerank,0.6222160165696898,0.0,original matched/generic visual candidate; downstream transformations applied,0.66,0.0,True,False,False,,
handbag__04,5,root:2/visual-region:12,daily_object_panel,sam2-amg[facebook/sam2.1-hiera-tiny]/point-grid/semantic-rerank,sam2-amg[facebook/sam2.1-hiera-tiny],0.5052681174972419,0.66,1.0,0.5052681174972419,0.4804123266514988,False,0.4804123266514988,1.0,visual candidate from stored precursor score and appearance utility; semantic rerank,0.5052681174972419,0.0,original matched/generic visual candidate; downstream transformations applied,0.66,0.0,True,False,False,,
handbag__04,6,root:2/visual-region:07,daily_object_panel,sam2-amg[facebook/sam2.1-hiera-tiny]/point-grid/semantic-rerank,sam2-amg[facebook/sam2.1-hiera-tiny],0.5323519436748325,0.66,1.0,0.5323519436748325,0.4902437555539642,False,0.4902437555539642,1.0,visual candidate from stored precursor score and appearance utility; semantic rerank,0.5323519436748325,0.0,original matched/generic visual candidate; downstream transformations applied,0.66,0.0,True,False,False,,
handbag__04,7,root:2/visual-region:11,daily_object_terry_bar,sam2-amg[facebook/sam2.1-hiera-tiny]/point-grid/semantic-rerank,sam2-amg[facebook/sam2.1-hiera-tiny],0.6210658564447696,0.66,1.0,0.6210658564447696,0.5224469058894514,False,0.5224469058894514,1.0,visual candidate from stored precursor score and appearance utility; semantic rerank,0.6210658564447696,0.0,original matched/generic visual candidate; downstream transformations applied,0.66,0.0,True,False,False,,
handbag__04,8,root:2/visual-region:10,daily_object_terry_bar,sam2-amg[facebook/sam2.1-hiera-tiny]/point-grid/semantic-rerank,sam2-amg[facebook/sam2.1-hiera-tiny],0.4889227883642375,0.66,1.0,0.4889227883642375,0.47447897217621826,False,0.47447897217621826,1.0,visual candidate from stored precursor score and appearance utility; semantic rerank,0.4889227883642375,0.0,original matched/generic visual candidate; downstream transformations applied,0.66,0.0,True,False,False,,
handbag__04,9,root:2/visual-region:04,daily_object_terry_bar,sam2-amg[facebook/sam2.1-hiera-tiny]/point-grid/within-root-repetition-consensus,sam2-amg[facebook/sam2.1-hiera-tiny],0.5064006941255497,0.62,1.0,0.5064006941255497,0.4516826366968125,False,0.4516826366968125,1.0,visual candidate from stored precursor score and appearance utility; within-root/inventory consensus,0.5064006941255497,0.0,original matched/generic visual candidate; downstream transformations applied,0.62,0.0,True,False,False,,
handbag__04,10,root:2/visual-region:08,daily_object_border,sam2-amg[facebook/sam2.1-hiera-tiny]/prototype-labelled-region,sam2-amg[facebook/sam2.1-hiera-tiny],0.8911054533760823,0.603671857375145,1.0,0.8911054533760823,0.5675167421049784,False,0.5675167421049784,1.0,visual candidate from stored precursor score and appearance utility; prototype label leaves score unchanged,0.8911054533760823,0.0,original matched/generic visual candidate; downstream transformations applied,0.603671857375145,0.0,False,False,False,,
handbag__04,11,root:2/visual-region:09,daily_object_visual_panel_07,sam2-amg[facebook/sam2.1-hiera-tiny]/point-grid,sam2-amg[facebook/sam2.1-hiera-tiny],0.7602474520602209,0.62,1.0,0.7602474520602209,0.5382443811525354,False,0.5382443811525354,,visual candidate from stored precursor score and appearance utility,0.7602474520602209,0.0,original matched/generic visual candidate; downstream transformations applied,0.62,0.0,False,False,False,,
plastic_bag__01,1,root:1,container,grounded-sam2[IDEA-Research/grounding-dino-tiny|facebook/sam2.1-hiera-tiny]/root,grounded-sam2[IDEA-Research/grounding-dino|facebook/sam2.1-hiera-tiny],0.86200350522995,0.9944335937500001,1.0,0.86200350522995,0.9189580011295039,False,0.9189580011295039,,Stored score; precursor logits not archived in candidates.json,,,root quality rule; later root-routing maxima can retain different precursor metadata,0.9944335937500001,0.0,False,False,False,specific_root_label,
plastic_bag__01,2,root:1/visual-region:01,container_pocket,sam2-amg[facebook/sam2.1-hiera-tiny]/point-grid/semantic-rerank,sam2-amg[facebook/sam2.1-hiera-tiny],0.6446472846079834,0.66,1.0,0.6446472846079834,0.531006964312698,False,0.531006964312698,1.0,visual candidate from stored precursor score and appearance utility; semantic rerank,0.6446472846079834,0.0,original matched/generic visual candidate; downstream transformations applied,0.66,0.0,True,False,False,,
plastic_bag__01,3,root:1/visual-region:03,container_pocket,sam2-amg[facebook/sam2.1-hiera-tiny]/point-grid/semantic-rerank,sam2-amg[facebook/sam2.1-hiera-tiny],0.5810083424611927,0.66,1.0,0.5810083424611927,0.507906028313413,False,0.507906028313413,1.0,visual candidate from stored precursor score and appearance utility; semantic rerank,0.5810083424611927,0.0,original matched/generic visual candidate; downstream transformations applied,0.66,0.0,True,False,False,,
plastic_bag__01,4,root:1/visual-region:04,container_label,sam2-amg[facebook/sam2.1-hiera-tiny]/prototype-labelled-region,sam2-amg[facebook/sam2.1-hiera-tiny],0.7030011129778454,0.5937916721487045,1.0,0.7030011129778454,0.49679616598555043,False,0.49679616598555043,1.0,visual candidate from stored precursor score and appearance utility; prototype label leaves score unchanged,0.7030011129778454,0.0,original matched/generic visual candidate; downstream transformations applied,0.5937916721487045,0.0,False,False,False,,
plastic_bag__02,1,root:1,container,grounded-sam2[IDEA-Research/grounding-dino-tiny|facebook/sam2.1-hiera-tiny]/root,grounded-sam2[IDEA-Research/grounding-dino|facebook/sam2.1-hiera-tiny],0.820900559425354,0.9951171875,1.0,0.820900559425354,0.8970934751268942,False,0.8970934751268942,,Stored score; precursor logits not archived in candidates.json,,,root quality rule; later root-routing maxima can retain different precursor metadata,0.9951171875,0.0,False,False,False,specific_root_label,
plastic_bag__02,2,root:1/profile-refine:IDEA-Research_grounding-dino-tiny:container_strap:01,container_strap,grounded-sam2[IDEA-Research/grounding-dino-tiny|facebook/sam2.1-hiera-tiny]/profile-refine,grounded-sam2[IDEA-Research/grounding-dino|facebook/sam2.1-hiera-tiny]/profile-refine,0.34975481033325195,0.7666914062500001,1.0,0.34975481033325195,0.4924958368699067,False,0.4924958368699067,1.0,Stored score; precursor logits not archived in candidates.json,,,profile priority + SAM quality,0.7666914062500001,0.0,False,False,False,,
plastic_bag__02,3,root:1/visual-region:01,container_pocket,sam2-amg[facebook/sam2.1-hiera-tiny]/point-grid/semantic-rerank,sam2-amg[facebook/sam2.1-hiera-tiny],0.6454848250006622,0.66,1.0,0.6454848250006622,0.5313109914752404,False,0.5313109914752404,1.0,visual candidate from stored precursor score and appearance utility; semantic rerank,0.6454848250006622,0.0,original matched/generic visual candidate; downstream transformations applied,0.66,0.0,True,False,False,,
plastic_bag__02,4,root:1/visual-region:03,container_zipper,sam2-amg[facebook/sam2.1-hiera-tiny]/point-grid/semantic-rerank,sam2-amg[facebook/sam2.1-hiera-tiny],0.5442049893825821,0.66,1.0,0.5442049893825821,0.49454641114587733,False,0.49454641114587733,1.0,visual candidate from stored precursor score and appearance utility; semantic rerank,0.5442049893825821,0.0,original matched/generic visual candidate; downstream transformations applied,0.66,0.0,True,False,False,,
plastic_bag__02,5,root:1/visual-region:04,container_label,sam2-amg[facebook/sam2.1-hiera-tiny]/prototype-labelled-region,sam2-amg[facebook/sam2.1-hiera-tiny],0.8780703440730242,0.606339399930954,1.0,0.8780703440730242,0.5656774850062515,False,0.5656774850062515,1.0,visual candidate from stored precursor score and appearance utility; prototype label leaves score unchanged,0.8780703440730242,0.0,original matched/generic visual candidate; downstream transformations applied,0.606339399930954,0.0,False,False,False,,
plastic_bag__03,1,root:1,container,grounded-sam2[IDEA-Research/grounding-dino-tiny|facebook/sam2.1-hiera-tiny]/root,grounded-sam2[IDEA-Research/grounding-dino|facebook/sam2.1-hiera-tiny],0.7218412160873413,0.98876953125,1.0,0.7218412160873413,0.8375003195396857,False,0.8375003195396857,,Stored score; precursor logits not archived in candidates.json,,,root quality rule; later root-routing maxima can retain different precursor metadata,0.98876953125,0.0,False,False,False,specific_root_label,
plastic_bag__03,2,root:1/profile-refine:IDEA-Research_grounding-dino-tiny:container_handle:02,container_handle,grounded-sam2[IDEA-Research/grounding-dino-tiny|facebook/sam2.1-hiera-tiny]/profile-refine,grounded-sam2[IDEA-Research/grounding-dino|facebook/sam2.1-hiera-tiny]/profile-refine,0.26454830169677734,0.848095703125,1.0,0.26454830169677734,0.5050423192721792,False,0.5050423192721792,1.0,Stored score; precursor logits not archived in candidates.json,,,profile priority + SAM quality,0.848095703125,0.0,False,False,False,,
plastic_bag__03,3,root:1/visual-region:02,container_handle,sam2-amg[facebook/sam2.1-hiera-tiny]/point-grid/semantic-rerank,sam2-amg[facebook/sam2.1-hiera-tiny],0.647255154832216,0.66,1.0,0.647255154832216,0.5319536212040945,False,0.5319536212040945,1.0,visual candidate from stored precursor score and appearance utility; semantic rerank,0.647255154832216,0.0,original matched/generic visual candidate; downstream transformations applied,0.66,0.0,True,False,False,,
plastic_bag__03,4,root:1/visual-region:01,container_handle,sam2-amg[facebook/sam2.1-hiera-tiny]/point-grid/semantic-rerank,sam2-amg[facebook/sam2.1-hiera-tiny],0.5051991145405055,0.66,1.0,0.5051991145405055,0.4803872785782035,False,0.4803872785782035,1.0,visual candidate from stored precursor score and appearance utility; semantic rerank,0.5051991145405055,0.0,original matched/generic visual candidate; downstream transformations applied,0.66,0.0,True,False,False,,
plastic_bag__03,5,root:1/visual-region:05,container_visual_panel_04,sam2-amg[facebook/sam2.1-hiera-tiny]/point-grid,sam2-amg[facebook/sam2.1-hiera-tiny],0.7759670068328272,0.62,1.0,0.7759670068328272,0.543604749329994,False,0.543604749329994,,visual candidate from stored precursor score and appearance utility,0.7759670068328272,0.0,original matched/generic visual candidate; downstream transformations applied,0.62,0.0,False,False,False,,
plastic_bag__03,6,root:1/visual-region:06,container_base,sam2-amg[facebook/sam2.1-hiera-tiny]/point-grid/semantic-rerank,sam2-amg[facebook/sam2.1-hiera-tiny],0.5641757011387843,0.66,1.0,0.5641757011387843,0.5017957795133787,False,0.5017957795133787,1.0,visual candidate from stored precursor score and appearance utility; semantic rerank,0.5641757011387843,0.0,original matched/generic visual candidate; downstream transformations applied,0.66,0.0,True,False,False,,
plastic_bag__03,7,root:1/visual-region:08,container_label,sam2-amg[facebook/sam2.1-hiera-tiny]/prototype-labelled-region,sam2-amg[facebook/sam2.1-hiera-tiny],0.7211211394911088,0.6060056605300903,1.0,0.7211211394911088,0.5130544680912771,False,0.5130544680912771,1.0,visual candidate from stored precursor score and appearance utility; prototype label leaves score unchanged,0.7211211394911088,0.0,original matched/generic visual candidate; downstream transformations applied,0.6060056605300903,0.0,False,False,False,,
plastic_bag__04,1,root:1,container,grounded-sam2[IDEA-Research/grounding-dino-tiny|facebook/sam2.1-hiera-tiny]/root,grounded-sam2[IDEA-Research/grounding-dino|facebook/sam2.1-hiera-tiny],0.688258945941925,0.9939453125000001,1.0,0.688258945941925,0.8235258548328421,False,0.8235258548328421,,Stored score; precursor logits not archived in candidates.json,,,root quality rule; later root-routing maxima can retain different precursor metadata,0.9939453125000001,0.0,False,False,False,specific_root_label,
plastic_bag__04,2,root:1/profile-refine:IDEA-Research_grounding-dino-tiny:container_pocket:01,container_pocket,grounded-sam2[IDEA-Research/grounding-dino-tiny|facebook/sam2.1-hiera-tiny]/profile-refine,grounded-sam2[IDEA-Research/grounding-dino|facebook/sam2.1-hiera-tiny]/profile-refine,0.3093366026878357,0.8672382812500001,1.0,0.3093366026878357,0.5378049255659921,False,0.5378049255659921,1.0,Stored score; precursor logits not archived in candidates.json,,,profile priority + SAM quality,0.8672382812500001,0.0,False,False,False,,
plastic_bag__04,3,root:1/profile-refine:IDEA-Research_grounding-dino-tiny:container_strap:01,container_strap,grounded-sam2[IDEA-Research/grounding-dino-tiny|facebook/sam2.1-hiera-tiny]/profile-refine,grounded-sam2[IDEA-Research/grounding-dino|facebook/sam2.1-hiera-tiny]/profile-refine,0.25349122285842896,0.8542832031250001,1.0,0.25349122285842896,0.5035317530114146,False,0.5035317530114146,1.0,Stored score; precursor logits not archived in candidates.json,,,profile priority + SAM quality,0.8542832031250001,0.0,False,False,False,,
plastic_bag__04,4,root:1/visual-region:01,container_pocket,sam2-amg[facebook/sam2.1-hiera-tiny]/point-grid/semantic-rerank,sam2-amg[facebook/sam2.1-hiera-tiny],0.6757723724779936,0.66,1.0,0.6757723724779936,0.5423053712095117,False,0.5423053712095117,1.0,visual candidate from stored precursor score and appearance utility; semantic rerank,0.6757723724779936,0.0,original matched/generic visual candidate; downstream transformations applied,0.66,0.0,True,False,False,,
plastic_bag__04,5,root:1/visual-region:03,container_pocket,sam2-amg[facebook/sam2.1-hiera-tiny]/point-grid,sam2-amg[facebook/sam2.1-hiera-tiny],0.7671284477084677,0.68,1.0,0.7671284477084677,0.5929060394429669,False,0.5929060394429669,1.0,visual candidate from stored precursor score and appearance utility,0.7671284477084677,0.0,original matched/generic visual candidate; downstream transformations applied,0.68,0.0,False,False,False,,
plastic_bag__04,6,root:1/visual-region:02,container_inner,sam2-amg[facebook/sam2.1-hiera-tiny]/prototype-labelled-region,sam2-amg[facebook/sam2.1-hiera-tiny],0.7671597946164045,0.6100937967348099,1.0,0.7671597946164045,0.531963896020565,False,0.531963896020565,1.0,visual candidate from stored precursor score and appearance utility; prototype label leaves score unchanged,0.7671597946164045,0.0,original matched/generic visual candidate; downstream transformations applied,0.6100937967348099,0.0,False,False,False,,
plastic_bag__04,7,root:1/visual-region:04,container_visual_panel_03,sam2-amg[facebook/sam2.1-hiera-tiny]/point-grid,sam2-amg[facebook/sam2.1-hiera-tiny],0.7077521019102718,0.62,1.0,0.7077521019102718,0.5203434667514028,False,0.5203434667514028,,visual candidate from stored precursor score and appearance utility,0.7077521019102718,0.0,original matched/generic visual candidate; downstream transformations applied,0.62,0.0,False,False,False,,
plastic_bag__04,8,root:1/visual-region:09,container_label,sam2-amg[facebook/sam2.1-hiera-tiny]/prototype-labelled-region,sam2-amg[facebook/sam2.1-hiera-tiny],0.6463193001403142,0.6126517428836823,1.0,0.6463193001403142,0.493476039427336,False,0.493476039427336,1.0,visual candidate from stored precursor score and appearance utility; prototype label leaves score unchanged,0.6463193001403142,0.0,original matched/generic visual candidate; downstream transformations applied,0.6126517428836823,0.0,False,False,False,,
plastic_bag__04,9,root:1/visual-region:11,container_handle,sam2-amg[facebook/sam2.1-hiera-tiny]/point-grid/semantic-rerank,sam2-amg[facebook/sam2.1-hiera-tiny],0.5293974537472361,0.66,1.0,0.5293974537472361,0.48917127571024677,False,0.48917127571024677,1.0,visual candidate from stored precursor score and appearance utility; semantic rerank,0.5293974537472361,0.0,original matched/generic visual candidate; downstream transformations applied,0.66,0.0,True,False,False,,
plastic_bag__04,10,root:1/visual-region:13,container_strap,sam2-amg[facebook/sam2.1-hiera-tiny]/point-grid/semantic-rerank,sam2-amg[facebook/sam2.1-hiera-tiny],0.5230187044511284,0.66,1.0,0.5230187044511284,0.48685578971575966,False,0.48685578971575966,1.0,visual candidate from stored precursor score and appearance utility; semantic rerank,0.5230187044511284,0.0,original matched/generic visual candidate; downstream transformations applied,0.66,0.0,True,False,False,,
box__01,1,root:1,container,grounded-sam2[IDEA-Research/grounding-dino-tiny|facebook/sam2.1-hiera-tiny]/root,grounded-sam2[IDEA-Research/grounding-dino|facebook/sam2.1-hiera-tiny],0.6214260458946228,0.893994140625,1.0,0.6214260458946228,0.7078505474051053,False,0.7078505474051053,,Stored score; precursor logits not archived in candidates.json,,,root quality rule; later root-routing maxima can retain different precursor metadata,0.893994140625,0.0,False,False,False,specific_root_label,
box__01,2,root:1/profile-refine:IDEA-Research_grounding-dino-tiny:container_side:01,container_side,grounded-sam2[IDEA-Research/grounding-dino-tiny|facebook/sam2.1-hiera-tiny]/profile-refine,grounded-sam2[IDEA-Research/grounding-dino|facebook/sam2.1-hiera-tiny]/profile-refine,0.5180433392524719,0.7446484375,1.0,0.5180433392524719,0.5472598865973995,False,0.5472598865973995,1.0,Stored score; precursor logits not archived in candidates.json,,,profile priority + SAM quality,0.7446484375,0.0,False,False,False,,
box__01,3,root:1/profile-refine:IDEA-Research_grounding-dino-tiny:container_bottom:01,container_bottom,grounded-sam2[IDEA-Research/grounding-dino-tiny|facebook/sam2.1-hiera-tiny]/profile-refine,grounded-sam2[IDEA-Research/grounding-dino|facebook/sam2.1-hiera-tiny]/profile-refine,0.35064372420310974,0.7446484375,1.0,0.35064372420310974,0.4787002626158647,False,0.4787002626158647,1.0,Stored score; precursor logits not archived in candidates.json,,,profile priority + SAM quality,0.7446484375,0.0,False,False,False,,
box__01,4,root:1/visual-region:02,container_lid,sam2-amg[facebook/sam2.1-hiera-tiny]/point-grid/semantic-rerank,sam2-amg[facebook/sam2.1-hiera-tiny],0.6164283372463193,0.66,1.0,0.6164283372463193,0.5207634864204139,False,0.5207634864204139,1.0,visual candidate from stored precursor score and appearance utility; semantic rerank,0.6164283372463193,0.0,original matched/generic visual candidate; downstream transformations applied,0.66,0.0,True,False,False,,
box__01,5,root:1/visual-region:03,container_bottom,sam2-amg[facebook/sam2.1-hiera-tiny]/point-grid,sam2-amg[facebook/sam2.1-hiera-tiny],0.7936493651770662,0.68,1.0,0.7936493651770662,0.6028248625762229,False,0.6028248625762229,1.0,visual candidate from stored precursor score and appearance utility,0.7936493651770662,0.0,original matched/generic visual candidate; downstream transformations applied,0.68,0.0,False,False,False,,
box__01,6,root:1/visual-region:04,container_visual_panel_03,sam2-amg[facebook/sam2.1-hiera-tiny]/point-grid,sam2-amg[facebook/sam2.1-hiera-tiny],0.839081559348954,0.62,1.0,0.839081559348954,0.5651268117379933,False,0.5651268117379933,,visual candidate from stored precursor score and appearance utility,0.839081559348954,0.0,original matched/generic visual candidate; downstream transformations applied,0.62,0.0,False,False,False,,
box__01,7,root:1/visual-region:05,container_visual_panel_04,sam2-amg[facebook/sam2.1-hiera-tiny]/point-grid,sam2-amg[facebook/sam2.1-hiera-tiny],0.8477489549157164,0.62,1.0,0.8477489549157164,0.5680823936262593,False,0.5680823936262593,,visual candidate from stored precursor score and appearance utility,0.8477489549157164,0.0,original matched/generic visual candidate; downstream transformations applied,0.62,0.0,False,False,False,,
box__01,8,root:1/visual-region:06,container_visual_panel_05,sam2-amg[facebook/sam2.1-hiera-tiny]/point-grid,sam2-amg[facebook/sam2.1-hiera-tiny],0.7002888601382715,0.62,1.0,0.7002888601382715,0.5177985013071505,False,0.5177985013071505,,visual candidate from stored precursor score and appearance utility,0.7002888601382715,0.0,original matched/generic visual candidate; downstream transformations applied,0.62,0.0,False,False,False,,
box__01,9,root:1/visual-region:07,container_visual_panel_06,sam2-amg[facebook/sam2.1-hiera-tiny]/point-grid,sam2-amg[facebook/sam2.1-hiera-tiny],0.7977376783500083,0.62,1.0,0.7977376783500083,0.5510285483173528,False,0.5510285483173528,,visual candidate from stored precursor score and appearance utility,0.7977376783500083,0.0,original matched/generic visual candidate; downstream transformations applied,0.62,0.0,False,False,False,,
box__01,10,root:1/visual-region:10,container_label,sam2-amg[facebook/sam2.1-hiera-tiny]/point-grid/semantic-rerank,sam2-amg[facebook/sam2.1-hiera-tiny],0.5276992831984765,0.66,1.0,0.5276992831984765,0.488554839801047,False,0.488554839801047,1.0,visual candidate from stored precursor score and appearance utility; semantic rerank,0.5276992831984765,0.0,original matched/generic visual candidate; downstream transformations applied,0.66,0.0,True,False,False,,
box__01,11,root:1/visual-region:12,container_shoulder,sam2-amg[facebook/sam2.1-hiera-tiny]/point-grid/semantic-rerank,sam2-amg[facebook/sam2.1-hiera-tiny],0.5668884627021636,0.66,1.0,0.5668884627021636,0.5027805119608855,False,0.5027805119608855,1.0,visual candidate from stored precursor score and appearance utility; semantic rerank,0.5668884627021636,0.0,original matched/generic visual candidate; downstream transformations applied,0.66,0.0,True,False,False,,
box__02,1,root:1,container,grounded-sam2[IDEA-Research/grounding-dino-tiny|facebook/sam2.1-hiera-tiny]/root,grounded-sam2[IDEA-Research/grounding-dino|facebook/sam2.1-hiera-tiny],0.9189178347587585,0.9842773437500001,1.0,0.9189178347587585,0.9403833077239689,False,0.9403833077239689,,Stored score; precursor logits not archived in candidates.json,,,root quality rule; later root-routing maxima can retain different precursor metadata,0.9842773437500001,0.0,False,False,False,specific_root_label,
box__02,2,root:1/profile-refine:IDEA-Research_grounding-dino-tiny:container_side:01,container_side,grounded-sam2[IDEA-Research/grounding-dino-tiny|facebook/sam2.1-hiera-tiny]/profile-refine,grounded-sam2[IDEA-Research/grounding-dino|facebook/sam2.1-hiera-tiny]/profile-refine,0.24113182723522186,0.8720722656250001,1.0,0.24113182723522186,0.5080889279214739,False,0.5080889279214739,1.0,Stored score; precursor logits not archived in candidates.json,,,profile priority + SAM quality,0.8720722656250001,0.0,False,False,False,,
box__02,3,root:1/visual-region:04,container_lid,sam2-amg[facebook/sam2.1-hiera-tiny]/point-grid/semantic-rerank,sam2-amg[facebook/sam2.1-hiera-tiny],0.6542309942651551,0.66,1.0,0.6542309942651551,0.5344858509182513,False,0.5344858509182513,1.0,visual candidate from stored precursor score and appearance utility; semantic rerank,0.6542309942651551,0.0,original matched/generic visual candidate; downstream transformations applied,0.66,0.0,True,False,False,,
box__02,4,root:1/visual-region:03,container_shoulder,sam2-amg[facebook/sam2.1-hiera-tiny]/point-grid/semantic-rerank,sam2-amg[facebook/sam2.1-hiera-tiny],0.6377483420009491,0.66,1.0,0.6377483420009491,0.5285026481463446,False,0.5285026481463446,1.0,visual candidate from stored precursor score and appearance utility; semantic rerank,0.6377483420009491,0.0,original matched/generic visual candidate; downstream transformations applied,0.66,0.0,True,False,False,,
box__02,5,root:1/visual-region:07,container_side,sam2-amg[facebook/sam2.1-hiera-tiny]/prototype-labelled-region,sam2-amg[facebook/sam2.1-hiera-tiny],0.7408386322263913,0.6041533250904083,1.0,0.7408386322263913,0.5180380639489363,False,0.5180380639489363,1.0,visual candidate from stored precursor score and appearance utility; prototype label leaves score unchanged,0.7408386322263913,0.0,original matched/generic visual candidate; downstream transformations applied,0.6041533250904083,0.0,False,False,False,,
box__02,6,root:1/visual-region:06,container_side,sam2-amg[facebook/sam2.1-hiera-tiny]/point-grid/semantic-rerank,sam2-amg[facebook/sam2.1-hiera-tiny],0.5300217415942132,0.66,1.0,0.5300217415942132,0.4893978921986994,False,0.4893978921986994,1.0,visual candidate from stored precursor score and appearance utility; semantic rerank,0.5300217415942132,0.0,original matched/generic visual candidate; downstream transformations applied,0.66,0.0,True,False,False,,
box__02,7,root:1/visual-region:09,container_visual_panel_03,sam2-amg[facebook/sam2.1-hiera-tiny]/point-grid,sam2-amg[facebook/sam2.1-hiera-tiny],0.7525305700970738,0.62,1.0,0.7525305700970738,0.5356129244031022,False,0.5356129244031022,,visual candidate from stored precursor score and appearance utility,0.7525305700970738,0.0,original matched/generic visual candidate; downstream transformations applied,0.62,0.0,False,False,False,,
box__02,8,root:1/visual-region:11,container_bottom,sam2-amg[facebook/sam2.1-hiera-tiny]/prototype-labelled-region,sam2-amg[facebook/sam2.1-hiera-tiny],0.753730747052034,0.6048336774644851,1.0,0.753730747052034,0.5229101116156628,False,0.5229101116156628,1.0,visual candidate from stored precursor score and appearance utility; prototype label leaves score unchanged,0.753730747052034,0.0,original matched/generic visual candidate; downstream transformations applied,0.6048336774644851,0.0,False,False,False,,
box__03,1,root:6,container,grounded-sam2[IDEA-Research/grounding-dino-tiny|facebook/sam2.1-hiera-tiny]/root,grounded-sam2[IDEA-Research/grounding-dino|facebook/sam2.1-hiera-tiny],0.3074619770050049,0.9404296875,1.0,0.3074619770050049,0.5822238633991219,False,0.5822238633991219,,Stored score; precursor logits not archived in candidates.json,,,root quality rule; later root-routing maxima can retain different precursor metadata,0.9404296875,0.0,False,False,False,,
box__03,2,root:6/visual-region:01,container_visual_panel_01,sam2-amg[facebook/sam2.1-hiera-tiny]/point-grid,sam2-amg[facebook/sam2.1-hiera-tiny],0.8147192864266666,0.62,1.0,0.8147192864266666,0.5568192766714933,False,0.5568192766714933,,visual candidate from stored precursor score and appearance utility,0.8147192864266666,0.0,original matched/generic visual candidate; downstream transformations applied,0.62,0.0,False,False,False,,
box__04,1,root:5,tool_prop,grounded-sam2[IDEA-Research/grounding-dino-tiny|facebook/sam2.1-hiera-tiny]/root,grounded-sam2[IDEA-Research/grounding-dino|facebook/sam2.1-hiera-tiny],0.3103807270526886,0.92353515625,1.0,0.3103807270526886,0.5732469526030765,False,0.5732469526030765,,Stored score; precursor logits not archived in candidates.json,,,root quality rule; later root-routing maxima can retain different precursor metadata,0.92353515625,0.0,False,False,False,,
carton__01,1,root:1,container,grounded-sam2[IDEA-Research/grounding-dino-tiny|facebook/sam2.1-hiera-tiny]/root,grounded-sam2[IDEA-Research/grounding-dino|facebook/sam2.1-hiera-tiny],0.43572142720222473,0.9670898437500001,1.0,0.43572142720222473,0.6669504015108397,False,0.6669504015108397,,Stored score; precursor logits not archived in candidates.json,,,root quality rule; later root-routing maxima can retain different precursor metadata,0.9670898437500001,0.0,False,False,False,specific_root_label,
carton__01,2,root:1/profile-refine:IDEA-Research_grounding-dino-tiny:container_label:02,container_label,grounded-sam2[IDEA-Research/grounding-dino-tiny|facebook/sam2.1-hiera-tiny]/profile-refine,grounded-sam2[IDEA-Research/grounding-dino|facebook/sam2.1-hiera-tiny]/profile-refine,0.4038606882095337,0.87033203125,1.0,0.4038606882095337,0.5849705052737846,False,0.5849705052737846,1.0,Stored score; precursor logits not archived in candidates.json,,,profile priority + SAM quality,0.87033203125,0.0,False,False,False,,
carton__01,3,root:1/profile-refine:IDEA-Research_grounding-dino-tiny:container_label:04,container_label,grounded-sam2[IDEA-Research/grounding-dino-tiny|facebook/sam2.1-hiera-tiny]/profile-refine,grounded-sam2[IDEA-Research/grounding-dino|facebook/sam2.1-hiera-tiny]/profile-refine,0.257951945066452,0.8223789062500001,1.0,0.257951945066452,0.48674433895934505,False,0.48674433895934505,1.0,Stored score; precursor logits not archived in candidates.json,,,profile priority + SAM quality,0.8223789062500001,0.0,False,False,False,,
carton__01,4,root:1/profile-refine:IDEA-Research_grounding-dino-tiny:container_label:01,container_label,grounded-sam2[IDEA-Research/grounding-dino-tiny|facebook/sam2.1-hiera-tiny]/profile-refine,grounded-sam2[IDEA-Research/grounding-dino|facebook/sam2.1-hiera-tiny]/profile-refine,0.5202069282531738,0.8038164062500002,1.0,0.5202069282531738,0.5917003577786499,False,0.5917003577786499,1.0,Stored score; precursor logits not archived in candidates.json,,,profile priority + SAM quality,0.8038164062500002,0.0,False,False,False,,
carton__01,5,root:1/profile-refine:IDEA-Research_grounding-dino-tiny:container_shoulder:01,container_shoulder,grounded-sam2[IDEA-Research/grounding-dino-tiny|facebook/sam2.1-hiera-tiny]/profile-refine,grounded-sam2[IDEA-Research/grounding-dino|facebook/sam2.1-hiera-tiny]/profile-refine,0.39893320202827454,0.8022695312500001,1.0,0.39893320202827454,0.537049863207707,False,0.537049863207707,1.0,Stored score; precursor logits not archived in candidates.json,,,profile priority + SAM quality,0.8022695312500001,0.0,False,False,False,,
carton__01,6,root:1/profile-refine:IDEA-Research_grounding-dino-tiny:container_base:01,container_base,grounded-sam2[IDEA-Research/grounding-dino-tiny|facebook/sam2.1-hiera-tiny]/profile-refine,grounded-sam2[IDEA-Research/grounding-dino|facebook/sam2.1-hiera-tiny]/profile-refine,0.3954259753227234,0.801689453125,1.0,0.3954259753227234,0.5351151125555916,False,0.5351151125555916,1.0,Stored score; precursor logits not archived in candidates.json,,,profile priority + SAM quality,0.801689453125,0.0,False,False,False,,
carton__01,7,root:1/profile-refine:IDEA-Research_grounding-dino-tiny:container_side:02,container_side,grounded-sam2[IDEA-Research/grounding-dino-tiny|facebook/sam2.1-hiera-tiny]/profile-refine,grounded-sam2[IDEA-Research/grounding-dino|facebook/sam2.1-hiera-tiny]/profile-refine,0.2994123697280884,0.8631777343750001,1.0,0.2994123697280884,0.5305753304889077,False,0.5305753304889077,1.0,Stored score; precursor logits not archived in candidates.json,,,profile priority + SAM quality,0.8631777343750001,0.0,False,False,False,,
carton__01,8,root:1/profile-refine:IDEA-Research_grounding-dino-tiny:container_lid:01,container_lid,grounded-sam2[IDEA-Research/grounding-dino-tiny|facebook/sam2.1-hiera-tiny]/profile-refine,grounded-sam2[IDEA-Research/grounding-dino|facebook/sam2.1-hiera-tiny]/profile-refine,0.2617081105709076,0.8455820312500001,1.0,0.2617081105709076,0.5022245357146312,False,0.5022245357146312,1.0,Stored score; precursor logits not archived in candidates.json,,,profile priority + SAM quality,0.8455820312500001,0.0,False,False,False,,
carton__01,9,root:1/visual-region:01,container_visual_panel_01,sam2-amg[facebook/sam2.1-hiera-tiny]/point-grid,sam2-amg[facebook/sam2.1-hiera-tiny],0.773109526451341,0.62,1.0,0.773109526451341,0.5426303485199073,False,0.5426303485199073,,visual candidate from stored precursor score and appearance utility,0.773109526451341,0.0,original matched/generic visual candidate; downstream transformations applied,0.62,0.0,False,False,False,,
carton__01,10,root:1/visual-region:03,container_visual_panel_03,sam2-amg[facebook/sam2.1-hiera-tiny]/point-grid,sam2-amg[facebook/sam2.1-hiera-tiny],0.6932078464971207,0.62,1.0,0.6932078464971207,0.5153838756555182,False,0.5153838756555182,,visual candidate from stored precursor score and appearance utility,0.6932078464971207,0.0,original matched/generic visual candidate; downstream transformations applied,0.62,0.0,False,False,False,,
carton__01,11,root:1/visual-region:06,container_label,sam2-amg[facebook/sam2.1-hiera-tiny]/point-grid,sam2-amg[facebook/sam2.1-hiera-tiny],0.7904900993401576,0.68,1.0,0.7904900993401576,0.6016432971532191,False,0.6016432971532191,1.0,visual candidate from stored precursor score and appearance utility,0.7904900993401576,0.0,original matched/generic visual candidate; downstream transformations applied,0.68,0.0,False,False,False,,
carton__01,12,root:1/visual-region:07,container_visual_strip_01,sam2-amg[facebook/sam2.1-hiera-tiny]/point-grid,sam2-amg[facebook/sam2.1-hiera-tiny],0.7580952194114908,0.62,1.0,0.7580952194114908,0.5375104698193184,False,0.5375104698193184,,visual candidate from stored precursor score and appearance utility,0.7580952194114908,0.0,original matched/generic visual candidate; downstream transformations applied,0.62,0.0,False,False,False,,
carton__01,13,root:1/visual-region:10,container_visual_panel_06,sam2-amg[facebook/sam2.1-hiera-tiny]/point-grid,sam2-amg[facebook/sam2.1-hiera-tiny],0.838418519597874,0.62,1.0,0.838418519597874,0.5649007151828751,False,0.5649007151828751,,visual candidate from stored precursor score and appearance utility,0.838418519597874,0.0,original matched/generic visual candidate; downstream transformations applied,0.62,0.0,False,False,False,,
carton__02,1,root:1,container,grounded-sam2[IDEA-Research/grounding-dino-tiny|facebook/sam2.1-hiera-tiny]/root,grounded-sam2[IDEA-Research/grounding-dino|facebook/sam2.1-hiera-tiny],0.8473372459411621,0.9773437500000001,1.0,0.8473372459411621,0.8952815563045443,False,0.8952815563045443,,Stored score; precursor logits not archived in candidates.json,,,root quality rule; later root-routing maxima can retain different precursor metadata,0.9773437500000001,0.0,False,False,False,,
carton__03,1,root:1,container,grounded-sam2[IDEA-Research/grounding-dino-tiny|facebook/sam2.1-hiera-tiny]/root,grounded-sam2[IDEA-Research/grounding-dino|facebook/sam2.1-hiera-tiny],0.474661648273468,0.9533203125,1.0,0.474661648273468,0.6778716656001053,False,0.6778716656001053,,Stored score; precursor logits not archived in candidates.json,,,root quality rule; later root-routing maxima can retain different precursor metadata,0.9533203125,0.0,False,False,False,isolated_profile_consensus,Final r may inherit another root via max; a simple single-q discrepancy is not evidence of incorrect frozen r
carton__03,2,root:1/profile-refine:IDEA-Research_grounding-dino-tiny:container_inner_wall:02,container_inner_wall,grounded-sam2[IDEA-Research/grounding-dino-tiny|facebook/sam2.1-hiera-tiny]/profile-refine,grounded-sam2[IDEA-Research/grounding-dino|facebook/sam2.1-hiera-tiny]/profile-refine,0.2520156800746918,0.7686250000000001,1.0,0.2520156800746918,0.4524193036535756,False,0.4524193036535756,1.0,Stored score; precursor logits not archived in candidates.json,,,profile priority + SAM quality,0.7686250000000001,0.0,False,False,False,,
carton__03,3,root:1/visual-region:01,container_lid,sam2-amg[facebook/sam2.1-hiera-tiny]/prototype-labelled-region,sam2-amg[facebook/sam2.1-hiera-tiny],0.8501625233296537,0.6127563694505692,1.0,0.8501625233296537,0.5622587419338835,False,0.5622587419338835,1.0,visual candidate from stored precursor score and appearance utility; prototype label leaves score unchanged,0.8501625233296537,0.0,original matched/generic visual candidate; downstream transformations applied,0.6127563694505692,0.0,False,False,False,,
carton__03,4,root:1/visual-region:06,container_shoulder,sam2-amg[facebook/sam2.1-hiera-tiny]/point-grid/semantic-rerank,sam2-amg[facebook/sam2.1-hiera-tiny],0.5969131368699958,0.66,1.0,0.5969131368699958,0.5136794686838085,False,0.5136794686838085,1.0,visual candidate from stored precursor score and appearance utility; semantic rerank,0.5969131368699958,0.0,original matched/generic visual candidate; downstream transformations applied,0.66,0.0,True,False,False,,
carton__03,5,root:1/visual-region:09,container_visual_panel_08,sam2-amg[facebook/sam2.1-hiera-tiny]/point-grid,sam2-amg[facebook/sam2.1-hiera-tiny],0.8874884146053963,0.62,1.0,0.8874884146053963,0.5816335493804402,False,0.5816335493804402,,visual candidate from stored precursor score and appearance utility,0.8874884146053963,0.0,original matched/generic visual candidate; downstream transformations applied,0.62,0.0,False,False,False,,
carton__03,6,root:1/visual-region:10,container_visual_panel_09,sam2-amg[facebook/sam2.1-hiera-tiny]/point-grid,sam2-amg[facebook/sam2.1-hiera-tiny],0.8869558298946365,0.62,1.0,0.8869558298946365,0.581451937994071,False,0.581451937994071,,visual candidate from stored precursor score and appearance utility,0.8869558298946365,0.0,original matched/generic visual candidate; downstream transformations applied,0.62,0.0,False,False,False,,
carton__03,7,root:1/visual-region:13,container_base,sam2-amg[facebook/sam2.1-hiera-tiny]/point-grid/semantic-rerank,sam2-amg[facebook/sam2.1-hiera-tiny],0.605968636232391,0.66,1.0,0.605968636232391,0.516966614952358,False,0.516966614952358,1.0,visual candidate from stored precursor score and appearance utility; semantic rerank,0.605968636232391,0.0,original matched/generic visual candidate; downstream transformations applied,0.66,0.0,True,False,False,,
carton__03,8,root:1/visual-region:15,container_side,sam2-amg[facebook/sam2.1-hiera-tiny]/prototype-labelled-region,sam2-amg[facebook/sam2.1-hiera-tiny],0.8049667436255525,0.5997244718418122,1.0,0.8049667436255525,0.5353930526728974,False,0.5353930526728974,1.0,visual candidate from stored precursor score and appearance utility; prototype label leaves score unchanged,0.8049667436255525,0.0,original matched/generic visual candidate; downstream transformations applied,0.5997244718418122,0.0,False,False,False,,
carton__03,9,root:1/visual-region:18,container_side,sam2-amg[facebook/sam2.1-hiera-tiny]/prototype-labelled-region,sam2-amg[facebook/sam2.1-hiera-tiny],0.702625090406422,0.6081015812511444,1.0,0.702625090406422,0.5086427972395955,False,0.5086427972395955,1.0,visual candidate from stored precursor score and appearance utility; prototype label leaves score unchanged,0.702625090406422,0.0,original matched/generic visual candidate; downstream transformations applied,0.6081015812511444,0.0,False,False,False,,
carton__03,10,root:1/visual-region:16,container_handle,sam2-amg[facebook/sam2.1-hiera-tiny]/prototype-labelled-region,sam2-amg[facebook/sam2.1-hiera-tiny],0.8264594283208995,0.6073292784547806,1.0,0.8264594283208995,0.5493613298555066,False,0.5493613298555066,1.0,visual candidate from stored precursor score and appearance utility; prototype label leaves score unchanged,0.8264594283208995,0.0,original matched/generic visual candidate; downstream transformations applied,0.6073292784547806,0.0,False,False,False,,
carton__03,11,root:1/visual-region:22,container_visual_strip_01,sam2-amg[facebook/sam2.1-hiera-tiny]/point-grid,sam2-amg[facebook/sam2.1-hiera-tiny],0.7115854100231525,0.62,1.0,0.7115854100231525,0.521650624817895,False,0.521650624817895,,visual candidate from stored precursor score and appearance utility,0.7115854100231525,0.0,original matched/generic visual candidate; downstream transformations applied,0.62,0.0,False,False,False,,
carton__04,1,root:2,container,grounded-sam2[IDEA-Research/grounding-dino-tiny|facebook/sam2.1-hiera-tiny]/root,grounded-sam2[IDEA-Research/grounding-dino|facebook/sam2.1-hiera-tiny],0.37467628717422485,0.973828125,1.0,0.37467628717422485,0.6389013246714604,False,0.6389013246714604,,Stored score; precursor logits not archived in candidates.json,,,root quality rule; later root-routing maxima can retain different precursor metadata,0.973828125,0.0,False,False,False,specific_root_label,
carton__04,2,root:2/profile-refine:IDEA-Research_grounding-dino-tiny:container_label:02,container_label,grounded-sam2[IDEA-Research/grounding-dino-tiny|facebook/sam2.1-hiera-tiny]/profile-refine,grounded-sam2[IDEA-Research/grounding-dino|facebook/sam2.1-hiera-tiny]/profile-refine,0.36229208111763,0.862984375,1.0,0.36229208111763,0.560301791604911,False,0.560301791604911,1.0,Stored score; precursor logits not archived in candidates.json,,,profile priority + SAM quality,0.862984375,0.0,False,False,False,,
carton__04,3,root:2/profile-refine:IDEA-Research_grounding-dino-tiny:container_handle:02,container_handle,grounded-sam2[IDEA-Research/grounding-dino-tiny|facebook/sam2.1-hiera-tiny]/profile-refine,grounded-sam2[IDEA-Research/grounding-dino|facebook/sam2.1-hiera-tiny]/profile-refine,0.28547152876853943,0.74658203125,1.0,0.28547152876853943,0.4531822666591324,False,0.4531822666591324,1.0,Stored score; precursor logits not archived in candidates.json,,,profile priority + SAM quality,0.74658203125,0.0,False,False,False,,
carton__04,4,root:2/profile-refine:IDEA-Research_grounding-dino-tiny:container_lid:02,container_lid,grounded-sam2[IDEA-Research/grounding-dino-tiny|facebook/sam2.1-hiera-tiny]/profile-refine,grounded-sam2[IDEA-Research/grounding-dino|facebook/sam2.1-hiera-tiny]/profile-refine,0.2708657681941986,0.862984375,1.0,0.2708657681941986,0.516907077870681,False,0.516907077870681,1.0,Stored score; precursor logits not archived in candidates.json,,,profile priority + SAM quality,0.862984375,0.0,False,False,False,,
carton__04,5,root:2/profile-refine:IDEA-Research_grounding-dino-tiny:container_neck:03,container_neck,grounded-sam2[IDEA-Research/grounding-dino-tiny|facebook/sam2.1-hiera-tiny]/profile-refine,grounded-sam2[IDEA-Research/grounding-dino|facebook/sam2.1-hiera-tiny]/profile-refine,0.26454830169677734,0.862984375,1.0,0.26454830169677734,0.5139085466884077,False,0.5139085466884077,1.0,Stored score; precursor logits not archived in candidates.json,,,profile priority + SAM quality,0.862984375,0.0,False,False,False,,
carton__04,6,root:2/profile-refine:IDEA-Research_grounding-dino-tiny:container_spout:03,container_spout,grounded-sam2[IDEA-Research/grounding-dino-tiny|facebook/sam2.1-hiera-tiny]/profile-refine,grounded-sam2[IDEA-Research/grounding-dino|facebook/sam2.1-hiera-tiny]/profile-refine,0.25515803694725037,0.850416015625,1.0,0.25515803694725037,0.5020319716557075,False,0.5020319716557075,1.0,Stored score; precursor logits not archived in candidates.json,,,profile priority + SAM quality,0.850416015625,0.0,False,False,False,,
carton__04,7,root:2/profile-refine:IDEA-Research_grounding-dino-tiny:container_opening:02,container_opening,grounded-sam2[IDEA-Research/grounding-dino-tiny|facebook/sam2.1-hiera-tiny]/profile-refine,grounded-sam2[IDEA-Research/grounding-dino|facebook/sam2.1-hiera-tiny]/profile-refine,0.24095316231250763,0.83359375,1.0,0.24095316231250763,0.4855885650805431,False,0.4855885650805431,1.0,Stored score; precursor logits not archived in candidates.json,,,profile priority + SAM quality,0.83359375,0.0,False,False,False,,
carton__04,8,root:2/visual-region:30,container_label,sam2-amg[facebook/sam2.1-hiera-tiny]/prototype-labelled-region,sam2-amg[facebook/sam2.1-hiera-tiny],0.8813971694217264,0.6078809381504059,1.0,0.8813971694217264,0.568227918194838,False,0.568227918194838,1.0,visual candidate from stored precursor score and appearance utility; prototype label leaves score unchanged,0.8813971694217264,0.0,original matched/generic visual candidate; downstream transformations applied,0.6078809381504059,0.0,False,False,False,,
carton__04,9,root:2/visual-region:03,container_label,sam2-amg[facebook/sam2.1-hiera-tiny]/point-grid,sam2-amg[facebook/sam2.1-hiera-tiny],0.7489509906690629,0.68,1.0,0.7489509906690629,0.5861076705102296,False,0.5861076705102296,1.0,visual candidate from stored precursor score and appearance utility,0.7489509906690629,0.0,original matched/generic visual candidate; downstream transformations applied,0.68,0.0,False,False,False,,
carton__04,10,root:2/visual-region:25,container_label,sam2-amg[facebook/sam2.1-hiera-tiny]/point-grid/semantic-rerank,sam2-amg[facebook/sam2.1-hiera-tiny],0.5391098303977993,0.66,1.0,0.5391098303977993,0.49269686843440114,False,0.49269686843440114,1.0,visual candidate from stored precursor score and appearance utility; semantic rerank,0.5391098303977993,0.0,original matched/generic visual candidate; downstream transformations applied,0.66,0.0,True,False,False,,
carton__04,11,root:2/visual-region:05,container_inner,sam2-amg[facebook/sam2.1-hiera-tiny]/prototype-labelled-region,sam2-amg[facebook/sam2.1-hiera-tiny],0.8697784465586682,0.5998398851242066,1.0,0.8697784465586682,0.5568782402128873,False,0.5568782402128873,1.0,visual candidate from stored precursor score and appearance utility; prototype label leaves score unchanged,0.8697784465586682,0.0,original matched/generic visual candidate; downstream transformations applied,0.5998398851242066,0.0,False,False,False,,
carton__04,12,root:2/visual-region:14,container_visual_panel_02,sam2-amg[facebook/sam2.1-hiera-tiny]/point-grid,sam2-amg[facebook/sam2.1-hiera-tiny],0.7113158234573992,0.62,1.0,0.7113158234573992,0.5215586957989732,False,0.5215586957989732,,visual candidate from stored precursor score and appearance utility,0.7113158234573992,0.0,original matched/generic visual candidate; downstream transformations applied,0.62,0.0,False,False,False,,
carton__04,13,root:2/visual-region:17,container_visual_panel_05,sam2-amg[facebook/sam2.1-hiera-tiny]/point-grid,sam2-amg[facebook/sam2.1-hiera-tiny],0.8992049960814963,0.62,1.0,0.8992049960814963,0.5856289036637903,False,0.5856289036637903,,visual candidate from stored precursor score and appearance utility,0.8992049960814963,0.0,original matched/generic visual candidate; downstream transformations applied,0.62,0.0,False,False,False,,
carton__04,14,root:2/visual-region:23,container_visual_panel_09,sam2-amg[facebook/sam2.1-hiera-tiny]/point-grid,sam2-amg[facebook/sam2.1-hiera-tiny],0.8493017150195088,0.62,1.0,0.8493017150195088,0.5686118848216525,False,0.5686118848216525,,visual candidate from stored precursor score and appearance utility,0.8493017150195088,0.0,original matched/generic visual candidate; downstream transformations applied,0.62,0.0,False,False,False,,
carton__04,15,root:2/visual-region:28,container_visual_panel_12,sam2-amg[facebook/sam2.1-hiera-tiny]/point-grid,sam2-amg[facebook/sam2.1-hiera-tiny],0.8769209779411216,0.62,1.0,0.8769209779411216,0.5780300534779225,False,0.5780300534779225,,visual candidate from stored precursor score and appearance utility,0.8769209779411216,0.0,original matched/generic visual candidate; downstream transformations applied,0.62,0.0,False,False,False,,
carton__04,16,root:2/visual-region:31,container_shoulder,sam2-amg[facebook/sam2.1-hiera-tiny]/point-grid/semantic-rerank,sam2-amg[facebook/sam2.1-hiera-tiny],0.5571177759420177,0.66,1.0,0.5571177759420177,0.49923375266695247,False,0.49923375266695247,1.0,visual candidate from stored precursor score and appearance utility; semantic rerank,0.5571177759420177,0.0,original matched/generic visual candidate; downstream transformations applied,0.66,0.0,True,False,False,,
carton__04,17,root:2/visual-region:32,container_visual_panel_14,sam2-amg[facebook/sam2.1-hiera-tiny]/point-grid,sam2-amg[facebook/sam2.1-hiera-tiny],0.7576446467555364,0.62,1.0,0.7576446467555364,0.537356824543638,False,0.537356824543638,,visual candidate from stored precursor score and appearance utility,0.7576446467555364,0.0,original matched/generic visual candidate; downstream transformations applied,0.62,0.0,False,False,False,,
crate__01,1,root:1,container,grounded-sam2[IDEA-Research/grounding-dino-tiny|facebook/sam2.1-hiera-tiny]/root,grounded-sam2[IDEA-Research/grounding-dino|facebook/sam2.1-hiera-tiny],0.6279512047767639,0.96640625,1.0,0.6279512047767639,0.7686535954452121,False,0.7686535954452121,,Stored score; precursor logits not archived in candidates.json,,,root quality rule; later root-routing maxima can retain different precursor metadata,0.96640625,0.0,False,False,False,isolated_profile_consensus,Final r may inherit another root via max; a simple single-q discrepancy is not evidence of incorrect frozen r
crate__01,2,root:1/visual-region:02,container_lid,sam2-amg[facebook/sam2.1-hiera-tiny]/point-grid/semantic-rerank,sam2-amg[facebook/sam2.1-hiera-tiny],0.5977063549696379,0.66,1.0,0.5977063549696379,0.5139674068539786,False,0.5139674068539786,1.0,visual candidate from stored precursor score and appearance utility; semantic rerank,0.5977063549696379,0.0,original matched/generic visual candidate; downstream transformations applied,0.66,0.0,True,False,False,,
crate__01,3,root:1/visual-region:03,container_handle,sam2-amg[facebook/sam2.1-hiera-tiny]/prototype-labelled-region,sam2-amg[facebook/sam2.1-hiera-tiny],0.6933071999162997,0.6093081435594558,1.0,0.6933071999162997,0.506529412195328,False,0.506529412195328,1.0,visual candidate from stored precursor score and appearance utility; prototype label leaves score unchanged,0.6933071999162997,0.0,original matched/generic visual candidate; downstream transformations applied,0.6093081435594558,0.0,False,False,False,,
crate__01,4,root:1/visual-region:04,container_visual_strip_01,sam2-amg[facebook/sam2.1-hiera-tiny]/point-grid,sam2-amg[facebook/sam2.1-hiera-tiny],0.6632356179909198,0.62,1.0,0.6632356179909198,0.5051633457349036,False,0.5051633457349036,,visual candidate from stored precursor score and appearance utility,0.6632356179909198,0.0,original matched/generic visual candidate; downstream transformations applied,0.62,0.0,False,False,False,,
crate__01,5,root:1/visual-region:06,container_side,sam2-amg[facebook/sam2.1-hiera-tiny]/prototype-labelled-region,sam2-amg[facebook/sam2.1-hiera-tiny],0.6150734286391046,0.6092759237232208,1.0,0.6150734286391046,0.48028635294088384,False,0.48028635294088384,1.0,visual candidate from stored precursor score and appearance utility; prototype label leaves score unchanged,0.6150734286391046,0.0,original matched/generic visual candidate; downstream transformations applied,0.6092759237232208,0.0,False,False,False,,
crate__01,6,root:1/visual-region:09,container_shoulder,sam2-amg[facebook/sam2.1-hiera-tiny]/point-grid/semantic-rerank,sam2-amg[facebook/sam2.1-hiera-tiny],0.5396081300800607,0.66,1.0,0.5396081300800607,0.49287775121906213,False,0.49287775121906213,1.0,visual candidate from stored precursor score and appearance utility; semantic rerank,0.5396081300800607,0.0,original matched/generic visual candidate; downstream transformations applied,0.66,0.0,True,False,False,,
crate__02,1,root:1,container,grounded-sam2[IDEA-Research/grounding-dino-tiny|facebook/sam2.1-hiera-tiny]/root,grounded-sam2[IDEA-Research/grounding-dino|facebook/sam2.1-hiera-tiny],0.8470844030380249,0.9650390625,1.0,0.8470844030380249,0.8838758241164033,False,0.8838758241164033,,Stored score; precursor logits not archived in candidates.json,,,root quality rule; later root-routing maxima can retain different precursor metadata,0.9650390625,0.0,False,False,False,lightweight_profile_text_router,
crate__02,2,root:1/profile-refine:IDEA-Research_grounding-dino-tiny:container_side:01,container_side,grounded-sam2[IDEA-Research/grounding-dino-tiny|facebook/sam2.1-hiera-tiny]/profile-refine,grounded-sam2[IDEA-Research/grounding-dino|facebook/sam2.1-hiera-tiny]/profile-refine,0.3744474947452545,0.8090371093750001,1.0,0.3744474947452545,0.5306847545375263,False,0.5306847545375263,1.0,Stored score; precursor logits not archived in candidates.json,,,profile priority + SAM quality,0.8090371093750001,0.0,False,False,False,,
crate__02,3,root:1/profile-refine:IDEA-Research_grounding-dino-tiny:container_label:01,container_label,grounded-sam2[IDEA-Research/grounding-dino-tiny|facebook/sam2.1-hiera-tiny]/profile-refine,grounded-sam2[IDEA-Research/grounding-dino|facebook/sam2.1-hiera-tiny]/profile-refine,0.2812081575393677,0.8090371093750001,1.0,0.2812081575393677,0.4891960084183258,False,0.4891960084183258,1.0,Stored score; precursor logits not archived in candidates.json,,,profile priority + SAM quality,0.8090371093750001,0.0,False,False,False,,
crate__02,4,root:1/profile-refine:IDEA-Research_grounding-dino-tiny:container_label:02,container_label,grounded-sam2[IDEA-Research/grounding-dino-tiny|facebook/sam2.1-hiera-tiny]/profile-refine,grounded-sam2[IDEA-Research/grounding-dino|facebook/sam2.1-hiera-tiny]/profile-refine,0.24544657766819,0.8552500000000001,1.0,0.24544657766819,0.5003175020528958,False,0.5003175020528958,1.0,Stored score; precursor logits not archived in candidates.json,,,profile priority + SAM quality,0.8552500000000001,0.0,False,False,False,,
crate__02,5,root:1/profile-refine:IDEA-Research_grounding-dino-tiny:container_lid:01,container_lid,grounded-sam2[IDEA-Research/grounding-dino-tiny|facebook/sam2.1-hiera-tiny]/profile-refine,grounded-sam2[IDEA-Research/grounding-dino|facebook/sam2.1-hiera-tiny]/profile-refine,0.24508501589298248,0.842294921875,1.0,0.24508501589298248,0.49257134021662213,False,0.49257134021662213,1.0,Stored score; precursor logits not archived in candidates.json,,,profile priority + SAM quality,0.842294921875,0.0,False,False,False,,
crate__02,6,root:1/visual-region:03,container_base,sam2-amg[facebook/sam2.1-hiera-tiny]/point-grid/semantic-rerank,sam2-amg[facebook/sam2.1-hiera-tiny],0.5514960937011085,0.66,1.0,0.5514960937011085,0.49719308201350243,False,0.49719308201350243,1.0,visual candidate from stored precursor score and appearance utility; semantic rerank,0.5514960937011085,0.0,original matched/generic visual candidate; downstream transformations applied,0.66,0.0,True,False,False,,
crate__02,7,root:1/visual-region:09,container_visual_panel_02,sam2-amg[facebook/sam2.1-hiera-tiny]/point-grid,sam2-amg[facebook/sam2.1-hiera-tiny],0.7179247298213695,0.62,1.0,0.7179247298213695,0.523812332869087,False,0.523812332869087,,visual candidate from stored precursor score and appearance utility,0.7179247298213695,0.0,original matched/generic visual candidate; downstream transformations applied,0.62,0.0,False,False,False,,
crate__02,8,root:1/visual-region:10,container_visual_panel_03,sam2-amg[facebook/sam2.1-hiera-tiny]/point-grid,sam2-amg[facebook/sam2.1-hiera-tiny],0.6488363446259507,0.62,1.0,0.6488363446259507,0.5002531935174492,False,0.5002531935174492,,visual candidate from stored precursor score and appearance utility,0.6488363446259507,0.0,original matched/generic visual candidate; downstream transformations applied,0.62,0.0,False,False,False,,
crate__02,9,root:1/visual-region:11,container_handle,sam2-amg[facebook/sam2.1-hiera-tiny]/prototype-labelled-region,sam2-amg[facebook/sam2.1-hiera-tiny],0.6229053164839159,0.6095488895235062,1.0,0.6229053164839159,0.48312718445316033,False,0.48312718445316033,1.0,visual candidate from stored precursor score and appearance utility; prototype label leaves score unchanged,0.6229053164839159,0.0,original matched/generic visual candidate; downstream transformations applied,0.6095488895235062,0.0,False,False,False,,
crate__02,10,root:1/visual-region:12,container_inner_wall,sam2-amg[facebook/sam2.1-hiera-tiny]/point-grid/semantic-rerank,sam2-amg[facebook/sam2.1-hiera-tiny],0.5641928477255131,0.66,1.0,0.5641928477255131,0.5018020037243612,False,0.5018020037243612,1.0,visual candidate from stored precursor score and appearance utility; semantic rerank,0.5641928477255131,0.0,original matched/generic visual candidate; downstream transformations applied,0.66,0.0,True,False,False,,
crate__02,11,root:1/visual-region:17,container_shoulder,sam2-amg[facebook/sam2.1-hiera-tiny]/point-grid/semantic-rerank,sam2-amg[facebook/sam2.1-hiera-tiny],0.5370154031961508,0.66,1.0,0.5370154031961508,0.4919365913602028,False,0.4919365913602028,1.0,visual candidate from stored precursor score and appearance utility; semantic rerank,0.5370154031961508,0.0,original matched/generic visual candidate; downstream transformations applied,0.66,0.0,True,False,False,,
crate__02,12,root:1/visual-region:19,container_side,sam2-amg[facebook/sam2.1-hiera-tiny]/prototype-labelled-region,sam2-amg[facebook/sam2.1-hiera-tiny],0.8109489707023256,0.6060625042009354,1.0,0.8109489707023256,0.5430452970700833,False,0.5430452970700833,1.0,visual candidate from stored precursor score and appearance utility; prototype label leaves score unchanged,0.8109489707023256,0.0,original matched/generic visual candidate; downstream transformations applied,0.6060625042009354,0.0,False,False,False,,
crate__03,1,root:1,container,grounded-sam2[IDEA-Research/grounding-dino-tiny|facebook/sam2.1-hiera-tiny]/root,grounded-sam2[IDEA-Research/grounding-dino|facebook/sam2.1-hiera-tiny],0.723700225353241,0.9662109375000001,1.0,0.723700225353241,0.819380812139134,False,0.819380812139134,,Stored score; precursor logits not archived in candidates.json,,,root quality rule; later root-routing maxima can retain different precursor metadata,0.9662109375000001,0.0,False,False,False,specific_root_label,
crate__03,2,root:1/profile-refine:IDEA-Research_grounding-dino-tiny:container_inner_wall:01,container_inner_wall,grounded-sam2[IDEA-Research/grounding-dino-tiny|facebook/sam2.1-hiera-tiny]/profile-refine,grounded-sam2[IDEA-Research/grounding-dino|facebook/sam2.1-hiera-tiny]/profile-refine,0.24944725632667542,0.8047832031250001,1.0,0.24944725632667542,0.47256547048277875,False,0.47256547048277875,1.0,Stored score; precursor logits not archived in candidates.json,,,profile priority + SAM quality,0.8047832031250001,0.0,False,False,False,,
crate__03,3,root:1/visual-region:24,container_handle,sam2-amg[facebook/sam2.1-hiera-tiny]/prototype-labelled-region,sam2-amg[facebook/sam2.1-hiera-tiny],0.8957094037188704,0.6065856285505296,1.0,0.8957094037188704,0.5717919812571254,False,0.5717919812571254,1.0,visual candidate from stored precursor score and appearance utility; prototype label leaves score unchanged,0.8957094037188704,0.0,original matched/generic visual candidate; downstream transformations applied,0.6065856285505296,0.0,False,False,False,,
crate__03,4,root:1/visual-region:07,container_handle,sam2-amg[facebook/sam2.1-hiera-tiny]/point-grid/semantic-rerank,sam2-amg[facebook/sam2.1-hiera-tiny],0.585020125810756,0.66,1.0,0.585020125810756,0.5093623056693044,False,0.5093623056693044,1.0,visual candidate from stored precursor score and appearance utility; semantic rerank,0.585020125810756,0.0,original matched/generic visual candidate; downstream transformations applied,0.66,0.0,True,False,False,,
crate__03,5,root:1/visual-region:01,container_handle,sam2-amg[facebook/sam2.1-hiera-tiny]/point-grid/semantic-rerank,sam2-amg[facebook/sam2.1-hiera-tiny],0.554952532753539,0.66,1.0,0.554952532753539,0.4984477693895347,False,0.4984477693895347,1.0,visual candidate from stored precursor score and appearance utility; semantic rerank,0.554952532753539,0.0,original matched/generic visual candidate; downstream transformations applied,0.66,0.0,True,False,False,,
crate__03,6,root:1/visual-region:05,container_handle,sam2-amg[facebook/sam2.1-hiera-tiny]/point-grid/semantic-rerank,sam2-amg[facebook/sam2.1-hiera-tiny],0.5380144484425755,0.66,1.0,0.5380144484425755,0.49229924478465503,False,0.49229924478465503,1.0,visual candidate from stored precursor score and appearance utility; semantic rerank,0.5380144484425755,0.0,original matched/generic visual candidate; downstream transformations applied,0.66,0.0,True,False,False,,
crate__03,7,root:1/visual-region:02,container_outer_side,sam2-amg[facebook/sam2.1-hiera-tiny]/prototype-labelled-region,sam2-amg[facebook/sam2.1-hiera-tiny],0.7046431944607191,0.6114208166666031,1.0,0.7046431944607191,0.5120978020786267,False,0.5120978020786267,1.0,visual candidate from stored precursor score and appearance utility; prototype label leaves score unchanged,0.7046431944607191,0.0,original matched/generic visual candidate; downstream transformations applied,0.6114208166666031,0.0,False,False,False,,
crate__03,8,root:1/visual-region:03,container_visual_panel_01,sam2-amg[facebook/sam2.1-hiera-tiny]/point-grid,sam2-amg[facebook/sam2.1-hiera-tiny],0.8486053230450048,0.62,1.0,0.8486053230450048,0.5683744151583466,False,0.5683744151583466,,visual candidate from stored precursor score and appearance utility,0.8486053230450048,0.0,original matched/generic visual candidate; downstream transformations applied,0.62,0.0,False,False,False,,
crate__03,9,root:1/visual-region:04,container_lid,sam2-amg[facebook/sam2.1-hiera-tiny]/point-grid/semantic-rerank,sam2-amg[facebook/sam2.1-hiera-tiny],0.5708566110229573,0.66,1.0,0.5708566110229573,0.5042209498013335,False,0.5042209498013335,1.0,visual candidate from stored precursor score and appearance utility; semantic rerank,0.5708566110229573,0.0,original matched/generic visual candidate; downstream transformations applied,0.66,0.0,True,False,False,,
crate__03,10,root:1/visual-region:08,container_lid,sam2-amg[facebook/sam2.1-hiera-tiny]/point-grid/semantic-rerank,sam2-amg[facebook/sam2.1-hiera-tiny],0.5507668833458755,0.66,1.0,0.5507668833458755,0.4969283786545528,False,0.4969283786545528,1.0,visual candidate from stored precursor score and appearance utility; semantic rerank,0.5507668833458755,0.0,original matched/generic visual candidate; downstream transformations applied,0.66,0.0,True,False,False,,
crate__03,11,root:1/visual-region:11,container_base,sam2-amg[facebook/sam2.1-hiera-tiny]/point-grid/semantic-rerank,sam2-amg[facebook/sam2.1-hiera-tiny],0.5996826456045786,0.66,1.0,0.5996826456045786,0.5146848003544621,False,0.5146848003544621,1.0,visual candidate from stored precursor score and appearance utility; semantic rerank,0.5996826456045786,0.0,original matched/generic visual candidate; downstream transformations applied,0.66,0.0,True,False,False,,
crate__03,12,root:1/visual-region:13,container_rim,sam2-amg[facebook/sam2.1-hiera-tiny]/point-grid/semantic-rerank,sam2-amg[facebook/sam2.1-hiera-tiny],0.565055841439366,0.66,1.0,0.565055841439366,0.5021152704424899,False,0.5021152704424899,1.0,visual candidate from stored precursor score and appearance utility; semantic rerank,0.565055841439366,0.0,original matched/generic visual candidate; downstream transformations applied,0.66,0.0,True,False,False,,
crate__03,13,root:1/visual-region:14,container_visual_panel_06,sam2-amg[facebook/sam2.1-hiera-tiny]/point-grid,sam2-amg[facebook/sam2.1-hiera-tiny],0.8888832937342844,0.62,1.0,0.8888832937342844,0.5821092031633911,False,0.5821092031633911,,visual candidate from stored precursor score and appearance utility,0.8888832937342844,0.0,original matched/generic visual candidate; downstream transformations applied,0.62,0.0,False,False,False,,
crate__03,14,root:1/visual-region:19,container_visual_strip_03,sam2-amg[facebook/sam2.1-hiera-tiny]/point-grid,sam2-amg[facebook/sam2.1-hiera-tiny],0.6851480704591322,0.62,1.0,0.6851480704591322,0.5126354920265641,False,0.5126354920265641,,visual candidate from stored precursor score and appearance utility,0.6851480704591322,0.0,original matched/generic visual candidate; downstream transformations applied,0.62,0.0,False,False,False,,
crate__03,15,root:1/visual-region:26,container_visual_panel_11,sam2-amg[facebook/sam2.1-hiera-tiny]/point-grid,sam2-amg[facebook/sam2.1-hiera-tiny],0.8638599836478832,0.62,1.0,0.8638599836478832,0.5735762544239282,False,0.5735762544239282,,visual candidate from stored precursor score and appearance utility,0.8638599836478832,0.0,original matched/generic visual candidate; downstream transformations applied,0.62,0.0,False,False,False,,
crate__03,16,root:1/visual-region:32,container_label,sam2-amg[facebook/sam2.1-hiera-tiny]/point-grid/semantic-rerank,sam2-amg[facebook/sam2.1-hiera-tiny],0.5148133882797452,0.66,1.0,0.5148133882797452,0.48387725994554753,False,0.48387725994554753,1.0,visual candidate from stored precursor score and appearance utility; semantic rerank,0.5148133882797452,0.0,original matched/generic visual candidate; downstream transformations applied,0.66,0.0,True,False,False,,
crate__04,1,root:7,container,grounded-sam2[IDEA-Research/grounding-dino-tiny|facebook/sam2.1-hiera-tiny]/root,grounded-sam2[IDEA-Research/grounding-dino|facebook/sam2.1-hiera-tiny],0.3354596793651581,0.9908203125,1.0,0.3354596793651581,0.6286782860118547,False,0.6286782860118547,,Stored score; precursor logits not archived in candidates.json,,,root quality rule; later root-routing maxima can retain different precursor metadata,0.9908203125,0.0,False,False,False,specific_root_label,
crate__04,2,root:7/profile-refine:IDEA-Research_grounding-dino-tiny:container_label:01,container_label,grounded-sam2[IDEA-Research/grounding-dino-tiny|facebook/sam2.1-hiera-tiny]/profile-refine,grounded-sam2[IDEA-Research/grounding-dino|facebook/sam2.1-hiera-tiny]/profile-refine,0.4076280891895294,0.8332070312500001,1.0,0.4076280891895294,0.561744388588745,False,0.561744388588745,1.0,Stored score; precursor logits not archived in candidates.json,,,profile priority + SAM quality,0.8332070312500001,0.0,False,False,False,,
crate__04,3,root:7/profile-refine:IDEA-Research_grounding-dino-tiny:container_label:03,container_label,grounded-sam2[IDEA-Research/grounding-dino-tiny|facebook/sam2.1-hiera-tiny]/profile-refine,grounded-sam2[IDEA-Research/grounding-dino|facebook/sam2.1-hiera-tiny]/profile-refine,0.2689414322376251,0.856796875,1.0,0.2689414322376251,0.5122940920345718,False,0.5122940920345718,1.0,Stored score; precursor logits not archived in candidates.json,,,profile priority + SAM quality,0.856796875,0.0,False,False,False,,
crate__04,4,root:7/profile-refine:IDEA-Research_grounding-dino-tiny:container_side:02,container_side,grounded-sam2[IDEA-Research/grounding-dino-tiny|facebook/sam2.1-hiera-tiny]/profile-refine,grounded-sam2[IDEA-Research/grounding-dino|facebook/sam2.1-hiera-tiny]/profile-refine,0.2916865348815918,0.87033203125,1.0,0.2916865348815918,0.5312746879779735,False,0.5312746879779735,1.0,Stored score; precursor logits not archived in candidates.json,,,profile priority + SAM quality,0.87033203125,0.0,False,False,False,,
crate__04,5,root:7/profile-refine:IDEA-Research_grounding-dino-tiny:container_side:03,container_side,grounded-sam2[IDEA-Research/grounding-dino-tiny|facebook/sam2.1-hiera-tiny]/profile-refine,grounded-sam2[IDEA-Research/grounding-dino|facebook/sam2.1-hiera-tiny]/profile-refine,0.2709622383117676,0.863564453125,1.0,0.2709622383117676,0.5173003503361251,False,0.5173003503361251,1.0,Stored score; precursor logits not archived in candidates.json,,,profile priority + SAM quality,0.863564453125,0.0,False,False,False,,
crate__04,6,root:7/profile-refine:IDEA-Research_grounding-dino-tiny:container_bottom:01,container_bottom,grounded-sam2[IDEA-Research/grounding-dino-tiny|facebook/sam2.1-hiera-tiny]/profile-refine,grounded-sam2[IDEA-Research/grounding-dino|facebook/sam2.1-hiera-tiny]/profile-refine,0.2836821675300598,0.8569902343750001,1.0,0.2836821675300598,0.5193576714505268,False,0.5193576714505268,1.0,Stored score; precursor logits not archived in candidates.json,,,profile priority + SAM quality,0.8569902343750001,0.0,False,False,False,,
crate__04,7,root:7/profile-refine:IDEA-Research_grounding-dino-tiny:container_base:02,container_base,grounded-sam2[IDEA-Research/grounding-dino-tiny|facebook/sam2.1-hiera-tiny]/profile-refine,grounded-sam2[IDEA-Research/grounding-dino|facebook/sam2.1-hiera-tiny]/profile-refine,0.24256430566310883,0.8608574218750001,1.0,0.24256430566310883,0.5022331453903739,False,0.5022331453903739,1.0,Stored score; precursor logits not archived in candidates.json,,,profile priority + SAM quality,0.8608574218750001,0.0,False,False,False,,
crate__04,8,root:7/visual-region:01,container_handle,sam2-amg[facebook/sam2.1-hiera-tiny]/prototype-labelled-region,sam2-amg[facebook/sam2.1-hiera-tiny],0.7650056647399228,0.6131219493532181,1.0,0.7650056647399228,0.533877847646326,False,0.533877847646326,1.0,visual candidate from stored precursor score and appearance utility; prototype label leaves score unchanged,0.7650056647399228,0.0,original matched/generic visual candidate; downstream transformations applied,0.6131219493532181,0.0,False,False,False,,
crate__04,9,root:7/visual-region:05,container_visual_strip_02,sam2-amg[facebook/sam2.1-hiera-tiny]/point-grid,sam2-amg[facebook/sam2.1-hiera-tiny],0.8492376961988063,0.62,1.0,0.8492376961988063,0.568590054403793,False,0.568590054403793,,visual candidate from stored precursor score and appearance utility,0.8492376961988063,0.0,original matched/generic visual candidate; downstream transformations applied,0.62,0.0,False,False,False,,
crate__04,10,root:7/visual-region:06,container_lid,sam2-amg[facebook/sam2.1-hiera-tiny]/point-grid/semantic-rerank,sam2-amg[facebook/sam2.1-hiera-tiny],0.6344043456336126,0.66,1.0,0.6344043456336126,0.5272887774650015,False,0.5272887774650015,1.0,visual candidate from stored precursor score and appearance utility; semantic rerank,0.6344043456336126,0.0,original matched/generic visual candidate; downstream transformations applied,0.66,0.0,True,False,False,,
crate__04,11,root:7/visual-region:08,container_visual_strip_05,sam2-amg[facebook/sam2.1-hiera-tiny]/point-grid,sam2-amg[facebook/sam2.1-hiera-tiny],0.723081166202376,0.62,1.0,0.723081166202376,0.5255706776750102,False,0.5255706776750102,,visual candidate from stored precursor score and appearance utility,0.723081166202376,0.0,original matched/generic visual candidate; downstream transformations applied,0.62,0.0,False,False,False,,
crate__04,12,root:7/visual-region:13,container_visual_panel_02,sam2-amg[facebook/sam2.1-hiera-tiny]/point-grid,sam2-amg[facebook/sam2.1-hiera-tiny],0.7023487769578312,0.62,1.0,0.7023487769578312,0.5185009329426205,False,0.5185009329426205,,visual candidate from stored precursor score and appearance utility,0.7023487769578312,0.0,original matched/generic visual candidate; downstream transformations applied,0.62,0.0,False,False,False,,
crate__04,13,root:7/visual-region:15,container_label,sam2-amg[facebook/sam2.1-hiera-tiny]/point-grid,sam2-amg[facebook/sam2.1-hiera-tiny],0.6856934404621715,0.68,1.0,0.6856934404621715,0.5624493467328522,False,0.5624493467328522,1.0,visual candidate from stored precursor score and appearance utility,0.6856934404621715,0.0,original matched/generic visual candidate; downstream transformations applied,0.68,0.0,False,False,False,,
crate__04,14,root:7/visual-region:16,container_shoulder,sam2-amg[facebook/sam2.1-hiera-tiny]/point-grid/semantic-rerank,sam2-amg[facebook/sam2.1-hiera-tiny],0.5392637873036904,0.66,1.0,0.5392637873036904,0.4927527547912397,False,0.4927527547912397,1.0,visual candidate from stored precursor score and appearance utility; semantic rerank,0.5392637873036904,0.0,original matched/generic visual candidate; downstream transformations applied,0.66,0.0,True,False,False,,
basket__01,1,root:1,container,grounded-sam2[IDEA-Research/grounding-dino-tiny|facebook/sam2.1-hiera-tiny]/root,grounded-sam2[IDEA-Research/grounding-dino|facebook/sam2.1-hiera-tiny],0.6347697377204895,0.9861328125000001,1.0,0.6347697377204895,0.7880417623365066,False,0.7880417623365066,,Stored score; precursor logits not archived in candidates.json,,,root quality rule; later root-routing maxima can retain different precursor metadata,0.9861328125000001,0.0,False,False,False,specific_root_label,
basket__01,2,root:1/visual-region:01,container_handle,sam2-amg[facebook/sam2.1-hiera-tiny]/prototype-labelled-region,sam2-amg[facebook/sam2.1-hiera-tiny],0.734154302129301,0.5942809070110321,1.0,0.734154302129301,0.5073880446604633,False,0.5073880446604633,1.0,visual candidate from stored precursor score and appearance utility; prototype label leaves score unchanged,0.734154302129301,0.0,original matched/generic visual candidate; downstream transformations applied,0.5942809070110321,0.0,False,False,False,,
basket__01,3,root:1/visual-region:03,container_outer_side,sam2-amg[facebook/sam2.1-hiera-tiny]/prototype-labelled-region,sam2-amg[facebook/sam2.1-hiera-tiny],0.7454132291193619,0.6037675597524643,1.0,0.7454132291193619,0.51922638138254,False,0.51922638138254,1.0,visual candidate from stored precursor score and appearance utility; prototype label leaves score unchanged,0.7454132291193619,0.0,original matched/generic visual candidate; downstream transformations applied,0.6037675597524643,0.0,False,False,False,,
basket__02,1,root:1,container,grounded-sam2[IDEA-Research/grounding-dino-tiny|facebook/sam2.1-hiera-tiny]/root,grounded-sam2[IDEA-Research/grounding-dino|facebook/sam2.1-hiera-tiny],0.8254490494728088,0.9876953125000001,1.0,0.8254490494728088,0.8928735769045307,False,0.8928735769045307,,Stored score; precursor logits not archived in candidates.json,,,root quality rule; later root-routing maxima can retain different precursor metadata,0.9852539062500001,0.00244140625,False,False,False,isolated_profile_consensus,Final r may inherit another root via max; a simple single-q discrepancy is not evidence of incorrect frozen r
basket__02,2,root:1/profile-refine:IDEA-Research_grounding-dino-tiny:container_side:01,container_side,grounded-sam2[IDEA-Research/grounding-dino-tiny|facebook/sam2.1-hiera-tiny]/profile-refine,grounded-sam2[IDEA-Research/grounding-dino|facebook/sam2.1-hiera-tiny]/profile-refine,0.2963487207889557,0.8424882812500001,1.0,0.2963487207889557,0.516438404997968,False,0.516438404997968,1.0,Stored score; precursor logits not archived in candidates.json,,,profile priority + SAM quality,0.8424882812500001,0.0,False,False,False,,
basket__02,3,root:1/profile-refine:IDEA-Research_grounding-dino-tiny:container_label:01,container_label,grounded-sam2[IDEA-Research/grounding-dino-tiny|facebook/sam2.1-hiera-tiny]/profile-refine,grounded-sam2[IDEA-Research/grounding-dino|facebook/sam2.1-hiera-tiny]/profile-refine,0.2929997146129608,0.801689453125,1.0,0.2929997146129608,0.4899523834418651,False,0.4899523834418651,1.0,Stored score; precursor logits not archived in candidates.json,,,profile priority + SAM quality,0.801689453125,0.0,False,False,False,,
basket__02,4,root:1/visual-region:01,container_side,sam2-amg[facebook/sam2.1-hiera-tiny]/prototype-labelled-region,sam2-amg[facebook/sam2.1-hiera-tiny],0.7275124135192867,0.5917270329647064,1.0,0.7275124135192867,0.503045983877336,False,0.503045983877336,1.0,visual candidate from stored precursor score and appearance utility; prototype label leaves score unchanged,0.7275124135192867,0.0,original matched/generic visual candidate; downstream transformations applied,0.5917270329647064,0.0,False,False,False,,
basket__02,5,root:1/visual-region:04,container_handle,sam2-amg[facebook/sam2.1-hiera-tiny]/prototype-labelled-region,sam2-amg[facebook/sam2.1-hiera-tiny],0.7538342186161704,0.6085547843074799,1.0,0.7538342186161704,0.5261618341108246,False,0.5261618341108246,1.0,visual candidate from stored precursor score and appearance utility; prototype label leaves score unchanged,0.7538342186161704,0.0,original matched/generic visual candidate; downstream transformations applied,0.6085547843074799,0.0,False,False,False,,
basket__02,6,root:1/visual-region:15,container_inner_wall,sam2-amg[facebook/sam2.1-hiera-tiny]/point-grid/semantic-rerank,sam2-amg[facebook/sam2.1-hiera-tiny],0.6083308129287679,0.66,1.0,0.6083308129287679,0.5178240850931428,False,0.5178240850931428,1.0,visual candidate from stored precursor score and appearance utility; semantic rerank,0.6083308129287679,0.0,original matched/generic visual candidate; downstream transformations applied,0.66,0.0,True,False,False,,
basket__02,7,root:1/visual-region:05,container_inner_wall,sam2-amg[facebook/sam2.1-hiera-tiny]/point-grid/semantic-rerank,sam2-amg[facebook/sam2.1-hiera-tiny],0.5658365685948069,0.66,1.0,0.5658365685948069,0.5023986743999149,False,0.5023986743999149,1.0,visual candidate from stored precursor score and appearance utility; semantic rerank,0.5658365685948069,0.0,original matched/generic visual candidate; downstream transformations applied,0.66,0.0,True,False,False,,
basket__02,8,root:1/visual-region:16,container_shoulder,sam2-amg[facebook/sam2.1-hiera-tiny]/point-grid/semantic-rerank,sam2-amg[facebook/sam2.1-hiera-tiny],0.5627494127902032,0.66,1.0,0.5627494127902032,0.5012780368428438,False,0.5012780368428438,1.0,visual candidate from stored precursor score and appearance utility; semantic rerank,0.5627494127902032,0.0,original matched/generic visual candidate; downstream transformations applied,0.66,0.0,True,False,False,,
basket__02,9,root:1/visual-region:30,container_base,sam2-amg[facebook/sam2.1-hiera-tiny]/point-grid/semantic-rerank,sam2-amg[facebook/sam2.1-hiera-tiny],0.5575130215246293,0.66,1.0,0.5575130215246293,0.49937722681344043,False,0.49937722681344043,1.0,visual candidate from stored precursor score and appearance utility; semantic rerank,0.5575130215246293,0.0,original matched/generic visual candidate; downstream transformations applied,0.66,0.0,True,False,False,,
basket__03,1,root:1,container,grounded-sam2[IDEA-Research/grounding-dino-tiny|facebook/sam2.1-hiera-tiny]/root,grounded-sam2[IDEA-Research/grounding-dino|facebook/sam2.1-hiera-tiny],0.8485961556434631,0.9974609375000001,1.0,0.8485961556434631,0.9144002562068636,False,0.9144002562068636,,Stored score; precursor logits not archived in candidates.json,,,root quality rule; later root-routing maxima can retain different precursor metadata,0.9974609375000001,0.0,False,False,False,specific_root_label,
basket__03,2,root:1/profile-refine:IDEA-Research_grounding-dino-tiny:container_outer_side:01,container_outer_side,grounded-sam2[IDEA-Research/grounding-dino-tiny|facebook/sam2.1-hiera-tiny]/profile-refine,grounded-sam2[IDEA-Research/grounding-dino|facebook/sam2.1-hiera-tiny]/profile-refine,0.4020985960960388,0.8740058593750001,1.0,0.4020985960960388,0.5865927276876698,False,0.5865927276876698,1.0,Stored score; precursor logits not archived in candidates.json,,,profile priority + SAM quality,0.8740058593750001,0.0,False,False,False,,
basket__03,3,root:1/profile-refine:IDEA-Research_grounding-dino-tiny:container_bottom:01,container_bottom,grounded-sam2[IDEA-Research/grounding-dino-tiny|facebook/sam2.1-hiera-tiny]/profile-refine,grounded-sam2[IDEA-Research/grounding-dino|facebook/sam2.1-hiera-tiny]/profile-refine,0.34897783398628235,0.6858671875,1.0,0.34897783398628235,0.44028407939780734,False,0.44028407939780734,1.0,Stored score; precursor logits not archived in candidates.json,,,profile priority + SAM quality,0.6858671875,0.0,False,False,False,,
basket__03,4,root:1/visual-region:02,container_outer_side,sam2-amg[facebook/sam2.1-hiera-tiny]/point-grid,sam2-amg[facebook/sam2.1-hiera-tiny],0.7914541310111589,0.68,1.0,0.7914541310111589,0.6020038449981736,False,0.6020038449981736,1.0,visual candidate from stored precursor score and appearance utility,0.7914541310111589,0.0,original matched/generic visual candidate; downstream transformations applied,0.68,0.0,False,False,False,,
basket__03,5,root:1/visual-region:01,container_outer_side,sam2-amg[facebook/sam2.1-hiera-tiny]/point-grid,sam2-amg[facebook/sam2.1-hiera-tiny],0.7869343570693152,0.68,1.0,0.7869343570693152,0.600313449543924,False,0.600313449543924,1.0,visual candidate from stored precursor score and appearance utility,0.7869343570693152,0.0,original matched/generic visual candidate; downstream transformations applied,0.68,0.0,False,False,False,,
basket__03,6,root:1/visual-region:03,container_rim,sam2-amg[facebook/sam2.1-hiera-tiny]/point-grid/semantic-rerank,sam2-amg[facebook/sam2.1-hiera-tiny],0.6177149765239985,0.66,1.0,0.6177149765239985,0.5212305364782115,False,0.5212305364782115,1.0,visual candidate from stored precursor score and appearance utility; semantic rerank,0.6177149765239985,0.0,original matched/generic visual candidate; downstream transformations applied,0.66,0.0,True,False,False,,
basket__03,7,root:1/visual-region:04,container_visual_panel_01,sam2-amg[facebook/sam2.1-hiera-tiny]/point-grid,sam2-amg[facebook/sam2.1-hiera-tiny],0.7242579350893185,0.62,1.0,0.7242579350893185,0.5259719558654576,False,0.5259719558654576,,visual candidate from stored precursor score and appearance utility,0.7242579350893185,0.0,original matched/generic visual candidate; downstream transformations applied,0.62,0.0,False,False,False,,
basket__03,8,root:1/visual-region:06,container_handle,sam2-amg[facebook/sam2.1-hiera-tiny]/point-grid/semantic-rerank,sam2-amg[facebook/sam2.1-hiera-tiny],0.5344484514336216,0.66,1.0,0.5344484514336216,0.49100478787040475,False,0.49100478787040475,1.0,visual candidate from stored precursor score and appearance utility; semantic rerank,0.5344484514336216,0.0,original matched/generic visual candidate; downstream transformations applied,0.66,0.0,True,False,False,,
basket__03,9,root:1/visual-region:07,container_handle,sam2-amg[facebook/sam2.1-hiera-tiny]/prototype-labelled-region,sam2-amg[facebook/sam2.1-hiera-tiny],0.7172318899040686,0.6039741107749939,1.0,0.7172318899040686,0.5100425709571003,False,0.5100425709571003,1.0,visual candidate from stored precursor score and appearance utility; prototype label leaves score unchanged,0.7172318899040686,0.0,original matched/generic visual candidate; downstream transformations applied,0.6039741107749939,0.0,False,False,False,,
basket__04,1,root:2,container,grounded-sam2[IDEA-Research/grounding-dino-tiny|facebook/sam2.1-hiera-tiny]/root,grounded-sam2[IDEA-Research/grounding-dino|facebook/sam2.1-hiera-tiny],0.5923129320144653,0.96826171875,1.0,0.5923129320144653,0.751150439112098,False,0.751150439112098,,Stored score; precursor logits not archived in candidates.json,,,root quality rule; later root-routing maxima can retain different precursor metadata,0.96826171875,0.0,False,False,False,lightweight_profile_text_router,
basket__04,2,root:2/visual-region:01,container_inner_wall,sam2-amg[facebook/sam2.1-hiera-tiny]/prototype-labelled-region,sam2-amg[facebook/sam2.1-hiera-tiny],0.6811905277488352,0.607792209897995,1.0,0.6811905277488352,0.5012187573762231,False,0.5012187573762231,1.0,visual candidate from stored precursor score and appearance utility; prototype label leaves score unchanged,0.6811905277488352,0.0,original matched/generic visual candidate; downstream transformations applied,0.607792209897995,0.0,False,False,False,,
basket__04,3,root:2/visual-region:02,container_visual_panel_01,sam2-amg[facebook/sam2.1-hiera-tiny]/point-grid,sam2-amg[facebook/sam2.1-hiera-tiny],0.7175907250123648,0.62,1.0,0.7175907250123648,0.5236984372292164,False,0.5236984372292164,,visual candidate from stored precursor score and appearance utility,0.7175907250123648,0.0,original matched/generic visual candidate; downstream transformations applied,0.62,0.0,False,False,False,,
basket__04,4,root:2/visual-region:07,container_outer_side,sam2-amg[facebook/sam2.1-hiera-tiny]/point-grid/semantic-rerank,sam2-amg[facebook/sam2.1-hiera-tiny],0.5375213888881086,0.66,1.0,0.5375213888881086,0.4921202641663835,False,0.4921202641663835,1.0,visual candidate from stored precursor score and appearance utility; semantic rerank,0.5375213888881086,0.0,original matched/generic visual candidate; downstream transformations applied,0.66,0.0,True,False,False,,
basket__04,5,root:2/visual-region:03,container_outer_side,sam2-amg[facebook/sam2.1-hiera-tiny]/point-grid/semantic-rerank,sam2-amg[facebook/sam2.1-hiera-tiny],0.5294079227571353,0.66,1.0,0.5294079227571353,0.48917507596084014,False,0.48917507596084014,1.0,visual candidate from stored precursor score and appearance utility; semantic rerank,0.5294079227571353,0.0,original matched/generic visual candidate; downstream transformations applied,0.66,0.0,True,False,False,,
basket__04,6,root:2/visual-region:04,container_bottom,sam2-amg[facebook/sam2.1-hiera-tiny]/prototype-labelled-region,sam2-amg[facebook/sam2.1-hiera-tiny],0.7926823397621086,0.6089220367584228,1.0,0.7926823397621086,0.5394898761979967,False,0.5394898761979967,1.0,visual candidate from stored precursor score and appearance utility; prototype label leaves score unchanged,0.7926823397621086,0.0,original matched/generic visual candidate; downstream transformations applied,0.6089220367584228,0.0,False,False,False,,
basket__04,7,root:2/visual-region:05,container_rim,sam2-amg[facebook/sam2.1-hiera-tiny]/point-grid/semantic-rerank,sam2-amg[facebook/sam2.1-hiera-tiny],0.5224762010044799,0.66,1.0,0.5224762010044799,0.4866588609646263,False,0.4866588609646263,1.0,visual candidate from stored precursor score and appearance utility; semantic rerank,0.5224762010044799,0.0,original matched/generic visual candidate; downstream transformations applied,0.66,0.0,True,False,False,,
basket__04,8,root:2/visual-region:11,container_body,sam2-amg[facebook/sam2.1-hiera-tiny]/prototype-labelled-region,sam2-amg[facebook/sam2.1-hiera-tiny],0.7069684230357127,0.598967779496193,1.0,0.7069684230357127,0.5024337193590812,False,0.5024337193590812,1.0,visual candidate from stored precursor score and appearance utility; prototype label leaves score unchanged,0.7069684230357127,0.0,original matched/generic visual candidate; downstream transformations applied,0.598967779496193,0.0,False,False,False,,
bucket__01,1,root:1,container,grounded-sam2[IDEA-Research/grounding-dino-tiny|facebook/sam2.1-hiera-tiny]/root,grounded-sam2[IDEA-Research/grounding-dino|facebook/sam2.1-hiera-tiny],0.5939037203788757,0.9945312500000001,1.0,0.5939037203788757,0.7723997576744296,False,0.7723997576744296,,Stored score; precursor logits not archived in candidates.json,,,root quality rule; later root-routing maxima can retain different precursor metadata,0.9945312500000001,0.0,False,False,False,specific_root_label,
bucket__01,2,root:1/profile-refine:IDEA-Research_grounding-dino-tiny:container_inner_wall:01,container_inner_wall,grounded-sam2[IDEA-Research/grounding-dino-tiny|facebook/sam2.1-hiera-tiny]/profile-refine,grounded-sam2[IDEA-Research/grounding-dino|facebook/sam2.1-hiera-tiny]/profile-refine,0.4049191474914551,0.8049765625,1.0,0.4049191474914551,0.5415121860159562,False,0.5415121860159562,1.0,Stored score; precursor logits not archived in candidates.json,,,profile priority + SAM quality,0.8049765625,0.0,False,False,False,,
bucket__01,3,root:1/profile-refine:IDEA-Research_grounding-dino-tiny:container_inner:02,container_inner,grounded-sam2[IDEA-Research/grounding-dino-tiny|facebook/sam2.1-hiera-tiny]/profile-refine,grounded-sam2[IDEA-Research/grounding-dino|facebook/sam2.1-hiera-tiny]/profile-refine,0.25945019721984863,0.867044921875,1.0,0.25945019721984863,0.5138954516321654,False,0.5138954516321654,1.0,Stored score; precursor logits not archived in candidates.json,,,profile priority + SAM quality,0.867044921875,0.0,False,False,False,,
bucket__01,4,root:1/profile-refine:IDEA-Research_grounding-dino-tiny:container_bottom:01,container_bottom,grounded-sam2[IDEA-Research/grounding-dino-tiny|facebook/sam2.1-hiera-tiny]/profile-refine,grounded-sam2[IDEA-Research/grounding-dino|facebook/sam2.1-hiera-tiny]/profile-refine,0.24148941040039062,0.8047832031250001,1.0,0.24148941040039062,0.4690430830787867,False,0.4690430830787867,1.0,Stored score; precursor logits not archived in candidates.json,,,profile priority + SAM quality,0.8047832031250001,0.0,False,False,False,,
bucket__01,5,root:1/visual-region:01,container_visual_panel_01,sam2-amg[facebook/sam2.1-hiera-tiny]/point-grid,sam2-amg[facebook/sam2.1-hiera-tiny],0.753069985023054,0.62,1.0,0.753069985023054,0.5357968648928615,False,0.5357968648928615,,visual candidate from stored precursor score and appearance utility,0.753069985023054,0.0,original matched/generic visual candidate; downstream transformations applied,0.62,0.0,False,False,False,,
bucket__01,6,root:1/visual-region:02,container_visual_panel_02,sam2-amg[facebook/sam2.1-hiera-tiny]/point-grid,sam2-amg[facebook/sam2.1-hiera-tiny],0.7637902229450406,0.62,1.0,0.7637902229450406,0.5394524660242589,False,0.5394524660242589,,visual candidate from stored precursor score and appearance utility,0.7637902229450406,0.0,original matched/generic visual candidate; downstream transformations applied,0.62,0.0,False,False,False,,
bucket__01,7,root:1/visual-region:03,container_inner_wall,sam2-amg[facebook/sam2.1-hiera-tiny]/point-grid,sam2-amg[facebook/sam2.1-hiera-tiny],0.750969999814207,0.68,1.0,0.750969999814207,0.5868627799305135,False,0.5868627799305135,1.0,visual candidate from stored precursor score and appearance utility,0.750969999814207,0.0,original matched/generic visual candidate; downstream transformations applied,0.68,0.0,False,False,False,,
bucket__01,8,root:1/visual-region:04,container_handle,sam2-amg[facebook/sam2.1-hiera-tiny]/prototype-labelled-region,sam2-amg[facebook/sam2.1-hiera-tiny],0.7236421279660858,0.6082763488893509,1.0,0.7236421279660858,0.5158202723261601,False,0.5158202723261601,1.0,visual candidate from stored precursor score and appearance utility; prototype label leaves score unchanged,0.7236421279660858,0.0,original matched/generic visual candidate; downstream transformations applied,0.6082763488893509,0.0,False,False,False,,
bucket__01,9,root:1/visual-region:07,container_handle,sam2-amg[facebook/sam2.1-hiera-tiny]/prototype-labelled-region,sam2-amg[facebook/sam2.1-hiera-tiny],0.7239986567372781,0.604626804224968,1.0,0.7239986567372781,0.5128440086486621,False,0.5128440086486621,1.0,visual candidate from stored precursor score and appearance utility; prototype label leaves score unchanged,0.7239986567372781,0.0,original matched/generic visual candidate; downstream transformations applied,0.604626804224968,0.0,False,False,False,,
bucket__02,1,root:1,container,grounded-sam2[IDEA-Research/grounding-dino-tiny|facebook/sam2.1-hiera-tiny]/root,grounded-sam2[IDEA-Research/grounding-dino|facebook/sam2.1-hiera-tiny],0.4680611193180084,0.96005859375,1.0,0.4680611193180084,0.679177722188324,False,0.679177722188324,,Stored score; precursor logits not archived in candidates.json,,,root quality rule; later root-routing maxima can retain different precursor metadata,0.96005859375,0.0,False,False,False,specific_root_label,
bucket__03,1,root:1,container,grounded-sam2[IDEA-Research/grounding-dino-tiny|facebook/sam2.1-hiera-tiny]/root,grounded-sam2[IDEA-Research/grounding-dino|facebook/sam2.1-hiera-tiny],0.5278641581535339,0.99189453125,1.0,0.5278641581535339,0.7343246035059565,False,0.7343246035059565,,Stored score; precursor logits not archived in candidates.json,,,root quality rule; later root-routing maxima can retain different precursor metadata,0.99189453125,0.0,False,False,False,specific_root_label,
bucket__03,2,root:1/profile-refine:IDEA-Research_grounding-dino-tiny:container_opening:01,container_opening,grounded-sam2[IDEA-Research/grounding-dino-tiny|facebook/sam2.1-hiera-tiny]/profile-refine,grounded-sam2[IDEA-Research/grounding-dino|facebook/sam2.1-hiera-tiny]/profile-refine,0.3093366026878357,0.815611328125,1.0,0.3093366026878357,0.5057892382019956,False,0.5057892382019956,1.0,Stored score; precursor logits not archived in candidates.json,,,profile priority + SAM quality,0.815611328125,0.0,False,False,False,,
bucket__03,3,root:1/visual-region:02,container_inner,sam2-amg[facebook/sam2.1-hiera-tiny]/prototype-labelled-region,sam2-amg[facebook/sam2.1-hiera-tiny],0.7643125463671381,0.6071939543561935,1.0,0.7643125463671381,0.5284845560262798,False,0.5284845560262798,1.0,visual candidate from stored precursor score and appearance utility; prototype label leaves score unchanged,0.7643125463671381,0.0,original matched/generic visual candidate; downstream transformations applied,0.6071939543561935,0.0,False,False,False,,
bucket__03,4,root:1/visual-region:03,container_outer_side,sam2-amg[facebook/sam2.1-hiera-tiny]/point-grid/semantic-rerank,sam2-amg[facebook/sam2.1-hiera-tiny],0.5099046460688402,0.66,1.0,0.5099046460688402,0.48209538652298906,False,0.48209538652298906,1.0,visual candidate from stored precursor score and appearance utility; semantic rerank,0.5099046460688402,0.0,original matched/generic visual candidate; downstream transformations applied,0.66,0.0,True,False,False,,
bucket__03,5,root:1/visual-region:07,container_handle,sam2-amg[facebook/sam2.1-hiera-tiny]/prototype-labelled-region,sam2-amg[facebook/sam2.1-hiera-tiny],0.8052340657967765,0.6063022129449844,1.0,0.8052340657967765,0.541354353642443,False,0.541354353642443,1.0,visual candidate from stored precursor score and appearance utility; prototype label leaves score unchanged,0.8052340657967765,0.0,original matched/generic visual candidate; downstream transformations applied,0.6063022129449844,0.0,False,False,False,,
bucket__03,6,root:1/visual-region:05,container_handle,sam2-amg[facebook/sam2.1-hiera-tiny]/point-grid/semantic-rerank,sam2-amg[facebook/sam2.1-hiera-tiny],0.5336998626150773,0.66,1.0,0.5336998626150773,0.4907330501292731,False,0.4907330501292731,1.0,visual candidate from stored precursor score and appearance utility; semantic rerank,0.5336998626150773,0.0,original matched/generic visual candidate; downstream transformations applied,0.66,0.0,True,False,False,,
bucket__03,7,root:1/visual-region:09,container_handle,sam2-amg[facebook/sam2.1-hiera-tiny]/point-grid/semantic-rerank,sam2-amg[facebook/sam2.1-hiera-tiny],0.5256825897278754,0.66,1.0,0.5256825897278754,0.4878227800712189,False,0.4878227800712189,1.0,visual candidate from stored precursor score and appearance utility; semantic rerank,0.5256825897278754,0.0,original matched/generic visual candidate; downstream transformations applied,0.66,0.0,True,False,False,,
bucket__03,8,root:1/visual-region:04,container_handle,sam2-amg[facebook/sam2.1-hiera-tiny]/point-grid/semantic-rerank,sam2-amg[facebook/sam2.1-hiera-tiny],0.49693354423148467,0.66,1.0,0.49693354423148467,0.47738687655602896,False,0.47738687655602896,1.0,visual candidate from stored precursor score and appearance utility; semantic rerank,0.49693354423148467,0.0,original matched/generic visual candidate; downstream transformations applied,0.66,0.0,True,False,False,,
bucket__03,9,root:1/visual-region:08,container_opening,sam2-amg[facebook/sam2.1-hiera-tiny]/point-grid,sam2-amg[facebook/sam2.1-hiera-tiny],0.7065313128082714,0.68,1.0,0.7065313128082714,0.5702427109902936,False,0.5702427109902936,1.0,visual candidate from stored precursor score and appearance utility,0.7065313128082714,0.0,original matched/generic visual candidate; downstream transformations applied,0.68,0.0,False,False,False,,
bucket__03,10,root:1/visual-region:10,container_base,sam2-amg[facebook/sam2.1-hiera-tiny]/point-grid/semantic-rerank,sam2-amg[facebook/sam2.1-hiera-tiny],0.4987879752134379,0.66,1.0,0.4987879752134379,0.478060035002478,False,0.478060035002478,1.0,visual candidate from stored precursor score and appearance utility; semantic rerank,0.4987879752134379,0.0,original matched/generic visual candidate; downstream transformations applied,0.66,0.0,True,False,False,,
bucket__04,1,root:1,container,grounded-sam2[IDEA-Research/grounding-dino-tiny|facebook/sam2.1-hiera-tiny]/root,grounded-sam2[IDEA-Research/grounding-dino|facebook/sam2.1-hiera-tiny],0.8632764220237732,0.9911132812500001,1.0,0.8632764220237732,0.916583576554258,False,0.916583576554258,,Stored score; precursor logits not archived in candidates.json,,,root quality rule; later root-routing maxima can retain different precursor metadata,0.9911132812500001,0.0,False,False,False,specific_root_label,
bucket__04,2,root:1/visual-region:01,container_inner,sam2-amg[facebook/sam2.1-hiera-tiny]/prototype-labelled-region,sam2-amg[facebook/sam2.1-hiera-tiny],0.7677044273887805,0.5975492424898148,1.0,0.7677044273887805,0.5212048185936502,False,0.5212048185936502,1.0,visual candidate from stored precursor score and appearance utility; prototype label leaves score unchanged,0.7677044273887805,0.0,original matched/generic visual candidate; downstream transformations applied,0.5975492424898148,0.0,False,False,False,,
bucket__04,3,root:1/visual-region:02,container_handle,sam2-amg[facebook/sam2.1-hiera-tiny]/point-grid/semantic-rerank,sam2-amg[facebook/sam2.1-hiera-tiny],0.5256093935389993,0.66,1.0,0.5256093935389993,0.48779620985465677,False,0.48779620985465677,1.0,visual candidate from stored precursor score and appearance utility; semantic rerank,0.5256093935389993,0.0,original matched/generic visual candidate; downstream transformations applied,0.66,0.0,True,False,False,,
trash_can__01,1,root:1,container,grounded-sam2[IDEA-Research/grounding-dino-tiny|facebook/sam2.1-hiera-tiny]/root,grounded-sam2[IDEA-Research/grounding-dino|facebook/sam2.1-hiera-tiny],0.41211605072021484,0.9714843750000001,1.0,0.41211605072021484,0.657368335928768,False,0.657368335928768,,Stored score; precursor logits not archived in candidates.json,,,root quality rule; later root-routing maxima can retain different precursor metadata,0.9714843750000001,0.0,False,False,False,,
trash_can__01,2,root:1/container_guided_container_label:01,container_label,grounded-sam2[IDEA-Research/grounding-dino-tiny|facebook/sam2.1-hiera-tiny]/retrieved-part,grounded-sam2[IDEA-Research/grounding-dino|facebook/sam2.1-hiera-tiny],0.3185934940815824,0.6689967643326548,1.0,0.3185934940815824,0.41827445312260203,False,0.41827445312260203,1.0,Stored score; precursor logits not archived in candidates.json,,,guided SAM quality times retrieval reliability scale,0.6689967643326548,0.0,False,False,False,,
trash_can__01,3,root:1/container_guided_container_body:01,container_body,grounded-sam2[IDEA-Research/grounding-dino-tiny|facebook/sam2.1-hiera-tiny]/retrieved-part,grounded-sam2[IDEA-Research/grounding-dino|facebook/sam2.1-hiera-tiny],0.25932972855948794,0.7436837071629694,1.0,0.25932972855948794,0.4407302798753138,False,0.4407302798753138,1.0,Stored score; precursor logits not archived in candidates.json,,,guided SAM quality times retrieval reliability scale,0.7436837071629694,0.0,False,False,False,,
trash_can__01,4,root:1/visual-region:01,container_handle,sam2-amg[facebook/sam2.1-hiera-tiny]/point-grid/semantic-rerank,sam2-amg[facebook/sam2.1-hiera-tiny],0.6183007000585283,0.66,1.0,0.6183007000585283,0.5214431541212459,False,0.5214431541212459,1.0,visual candidate from stored precursor score and appearance utility; semantic rerank,0.6183007000585283,0.0,original matched/generic visual candidate; downstream transformations applied,0.66,0.0,True,False,False,,
trash_can__01,5,root:1/visual-region:03,container_handle,sam2-amg[facebook/sam2.1-hiera-tiny]/point-grid/semantic-rerank,sam2-amg[facebook/sam2.1-hiera-tiny],0.5970656066473637,0.66,1.0,0.5970656066473637,0.5137348152129931,False,0.5137348152129931,1.0,visual candidate from stored precursor score and appearance utility; semantic rerank,0.5970656066473637,0.0,original matched/generic visual candidate; downstream transformations applied,0.66,0.0,True,False,False,,
trash_can__01,6,root:1/visual-region:16,container_handle,sam2-amg[facebook/sam2.1-hiera-tiny]/point-grid/semantic-rerank,sam2-amg[facebook/sam2.1-hiera-tiny],0.5493520527398585,0.66,1.0,0.5493520527398585,0.4964147951445687,False,0.4964147951445687,1.0,visual candidate from stored precursor score and appearance utility; semantic rerank,0.5493520527398585,0.0,original matched/generic visual candidate; downstream transformations applied,0.66,0.0,True,False,False,,
trash_can__01,7,root:1/visual-region:05,container_label,sam2-amg[facebook/sam2.1-hiera-tiny]/point-grid,sam2-amg[facebook/sam2.1-hiera-tiny],0.8466570738176051,0.68,1.0,0.8466570738176051,0.6226497456077844,False,0.6226497456077844,1.0,visual candidate from stored precursor score and appearance utility,0.8466570738176051,0.0,original matched/generic visual candidate; downstream transformations applied,0.68,0.0,False,False,False,,
trash_can__01,8,root:1/visual-region:08,container_inner,sam2-amg[facebook/sam2.1-hiera-tiny]/point-grid/semantic-rerank,sam2-amg[facebook/sam2.1-hiera-tiny],0.6345986199779643,0.66,1.0,0.6345986199779643,0.5273592990520011,False,0.5273592990520011,1.0,visual candidate from stored precursor score and appearance utility; semantic rerank,0.6345986199779643,0.0,original matched/generic visual candidate; downstream transformations applied,0.66,0.0,True,False,False,,
trash_can__01,9,root:1/visual-region:12,container_rim,sam2-amg[facebook/sam2.1-hiera-tiny]/point-grid/semantic-rerank,sam2-amg[facebook/sam2.1-hiera-tiny],0.4722343476345096,0.66,1.0,0.4722343476345096,0.468421068191327,False,0.468421068191327,1.0,visual candidate from stored precursor score and appearance utility; semantic rerank,0.4722343476345096,0.0,original matched/generic visual candidate; downstream transformations applied,0.66,0.0,True,False,False,,
trash_can__01,10,root:1/visual-region:09,container_rim,sam2-amg[facebook/sam2.1-hiera-tiny]/point-grid/semantic-rerank,sam2-amg[facebook/sam2.1-hiera-tiny],0.48930071258067587,0.66,1.0,0.48930071258067587,0.4746161586667854,False,0.4746161586667854,1.0,visual candidate from stored precursor score and appearance utility; semantic rerank,0.48930071258067587,0.0,original matched/generic visual candidate; downstream transformations applied,0.66,0.0,True,False,False,,
trash_can__01,11,root:1/visual-region:11,container_visual_panel_07,sam2-amg[facebook/sam2.1-hiera-tiny]/point-grid,sam2-amg[facebook/sam2.1-hiera-tiny],0.7692322206141906,0.62,1.0,0.7692322206141906,0.5413081872294391,False,0.5413081872294391,,visual candidate from stored precursor score and appearance utility,0.7692322206141906,0.0,original matched/generic visual candidate; downstream transformations applied,0.62,0.0,False,False,False,,
trash_can__01,12,root:1/visual-region:17,container_handle,sam2-amg[facebook/sam2.1-hiera-tiny]/prototype-labelled-region,sam2-amg[facebook/sam2.1-hiera-tiny],0.7078431279844688,0.6130303567428589,1.0,0.7078431279844688,0.5145247894307515,False,0.5145247894307515,1.0,visual candidate from stored precursor score and appearance utility; prototype label leaves score unchanged,0.7078431279844688,0.0,original matched/generic visual candidate; downstream transformations applied,0.6130303567428589,0.0,False,False,False,,
trash_can__01,13,root:1/visual-region:18,container_lid,sam2-amg[facebook/sam2.1-hiera-tiny]/point-grid/semantic-rerank,sam2-amg[facebook/sam2.1-hiera-tiny],0.6402468165188505,0.66,1.0,0.6402468165188505,0.5294095943963427,False,0.5294095943963427,1.0,visual candidate from stored precursor score and appearance utility; semantic rerank,0.6402468165188505,0.0,original matched/generic visual candidate; downstream transformations applied,0.66,0.0,True,False,False,,
trash_can__01,14,root:1/visual-region:19,container_body,sam2-amg[facebook/sam2.1-hiera-tiny]/point-grid,sam2-amg[facebook/sam2.1-hiera-tiny],0.7508541067427281,0.68,1.0,0.7508541067427281,0.5868194359217804,False,0.5868194359217804,1.0,visual candidate from stored precursor score and appearance utility,0.7508541067427281,0.0,original matched/generic visual candidate; downstream transformations applied,0.68,0.0,False,False,False,,
trash_can__01,15,root:1/visual-region:20,container_handle,sam2-amg[facebook/sam2.1-hiera-tiny]/prototype-labelled-region,sam2-amg[facebook/sam2.1-hiera-tiny],0.6863390892975785,0.6076825880365372,1.0,0.6863390892975785,0.5028491373466877,False,0.5028491373466877,1.0,visual candidate from stored precursor score and appearance utility; prototype label leaves score unchanged,0.6863390892975785,0.0,original matched/generic visual candidate; downstream transformations applied,0.6076825880365372,0.0,False,False,False,,
trash_can__02,1,root:10,container,grounded-sam2[IDEA-Research/grounding-dino-tiny|facebook/sam2.1-hiera-tiny]/root,grounded-sam2[IDEA-Research/grounding-dino|facebook/sam2.1-hiera-tiny],0.3078780174255371,0.9880859375000001,1.0,0.3078780174255371,0.6119541385909543,False,0.6119541385909543,,Stored score; precursor logits not archived in candidates.json,,,root quality rule; later root-routing maxima can retain different precursor metadata,0.9880859375000001,0.0,False,False,False,specific_root_label,
trash_can__02,2,root:10/profile-refine:IDEA-Research_grounding-dino-tiny:container_inner_wall:01,container_inner_wall,grounded-sam2[IDEA-Research/grounding-dino-tiny|facebook/sam2.1-hiera-tiny]/profile-refine,grounded-sam2[IDEA-Research/grounding-dino|facebook/sam2.1-hiera-tiny]/profile-refine,0.28587010502815247,0.870138671875,1.0,0.28587010502815247,0.52837305077863,False,0.52837305077863,1.0,Stored score; precursor logits not archived in candidates.json,,,profile priority + SAM quality,0.870138671875,0.0,False,False,False,,
trash_can__02,3,root:10/visual-region:02,container_handle,sam2-amg[facebook/sam2.1-hiera-tiny]/point-grid/semantic-rerank,sam2-amg[facebook/sam2.1-hiera-tiny],0.5927906200349168,0.66,1.0,0.5927906200349168,0.5121829950726748,False,0.5121829950726748,1.0,visual candidate from stored precursor score and appearance utility; semantic rerank,0.5927906200349168,0.0,original matched/generic visual candidate; downstream transformations applied,0.66,0.0,True,False,False,,
trash_can__02,4,root:10/visual-region:09,container_handle,sam2-amg[facebook/sam2.1-hiera-tiny]/point-grid/semantic-rerank,sam2-amg[facebook/sam2.1-hiera-tiny],0.5753890298619513,0.66,1.0,0.5753890298619513,0.5058662178398884,False,0.5058662178398884,1.0,visual candidate from stored precursor score and appearance utility; semantic rerank,0.5753890298619513,0.0,original matched/generic visual candidate; downstream transformations applied,0.66,0.0,True,False,False,,
trash_can__02,5,root:10/visual-region:05,container_outer_side,sam2-amg[facebook/sam2.1-hiera-tiny]/prototype-labelled-region,sam2-amg[facebook/sam2.1-hiera-tiny],0.8365913584603546,0.6042375894889832,1.0,0.8365913584603546,0.5499318854729117,False,0.5499318854729117,1.0,visual candidate from stored precursor score and appearance utility; prototype label leaves score unchanged,0.8365913584603546,0.0,original matched/generic visual candidate; downstream transformations applied,0.6042375894889832,0.0,False,False,False,,
trash_can__02,6,root:10/visual-region:08,container_handle,sam2-amg[facebook/sam2.1-hiera-tiny]/prototype-labelled-region,sam2-amg[facebook/sam2.1-hiera-tiny],0.7568459985022958,0.6069389004678726,1.0,0.7568459985022958,0.5257701081955136,False,0.5257701081955136,1.0,visual candidate from stored precursor score and appearance utility; prototype label leaves score unchanged,0.7568459985022958,0.0,original matched/generic visual candidate; downstream transformations applied,0.6069389004678726,0.0,False,False,False,,
trash_can__03,1,root:1,container,grounded-sam2[IDEA-Research/grounding-dino-tiny|facebook/sam2.1-hiera-tiny]/root,grounded-sam2[IDEA-Research/grounding-dino|facebook/sam2.1-hiera-tiny],0.7714993357658386,0.9845703125,1.0,0.7714993357658386,0.8608340787846829,False,0.8608340787846829,,Stored score; precursor logits not archived in candidates.json,,,root quality rule; later root-routing maxima can retain different precursor metadata,0.9845703125,0.0,False,False,False,specific_root_label,
trash_can__03,2,root:1/profile-refine:IDEA-Research_grounding-dino-tiny:container_lid:01,container_lid,grounded-sam2[IDEA-Research/grounding-dino-tiny|facebook/sam2.1-hiera-tiny]/profile-refine,grounded-sam2[IDEA-Research/grounding-dino|facebook/sam2.1-hiera-tiny]/profile-refine,0.2798284888267517,0.850416015625,1.0,0.2798284888267517,0.5135710527207762,False,0.5135710527207762,1.0,Stored score; precursor logits not archived in candidates.json,,,profile priority + SAM quality,0.850416015625,0.0,False,False,False,,
trash_can__03,3,root:1/visual-region:20,container_handle,sam2-amg[facebook/sam2.1-hiera-tiny]/point-grid/semantic-rerank,sam2-amg[facebook/sam2.1-hiera-tiny],0.6367960420016805,0.66,1.0,0.6367960420016805,0.5281569632466101,False,0.5281569632466101,1.0,visual candidate from stored precursor score and appearance utility; semantic rerank,0.6367960420016805,0.0,original matched/generic visual candidate; downstream transformations applied,0.66,0.0,True,False,False,,
trash_can__03,4,root:1/visual-region:12,container_handle,sam2-amg[facebook/sam2.1-hiera-tiny]/point-grid/semantic-rerank,sam2-amg[facebook/sam2.1-hiera-tiny],0.6236841085825573,0.66,1.0,0.6236841085825573,0.5233973314154683,False,0.5233973314154683,1.0,visual candidate from stored precursor score and appearance utility; semantic rerank,0.6236841085825573,0.0,original matched/generic visual candidate; downstream transformations applied,0.66,0.0,True,False,False,,
trash_can__03,5,root:1/visual-region:02,container_visual_panel_02,sam2-amg[facebook/sam2.1-hiera-tiny]/point-grid,sam2-amg[facebook/sam2.1-hiera-tiny],0.7608268478177687,0.62,1.0,0.7608268478177687,0.5384419551058591,False,0.5384419551058591,,visual candidate from stored precursor score and appearance utility,0.7608268478177687,0.0,original matched/generic visual candidate; downstream transformations applied,0.62,0.0,False,False,False,,
trash_can__03,6,root:1/visual-region:15,container_outer_side,sam2-amg[facebook/sam2.1-hiera-tiny]/prototype-labelled-region,sam2-amg[facebook/sam2.1-hiera-tiny],0.7529040580861966,0.6085165363025665,1.0,0.7529040580861966,0.5258174546132723,False,0.5258174546132723,1.0,visual candidate from stored precursor score and appearance utility; prototype label leaves score unchanged,0.7529040580861966,0.0,original matched/generic visual candidate; downstream transformations applied,0.6085165363025665,0.0,False,False,False,,
trash_can__03,7,root:1/visual-region:04,container_outer_side,sam2-amg[facebook/sam2.1-hiera-tiny]/point-grid/semantic-rerank,sam2-amg[facebook/sam2.1-hiera-tiny],0.5692501313096091,0.66,1.0,0.5692501313096091,0.5036377976653881,False,0.5036377976653881,1.0,visual candidate from stored precursor score and appearance utility; semantic rerank,0.5692501313096091,0.0,original matched/generic visual candidate; downstream transformations applied,0.66,0.0,True,False,False,,
trash_can__03,8,root:1/visual-region:28,container_rim,sam2-amg[facebook/sam2.1-hiera-tiny]/point-grid/semantic-rerank,sam2-amg[facebook/sam2.1-hiera-tiny],0.6039581473874021,0.66,1.0,0.6039581473874021,0.516236807501627,False,0.516236807501627,1.0,visual candidate from stored precursor score and appearance utility; semantic rerank,0.6039581473874021,0.0,original matched/generic visual candidate; downstream transformations applied,0.66,0.0,True,False,False,,
trash_can__03,9,root:1/visual-region:09,container_rim,sam2-amg[facebook/sam2.1-hiera-tiny]/point-grid/semantic-rerank,sam2-amg[facebook/sam2.1-hiera-tiny],0.5870332806184708,0.66,1.0,0.5870332806184708,0.5100930808645049,False,0.5100930808645049,1.0,visual candidate from stored precursor score and appearance utility; semantic rerank,0.5870332806184708,0.0,original matched/generic visual candidate; downstream transformations applied,0.66,0.0,True,False,False,,
trash_can__03,10,root:1/visual-region:16,container_visual_detail_13,sam2-amg[facebook/sam2.1-hiera-tiny]/point-grid,sam2-amg[facebook/sam2.1-hiera-tiny],0.7310541238016804,0.62,1.0,0.7310541238016804,0.528289456216373,False,0.528289456216373,,visual candidate from stored precursor score and appearance utility,0.7310541238016804,0.0,original matched/generic visual candidate; downstream transformations applied,0.62,0.0,False,False,False,,
trash_can__03,11,root:1/visual-region:31,container_handle,sam2-amg[facebook/sam2.1-hiera-tiny]/prototype-labelled-region,sam2-amg[facebook/sam2.1-hiera-tiny],0.8059717379180751,0.6087339359178543,1.0,0.8059717379180751,0.5437725627068172,False,0.5437725627068172,1.0,visual candidate from stored precursor score and appearance utility; prototype label leaves score unchanged,0.8059717379180751,0.0,original matched/generic visual candidate; downstream transformations applied,0.6087339359178543,0.0,False,False,False,,
trash_can__03,12,root:1/visual-region:27,container_handle,sam2-amg[facebook/sam2.1-hiera-tiny]/prototype-labelled-region,sam2-amg[facebook/sam2.1-hiera-tiny],0.7282581417628413,0.6070755647573471,1.0,0.7282581417628413,0.5163432516257034,False,0.5163432516257034,1.0,visual candidate from stored precursor score and appearance utility; prototype label leaves score unchanged,0.7282581417628413,0.0,original matched/generic visual candidate; downstream transformations applied,0.6070755647573471,0.0,False,False,False,,
trash_can__03,13,root:1/visual-region:32,container_base,sam2-amg[facebook/sam2.1-hiera-tiny]/prototype-labelled-region,sam2-amg[facebook/sam2.1-hiera-tiny],0.7483598356703143,0.607401513212204,1.0,0.7483598356703143,0.5233358740828538,False,0.5233358740828538,1.0,visual candidate from stored precursor score and appearance utility; prototype label leaves score unchanged,0.7483598356703143,0.0,original matched/generic visual candidate; downstream transformations applied,0.607401513212204,0.0,False,False,False,,
trash_can__04,1,root:1,container,grounded-sam2[IDEA-Research/grounding-dino-tiny|facebook/sam2.1-hiera-tiny]/root,grounded-sam2[IDEA-Research/grounding-dino|facebook/sam2.1-hiera-tiny],0.7967672944068909,0.9842773437500001,1.0,0.7967672944068909,0.874256802556629,False,0.874256802556629,,Stored score; precursor logits not archived in candidates.json,,,root quality rule; later root-routing maxima can retain different precursor metadata,0.9842773437500001,0.0,False,False,False,specific_root_label,
trash_can__04,2,root:1/profile-refine:IDEA-Research_grounding-dino-tiny:container_label:03,container_label,grounded-sam2[IDEA-Research/grounding-dino-tiny|facebook/sam2.1-hiera-tiny]/profile-refine,grounded-sam2[IDEA-Research/grounding-dino|facebook/sam2.1-hiera-tiny]/profile-refine,0.2423849254846573,0.8049765625,1.0,0.2423849254846573,0.469552254390152,False,0.469552254390152,1.0,Stored score; precursor logits not archived in candidates.json,,,profile priority + SAM quality,0.8049765625,0.0,False,False,False,,
trash_can__04,3,root:1/profile-refine:IDEA-Research_grounding-dino-tiny:container_inner_wall:01,container_inner_wall,grounded-sam2[IDEA-Research/grounding-dino-tiny|facebook/sam2.1-hiera-tiny]/profile-refine,grounded-sam2[IDEA-Research/grounding-dino|facebook/sam2.1-hiera-tiny]/profile-refine,0.34334173798561096,0.807103515625,1.0,0.34334173798561096,0.5156083601151914,False,0.5156083601151914,1.0,Stored score; precursor logits not archived in candidates.json,,,profile priority + SAM quality,0.807103515625,0.0,False,False,False,,
trash_can__04,4,root:1/profile-refine:IDEA-Research_grounding-dino-tiny:container_outer_side:01,container_outer_side,grounded-sam2[IDEA-Research/grounding-dino-tiny|facebook/sam2.1-hiera-tiny]/profile-refine,grounded-sam2[IDEA-Research/grounding-dino|facebook/sam2.1-hiera-tiny]/profile-refine,0.2828890383243561,0.7576035156250001,1.0,0.2828890383243561,0.45879633351271926,False,0.45879633351271926,1.0,Stored score; precursor logits not archived in candidates.json,,,profile priority + SAM quality,0.7576035156250001,0.0,False,False,False,,
trash_can__04,5,root:1/profile-refine:IDEA-Research_grounding-dino-tiny:container_inner:01,container_inner,grounded-sam2[IDEA-Research/grounding-dino-tiny|facebook/sam2.1-hiera-tiny]/profile-refine,grounded-sam2[IDEA-Research/grounding-dino|facebook/sam2.1-hiera-tiny]/profile-refine,0.2699025273323059,0.7827402343750001,1.0,0.2699025273323059,0.4684280675951218,False,0.4684280675951218,1.0,Stored score; precursor logits not archived in candidates.json,,,profile priority + SAM quality,0.7827402343750001,0.0,False,False,False,,
trash_can__04,6,root:1/visual-region:01,container_visual_panel_01,sam2-amg[facebook/sam2.1-hiera-tiny]/point-grid,sam2-amg[facebook/sam2.1-hiera-tiny],0.7124990370654569,0.62,1.0,0.7124990370654569,0.5219621716393208,False,0.5219621716393208,,visual candidate from stored precursor score and appearance utility,0.7124990370654569,0.0,original matched/generic visual candidate; downstream transformations applied,0.62,0.0,False,False,False,,
trash_can__04,7,root:1/visual-region:04,container_visual_panel_04,sam2-amg[facebook/sam2.1-hiera-tiny]/point-grid,sam2-amg[facebook/sam2.1-hiera-tiny],0.6990716563826103,0.62,1.0,0.6990716563826103,0.5173834348264701,False,0.5173834348264701,,visual candidate from stored precursor score and appearance utility,0.6990716563826103,0.0,original matched/generic visual candidate; downstream transformations applied,0.62,0.0,False,False,False,,
plate__01,1,root:6,tool_prop,grounded-sam2[IDEA-Research/grounding-dino-tiny|facebook/sam2.1-hiera-tiny]/root,grounded-sam2[IDEA-Research/grounding-dino|facebook/sam2.1-hiera-tiny],0.49398452043533325,0.9632812500000001,1.0,0.49398452043533325,0.6951918769790791,False,0.6951918769790791,,Stored score; precursor logits not archived in candidates.json,,,root quality rule; later root-routing maxima can retain different precursor metadata,0.9632812500000001,0.0,False,False,False,specific_root_label,
plate__01,2,root:6/silhouette-axial:tool_prop_pan_body:01,tool_prop_pan_body,hpid-structural-fusion/silhouette-axial-partition,hpid-structural-fusion-v2,0.8932997460549329,0.74,1.0,0.8932997460549329,0.6965729966443578,False,0.6965729966443578,1.0,silhouette axial partition formula,0.8932997460549329,0.0,,0.74,0.0,False,False,False,,
plate__01,3,root:6/silhouette-axial:tool_prop_handle:01,tool_prop_handle,hpid-structural-fusion/silhouette-axial-partition,hpid-structural-fusion-v2,0.8932997460549329,0.74,1.0,0.8932997460549329,0.6965729966443578,False,0.6965729966443578,1.0,silhouette axial partition formula,0.8932997460549329,0.0,,0.74,0.0,False,False,False,,
plate__02,1,root:2,tool_prop,grounded-sam2[IDEA-Research/grounding-dino-tiny|facebook/sam2.1-hiera-tiny]/root,grounded-sam2[IDEA-Research/grounding-dino|facebook/sam2.1-hiera-tiny],0.7071013450622559,0.97041015625,1.0,0.7071013450622559,0.8140826500230469,False,0.8140826500230469,,Stored score; precursor logits not archived in candidates.json,,,root quality rule; later root-routing maxima can retain different precursor metadata,0.97041015625,0.0,False,False,False,specific_root_label,
plate__02,2,root:2/profile-refine:IDEA-Research_grounding-dino-tiny:tool_prop_bowl:01,tool_prop_bowl,grounded-sam2[IDEA-Research/grounding-dino-tiny|facebook/sam2.1-hiera-tiny]/profile-refine,grounded-sam2[IDEA-Research/grounding-dino|facebook/sam2.1-hiera-tiny]/profile-refine,0.24310296773910522,0.7984023437500001,1.0,0.24310296773910522,0.4660327432560153,False,0.4660327432560153,1.0,Stored score; precursor logits not archived in candidates.json,,,profile priority + SAM quality,0.7984023437500001,0.0,False,False,False,,
plate__02,3,root:2/visual-region:02,tool_prop_handle,sam2-amg[facebook/sam2.1-hiera-tiny]/prototype-labelled-region,sam2-amg[facebook/sam2.1-hiera-tiny],0.7583491024731477,0.607532699812889,1.0,0.7583491024731477,0.526786747610206,False,0.526786747610206,1.0,visual candidate from stored precursor score and appearance utility; prototype label leaves score unchanged,0.7583491024731477,0.0,original matched/generic visual candidate; downstream transformations applied,0.607532699812889,0.0,False,False,False,,
plate__02,4,root:2/structural-residual:tool_prop_pan_body:01,tool_prop_pan_body,hpid-structural-fusion/axial-residual,hpid-structural-fusion-v1,0.8548120338389148,0.74,1.0,0.8548120338389148,0.6809084977724383,False,0.6809084977724383,1.0,axial residual coverage formula,0.8548120338389148,0.0,,0.74,0.0,False,False,False,,
plate__03,1,root:3,tool_prop,grounded-sam2[IDEA-Research/grounding-dino-tiny|facebook/sam2.1-hiera-tiny]/isolated-profile-root,grounded-sam2[IDEA-Research/grounding-dino|facebook/sam2.1-hiera-tiny],0.4901745915412903,0.9927734375,1.0,0.4901745915412903,0.7143958196957828,False,0.7143958196957828,,Stored score; precursor logits not archived in candidates.json,,,root quality rule; later root-routing maxima can retain different precursor metadata,0.9927734375,0.0,False,False,False,isolated_profile_consensus,Final r may inherit another root via max; a simple single-q discrepancy is not evidence of incorrect frozen r
plate__03,2,root:3/tool_prop_guided_tool_prop_pan_body:01,tool_prop_pan_body,grounded-sam2[IDEA-Research/grounding-dino-tiny|facebook/sam2.1-hiera-tiny]/retrieved-part,grounded-sam2[IDEA-Research/grounding-dino|facebook/sam2.1-hiera-tiny],0.2828867874211936,0.8387655175406417,1.0,0.2828867874211936,0.5079461083544996,False,0.5079461083544996,1.0,Stored score; precursor logits not archived in candidates.json,,,guided SAM quality times retrieval reliability scale,0.8387655175406417,0.0,False,False,False,,
plate__03,3,root:3/visual-region:01,tool_prop_handle,sam2-amg[facebook/sam2.1-hiera-tiny]/point-grid/semantic-rerank,sam2-amg[facebook/sam2.1-hiera-tiny],0.5889413082510089,0.66,1.0,0.5889413082510089,0.5107856948951163,False,0.5107856948951163,1.0,visual candidate from stored precursor score and appearance utility; semantic rerank,0.5889413082510089,0.0,original matched/generic visual candidate; downstream transformations applied,0.66,0.0,True,False,False,,
plate__04,1,root:1,container,grounded-sam2[IDEA-Research/grounding-dino-tiny|facebook/sam2.1-hiera-tiny]/root,grounded-sam2[IDEA-Research/grounding-dino|facebook/sam2.1-hiera-tiny],0.7620701193809509,0.9852539062500001,1.0,0.7620701193809509,0.8563221668885673,False,0.8563221668885673,,Stored score; precursor logits not archived in candidates.json,,,root quality rule; later root-routing maxima can retain different precursor metadata,0.9852539062500001,0.0,False,False,False,specific_root_label,
plate__04,2,root:1/visual-region:01,container_outer_side,sam2-amg[facebook/sam2.1-hiera-tiny]/point-grid/semantic-rerank,sam2-amg[facebook/sam2.1-hiera-tiny],0.5635483288205085,0.66,1.0,0.5635483288205085,0.5015680433618447,False,0.5015680433618447,1.0,visual candidate from stored precursor score and appearance utility; semantic rerank,0.5635483288205085,0.0,original matched/generic visual candidate; downstream transformations applied,0.66,0.0,True,False,False,,
tray__01,1,root:1,furniture,grounded-sam2[IDEA-Research/grounding-dino-tiny|facebook/sam2.1-hiera-tiny]/root,grounded-sam2[IDEA-Research/grounding-dino|facebook/sam2.1-hiera-tiny],0.6233768463134766,0.98974609375,1.0,0.6233768463134766,0.7847273814026268,False,0.7847273814026268,,Stored score; precursor logits not archived in candidates.json,,,root quality rule; later root-routing maxima can retain different precursor metadata,0.98974609375,0.0,False,False,False,specific_root_label,
tray__01,2,root:1/profile-refine:IDEA-Research_grounding-dino-tiny:furniture_top:01,furniture_top,grounded-sam2[IDEA-Research/grounding-dino-tiny|facebook/sam2.1-hiera-tiny]/profile-refine,grounded-sam2[IDEA-Research/grounding-dino|facebook/sam2.1-hiera-tiny]/profile-refine,0.2995148003101349,0.819671875,1.0,0.2995148003101349,0.5038794656282525,False,0.5038794656282525,1.0,Stored score; precursor logits not archived in candidates.json,,,profile priority + SAM quality,0.819671875,0.0,False,False,False,,
tray__01,3,root:1/visual-region:01,furniture_apron,sam2-amg[facebook/sam2.1-hiera-tiny]/prototype-labelled-region,sam2-amg[facebook/sam2.1-hiera-tiny],0.6625391791159216,0.5918021941642762,1.0,0.6625391791159216,0.4819616643302547,False,0.4819616643302547,1.0,visual candidate from stored precursor score and appearance utility; prototype label leaves score unchanged,0.6625391791159216,0.0,original matched/generic visual candidate; downstream transformations applied,0.5918021941642762,0.0,False,False,False,,
tray__01,4,root:1/visual-region:09,furniture_foot,sam2-amg[facebook/sam2.1-hiera-tiny]/point-grid/semantic-rerank,sam2-amg[facebook/sam2.1-hiera-tiny],0.6290361253326833,0.66,1.0,0.6290361253326833,0.525340113495764,False,0.525340113495764,1.0,visual candidate from stored precursor score and appearance utility; semantic rerank,0.6290361253326833,0.0,original matched/generic visual candidate; downstream transformations applied,0.66,0.0,True,False,False,,
tray__01,5,root:1/visual-region:06,furniture_foot,sam2-amg[facebook/sam2.1-hiera-tiny]/point-grid/semantic-rerank,sam2-amg[facebook/sam2.1-hiera-tiny],0.5977494525335403,0.66,1.0,0.5977494525335403,0.5139830512696751,False,0.5139830512696751,1.0,visual candidate from stored precursor score and appearance utility; semantic rerank,0.5977494525335403,0.0,original matched/generic visual candidate; downstream transformations applied,0.66,0.0,True,False,False,,
tray__01,6,root:1/visual-region:02,furniture_foot,sam2-amg[facebook/sam2.1-hiera-tiny]/point-grid/semantic-rerank,sam2-amg[facebook/sam2.1-hiera-tiny],0.5391063447997032,0.66,1.0,0.5391063447997032,0.49269560316229233,False,0.49269560316229233,1.0,visual candidate from stored precursor score and appearance utility; semantic rerank,0.5391063447997032,0.0,original matched/generic visual candidate; downstream transformations applied,0.66,0.0,True,False,False,,
tray__01,7,root:1/visual-region:04,furniture_foot,sam2-amg[facebook/sam2.1-hiera-tiny]/point-grid/semantic-rerank,sam2-amg[facebook/sam2.1-hiera-tiny],0.505970750875755,0.66,1.0,0.505970750875755,0.4806673825678992,False,0.4806673825678992,1.0,visual candidate from stored precursor score and appearance utility; semantic rerank,0.505970750875755,0.0,original matched/generic visual candidate; downstream transformations applied,0.66,0.0,True,False,False,,
tray__01,8,root:1/visual-region:03,furniture_leg,sam2-amg[facebook/sam2.1-hiera-tiny]/prototype-labelled-region,sam2-amg[facebook/sam2.1-hiera-tiny],0.7145010047083333,0.5936357774858475,1.0,0.7145010047083333,0.5004204475630794,False,0.5004204475630794,1.0,visual candidate from stored precursor score and appearance utility; prototype label leaves score unchanged,0.7145010047083333,0.0,original matched/generic visual candidate; downstream transformations applied,0.5936357774858475,0.0,False,False,False,,
tray__01,9,root:1/visual-region:05,furniture_visual_strip_02,sam2-amg[facebook/sam2.1-hiera-tiny]/point-grid,sam2-amg[facebook/sam2.1-hiera-tiny],0.8447937530907784,0.62,1.0,0.8447937530907784,0.5670746698039554,False,0.5670746698039554,,visual candidate from stored precursor score and appearance utility,0.8447937530907784,0.0,original matched/generic visual candidate; downstream transformations applied,0.62,0.0,False,False,False,,
tray__01,10,root:1/visual-region:07,furniture_visual_strip_03,sam2-amg[facebook/sam2.1-hiera-tiny]/point-grid,sam2-amg[facebook/sam2.1-hiera-tiny],0.6873074663362719,0.62,1.0,0.6873074663362719,0.5133718460206688,False,0.5133718460206688,,visual candidate from stored precursor score and appearance utility,0.6873074663362719,0.0,original matched/generic visual candidate; downstream transformations applied,0.62,0.0,False,False,False,,
tray__01,11,root:1/visual-region:10,furniture_stretcher,sam2-amg[facebook/sam2.1-hiera-tiny]/prototype-labelled-region,sam2-amg[facebook/sam2.1-hiera-tiny],0.7580015564586475,0.6019857440977097,1.0,0.7580015564586475,0.5218619568895589,False,0.5218619568895589,1.0,visual candidate from stored precursor score and appearance utility; prototype label leaves score unchanged,0.7580015564586475,0.0,original matched/generic visual candidate; downstream transformations applied,0.6019857440977097,0.0,False,False,False,,
tray__02,1,root:1,container,grounded-sam2[IDEA-Research/grounding-dino-tiny|facebook/sam2.1-hiera-tiny]/root,grounded-sam2[IDEA-Research/grounding-dino|facebook/sam2.1-hiera-tiny],0.7174080014228821,0.9650390625,1.0,0.7174080014228821,0.8150472879427253,False,0.8150472879427253,,Stored score; precursor logits not archived in candidates.json,,,root quality rule; later root-routing maxima can retain different precursor metadata,0.9650390625,0.0,False,False,False,exact_asset_router,
tray__03,1,root:11,container,grounded-sam2[IDEA-Research/grounding-dino-tiny|facebook/sam2.1-hiera-tiny]/isolated-profile-root,grounded-sam2[IDEA-Research/grounding-dino|facebook/sam2.1-hiera-tiny],0.48482975363731384,0.9833984375,1.0,0.48482975363731384,0.7047587490742444,False,0.7047587490742444,,Stored score; precursor logits not archived in candidates.json,,,root quality rule; later root-routing maxima can retain different precursor metadata,0.9833984375,0.0,False,False,False,isolated_profile_consensus,Final r may inherit another root via max; a simple single-q discrepancy is not evidence of incorrect frozen r
tray__04,1,root:2,container,grounded-sam2[IDEA-Research/grounding-dino-tiny|facebook/sam2.1-hiera-tiny]/isolated-profile-root,grounded-sam2[IDEA-Research/grounding-dino|facebook/sam2.1-hiera-tiny],0.662687361240387,0.99560546875,1.0,0.662687361240387,0.8108987994448399,False,0.8108987994448399,,Stored score; precursor logits not archived in candidates.json,,,root quality rule; later root-routing maxima can retain different precursor metadata,0.99560546875,0.0,False,False,False,isolated_profile_consensus,Final r may inherit another root via max; a simple single-q discrepancy is not evidence of incorrect frozen r
tray__04,2,root:2/container_guided_container_label:01,container_label,grounded-sam2[IDEA-Research/grounding-dino-tiny|facebook/sam2.1-hiera-tiny]/retrieved-part,grounded-sam2[IDEA-Research/grounding-dino|facebook/sam2.1-hiera-tiny],0.21627623098308418,0.6642346054530697,1.0,0.21627623098308418,0.3779175587796406,False,0.3779175587796406,1.0,Stored score; precursor logits not archived in candidates.json,,,guided SAM quality times retrieval reliability scale,0.6642346054530697,0.0,False,False,False,,
tray__04,3,root:2/visual-region:01,container_label,sam2-amg[facebook/sam2.1-hiera-tiny]/point-grid,sam2-amg[facebook/sam2.1-hiera-tiny],0.7524143059564777,0.68,1.0,0.7524143059564777,0.5874029504277227,False,0.5874029504277227,1.0,visual candidate from stored precursor score and appearance utility,0.7524143059564777,0.0,original matched/generic visual candidate; downstream transformations applied,0.68,0.0,False,False,False,,
tray__04,4,root:2/visual-region:05,container_body,sam2-amg[facebook/sam2.1-hiera-tiny]/prototype-labelled-region,sam2-amg[facebook/sam2.1-hiera-tiny],0.7355335378388889,0.6069695584726335,1.0,0.7355335378388889,0.5186818579998216,False,0.5186818579998216,1.0,visual candidate from stored precursor score and appearance utility; prototype label leaves score unchanged,0.7355335378388889,0.0,original matched/generic visual candidate; downstream transformations applied,0.6069695584726335,0.0,False,False,False,,
tray__04,5,root:2/visual-region:06,container_handle,sam2-amg[facebook/sam2.1-hiera-tiny]/prototype-labelled-region,sam2-amg[facebook/sam2.1-hiera-tiny],0.7472067786814697,0.6051183370304107,1.0,0.7472067786814697,0.5209849394971545,False,0.5209849394971545,1.0,visual candidate from stored precursor score and appearance utility; prototype label leaves score unchanged,0.7472067786814697,0.0,original matched/generic visual candidate; downstream transformations applied,0.6051183370304107,0.0,False,False,False,,
vase__01,1,root:4,furniture,grounded-sam2[IDEA-Research/grounding-dino-tiny|facebook/sam2.1-hiera-tiny]/root,grounded-sam2[IDEA-Research/grounding-dino|facebook/sam2.1-hiera-tiny],0.4135955572128296,0.994140625,1.0,0.4135955572128296,0.6735079614096322,False,0.6735079614096322,,Stored score; precursor logits not archived in candidates.json,,,root quality rule; later root-routing maxima can retain different precursor metadata,0.994140625,0.0,False,False,False,specific_root_label,
vase__01,2,root:4/profile-refine:IDEA-Research_grounding-dino-tiny:furniture_rail:02,furniture_rail,grounded-sam2[IDEA-Research/grounding-dino-tiny|facebook/sam2.1-hiera-tiny]/profile-refine,grounded-sam2[IDEA-Research/grounding-dino|facebook/sam2.1-hiera-tiny]/profile-refine,0.27708157896995544,0.8080703125,1.0,0.27708157896995544,0.4867774095834349,False,0.4867774095834349,1.0,Stored score; precursor logits not archived in candidates.json,,,profile priority + SAM quality,0.8080703125,0.0,False,False,False,,
vase__01,3,root:4/profile-dense:furniture_backrest:01,furniture_backrest,clipseg-sam2[CIDAS/clipseg-rd64-refined|facebook/sam2.1-hiera-tiny]/profile-dense-supplement,grounded-sam2[IDEA-Research/grounding-dino|facebook/sam2.1-hiera-tiny]/profile-dense,0.18263311684131622,0.40915640775025597,1.0,0.18263311684131622,0.22521941400027934,False,0.22521941400027934,1.2,stored dense-region score identity,0.18263311684131622,0.0,,0.40915640775025597,0.0,False,False,False,,
vase__01,4,root:4/furniture_guided_furniture_seat:01,furniture_seat,grounded-sam2[IDEA-Research/grounding-dino-tiny|facebook/sam2.1-hiera-tiny]/retrieved-part,grounded-sam2[IDEA-Research/grounding-dino|facebook/sam2.1-hiera-tiny],0.297337206468411,0.8421341579135997,1.0,0.297337206468411,0.5166791709532315,False,0.5166791709532315,1.0,Stored score; precursor logits not archived in candidates.json,,,guided SAM quality times retrieval reliability scale,0.8421341579135997,0.0,False,False,False,,
vase__01,5,root:4/visual-region:01,furniture_visual_panel_01,sam2-amg[facebook/sam2.1-hiera-tiny]/point-grid,sam2-amg[facebook/sam2.1-hiera-tiny],0.7854715297898693,0.62,1.0,0.7854715297898693,0.5468457916583455,False,0.5468457916583455,,visual candidate from stored precursor score and appearance utility,0.7854715297898693,0.0,original matched/generic visual candidate; downstream transformations applied,0.62,0.0,False,False,False,,
vase__01,6,root:4/visual-region:04,furniture_leg,sam2-amg[facebook/sam2.1-hiera-tiny]/point-grid/semantic-rerank,sam2-amg[facebook/sam2.1-hiera-tiny],0.5009809846501642,0.66,1.0,0.5009809846501642,0.4788560974280096,False,0.4788560974280096,1.0,visual candidate from stored precursor score and appearance utility; semantic rerank,0.5009809846501642,0.0,original matched/generic visual candidate; downstream transformations applied,0.66,0.0,True,False,False,,
vase__01,7,root:4/visual-region:06,furniture_foot,sam2-amg[facebook/sam2.1-hiera-tiny]/point-grid/semantic-rerank,sam2-amg[facebook/sam2.1-hiera-tiny],0.5232571825893625,0.66,1.0,0.5232571825893625,0.4869423572799386,False,0.4869423572799386,1.0,visual candidate from stored precursor score and appearance utility; semantic rerank,0.5232571825893625,0.0,original matched/generic visual candidate; downstream transformations applied,0.66,0.0,True,False,False,,
vase__01,8,root:4/visual-region:07,furniture_spindle,sam2-amg[facebook/sam2.1-hiera-tiny]/prototype-labelled-region,sam2-amg[facebook/sam2.1-hiera-tiny],0.8098034573835363,0.6099162044725418,1.0,0.8098034573835363,0.5461140301155034,False,0.5461140301155034,1.0,visual candidate from stored precursor score and appearance utility; prototype label leaves score unchanged,0.8098034573835363,0.0,original matched/generic visual candidate; downstream transformations applied,0.6099162044725418,0.0,False,False,False,,
vase__01,9,root:4/visual-region:08,furniture_seat,sam2-amg[facebook/sam2.1-hiera-tiny]/point-grid,sam2-amg[facebook/sam2.1-hiera-tiny],0.8393475172583253,0.68,1.0,0.8393475172583253,0.6199159714546137,False,0.6199159714546137,1.0,visual candidate from stored precursor score and appearance utility,0.8393475172583253,0.0,original matched/generic visual candidate; downstream transformations applied,0.68,0.0,False,False,False,,
vase__02,1,root:1,container,grounded-sam2[IDEA-Research/grounding-dino-tiny|facebook/sam2.1-hiera-tiny]/root,grounded-sam2[IDEA-Research/grounding-dino|facebook/sam2.1-hiera-tiny],0.8300437331199646,0.9891601562500001,1.0,0.8300437331199646,0.8966974741235028,False,0.8966974741235028,,Stored score; precursor logits not archived in candidates.json,,,root quality rule; later root-routing maxima can retain different precursor metadata,0.9891601562500001,0.0,False,False,False,,
vase__02,2,root:1/visual-region:02,container_visual_panel_01,sam2-amg[facebook/sam2.1-hiera-tiny]/point-grid,sam2-amg[facebook/sam2.1-hiera-tiny],0.705780470249038,0.62,1.0,0.705780470249038,0.519671140354922,False,0.519671140354922,,visual candidate from stored precursor score and appearance utility,0.705780470249038,0.0,original matched/generic visual candidate; downstream transformations applied,0.62,0.0,False,False,False,,
vase__02,3,root:1/visual-region:03,container_visual_panel_02,sam2-amg[facebook/sam2.1-hiera-tiny]/point-grid,sam2-amg[facebook/sam2.1-hiera-tiny],0.6828865053307791,0.62,1.0,0.6828865053307791,0.5118642983177958,False,0.5118642983177958,,visual candidate from stored precursor score and appearance utility,0.6828865053307791,0.0,original matched/generic visual candidate; downstream transformations applied,0.62,0.0,False,False,False,,
vase__02,4,root:1/visual-region:05,container_label,sam2-amg[facebook/sam2.1-hiera-tiny]/prototype-labelled-region,sam2-amg[facebook/sam2.1-hiera-tiny],0.695521147238622,0.6085520016937256,1.0,0.695521147238622,0.5066418332669854,False,0.5066418332669854,1.0,visual candidate from stored precursor score and appearance utility; prototype label leaves score unchanged,0.695521147238622,0.0,original matched/generic visual candidate; downstream transformations applied,0.6085520016937256,0.0,False,False,False,,
vase__02,5,root:1/visual-region:07,container_visual_panel_06,sam2-amg[facebook/sam2.1-hiera-tiny]/point-grid,sam2-amg[facebook/sam2.1-hiera-tiny],0.6802557545998786,0.62,1.0,0.6802557545998786,0.5109672123185586,False,0.5109672123185586,,visual candidate from stored precursor score and appearance utility,0.6802557545998786,0.0,original matched/generic visual candidate; downstream transformations applied,0.62,0.0,False,False,False,,
vase__02,6,root:1/visual-region:08,container_base,sam2-amg[facebook/sam2.1-hiera-tiny]/prototype-labelled-region,sam2-amg[facebook/sam2.1-hiera-tiny],0.7017365495813819,0.6144622151556015,1.0,0.7017365495813819,0.5136628239113041,False,0.5136628239113041,1.0,visual candidate from stored precursor score and appearance utility; prototype label leaves score unchanged,0.7017365495813819,0.0,original matched/generic visual candidate; downstream transformations applied,0.6144622151556015,0.0,False,False,False,,
vase__03,1,root:1,container,grounded-sam2[IDEA-Research/grounding-dino-tiny|facebook/sam2.1-hiera-tiny]/root,grounded-sam2[IDEA-Research/grounding-dino|facebook/sam2.1-hiera-tiny],0.7650671601295471,0.99677734375,1.0,0.7650671601295471,0.8679806911028574,False,0.8679806911028574,,Stored score; precursor logits not archived in candidates.json,,,root quality rule; later root-routing maxima can retain different precursor metadata,0.99677734375,0.0,False,False,False,specific_root_label,
vase__03,2,root:1/profile-refine:IDEA-Research_grounding-dino-tiny:container_neck:01,container_neck,grounded-sam2[IDEA-Research/grounding-dino-tiny|facebook/sam2.1-hiera-tiny]/profile-refine,grounded-sam2[IDEA-Research/grounding-dino|facebook/sam2.1-hiera-tiny]/profile-refine,0.2632204294204712,0.8188984375000001,1.0,0.2632204294204712,0.48705723597877665,False,0.48705723597877665,1.0,Stored score; precursor logits not archived in candidates.json,,,profile priority + SAM quality,0.8188984375000001,0.0,False,False,False,,
vase__03,3,root:1/visual-region:02,container_visual_panel_02,sam2-amg[facebook/sam2.1-hiera-tiny]/point-grid,sam2-amg[facebook/sam2.1-hiera-tiny],0.7412660563137602,0.62,1.0,0.7412660563137602,0.5317717252029922,False,0.5317717252029922,,visual candidate from stored precursor score and appearance utility,0.7412660563137602,0.0,original matched/generic visual candidate; downstream transformations applied,0.62,0.0,False,False,False,,
vase__03,4,root:1/visual-region:05,container_lid,sam2-amg[facebook/sam2.1-hiera-tiny]/point-grid/semantic-rerank,sam2-amg[facebook/sam2.1-hiera-tiny],0.5414389321196295,0.66,1.0,0.5414389321196295,0.4935423323594256,False,0.4935423323594256,1.0,visual candidate from stored precursor score and appearance utility; semantic rerank,0.5414389321196295,0.0,original matched/generic visual candidate; downstream transformations applied,0.66,0.0,True,False,False,,
vase__03,5,root:1/visual-region:06,container_body,sam2-amg[facebook/sam2.1-hiera-tiny]/prototype-labelled-region,sam2-amg[facebook/sam2.1-hiera-tiny],0.7518283277931073,0.579362283662796,1.0,0.7518283277931073,0.5002825649501859,False,0.5002825649501859,1.0,visual candidate from stored precursor score and appearance utility; prototype label leaves score unchanged,0.7518283277931073,0.0,original matched/generic visual candidate; downstream transformations applied,0.579362283662796,0.0,False,False,False,,
vase__03,6,root:1/visual-region:07,container_base,sam2-amg[facebook/sam2.1-hiera-tiny]/prototype-labelled-region,sam2-amg[facebook/sam2.1-hiera-tiny],0.7113522519914319,0.6078913974752427,1.0,0.7113522519914319,0.5113848318719871,False,0.5113848318719871,1.0,visual candidate from stored precursor score and appearance utility; prototype label leaves score unchanged,0.7113522519914319,0.0,original matched/generic visual candidate; downstream transformations applied,0.6078913974752427,0.0,False,False,False,,
vase__04,1,root:2,container,grounded-sam2[IDEA-Research/grounding-dino-tiny|facebook/sam2.1-hiera-tiny]/root,grounded-sam2[IDEA-Research/grounding-dino|facebook/sam2.1-hiera-tiny],0.40656742453575134,0.9892578125,1.0,0.40656742453575134,0.666376016191498,False,0.666376016191498,,Stored score; precursor logits not archived in candidates.json,,,root quality rule; later root-routing maxima can retain different precursor metadata,0.9892578125,0.0,False,False,False,specific_root_label,
vase__04,2,root:2/profile-refine:IDEA-Research_grounding-dino-tiny:container_spout:01,container_spout,grounded-sam2[IDEA-Research/grounding-dino-tiny|facebook/sam2.1-hiera-tiny]/profile-refine,grounded-sam2[IDEA-Research/grounding-dino|facebook/sam2.1-hiera-tiny]/profile-refine,0.25219982862472534,0.8591171875,1.0,0.25219982862472534,0.5057707984758308,False,0.5057707984758308,1.0,Stored score; precursor logits not archived in candidates.json,,,profile priority + SAM quality,0.8591171875,0.0,False,False,False,,
vase__04,3,root:2/container_guided_container_base:01,container_base,grounded-sam2[IDEA-Research/grounding-dino-tiny|facebook/sam2.1-hiera-tiny]/retrieved-part,grounded-sam2[IDEA-Research/grounding-dino|facebook/sam2.1-hiera-tiny],0.490140599321414,0.8377272170275095,1.0,0.490140599321414,0.6028095137843275,False,0.6028095137843275,1.0,Stored score; precursor logits not archived in candidates.json,,,guided SAM quality times retrieval reliability scale,0.8377272170275095,0.0,False,False,False,,
vase__04,4,root:2/visual-region:01,container_visual_panel_01,sam2-amg[facebook/sam2.1-hiera-tiny]/point-grid,sam2-amg[facebook/sam2.1-hiera-tiny],0.7243342389342011,0.62,1.0,0.7243342389342011,0.5259979754765626,False,0.5259979754765626,,visual candidate from stored precursor score and appearance utility,0.7243342389342011,0.0,original matched/generic visual candidate; downstream transformations applied,0.62,0.0,False,False,False,,
vase__04,5,root:2/visual-region:02,container_visual_panel_02,sam2-amg[facebook/sam2.1-hiera-tiny]/point-grid,sam2-amg[facebook/sam2.1-hiera-tiny],0.8281636794141154,0.62,1.0,0.8281636794141154,0.5614038146802133,False,0.5614038146802133,,visual candidate from stored precursor score and appearance utility,0.8281636794141154,0.0,original matched/generic visual candidate; downstream transformations applied,0.62,0.0,False,False,False,,
vase__04,6,root:2/visual-region:03,container_body,sam2-amg[facebook/sam2.1-hiera-tiny]/prototype-labelled-region,sam2-amg[facebook/sam2.1-hiera-tiny],0.6781536669143121,0.5781969289131165,1.0,0.6781536669143121,0.47584712015846553,False,0.47584712015846553,1.0,visual candidate from stored precursor score and appearance utility; prototype label leaves score unchanged,0.6781536669143121,0.0,original matched/generic visual candidate; downstream transformations applied,0.5781969289131165,0.0,False,False,False,,
vase__04,7,root:2/visual-region:05,container_base,sam2-amg[facebook/sam2.1-hiera-tiny]/point-grid,sam2-amg[facebook/sam2.1-hiera-tiny],0.8874771566269892,0.68,1.0,0.8874771566269892,0.637916456578494,False,0.637916456578494,1.0,visual candidate from stored precursor score and appearance utility,0.8874771566269892,0.0,original matched/generic visual candidate; downstream transformations applied,0.68,0.0,False,False,False,,
car_automobile__01,1,root:1,vehicle,grounded-sam2[IDEA-Research/grounding-dino-tiny|facebook/sam2.1-hiera-tiny]/root,grounded-sam2[IDEA-Research/grounding-dino|facebook/sam2.1-hiera-tiny],0.842863142490387,0.9947265625,1.0,0.842863142490387,0.9087570491380758,False,0.9087570491380758,,Stored score; precursor logits not archived in candidates.json,,,root quality rule; later root-routing maxima can retain different precursor metadata,0.9947265625,0.0,False,False,False,specific_root_label,
car_automobile__01,2,root:1/profile-refine:IDEA-Research_grounding-dino-tiny:vehicle_steering_wheel:01,vehicle_steering_wheel,grounded-sam2[IDEA-Research/grounding-dino-tiny|facebook/sam2.1-hiera-tiny]/profile-refine,grounded-sam2[IDEA-Research/grounding-dino|facebook/sam2.1-hiera-tiny]/profile-refine,0.5271035432815552,0.8531230468750001,1.0,0.5271035432815552,0.6312316705683828,False,0.6312316705683828,1.0,Stored score; precursor logits not archived in candidates.json,,,profile priority + SAM quality,0.8531230468750001,0.0,False,False,False,,
car_automobile__01,3,root:1/profile-refine:IDEA-Research_grounding-dino-tiny:vehicle_door:01,vehicle_door,grounded-sam2[IDEA-Research/grounding-dino-tiny|facebook/sam2.1-hiera-tiny]/profile-refine,grounded-sam2[IDEA-Research/grounding-dino|facebook/sam2.1-hiera-tiny]/profile-refine,0.4569246172904968,0.8542832031250001,1.0,0.4569246172904968,0.5991161055113249,False,0.5991161055113249,1.0,Stored score; precursor logits not archived in candidates.json,,,profile priority + SAM quality,0.8542832031250001,0.0,False,False,False,,
car_automobile__01,4,root:1/profile-refine:IDEA-Research_grounding-dino-tiny:vehicle_taillight:02,vehicle_taillight,grounded-sam2[IDEA-Research/grounding-dino-tiny|facebook/sam2.1-hiera-tiny]/profile-refine,grounded-sam2[IDEA-Research/grounding-dino|facebook/sam2.1-hiera-tiny]/profile-refine,0.3554392158985138,0.82779296875,1.0,0.3554392158985138,0.5343333819938416,False,0.5343333819938416,1.0,Stored score; precursor logits not archived in candidates.json,,,profile priority + SAM quality,0.82779296875,0.0,False,False,False,,
car_automobile__01,5,root:1/profile-refine:IDEA-Research_grounding-dino-tiny:vehicle_windshield:01,vehicle_windshield,grounded-sam2[IDEA-Research/grounding-dino-tiny|facebook/sam2.1-hiera-tiny]/profile-refine,grounded-sam2[IDEA-Research/grounding-dino|facebook/sam2.1-hiera-tiny]/profile-refine,0.4003390371799469,0.8386210937500002,1.0,0.4003390371799469,0.5620325108643681,False,0.5620325108643681,1.0,Stored score; precursor logits not archived in candidates.json,,,profile priority + SAM quality,0.8386210937500002,0.0,False,False,False,,
car_automobile__01,6,root:1/profile-refine:IDEA-Research_grounding-dino-tiny:vehicle_window:01,vehicle_window,grounded-sam2[IDEA-Research/grounding-dino-tiny|facebook/sam2.1-hiera-tiny]/profile-refine,grounded-sam2[IDEA-Research/grounding-dino|facebook/sam2.1-hiera-tiny]/profile-refine,0.36817848682403564,0.852349609375,1.0,0.36817848682403564,0.55615655840236,False,0.55615655840236,1.0,Stored score; precursor logits not archived in candidates.json,,,profile priority + SAM quality,0.852349609375,0.0,False,False,False,,
car_automobile__01,7,root:1/profile-refine:IDEA-Research_grounding-dino-tiny:vehicle_window:03,vehicle_window,grounded-sam2[IDEA-Research/grounding-dino-tiny|facebook/sam2.1-hiera-tiny]/profile-refine,grounded-sam2[IDEA-Research/grounding-dino|facebook/sam2.1-hiera-tiny]/profile-refine,0.2743513584136963,0.855443359375,1.0,0.2743513584136963,0.5140301379485289,False,0.5140301379485289,1.0,Stored score; precursor logits not archived in candidates.json,,,profile priority + SAM quality,0.855443359375,0.0,False,False,False,,
car_automobile__01,8,root:1/profile-refine:IDEA-Research_grounding-dino-tiny:vehicle_tire:01,vehicle_tire,grounded-sam2[IDEA-Research/grounding-dino-tiny|facebook/sam2.1-hiera-tiny]/profile-refine,grounded-sam2[IDEA-Research/grounding-dino|facebook/sam2.1-hiera-tiny]/profile-refine,0.36534345149993896,0.8527363281250001,1.0,0.36534345149993896,0.5550792459913647,False,0.5550792459913647,1.0,Stored score; precursor logits not archived in candidates.json,,,profile priority + SAM quality,0.8527363281250001,0.0,False,False,False,,
car_automobile__01,9,root:1/profile-refine:IDEA-Research_grounding-dino-tiny:vehicle_rim:02,vehicle_rim,grounded-sam2[IDEA-Research/grounding-dino-tiny|facebook/sam2.1-hiera-tiny]/profile-refine,grounded-sam2[IDEA-Research/grounding-dino|facebook/sam2.1-hiera-tiny]/profile-refine,0.3642120361328125,0.8527363281250001,1.0,0.3642120361328125,0.5545486065492035,False,0.5545486065492035,1.0,Stored score; precursor logits not archived in candidates.json,,,profile priority + SAM quality,0.8527363281250001,0.0,False,False,False,,
car_automobile__01,10,root:1/profile-refine:IDEA-Research_grounding-dino-tiny:vehicle_fender:01,vehicle_fender,grounded-sam2[IDEA-Research/grounding-dino-tiny|facebook/sam2.1-hiera-tiny]/profile-refine,grounded-sam2[IDEA-Research/grounding-dino|facebook/sam2.1-hiera-tiny]/profile-refine,0.3199707269668579,0.8529296875,1.0,0.3199707269668579,0.5339202520635445,False,0.5339202520635445,1.0,Stored score; precursor logits not archived in candidates.json,,,profile priority + SAM quality,0.8529296875,0.0,False,False,False,,
car_automobile__01,11,root:1/profile-refine:IDEA-Research_grounding-dino-tiny:vehicle_trunk:01,vehicle_trunk,grounded-sam2[IDEA-Research/grounding-dino-tiny|facebook/sam2.1-hiera-tiny]/profile-refine,grounded-sam2[IDEA-Research/grounding-dino|facebook/sam2.1-hiera-tiny]/profile-refine,0.3076699376106262,0.8521562500000002,1.0,0.3076699376106262,0.527670885649603,False,0.527670885649603,1.0,Stored score; precursor logits not archived in candidates.json,,,profile priority + SAM quality,0.8521562500000002,0.0,False,False,False,,
car_automobile__01,12,root:1/profile-refine:IDEA-Research_grounding-dino-tiny:vehicle_handle:01,vehicle_handle,grounded-sam2[IDEA-Research/grounding-dino-tiny|facebook/sam2.1-hiera-tiny]/profile-refine,grounded-sam2[IDEA-Research/grounding-dino|facebook/sam2.1-hiera-tiny]/profile-refine,0.2879680097103119,0.8453886718750001,1.0,0.2879680097103119,0.5143195936430683,False,0.5143195936430683,1.0,Stored score; precursor logits not archived in candidates.json,,,profile priority + SAM quality,0.8453886718750001,0.0,False,False,False,,
car_automobile__01,13,root:1/profile-refine:IDEA-Research_grounding-dino-tiny:vehicle_wiper:02,vehicle_wiper,grounded-sam2[IDEA-Research/grounding-dino-tiny|facebook/sam2.1-hiera-tiny]/profile-refine,grounded-sam2[IDEA-Research/grounding-dino|facebook/sam2.1-hiera-tiny]/profile-refine,0.2656899094581604,0.8231523437500001,1.0,0.2656899094581604,0.49070535411216565,False,0.49070535411216565,1.0,Stored score; precursor logits not archived in candidates.json,,,profile priority + SAM quality,0.8231523437500001,0.0,False,False,False,,
car_automobile__01,14,root:1/profile-refine:IDEA-Research_grounding-dino-tiny:vehicle_wiper:01,vehicle_wiper,grounded-sam2[IDEA-Research/grounding-dino-tiny|facebook/sam2.1-hiera-tiny]/profile-refine,grounded-sam2[IDEA-Research/grounding-dino|facebook/sam2.1-hiera-tiny]/profile-refine,0.27835485339164734,0.8130976562500001,1.0,0.27835485339164734,0.49037526870670856,False,0.49037526870670856,1.0,Stored score; precursor logits not archived in candidates.json,,,profile priority + SAM quality,0.8130976562500001,0.0,False,False,False,,
car_automobile__01,15,root:1/profile-refine:IDEA-Research_grounding-dino-tiny:vehicle_roof:01,vehicle_roof,grounded-sam2[IDEA-Research/grounding-dino-tiny|facebook/sam2.1-hiera-tiny]/profile-refine,grounded-sam2[IDEA-Research/grounding-dino|facebook/sam2.1-hiera-tiny]/profile-refine,0.24562746286392212,0.784287109375,1.0,0.24562746286392212,0.4588825482767133,False,0.4588825482767133,1.0,Stored score; precursor logits not archived in candidates.json,,,profile priority + SAM quality,0.784287109375,0.0,False,False,False,,
car_automobile__01,16,root:1/visual-region:01,vehicle_trunk,sam2-amg[facebook/sam2.1-hiera-tiny]/point-grid,sam2-amg[facebook/sam2.1-hiera-tiny],0.7616406662078038,0.68,1.0,0.7616406662078038,0.5908536091617187,False,0.5908536091617187,1.0,visual candidate from stored precursor score and appearance utility,0.7616406662078038,0.0,original matched/generic visual candidate; downstream transformations applied,0.68,0.0,False,False,False,,
car_automobile__01,17,root:1/visual-region:09,vehicle_door,sam2-amg[facebook/sam2.1-hiera-tiny]/point-grid,sam2-amg[facebook/sam2.1-hiera-tiny],0.7366666583021231,0.68,1.0,0.7366666583021231,0.5815133302049941,False,0.5815133302049941,1.0,visual candidate from stored precursor score and appearance utility,0.7366666583021231,0.0,original matched/generic visual candidate; downstream transformations applied,0.68,0.0,False,False,False,,
car_automobile__01,18,root:1/visual-region:11,vehicle_bumper,sam2-amg[facebook/sam2.1-hiera-tiny]/prototype-labelled-region,sam2-amg[facebook/sam2.1-hiera-tiny],0.7319630494287229,0.6035591155757905,1.0,0.7319630494287229,0.514582235920153,False,0.514582235920153,1.0,visual candidate from stored precursor score and appearance utility; prototype label leaves score unchanged,0.7319630494287229,0.0,original matched/generic visual candidate; downstream transformations applied,0.6035591155757905,0.0,False,False,False,,
car_automobile__01,19,root:1/visual-region:12,vehicle_wheel,sam2-amg[facebook/sam2.1-hiera-tiny]/point-grid/semantic-rerank,sam2-amg[facebook/sam2.1-hiera-tiny],0.5067172278163565,0.66,1.0,0.5067172278163565,0.48093835369733745,False,0.48093835369733745,1.0,visual candidate from stored precursor score and appearance utility; semantic rerank,0.5067172278163565,0.0,original matched/generic visual candidate; downstream transformations applied,0.66,0.0,True,False,False,,
car_automobile__02,1,root:1,vehicle,grounded-sam2[IDEA-Research/grounding-dino-tiny|facebook/sam2.1-hiera-tiny]/root,grounded-sam2[IDEA-Research/grounding-dino|facebook/sam2.1-hiera-tiny],0.5684158205986023,0.9949218750000001,1.0,0.5684158205986023,0.7587559774552938,False,0.7587559774552938,,Stored score; precursor logits not archived in candidates.json,,,root quality rule; later root-routing maxima can retain different precursor metadata,0.9949218750000001,0.0,False,False,False,specific_root_label,
car_automobile__02,2,root:1/profile-refine:IDEA-Research_grounding-dino-tiny:vehicle_fender:01,vehicle_fender,grounded-sam2[IDEA-Research/grounding-dino-tiny|facebook/sam2.1-hiera-tiny]/profile-refine,grounded-sam2[IDEA-Research/grounding-dino|facebook/sam2.1-hiera-tiny]/profile-refine,0.41418781876564026,0.853896484375,1.0,0.41418781876564026,0.5787738552419615,False,0.5787738552419615,1.0,Stored score; precursor logits not archived in candidates.json,,,profile priority + SAM quality,0.853896484375,0.0,False,False,False,,
car_automobile__02,3,root:1/profile-refine:IDEA-Research_grounding-dino-tiny:vehicle_roof:01,vehicle_roof,grounded-sam2[IDEA-Research/grounding-dino-tiny|facebook/sam2.1-hiera-tiny]/profile-refine,grounded-sam2[IDEA-Research/grounding-dino|facebook/sam2.1-hiera-tiny]/profile-refine,0.40627291798591614,0.8297265625,1.0,0.40627291798591614,0.5587794405475143,False,0.5587794405475143,1.0,Stored score; precursor logits not archived in candidates.json,,,profile priority + SAM quality,0.8297265625,0.0,False,False,False,,
car_automobile__02,4,root:1/profile-refine:IDEA-Research_grounding-dino-tiny:vehicle_seat:02,vehicle_seat,grounded-sam2[IDEA-Research/grounding-dino-tiny|facebook/sam2.1-hiera-tiny]/profile-refine,grounded-sam2[IDEA-Research/grounding-dino|facebook/sam2.1-hiera-tiny]/profile-refine,0.3749051094055176,0.8411347656250001,1.0,0.3749051094055176,0.5519507912635339,False,0.5519507912635339,1.0,Stored score; precursor logits not archived in candidates.json,,,profile priority + SAM quality,0.8411347656250001,0.0,False,False,False,,
car_automobile__02,5,root:1/profile-refine:IDEA-Research_grounding-dino-tiny:vehicle_headlight:02,vehicle_headlight,grounded-sam2[IDEA-Research/grounding-dino-tiny|facebook/sam2.1-hiera-tiny]/profile-refine,grounded-sam2[IDEA-Research/grounding-dino|facebook/sam2.1-hiera-tiny]/profile-refine,0.2835829555988312,0.85254296875,1.0,0.2835829555988312,0.5166159961067198,False,0.5166159961067198,1.0,Stored score; precursor logits not archived in candidates.json,,,profile priority + SAM quality,0.85254296875,0.0,False,False,False,,
car_automobile__02,6,root:1/profile-refine:IDEA-Research_grounding-dino-tiny:vehicle_headlight:01,vehicle_headlight,grounded-sam2[IDEA-Research/grounding-dino-tiny|facebook/sam2.1-hiera-tiny]/profile-refine,grounded-sam2[IDEA-Research/grounding-dino|facebook/sam2.1-hiera-tiny]/profile-refine,0.2936069667339325,0.847515625,1.0,0.2936069667339325,0.5182421018037247,False,0.5182421018037247,1.0,Stored score; precursor logits not archived in candidates.json,,,profile priority + SAM quality,0.847515625,0.0,False,False,False,,
car_automobile__02,7,root:1/profile-refine:IDEA-Research_grounding-dino-tiny:vehicle_grille:01,vehicle_grille,grounded-sam2[IDEA-Research/grounding-dino-tiny|facebook/sam2.1-hiera-tiny]/profile-refine,grounded-sam2[IDEA-Research/grounding-dino|facebook/sam2.1-hiera-tiny]/profile-refine,0.29320207238197327,0.856796875,1.0,0.29320207238197327,0.5237266343982192,False,0.5237266343982192,1.0,Stored score; precursor logits not archived in candidates.json,,,profile priority + SAM quality,0.856796875,0.0,False,False,False,,
car_automobile__02,8,root:1/profile-refine:IDEA-Research_grounding-dino-tiny:vehicle_hood:02,vehicle_hood,grounded-sam2[IDEA-Research/grounding-dino-tiny|facebook/sam2.1-hiera-tiny]/profile-refine,grounded-sam2[IDEA-Research/grounding-dino|facebook/sam2.1-hiera-tiny]/profile-refine,0.249996155500412,0.841908203125,1.0,0.249996155500412,0.49461928914228054,False,0.49461928914228054,1.0,Stored score; precursor logits not archived in candidates.json,,,profile priority + SAM quality,0.841908203125,0.0,False,False,False,,
car_automobile__02,9,root:1/profile-refine:IDEA-Research_grounding-dino-tiny:vehicle_mirror:01,vehicle_mirror,grounded-sam2[IDEA-Research/grounding-dino-tiny|facebook/sam2.1-hiera-tiny]/profile-refine,grounded-sam2[IDEA-Research/grounding-dino|facebook/sam2.1-hiera-tiny]/profile-refine,0.25515803694725037,0.8529296875,1.0,0.25515803694725037,0.5035158849690925,False,0.5035158849690925,1.0,Stored score; precursor logits not archived in candidates.json,,,profile priority + SAM quality,0.8529296875,0.0,False,False,False,,
car_automobile__02,10,root:1/profile-refine:IDEA-Research_grounding-dino-tiny:vehicle_antenna:01,vehicle_antenna,grounded-sam2[IDEA-Research/grounding-dino-tiny|facebook/sam2.1-hiera-tiny]/profile-refine,grounded-sam2[IDEA-Research/grounding-dino|facebook/sam2.1-hiera-tiny]/profile-refine,0.2540460228919983,0.7334335937500001,1.0,0.2540460228919983,0.4325243553386652,False,0.4325243553386652,1.0,Stored score; precursor logits not archived in candidates.json,,,profile priority + SAM quality,0.7334335937500001,0.0,False,False,False,,
car_automobile__02,11,root:1/profile-refine:IDEA-Research_grounding-dino-tiny:vehicle_wiper:02,vehicle_wiper,grounded-sam2[IDEA-Research/grounding-dino-tiny|facebook/sam2.1-hiera-tiny]/profile-refine,grounded-sam2[IDEA-Research/grounding-dino|facebook/sam2.1-hiera-tiny]/profile-refine,0.2514638304710388,0.7728789062500001,1.0,0.2514638304710388,0.4546886074532407,False,0.4546886074532407,1.0,Stored score; precursor logits not archived in candidates.json,,,profile priority + SAM quality,0.7728789062500001,0.0,False,False,False,,
car_automobile__02,12,root:1/profile-refine:IDEA-Research_grounding-dino-tiny:vehicle_badge:02,vehicle_badge,grounded-sam2[IDEA-Research/grounding-dino-tiny|facebook/sam2.1-hiera-tiny]/profile-refine,grounded-sam2[IDEA-Research/grounding-dino|facebook/sam2.1-hiera-tiny]/profile-refine,0.250545859336853,0.8614375000000001,1.0,0.250545859336853,0.5063531542863697,False,0.5063531542863697,1.0,Stored score; precursor logits not archived in candidates.json,,,profile priority + SAM quality,0.8614375000000001,0.0,False,False,False,,
car_automobile__02,13,root:1/vehicle_guided_vehicle_bumper:01,vehicle_bumper,grounded-sam2[IDEA-Research/grounding-dino-tiny|facebook/sam2.1-hiera-tiny]/retrieved-part,grounded-sam2[IDEA-Research/grounding-dino|facebook/sam2.1-hiera-tiny],0.3937831068064683,0.8364338466962614,1.0,0.3937831068064683,0.5575506663478941,False,0.5575506663478941,1.0,Stored score; precursor logits not archived in candidates.json,,,guided SAM quality times retrieval reliability scale,0.8364338466962614,0.0,False,False,False,,
car_automobile__02,14,root:1/visual-region:01,vehicle_visual_panel_01,sam2-amg[facebook/sam2.1-hiera-tiny]/point-grid,sam2-amg[facebook/sam2.1-hiera-tiny],0.7602753363837293,0.62,1.0,0.7602753363837293,0.5382538897068517,False,0.5382538897068517,,visual candidate from stored precursor score and appearance utility,0.7602753363837293,0.0,original matched/generic visual candidate; downstream transformations applied,0.62,0.0,False,False,False,,
car_automobile__02,15,root:1/visual-region:09,vehicle_fender,sam2-amg[facebook/sam2.1-hiera-tiny]/point-grid,sam2-amg[facebook/sam2.1-hiera-tiny],0.8181162475682631,0.68,1.0,0.8181162475682631,0.6119754765905304,False,0.6119754765905304,1.0,visual candidate from stored precursor score and appearance utility,0.8181162475682631,0.0,original matched/generic visual candidate; downstream transformations applied,0.68,0.0,False,False,False,,
car_automobile__02,16,root:1/visual-region:10,vehicle_headlight,sam2-amg[facebook/sam2.1-hiera-tiny]/point-grid,sam2-amg[facebook/sam2.1-hiera-tiny],0.7607307080994317,0.68,1.0,0.7607307080994317,0.5905132848291875,False,0.5905132848291875,1.0,visual candidate from stored precursor score and appearance utility,0.7607307080994317,0.0,original matched/generic visual candidate; downstream transformations applied,0.68,0.0,False,False,False,,
car_automobile__02,17,root:1/visual-region:11,vehicle_visual_detail_06,sam2-amg[facebook/sam2.1-hiera-tiny]/point-grid,sam2-amg[facebook/sam2.1-hiera-tiny],0.7010875411382989,0.62,1.0,0.7010875411382989,0.5180708515281599,False,0.5180708515281599,,visual candidate from stored precursor score and appearance utility,0.7010875411382989,0.0,original matched/generic visual candidate; downstream transformations applied,0.62,0.0,False,False,False,,
car_automobile__02,18,root:1/visual-region:15,vehicle_turn_signal,sam2-amg[facebook/sam2.1-hiera-tiny]/point-grid/semantic-rerank,sam2-amg[facebook/sam2.1-hiera-tiny],0.49752036406558364,0.66,1.0,0.49752036406558364,0.4775998921558069,False,0.4775998921558069,1.0,visual candidate from stored precursor score and appearance utility; semantic rerank,0.49752036406558364,0.0,original matched/generic visual candidate; downstream transformations applied,0.66,0.0,True,False,False,,
car_automobile__02,19,root:1/visual-region:16,vehicle_visual_panel_05,sam2-amg[facebook/sam2.1-hiera-tiny]/point-grid,sam2-amg[facebook/sam2.1-hiera-tiny],0.6535960220744238,0.62,1.0,0.6535960220744238,0.5018762435273786,False,0.5018762435273786,,visual candidate from stored precursor score and appearance utility,0.6535960220744238,0.0,original matched/generic visual candidate; downstream transformations applied,0.62,0.0,False,False,False,,
car_automobile__03,1,root:2,vehicle,grounded-sam2[IDEA-Research/grounding-dino-tiny|facebook/sam2.1-hiera-tiny]/root,grounded-sam2[IDEA-Research/grounding-dino|facebook/sam2.1-hiera-tiny],0.6489114165306091,0.9950195312500001,1.0,0.6489114165306091,0.8028825324869833,False,0.8028825324869833,,Stored score; precursor logits not archived in candidates.json,,,root quality rule; later root-routing maxima can retain different precursor metadata,0.9950195312500001,0.0,False,False,False,specific_root_label,
car_automobile__03,2,root:2/profile-refine:IDEA-Research_grounding-dino-tiny:vehicle_bumper:01,vehicle_bumper,grounded-sam2[IDEA-Research/grounding-dino-tiny|facebook/sam2.1-hiera-tiny]/profile-refine,grounded-sam2[IDEA-Research/grounding-dino|facebook/sam2.1-hiera-tiny]/profile-refine,0.4049191474914551,0.8121308593750001,1.0,0.4049191474914551,0.5463249210950454,False,0.5463249210950454,1.0,Stored score; precursor logits not archived in candidates.json,,,profile priority + SAM quality,0.8121308593750001,0.0,False,False,False,,
car_automobile__03,3,root:2/profile-refine:IDEA-Research_grounding-dino-tiny:vehicle_door:01,vehicle_door,grounded-sam2[IDEA-Research/grounding-dino-tiny|facebook/sam2.1-hiera-tiny]/profile-refine,grounded-sam2[IDEA-Research/grounding-dino|facebook/sam2.1-hiera-tiny]/profile-refine,0.38439205288887024,0.84596875,1.0,0.38439205288887024,0.5595369529707823,False,0.5595369529707823,1.0,Stored score; precursor logits not archived in candidates.json,,,profile priority + SAM quality,0.84596875,0.0,False,False,False,,
car_automobile__03,4,root:2/profile-refine:IDEA-Research_grounding-dino-tiny:vehicle_window:02,vehicle_window,grounded-sam2[IDEA-Research/grounding-dino-tiny|facebook/sam2.1-hiera-tiny]/profile-refine,grounded-sam2[IDEA-Research/grounding-dino|facebook/sam2.1-hiera-tiny]/profile-refine,0.3453260362148285,0.8245058593750001,1.0,0.3453260362148285,0.5276254738583783,False,0.5276254738583783,1.0,Stored score; precursor logits not archived in candidates.json,,,profile priority + SAM quality,0.8245058593750001,0.0,False,False,False,,
car_automobile__03,5,root:2/profile-refine:IDEA-Research_grounding-dino-tiny:vehicle_steering_wheel:01,vehicle_steering_wheel,grounded-sam2[IDEA-Research/grounding-dino-tiny|facebook/sam2.1-hiera-tiny]/profile-refine,grounded-sam2[IDEA-Research/grounding-dino|facebook/sam2.1-hiera-tiny]/profile-refine,0.3377494215965271,0.7489023437500001,1.0,0.3377494215965271,0.47612378807611544,False,0.47612378807611544,1.0,Stored score; precursor logits not archived in candidates.json,,,profile priority + SAM quality,0.7489023437500001,0.0,False,False,False,,
car_automobile__03,6,root:2/profile-refine:IDEA-Research_grounding-dino-tiny:vehicle_headlight:01,vehicle_headlight,grounded-sam2[IDEA-Research/grounding-dino-tiny|facebook/sam2.1-hiera-tiny]/profile-refine,grounded-sam2[IDEA-Research/grounding-dino|facebook/sam2.1-hiera-tiny]/profile-refine,0.333720326423645,0.8540898437500001,1.0,0.333720326423645,0.5411053574857536,False,0.5411053574857536,1.0,Stored score; precursor logits not archived in candidates.json,,,profile priority + SAM quality,0.8540898437500001,0.0,False,False,False,,
car_automobile__03,7,root:2/profile-refine:IDEA-Research_grounding-dino-tiny:vehicle_windshield:02,vehicle_windshield,grounded-sam2[IDEA-Research/grounding-dino-tiny|facebook/sam2.1-hiera-tiny]/profile-refine,grounded-sam2[IDEA-Research/grounding-dino|facebook/sam2.1-hiera-tiny]/profile-refine,0.3306873142719269,0.823345703125,1.0,0.3306873142719269,0.5202540550123057,False,0.5202540550123057,1.0,Stored score; precursor logits not archived in candidates.json,,,profile priority + SAM quality,0.823345703125,0.0,False,False,False,,
car_automobile__03,8,root:2/profile-refine:IDEA-Research_grounding-dino-tiny:vehicle_wiper:02,vehicle_wiper,grounded-sam2[IDEA-Research/grounding-dino-tiny|facebook/sam2.1-hiera-tiny]/profile-refine,grounded-sam2[IDEA-Research/grounding-dino|facebook/sam2.1-hiera-tiny]/profile-refine,0.26721689105033875,0.7583769531250001,1.0,0.26721689105033875,0.45272775131831017,False,0.45272775131831017,1.0,Stored score; precursor logits not archived in candidates.json,,,profile priority + SAM quality,0.7583769531250001,0.0,False,False,False,,
car_automobile__03,9,root:2/profile-refine:IDEA-Research_grounding-dino-tiny:vehicle_wiper:03,vehicle_wiper,grounded-sam2[IDEA-Research/grounding-dino-tiny|facebook/sam2.1-hiera-tiny]/profile-refine,grounded-sam2[IDEA-Research/grounding-dino|facebook/sam2.1-hiera-tiny]/profile-refine,0.2512800693511963,0.7897011718750001,1.0,0.2512800693511963,0.4645054182232591,False,0.4645054182232591,1.0,Stored score; precursor logits not archived in candidates.json,,,profile priority + SAM quality,0.7897011718750001,0.0,False,False,False,,
car_automobile__03,10,root:2/profile-refine:IDEA-Research_grounding-dino-tiny:vehicle_wiper:01,vehicle_wiper,grounded-sam2[IDEA-Research/grounding-dino-tiny|facebook/sam2.1-hiera-tiny]/profile-refine,grounded-sam2[IDEA-Research/grounding-dino|facebook/sam2.1-hiera-tiny]/profile-refine,0.32348695397377014,0.7984023437500001,1.0,0.32348695397377014,0.5013310629113636,False,0.5013310629113636,1.0,Stored score; precursor logits not archived in candidates.json,,,profile priority + SAM quality,0.7984023437500001,0.0,False,False,False,,
car_automobile__03,11,root:2/profile-refine:IDEA-Research_grounding-dino-tiny:vehicle_dashboard:01,vehicle_dashboard,grounded-sam2[IDEA-Research/grounding-dino-tiny|facebook/sam2.1-hiera-tiny]/profile-refine,grounded-sam2[IDEA-Research/grounding-dino|facebook/sam2.1-hiera-tiny]/profile-refine,0.316791832447052,0.84944921875,1.0,0.316791832447052,0.5302563644556911,False,0.5302563644556911,1.0,Stored score; precursor logits not archived in candidates.json,,,profile priority + SAM quality,0.84944921875,0.0,False,False,False,,
car_automobile__03,12,root:2/profile-refine:IDEA-Research_grounding-dino-tiny:vehicle_rim:03,vehicle_rim,grounded-sam2[IDEA-Research/grounding-dino-tiny|facebook/sam2.1-hiera-tiny]/profile-refine,grounded-sam2[IDEA-Research/grounding-dino|facebook/sam2.1-hiera-tiny]/profile-refine,0.30455854535102844,0.8579570312500001,1.0,0.30455854535102844,0.5297946440386528,False,0.5297946440386528,1.0,Stored score; precursor logits not archived in candidates.json,,,profile priority + SAM quality,0.8579570312500001,0.0,False,False,False,,
car_automobile__03,13,root:2/profile-refine:IDEA-Research_grounding-dino-tiny:vehicle_seat:01,vehicle_seat,grounded-sam2[IDEA-Research/grounding-dino-tiny|facebook/sam2.1-hiera-tiny]/profile-refine,grounded-sam2[IDEA-Research/grounding-dino|facebook/sam2.1-hiera-tiny]/profile-refine,0.2958398759365082,0.8129042968750001,1.0,0.2958398759365082,0.49807616207841504,False,0.49807616207841504,1.0,Stored score; precursor logits not archived in candidates.json,,,profile priority + SAM quality,0.8129042968750001,0.0,False,False,False,,
car_automobile__03,14,root:2/profile-refine:IDEA-Research_grounding-dino-tiny:vehicle_fender:02,vehicle_fender,grounded-sam2[IDEA-Research/grounding-dino-tiny|facebook/sam2.1-hiera-tiny]/profile-refine,grounded-sam2[IDEA-Research/grounding-dino|facebook/sam2.1-hiera-tiny]/profile-refine,0.28517282009124756,0.8132910156250001,1.0,0.28517282009124756,0.4935416278956109,False,0.4935416278956109,1.0,Stored score; precursor logits not archived in candidates.json,,,profile priority + SAM quality,0.8132910156250001,0.0,False,False,False,,
car_automobile__03,15,root:2/profile-refine:IDEA-Research_grounding-dino-tiny:vehicle_hood:01,vehicle_hood,grounded-sam2[IDEA-Research/grounding-dino-tiny|facebook/sam2.1-hiera-tiny]/profile-refine,grounded-sam2[IDEA-Research/grounding-dino|facebook/sam2.1-hiera-tiny]/profile-refine,0.2760069966316223,0.836494140625,1.0,0.2760069966316223,0.5034053927808709,False,0.5034053927808709,1.0,Stored score; precursor logits not archived in candidates.json,,,profile priority + SAM quality,0.836494140625,0.0,False,False,False,,
car_automobile__03,16,root:2/profile-refine:IDEA-Research_grounding-dino-tiny:vehicle_grille:02,vehicle_grille,grounded-sam2[IDEA-Research/grounding-dino-tiny|facebook/sam2.1-hiera-tiny]/profile-refine,grounded-sam2[IDEA-Research/grounding-dino|facebook/sam2.1-hiera-tiny]/profile-refine,0.2628418207168579,0.8127109375,1.0,0.2628418207168579,0.48320785426595253,False,0.48320785426595253,1.0,Stored score; precursor logits not archived in candidates.json,,,profile priority + SAM quality,0.8127109375,0.0,False,False,False,,
car_automobile__03,17,root:2/profile-refine:IDEA-Research_grounding-dino-tiny:vehicle_roof:01,vehicle_roof,grounded-sam2[IDEA-Research/grounding-dino-tiny|facebook/sam2.1-hiera-tiny]/profile-refine,grounded-sam2[IDEA-Research/grounding-dino|facebook/sam2.1-hiera-tiny]/profile-refine,0.2546016275882721,0.8469355468750001,1.0,0.2546016275882721,0.4997181388769561,False,0.4997181388769561,1.0,Stored score; precursor logits not archived in candidates.json,,,profile priority + SAM quality,0.8469355468750001,0.0,False,False,False,,
car_automobile__03,18,root:2/vehicle_guided_vehicle_tire:01,vehicle_tire,grounded-sam2[IDEA-Research/grounding-dino-tiny|facebook/sam2.1-hiera-tiny]/retrieved-part,grounded-sam2[IDEA-Research/grounding-dino|facebook/sam2.1-hiera-tiny],0.4064420705036392,0.8408549792309291,1.0,0.4064420705036392,0.5663521019674704,False,0.5663521019674704,1.0,Stored score; precursor logits not archived in candidates.json,,,guided SAM quality times retrieval reliability scale,0.8408549792309291,0.0,False,False,False,,
car_automobile__03,19,root:2/visual-region:01,vehicle_door,sam2-amg[facebook/sam2.1-hiera-tiny]/point-grid,sam2-amg[facebook/sam2.1-hiera-tiny],0.7737319494524653,0.68,1.0,0.7737319494524653,0.5953757490952221,False,0.5953757490952221,1.0,visual candidate from stored precursor score and appearance utility,0.7737319494524653,0.0,original matched/generic visual candidate; downstream transformations applied,0.68,0.0,False,False,False,,
car_automobile__03,20,root:2/visual-region:17,vehicle_headlight,sam2-amg[facebook/sam2.1-hiera-tiny]/point-grid,sam2-amg[facebook/sam2.1-hiera-tiny],0.7021587987345976,0.68,1.0,0.7021587987345976,0.5686073907267395,False,0.5686073907267395,1.0,visual candidate from stored precursor score and appearance utility,0.7021587987345976,0.0,original matched/generic visual candidate; downstream transformations applied,0.68,0.0,False,False,False,,
car_automobile__03,21,root:2/visual-region:05,vehicle_headlight,sam2-amg[facebook/sam2.1-hiera-tiny]/point-grid/semantic-rerank,sam2-amg[facebook/sam2.1-hiera-tiny],0.5503601649308139,0.66,1.0,0.5503601649308139,0.4967807398698854,False,0.4967807398698854,1.0,visual candidate from stored precursor score and appearance utility; semantic rerank,0.5503601649308139,0.0,original matched/generic visual candidate; downstream transformations applied,0.66,0.0,True,False,False,,
car_automobile__03,22,root:2/visual-region:07,vehicle_fender,sam2-amg[facebook/sam2.1-hiera-tiny]/point-grid/semantic-rerank,sam2-amg[facebook/sam2.1-hiera-tiny],0.5883083714212617,0.66,1.0,0.5883083714212617,0.510555938825918,False,0.510555938825918,1.0,visual candidate from stored precursor score and appearance utility; semantic rerank,0.5883083714212617,0.0,original matched/generic visual candidate; downstream transformations applied,0.66,0.0,True,False,False,,
car_automobile__03,23,root:2/visual-region:11,vehicle_dashboard,sam2-amg[facebook/sam2.1-hiera-tiny]/point-grid,sam2-amg[facebook/sam2.1-hiera-tiny],0.6825786191475649,0.68,1.0,0.6825786191475649,0.5612844035611894,False,0.5612844035611894,1.0,visual candidate from stored precursor score and appearance utility,0.6825786191475649,0.0,original matched/generic visual candidate; downstream transformations applied,0.68,0.0,False,False,False,,
car_automobile__03,24,root:2/visual-region:13,vehicle_tire,sam2-amg[facebook/sam2.1-hiera-tiny]/point-grid,sam2-amg[facebook/sam2.1-hiera-tiny],0.8399191702611004,0.68,1.0,0.8399191702611004,0.6201297696776517,False,0.6201297696776517,1.0,visual candidate from stored precursor score and appearance utility,0.8399191702611004,0.0,original matched/generic visual candidate; downstream transformations applied,0.68,0.0,False,False,False,,
car_automobile__03,25,root:2/visual-region:16,vehicle_handle,sam2-amg[facebook/sam2.1-hiera-tiny]/prototype-labelled-region,sam2-amg[facebook/sam2.1-hiera-tiny],0.792585685743668,0.6101247018346787,1.0,0.792585685743668,0.5405229736816398,False,0.5405229736816398,1.0,visual candidate from stored precursor score and appearance utility; prototype label leaves score unchanged,0.792585685743668,0.0,original matched/generic visual candidate; downstream transformations applied,0.6101247018346787,0.0,False,False,False,,
car_automobile__03,26,root:2/visual-region:18,vehicle_rim,sam2-amg[facebook/sam2.1-hiera-tiny]/point-grid,sam2-amg[facebook/sam2.1-hiera-tiny],0.7960101424889274,0.68,1.0,0.7960101424889274,0.6037077932908589,False,0.6037077932908589,1.0,visual candidate from stored precursor score and appearance utility,0.7960101424889274,0.0,original matched/generic visual candidate; downstream transformations applied,0.68,0.0,False,False,False,,
car_automobile__04,1,root:1,vehicle,grounded-sam2[IDEA-Research/grounding-dino-tiny|facebook/sam2.1-hiera-tiny]/root,grounded-sam2[IDEA-Research/grounding-dino|facebook/sam2.1-hiera-tiny],0.7676898241043091,0.9959960937500001,1.0,0.7676898241043091,0.8687370784982342,False,0.8687370784982342,,Stored score; precursor logits not archived in candidates.json,,,root quality rule; later root-routing maxima can retain different precursor metadata,0.9959960937500001,0.0,False,False,False,specific_root_label,
car_automobile__04,2,root:1/profile-refine:IDEA-Research_grounding-dino-tiny:vehicle_door:01,vehicle_door,grounded-sam2[IDEA-Research/grounding-dino-tiny|facebook/sam2.1-hiera-tiny]/profile-refine,grounded-sam2[IDEA-Research/grounding-dino|facebook/sam2.1-hiera-tiny]/profile-refine,0.4957352578639984,0.8521562500000002,1.0,0.4957352578639984,0.6158144565837924,False,0.6158144565837924,1.0,Stored score; precursor logits not archived in candidates.json,,,profile priority + SAM quality,0.8521562500000002,0.0,False,False,False,,
car_automobile__04,3,root:1/profile-refine:IDEA-Research_grounding-dino-tiny:vehicle_window:01,vehicle_window,grounded-sam2[IDEA-Research/grounding-dino-tiny|facebook/sam2.1-hiera-tiny]/profile-refine,grounded-sam2[IDEA-Research/grounding-dino|facebook/sam2.1-hiera-tiny]/profile-refine,0.4326026439666748,0.843841796875,1.0,0.4326026439666748,0.5805053144234932,False,0.5805053144234932,1.0,Stored score; precursor logits not archived in candidates.json,,,profile priority + SAM quality,0.843841796875,0.0,False,False,False,,
car_automobile__04,4,root:1/profile-refine:IDEA-Research_grounding-dino-tiny:vehicle_window:03,vehicle_window,grounded-sam2[IDEA-Research/grounding-dino-tiny|facebook/sam2.1-hiera-tiny]/profile-refine,grounded-sam2[IDEA-Research/grounding-dino|facebook/sam2.1-hiera-tiny]/profile-refine,0.28517282009124756,0.865498046875,1.0,0.28517282009124756,0.5252232064396958,False,0.5252232064396958,1.0,Stored score; precursor logits not archived in candidates.json,,,profile priority + SAM quality,0.865498046875,0.0,False,False,False,,
car_automobile__04,5,root:1/profile-refine:IDEA-Research_grounding-dino-tiny:vehicle_mirror:01,vehicle_mirror,grounded-sam2[IDEA-Research/grounding-dino-tiny|facebook/sam2.1-hiera-tiny]/profile-refine,grounded-sam2[IDEA-Research/grounding-dino|facebook/sam2.1-hiera-tiny]/profile-refine,0.39233678579330444,0.847515625,1.0,0.39233678579330444,0.564263387172157,False,0.564263387172157,1.0,Stored score; precursor logits not archived in candidates.json,,,profile priority + SAM quality,0.847515625,0.0,False,False,False,,
car_automobile__04,6,root:1/profile-refine:IDEA-Research_grounding-dino-tiny:vehicle_wiper:01,vehicle_wiper,grounded-sam2[IDEA-Research/grounding-dino-tiny|facebook/sam2.1-hiera-tiny]/profile-refine,grounded-sam2[IDEA-Research/grounding-dino|facebook/sam2.1-hiera-tiny]/profile-refine,0.2965523898601532,0.8043964843750001,1.0,0.2965523898601532,0.49317855287883144,False,0.49317855287883144,1.0,Stored score; precursor logits not archived in candidates.json,,,profile priority + SAM quality,0.8043964843750001,0.0,False,False,False,,
car_automobile__04,7,root:1/profile-refine:IDEA-Research_grounding-dino-tiny:vehicle_headlight:02,vehicle_headlight,grounded-sam2[IDEA-Research/grounding-dino-tiny|facebook/sam2.1-hiera-tiny]/profile-refine,grounded-sam2[IDEA-Research/grounding-dino|facebook/sam2.1-hiera-tiny]/profile-refine,0.29209020733833313,0.8237324218750001,1.0,0.29209020733833313,0.503011885486977,False,0.503011885486977,1.0,Stored score; precursor logits not archived in candidates.json,,,profile priority + SAM quality,0.8237324218750001,0.0,False,False,False,,
car_automobile__04,8,root:1/profile-refine:IDEA-Research_grounding-dino-tiny:vehicle_rim:02,vehicle_rim,grounded-sam2[IDEA-Research/grounding-dino-tiny|facebook/sam2.1-hiera-tiny]/profile-refine,grounded-sam2[IDEA-Research/grounding-dino|facebook/sam2.1-hiera-tiny]/profile-refine,0.2884688675403595,0.86453125,1.0,0.2884688675403595,0.5262037553524133,False,0.5262037553524133,1.0,Stored score; precursor logits not archived in candidates.json,,,profile priority + SAM quality,0.86453125,0.0,False,False,False,,
car_automobile__04,9,root:1/profile-refine:IDEA-Research_grounding-dino-tiny:vehicle_hood:01,vehicle_hood,grounded-sam2[IDEA-Research/grounding-dino-tiny|facebook/sam2.1-hiera-tiny]/profile-refine,grounded-sam2[IDEA-Research/grounding-dino|facebook/sam2.1-hiera-tiny]/profile-refine,0.28806814551353455,0.815611328125,1.0,0.28806814551353455,0.49624850117028985,False,0.49624850117028985,1.0,Stored score; precursor logits not archived in candidates.json,,,profile priority + SAM quality,0.815611328125,0.0,False,False,False,,
car_automobile__04,10,root:1/profile-refine:IDEA-Research_grounding-dino-tiny:vehicle_tire:04,vehicle_tire,grounded-sam2[IDEA-Research/grounding-dino-tiny|facebook/sam2.1-hiera-tiny]/profile-refine,grounded-sam2[IDEA-Research/grounding-dino|facebook/sam2.1-hiera-tiny]/profile-refine,0.28388065099716187,0.8246992187500001,1.0,0.28388065099716187,0.4998785315400805,False,0.4998785315400805,1.0,Stored score; precursor logits not archived in candidates.json,,,profile priority + SAM quality,0.8246992187500001,0.0,False,False,False,,
car_automobile__04,11,root:1/profile-refine:IDEA-Research_grounding-dino-tiny:vehicle_trunk:01,vehicle_trunk,grounded-sam2[IDEA-Research/grounding-dino-tiny|facebook/sam2.1-hiera-tiny]/profile-refine,grounded-sam2[IDEA-Research/grounding-dino|facebook/sam2.1-hiera-tiny]/profile-refine,0.2728956639766693,0.8457753906250001,1.0,0.2728956639766693,0.507543566021105,False,0.507543566021105,1.0,Stored score; precursor logits not archived in candidates.json,,,profile priority + SAM quality,0.8457753906250001,0.0,False,False,False,,
car_automobile__04,12,root:1/vehicle_guided_vehicle_bumper:01,vehicle_bumper,grounded-sam2[IDEA-Research/grounding-dino-tiny|facebook/sam2.1-hiera-tiny]/retrieved-part,grounded-sam2[IDEA-Research/grounding-dino|facebook/sam2.1-hiera-tiny],0.4457593327321796,0.8070906209847226,1.0,0.4457593327321796,0.5610632766086279,False,0.5610632766086279,1.0,Stored score; precursor logits not archived in candidates.json,,,guided SAM quality times retrieval reliability scale,0.8070906209847226,0.0,False,False,False,,
car_automobile__04,13,root:1/vehicle_guided_vehicle_windshield:01,vehicle_windshield,grounded-sam2[IDEA-Research/grounding-dino-tiny|facebook/sam2.1-hiera-tiny]/retrieved-part,grounded-sam2[IDEA-Research/grounding-dino|facebook/sam2.1-hiera-tiny],0.4188441537454761,0.8364934397361835,1.0,0.4188441537454761,0.5691202606652519,False,0.5691202606652519,1.0,Stored score; precursor logits not archived in candidates.json,,,guided SAM quality times retrieval reliability scale,0.8364934397361835,0.0,False,False,False,,
car_automobile__04,14,root:1/visual-region:01,vehicle_roof,sam2-amg[facebook/sam2.1-hiera-tiny]/prototype-labelled-region,sam2-amg[facebook/sam2.1-hiera-tiny],0.8273841793444212,0.6078478211975098,1.0,0.8273841793444212,0.5501395384281673,False,0.5501395384281673,1.0,visual candidate from stored precursor score and appearance utility; prototype label leaves score unchanged,0.8273841793444212,0.0,original matched/generic visual candidate; downstream transformations applied,0.6078478211975098,0.0,False,False,False,,
car_automobile__04,15,root:1/visual-region:03,vehicle_door,sam2-amg[facebook/sam2.1-hiera-tiny]/point-grid,sam2-amg[facebook/sam2.1-hiera-tiny],0.7743235223087419,0.68,1.0,0.7743235223087419,0.5955969973434696,False,0.5955969973434696,1.0,visual candidate from stored precursor score and appearance utility,0.7743235223087419,0.0,original matched/generic visual candidate; downstream transformations applied,0.68,0.0,False,False,False,,
car_automobile__04,16,root:1/visual-region:05,vehicle_mirror,sam2-amg[facebook/sam2.1-hiera-tiny]/point-grid,sam2-amg[facebook/sam2.1-hiera-tiny],0.8314804922371264,0.68,1.0,0.8314804922371264,0.6169737040966854,False,0.6169737040966854,1.0,visual candidate from stored precursor score and appearance utility,0.8314804922371264,0.0,original matched/generic visual candidate; downstream transformations applied,0.68,0.0,False,False,False,,
car_automobile__04,17,root:1/visual-region:06,vehicle_taillight,sam2-amg[facebook/sam2.1-hiera-tiny]/point-grid/semantic-rerank,sam2-amg[facebook/sam2.1-hiera-tiny],0.497106388883924,0.66,1.0,0.497106388883924,0.47744961916486445,False,0.47744961916486445,1.0,visual candidate from stored precursor score and appearance utility; semantic rerank,0.497106388883924,0.0,original matched/generic visual candidate; downstream transformations applied,0.66,0.0,True,False,False,,
bicycle__01,1,root:1,vehicle,grounded-sam2[IDEA-Research/grounding-dino-tiny|facebook/sam2.1-hiera-tiny]/root,grounded-sam2[IDEA-Research/grounding-dino|facebook/sam2.1-hiera-tiny],0.9431384205818176,0.9773437500000001,1.0,0.9431384205818176,0.946778429907281,False,0.946778429907281,,Stored score; precursor logits not archived in candidates.json,,,root quality rule; later root-routing maxima can retain different precursor metadata,0.9773437500000001,0.0,False,False,False,specific_root_label,
bicycle__01,2,root:1/profile-refine:IDEA-Research_grounding-dino-tiny:vehicle_down_tube:01,vehicle_down_tube,grounded-sam2[IDEA-Research/grounding-dino-tiny|facebook/sam2.1-hiera-tiny]/profile-refine,grounded-sam2[IDEA-Research/grounding-dino|facebook/sam2.1-hiera-tiny]/profile-refine,0.43296223878860474,0.8552500000000001,1.0,0.43296223878860474,0.5885225250981748,False,0.5885225250981748,1.0,Stored score; precursor logits not archived in candidates.json,,,profile priority + SAM quality,0.8552500000000001,0.0,False,False,False,,
bicycle__01,3,root:1/profile-refine:IDEA-Research_grounding-dino-tiny:vehicle_fork:01,vehicle_fork,grounded-sam2[IDEA-Research/grounding-dino-tiny|facebook/sam2.1-hiera-tiny]/profile-refine,grounded-sam2[IDEA-Research/grounding-dino|facebook/sam2.1-hiera-tiny]/profile-refine,0.36285629868507385,0.8614375000000001,1.0,0.36285629868507385,0.5595647875391879,False,0.5595647875391879,1.0,Stored score; precursor logits not archived in candidates.json,,,profile priority + SAM quality,0.8614375000000001,0.0,False,False,False,,
bicycle__01,4,root:1/profile-refine:IDEA-Research_grounding-dino-tiny:vehicle_head_tube:01,vehicle_head_tube,grounded-sam2[IDEA-Research/grounding-dino-tiny|facebook/sam2.1-hiera-tiny]/profile-refine,grounded-sam2[IDEA-Research/grounding-dino|facebook/sam2.1-hiera-tiny]/profile-refine,0.35611072182655334,0.8130976562500001,1.0,0.35611072182655334,0.5251479816179665,False,0.5251479816179665,1.0,Stored score; precursor logits not archived in candidates.json,,,profile priority + SAM quality,0.8130976562500001,0.0,False,False,False,,
bicycle__01,5,root:1/profile-refine:IDEA-Research_grounding-dino-tiny:vehicle_chain:01,vehicle_chain,grounded-sam2[IDEA-Research/grounding-dino-tiny|facebook/sam2.1-hiera-tiny]/profile-refine,grounded-sam2[IDEA-Research/grounding-dino|facebook/sam2.1-hiera-tiny]/profile-refine,0.3408142030239105,0.7595371093750001,1.0,0.3408142030239105,0.484165268248049,False,0.484165268248049,1.0,Stored score; precursor logits not archived in candidates.json,,,profile priority + SAM quality,0.7595371093750001,0.0,False,False,False,,
bicycle__01,6,root:1/profile-refine:IDEA-Research_grounding-dino-tiny:vehicle_handlebar:02,vehicle_handlebar,grounded-sam2[IDEA-Research/grounding-dino-tiny|facebook/sam2.1-hiera-tiny]/profile-refine,grounded-sam2[IDEA-Research/grounding-dino|facebook/sam2.1-hiera-tiny]/profile-refine,0.3010537028312683,0.75625,1.0,0.3010537028312683,0.4655320245213807,False,0.4655320245213807,1.0,Stored score; precursor logits not archived in candidates.json,,,profile priority + SAM quality,0.75625,0.0,False,False,False,,
bicycle__01,7,root:1/profile-refine:IDEA-Research_grounding-dino-tiny:vehicle_top_tube:01,vehicle_top_tube,grounded-sam2[IDEA-Research/grounding-dino-tiny|facebook/sam2.1-hiera-tiny]/profile-refine,grounded-sam2[IDEA-Research/grounding-dino|facebook/sam2.1-hiera-tiny]/profile-refine,0.2994123697280884,0.8552500000000001,1.0,0.2994123697280884,0.5257023360654712,False,0.5257023360654712,1.0,Stored score; precursor logits not archived in candidates.json,,,profile priority + SAM quality,0.8552500000000001,0.0,False,False,False,,
bicycle__01,8,root:1/profile-refine:IDEA-Research_grounding-dino-tiny:vehicle_gear:02,vehicle_gear,grounded-sam2[IDEA-Research/grounding-dino-tiny|facebook/sam2.1-hiera-tiny]/profile-refine,grounded-sam2[IDEA-Research/grounding-dino|facebook/sam2.1-hiera-tiny]/profile-refine,0.25720497965812683,0.8552500000000001,1.0,0.25720497965812683,0.5058485073689372,False,0.5058485073689372,1.0,Stored score; precursor logits not archived in candidates.json,,,profile priority + SAM quality,0.8552500000000001,0.0,False,False,False,,
bicycle__01,9,root:1/visual-region:02,vehicle_fork,sam2-amg[facebook/sam2.1-hiera-tiny]/point-grid,sam2-amg[facebook/sam2.1-hiera-tiny],0.7839356882012645,0.68,1.0,0.7839356882012645,0.599191947387273,False,0.599191947387273,1.0,visual candidate from stored precursor score and appearance utility,0.7839356882012645,0.0,original matched/generic visual candidate; downstream transformations applied,0.68,0.0,False,False,False,,
bicycle__01,10,root:1/visual-region:03,vehicle_down_tube,sam2-amg[facebook/sam2.1-hiera-tiny]/point-grid,sam2-amg[facebook/sam2.1-hiera-tiny],0.8348876369131962,0.68,1.0,0.8348876369131962,0.6182479762055355,False,0.6182479762055355,1.0,visual candidate from stored precursor score and appearance utility,0.8348876369131962,0.0,original matched/generic visual candidate; downstream transformations applied,0.68,0.0,False,False,False,,
bicycle__01,11,root:1/visual-region:06,vehicle_pedal,sam2-amg[facebook/sam2.1-hiera-tiny]/point-grid/semantic-rerank,sam2-amg[facebook/sam2.1-hiera-tiny],0.5241454442520342,0.66,1.0,0.5241454442520342,0.4872647962634885,False,0.4872647962634885,1.0,visual candidate from stored precursor score and appearance utility; semantic rerank,0.5241454442520342,0.0,original matched/generic visual candidate; downstream transformations applied,0.66,0.0,True,False,False,,
bicycle__02,1,root:1,vehicle,grounded-sam2[IDEA-Research/grounding-dino-tiny|facebook/sam2.1-hiera-tiny]/root,grounded-sam2[IDEA-Research/grounding-dino|facebook/sam2.1-hiera-tiny],0.9024378061294556,0.9560546875,1.0,0.9024378061294556,0.9047535514750054,False,0.9047535514750054,,Stored score; precursor logits not archived in candidates.json,,,root quality rule; later root-routing maxima can retain different precursor metadata,0.9560546875,0.0,False,False,False,specific_root_label,
bicycle__02,2,root:1/profile-refine:IDEA-Research_grounding-dino-tiny:vehicle_handlebar:01,vehicle_handlebar,grounded-sam2[IDEA-Research/grounding-dino-tiny|facebook/sam2.1-hiera-tiny]/profile-refine,grounded-sam2[IDEA-Research/grounding-dino|facebook/sam2.1-hiera-tiny]/profile-refine,0.4399277865886688,0.85486328125,1.0,0.4399277865886688,0.5915314376984315,False,0.5915314376984315,1.0,Stored score; precursor logits not archived in candidates.json,,,profile priority + SAM quality,0.85486328125,0.0,False,False,False,,
bicycle__02,3,root:1/profile-refine:IDEA-Research_grounding-dino-tiny:vehicle_top_tube:01,vehicle_top_tube,grounded-sam2[IDEA-Research/grounding-dino-tiny|facebook/sam2.1-hiera-tiny]/profile-refine,grounded-sam2[IDEA-Research/grounding-dino|facebook/sam2.1-hiera-tiny]/profile-refine,0.3485342860221863,0.85486328125,1.0,0.3485342860221863,0.5485605164198788,False,0.5485605164198788,1.0,Stored score; precursor logits not archived in candidates.json,,,profile priority + SAM quality,0.85486328125,0.0,False,False,False,,
bicycle__02,4,root:1/profile-refine:IDEA-Research_grounding-dino-tiny:vehicle_fork:01,vehicle_fork,grounded-sam2[IDEA-Research/grounding-dino-tiny|facebook/sam2.1-hiera-tiny]/profile-refine,grounded-sam2[IDEA-Research/grounding-dino|facebook/sam2.1-hiera-tiny]/profile-refine,0.3037318289279938,0.841908203125,1.0,0.3037318289279938,0.5195015664848005,False,0.5195015664848005,1.0,Stored score; precursor logits not archived in candidates.json,,,profile priority + SAM quality,0.841908203125,0.0,False,False,False,,
bicycle__02,5,root:1/profile-refine:IDEA-Research_grounding-dino-tiny:vehicle_stem:01,vehicle_stem,grounded-sam2[IDEA-Research/grounding-dino-tiny|facebook/sam2.1-hiera-tiny]/profile-refine,grounded-sam2[IDEA-Research/grounding-dino|facebook/sam2.1-hiera-tiny]/profile-refine,0.24617071449756622,0.810197265625,1.0,0.24617071449756622,0.4742845314008345,False,0.4742845314008345,1.0,Stored score; precursor logits not archived in candidates.json,,,profile priority + SAM quality,0.810197265625,0.0,False,False,False,,
bicycle__02,6,root:1/visual-region:01,vehicle_visual_panel_01,sam2-amg[facebook/sam2.1-hiera-tiny]/point-grid,sam2-amg[facebook/sam2.1-hiera-tiny],0.7242240795442577,0.62,1.0,0.7242240795442577,0.5259604111245919,False,0.5259604111245919,,visual candidate from stored precursor score and appearance utility,0.7242240795442577,0.0,original matched/generic visual candidate; downstream transformations applied,0.62,0.0,False,False,False,,
bicycle__02,7,root:1/visual-region:02,vehicle_top_tube,sam2-amg[facebook/sam2.1-hiera-tiny]/point-grid,sam2-amg[facebook/sam2.1-hiera-tiny],0.7340555074815398,0.68,1.0,0.7340555074815398,0.5805367597980959,False,0.5805367597980959,1.0,visual candidate from stored precursor score and appearance utility,0.7340555074815398,0.0,original matched/generic visual candidate; downstream transformations applied,0.68,0.0,False,False,False,,
bicycle__02,8,root:1/visual-region:05,vehicle_visual_strip_01,sam2-amg[facebook/sam2.1-hiera-tiny]/point-grid,sam2-amg[facebook/sam2.1-hiera-tiny],0.6430949742801844,0.62,1.0,0.6430949742801844,0.49829538622954295,False,0.49829538622954295,,visual candidate from stored precursor score and appearance utility,0.6430949742801844,0.0,original matched/generic visual candidate; downstream transformations applied,0.62,0.0,False,False,False,,
bicycle__02,9,root:1/visual-region:06,vehicle_visual_strip_02,sam2-amg[facebook/sam2.1-hiera-tiny]/point-grid,sam2-amg[facebook/sam2.1-hiera-tiny],0.671285953200704,0.62,1.0,0.671285953200704,0.5079085100414401,False,0.5079085100414401,,visual candidate from stored precursor score and appearance utility,0.671285953200704,0.0,original matched/generic visual candidate; downstream transformations applied,0.62,0.0,False,False,False,,
bicycle__02,10,root:1/visual-region:07,vehicle_visual_strip_03,sam2-amg[facebook/sam2.1-hiera-tiny]/point-grid,sam2-amg[facebook/sam2.1-hiera-tiny],0.686394877085373,0.62,1.0,0.686394877085373,0.5130606530861122,False,0.5130606530861122,,visual candidate from stored precursor score and appearance utility,0.686394877085373,0.0,original matched/generic visual candidate; downstream transformations applied,0.62,0.0,False,False,False,,
bicycle__02,11,root:1/visual-region:11,vehicle_visual_strip_05,sam2-amg[facebook/sam2.1-hiera-tiny]/point-grid,sam2-amg[facebook/sam2.1-hiera-tiny],0.7603181020583949,0.62,1.0,0.7603181020583949,0.5382684728019127,False,0.5382684728019127,,visual candidate from stored precursor score and appearance utility,0.7603181020583949,0.0,original matched/generic visual candidate; downstream transformations applied,0.62,0.0,False,False,False,,
bicycle__02,12,root:1/visual-region:12,vehicle_gear,sam2-amg[facebook/sam2.1-hiera-tiny]/prototype-labelled-region,sam2-amg[facebook/sam2.1-hiera-tiny],0.7527370738026276,0.6091429257125854,1.0,0.7527370738026276,0.5263027714563181,False,0.5263027714563181,1.0,visual candidate from stored precursor score and appearance utility; prototype label leaves score unchanged,0.7527370738026276,0.0,original matched/generic visual candidate; downstream transformations applied,0.6091429257125854,0.0,False,False,False,,
bicycle__02,13,root:1/visual-region:14,vehicle_seat_tube,sam2-amg[facebook/sam2.1-hiera-tiny]/point-grid/semantic-rerank,sam2-amg[facebook/sam2.1-hiera-tiny],0.5376713833082601,0.66,1.0,0.5376713833082601,0.4921747121408985,False,0.4921747121408985,1.0,visual candidate from stored precursor score and appearance utility; semantic rerank,0.5376713833082601,0.0,original matched/generic visual candidate; downstream transformations applied,0.66,0.0,True,False,False,,
bicycle__03,1,root:1,vehicle,grounded-sam2[IDEA-Research/grounding-dino-tiny|facebook/sam2.1-hiera-tiny]/root,grounded-sam2[IDEA-Research/grounding-dino|facebook/sam2.1-hiera-tiny],0.9102266430854797,0.9901367187500001,1.0,0.9102266430854797,0.9412483753744165,False,0.9412483753744165,,Stored score; precursor logits not archived in candidates.json,,,root quality rule; later root-routing maxima can retain different precursor metadata,0.9901367187500001,0.0,False,False,False,specific_root_label,
bicycle__03,2,root:1/profile-refine:IDEA-Research_grounding-dino-tiny:vehicle_top_tube:02,vehicle_top_tube,grounded-sam2[IDEA-Research/grounding-dino-tiny|facebook/sam2.1-hiera-tiny]/profile-refine,grounded-sam2[IDEA-Research/grounding-dino|facebook/sam2.1-hiera-tiny]/profile-refine,0.3665897250175476,0.83784765625,1.0,0.3665897250175476,0.5459619333637064,False,0.5459619333637064,1.0,Stored score; precursor logits not archived in candidates.json,,,profile priority + SAM quality,0.83784765625,0.0,False,False,False,,
bicycle__03,3,root:1/profile-refine:IDEA-Research_grounding-dino-tiny:vehicle_handlebar:01,vehicle_handlebar,grounded-sam2[IDEA-Research/grounding-dino-tiny|facebook/sam2.1-hiera-tiny]/profile-refine,grounded-sam2[IDEA-Research/grounding-dino|facebook/sam2.1-hiera-tiny]/profile-refine,0.31027624011039734,0.8343671875,1.0,0.31027624011039734,0.5178516069699428,False,0.5178516069699428,1.0,Stored score; precursor logits not archived in candidates.json,,,profile priority + SAM quality,0.8343671875,0.0,False,False,False,,
bicycle__03,4,root:1/profile-refine:IDEA-Research_grounding-dino-tiny:vehicle_seat_tube:02,vehicle_seat_tube,grounded-sam2[IDEA-Research/grounding-dino-tiny|facebook/sam2.1-hiera-tiny]/profile-refine,grounded-sam2[IDEA-Research/grounding-dino|facebook/sam2.1-hiera-tiny]/profile-refine,0.30352529883384705,0.841908203125,1.0,0.30352529883384705,0.5194059328255506,False,0.5194059328255506,1.0,Stored score; precursor logits not archived in candidates.json,,,profile priority + SAM quality,0.841908203125,0.0,False,False,False,,
bicycle__03,5,root:1/profile-refine:IDEA-Research_grounding-dino-tiny:vehicle_chain:01,vehicle_chain,grounded-sam2[IDEA-Research/grounding-dino-tiny|facebook/sam2.1-hiera-tiny]/profile-refine,grounded-sam2[IDEA-Research/grounding-dino|facebook/sam2.1-hiera-tiny]/profile-refine,0.28997451066970825,0.75973046875,1.0,0.28997451066970825,0.4630450699416571,False,0.4630450699416571,1.0,Stored score; precursor logits not archived in candidates.json,,,profile priority + SAM quality,0.75973046875,0.0,False,False,False,,
bicycle__03,6,root:1/profile-refine:IDEA-Research_grounding-dino-tiny:vehicle_fork:01,vehicle_fork,grounded-sam2[IDEA-Research/grounding-dino-tiny|facebook/sam2.1-hiera-tiny]/profile-refine,grounded-sam2[IDEA-Research/grounding-dino|facebook/sam2.1-hiera-tiny]/profile-refine,0.2732833921909332,0.82779296875,1.0,0.2732833921909332,0.49692897472999176,False,0.49692897472999176,1.0,Stored score; precursor logits not archived in candidates.json,,,profile priority + SAM quality,0.82779296875,0.0,False,False,False,,
bicycle__03,7,root:1/visual-region:01,vehicle_handlebar,sam2-amg[facebook/sam2.1-hiera-tiny]/point-grid,sam2-amg[facebook/sam2.1-hiera-tiny],0.7449002985493256,0.68,1.0,0.7449002985493256,0.5845927116574479,False,0.5845927116574479,1.0,visual candidate from stored precursor score and appearance utility,0.7449002985493256,0.0,original matched/generic visual candidate; downstream transformations applied,0.68,0.0,False,False,False,,
bicycle__03,8,root:1/visual-region:03,vehicle_seat,sam2-amg[facebook/sam2.1-hiera-tiny]/prototype-labelled-region,sam2-amg[facebook/sam2.1-hiera-tiny],0.7425852661458349,0.6106032501440048,1.0,0.7425852661458349,0.524155199924536,False,0.524155199924536,1.0,visual candidate from stored precursor score and appearance utility; prototype label leaves score unchanged,0.7425852661458349,0.0,original matched/generic visual candidate; downstream transformations applied,0.6106032501440048,0.0,False,False,False,,
bicycle__03,9,root:1/visual-region:04,vehicle_stem,sam2-amg[facebook/sam2.1-hiera-tiny]/point-grid/semantic-rerank,sam2-amg[facebook/sam2.1-hiera-tiny],0.5739380488267203,0.66,1.0,0.5739380488267203,0.5053395117240995,False,0.5053395117240995,1.0,visual candidate from stored precursor score and appearance utility; semantic rerank,0.5739380488267203,0.0,original matched/generic visual candidate; downstream transformations applied,0.66,0.0,True,False,False,,
bicycle__03,10,root:1/visual-region:07,vehicle_visual_panel_02,sam2-amg[facebook/sam2.1-hiera-tiny]/point-grid,sam2-amg[facebook/sam2.1-hiera-tiny],0.6928213694074522,0.62,1.0,0.6928213694074522,0.5152520869679412,False,0.5152520869679412,,visual candidate from stored precursor score and appearance utility,0.6928213694074522,0.0,original matched/generic visual candidate; downstream transformations applied,0.62,0.0,False,False,False,,
bicycle__03,11,root:1/visual-region:08,vehicle_gear,sam2-amg[facebook/sam2.1-hiera-tiny]/prototype-labelled-region,sam2-amg[facebook/sam2.1-hiera-tiny],0.6691484691757789,0.5893009598608017,1.0,0.6691484691757789,0.4820668412834307,False,0.4820668412834307,1.0,visual candidate from stored precursor score and appearance utility; prototype label leaves score unchanged,0.6691484691757789,0.0,original matched/generic visual candidate; downstream transformations applied,0.5893009598608017,0.0,False,False,False,,
bicycle__03,12,root:1/visual-region:12,vehicle_seat_tube,sam2-amg[facebook/sam2.1-hiera-tiny]/point-grid,sam2-amg[facebook/sam2.1-hiera-tiny],0.8445035053141516,0.68,1.0,0.8445035053141516,0.6218443109874928,False,0.6218443109874928,1.0,visual candidate from stored precursor score and appearance utility,0.8445035053141516,0.0,original matched/generic visual candidate; downstream transformations applied,0.68,0.0,False,False,False,,
bicycle__04,1,root:1,vehicle,grounded-sam2[IDEA-Research/grounding-dino-tiny|facebook/sam2.1-hiera-tiny]/root,grounded-sam2[IDEA-Research/grounding-dino|facebook/sam2.1-hiera-tiny],0.9155072569847107,0.97333984375,1.0,0.9155072569847107,0.9281077594435193,False,0.9281077594435193,,Stored score; precursor logits not archived in candidates.json,,,root quality rule; later root-routing maxima can retain different precursor metadata,0.97333984375,0.0,False,False,False,specific_root_label,
bicycle__04,2,root:1/profile-refine:IDEA-Research_grounding-dino-tiny:vehicle_handlebar:01,vehicle_handlebar,grounded-sam2[IDEA-Research/grounding-dino-tiny|facebook/sam2.1-hiera-tiny]/profile-refine,grounded-sam2[IDEA-Research/grounding-dino|facebook/sam2.1-hiera-tiny]/profile-refine,0.32402142882347107,0.84094140625,1.0,0.32402142882347107,0.5282893026179692,False,0.5282893026179692,1.0,Stored score; precursor logits not archived in candidates.json,,,profile priority + SAM quality,0.84094140625,0.0,False,False,False,,
bicycle__04,3,root:1/profile-refine:IDEA-Research_grounding-dino-tiny:vehicle_chain:01,vehicle_chain,grounded-sam2[IDEA-Research/grounding-dino-tiny|facebook/sam2.1-hiera-tiny]/profile-refine,grounded-sam2[IDEA-Research/grounding-dino|facebook/sam2.1-hiera-tiny]/profile-refine,0.26454830169677734,0.8219921875,1.0,0.26454830169677734,0.48949763484112924,False,0.48949763484112924,1.0,Stored score; precursor logits not archived in candidates.json,,,profile priority + SAM quality,0.8219921875,0.0,False,False,False,,
bicycle__04,4,root:1/visual-region:02,vehicle_handlebar,sam2-amg[facebook/sam2.1-hiera-tiny]/point-grid,sam2-amg[facebook/sam2.1-hiera-tiny],0.7484200482750436,0.68,1.0,0.7484200482750436,0.5859090980548665,False,0.5859090980548665,1.0,visual candidate from stored precursor score and appearance utility,0.7484200482750436,0.0,original matched/generic visual candidate; downstream transformations applied,0.68,0.0,False,False,False,,
bicycle__04,5,root:1/visual-region:04,vehicle_stem,sam2-amg[facebook/sam2.1-hiera-tiny]/point-grid/semantic-rerank,sam2-amg[facebook/sam2.1-hiera-tiny],0.5169410224835765,0.66,1.0,0.5169410224835765,0.48464959116153833,False,0.48464959116153833,1.0,visual candidate from stored precursor score and appearance utility; semantic rerank,0.5169410224835765,0.0,original matched/generic visual candidate; downstream transformations applied,0.66,0.0,True,False,False,,
bicycle__04,6,root:1/visual-region:05,vehicle_wheel,sam2-amg[facebook/sam2.1-hiera-tiny]/point-grid/semantic-rerank,sam2-amg[facebook/sam2.1-hiera-tiny],0.5833189122090657,0.66,1.0,0.5833189122090657,0.5087447651318909,False,0.5087447651318909,1.0,visual candidate from stored precursor score and appearance utility; semantic rerank,0.5833189122090657,0.0,original matched/generic visual candidate; downstream transformations applied,0.66,0.0,True,False,False,,
bicycle__04,7,root:1/visual-region:06,vehicle_seat_tube,sam2-amg[facebook/sam2.1-hiera-tiny]/prototype-labelled-region,sam2-amg[facebook/sam2.1-hiera-tiny],0.7527203633552173,0.607996300523758,1.0,0.7527203633552173,0.5253064931725702,False,0.5253064931725702,1.0,visual candidate from stored precursor score and appearance utility; prototype label leaves score unchanged,0.7527203633552173,0.0,original matched/generic visual candidate; downstream transformations applied,0.607996300523758,0.0,False,False,False,,
bicycle__04,8,root:1/visual-region:07,vehicle_visual_panel_03,sam2-amg[facebook/sam2.1-hiera-tiny]/point-grid,sam2-amg[facebook/sam2.1-hiera-tiny],0.761288816168789,0.62,1.0,0.761288816168789,0.538599486313557,False,0.538599486313557,,visual candidate from stored precursor score and appearance utility,0.761288816168789,0.0,original matched/generic visual candidate; downstream transformations applied,0.62,0.0,False,False,False,,
bicycle__04,9,root:1/visual-region:08,vehicle_visual_strip_03,sam2-amg[facebook/sam2.1-hiera-tiny]/point-grid,sam2-amg[facebook/sam2.1-hiera-tiny],0.7023030187247077,0.62,1.0,0.7023030187247077,0.5184853293851254,False,0.5184853293851254,,visual candidate from stored precursor score and appearance utility,0.7023030187247077,0.0,original matched/generic visual candidate; downstream transformations applied,0.62,0.0,False,False,False,,
bicycle__04,10,root:1/visual-region:12,vehicle_pedal,sam2-amg[facebook/sam2.1-hiera-tiny]/point-grid/semantic-rerank,sam2-amg[facebook/sam2.1-hiera-tiny],0.5648737953202303,0.66,1.0,0.5648737953202303,0.5020491877012436,False,0.5020491877012436,1.0,visual candidate from stored precursor score and appearance utility; semantic rerank,0.5648737953202303,0.0,original matched/generic visual candidate; downstream transformations applied,0.66,0.0,True,False,False,,
bicycle__04,11,root:1/visual-region:11,vehicle_pedal,sam2-amg[facebook/sam2.1-hiera-tiny]/point-grid/semantic-rerank,sam2-amg[facebook/sam2.1-hiera-tiny],0.49220502076625244,0.66,1.0,0.49220502076625244,0.4756704225381496,False,0.4756704225381496,1.0,visual candidate from stored precursor score and appearance utility; semantic rerank,0.49220502076625244,0.0,original matched/generic visual candidate; downstream transformations applied,0.66,0.0,True,False,False,,
bicycle__04,12,root:1/visual-region:14,vehicle_gear,sam2-amg[facebook/sam2.1-hiera-tiny]/prototype-labelled-region,sam2-amg[facebook/sam2.1-hiera-tiny],0.6839357023693243,0.6090242517681121,1.0,0.6839357023693243,0.5031542994617872,False,0.5031542994617872,1.0,visual candidate from stored precursor score and appearance utility; prototype label leaves score unchanged,0.6839357023693243,0.0,original matched/generic visual candidate; downstream transformations applied,0.6090242517681121,0.0,False,False,False,,
book__01,1,root:1,daily_object,grounded-sam2[IDEA-Research/grounding-dino-tiny|facebook/sam2.1-hiera-tiny]/root,grounded-sam2[IDEA-Research/grounding-dino|facebook/sam2.1-hiera-tiny],0.749454140663147,0.987890625,1.0,0.749454140663147,0.8517590769357049,False,0.8517590769357049,,Stored score; precursor logits not archived in candidates.json,,,root quality rule; later root-routing maxima can retain different precursor metadata,0.987890625,0.0,False,False,False,specific_root_label,
book__01,2,root:1/visual-region:03,daily_object_page,sam2-amg[facebook/sam2.1-hiera-tiny]/point-grid/semantic-rerank,sam2-amg[facebook/sam2.1-hiera-tiny],0.7506078259876756,0.66,1.0,0.7506078259876756,0.5694706408335263,False,0.5694706408335263,1.0,visual candidate from stored precursor score and appearance utility; semantic rerank,0.7506078259876756,0.0,original matched/generic visual candidate; downstream transformations applied,0.66,0.0,True,False,False,,
book__01,3,root:1/visual-region:02,daily_object_page,sam2-amg[facebook/sam2.1-hiera-tiny]/point-grid/semantic-rerank,sam2-amg[facebook/sam2.1-hiera-tiny],0.7024995474973309,0.66,1.0,0.7024995474973309,0.5520073357415312,False,0.5520073357415312,1.0,visual candidate from stored precursor score and appearance utility; semantic rerank,0.7024995474973309,0.0,original matched/generic visual candidate; downstream transformations applied,0.66,0.0,True,False,False,,
book__01,4,root:1/visual-region:08,daily_object_page,sam2-amg[facebook/sam2.1-hiera-tiny]/point-grid/semantic-rerank,sam2-amg[facebook/sam2.1-hiera-tiny],0.6081533299151233,0.66,1.0,0.6081533299151233,0.5177596587591898,False,0.5177596587591898,1.0,visual candidate from stored precursor score and appearance utility; semantic rerank,0.6081533299151233,0.0,original matched/generic visual candidate; downstream transformations applied,0.66,0.0,True,False,False,,
book__02,1,root:1,daily_object,grounded-sam2[IDEA-Research/grounding-dino-tiny|facebook/sam2.1-hiera-tiny]/root,grounded-sam2[IDEA-Research/grounding-dino|facebook/sam2.1-hiera-tiny],0.7704647779464722,0.98837890625,1.0,0.7704647779464722,0.8636016318044858,False,0.8636016318044858,,Stored score; precursor logits not archived in candidates.json,,,root quality rule; later root-routing maxima can retain different precursor metadata,0.98837890625,0.0,False,False,False,specific_root_label,
book__02,2,root:1/profile-refine:IDEA-Research_grounding-dino-tiny:daily_object_page:01,daily_object_page,grounded-sam2[IDEA-Research/grounding-dino-tiny|facebook/sam2.1-hiera-tiny]/profile-refine,grounded-sam2[IDEA-Research/grounding-dino|facebook/sam2.1-hiera-tiny]/profile-refine,0.29178744554519653,0.8159980468750001,1.0,0.29178744554519653,0.49815301321088923,False,0.49815301321088923,1.0,Stored score; precursor logits not archived in candidates.json,,,profile priority + SAM quality,0.8159980468750001,0.0,False,False,False,,
book__03,1,root:2,daily_object,grounded-sam2[IDEA-Research/grounding-dino-tiny|facebook/sam2.1-hiera-tiny]/root,grounded-sam2[IDEA-Research/grounding-dino|facebook/sam2.1-hiera-tiny],0.7016108632087708,0.9947265625,1.0,0.7016108632087708,0.8314779823197751,False,0.8314779823197751,,Stored score; precursor logits not archived in candidates.json,,,root quality rule; later root-routing maxima can retain different precursor metadata,0.9947265625,0.0,False,False,False,specific_root_label,
book__03,2,root:2/profile-refine:IDEA-Research_grounding-dino-tiny:daily_object_cover:01,daily_object_cover,grounded-sam2[IDEA-Research/grounding-dino-tiny|facebook/sam2.1-hiera-tiny]/profile-refine,grounded-sam2[IDEA-Research/grounding-dino|facebook/sam2.1-hiera-tiny]/profile-refine,0.36681652069091797,0.8672382812500001,1.0,0.36681652069091797,0.5652217574784534,False,0.5652217574784534,1.0,Stored score; precursor logits not archived in candidates.json,,,profile priority + SAM quality,0.8672382812500001,0.0,False,False,False,,
book__03,3,root:2/profile-refine:IDEA-Research_grounding-dino-tiny:daily_object_page:01,daily_object_page,grounded-sam2[IDEA-Research/grounding-dino-tiny|facebook/sam2.1-hiera-tiny]/profile-refine,grounded-sam2[IDEA-Research/grounding-dino|facebook/sam2.1-hiera-tiny]/profile-refine,0.2733803689479828,0.8457753906250001,1.0,0.2733803689479828,0.5077690393661528,False,0.5077690393661528,1.0,Stored score; precursor logits not archived in candidates.json,,,profile priority + SAM quality,0.8457753906250001,0.0,False,False,False,,
book__03,4,root:2/visual-region:03,daily_object_cover,sam2-amg[facebook/sam2.1-hiera-tiny]/point-grid,sam2-amg[facebook/sam2.1-hiera-tiny],0.8050854567324722,0.68,1.0,0.8050854567324722,0.6071019608179447,False,0.6071019608179447,1.0,visual candidate from stored precursor score and appearance utility,0.8050854567324722,0.0,original matched/generic visual candidate; downstream transformations applied,0.68,0.0,False,False,False,,
book__03,5,root:2/visual-region:05,daily_object_cover,sam2-amg[facebook/sam2.1-hiera-tiny]/point-grid/semantic-rerank,sam2-amg[facebook/sam2.1-hiera-tiny],0.6237701207854337,0.66,1.0,0.6237701207854337,0.5234285538451124,False,0.5234285538451124,1.0,visual candidate from stored precursor score and appearance utility; semantic rerank,0.6237701207854337,0.0,original matched/generic visual candidate; downstream transformations applied,0.66,0.0,True,False,False,,
book__03,6,root:2/visual-region:06,daily_object_page,sam2-amg[facebook/sam2.1-hiera-tiny]/point-grid/semantic-rerank,sam2-amg[facebook/sam2.1-hiera-tiny],0.6366312811029177,0.66,1.0,0.6366312811029177,0.5280971550403591,False,0.5280971550403591,1.0,visual candidate from stored precursor score and appearance utility; semantic rerank,0.6366312811029177,0.0,original matched/generic visual candidate; downstream transformations applied,0.66,0.0,True,False,False,,
book__03,7,root:2/visual-region:07,daily_object_visual_detail_02,sam2-amg[facebook/sam2.1-hiera-tiny]/point-grid,sam2-amg[facebook/sam2.1-hiera-tiny],0.7757096025363783,0.62,1.0,0.7757096025363783,0.543516974464905,False,0.543516974464905,,visual candidate from stored precursor score and appearance utility,0.7757096025363783,0.0,original matched/generic visual candidate; downstream transformations applied,0.62,0.0,False,False,False,,
book__04,1,root:1,daily_object,grounded-sam2[IDEA-Research/grounding-dino-tiny|facebook/sam2.1-hiera-tiny]/root,grounded-sam2[IDEA-Research/grounding-dino|facebook/sam2.1-hiera-tiny],0.9133679866790771,0.9947265625,1.0,0.9133679866790771,0.9473302218527534,False,0.9473302218527534,,Stored score; precursor logits not archived in candidates.json,,,root quality rule; later root-routing maxima can retain different precursor metadata,0.9947265625,0.0,False,False,False,specific_root_label,
book__04,2,root:1/daily_object_guided_daily_object_text:01,daily_object_text,grounded-sam2[IDEA-Research/grounding-dino-tiny|facebook/sam2.1-hiera-tiny]/retrieved-part,grounded-sam2[IDEA-Research/grounding-dino|facebook/sam2.1-hiera-tiny],0.4035130870740154,0.7393079630873167,1.0,0.4035130870740154,0.49676482455536347,False,0.49676482455536347,1.0,Stored score; precursor logits not archived in candidates.json,,,guided SAM quality times retrieval reliability scale,0.7393079630873167,0.0,False,False,False,,
book__04,3,root:1/visual-region:03,daily_object_text,sam2-amg[facebook/sam2.1-hiera-tiny]/point-grid,sam2-amg[facebook/sam2.1-hiera-tiny],0.6729121795816237,0.68,1.0,0.6729121795816237,0.5576691551635273,False,0.5576691551635273,1.0,visual candidate from stored precursor score and appearance utility,0.6729121795816237,0.0,original matched/generic visual candidate; downstream transformations applied,0.68,0.0,False,False,False,,
book__04,4,root:1/visual-region:06,daily_object_spine,sam2-amg[facebook/sam2.1-hiera-tiny]/point-grid/semantic-rerank,sam2-amg[facebook/sam2.1-hiera-tiny],0.6574403231165215,0.66,1.0,0.6574403231165215,0.5356508372912974,False,0.5356508372912974,1.0,visual candidate from stored precursor score and appearance utility; semantic rerank,0.6574403231165215,0.0,original matched/generic visual candidate; downstream transformations applied,0.66,0.0,True,False,False,,
book__04,5,root:1/visual-region:08,daily_object_page,sam2-amg[facebook/sam2.1-hiera-tiny]/prototype-labelled-region,sam2-amg[facebook/sam2.1-hiera-tiny],0.7482058010898531,0.6018056703300476,1.0,0.7482058010898531,0.5184635231668616,False,0.5184635231668616,1.0,visual candidate from stored precursor score and appearance utility; prototype label leaves score unchanged,0.7482058010898531,0.0,original matched/generic visual candidate; downstream transformations applied,0.6018056703300476,0.0,False,False,False,,
pen__01,1,root:4,character,grounded-sam2[IDEA-Research/grounding-dino-tiny|facebook/sam2.1-hiera-tiny]/root,grounded-sam2[IDEA-Research/grounding-dino|facebook/sam2.1-hiera-tiny],0.4151359498500824,0.9812500000000001,1.0,0.4151359498500824,0.6656061829347165,False,0.6656061829347165,,Stored score; precursor logits not archived in candidates.json,,,root quality rule; later root-routing maxima can retain different precursor metadata,0.9812500000000001,0.0,False,False,False,specific_root_label,
pen__01,2,root:4/contour-visual-region:01,character_arm,hpid-appearance-contour/closed-edge/semantic-rerank,hpid-appearance-contour,0.5314392371272254,0.66,1.0,0.5314392371272254,0.48991244307718285,False,0.48991244307718285,0.92,visual candidate from stored precursor score and appearance utility; semantic rerank,0.5314392371272254,0.0,original matched/generic visual candidate; downstream transformations applied,0.66,0.0,True,False,False,,
pen__01,3,root:4/contour-visual-region:05,character_arm,hpid-appearance-contour/closed-edge/semantic-rerank,hpid-appearance-contour,0.5054797152511193,0.66,1.0,0.5054797152511193,0.4804891366361564,False,0.4804891366361564,0.92,visual candidate from stored precursor score and appearance utility; semantic rerank,0.5054797152511193,0.0,original matched/generic visual candidate; downstream transformations applied,0.66,0.0,True,False,False,,
pen__01,4,root:4/contour-visual-region:02,character_visual_contour_panel_02,hpid-appearance-contour/closed-edge,hpid-appearance-contour,0.7504395553025749,0.62,1.0,0.7504395553025749,0.5348998883581781,False,0.5348998883581781,,visual candidate from stored precursor score and appearance utility,0.7504395553025749,0.0,original matched/generic visual candidate; downstream transformations applied,0.62,0.0,False,False,False,,
pen__01,5,root:4/contour-visual-region:04,character_leg,hpid-appearance-contour/closed-edge/semantic-rerank,hpid-appearance-contour,0.5835199898159078,0.66,1.0,0.5835199898159078,0.5088177563031745,False,0.5088177563031745,0.92,visual candidate from stored precursor score and appearance utility; semantic rerank,0.5835199898159078,0.0,original matched/generic visual candidate; downstream transformations applied,0.66,0.0,True,False,False,,
pen__01,6,root:4/contour-visual-region:03,character_leg,hpid-appearance-contour/closed-edge/semantic-rerank,hpid-appearance-contour,0.5766181316948673,0.66,1.0,0.5766181316948673,0.5063123818052369,False,0.5063123818052369,0.92,visual candidate from stored precursor score and appearance utility; semantic rerank,0.5766181316948673,0.0,original matched/generic visual candidate; downstream transformations applied,0.66,0.0,True,False,False,,
pen__02,1,root:14,container,grounded-sam2[IDEA-Research/grounding-dino-tiny|facebook/sam2.1-hiera-tiny]/root,grounded-sam2[IDEA-Research/grounding-dino|facebook/sam2.1-hiera-tiny],0.27581191062927246,0.9852539062500001,1.0,0.27581191062927246,0.5928238770982717,False,0.5928238770982717,,Stored score; precursor logits not archived in candidates.json,,,root quality rule; later root-routing maxima can retain different precursor metadata,0.9852539062500001,0.0,False,False,False,specific_root_label,
pen__02,2,root:14/visual-region:01,container_bottom,sam2-amg[facebook/sam2.1-hiera-tiny]/prototype-labelled-region,sam2-amg[facebook/sam2.1-hiera-tiny],0.8232125921277667,0.5990244859609604,1.0,0.8232125921277667,0.540779493592191,False,0.540779493592191,1.0,visual candidate from stored precursor score and appearance utility; prototype label leaves score unchanged,0.8232125921277667,0.0,original matched/generic visual candidate; downstream transformations applied,0.5990244859609604,0.0,False,False,False,,
pen__02,3,root:14/visual-region:06,container_body,sam2-amg[facebook/sam2.1-hiera-tiny]/prototype-labelled-region,sam2-amg[facebook/sam2.1-hiera-tiny],0.7319838444099231,0.6122677556371688,1.0,0.7319838444099231,0.5220140481054676,False,0.5220140481054676,1.0,visual candidate from stored precursor score and appearance utility; prototype label leaves score unchanged,0.7319838444099231,0.0,original matched/generic visual candidate; downstream transformations applied,0.6122677556371688,0.0,False,False,False,,
pen__02,4,root:14/visual-region:08,container_base,sam2-amg[facebook/sam2.1-hiera-tiny]/point-grid/semantic-rerank,sam2-amg[facebook/sam2.1-hiera-tiny],0.58970247502957,0.66,1.0,0.58970247502957,0.511061998435734,False,0.511061998435734,1.0,visual candidate from stored precursor score and appearance utility; semantic rerank,0.58970247502957,0.0,original matched/generic visual candidate; downstream transformations applied,0.66,0.0,True,False,False,,
pen__03,1,root:2,tool_prop,grounded-sam2[IDEA-Research/grounding-dino-tiny|facebook/sam2.1-hiera-tiny]/isolated-profile-root,grounded-sam2[IDEA-Research/grounding-dino|facebook/sam2.1-hiera-tiny],0.5105956196784973,0.9583984375000001,1.0,0.5105956196784973,0.700424021126819,False,0.700424021126819,,Stored score; precursor logits not archived in candidates.json,,,root quality rule; later root-routing maxima can retain different precursor metadata,0.956640625,0.0017578125000000666,False,False,False,isolated_profile_consensus,Final r may inherit another root via max; a simple single-q discrepancy is not evidence of incorrect frozen r
wallet__01,1,root:2,container,grounded-sam2[IDEA-Research/grounding-dino-tiny|facebook/sam2.1-hiera-tiny]/root,grounded-sam2[IDEA-Research/grounding-dino|facebook/sam2.1-hiera-tiny],0.4670279324054718,0.9939453125000001,1.0,0.4670279324054718,0.7025855139465421,False,0.7025855139465421,,Stored score; precursor logits not archived in candidates.json,,,root quality rule; later root-routing maxima can retain different precursor metadata,0.9939453125000001,0.0,False,False,False,specific_root_label,
wallet__01,2,root:2/visual-region:01,container_label,sam2-amg[facebook/sam2.1-hiera-tiny]/prototype-labelled-region,sam2-amg[facebook/sam2.1-hiera-tiny],0.6969122778791511,0.5878323294949531,1.0,0.6969122778791511,0.48984171054036346,False,0.48984171054036346,1.0,visual candidate from stored precursor score and appearance utility; prototype label leaves score unchanged,0.6969122778791511,0.0,original matched/generic visual candidate; downstream transformations applied,0.5878323294949531,0.0,False,False,False,,
wallet__01,3,root:2/visual-region:03,container_handle,sam2-amg[facebook/sam2.1-hiera-tiny]/point-grid/semantic-rerank,sam2-amg[facebook/sam2.1-hiera-tiny],0.5414815755322308,0.66,1.0,0.5414815755322308,0.49355781191819975,False,0.49355781191819975,1.0,visual candidate from stored precursor score and appearance utility; semantic rerank,0.5414815755322308,0.0,original matched/generic visual candidate; downstream transformations applied,0.66,0.0,True,False,False,,
wallet__01,4,root:2/visual-region:05,container_visual_strip_02,sam2-amg[facebook/sam2.1-hiera-tiny]/point-grid,sam2-amg[facebook/sam2.1-hiera-tiny],0.703172134873244,0.62,1.0,0.703172134873244,0.5187816979917762,False,0.5187816979917762,,visual candidate from stored precursor score and appearance utility,0.703172134873244,0.0,original matched/generic visual candidate; downstream transformations applied,0.62,0.0,False,False,False,,
wallet__02,1,root:1,daily_object,grounded-sam2[IDEA-Research/grounding-dino-tiny|facebook/sam2.1-hiera-tiny]/root,grounded-sam2[IDEA-Research/grounding-dino|facebook/sam2.1-hiera-tiny],0.6602818965911865,0.99140625,1.0,0.6602818965911865,0.8061669919732959,False,0.8061669919732959,,Stored score; precursor logits not archived in candidates.json,,,root quality rule; later root-routing maxima can retain different precursor metadata,0.99140625,0.0,False,False,False,specific_root_label,
wallet__02,2,root:1/profile-refine:IDEA-Research_grounding-dino-tiny:daily_object_flap:01,daily_object_flap,grounded-sam2[IDEA-Research/grounding-dino-tiny|facebook/sam2.1-hiera-tiny]/profile-refine,grounded-sam2[IDEA-Research/grounding-dino|facebook/sam2.1-hiera-tiny]/profile-refine,0.38832804560661316,0.859697265625,1.0,0.38832804560661316,0.5704782769666781,False,0.5704782769666781,1.0,Stored score; precursor logits not archived in candidates.json,,,profile priority + SAM quality,0.859697265625,0.0,False,False,False,,
wallet__02,3,root:1/profile-refine:IDEA-Research_grounding-dino-tiny:daily_object_inner:01,daily_object_inner,grounded-sam2[IDEA-Research/grounding-dino-tiny|facebook/sam2.1-hiera-tiny]/profile-refine,grounded-sam2[IDEA-Research/grounding-dino|facebook/sam2.1-hiera-tiny]/profile-refine,0.2736714482307434,0.8593105468750001,1.0,0.2736714482307434,0.5160325651075284,False,0.5160325651075284,1.0,Stored score; precursor logits not archived in candidates.json,,,profile priority + SAM quality,0.8593105468750001,0.0,False,False,False,,
wallet__02,4,root:1/profile-refine:IDEA-Research_grounding-dino-tiny:daily_object_pocket:01,daily_object_pocket,grounded-sam2[IDEA-Research/grounding-dino-tiny|facebook/sam2.1-hiera-tiny]/profile-refine,grounded-sam2[IDEA-Research/grounding-dino|facebook/sam2.1-hiera-tiny]/profile-refine,0.2422056347131729,0.83978125,1.0,0.2422056347131729,0.4897714253720594,False,0.4897714253720594,1.0,Stored score; precursor logits not archived in candidates.json,,,profile priority + SAM quality,0.83978125,0.0,False,False,False,,
wallet__02,5,root:1/visual-region:01,daily_object_flap,sam2-amg[facebook/sam2.1-hiera-tiny]/point-grid,sam2-amg[facebook/sam2.1-hiera-tiny],0.7185684391879907,0.68,1.0,0.7185684391879907,0.5747445962563086,False,0.5747445962563086,1.0,visual candidate from stored precursor score and appearance utility,0.7185684391879907,0.0,original matched/generic visual candidate; downstream transformations applied,0.68,0.0,False,False,False,,
belt__01,1,root:9,daily_object,grounded-sam2[IDEA-Research/grounding-dino-tiny|facebook/sam2.1-hiera-tiny]/root,grounded-sam2[IDEA-Research/grounding-dino|facebook/sam2.1-hiera-tiny],0.3205021917819977,0.969921875,1.0,0.3205021917819977,0.6074389914871428,False,0.6074389914871428,,Stored score; precursor logits not archived in candidates.json,,,root quality rule; later root-routing maxima can retain different precursor metadata,0.969921875,0.0,False,False,False,specific_root_label,
belt__01,2,root:9/daily_object_guided_daily_object_buckle:01,daily_object_buckle,grounded-sam2[IDEA-Research/grounding-dino-tiny|facebook/sam2.1-hiera-tiny]/retrieved-part,grounded-sam2[IDEA-Research/grounding-dino|facebook/sam2.1-hiera-tiny],0.3856090779832961,0.7692197019836504,1.0,0.3856090779832961,0.5092888209193184,False,0.5092888209193184,1.0,Stored score; precursor logits not archived in candidates.json,,,guided SAM quality times retrieval reliability scale,0.7692197019836504,0.0,False,False,False,,
belt__01,3,root:9/visual-region:02,daily_object_flap,sam2-amg[facebook/sam2.1-hiera-tiny]/point-grid/semantic-rerank,sam2-amg[facebook/sam2.1-hiera-tiny],0.7279284712334546,0.66,1.0,0.7279284712334546,0.5612380350577441,False,0.5612380350577441,1.0,visual candidate from stored precursor score and appearance utility; semantic rerank,0.7279284712334546,0.0,original matched/generic visual candidate; downstream transformations applied,0.66,0.0,True,False,False,,
belt__01,4,root:9/visual-region:01,daily_object_flap,sam2-amg[facebook/sam2.1-hiera-tiny]/point-grid/semantic-rerank,sam2-amg[facebook/sam2.1-hiera-tiny],0.5906579623066945,0.66,1.0,0.5906579623066945,0.5114088403173302,False,0.5114088403173302,1.0,visual candidate from stored precursor score and appearance utility; semantic rerank,0.5906579623066945,0.0,original matched/generic visual candidate; downstream transformations applied,0.66,0.0,True,False,False,,
belt__02,1,root:8,terrain,grounded-sam2[IDEA-Research/grounding-dino-tiny|facebook/sam2.1-hiera-tiny]/root,grounded-sam2[IDEA-Research/grounding-dino|facebook/sam2.1-hiera-tiny],0.28527238965034485,0.97529296875,1.0,0.28527238965034485,0.5919051216299704,False,0.5919051216299704,,Stored score; precursor logits not archived in candidates.json,,,root quality rule; later root-routing maxima can retain different precursor metadata,0.97529296875,0.0,False,False,False,specific_root_label,
belt__02,2,root:8/visual-region:01,terrain_visual_panel_01,sam2-amg[facebook/sam2.1-hiera-tiny]/point-grid,sam2-amg[facebook/sam2.1-hiera-tiny],0.7311343466483082,0.62,1.0,0.7311343466483082,0.5283168122070732,False,0.5283168122070732,,visual candidate from stored precursor score and appearance utility,0.7311343466483082,0.0,original matched/generic visual candidate; downstream transformations applied,0.62,0.0,False,False,False,,
belt__02,3,root:8/visual-region:03,terrain_visual_panel_02,sam2-amg[facebook/sam2.1-hiera-tiny]/point-grid,sam2-amg[facebook/sam2.1-hiera-tiny],0.735634380948903,0.62,1.0,0.735634380948903,0.5298513239035759,False,0.5298513239035759,,visual candidate from stored precursor score and appearance utility,0.735634380948903,0.0,original matched/generic visual candidate; downstream transformations applied,0.62,0.0,False,False,False,,
belt__02,4,root:8/visual-region:05,terrain_visual_strip_01,sam2-amg[facebook/sam2.1-hiera-tiny]/point-grid,sam2-amg[facebook/sam2.1-hiera-tiny],0.7142757050366741,0.62,1.0,0.7142757050366741,0.5225680154175059,False,0.5225680154175059,,visual candidate from stored precursor score and appearance utility,0.7142757050366741,0.0,original matched/generic visual candidate; downstream transformations applied,0.62,0.0,False,False,False,,
belt__03,1,root:1,daily_object,grounded-sam2[IDEA-Research/grounding-dino-tiny|facebook/sam2.1-hiera-tiny]/root,grounded-sam2[IDEA-Research/grounding-dino|facebook/sam2.1-hiera-tiny],0.6005398035049438,0.9334960937500001,1.0,0.6005398035049438,0.7284041005797918,False,0.7284041005797918,,Stored score; precursor logits not archived in candidates.json,,,root quality rule; later root-routing maxima can retain different precursor metadata,0.9334960937500001,0.0,False,False,False,specific_root_label,
belt__03,2,root:1/profile-refine:IDEA-Research_grounding-dino-tiny:daily_object_flap:02,daily_object_flap,grounded-sam2[IDEA-Research/grounding-dino-tiny|facebook/sam2.1-hiera-tiny]/profile-refine,grounded-sam2[IDEA-Research/grounding-dino|facebook/sam2.1-hiera-tiny]/profile-refine,0.2822951078414917,0.8627910156250002,1.0,0.2822951078414917,0.5222148825715414,False,0.5222148825715414,1.0,Stored score; precursor logits not archived in candidates.json,,,profile priority + SAM quality,0.8627910156250002,0.0,False,False,False,,
belt__03,3,root:1/visual-region:01,daily_object_belt_loop,sam2-amg[facebook/sam2.1-hiera-tiny]/prototype-labelled-region,sam2-amg[facebook/sam2.1-hiera-tiny],0.812371981922648,0.5890262632565498,1.0,0.812371981922648,0.5282414565528656,False,0.5282414565528656,1.0,visual candidate from stored precursor score and appearance utility; prototype label leaves score unchanged,0.812371981922648,0.0,original matched/generic visual candidate; downstream transformations applied,0.5890262632565498,0.0,False,False,False,,
belt__03,4,root:1/visual-region:02,daily_object_visual_panel_02,sam2-amg[facebook/sam2.1-hiera-tiny]/point-grid,sam2-amg[facebook/sam2.1-hiera-tiny],0.6354470090280042,0.62,1.0,0.6354470090280042,0.49568743007854943,False,0.49568743007854943,,visual candidate from stored precursor score and appearance utility,0.6354470090280042,0.0,original matched/generic visual candidate; downstream transformations applied,0.62,0.0,False,False,False,,
belt__03,5,root:1/visual-region:03,daily_object_visual_panel_03,sam2-amg[facebook/sam2.1-hiera-tiny]/point-grid,sam2-amg[facebook/sam2.1-hiera-tiny],0.7543526263578759,0.62,1.0,0.7543526263578759,0.5362342455880357,False,0.5362342455880357,,visual candidate from stored precursor score and appearance utility,0.7543526263578759,0.0,original matched/generic visual candidate; downstream transformations applied,0.62,0.0,False,False,False,,
belt__03,6,root:1/visual-region:04,daily_object_flap,sam2-amg[facebook/sam2.1-hiera-tiny]/point-grid/semantic-rerank,sam2-amg[facebook/sam2.1-hiera-tiny],0.6073659916457204,0.66,1.0,0.6073659916457204,0.5174738549673965,False,0.5174738549673965,1.0,visual candidate from stored precursor score and appearance utility; semantic rerank,0.6073659916457204,0.0,original matched/generic visual candidate; downstream transformations applied,0.66,0.0,True,False,False,,
belt__04,1,root:2,character,grounded-sam2[IDEA-Research/grounding-dino-tiny|facebook/sam2.1-hiera-tiny]/root,grounded-sam2[IDEA-Research/grounding-dino|facebook/sam2.1-hiera-tiny],0.3880960941314697,0.99140625,1.0,0.3880960941314697,0.6577513038273901,False,0.6577513038273901,,Stored score; precursor logits not archived in candidates.json,,,root quality rule; later root-routing maxima can retain different precursor metadata,0.99140625,0.0,False,False,False,specific_root_label,
belt__04,2,root:2/profile-refine:IDEA-Research_grounding-dino-tiny:character_hand:01,character_hand,grounded-sam2[IDEA-Research/grounding-dino-tiny|facebook/sam2.1-hiera-tiny]/profile-refine,grounded-sam2[IDEA-Research/grounding-dino|facebook/sam2.1-hiera-tiny]/profile-refine,0.4098111391067505,0.91486376953125,1.0,0.4098111391067505,0.617895446224566,False,0.617895446224566,1.05,Stored score; precursor logits not archived in candidates.json,,,profile priority + SAM quality,0.91486376953125,0.0,False,False,False,,
belt__04,3,root:2/profile-refine:IDEA-Research_grounding-dino-tiny:character_lower_clothing:01,character_lower_clothing,grounded-sam2[IDEA-Research/grounding-dino-tiny|facebook/sam2.1-hiera-tiny]/profile-refine,grounded-sam2[IDEA-Research/grounding-dino|facebook/sam2.1-hiera-tiny]/profile-refine,0.31394535303115845,0.9267371093750002,1.0,0.31394535303115845,0.5770513441521454,False,0.5770513441521454,1.1,Stored score; precursor logits not archived in candidates.json,,,profile priority + SAM quality,0.9267371093750002,0.0,False,False,False,,
belt__04,4,root:2/profile-refine:IDEA-Research_grounding-dino-tiny:character_leg:03,character_leg,grounded-sam2[IDEA-Research/grounding-dino-tiny|facebook/sam2.1-hiera-tiny]/profile-refine,grounded-sam2[IDEA-Research/grounding-dino|facebook/sam2.1-hiera-tiny]/profile-refine,0.24328269064426422,0.76156953125,1.0,0.24328269064426422,0.4446084656338551,False,0.4446084656338551,0.92,Stored score; precursor logits not archived in candidates.json,,,profile priority + SAM quality,0.76156953125,0.0,False,False,False,,
belt__04,5,root:2/profile-refine:IDEA-Research_grounding-dino-tiny:character_leg:01,character_leg,grounded-sam2[IDEA-Research/grounding-dino-tiny|facebook/sam2.1-hiera-tiny]/profile-refine,grounded-sam2[IDEA-Research/grounding-dino|facebook/sam2.1-hiera-tiny]/profile-refine,0.34147265553474426,0.76299265625,1.0,0.34147265553474426,0.48664431597825775,False,0.48664431597825775,0.92,Stored score; precursor logits not archived in candidates.json,,,profile priority + SAM quality,0.76299265625,0.0,False,False,False,,
belt__04,6,root:2/profile-refine:IDEA-Research_grounding-dino-tiny:character_sleeve:01,character_sleeve,grounded-sam2[IDEA-Research/grounding-dino-tiny|facebook/sam2.1-hiera-tiny]/profile-refine,grounded-sam2[IDEA-Research/grounding-dino|facebook/sam2.1-hiera-tiny]/profile-refine,0.24095316231250763,0.9721731250000002,1.0,0.24095316231250763,0.5663144100811907,False,0.5663144100811907,1.12,Stored score; precursor logits not archived in candidates.json,,,profile priority + SAM quality,0.9721731250000002,0.0,False,False,False,,
belt__04,7,root:2/profile-refine:IDEA-Research_grounding-dino-tiny:character_arm:02,character_arm,grounded-sam2[IDEA-Research/grounding-dino-tiny|facebook/sam2.1-hiera-tiny]/profile-refine,grounded-sam2[IDEA-Research/grounding-dino|facebook/sam2.1-hiera-tiny]/profile-refine,0.2501792907714844,0.7836279687500002,1.0,0.2501792907714844,0.4604587051353158,False,0.4604587051353158,0.92,Stored score; precursor logits not archived in candidates.json,,,profile priority + SAM quality,0.7836279687500002,0.0,False,False,False,,
belt__04,8,root:2/contour-visual-region:01,character_visual_contour_strip_01,hpid-appearance-contour/closed-edge,hpid-appearance-contour,0.7524638858822505,0.62,1.0,0.7524638858822505,0.5355901850858474,False,0.5355901850858474,,visual candidate from stored precursor score and appearance utility,0.7524638858822505,0.0,original matched/generic visual candidate; downstream transformations applied,0.62,0.0,False,False,False,,
belt__04,9,root:2/contour-visual-region:05,character_torso,hpid-appearance-contour/closed-edge/semantic-rerank,hpid-appearance-contour,0.41234577377663634,0.66,1.0,0.41234577377663634,0.44668151588091903,False,0.44668151588091903,0.92,visual candidate from stored precursor score and appearance utility; semantic rerank,0.41234577377663634,0.0,original matched/generic visual candidate; downstream transformations applied,0.66,0.0,True,False,False,,
belt__04,10,root:2/contour-visual-region:06,character_hair,hpid-appearance-contour/closed-edge/semantic-rerank,hpid-appearance-contour,0.40380664718596965,0.66,1.0,0.40380664718596965,0.443581812928507,False,0.443581812928507,1.1,visual candidate from stored precursor score and appearance utility; semantic rerank,0.40380664718596965,0.0,original matched/generic visual candidate; downstream transformations applied,0.66,0.0,True,False,False,,
belt__04,11,root:2/visual-region:06,character_accessory,sam2-amg[facebook/sam2.1-hiera-tiny]/point-grid/semantic-rerank,sam2-amg[facebook/sam2.1-hiera-tiny],0.6108253495797149,0.66,1.0,0.6108253495797149,0.5187296018974366,False,0.5187296018974366,1.05,visual candidate from stored precursor score and appearance utility; semantic rerank,0.6108253495797149,0.0,original matched/generic visual candidate; downstream transformations applied,0.66,0.0,True,False,False,,
belt__04,12,root:2/visual-region:02,character_accessory,sam2-amg[facebook/sam2.1-hiera-tiny]/point-grid/semantic-rerank,sam2-amg[facebook/sam2.1-hiera-tiny],0.5611030865507397,0.66,1.0,0.5611030865507397,0.5006804204179186,False,0.5006804204179186,1.05,visual candidate from stored precursor score and appearance utility; semantic rerank,0.5611030865507397,0.0,original matched/generic visual candidate; downstream transformations applied,0.66,0.0,True,False,False,,
belt__04,13,root:2/visual-region:04,character_accessory,sam2-amg[facebook/sam2.1-hiera-tiny]/point-grid/within-root-repetition-consensus,sam2-amg[facebook/sam2.1-hiera-tiny],0.5330844607855216,0.62,1.0,0.5330844607855216,0.46078180112786293,False,0.46078180112786293,1.05,visual candidate from stored precursor score and appearance utility; within-root/inventory consensus,0.5330844607855216,0.0,original matched/generic visual candidate; downstream transformations applied,0.62,0.0,True,False,False,,
belt__04,14,root:2/visual-region:12,character_accessory,sam2-amg[facebook/sam2.1-hiera-tiny]/point-grid/semantic-rerank,sam2-amg[facebook/sam2.1-hiera-tiny],0.5002915357472199,0.66,1.0,0.5002915357472199,0.4786058274762408,False,0.4786058274762408,1.05,visual candidate from stored precursor score and appearance utility; semantic rerank,0.5002915357472199,0.0,original matched/generic visual candidate; downstream transformations applied,0.66,0.0,True,False,False,,
belt__04,15,root:2/visual-region:03,character_visual_panel_02,sam2-amg[facebook/sam2.1-hiera-tiny]/point-grid,sam2-amg[facebook/sam2.1-hiera-tiny],0.7534186030778444,0.62,1.0,0.7534186030778444,0.535915743649545,False,0.535915743649545,,visual candidate from stored precursor score and appearance utility,0.7534186030778444,0.0,original matched/generic visual candidate; downstream transformations applied,0.62,0.0,False,False,False,,
belt__04,16,root:2/visual-region:11,character_hand,sam2-amg[facebook/sam2.1-hiera-tiny]/point-grid,sam2-amg[facebook/sam2.1-hiera-tiny],0.8949272135935906,0.68,1.0,0.8949272135935906,0.640702777884003,False,0.640702777884003,1.05,visual candidate from stored precursor score and appearance utility,0.8949272135935906,0.0,original matched/generic visual candidate; downstream transformations applied,0.68,0.0,False,False,False,,
belt__04,17,root:2/visual-region:13,character_visual_panel_03,sam2-amg[facebook/sam2.1-hiera-tiny]/point-grid,sam2-amg[facebook/sam2.1-hiera-tiny],0.8232088401812325,0.62,1.0,0.8232088401812325,0.5597142145018004,False,0.5597142145018004,,Partial chain only: cross-source max can inherit unarchived other proposal score,,,original matched/generic visual candidate; downstream transformations applied,0.62,0.0,False,False,True,,
hat__01,1,root:1,daily_object,grounded-sam2[IDEA-Research/grounding-dino-tiny|facebook/sam2.1-hiera-tiny]/root,grounded-sam2[IDEA-Research/grounding-dino|facebook/sam2.1-hiera-tiny],0.6527949571609497,0.9900390625000001,1.0,0.6527949571609497,0.800978457190795,False,0.800978457190795,,Stored score; precursor logits not archived in candidates.json,,,root quality rule; later root-routing maxima can retain different precursor metadata,0.9900390625000001,0.0,False,False,False,specific_root_label,
hat__01,2,root:1/profile-refine:IDEA-Research_grounding-dino-tiny:daily_object_band:02,daily_object_band,grounded-sam2[IDEA-Research/grounding-dino-tiny|facebook/sam2.1-hiera-tiny]/profile-refine,grounded-sam2[IDEA-Research/grounding-dino|facebook/sam2.1-hiera-tiny]/profile-refine,0.2622745931148529,0.84171484375,1.0,0.2622745931148529,0.5001899096772948,False,0.5001899096772948,1.0,Stored score; precursor logits not archived in candidates.json,,,profile priority + SAM quality,0.84171484375,0.0,False,False,False,,
hat__01,3,root:1/visual-region:01,daily_object_visual_panel_01,sam2-amg[facebook/sam2.1-hiera-tiny]/point-grid,sam2-amg[facebook/sam2.1-hiera-tiny],0.6735020463458126,0.62,1.0,0.6735020463458126,0.5086641978039221,False,0.5086641978039221,,visual candidate from stored precursor score and appearance utility,0.6735020463458126,0.0,original matched/generic visual candidate; downstream transformations applied,0.62,0.0,False,False,False,,
hat__01,4,root:1/visual-region:02,daily_object_logo,sam2-amg[facebook/sam2.1-hiera-tiny]/prototype-labelled-region,sam2-amg[facebook/sam2.1-hiera-tiny],0.7037298495284691,0.6101857477779388,1.0,0.7037298495284691,0.5107568449575743,False,0.5107568449575743,1.0,visual candidate from stored precursor score and appearance utility; prototype label leaves score unchanged,0.7037298495284691,0.0,original matched/generic visual candidate; downstream transformations applied,0.6101857477779388,0.0,False,False,False,,
hat__01,5,root:1/visual-region:03,daily_object_logo,sam2-amg[facebook/sam2.1-hiera-tiny]/point-grid/semantic-rerank,sam2-amg[facebook/sam2.1-hiera-tiny],0.5250096541723085,0.66,1.0,0.5250096541723085,0.487578504464548,False,0.487578504464548,1.0,visual candidate from stored precursor score and appearance utility; semantic rerank,0.5250096541723085,0.0,original matched/generic visual candidate; downstream transformations applied,0.66,0.0,True,False,False,,
hat__01,6,root:1/visual-region:04,daily_object_inner_lining,sam2-amg[facebook/sam2.1-hiera-tiny]/prototype-labelled-region,sam2-amg[facebook/sam2.1-hiera-tiny],0.7617037913353502,0.6079736168203353,1.0,0.7617037913353502,0.5282908224993041,False,0.5282908224993041,1.0,visual candidate from stored precursor score and appearance utility; prototype label leaves score unchanged,0.7617037913353502,0.0,original matched/generic visual candidate; downstream transformations applied,0.6079736168203353,0.0,False,False,False,,
hat__01,7,root:1/visual-region:05,daily_object_brim,sam2-amg[facebook/sam2.1-hiera-tiny]/point-grid/semantic-rerank,sam2-amg[facebook/sam2.1-hiera-tiny],0.5148110117333166,0.66,1.0,0.5148110117333166,0.4838763972591939,False,0.4838763972591939,1.0,visual candidate from stored precursor score and appearance utility; semantic rerank,0.5148110117333166,0.0,original matched/generic visual candidate; downstream transformations applied,0.66,0.0,True,False,False,,
hat__01,8,root:1/visual-region:06,daily_object_visual_panel_03,sam2-amg[facebook/sam2.1-hiera-tiny]/point-grid,sam2-amg[facebook/sam2.1-hiera-tiny],0.8075668389744285,0.62,1.0,0.8075668389744285,0.5543802920902802,False,0.5543802920902802,,visual candidate from stored precursor score and appearance utility,0.8075668389744285,0.0,original matched/generic visual candidate; downstream transformations applied,0.62,0.0,False,False,False,,
hat__02,1,root:5,daily_object,grounded-sam2[IDEA-Research/grounding-dino-tiny|facebook/sam2.1-hiera-tiny]/isolated-profile-root,grounded-sam2[IDEA-Research/grounding-dino|facebook/sam2.1-hiera-tiny],0.3619537353515625,0.99765625,1.0,0.3619537353515625,0.6475532859563827,False,0.6475532859563827,,Stored score; precursor logits not archived in candidates.json,,,root quality rule; later root-routing maxima can retain different precursor metadata,0.9861328125000001,0.011523437499999956,False,False,False,isolated_profile_consensus,Final r may inherit another root via max; a simple single-q discrepancy is not evidence of incorrect frozen r
hat__02,2,root:5/profile-refine:IDEA-Research_grounding-dino-tiny:daily_object_band:01,daily_object_band,grounded-sam2[IDEA-Research/grounding-dino-tiny|facebook/sam2.1-hiera-tiny]/profile-refine,grounded-sam2[IDEA-Research/grounding-dino|facebook/sam2.1-hiera-tiny]/profile-refine,0.38185328245162964,0.7676582031250001,1.0,0.38185328245162964,0.5066692339715607,False,0.5066692339715607,1.0,Stored score; precursor logits not archived in candidates.json,,,profile priority + SAM quality,0.7676582031250001,0.0,False,False,False,,
hat__02,3,root:5/visual-region:01,daily_object_shell,sam2-amg[facebook/sam2.1-hiera-tiny]/point-grid/semantic-rerank,sam2-amg[facebook/sam2.1-hiera-tiny],0.5552298850386246,0.66,1.0,0.5552298850386246,0.4985484482690208,False,0.4985484482690208,1.0,visual candidate from stored precursor score and appearance utility; semantic rerank,0.5552298850386246,0.0,original matched/generic visual candidate; downstream transformations applied,0.66,0.0,True,False,False,,
hat__02,4,root:5/visual-region:02,daily_object_inner_lining,sam2-amg[facebook/sam2.1-hiera-tiny]/point-grid/semantic-rerank,sam2-amg[facebook/sam2.1-hiera-tiny],0.572454828448405,0.66,1.0,0.572454828448405,0.504801102726771,False,0.504801102726771,1.0,visual candidate from stored precursor score and appearance utility; semantic rerank,0.572454828448405,0.0,original matched/generic visual candidate; downstream transformations applied,0.66,0.0,True,False,False,,
hat__02,5,root:5/visual-region:05,daily_object_visual_strip_01,sam2-amg[facebook/sam2.1-hiera-tiny]/point-grid,sam2-amg[facebook/sam2.1-hiera-tiny],0.6734287557254258,0.62,1.0,0.6734287557254258,0.5086392057023702,False,0.5086392057023702,,visual candidate from stored precursor score and appearance utility,0.6734287557254258,0.0,original matched/generic visual candidate; downstream transformations applied,0.62,0.0,False,False,False,,
hat__02,6,root:5/visual-region:06,daily_object_band,sam2-amg[facebook/sam2.1-hiera-tiny]/point-grid/semantic-rerank,sam2-amg[facebook/sam2.1-hiera-tiny],0.5306347630210395,0.66,1.0,0.5306347630210395,0.4896204189766374,False,0.4896204189766374,1.0,visual candidate from stored precursor score and appearance utility; semantic rerank,0.5306347630210395,0.0,original matched/generic visual candidate; downstream transformations applied,0.66,0.0,True,False,False,,
hat__03,1,root:1,daily_object,grounded-sam2[IDEA-Research/grounding-dino-tiny|facebook/sam2.1-hiera-tiny]/root,grounded-sam2[IDEA-Research/grounding-dino|facebook/sam2.1-hiera-tiny],0.8630456924438477,0.99033203125,1.0,0.8630456924438477,0.9157354005752132,False,0.9157354005752132,,Stored score; precursor logits not archived in candidates.json,,,root quality rule; later root-routing maxima can retain different precursor metadata,0.99033203125,0.0,False,False,False,specific_root_label,
hat__03,2,root:1/profile-refine:IDEA-Research_grounding-dino-tiny:daily_object_inner_lining:01,daily_object_inner_lining,grounded-sam2[IDEA-Research/grounding-dino-tiny|facebook/sam2.1-hiera-tiny]/profile-refine,grounded-sam2[IDEA-Research/grounding-dino|facebook/sam2.1-hiera-tiny]/profile-refine,0.24184732139110565,0.858537109375,1.0,0.24184732139110565,0.5005408943382136,False,0.5005408943382136,1.0,Stored score; precursor logits not archived in candidates.json,,,profile priority + SAM quality,0.858537109375,0.0,False,False,False,,
hat__03,3,root:1/visual-region:03,daily_object_brim,sam2-amg[facebook/sam2.1-hiera-tiny]/point-grid/semantic-rerank,sam2-amg[facebook/sam2.1-hiera-tiny],0.5921859162136505,0.66,1.0,0.5921859162136505,0.5119634875855552,False,0.5119634875855552,1.0,visual candidate from stored precursor score and appearance utility; semantic rerank,0.5921859162136505,0.0,original matched/generic visual candidate; downstream transformations applied,0.66,0.0,True,False,False,,
hat__03,4,root:1/visual-region:04,daily_object_visor,sam2-amg[facebook/sam2.1-hiera-tiny]/prototype-labelled-region,sam2-amg[facebook/sam2.1-hiera-tiny],0.7141121808014229,0.6070010875186921,1.0,0.7141121808014229,0.5115572680796562,False,0.5115572680796562,1.0,visual candidate from stored precursor score and appearance utility; prototype label leaves score unchanged,0.7141121808014229,0.0,original matched/generic visual candidate; downstream transformations applied,0.6070010875186921,0.0,False,False,False,,
hat__03,5,root:1/visual-region:06,daily_object_band,sam2-amg[facebook/sam2.1-hiera-tiny]/prototype-labelled-region,sam2-amg[facebook/sam2.1-hiera-tiny],0.7512353270892465,0.602140937002182,1.0,0.7512353270892465,0.5197556707204446,False,0.5197556707204446,1.0,visual candidate from stored precursor score and appearance utility; prototype label leaves score unchanged,0.7512353270892465,0.0,original matched/generic visual candidate; downstream transformations applied,0.602140937002182,0.0,False,False,False,,
hat__03,6,root:1/visual-region:07,daily_object_logo,sam2-amg[facebook/sam2.1-hiera-tiny]/point-grid/semantic-rerank,sam2-amg[facebook/sam2.1-hiera-tiny],0.5233921733069987,0.66,1.0,0.5233921733069987,0.4869913589104406,False,0.4869913589104406,1.0,visual candidate from stored precursor score and appearance utility; semantic rerank,0.5233921733069987,0.0,original matched/generic visual candidate; downstream transformations applied,0.66,0.0,True,False,False,,
hat__04,1,root:1,daily_object,grounded-sam2[IDEA-Research/grounding-dino-tiny|facebook/sam2.1-hiera-tiny]/root,grounded-sam2[IDEA-Research/grounding-dino|facebook/sam2.1-hiera-tiny],0.7472472190856934,0.9979492187500001,1.0,0.7472472190856934,0.8592202766123229,False,0.8592202766123229,,Stored score; precursor logits not archived in candidates.json,,,root quality rule; later root-routing maxima can retain different precursor metadata,0.9979492187500001,0.0,False,False,False,specific_root_label,
hat__04,2,root:1/profile-refine:IDEA-Research_grounding-dino-tiny:daily_object_inner_lining:01,daily_object_inner_lining,grounded-sam2[IDEA-Research/grounding-dino-tiny|facebook/sam2.1-hiera-tiny]/profile-refine,grounded-sam2[IDEA-Research/grounding-dino|facebook/sam2.1-hiera-tiny]/profile-refine,0.2628418207168579,0.863564453125,1.0,0.2628418207168579,0.513443473147403,False,0.513443473147403,1.0,Stored score; precursor logits not archived in candidates.json,,,profile priority + SAM quality,0.863564453125,0.0,False,False,False,,
hat__04,3,root:1/visual-region:03,daily_object_visual_panel_03,sam2-amg[facebook/sam2.1-hiera-tiny]/point-grid,sam2-amg[facebook/sam2.1-hiera-tiny],0.6551777118253665,0.62,1.0,0.6551777118253665,0.5024155997324501,False,0.5024155997324501,,visual candidate from stored precursor score and appearance utility,0.6551777118253665,0.0,original matched/generic visual candidate; downstream transformations applied,0.62,0.0,False,False,False,,
hat__04,4,root:1/visual-region:04,daily_object_band,sam2-amg[facebook/sam2.1-hiera-tiny]/prototype-labelled-region,sam2-amg[facebook/sam2.1-hiera-tiny],0.8628251183758088,0.6054572217626571,1.0,0.8628251183758088,0.5597777842645649,False,0.5597777842645649,1.0,visual candidate from stored precursor score and appearance utility; prototype label leaves score unchanged,0.8628251183758088,0.0,original matched/generic visual candidate; downstream transformations applied,0.6054572217626571,0.0,False,False,False,,
hat__04,5,root:1/visual-region:07,daily_object_brim,sam2-amg[facebook/sam2.1-hiera-tiny]/point-grid/semantic-rerank,sam2-amg[facebook/sam2.1-hiera-tiny],0.5848233340092204,0.66,1.0,0.5848233340092204,0.509290870245347,False,0.509290870245347,1.0,visual candidate from stored precursor score and appearance utility; semantic rerank,0.5848233340092204,0.0,original matched/generic visual candidate; downstream transformations applied,0.66,0.0,True,False,False,,
hat__04,6,root:1/visual-region:08,daily_object_visual_panel_05,sam2-amg[facebook/sam2.1-hiera-tiny]/point-grid,sam2-amg[facebook/sam2.1-hiera-tiny],0.7411024519381952,0.62,1.0,0.7411024519381952,0.5317159361109246,False,0.5317159361109246,,visual candidate from stored precursor score and appearance utility,0.7411024519381952,0.0,original matched/generic visual candidate; downstream transformations applied,0.62,0.0,False,False,False,,
helmet__01,1,root:1,daily_object,grounded-sam2[IDEA-Research/grounding-dino-tiny|facebook/sam2.1-hiera-tiny]/root,grounded-sam2[IDEA-Research/grounding-dino|facebook/sam2.1-hiera-tiny],0.6124255657196045,0.99482421875,1.0,0.6124255657196045,0.7827615801652428,False,0.7827615801652428,,Stored score; precursor logits not archived in candidates.json,,,root quality rule; later root-routing maxima can retain different precursor metadata,0.99482421875,0.0,False,False,False,specific_root_label,
helmet__01,2,root:1/profile-refine:IDEA-Research_grounding-dino-tiny:daily_object_rim:01,daily_object_rim,grounded-sam2[IDEA-Research/grounding-dino-tiny|facebook/sam2.1-hiera-tiny]/profile-refine,grounded-sam2[IDEA-Research/grounding-dino|facebook/sam2.1-hiera-tiny]/profile-refine,0.24762336909770966,0.8685917968750001,1.0,0.24762336909770966,0.5091623035058016,False,0.5091623035058016,1.0,Stored score; precursor logits not archived in candidates.json,,,profile priority + SAM quality,0.8685917968750001,0.0,False,False,False,,
helmet__01,3,root:1/daily_object_guided_daily_object_logo:01,daily_object_logo,grounded-sam2[IDEA-Research/grounding-dino-tiny|facebook/sam2.1-hiera-tiny]/retrieved-part,grounded-sam2[IDEA-Research/grounding-dino|facebook/sam2.1-hiera-tiny],0.3546457038166187,0.7005924795195317,1.0,0.3546457038166187,0.45192077792709817,False,0.45192077792709817,1.0,Stored score; precursor logits not archived in candidates.json,,,guided SAM quality times retrieval reliability scale,0.7005924795195317,0.0,False,False,False,,
helmet__01,4,root:1/visual-region:01,daily_object_visor,sam2-amg[facebook/sam2.1-hiera-tiny]/point-grid/semantic-rerank,sam2-amg[facebook/sam2.1-hiera-tiny],0.5444690270557743,0.66,1.0,0.5444690270557743,0.4946422568212461,False,0.4946422568212461,1.0,visual candidate from stored precursor score and appearance utility; semantic rerank,0.5444690270557743,0.0,original matched/generic visual candidate; downstream transformations applied,0.66,0.0,True,False,False,,
helmet__01,5,root:1/visual-region:03,daily_object_logo,sam2-amg[facebook/sam2.1-hiera-tiny]/point-grid,sam2-amg[facebook/sam2.1-hiera-tiny],0.9418180963470939,0.68,1.0,0.9418180963470939,0.6582399680338132,False,0.6582399680338132,1.0,visual candidate from stored precursor score and appearance utility,0.9418180963470939,0.0,original matched/generic visual candidate; downstream transformations applied,0.68,0.0,False,False,False,,
helmet__01,6,root:1/visual-region:05,daily_object_visual_panel_04,sam2-amg[facebook/sam2.1-hiera-tiny]/point-grid,sam2-amg[facebook/sam2.1-hiera-tiny],0.7747379955256067,0.62,1.0,0.7747379955256067,0.5431856564742319,False,0.5431856564742319,,visual candidate from stored precursor score and appearance utility,0.7747379955256067,0.0,original matched/generic visual candidate; downstream transformations applied,0.62,0.0,False,False,False,,
helmet__01,7,root:1/visual-region:08,daily_object_band,sam2-amg[facebook/sam2.1-hiera-tiny]/prototype-labelled-region,sam2-amg[facebook/sam2.1-hiera-tiny],0.7049045095625441,0.6086474238643647,1.0,0.7049045095625441,0.5098624133375529,False,0.5098624133375529,1.0,visual candidate from stored precursor score and appearance utility; prototype label leaves score unchanged,0.7049045095625441,0.0,original matched/generic visual candidate; downstream transformations applied,0.6086474238643647,0.0,False,False,False,,
helmet__01,8,root:1/visual-region:09,daily_object_inner_lining,sam2-amg[facebook/sam2.1-hiera-tiny]/prototype-labelled-region,sam2-amg[facebook/sam2.1-hiera-tiny],0.8060721295778661,0.601633636879921,1.0,0.8060721295778661,0.5374631953939755,False,0.5374631953939755,1.0,visual candidate from stored precursor score and appearance utility; prototype label leaves score unchanged,0.8060721295778661,0.0,original matched/generic visual candidate; downstream transformations applied,0.601633636879921,0.0,False,False,False,,
helmet__02,1,root:1,daily_object,grounded-sam2[IDEA-Research/grounding-dino-tiny|facebook/sam2.1-hiera-tiny]/root,grounded-sam2[IDEA-Research/grounding-dino|facebook/sam2.1-hiera-tiny],0.786786675453186,0.995703125,1.0,0.786786675453186,0.8789396795514041,False,0.8789396795514041,,Stored score; precursor logits not archived in candidates.json,,,root quality rule; later root-routing maxima can retain different precursor metadata,0.995703125,0.0,False,False,False,specific_root_label,
helmet__02,2,root:1/profile-refine:IDEA-Research_grounding-dino-tiny:daily_object_visor:02,daily_object_visor,grounded-sam2[IDEA-Research/grounding-dino-tiny|facebook/sam2.1-hiera-tiny]/profile-refine,grounded-sam2[IDEA-Research/grounding-dino|facebook/sam2.1-hiera-tiny]/profile-refine,0.2791401743888855,0.83552734375,1.0,0.2791401743888855,0.5042633913300815,False,0.5042633913300815,1.0,Stored score; precursor logits not archived in candidates.json,,,profile priority + SAM quality,0.83552734375,0.0,False,False,False,,
helmet__02,3,root:1/profile-refine:IDEA-Research_grounding-dino-tiny:daily_object_logo:04,daily_object_logo,grounded-sam2[IDEA-Research/grounding-dino-tiny|facebook/sam2.1-hiera-tiny]/profile-refine,grounded-sam2[IDEA-Research/grounding-dino|facebook/sam2.1-hiera-tiny]/profile-refine,0.2590751051902771,0.8498359375000001,1.0,0.2590751051902771,0.5035204060712597,False,0.5035204060712597,1.0,Stored score; precursor logits not archived in candidates.json,,,profile priority + SAM quality,0.8498359375000001,0.0,False,False,False,,
helmet__02,4,root:1/profile-refine:IDEA-Research_grounding-dino-tiny:daily_object_logo:03,daily_object_logo,grounded-sam2[IDEA-Research/grounding-dino-tiny|facebook/sam2.1-hiera-tiny]/profile-refine,grounded-sam2[IDEA-Research/grounding-dino|facebook/sam2.1-hiera-tiny]/profile-refine,0.2776688039302826,0.8506093750000001,1.0,0.2776688039302826,0.5126774470224745,False,0.5126774470224745,1.0,Stored score; precursor logits not archived in candidates.json,,,profile priority + SAM quality,0.8506093750000001,0.0,False,False,False,,
helmet__02,5,root:1/visual-region:03,daily_object_inner_lining,sam2-amg[facebook/sam2.1-hiera-tiny]/prototype-labelled-region,sam2-amg[facebook/sam2.1-hiera-tiny],0.7559113687849307,0.6113078180456162,1.0,0.7559113687849307,0.5292405093388124,False,0.5292405093388124,1.0,visual candidate from stored precursor score and appearance utility; prototype label leaves score unchanged,0.7559113687849307,0.0,original matched/generic visual candidate; downstream transformations applied,0.6113078180456162,0.0,False,False,False,,
helmet__02,6,root:1/visual-region:09,daily_object_face_shield,sam2-amg[facebook/sam2.1-hiera-tiny]/prototype-labelled-region,sam2-amg[facebook/sam2.1-hiera-tiny],0.8752749154649168,0.6079861940441131,1.0,0.8752749154649168,0.5662790728475396,False,0.5662790728475396,1.0,visual candidate from stored precursor score and appearance utility; prototype label leaves score unchanged,0.8752749154649168,0.0,original matched/generic visual candidate; downstream transformations applied,0.6079861940441131,0.0,False,False,False,,
helmet__02,7,root:1/visual-region:07,daily_object_visual_panel_02,sam2-amg[facebook/sam2.1-hiera-tiny]/point-grid,sam2-amg[facebook/sam2.1-hiera-tiny],0.9175702953650939,0.62,1.0,0.9175702953650939,0.5918914707194971,False,0.5918914707194971,,visual candidate from stored precursor score and appearance utility,0.9175702953650939,0.0,original matched/generic visual candidate; downstream transformations applied,0.62,0.0,False,False,False,,
helmet__02,8,root:1/visual-region:12,daily_object_band,sam2-amg[facebook/sam2.1-hiera-tiny]/point-grid/semantic-rerank,sam2-amg[facebook/sam2.1-hiera-tiny],0.6935726879882813,0.66,1.0,0.6935726879882813,0.5487668857397462,False,0.5487668857397462,1.0,visual candidate from stored precursor score and appearance utility; semantic rerank,0.6935726879882813,0.0,original matched/generic visual candidate; downstream transformations applied,0.66,0.0,True,False,False,,
helmet__02,9,root:1/visual-region:15,daily_object_visual_panel_04,sam2-amg[facebook/sam2.1-hiera-tiny]/point-grid,sam2-amg[facebook/sam2.1-hiera-tiny],0.9137555790990928,0.62,1.0,0.9137555790990928,0.5905906524727907,False,0.5905906524727907,,visual candidate from stored precursor score and appearance utility,0.9137555790990928,0.0,original matched/generic visual candidate; downstream transformations applied,0.62,0.0,False,False,False,,
helmet__02,10,root:1/visual-region:16,daily_object_band,sam2-amg[facebook/sam2.1-hiera-tiny]/prototype-labelled-region,sam2-amg[facebook/sam2.1-hiera-tiny],0.8365279557623093,0.6129674304761886,1.0,0.8365279557623093,0.5578557590751018,False,0.5578557590751018,1.0,visual candidate from stored precursor score and appearance utility; prototype label leaves score unchanged,0.8365279557623093,0.0,original matched/generic visual candidate; downstream transformations applied,0.6129674304761886,0.0,False,False,False,,
helmet__02,11,root:1/visual-region:18,daily_object_visual_panel_05,sam2-amg[facebook/sam2.1-hiera-tiny]/point-grid,sam2-amg[facebook/sam2.1-hiera-tiny],0.7329752990744652,0.62,1.0,0.7329752990744652,0.5289445769843927,False,0.5289445769843927,,visual candidate from stored precursor score and appearance utility,0.7329752990744652,0.0,original matched/generic visual candidate; downstream transformations applied,0.62,0.0,False,False,False,,
helmet__03,1,root:8,daily_object,grounded-sam2[IDEA-Research/grounding-dino-tiny|facebook/sam2.1-hiera-tiny]/root,grounded-sam2[IDEA-Research/grounding-dino|facebook/sam2.1-hiera-tiny],0.30528295040130615,0.9906250000000001,1.0,0.30528295040130615,0.6121127575077118,False,0.6121127575077118,,Stored score; precursor logits not archived in candidates.json,,,root quality rule; later root-routing maxima can retain different precursor metadata,0.9906250000000001,0.0,False,False,False,specific_root_label,
helmet__03,2,root:8/visual-region:01,daily_object_visual_panel_01,sam2-amg[facebook/sam2.1-hiera-tiny]/point-grid,sam2-amg[facebook/sam2.1-hiera-tiny],0.7207064341804932,0.62,1.0,0.7207064341804932,0.5247608940555483,False,0.5247608940555483,,visual candidate from stored precursor score and appearance utility,0.7207064341804932,0.0,original matched/generic visual candidate; downstream transformations applied,0.62,0.0,False,False,False,,
helmet__03,3,root:8/visual-region:04,daily_object_visual_panel_04,sam2-amg[facebook/sam2.1-hiera-tiny]/point-grid,sam2-amg[facebook/sam2.1-hiera-tiny],0.6616951163991618,0.62,1.0,0.6616951163991618,0.5046380346921142,False,0.5046380346921142,,visual candidate from stored precursor score and appearance utility,0.6616951163991618,0.0,original matched/generic visual candidate; downstream transformations applied,0.62,0.0,False,False,False,,
helmet__03,4,root:8/visual-region:05,daily_object_band,sam2-amg[facebook/sam2.1-hiera-tiny]/prototype-labelled-region,sam2-amg[facebook/sam2.1-hiera-tiny],0.7584932684878918,0.6124257818574905,1.0,0.7584932684878918,0.5310780599789081,False,0.5310780599789081,1.0,visual candidate from stored precursor score and appearance utility; prototype label leaves score unchanged,0.7584932684878918,0.0,original matched/generic visual candidate; downstream transformations applied,0.6124257818574905,0.0,False,False,False,,
helmet__04,1,root:1,daily_object,grounded-sam2[IDEA-Research/grounding-dino-tiny|facebook/sam2.1-hiera-tiny]/root,grounded-sam2[IDEA-Research/grounding-dino|facebook/sam2.1-hiera-tiny],0.43476125597953796,0.9769531250000001,1.0,0.43476125597953796,0.6732366584619741,False,0.6732366584619741,,Stored score; precursor logits not archived in candidates.json,,,root quality rule; later root-routing maxima can retain different precursor metadata,0.9769531250000001,0.0,False,False,False,specific_root_label,
helmet__04,2,root:1/profile-refine:IDEA-Research_grounding-dino-tiny:daily_object_logo:01,daily_object_logo,grounded-sam2[IDEA-Research/grounding-dino-tiny|facebook/sam2.1-hiera-tiny]/profile-refine,grounded-sam2[IDEA-Research/grounding-dino|facebook/sam2.1-hiera-tiny]/profile-refine,0.2806163728237152,0.8562167968750001,1.0,0.2806163728237152,0.5174452071331413,False,0.5174452071331413,1.0,Stored score; precursor logits not archived in candidates.json,,,profile priority + SAM quality,0.8562167968750001,0.0,False,False,False,,
helmet__04,3,root:1/profile-refine:IDEA-Research_grounding-dino-tiny:daily_object_band:01,daily_object_band,grounded-sam2[IDEA-Research/grounding-dino-tiny|facebook/sam2.1-hiera-tiny]/profile-refine,grounded-sam2[IDEA-Research/grounding-dino|facebook/sam2.1-hiera-tiny]/profile-refine,0.26740819215774536,0.8363007812500001,1.0,0.26740819215774536,0.4993338755702949,False,0.4993338755702949,1.0,Stored score; precursor logits not archived in candidates.json,,,profile priority + SAM quality,0.8363007812500001,0.0,False,False,False,,
helmet__04,4,root:1/profile-refine:IDEA-Research_grounding-dino-tiny:daily_object_face_shield:01,daily_object_face_shield,grounded-sam2[IDEA-Research/grounding-dino-tiny|facebook/sam2.1-hiera-tiny]/profile-refine,grounded-sam2[IDEA-Research/grounding-dino|facebook/sam2.1-hiera-tiny]/profile-refine,0.24671480059623718,0.8430683593750001,1.0,0.24671480059623718,0.49377935491346003,False,0.49377935491346003,1.0,Stored score; precursor logits not archived in candidates.json,,,profile priority + SAM quality,0.8430683593750001,0.0,False,False,False,,
helmet__04,5,root:1/visual-region:01,daily_object_visual_panel_01,sam2-amg[facebook/sam2.1-hiera-tiny]/point-grid,sam2-amg[facebook/sam2.1-hiera-tiny],0.6983607305850729,0.62,1.0,0.6983607305850729,0.5171410091295099,False,0.5171410091295099,,visual candidate from stored precursor score and appearance utility,0.6983607305850729,0.0,original matched/generic visual candidate; downstream transformations applied,0.62,0.0,False,False,False,,
helmet__04,6,root:1/visual-region:02,daily_object_shell,sam2-amg[facebook/sam2.1-hiera-tiny]/point-grid/semantic-rerank,sam2-amg[facebook/sam2.1-hiera-tiny],0.5863031911248409,0.66,1.0,0.5863031911248409,0.5098280583783174,False,0.5098280583783174,1.0,visual candidate from stored precursor score and appearance utility; semantic rerank,0.5863031911248409,0.0,original matched/generic visual candidate; downstream transformations applied,0.66,0.0,True,False,False,,
helmet__04,7,root:1/visual-region:10,daily_object_visor,sam2-amg[facebook/sam2.1-hiera-tiny]/point-grid/semantic-rerank,sam2-amg[facebook/sam2.1-hiera-tiny],0.5092318164136818,0.66,1.0,0.5092318164136818,0.4818511493581665,False,0.4818511493581665,1.0,visual candidate from stored precursor score and appearance utility; semantic rerank,0.5092318164136818,0.0,original matched/generic visual candidate; downstream transformations applied,0.66,0.0,True,False,False,,
helmet__04,8,root:1/visual-region:12,daily_object_logo,sam2-amg[facebook/sam2.1-hiera-tiny]/point-grid/semantic-rerank,sam2-amg[facebook/sam2.1-hiera-tiny],0.5796701311361662,0.66,1.0,0.5796701311361662,0.5074202576024284,False,0.5074202576024284,1.0,visual candidate from stored precursor score and appearance utility; semantic rerank,0.5796701311361662,0.0,original matched/generic visual candidate; downstream transformations applied,0.66,0.0,True,False,False,,
helmet__04,9,root:1/visual-region:21,daily_object_logo,sam2-amg[facebook/sam2.1-hiera-tiny]/point-grid/within-root-repetition-consensus,sam2-amg[facebook/sam2.1-hiera-tiny],0.5270242639237024,0.62,1.0,0.5270242639237024,0.4587152739979825,False,0.4587152739979825,1.0,visual candidate from stored precursor score and appearance utility; within-root/inventory consensus,0.5270242639237024,0.0,original matched/generic visual candidate; downstream transformations applied,0.62,0.0,True,False,False,,
helmet__04,10,root:1/visual-region:15,daily_object_visual_strip_04,sam2-amg[facebook/sam2.1-hiera-tiny]/point-grid,sam2-amg[facebook/sam2.1-hiera-tiny],0.8191287793690762,0.62,1.0,0.8191287793690762,0.558322913764855,False,0.558322913764855,,visual candidate from stored precursor score and appearance utility,0.8191287793690762,0.0,original matched/generic visual candidate; downstream transformations applied,0.62,0.0,False,False,False,,
helmet__04,11,root:1/visual-region:19,daily_object_band,sam2-amg[facebook/sam2.1-hiera-tiny]/point-grid/semantic-rerank,sam2-amg[facebook/sam2.1-hiera-tiny],0.564909573041935,0.66,1.0,0.564909573041935,0.5020621750142225,False,0.5020621750142225,1.0,visual candidate from stored precursor score and appearance utility; semantic rerank,0.564909573041935,0.0,original matched/generic visual candidate; downstream transformations applied,0.66,0.0,True,False,False,,
shoe__01,1,root:1,daily_object,grounded-sam2[IDEA-Research/grounding-dino-tiny|facebook/sam2.1-hiera-tiny]/root,grounded-sam2[IDEA-Research/grounding-dino|facebook/sam2.1-hiera-tiny],0.448879212141037,0.9758789062500001,1.0,0.448879212141037,0.6800739728329064,False,0.6800739728329064,,Stored score; precursor logits not archived in candidates.json,,,root quality rule; later root-routing maxima can retain different precursor metadata,0.9758789062500001,0.0,False,False,False,specific_root_label,
shoe__01,2,root:1/profile-refine:IDEA-Research_grounding-dino-tiny:daily_object_toe:01,daily_object_toe,grounded-sam2[IDEA-Research/grounding-dino-tiny|facebook/sam2.1-hiera-tiny]/profile-refine,grounded-sam2[IDEA-Research/grounding-dino|facebook/sam2.1-hiera-tiny]/profile-refine,0.2859697937965393,0.8129042968750001,1.0,0.2859697937965393,0.49366327437826557,False,0.49366327437826557,1.0,Stored score; precursor logits not archived in candidates.json,,,profile priority + SAM quality,0.8129042968750001,0.0,False,False,False,,
shoe__01,3,root:1/visual-region:02,daily_object_visual_strip_01,sam2-amg[facebook/sam2.1-hiera-tiny]/point-grid,sam2-amg[facebook/sam2.1-hiera-tiny],0.7218396635410991,0.62,1.0,0.7218396635410991,0.5251473252675147,False,0.5251473252675147,,visual candidate from stored precursor score and appearance utility,0.7218396635410991,0.0,original matched/generic visual candidate; downstream transformations applied,0.62,0.0,False,False,False,,
shoe__01,4,root:1/visual-region:04,daily_object_throat,sam2-amg[facebook/sam2.1-hiera-tiny]/prototype-labelled-region,sam2-amg[facebook/sam2.1-hiera-tiny],0.69952160678232,0.6096319809446334,1.0,0.69952160678232,0.5088822999960383,False,0.5088822999960383,1.0,visual candidate from stored precursor score and appearance utility; prototype label leaves score unchanged,0.69952160678232,0.0,original matched/generic visual candidate; downstream transformations applied,0.6096319809446334,0.0,False,False,False,,
shoe__01,5,root:1/visual-region:06,daily_object_visual_panel_04,sam2-amg[facebook/sam2.1-hiera-tiny]/point-grid,sam2-amg[facebook/sam2.1-hiera-tiny],0.7889822957128699,0.62,1.0,0.7889822957128699,0.5480429628380886,False,0.5480429628380886,,visual candidate from stored precursor score and appearance utility,0.7889822957128699,0.0,original matched/generic visual candidate; downstream transformations applied,0.62,0.0,False,False,False,,
shoe__02,1,root:7,character,grounded-sam2[IDEA-Research/grounding-dino-tiny|facebook/sam2.1-hiera-tiny]/root,grounded-sam2[IDEA-Research/grounding-dino|facebook/sam2.1-hiera-tiny],0.28937169909477234,0.9745117187500001,1.0,0.28937169909477234,0.59362813495085,False,0.59362813495085,,Stored score; precursor logits not archived in candidates.json,,,root quality rule; later root-routing maxima can retain different precursor metadata,0.9745117187500001,0.0,False,False,False,specific_root_label,
shoe__02,2,root:7/contour-visual-region:01,character_visual_contour_panel_01,hpid-appearance-contour/closed-edge,hpid-appearance-contour,0.7151505554045154,0.62,1.0,0.7151505554045154,0.5228663393929398,False,0.5228663393929398,,visual candidate from stored precursor score and appearance utility,0.7151505554045154,0.0,original matched/generic visual candidate; downstream transformations applied,0.62,0.0,False,False,False,,
shoe__02,3,root:7/contour-visual-region:02,character_leg,hpid-appearance-contour/closed-edge/semantic-rerank,hpid-appearance-contour,0.5089266513516841,0.66,1.0,0.5089266513516841,0.4817403744406614,False,0.4817403744406614,0.92,visual candidate from stored precursor score and appearance utility; semantic rerank,0.5089266513516841,0.0,original matched/generic visual candidate; downstream transformations applied,0.66,0.0,True,False,False,,
shoe__02,4,root:7/contour-visual-region:06,character_head,hpid-appearance-contour/closed-edge/semantic-rerank,hpid-appearance-contour,0.5155977880645461,0.66,1.0,0.5155977880645461,0.4841619970674303,False,0.4841619970674303,1.0,visual candidate from stored precursor score and appearance utility; semantic rerank,0.5155977880645461,0.0,original matched/generic visual candidate; downstream transformations applied,0.66,0.0,True,False,False,,
shoe__02,5,root:7/contour-visual-region:07,character_shoe,hpid-appearance-contour/closed-edge/semantic-rerank,hpid-appearance-contour,0.526150110013546,0.66,1.0,0.526150110013546,0.48799248993491723,False,0.48799248993491723,1.08,visual candidate from stored precursor score and appearance utility; semantic rerank,0.526150110013546,0.0,original matched/generic visual candidate; downstream transformations applied,0.66,0.0,True,False,False,,
shoe__02,6,root:7/contour-visual-region:09,character_shoe,hpid-appearance-contour/closed-edge/semantic-rerank,hpid-appearance-contour,0.49240162987937774,0.66,1.0,0.49240162987937774,0.47574179164621416,False,0.47574179164621416,1.08,visual candidate from stored precursor score and appearance utility; semantic rerank,0.49240162987937774,0.0,original matched/generic visual candidate; downstream transformations applied,0.66,0.0,True,False,False,,
shoe__02,7,root:7/visual-region:01,character_visual_panel_01,sam2-amg[facebook/sam2.1-hiera-tiny]/point-grid,sam2-amg[facebook/sam2.1-hiera-tiny],0.6629005641393282,0.62,1.0,0.6629005641393282,0.505049092371511,False,0.505049092371511,,visual candidate from stored precursor score and appearance utility,0.6629005641393282,0.0,original matched/generic visual candidate; downstream transformations applied,0.62,0.0,False,False,False,,
shoe__02,8,root:7/visual-region:02,character_visual_panel_02,sam2-amg[facebook/sam2.1-hiera-tiny]/point-grid,sam2-amg[facebook/sam2.1-hiera-tiny],0.6952140970969168,0.62,1.0,0.6952140970969168,0.5160680071100486,False,0.5160680071100486,,visual candidate from stored precursor score and appearance utility,0.6952140970969168,0.0,original matched/generic visual candidate; downstream transformations applied,0.62,0.0,False,False,False,,
shoe__02,9,root:7/visual-region:03,character_leg,sam2-amg[facebook/sam2.1-hiera-tiny]/point-grid/semantic-rerank,sam2-amg[facebook/sam2.1-hiera-tiny],0.6204468733694812,0.66,1.0,0.6204468733694812,0.5222222150331217,False,0.5222222150331217,0.92,Partial chain only: cross-source max can inherit unarchived other proposal score,,,original matched/generic visual candidate; downstream transformations applied,0.66,0.0,True,False,True,,
shoe__02,10,root:7/visual-region:04,character_visual_panel_03,sam2-amg[facebook/sam2.1-hiera-tiny]/point-grid,sam2-amg[facebook/sam2.1-hiera-tiny],0.7486284915395244,0.62,1.0,0.7486284915395244,0.5342823156149779,False,0.5342823156149779,,visual candidate from stored precursor score and appearance utility,0.7486284915395244,0.0,original matched/generic visual candidate; downstream transformations applied,0.62,0.0,False,False,False,,
shoe__03,1,root:2,tool_prop,grounded-sam2[IDEA-Research/grounding-dino-tiny|facebook/sam2.1-hiera-tiny]/root,grounded-sam2[IDEA-Research/grounding-dino|facebook/sam2.1-hiera-tiny],0.4442934989929199,0.984375,1.0,0.4442934989929199,0.6835120271891356,False,0.6835120271891356,,Stored score; precursor logits not archived in candidates.json,,,root quality rule; later root-routing maxima can retain different precursor metadata,0.984375,0.0,False,False,False,exact_asset_router,
shoe__03,2,root:2/visual-region:02,tool_prop_handle,sam2-amg[facebook/sam2.1-hiera-tiny]/prototype-labelled-region,sam2-amg[facebook/sam2.1-hiera-tiny],0.6993052361274569,0.6024425018882752,1.0,0.6993052361274569,0.5028092836696318,False,0.5028092836696318,1.0,visual candidate from stored precursor score and appearance utility; prototype label leaves score unchanged,0.6993052361274569,0.0,original matched/generic visual candidate; downstream transformations applied,0.6024425018882752,0.0,False,False,False,,
shoe__04,1,root:1,daily_object,grounded-sam2[IDEA-Research/grounding-dino-tiny|facebook/sam2.1-hiera-tiny]/root,grounded-sam2[IDEA-Research/grounding-dino|facebook/sam2.1-hiera-tiny],0.7507355809211731,0.9884765625,1.0,0.7507355809211731,0.852960942631471,False,0.852960942631471,,Stored score; precursor logits not archived in candidates.json,,,root quality rule; later root-routing maxima can retain different precursor metadata,0.9884765625,0.0,False,False,False,specific_root_label,
shoe__04,2,root:1/profile-refine:IDEA-Research_grounding-dino-tiny:daily_object_sole:01,daily_object_sole,grounded-sam2[IDEA-Research/grounding-dino-tiny|facebook/sam2.1-hiera-tiny]/profile-refine,grounded-sam2[IDEA-Research/grounding-dino|facebook/sam2.1-hiera-tiny]/profile-refine,0.3293917179107666,0.8250859375000001,1.0,0.3293917179107666,0.5207657327824273,False,0.5207657327824273,1.0,Stored score; precursor logits not archived in candidates.json,,,profile priority + SAM quality,0.8250859375000001,0.0,False,False,False,,
shoe__04,3,root:1/visual-region:02,daily_object_upper,sam2-amg[facebook/sam2.1-hiera-tiny]/prototype-labelled-region,sam2-amg[facebook/sam2.1-hiera-tiny],0.6718075785550278,0.6155850374698639,1.0,0.6718075785550278,0.5044683482409732,False,0.5044683482409732,1.0,visual candidate from stored precursor score and appearance utility; prototype label leaves score unchanged,0.6718075785550278,0.0,original matched/generic visual candidate; downstream transformations applied,0.6155850374698639,0.0,False,False,False,,
shoe__04,4,root:1/visual-region:03,daily_object_visual_panel_03,sam2-amg[facebook/sam2.1-hiera-tiny]/point-grid,sam2-amg[facebook/sam2.1-hiera-tiny],0.6423226487894279,0.62,1.0,0.6423226487894279,0.4980320232371949,False,0.4980320232371949,,visual candidate from stored precursor score and appearance utility,0.6423226487894279,0.0,original matched/generic visual candidate; downstream transformations applied,0.62,0.0,False,False,False,,
shoe__04,5,root:1/visual-region:05,daily_object_toe,sam2-amg[facebook/sam2.1-hiera-tiny]/point-grid/semantic-rerank,sam2-amg[facebook/sam2.1-hiera-tiny],0.49697810348624516,0.66,1.0,0.49697810348624516,0.47740305156550705,False,0.47740305156550705,1.0,visual candidate from stored precursor score and appearance utility; semantic rerank,0.49697810348624516,0.0,original matched/generic visual candidate; downstream transformations applied,0.66,0.0,True,False,False,,
shoe__04,6,root:1/visual-region:06,daily_object_visual_strip_01,sam2-amg[facebook/sam2.1-hiera-tiny]/point-grid,sam2-amg[facebook/sam2.1-hiera-tiny],0.7248367002495689,0.62,1.0,0.7248367002495689,0.526169314785103,False,0.526169314785103,,visual candidate from stored precursor score and appearance utility,0.7248367002495689,0.0,original matched/generic visual candidate; downstream transformations applied,0.62,0.0,False,False,False,,
shoe__04,7,root:1/visual-region:07,daily_object_visual_strip_02,sam2-amg[facebook/sam2.1-hiera-tiny]/point-grid,sam2-amg[facebook/sam2.1-hiera-tiny],0.680631103457531,0.62,1.0,0.680631103457531,0.5110952062790182,False,0.5110952062790182,,visual candidate from stored precursor score and appearance utility,0.680631103457531,0.0,original matched/generic visual candidate; downstream transformations applied,0.62,0.0,False,False,False,,
slipper_footwear__01,1,root:1,daily_object,grounded-sam2[IDEA-Research/grounding-dino-tiny|facebook/sam2.1-hiera-tiny]/root,grounded-sam2[IDEA-Research/grounding-dino|facebook/sam2.1-hiera-tiny],0.4154323637485504,0.9929687500000001,1.0,0.4154323637485504,0.6737171827175189,False,0.6737171827175189,,Stored score; precursor logits not archived in candidates.json,,,root quality rule; later root-routing maxima can retain different precursor metadata,0.9929687500000001,0.0,False,False,False,,
slipper_footwear__01,2,root:1/daily_object_guided_daily_object_insole:01,daily_object_insole,grounded-sam2[IDEA-Research/grounding-dino-tiny|facebook/sam2.1-hiera-tiny]/retrieved-part,grounded-sam2[IDEA-Research/grounding-dino|facebook/sam2.1-hiera-tiny],0.2718637669396791,0.6563781623208141,1.0,0.2718637669396791,0.39351516490438077,False,0.39351516490438077,1.0,Stored score; precursor logits not archived in candidates.json,,,guided SAM quality times retrieval reliability scale,0.6563781623208141,0.0,False,False,False,,
slipper_footwear__01,3,root:1/visual-region:01,daily_object_insole,sam2-amg[facebook/sam2.1-hiera-tiny]/point-grid,sam2-amg[facebook/sam2.1-hiera-tiny],0.7990065333606367,0.68,1.0,0.7990065333606367,0.6048284434768783,False,0.6048284434768783,1.0,visual candidate from stored precursor score and appearance utility,0.7990065333606367,0.0,original matched/generic visual candidate; downstream transformations applied,0.68,0.0,False,False,False,,
scarf__01,1,root:1,device,grounded-sam2[IDEA-Research/grounding-dino-tiny|facebook/sam2.1-hiera-tiny]/root,grounded-sam2[IDEA-Research/grounding-dino|facebook/sam2.1-hiera-tiny],0.9525741338729858,0.986328125,1.0,0.9525741338729858,0.9606005189125426,False,0.9606005189125426,,Stored score; precursor logits not archived in candidates.json,,,root quality rule; later root-routing maxima can retain different precursor metadata,0.986328125,0.0,False,False,False,specific_root_label,
scarf__01,2,root:1/profile-refine:IDEA-Research_grounding-dino-tiny:device_microphone:01,device_microphone,grounded-sam2[IDEA-Research/grounding-dino-tiny|facebook/sam2.1-hiera-tiny]/profile-refine,grounded-sam2[IDEA-Research/grounding-dino|facebook/sam2.1-hiera-tiny]/profile-refine,0.3821414113044739,0.845001953125,1.0,0.3821414113044739,0.5578515103134735,False,0.5578515103134735,1.0,Stored score; precursor logits not archived in candidates.json,,,profile priority + SAM quality,0.845001953125,0.0,False,False,False,,
scarf__01,3,root:1/profile-refine:IDEA-Research_grounding-dino-tiny:device_back_panel:01,device_back_panel,grounded-sam2[IDEA-Research/grounding-dino-tiny|facebook/sam2.1-hiera-tiny]/profile-refine,grounded-sam2[IDEA-Research/grounding-dino|facebook/sam2.1-hiera-tiny]/profile-refine,0.28527238965034485,0.8477089843750001,1.0,0.28527238965034485,0.5144744252041478,False,0.5144744252041478,1.0,Stored score; precursor logits not archived in candidates.json,,,profile priority + SAM quality,0.8477089843750001,0.0,False,False,False,,
scarf__01,4,root:1/profile-refine:IDEA-Research_grounding-dino-tiny:device_button:02,device_button,grounded-sam2[IDEA-Research/grounding-dino-tiny|facebook/sam2.1-hiera-tiny]/profile-refine,grounded-sam2[IDEA-Research/grounding-dino|facebook/sam2.1-hiera-tiny]/profile-refine,0.272024542093277,0.845001953125,1.0,0.272024542093277,0.5066745770579641,False,0.5066745770579641,1.0,Stored score; precursor logits not archived in candidates.json,,,profile priority + SAM quality,0.845001953125,0.0,False,False,False,,
scarf__01,5,root:1/device_guided_device_bezel:01,device_bezel,grounded-sam2[IDEA-Research/grounding-dino-tiny|facebook/sam2.1-hiera-tiny]/retrieved-part,grounded-sam2[IDEA-Research/grounding-dino|facebook/sam2.1-hiera-tiny],0.3982403248888975,0.8384566160112911,1.0,0.3982403248888975,0.5609544565461512,False,0.5609544565461512,1.0,Stored score; precursor logits not archived in candidates.json,,,guided SAM quality times retrieval reliability scale,0.8384566160112911,0.0,False,False,False,,
scarf__01,6,root:1/visual-region:01,device_camera,sam2-amg[facebook/sam2.1-hiera-tiny]/point-grid/semantic-rerank,sam2-amg[facebook/sam2.1-hiera-tiny],0.5064301634366756,0.66,1.0,0.5064301634366756,0.48083414932751334,False,0.48083414932751334,1.0,visual candidate from stored precursor score and appearance utility; semantic rerank,0.5064301634366756,0.0,original matched/generic visual candidate; downstream transformations applied,0.66,0.0,True,False,False,,
scarf__01,7,root:1/visual-region:03,device_screen,sam2-amg[facebook/sam2.1-hiera-tiny]/point-grid/semantic-rerank,sam2-amg[facebook/sam2.1-hiera-tiny],0.4987885255281949,0.66,1.0,0.4987885255281949,0.47806023476673476,False,0.47806023476673476,1.0,visual candidate from stored precursor score and appearance utility; semantic rerank,0.4987885255281949,0.0,original matched/generic visual candidate; downstream transformations applied,0.66,0.0,True,False,False,,
scarf__01,8,root:1/visual-region:04,device_bezel,sam2-amg[facebook/sam2.1-hiera-tiny]/point-grid,sam2-amg[facebook/sam2.1-hiera-tiny],0.6269279246793503,0.68,1.0,0.6269279246793503,0.5404710438300772,False,0.5404710438300772,1.0,visual candidate from stored precursor score and appearance utility,0.6269279246793503,0.0,original matched/generic visual candidate; downstream transformations applied,0.68,0.0,False,False,False,,
scarf__01,9,root:1/visual-region:05,device_visual_panel_03,sam2-amg[facebook/sam2.1-hiera-tiny]/point-grid,sam2-amg[facebook/sam2.1-hiera-tiny],0.7644651150904981,0.62,1.0,0.7644651150904981,0.5396826042458599,False,0.5396826042458599,,visual candidate from stored precursor score and appearance utility,0.7644651150904981,0.0,original matched/generic visual candidate; downstream transformations applied,0.62,0.0,False,False,False,,
scarf__02,1,root:1,character,grounded-sam2[IDEA-Research/grounding-dino-tiny|facebook/sam2.1-hiera-tiny]/root,grounded-sam2[IDEA-Research/grounding-dino|facebook/sam2.1-hiera-tiny],0.4974193871021271,0.99072265625,1.0,0.4974193871021271,0.7168677563655365,False,0.7168677563655365,,Stored score; precursor logits not archived in candidates.json,,,root quality rule; later root-routing maxima can retain different precursor metadata,0.99072265625,0.0,False,False,False,specific_root_label,
scarf__02,2,root:1/profile-refine:IDEA-Research_grounding-dino-tiny:character_hair:01,character_hair,grounded-sam2[IDEA-Research/grounding-dino-tiny|facebook/sam2.1-hiera-tiny]/profile-refine,grounded-sam2[IDEA-Research/grounding-dino|facebook/sam2.1-hiera-tiny]/profile-refine,0.2894721031188965,0.8856869140625001,1.0,0.2894721031188965,0.5395690208733316,False,0.5395690208733316,1.1,Stored score; precursor logits not archived in candidates.json,,,profile priority + SAM quality,0.8856869140625001,0.0,False,False,False,,
scarf__02,3,root:1/profile-refine:IDEA-Research_grounding-dino-tiny:character_sleeve:02,character_sleeve,grounded-sam2[IDEA-Research/grounding-dino-tiny|facebook/sam2.1-hiera-tiny]/profile-refine,grounded-sam2[IDEA-Research/grounding-dino|facebook/sam2.1-hiera-tiny]/profile-refine,0.26435837149620056,0.966109375,1.0,0.26435837149620056,0.5752187243342166,False,0.5752187243342166,1.12,Stored score; precursor logits not archived in candidates.json,,,profile priority + SAM quality,0.966109375,0.0,False,False,False,,
scarf__02,4,root:1/contour-visual-region:01,character_leg,hpid-appearance-contour/closed-edge/semantic-rerank,hpid-appearance-contour,0.4492455595436132,0.66,1.0,0.4492455595436132,0.4600761381143317,False,0.4600761381143317,0.92,visual candidate from stored precursor score and appearance utility; semantic rerank,0.4492455595436132,0.0,original matched/generic visual candidate; downstream transformations applied,0.66,0.0,True,False,False,,
scarf__02,5,root:1/contour-visual-region:02,character_torso,hpid-appearance-contour/closed-edge/semantic-rerank,hpid-appearance-contour,0.5328022611497906,0.66,1.0,0.5328022611497906,0.490407220797374,False,0.490407220797374,0.92,visual candidate from stored precursor score and appearance utility; semantic rerank,0.5328022611497906,0.0,original matched/generic visual candidate; downstream transformations applied,0.66,0.0,True,False,False,,
scarf__02,6,root:1/contour-visual-region:04,character_shoe,hpid-appearance-contour/closed-edge/semantic-rerank,hpid-appearance-contour,0.4972176082948526,0.66,1.0,0.4972176082948526,0.4774899918110315,False,0.4774899918110315,1.08,visual candidate from stored precursor score and appearance utility; semantic rerank,0.4972176082948526,0.0,original matched/generic visual candidate; downstream transformations applied,0.66,0.0,True,False,False,,
scarf__02,7,root:1/visual-region:01,character_visual_panel_01,sam2-amg[facebook/sam2.1-hiera-tiny]/point-grid,sam2-amg[facebook/sam2.1-hiera-tiny],0.7504838640778613,0.62,1.0,0.7504838640778613,0.5349149976505507,False,0.5349149976505507,,visual candidate from stored precursor score and appearance utility,0.7504838640778613,0.0,original matched/generic visual candidate; downstream transformations applied,0.62,0.0,False,False,False,,
scarf__02,8,root:1/visual-region:03,character_leg,sam2-amg[facebook/sam2.1-hiera-tiny]/point-grid/semantic-rerank,sam2-amg[facebook/sam2.1-hiera-tiny],0.5976356705392996,0.66,1.0,0.5976356705392996,0.5139417484057658,False,0.5139417484057658,0.92,visual candidate from stored precursor score and appearance utility; semantic rerank,0.5976356705392996,0.0,original matched/generic visual candidate; downstream transformations applied,0.66,0.0,True,False,False,,
scarf__02,9,root:1/visual-region:05,character_shoe,sam2-amg[facebook/sam2.1-hiera-tiny]/point-grid/semantic-rerank,sam2-amg[facebook/sam2.1-hiera-tiny],0.4919983587310498,0.66,1.0,0.4919983587310498,0.4755954042193712,False,0.4755954042193712,1.08,visual candidate from stored precursor score and appearance utility; semantic rerank,0.4919983587310498,0.0,original matched/generic visual candidate; downstream transformations applied,0.66,0.0,True,False,False,,
scarf__02,10,root:1/visual-region:08,character_visual_panel_05,sam2-amg[facebook/sam2.1-hiera-tiny]/point-grid,sam2-amg[facebook/sam2.1-hiera-tiny],0.7205822217325792,0.62,1.0,0.7205822217325792,0.5247185376108096,False,0.5247185376108096,,visual candidate from stored precursor score and appearance utility,0.7205822217325792,0.0,original matched/generic visual candidate; downstream transformations applied,0.62,0.0,False,False,False,,
scarf__03,1,root:2,character,grounded-sam2[IDEA-Research/grounding-dino-tiny|facebook/sam2.1-hiera-tiny]/root,grounded-sam2[IDEA-Research/grounding-dino|facebook/sam2.1-hiera-tiny],0.5653587579727173,0.99228515625,1.0,0.5653587579727173,0.755076727233245,False,0.755076727233245,,Stored score; precursor logits not archived in candidates.json,,,root quality rule; later root-routing maxima can retain different precursor metadata,0.99228515625,0.0,False,False,False,specific_root_label,
scarf__03,2,root:2/profile-refine:IDEA-Research_grounding-dino-tiny:character_hand:01,character_hand,grounded-sam2[IDEA-Research/grounding-dino-tiny|facebook/sam2.1-hiera-tiny]/profile-refine,grounded-sam2[IDEA-Research/grounding-dino|facebook/sam2.1-hiera-tiny]/profile-refine,0.5226742625236511,0.8990276367187501,1.0,0.5226742625236511,0.6630066703791321,False,0.6630066703791321,1.05,Stored score; precursor logits not archived in candidates.json,,,profile priority + SAM quality,0.8990276367187501,0.0,False,False,False,,
scarf__03,3,root:2/profile-refine:IDEA-Research_grounding-dino-tiny:character_hand:02,character_hand,grounded-sam2[IDEA-Research/grounding-dino-tiny|facebook/sam2.1-hiera-tiny]/profile-refine,grounded-sam2[IDEA-Research/grounding-dino|facebook/sam2.1-hiera-tiny]/profile-refine,0.3176378905773163,0.8708068359375001,1.0,0.3176378905773163,0.5439937617289972,False,0.5439937617289972,1.05,Stored score; precursor logits not archived in candidates.json,,,profile priority + SAM quality,0.8708068359375001,0.0,False,False,False,,
scarf__03,4,root:2/profile-refine:IDEA-Research_grounding-dino-tiny:character_head:01,character_head,grounded-sam2[IDEA-Research/grounding-dino-tiny|facebook/sam2.1-hiera-tiny]/profile-refine,grounded-sam2[IDEA-Research/grounding-dino|facebook/sam2.1-hiera-tiny]/profile-refine,0.5175403952598572,0.8614375000000001,1.0,0.5175403952598572,0.6328526623329148,False,0.6328526623329148,1.0,Stored score; precursor logits not archived in candidates.json,,,profile priority + SAM quality,0.8614375000000001,0.0,False,False,False,,
scarf__03,5,root:2/profile-refine:IDEA-Research_grounding-dino-tiny:character_hair:01,character_hair,grounded-sam2[IDEA-Research/grounding-dino-tiny|facebook/sam2.1-hiera-tiny]/profile-refine,grounded-sam2[IDEA-Research/grounding-dino|facebook/sam2.1-hiera-tiny]/profile-refine,0.43812400102615356,0.8812203125000001,1.0,0.43812400102615356,0.6088952136289096,False,0.6088952136289096,1.1,Stored score; precursor logits not archived in candidates.json,,,profile priority + SAM quality,0.8812203125000001,0.0,False,False,False,,
scarf__03,6,root:2/profile-refine:IDEA-Research_grounding-dino-tiny:character_sleeve:01,character_sleeve,grounded-sam2[IDEA-Research/grounding-dino-tiny|facebook/sam2.1-hiera-tiny]/profile-refine,grounded-sam2[IDEA-Research/grounding-dino|facebook/sam2.1-hiera-tiny]/profile-refine,0.39741209149360657,0.9682750000000001,1.0,0.39741209149360657,0.6473660560900346,False,0.6473660560900346,1.12,Stored score; precursor logits not archived in candidates.json,,,profile priority + SAM quality,0.9682750000000001,0.0,False,False,False,,
scarf__03,7,root:2/profile-refine:IDEA-Research_grounding-dino-tiny:character_upper_clothing:03,character_upper_clothing,grounded-sam2[IDEA-Research/grounding-dino-tiny|facebook/sam2.1-hiera-tiny]/profile-refine,grounded-sam2[IDEA-Research/grounding-dino|facebook/sam2.1-hiera-tiny]/profile-refine,0.24617071449756622,0.9652431250000003,1.0,0.24617071449756622,0.5650474306098128,False,0.5650474306098128,1.12,Stored score; precursor logits not archived in candidates.json,,,profile priority + SAM quality,0.9652431250000003,0.0,False,False,False,,
scarf__03,8,root:2/profile-refine:IDEA-Research_grounding-dino-tiny:character_upper_clothing:02,character_upper_clothing,grounded-sam2[IDEA-Research/grounding-dino-tiny|facebook/sam2.1-hiera-tiny]/profile-refine,grounded-sam2[IDEA-Research/grounding-dino|facebook/sam2.1-hiera-tiny]/profile-refine,0.24707795679569244,0.8355221875000002,1.0,0.24707795679569244,0.4895264975947322,False,0.4895264975947322,1.12,Stored score; precursor logits not archived in candidates.json,,,profile priority + SAM quality,0.8355221875000002,0.0,False,False,False,,
scarf__03,9,root:2/contour-visual-region:01,character_shoe,hpid-appearance-contour/closed-edge/semantic-rerank,hpid-appearance-contour,0.5529411887511104,0.66,1.0,0.5529411887511104,0.4977176515166531,False,0.4977176515166531,1.08,visual candidate from stored precursor score and appearance utility; semantic rerank,0.5529411887511104,0.0,original matched/generic visual candidate; downstream transformations applied,0.66,0.0,True,False,False,,
scarf__03,10,root:2/contour-visual-region:03,character_upper_clothing,hpid-appearance-contour/closed-edge,hpid-appearance-contour,0.7246934520160834,0.68,1.0,0.7246934520160834,0.5770353510540153,False,0.5770353510540153,1.12,visual candidate from stored precursor score and appearance utility,0.7246934520160834,0.0,original matched/generic visual candidate; downstream transformations applied,0.68,0.0,False,False,False,,
scarf__03,11,root:2/contour-visual-region:08,character_sleeve,hpid-appearance-contour/closed-edge/semantic-rerank,hpid-appearance-contour,0.5284433916494884,0.66,1.0,0.5284433916494884,0.4888249511687644,False,0.4888249511687644,1.12,visual candidate from stored precursor score and appearance utility; semantic rerank,0.5284433916494884,0.0,original matched/generic visual candidate; downstream transformations applied,0.66,0.0,True,False,False,,
scarf__03,12,root:2/contour-visual-region:09,character_leg,hpid-appearance-contour/closed-edge/semantic-rerank,hpid-appearance-contour,0.546094104086465,0.66,1.0,0.546094104086465,0.4952321597833868,False,0.4952321597833868,0.92,visual candidate from stored precursor score and appearance utility; semantic rerank,0.546094104086465,0.0,original matched/generic visual candidate; downstream transformations applied,0.66,0.0,True,False,False,,
scarf__03,13,root:2/contour-visual-region:10,character_torso,hpid-appearance-contour/closed-edge/semantic-rerank,hpid-appearance-contour,0.5445296620531102,0.66,1.0,0.5445296620531102,0.49466426732527896,False,0.49466426732527896,0.92,visual candidate from stored precursor score and appearance utility; semantic rerank,0.5445296620531102,0.0,original matched/generic visual candidate; downstream transformations applied,0.66,0.0,True,False,False,,
scarf__03,14,root:2/visual-region:01,character_head,sam2-amg[facebook/sam2.1-hiera-tiny]/point-grid,sam2-amg[facebook/sam2.1-hiera-tiny],0.678139280108628,0.68,1.0,0.678139280108628,0.559624090760627,False,0.559624090760627,1.0,visual candidate from stored precursor score and appearance utility,0.678139280108628,0.0,original matched/generic visual candidate; downstream transformations applied,0.68,0.0,False,False,False,,
scarf__03,15,root:2/visual-region:02,character_upper_clothing,sam2-amg[facebook/sam2.1-hiera-tiny]/point-grid,sam2-amg[facebook/sam2.1-hiera-tiny],0.7252657189428999,0.68,1.0,0.7252657189428999,0.5772493788846447,False,0.5772493788846447,1.12,visual candidate from stored precursor score and appearance utility,0.7252657189428999,0.0,original matched/generic visual candidate; downstream transformations applied,0.68,0.0,False,False,False,,
scarf__03,16,root:2/visual-region:03,character_accessory,sam2-amg[facebook/sam2.1-hiera-tiny]/point-grid/semantic-rerank,sam2-amg[facebook/sam2.1-hiera-tiny],0.550987280415371,0.66,1.0,0.550987280415371,0.49700838279077975,False,0.49700838279077975,1.05,visual candidate from stored precursor score and appearance utility; semantic rerank,0.550987280415371,0.0,original matched/generic visual candidate; downstream transformations applied,0.66,0.0,True,False,False,,
scarf__03,17,root:2/visual-region:11,character_accessory,sam2-amg[facebook/sam2.1-hiera-tiny]/point-grid/semantic-rerank,sam2-amg[facebook/sam2.1-hiera-tiny],0.527533128674299,0.66,1.0,0.527533128674299,0.48849452570877056,False,0.48849452570877056,1.05,visual candidate from stored precursor score and appearance utility; semantic rerank,0.527533128674299,0.0,original matched/generic visual candidate; downstream transformations applied,0.66,0.0,True,False,False,,
scarf__03,18,root:2/visual-region:04,character_visual_panel_01,sam2-amg[facebook/sam2.1-hiera-tiny]/point-grid,sam2-amg[facebook/sam2.1-hiera-tiny],0.6166276857541237,0.62,1.0,0.6166276857541237,0.4892700408421562,False,0.4892700408421562,,visual candidate from stored precursor score and appearance utility,0.6166276857541237,0.0,original matched/generic visual candidate; downstream transformations applied,0.62,0.0,False,False,False,,
scarf__03,19,root:2/visual-region:05,character_sleeve,sam2-amg[facebook/sam2.1-hiera-tiny]/point-grid,sam2-amg[facebook/sam2.1-hiera-tiny],0.7205975735817737,0.68,1.0,0.7205975735817737,0.5755034925195834,False,0.5755034925195834,1.12,visual candidate from stored precursor score and appearance utility,0.7205975735817737,0.0,original matched/generic visual candidate; downstream transformations applied,0.68,0.0,False,False,False,,
scarf__03,20,root:2/visual-region:09,character_hand,sam2-amg[facebook/sam2.1-hiera-tiny]/point-grid,sam2-amg[facebook/sam2.1-hiera-tiny],0.8724125279174966,0.68,1.0,0.8724125279174966,0.6322822854411438,False,0.6322822854411438,1.05,visual candidate from stored precursor score and appearance utility,0.8724125279174966,0.0,original matched/generic visual candidate; downstream transformations applied,0.68,0.0,False,False,False,,
scarf__03,21,root:2/visual-region:08,character_hand,sam2-amg[facebook/sam2.1-hiera-tiny]/point-grid,sam2-amg[facebook/sam2.1-hiera-tiny],0.7737347722082362,0.68,1.0,0.7737347722082362,0.5953768048058804,False,0.5953768048058804,1.05,visual candidate from stored precursor score and appearance utility,0.7737347722082362,0.0,original matched/generic visual candidate; downstream transformations applied,0.68,0.0,False,False,False,,
scarf__03,22,root:2/visual-region:10,character_visual_panel_02,sam2-amg[facebook/sam2.1-hiera-tiny]/point-grid,sam2-amg[facebook/sam2.1-hiera-tiny],0.7435538280409775,0.62,1.0,0.7435538280409775,0.5325518553619734,False,0.5325518553619734,,visual candidate from stored precursor score and appearance utility,0.7435538280409775,0.0,original matched/generic visual candidate; downstream transformations applied,0.62,0.0,False,False,False,,
scarf__04,1,root:6,daily_object,grounded-sam2[IDEA-Research/grounding-dino-tiny|facebook/sam2.1-hiera-tiny]/root,grounded-sam2[IDEA-Research/grounding-dino|facebook/sam2.1-hiera-tiny],0.3020821511745453,0.9658203125,1.0,0.3020821511745453,0.5950855333314393,False,0.5950855333314393,,Stored score; precursor logits not archived in candidates.json,,,root quality rule; later root-routing maxima can retain different precursor metadata,0.9658203125,0.0,False,False,False,specific_root_label,
scarf__04,2,root:6/visual-region:01,daily_object_fringe,sam2-amg[facebook/sam2.1-hiera-tiny]/prototype-labelled-region,sam2-amg[facebook/sam2.1-hiera-tiny],0.6350751120389634,0.5824544181861878,1.0,0.6350751120389634,0.46555075587173494,False,0.46555075587173494,1.0,visual candidate from stored precursor score and appearance utility; prototype label leaves score unchanged,0.6350751120389634,0.0,original matched/generic visual candidate; downstream transformations applied,0.5824544181861878,0.0,False,False,False,,
sweater__01,1,root:3,character,grounded-sam2[IDEA-Research/grounding-dino-tiny|facebook/sam2.1-hiera-tiny]/root,grounded-sam2[IDEA-Research/grounding-dino|facebook/sam2.1-hiera-tiny],0.5123952627182007,0.98349609375,1.0,0.5123952627182007,0.7197395488241455,False,0.7197395488241455,,Stored score; precursor logits not archived in candidates.json,,,root quality rule; later root-routing maxima can retain different precursor metadata,0.98349609375,0.0,False,False,False,specific_root_label,
sweater__01,2,root:3/profile-refine:IDEA-Research_grounding-dino-tiny:character_hand:01,character_hand,grounded-sam2[IDEA-Research/grounding-dino-tiny|facebook/sam2.1-hiera-tiny]/profile-refine,grounded-sam2[IDEA-Research/grounding-dino|facebook/sam2.1-hiera-tiny]/profile-refine,0.571049153804779,0.8980125000000001,1.0,0.571049153804779,0.6861507280271129,False,0.6861507280271129,1.05,Stored score; precursor logits not archived in candidates.json,,,profile priority + SAM quality,0.8980125000000001,0.0,False,False,False,,
sweater__01,3,root:3/profile-refine:IDEA-Research_grounding-dino-tiny:character_hand:02,character_hand,grounded-sam2[IDEA-Research/grounding-dino-tiny|facebook/sam2.1-hiera-tiny]/profile-refine,grounded-sam2[IDEA-Research/grounding-dino|facebook/sam2.1-hiera-tiny]/profile-refine,0.3698839247226715,0.8892823242187501,1.0,0.3698839247226715,0.5810892258461294,False,0.5810892258461294,1.05,Stored score; precursor logits not archived in candidates.json,,,profile priority + SAM quality,0.8892823242187501,0.0,False,False,False,,
sweater__01,4,root:3/profile-refine:IDEA-Research_grounding-dino-tiny:character_head:01,character_head,grounded-sam2[IDEA-Research/grounding-dino-tiny|facebook/sam2.1-hiera-tiny]/profile-refine,grounded-sam2[IDEA-Research/grounding-dino|facebook/sam2.1-hiera-tiny]/profile-refine,0.4356014132499695,0.8405546875000002,1.0,0.4356014132499695,0.5796303547588877,False,0.5796303547588877,1.0,Stored score; precursor logits not archived in candidates.json,,,profile priority + SAM quality,0.8405546875000002,0.0,False,False,False,,
sweater__01,5,root:3/profile-refine:IDEA-Research_grounding-dino-tiny:character_sleeve:01,character_sleeve,grounded-sam2[IDEA-Research/grounding-dino-tiny|facebook/sam2.1-hiera-tiny]/profile-refine,grounded-sam2[IDEA-Research/grounding-dino|facebook/sam2.1-hiera-tiny]/profile-refine,0.2683658003807068,0.9193318750000001,1.0,0.2683658003807068,0.5493938226974291,False,0.5493938226974291,1.12,Stored score; precursor logits not archived in candidates.json,,,profile priority + SAM quality,0.9193318750000001,0.0,False,False,False,,
sweater__01,6,root:3/profile-refine:IDEA-Research_grounding-dino-tiny:character_arm:01,character_arm,grounded-sam2[IDEA-Research/grounding-dino-tiny|facebook/sam2.1-hiera-tiny]/profile-refine,grounded-sam2[IDEA-Research/grounding-dino|facebook/sam2.1-hiera-tiny]/profile-refine,0.2568320035934448,0.6964615625000001,1.0,0.2568320035934448,0.411788193312483,False,0.411788193312483,0.92,Stored score; precursor logits not archived in candidates.json,,,profile priority + SAM quality,0.6964615625000001,0.0,False,False,False,,
sweater__01,7,root:3/profile-refine:IDEA-Research_grounding-dino-tiny:character_leg:02,character_leg,grounded-sam2[IDEA-Research/grounding-dino-tiny|facebook/sam2.1-hiera-tiny]/profile-refine,grounded-sam2[IDEA-Research/grounding-dino|facebook/sam2.1-hiera-tiny]/profile-refine,0.2512800693511963,0.78433953125,1.0,0.2512800693511963,0.4613516795565616,False,0.4613516795565616,0.92,Stored score; precursor logits not archived in candidates.json,,,profile priority + SAM quality,0.78433953125,0.0,False,False,False,,
sweater__01,8,root:3/contour-visual-region:02,character_shoe,hpid-appearance-contour/closed-edge/semantic-rerank,hpid-appearance-contour,0.443928270674236,0.66,1.0,0.443928270674236,0.4581459622547477,False,0.4581459622547477,1.08,visual candidate from stored precursor score and appearance utility; semantic rerank,0.443928270674236,0.0,original matched/generic visual candidate; downstream transformations applied,0.66,0.0,True,False,False,,
sweater__01,9,root:3/visual-region:01,character_head,sam2-amg[facebook/sam2.1-hiera-tiny]/point-grid,sam2-amg[facebook/sam2.1-hiera-tiny],0.7119350933513615,0.68,1.0,0.7119350933513615,0.5722637249134093,False,0.5722637249134093,1.0,visual candidate from stored precursor score and appearance utility,0.7119350933513615,0.0,original matched/generic visual candidate; downstream transformations applied,0.68,0.0,False,False,False,,
sweater__01,10,root:3/visual-region:03,character_visual_panel_02,sam2-amg[facebook/sam2.1-hiera-tiny]/point-grid,sam2-amg[facebook/sam2.1-hiera-tiny],0.7499142467935286,0.62,1.0,0.7499142467935286,0.5347207581565933,False,0.5347207581565933,,visual candidate from stored precursor score and appearance utility,0.7499142467935286,0.0,original matched/generic visual candidate; downstream transformations applied,0.62,0.0,False,False,False,,
sweater__01,11,root:3/visual-region:07,character_hand,sam2-amg[facebook/sam2.1-hiera-tiny]/point-grid,sam2-amg[facebook/sam2.1-hiera-tiny],0.8437885100460891,0.68,1.0,0.8437885100460891,0.6215769027572374,False,0.6215769027572374,1.05,visual candidate from stored precursor score and appearance utility,0.8437885100460891,0.0,original matched/generic visual candidate; downstream transformations applied,0.68,0.0,False,False,False,,
sweater__01,12,root:3/visual-region:04,character_hand,sam2-amg[facebook/sam2.1-hiera-tiny]/point-grid,sam2-amg[facebook/sam2.1-hiera-tiny],0.8098679084732269,0.68,1.0,0.8098679084732269,0.6088905977689869,False,0.6088905977689869,1.05,visual candidate from stored precursor score and appearance utility,0.8098679084732269,0.0,original matched/generic visual candidate; downstream transformations applied,0.68,0.0,False,False,False,,
sweater__01,13,root:3/visual-region:06,character_leg,sam2-amg[facebook/sam2.1-hiera-tiny]/point-grid/semantic-rerank,sam2-amg[facebook/sam2.1-hiera-tiny],0.4644470587056071,0.66,1.0,0.4644470587056071,0.4655942823101354,False,0.4655942823101354,0.92,visual candidate from stored precursor score and appearance utility; semantic rerank,0.4644470587056071,0.0,original matched/generic visual candidate; downstream transformations applied,0.66,0.0,True,False,False,,
sweater__01,14,root:3/visual-region:10,character_visual_panel_05,sam2-amg[facebook/sam2.1-hiera-tiny]/point-grid,sam2-amg[facebook/sam2.1-hiera-tiny],0.6589252604793066,0.62,1.0,0.6589252604793066,0.5036935138234435,False,0.5036935138234435,,visual candidate from stored precursor score and appearance utility,0.6589252604793066,0.0,original matched/generic visual candidate; downstream transformations applied,0.62,0.0,False,False,False,,
sweater__01,15,root:3/visual-region:11,character_torso,sam2-amg[facebook/sam2.1-hiera-tiny]/point-grid/semantic-rerank,sam2-amg[facebook/sam2.1-hiera-tiny],0.5161936078174943,0.66,1.0,0.5161936078174943,0.4843782796377505,False,0.4843782796377505,0.92,visual candidate from stored precursor score and appearance utility; semantic rerank,0.5161936078174943,0.0,original matched/generic visual candidate; downstream transformations applied,0.66,0.0,True,False,False,,
sweater__02,1,root:2,character,grounded-sam2[IDEA-Research/grounding-dino-tiny|facebook/sam2.1-hiera-tiny]/root,grounded-sam2[IDEA-Research/grounding-dino|facebook/sam2.1-hiera-tiny],0.5061299204826355,0.9823242187500001,1.0,0.5061299204826355,0.7154969217357575,False,0.7154969217357575,,Stored score; precursor logits not archived in candidates.json,,,root quality rule; later root-routing maxima can retain different precursor metadata,0.9823242187500001,0.0,False,False,False,specific_root_label,
sweater__02,2,root:2/profile-refine:IDEA-Research_grounding-dino-tiny:character_head:01,character_head,grounded-sam2[IDEA-Research/grounding-dino-tiny|facebook/sam2.1-hiera-tiny]/profile-refine,grounded-sam2[IDEA-Research/grounding-dino|facebook/sam2.1-hiera-tiny]/profile-refine,0.37170660495758057,0.8695585937500001,1.0,0.37170660495758057,0.5690727371694754,False,0.5690727371694754,1.0,Stored score; precursor logits not archived in candidates.json,,,profile priority + SAM quality,0.8695585937500001,0.0,False,False,False,,
sweater__02,3,root:2/profile-refine:IDEA-Research_grounding-dino-tiny:character_hair:02,character_hair,grounded-sam2[IDEA-Research/grounding-dino-tiny|facebook/sam2.1-hiera-tiny]/profile-refine,grounded-sam2[IDEA-Research/grounding-dino|facebook/sam2.1-hiera-tiny]/profile-refine,0.2888699173927307,0.9333306640625001,1.0,0.2888699173927307,0.5682849323334355,False,0.5682849323334355,1.1,Stored score; precursor logits not archived in candidates.json,,,profile priority + SAM quality,0.9333306640625001,0.0,False,False,False,,
sweater__02,4,root:2/profile-refine:IDEA-Research_grounding-dino-tiny:character_leg:01,character_leg,grounded-sam2[IDEA-Research/grounding-dino-tiny|facebook/sam2.1-hiera-tiny]/profile-refine,grounded-sam2[IDEA-Research/grounding-dino|facebook/sam2.1-hiera-tiny]/profile-refine,0.2492644488811493,0.7939456250000001,1.0,0.2492644488811493,0.4661218615114736,False,0.4661218615114736,0.92,Stored score; precursor logits not archived in candidates.json,,,profile priority + SAM quality,0.7939456250000001,0.0,False,False,False,,
sweater__02,5,root:2/contour-visual-region:01,character_visual_contour_panel_01,hpid-appearance-contour/closed-edge,hpid-appearance-contour,0.738596550404201,0.62,1.0,0.738596550404201,0.5308614236878326,False,0.5308614236878326,,visual candidate from stored precursor score and appearance utility,0.738596550404201,0.0,original matched/generic visual candidate; downstream transformations applied,0.62,0.0,False,False,False,,
sweater__02,6,root:2/contour-visual-region:03,character_accessory,hpid-appearance-contour/closed-edge/semantic-rerank,hpid-appearance-contour,0.47430567788249756,0.66,1.0,0.47430567788249756,0.46917296107134665,False,0.46917296107134665,1.05,visual candidate from stored precursor score and appearance utility; semantic rerank,0.47430567788249756,0.0,original matched/generic visual candidate; downstream transformations applied,0.66,0.0,True,False,False,,
sweater__02,7,root:2/contour-visual-region:04,character_accessory,hpid-appearance-contour/closed-edge/semantic-rerank,hpid-appearance-contour,0.45034331294772356,0.66,1.0,0.45034331294772356,0.46047462260002375,False,0.46047462260002375,1.05,visual candidate from stored precursor score and appearance utility; semantic rerank,0.45034331294772356,0.0,original matched/generic visual candidate; downstream transformations applied,0.66,0.0,True,False,False,,
sweater__02,8,root:2/visual-region:01,character_head,sam2-amg[facebook/sam2.1-hiera-tiny]/point-grid,sam2-amg[facebook/sam2.1-hiera-tiny],0.8116956060408298,0.68,1.0,0.8116956060408298,0.6095741566592704,False,0.6095741566592704,1.0,visual candidate from stored precursor score and appearance utility,0.8116956060408298,0.0,original matched/generic visual candidate; downstream transformations applied,0.68,0.0,False,False,False,,
sweater__02,9,root:2/visual-region:02,character_leg,sam2-amg[facebook/sam2.1-hiera-tiny]/point-grid/semantic-rerank,sam2-amg[facebook/sam2.1-hiera-tiny],0.6311729209928847,0.66,1.0,0.6311729209928847,0.5261157703204172,False,0.5261157703204172,0.92,visual candidate from stored precursor score and appearance utility; semantic rerank,0.6311729209928847,0.0,original matched/generic visual candidate; downstream transformations applied,0.66,0.0,True,False,False,,
sweater__02,10,root:2/visual-region:04,character_hand,sam2-amg[facebook/sam2.1-hiera-tiny]/point-grid/semantic-rerank,sam2-amg[facebook/sam2.1-hiera-tiny],0.6435878661775031,0.66,1.0,0.6435878661775031,0.5306223954224337,False,0.5306223954224337,1.05,visual candidate from stored precursor score and appearance utility; semantic rerank,0.6435878661775031,0.0,original matched/generic visual candidate; downstream transformations applied,0.66,0.0,True,False,False,,
sweater__03,1,root:1,container,grounded-sam2[IDEA-Research/grounding-dino-tiny|facebook/sam2.1-hiera-tiny]/root,grounded-sam2[IDEA-Research/grounding-dino|facebook/sam2.1-hiera-tiny],0.8034823536872864,0.98359375,1.0,0.8034823536872864,0.8772823092271574,False,0.8772823092271574,,Stored score; precursor logits not archived in candidates.json,,,root quality rule; later root-routing maxima can retain different precursor metadata,0.98359375,0.0,False,False,False,specific_root_label,
sweater__03,2,root:1/visual-region:01,container_body,sam2-amg[facebook/sam2.1-hiera-tiny]/prototype-labelled-region,sam2-amg[facebook/sam2.1-hiera-tiny],0.7270515071050517,0.6006010322179794,1.0,0.7270515071050517,0.5104378016017032,False,0.5104378016017032,1.0,visual candidate from stored precursor score and appearance utility; prototype label leaves score unchanged,0.7270515071050517,0.0,original matched/generic visual candidate; downstream transformations applied,0.6006010322179794,0.0,False,False,False,,
sweater__04,1,root:1,daily_object,grounded-sam2[IDEA-Research/grounding-dino-tiny|facebook/sam2.1-hiera-tiny]/root,grounded-sam2[IDEA-Research/grounding-dino|facebook/sam2.1-hiera-tiny],0.7841538190841675,0.99482421875,1.0,0.7841538190841675,0.8767232641851298,False,0.8767232641851298,,Stored score; precursor logits not archived in candidates.json,,,root quality rule; later root-routing maxima can retain different precursor metadata,0.99482421875,0.0,False,False,False,specific_root_label,
sweater__04,2,root:1/profile-refine:IDEA-Research_grounding-dino-tiny:daily_object_sleeve:03,daily_object_sleeve,grounded-sam2[IDEA-Research/grounding-dino-tiny|facebook/sam2.1-hiera-tiny]/profile-refine,grounded-sam2[IDEA-Research/grounding-dino|facebook/sam2.1-hiera-tiny]/profile-refine,0.2763974666595459,0.85873046875,1.0,0.2763974666595459,0.5169717202957254,False,0.5169717202957254,1.0,Stored score; precursor logits not archived in candidates.json,,,profile priority + SAM quality,0.85873046875,0.0,False,False,False,,
sweater__04,3,root:1/visual-region:01,daily_object_sleeve,sam2-amg[facebook/sam2.1-hiera-tiny]/point-grid/semantic-rerank,sam2-amg[facebook/sam2.1-hiera-tiny],0.5680402030820473,0.66,1.0,0.5680402030820473,0.5031985937187832,False,0.5031985937187832,1.0,visual candidate from stored precursor score and appearance utility; semantic rerank,0.5680402030820473,0.0,original matched/generic visual candidate; downstream transformations applied,0.66,0.0,True,False,False,,
sweater__04,4,root:1/visual-region:03,daily_object_visual_panel_03,sam2-amg[facebook/sam2.1-hiera-tiny]/point-grid,sam2-amg[facebook/sam2.1-hiera-tiny],0.6677505703585799,0.62,1.0,0.6677505703585799,0.5067029444922758,False,0.5067029444922758,,visual candidate from stored precursor score and appearance utility,0.6677505703585799,0.0,original matched/generic visual candidate; downstream transformations applied,0.62,0.0,False,False,False,,
sweater__04,5,root:1/visual-region:05,daily_object_body,sam2-amg[facebook/sam2.1-hiera-tiny]/prototype-labelled-region,sam2-amg[facebook/sam2.1-hiera-tiny],0.683044080373052,0.6019849303808212,1.0,0.683044080373052,0.4970434524150917,False,0.4970434524150917,1.0,visual candidate from stored precursor score and appearance utility; prototype label leaves score unchanged,0.683044080373052,0.0,original matched/generic visual candidate; downstream transformations applied,0.6019849303808212,0.0,False,False,False,,
sweater__04,6,root:1/visual-region:06,daily_object_visual_panel_06,sam2-amg[facebook/sam2.1-hiera-tiny]/point-grid,sam2-amg[facebook/sam2.1-hiera-tiny],0.7279723514603084,0.62,1.0,0.7279723514603084,0.5272385718479652,False,0.5272385718479652,,visual candidate from stored precursor score and appearance utility,0.7279723514603084,0.0,original matched/generic visual candidate; downstream transformations applied,0.62,0.0,False,False,False,,
towel__01,1,root:1,daily_object,grounded-sam2[IDEA-Research/grounding-dino-tiny|facebook/sam2.1-hiera-tiny]/root,grounded-sam2[IDEA-Research/grounding-dino|facebook/sam2.1-hiera-tiny],0.8325091600418091,0.99775390625,1.0,0.8325091600418091,0.9058408543438419,False,0.9058408543438419,,Stored score; precursor logits not archived in candidates.json,,,root quality rule; later root-routing maxima can retain different precursor metadata,0.99775390625,0.0,False,False,False,specific_root_label,
towel__01,2,root:1/visual-region:01,daily_object_border,sam2-amg[facebook/sam2.1-hiera-tiny]/prototype-labelled-region,sam2-amg[facebook/sam2.1-hiera-tiny],0.7244735274952876,0.6003670420494079,1.0,0.7244735274952876,0.5093876847322291,False,0.5093876847322291,1.0,visual candidate from stored precursor score and appearance utility; prototype label leaves score unchanged,0.7244735274952876,0.0,original matched/generic visual candidate; downstream transformations applied,0.6003670420494079,0.0,False,False,False,,
towel__01,3,root:1/visual-region:02,daily_object_visual_panel_02,sam2-amg[facebook/sam2.1-hiera-tiny]/point-grid,sam2-amg[facebook/sam2.1-hiera-tiny],0.6315821491728176,0.62,1.0,0.6315821491728176,0.49436951286793085,False,0.49436951286793085,,visual candidate from stored precursor score and appearance utility,0.6315821491728176,0.0,original matched/generic visual candidate; downstream transformations applied,0.62,0.0,False,False,False,,
towel__01,4,root:1/visual-region:04,daily_object_visual_panel_03,sam2-amg[facebook/sam2.1-hiera-tiny]/point-grid,sam2-amg[facebook/sam2.1-hiera-tiny],0.7288537227605352,0.62,1.0,0.7288537227605352,0.5275391194613425,False,0.5275391194613425,,visual candidate from stored precursor score and appearance utility,0.7288537227605352,0.0,original matched/generic visual candidate; downstream transformations applied,0.62,0.0,False,False,False,,
towel__01,5,root:1/visual-region:05,daily_object_terry_bar,sam2-amg[facebook/sam2.1-hiera-tiny]/prototype-labelled-region,sam2-amg[facebook/sam2.1-hiera-tiny],0.7732078551635136,0.6079485641908645,1.0,0.7732078551635136,0.5321156868381549,False,0.5321156868381549,1.0,visual candidate from stored precursor score and appearance utility; prototype label leaves score unchanged,0.7732078551635136,0.0,original matched/generic visual candidate; downstream transformations applied,0.6079485641908645,0.0,False,False,False,,
towel__02,1,root:1,daily_object,grounded-sam2[IDEA-Research/grounding-dino-tiny|facebook/sam2.1-hiera-tiny]/root,grounded-sam2[IDEA-Research/grounding-dino|facebook/sam2.1-hiera-tiny],0.5988401770591736,0.997265625,1.0,0.5988401770591736,0.7772310291475151,False,0.7772310291475151,,Stored score; precursor logits not archived in candidates.json,,,root quality rule; later root-routing maxima can retain different precursor metadata,0.997265625,0.0,False,False,False,specific_root_label,
towel__02,2,root:1/profile-refine:IDEA-Research_grounding-dino-tiny:daily_object_panel:01,daily_object_panel,grounded-sam2[IDEA-Research/grounding-dino-tiny|facebook/sam2.1-hiera-tiny]/profile-refine,grounded-sam2[IDEA-Research/grounding-dino|facebook/sam2.1-hiera-tiny]/profile-refine,0.249996155500412,0.8697519531250001,1.0,0.249996155500412,0.5109774333923736,False,0.5109774333923736,1.0,Stored score; precursor logits not archived in candidates.json,,,profile priority + SAM quality,0.8697519531250001,0.0,False,False,False,,
towel__02,3,root:1/visual-region:02,daily_object_border,sam2-amg[facebook/sam2.1-hiera-tiny]/prototype-labelled-region,sam2-amg[facebook/sam2.1-hiera-tiny],0.7509397227705242,0.5999596966581345,1.0,0.7509397227705242,0.5177753260512317,False,0.5177753260512317,1.0,visual candidate from stored precursor score and appearance utility; prototype label leaves score unchanged,0.7509397227705242,0.0,original matched/generic visual candidate; downstream transformations applied,0.5999596966581345,0.0,False,False,False,,
towel__02,4,root:1/visual-region:03,daily_object_visual_strip_01,sam2-amg[facebook/sam2.1-hiera-tiny]/point-grid,sam2-amg[facebook/sam2.1-hiera-tiny],0.7211759815094448,0.62,1.0,0.7211759815094448,0.5249210096947207,False,0.5249210096947207,,visual candidate from stored precursor score and appearance utility,0.7211759815094448,0.0,original matched/generic visual candidate; downstream transformations applied,0.62,0.0,False,False,False,,
towel__02,5,root:1/visual-region:04,daily_object_visual_panel_03,sam2-amg[facebook/sam2.1-hiera-tiny]/point-grid,sam2-amg[facebook/sam2.1-hiera-tiny],0.7145506451570441,0.62,1.0,0.7145506451570441,0.5226617699985521,False,0.5226617699985521,,visual candidate from stored precursor score and appearance utility,0.7145506451570441,0.0,original matched/generic visual candidate; downstream transformations applied,0.62,0.0,False,False,False,,
towel__02,6,root:1/visual-region:05,daily_object_terry_bar,sam2-amg[facebook/sam2.1-hiera-tiny]/prototype-labelled-region,sam2-amg[facebook/sam2.1-hiera-tiny],0.779977342134407,0.607662386045456,1.0,0.779977342134407,0.5341276647509878,False,0.5341276647509878,1.0,visual candidate from stored precursor score and appearance utility; prototype label leaves score unchanged,0.779977342134407,0.0,original matched/generic visual candidate; downstream transformations applied,0.607662386045456,0.0,False,False,False,,
towel__02,7,root:1/visual-region:06,daily_object_fringe,sam2-amg[facebook/sam2.1-hiera-tiny]/point-grid/semantic-rerank,sam2-amg[facebook/sam2.1-hiera-tiny],0.5630817789188882,0.66,1.0,0.5630817789188882,0.5013986857475565,False,0.5013986857475565,1.0,visual candidate from stored precursor score and appearance utility; semantic rerank,0.5630817789188882,0.0,original matched/generic visual candidate; downstream transformations applied,0.66,0.0,True,False,False,,
towel__02,8,root:1/visual-region:07,daily_object_panel,sam2-amg[facebook/sam2.1-hiera-tiny]/point-grid/semantic-rerank,sam2-amg[facebook/sam2.1-hiera-tiny],0.5288013671038279,0.66,1.0,0.5288013671038279,0.4889548962586896,False,0.4889548962586896,1.0,visual candidate from stored precursor score and appearance utility; semantic rerank,0.5288013671038279,0.0,original matched/generic visual candidate; downstream transformations applied,0.66,0.0,True,False,False,,
towel__03,1,root:1,daily_object,grounded-sam2[IDEA-Research/grounding-dino-tiny|facebook/sam2.1-hiera-tiny]/root,grounded-sam2[IDEA-Research/grounding-dino|facebook/sam2.1-hiera-tiny],0.8008477687835693,0.99609375,1.0,0.8008477687835693,0.8869878889527172,False,0.8869878889527172,,Stored score; precursor logits not archived in candidates.json,,,root quality rule; later root-routing maxima can retain different precursor metadata,0.99609375,0.0,False,False,False,specific_root_label,
towel__03,2,root:1/visual-region:01,daily_object_rough_surface,sam2-amg[facebook/sam2.1-hiera-tiny]/prototype-labelled-region,sam2-amg[facebook/sam2.1-hiera-tiny],0.8059187196572153,0.6002314971380234,1.0,0.8059187196572153,0.5361599635313856,False,0.5361599635313856,1.0,visual candidate from stored precursor score and appearance utility; prototype label leaves score unchanged,0.8059187196572153,0.0,original matched/generic visual candidate; downstream transformations applied,0.6002314971380234,0.0,False,False,False,,
towel__03,3,root:1/visual-region:02,daily_object_visual_panel_02,sam2-amg[facebook/sam2.1-hiera-tiny]/point-grid,sam2-amg[facebook/sam2.1-hiera-tiny],0.789499347884252,0.62,1.0,0.789499347884252,0.54821927762853,False,0.54821927762853,,visual candidate from stored precursor score and appearance utility,0.789499347884252,0.0,original matched/generic visual candidate; downstream transformations applied,0.62,0.0,False,False,False,,
towel__03,4,root:1/visual-region:03,daily_object_panel,sam2-amg[facebook/sam2.1-hiera-tiny]/point-grid/semantic-rerank,sam2-amg[facebook/sam2.1-hiera-tiny],0.54889656377448,0.66,1.0,0.54889656377448,0.4962494526501363,False,0.4962494526501363,1.0,visual candidate from stored precursor score and appearance utility; semantic rerank,0.54889656377448,0.0,original matched/generic visual candidate; downstream transformations applied,0.66,0.0,True,False,False,,
towel__04,1,root:9,daily_object,grounded-sam2[IDEA-Research/grounding-dino-tiny|facebook/sam2.1-hiera-tiny]/root,grounded-sam2[IDEA-Research/grounding-dino|facebook/sam2.1-hiera-tiny],0.2564593553543091,0.9934570312500001,1.0,0.2564593553543091,0.5871854064561195,False,0.5871854064561195,,Stored score; precursor logits not archived in candidates.json,,,root quality rule; later root-routing maxima can retain different precursor metadata,0.9934570312500001,0.0,False,False,False,,
towel__04,2,root:9/visual-region:01,daily_object_visual_panel_01,sam2-amg[facebook/sam2.1-hiera-tiny]/point-grid,sam2-amg[facebook/sam2.1-hiera-tiny],0.7658983014265879,0.62,1.0,0.7658983014265879,0.5401713207864666,False,0.5401713207864666,,visual candidate from stored precursor score and appearance utility,0.7658983014265879,0.0,original matched/generic visual candidate; downstream transformations applied,0.62,0.0,False,False,False,,
soap__01,1,root:14,daily_object,grounded-sam2[IDEA-Research/grounding-dino-tiny|facebook/sam2.1-hiera-tiny]/root,grounded-sam2[IDEA-Research/grounding-dino|facebook/sam2.1-hiera-tiny],0.28477486968040466,0.98984375,1.0,0.28477486968040466,0.6004651312006173,False,0.6004651312006173,,Stored score; precursor logits not archived in candidates.json,,,root quality rule; later root-routing maxima can retain different precursor metadata,0.98984375,0.0,False,False,False,specific_root_label,
soap__01,2,root:14/profile-refine:IDEA-Research_grounding-dino-tiny:daily_object_label:01,daily_object_label,grounded-sam2[IDEA-Research/grounding-dino-tiny|facebook/sam2.1-hiera-tiny]/profile-refine,grounded-sam2[IDEA-Research/grounding-dino|facebook/sam2.1-hiera-tiny]/profile-refine,0.25982561707496643,0.8150312500000001,1.0,0.25982561707496643,0.48323536110664733,False,0.48323536110664733,1.0,Stored score; precursor logits not archived in candidates.json,,,profile priority + SAM quality,0.8150312500000001,0.0,False,False,False,,
soap__01,3,root:14/visual-region:01,daily_object_visual_panel_01,sam2-amg[facebook/sam2.1-hiera-tiny]/point-grid,sam2-amg[facebook/sam2.1-hiera-tiny],0.7748155230296982,0.62,1.0,0.7748155230296982,0.5432120933531271,False,0.5432120933531271,,visual candidate from stored precursor score and appearance utility,0.7748155230296982,0.0,original matched/generic visual candidate; downstream transformations applied,0.62,0.0,False,False,False,,
soap__01,4,root:14/visual-region:02,daily_object_cap,sam2-amg[facebook/sam2.1-hiera-tiny]/prototype-labelled-region,sam2-amg[facebook/sam2.1-hiera-tiny],0.881218922315786,0.6005548496456147,1.0,0.881218922315786,0.5613208459084518,False,0.5613208459084518,1.0,visual candidate from stored precursor score and appearance utility; prototype label leaves score unchanged,0.881218922315786,0.0,original matched/generic visual candidate; downstream transformations applied,0.6005548496456147,0.0,False,False,False,,
soap__01,5,root:14/visual-region:03,daily_object_visual_panel_03,sam2-amg[facebook/sam2.1-hiera-tiny]/point-grid,sam2-amg[facebook/sam2.1-hiera-tiny],0.7984421938306421,0.62,1.0,0.7984421938306421,0.551268788096249,False,0.551268788096249,,visual candidate from stored precursor score and appearance utility,0.7984421938306421,0.0,original matched/generic visual candidate; downstream transformations applied,0.62,0.0,False,False,False,,
soap__01,6,root:14/visual-region:06,daily_object_neck,sam2-amg[facebook/sam2.1-hiera-tiny]/point-grid/semantic-rerank,sam2-amg[facebook/sam2.1-hiera-tiny],0.5906588013055964,0.66,1.0,0.5906588013055964,0.5114091448739316,False,0.5114091448739316,1.0,visual candidate from stored precursor score and appearance utility; semantic rerank,0.5906588013055964,0.0,original matched/generic visual candidate; downstream transformations applied,0.66,0.0,True,False,False,,
soap__01,7,root:14/visual-region:05,daily_object_base,sam2-amg[facebook/sam2.1-hiera-tiny]/point-grid/semantic-rerank,sam2-amg[facebook/sam2.1-hiera-tiny],0.5473541300064972,0.66,1.0,0.5473541300064972,0.4956895491923585,False,0.4956895491923585,1.0,visual candidate from stored precursor score and appearance utility; semantic rerank,0.5473541300064972,0.0,original matched/generic visual candidate; downstream transformations applied,0.66,0.0,True,False,False,,
soap__01,8,root:14/visual-region:07,daily_object_visual_panel_06,sam2-amg[facebook/sam2.1-hiera-tiny]/point-grid,sam2-amg[facebook/sam2.1-hiera-tiny],0.6867184771722942,0.62,1.0,0.6867184771722942,0.5131710007157523,False,0.5131710007157523,,visual candidate from stored precursor score and appearance utility,0.6867184771722942,0.0,original matched/generic visual candidate; downstream transformations applied,0.62,0.0,False,False,False,,
soap__02,1,root:2,container,grounded-sam2[IDEA-Research/grounding-dino-tiny|facebook/sam2.1-hiera-tiny]/root,grounded-sam2[IDEA-Research/grounding-dino|facebook/sam2.1-hiera-tiny],0.4887561500072479,0.99619140625,1.0,0.4887561500072479,0.7160782048264809,False,0.7160782048264809,,Stored score; precursor logits not archived in candidates.json,,,root quality rule; later root-routing maxima can retain different precursor metadata,0.99619140625,0.0,False,False,False,specific_root_label,
soap__02,2,root:2/visual-region:01,container_inner,sam2-amg[facebook/sam2.1-hiera-tiny]/prototype-labelled-region,sam2-amg[facebook/sam2.1-hiera-tiny],0.7390597491856004,0.5867018732042312,1.0,0.7390597491856004,0.5025000995332766,False,0.5025000995332766,1.0,visual candidate from stored precursor score and appearance utility; prototype label leaves score unchanged,0.7390597491856004,0.0,original matched/generic visual candidate; downstream transformations applied,0.5867018732042312,0.0,False,False,False,,
soap__02,3,root:2/visual-region:03,container_handle,sam2-amg[facebook/sam2.1-hiera-tiny]/point-grid/semantic-rerank,sam2-amg[facebook/sam2.1-hiera-tiny],0.625734379527927,0.66,1.0,0.625734379527927,0.5241415797686376,False,0.5241415797686376,1.0,visual candidate from stored precursor score and appearance utility; semantic rerank,0.625734379527927,0.0,original matched/generic visual candidate; downstream transformations applied,0.66,0.0,True,False,False,,
screwdriver__01,1,root:1,tool_prop,grounded-sam2[IDEA-Research/grounding-dino-tiny|facebook/sam2.1-hiera-tiny]/root,grounded-sam2[IDEA-Research/grounding-dino|facebook/sam2.1-hiera-tiny],0.6045156717300415,0.97666015625,1.0,0.6045156717300415,0.7642205740365898,False,0.7642205740365898,,Stored score; precursor logits not archived in candidates.json,,,root quality rule; later root-routing maxima can retain different precursor metadata,0.97666015625,0.0,False,False,False,isolated_profile_consensus,Final r may inherit another root via max; a simple single-q discrepancy is not evidence of incorrect frozen r
screwdriver__01,2,root:1/visual-region:02,tool_prop_visual_panel_01,sam2-amg[facebook/sam2.1-hiera-tiny]/point-grid,sam2-amg[facebook/sam2.1-hiera-tiny],0.8098106172392572,0.62,1.0,0.8098106172392572,0.5551454204785867,False,0.5551454204785867,,visual candidate from stored precursor score and appearance utility,0.8098106172392572,0.0,original matched/generic visual candidate; downstream transformations applied,0.62,0.0,False,False,False,,
broom__01,1,root:1,tool_prop,grounded-sam2[IDEA-Research/grounding-dino-tiny|facebook/sam2.1-hiera-tiny]/root,grounded-sam2[IDEA-Research/grounding-dino|facebook/sam2.1-hiera-tiny],0.7964508533477783,0.98828125,1.0,0.7964508533477783,0.87764115720056,False,0.87764115720056,,Stored score; precursor logits not archived in candidates.json,,,root quality rule; later root-routing maxima can retain different precursor metadata,0.98828125,0.0,False,False,False,specific_root_label,
broom__01,2,root:1/profile-refine:IDEA-Research_grounding-dino-tiny:tool_prop_lower_bristles:02,tool_prop_lower_bristles,grounded-sam2[IDEA-Research/grounding-dino-tiny|facebook/sam2.1-hiera-tiny]/profile-refine,grounded-sam2[IDEA-Research/grounding-dino|facebook/sam2.1-hiera-tiny]/profile-refine,0.27347737550735474,0.859697265625,1.0,0.27347737550735474,0.5161730330949359,False,0.5161730330949359,1.0,Stored score; precursor logits not archived in candidates.json,,,profile priority + SAM quality,0.859697265625,0.0,False,False,False,,
broom__01,3,root:1/profile-refine:IDEA-Research_grounding-dino-tiny:tool_prop_brush:01,tool_prop_brush,grounded-sam2[IDEA-Research/grounding-dino-tiny|facebook/sam2.1-hiera-tiny]/profile-refine,grounded-sam2[IDEA-Research/grounding-dino|facebook/sam2.1-hiera-tiny]/profile-refine,0.36965635418891907,0.852349609375,1.0,0.36965635418891907,0.5568493712215016,False,0.5568493712215016,1.0,Stored score; precursor logits not archived in candidates.json,,,profile priority + SAM quality,0.852349609375,0.0,False,False,False,,
broom__01,4,root:1/profile-refine:IDEA-Research_grounding-dino-tiny:tool_prop_shaft:01,tool_prop_shaft,grounded-sam2[IDEA-Research/grounding-dino-tiny|facebook/sam2.1-hiera-tiny]/profile-refine,grounded-sam2[IDEA-Research/grounding-dino|facebook/sam2.1-hiera-tiny]/profile-refine,0.2879680097103119,0.8583437500000001,1.0,0.2879680097103119,0.5222012352341321,False,0.5222012352341321,1.0,Stored score; precursor logits not archived in candidates.json,,,profile priority + SAM quality,0.8583437500000001,0.0,False,False,False,,
broom__01,5,root:1/visual-region:02,tool_prop_visual_strip_02,sam2-amg[facebook/sam2.1-hiera-tiny]/point-grid,sam2-amg[facebook/sam2.1-hiera-tiny],0.751273041459948,0.62,1.0,0.751273041459948,0.5351841071378423,False,0.5351841071378423,,visual candidate from stored precursor score and appearance utility,0.751273041459948,0.0,original matched/generic visual candidate; downstream transformations applied,0.62,0.0,False,False,False,,
broom__02,1,root:6,daily_object,grounded-sam2[IDEA-Research/grounding-dino-tiny|facebook/sam2.1-hiera-tiny]/root,grounded-sam2[IDEA-Research/grounding-dino|facebook/sam2.1-hiera-tiny],0.32316645979881287,0.9794921875,1.0,0.32316645979881287,0.6148679468242335,False,0.6148679468242335,,Stored score; precursor logits not archived in candidates.json,,,root quality rule; later root-routing maxima can retain different precursor metadata,0.9794921875,0.0,False,False,False,specific_root_label,
broom__02,2,root:6/daily_object_guided_daily_object_cap:01,daily_object_cap,grounded-sam2[IDEA-Research/grounding-dino-tiny|facebook/sam2.1-hiera-tiny]/retrieved-part,grounded-sam2[IDEA-Research/grounding-dino|facebook/sam2.1-hiera-tiny],0.31253222017713533,0.7131621707026474,1.0,0.31253222017713533,0.4435103629220153,False,0.4435103629220153,1.0,Stored score; precursor logits not archived in candidates.json,,,guided SAM quality times retrieval reliability scale,0.7131621707026474,0.0,False,False,False,,
broom__03,1,root:1,tool_prop,grounded-sam2[IDEA-Research/grounding-dino-tiny|facebook/sam2.1-hiera-tiny]/root,grounded-sam2[IDEA-Research/grounding-dino|facebook/sam2.1-hiera-tiny],0.44845646619796753,0.9871093750000001,1.0,0.44845646619796753,0.6876707888848614,False,0.6876707888848614,,Stored score; precursor logits not archived in candidates.json,,,root quality rule; later root-routing maxima can retain different precursor metadata,0.9871093750000001,0.0,False,False,False,specific_root_label,
broom__03,2,root:1/profile-refine:IDEA-Research_grounding-dino-tiny:tool_prop_lower_bristles:01,tool_prop_lower_bristles,grounded-sam2[IDEA-Research/grounding-dino-tiny|facebook/sam2.1-hiera-tiny]/profile-refine,grounded-sam2[IDEA-Research/grounding-dino|facebook/sam2.1-hiera-tiny]/profile-refine,0.45165902376174927,0.8361074218750001,1.0,0.45165902376174927,0.5839478439019586,False,0.5839478439019586,1.0,Stored score; precursor logits not archived in candidates.json,,,profile priority + SAM quality,0.8361074218750001,0.0,False,False,False,,
broom__03,3,root:1/profile-refine:IDEA-Research_grounding-dino-tiny:tool_prop_lower_bristles:02,tool_prop_lower_bristles,grounded-sam2[IDEA-Research/grounding-dino-tiny|facebook/sam2.1-hiera-tiny]/profile-refine,grounded-sam2[IDEA-Research/grounding-dino|facebook/sam2.1-hiera-tiny]/profile-refine,0.3447742760181427,0.8662714843750001,1.0,0.3447742760181427,0.554089636092054,False,0.554089636092054,1.0,Stored score; precursor logits not archived in candidates.json,,,profile priority + SAM quality,0.8662714843750001,0.0,False,False,False,,
broom__03,4,root:1/profile-refine:IDEA-Research_grounding-dino-tiny:tool_prop_ring:02,tool_prop_ring,grounded-sam2[IDEA-Research/grounding-dino-tiny|facebook/sam2.1-hiera-tiny]/profile-refine,grounded-sam2[IDEA-Research/grounding-dino|facebook/sam2.1-hiera-tiny]/profile-refine,0.30985841155052185,0.8498359375000001,1.0,0.30985841155052185,0.5272570193947643,False,0.5272570193947643,1.0,Stored score; precursor logits not archived in candidates.json,,,profile priority + SAM quality,0.8498359375000001,0.0,False,False,False,,
broom__03,5,root:1/profile-refine:IDEA-Research_grounding-dino-tiny:tool_prop_shaft:01,tool_prop_shaft,grounded-sam2[IDEA-Research/grounding-dino-tiny|facebook/sam2.1-hiera-tiny]/profile-refine,grounded-sam2[IDEA-Research/grounding-dino|facebook/sam2.1-hiera-tiny]/profile-refine,0.3375310003757477,0.8341738281250001,1.0,0.3375310003757477,0.5302359623381142,False,0.5302359623381142,1.0,Stored score; precursor logits not archived in candidates.json,,,profile priority + SAM quality,0.8341738281250001,0.0,False,False,False,,
broom__03,6,root:1/profile-refine:IDEA-Research_grounding-dino-tiny:tool_prop_brush_cap:01,tool_prop_brush_cap,grounded-sam2[IDEA-Research/grounding-dino-tiny|facebook/sam2.1-hiera-tiny]/profile-refine,grounded-sam2[IDEA-Research/grounding-dino|facebook/sam2.1-hiera-tiny]/profile-refine,0.30600830912590027,0.8332070312500001,1.0,0.30600830912590027,0.515175715194043,False,0.515175715194043,1.0,Stored score; precursor logits not archived in candidates.json,,,profile priority + SAM quality,0.8332070312500001,0.0,False,False,False,,
broom__03,7,root:1/visual-region:01,tool_prop_brush,sam2-amg[facebook/sam2.1-hiera-tiny]/point-grid/semantic-rerank,sam2-amg[facebook/sam2.1-hiera-tiny],0.5941674070988298,0.66,1.0,0.5941674070988298,0.5126827687768752,False,0.5126827687768752,1.0,visual candidate from stored precursor score and appearance utility; semantic rerank,0.5941674070988298,0.0,original matched/generic visual candidate; downstream transformations applied,0.66,0.0,True,False,False,,
broom__03,8,root:1/visual-region:02,tool_prop_ring,sam2-amg[facebook/sam2.1-hiera-tiny]/point-grid,sam2-amg[facebook/sam2.1-hiera-tiny],0.8374644379224375,0.68,1.0,0.8374644379224375,0.6192116997829917,False,0.6192116997829917,1.0,visual candidate from stored precursor score and appearance utility,0.8374644379224375,0.0,original matched/generic visual candidate; downstream transformations applied,0.68,0.0,False,False,False,,
hammer__01,1,root:6,character,grounded-sam2[IDEA-Research/grounding-dino-tiny|facebook/sam2.1-hiera-tiny]/root,grounded-sam2[IDEA-Research/grounding-dino|facebook/sam2.1-hiera-tiny],0.3443332016468048,0.9771484375,1.0,0.3443332016468048,0.6247723543577013,False,0.6247723543577013,,Stored score; precursor logits not archived in candidates.json,,,root quality rule; later root-routing maxima can retain different precursor metadata,0.9771484375,0.0,False,False,False,specific_root_label,
hammer__01,2,root:6/profile-refine:IDEA-Research_grounding-dino-tiny:character_head:02,character_head,grounded-sam2[IDEA-Research/grounding-dino-tiny|facebook/sam2.1-hiera-tiny]/profile-refine,grounded-sam2[IDEA-Research/grounding-dino|facebook/sam2.1-hiera-tiny]/profile-refine,0.4260827302932739,0.8469355468750001,1.0,0.4260827302932739,0.5795965317009599,False,0.5795965317009599,1.0,Stored score; precursor logits not archived in candidates.json,,,profile priority + SAM quality,0.8469355468750001,0.0,False,False,False,,
hammer__01,3,root:6/profile-refine:IDEA-Research_grounding-dino-tiny:character_hand:02,character_hand,grounded-sam2[IDEA-Research/grounding-dino-tiny|facebook/sam2.1-hiera-tiny]/profile-refine,grounded-sam2[IDEA-Research/grounding-dino|facebook/sam2.1-hiera-tiny]/profile-refine,0.2546016275882721,0.887455078125,1.0,0.2546016275882721,0.5236259141724062,False,0.5236259141724062,1.05,Stored score; precursor logits not archived in candidates.json,,,profile priority + SAM quality,0.887455078125,0.0,False,False,False,,
hammer__01,4,root:6/profile-refine:IDEA-Research_grounding-dino-tiny:character_hand:01,character_hand,grounded-sam2[IDEA-Research/grounding-dino-tiny|facebook/sam2.1-hiera-tiny]/profile-refine,grounded-sam2[IDEA-Research/grounding-dino|facebook/sam2.1-hiera-tiny]/profile-refine,0.2889702320098877,0.8423830078125002,1.0,0.2889702320098877,0.5129553407804459,False,0.5129553407804459,1.05,Stored score; precursor logits not archived in candidates.json,,,profile priority + SAM quality,0.8423830078125002,0.0,False,False,False,,
hammer__01,5,root:6/profile-refine:IDEA-Research_grounding-dino-tiny:character_arm:01,character_arm,grounded-sam2[IDEA-Research/grounding-dino-tiny|facebook/sam2.1-hiera-tiny]/profile-refine,grounded-sam2[IDEA-Research/grounding-dino|facebook/sam2.1-hiera-tiny]/profile-refine,0.24635197222232819,0.78647421875,1.0,0.24635197222232819,0.46047560962759254,False,0.46047560962759254,0.92,Stored score; precursor logits not archived in candidates.json,,,profile priority + SAM quality,0.78647421875,0.0,False,False,False,,
hammer__01,6,root:6/contour-visual-region:01,character_visual_contour_panel_01,hpid-appearance-contour/closed-edge,hpid-appearance-contour,0.6425763795044426,0.62,1.0,0.6425763795044426,0.49811854541101497,False,0.49811854541101497,,visual candidate from stored precursor score and appearance utility,0.6425763795044426,0.0,original matched/generic visual candidate; downstream transformations applied,0.62,0.0,False,False,False,,
hammer__01,7,root:6/contour-visual-region:03,character_visual_contour_panel_02,hpid-appearance-contour/closed-edge,hpid-appearance-contour,0.7314343225597927,0.62,1.0,0.7314343225597927,0.5284191039928894,False,0.5284191039928894,,visual candidate from stored precursor score and appearance utility,0.7314343225597927,0.0,original matched/generic visual candidate; downstream transformations applied,0.62,0.0,False,False,False,,
hammer__01,8,root:6/contour-visual-region:06,character_visual_contour_detail_01,hpid-appearance-contour/closed-edge,hpid-appearance-contour,0.7602814707827075,0.62,1.0,0.7602814707827075,0.5382559815369032,False,0.5382559815369032,,visual candidate from stored precursor score and appearance utility,0.7602814707827075,0.0,original matched/generic visual candidate; downstream transformations applied,0.62,0.0,False,False,False,,
hammer__01,9,root:6/visual-region:02,character_accessory,sam2-amg[facebook/sam2.1-hiera-tiny]/point-grid/semantic-rerank,sam2-amg[facebook/sam2.1-hiera-tiny],0.5876281032131383,0.66,1.0,0.5876281032131383,0.5103090014663693,False,0.5103090014663693,1.05,visual candidate from stored precursor score and appearance utility; semantic rerank,0.5876281032131383,0.0,original matched/generic visual candidate; downstream transformations applied,0.66,0.0,True,False,False,,
hammer__01,10,root:6/visual-region:05,character_accessory,sam2-amg[facebook/sam2.1-hiera-tiny]/point-grid/semantic-rerank,sam2-amg[facebook/sam2.1-hiera-tiny],0.5381599740639991,0.66,1.0,0.5381599740639991,0.4923520705852317,False,0.4923520705852317,1.05,visual candidate from stored precursor score and appearance utility; semantic rerank,0.5381599740639991,0.0,original matched/generic visual candidate; downstream transformations applied,0.66,0.0,True,False,False,,
hammer__01,11,root:6/visual-region:04,character_head,sam2-amg[facebook/sam2.1-hiera-tiny]/point-grid,sam2-amg[facebook/sam2.1-hiera-tiny],0.8114941651487219,0.68,1.0,0.8114941651487219,0.6094988177656221,False,0.6094988177656221,1.0,visual candidate from stored precursor score and appearance utility,0.8114941651487219,0.0,original matched/generic visual candidate; downstream transformations applied,0.68,0.0,False,False,False,,
hammer__01,12,root:6/visual-region:07,character_leg,sam2-amg[facebook/sam2.1-hiera-tiny]/point-grid/semantic-rerank,sam2-amg[facebook/sam2.1-hiera-tiny],0.5553743829418252,0.66,1.0,0.5553743829418252,0.49860090100788257,False,0.49860090100788257,0.92,visual candidate from stored precursor score and appearance utility; semantic rerank,0.5553743829418252,0.0,original matched/generic visual candidate; downstream transformations applied,0.66,0.0,True,False,False,,
hammer__02,1,root:13,natural_object,grounded-sam2[IDEA-Research/grounding-dino-tiny|facebook/sam2.1-hiera-tiny]/root,grounded-sam2[IDEA-Research/grounding-dino|facebook/sam2.1-hiera-tiny],0.319121390581131,0.9935546875000001,1.0,0.319121390581131,0.6214851137963706,False,0.6214851137963706,,Stored score; precursor logits not archived in candidates.json,,,root quality rule; later root-routing maxima can retain different precursor metadata,0.9935546875000001,0.0,False,False,False,specific_root_label,
hammer__03,1,root:2,tool_prop,grounded-sam2[IDEA-Research/grounding-dino-tiny|facebook/sam2.1-hiera-tiny]/root,grounded-sam2[IDEA-Research/grounding-dino|facebook/sam2.1-hiera-tiny],0.38248738646507263,0.9627929687500001,1.0,0.38248738646507263,0.6357977274157748,False,0.6357977274157748,,Stored score; precursor logits not archived in candidates.json,,,root quality rule; later root-routing maxima can retain different precursor metadata,0.9627929687500001,0.0,False,False,False,specific_root_label,
hammer__03,2,root:2/profile-refine:IDEA-Research_grounding-dino-tiny:tool_prop_head:03,tool_prop_head,grounded-sam2[IDEA-Research/grounding-dino-tiny|facebook/sam2.1-hiera-tiny]/profile-refine,grounded-sam2[IDEA-Research/grounding-dino|facebook/sam2.1-hiera-tiny]/profile-refine,0.2440025359392166,0.8705253906250001,1.0,0.2440025359392166,0.5085621473828376,False,0.5085621473828376,1.0,Stored score; precursor logits not archived in candidates.json,,,profile priority + SAM quality,0.8705253906250001,0.0,False,False,False,,
hammer__03,3,root:2/profile-refine:IDEA-Research_grounding-dino-tiny:tool_prop_head:02,tool_prop_head,grounded-sam2[IDEA-Research/grounding-dino-tiny|facebook/sam2.1-hiera-tiny]/profile-refine,grounded-sam2[IDEA-Research/grounding-dino|facebook/sam2.1-hiera-tiny]/profile-refine,0.3199707269668579,0.8506093750000001,1.0,0.3199707269668579,0.5324677737959662,False,0.5324677737959662,1.0,Stored score; precursor logits not archived in candidates.json,,,profile priority + SAM quality,0.8506093750000001,0.0,False,False,False,,
hammer__03,4,root:2/visual-region:01,tool_prop_handle,sam2-amg[facebook/sam2.1-hiera-tiny]/point-grid/structural-fusion,sam2-amg[facebook/sam2.1-hiera-tiny],0.7108026476050158,0.74,1.0,0.7108026476050158,0.6222966775752414,False,0.6222966775752414,1.0,visual candidate from stored precursor score and appearance utility; structural relabel,0.7108026476050158,0.0,original matched/generic visual candidate; downstream transformations applied,0.74,0.0,False,False,False,,
hammer__03,5,root:2/visual-region:05,tool_prop_head,sam2-amg[facebook/sam2.1-hiera-tiny]/point-grid,sam2-amg[facebook/sam2.1-hiera-tiny],0.9271253397036057,0.68,1.0,0.9271253397036057,0.6527448770491486,False,0.6527448770491486,1.0,visual candidate from stored precursor score and appearance utility,0.9271253397036057,0.0,original matched/generic visual candidate; downstream transformations applied,0.68,0.0,False,False,False,,
hammer__03,6,root:2/visual-region:02,tool_prop_head,sam2-amg[facebook/sam2.1-hiera-tiny]/point-grid,sam2-amg[facebook/sam2.1-hiera-tiny],0.7718723867079413,0.68,1.0,0.7718723867079413,0.5946802726287701,False,0.5946802726287701,1.0,visual candidate from stored precursor score and appearance utility,0.7718723867079413,0.0,original matched/generic visual candidate; downstream transformations applied,0.68,0.0,False,False,False,,
hammer__03,7,root:2/visual-region:03,tool_prop_face,sam2-amg[facebook/sam2.1-hiera-tiny]/prototype-labelled-region,sam2-amg[facebook/sam2.1-hiera-tiny],0.6295341236423982,0.6037317255811692,1.0,0.6295341236423982,0.480717624039896,False,0.480717624039896,1.0,visual candidate from stored precursor score and appearance utility; prototype label leaves score unchanged,0.6295341236423982,0.0,original matched/generic visual candidate; downstream transformations applied,0.6037317255811692,0.0,False,False,False,,
hammer__03,8,root:2/visual-region:06,tool_prop_visual_panel_02,sam2-amg[facebook/sam2.1-hiera-tiny]/point-grid,sam2-amg[facebook/sam2.1-hiera-tiny],0.7600606637041882,0.62,1.0,0.7600606637041882,0.5381806863231282,False,0.5381806863231282,,visual candidate from stored precursor score and appearance utility,0.7600606637041882,0.0,original matched/generic visual candidate; downstream transformations applied,0.62,0.0,False,False,False,,
knife__01,1,root:1,tool_prop,grounded-sam2[IDEA-Research/grounding-dino-tiny|facebook/sam2.1-hiera-tiny]/root,grounded-sam2[IDEA-Research/grounding-dino|facebook/sam2.1-hiera-tiny],0.8331889510154724,0.9693359375,1.0,0.8331889510154724,0.8804031679959735,False,0.8804031679959735,,Stored score; precursor logits not archived in candidates.json,,,root quality rule; later root-routing maxima can retain different precursor metadata,0.9693359375,0.0,False,False,False,lightweight_profile_text_router,
knife__01,2,root:1/visual-region:01,tool_prop_shaft,sam2-amg[facebook/sam2.1-hiera-tiny]/point-grid/semantic-rerank,sam2-amg[facebook/sam2.1-hiera-tiny],0.6162469807833043,0.66,1.0,0.6162469807833043,0.5206976540243395,False,0.5206976540243395,1.0,visual candidate from stored precursor score and appearance utility; semantic rerank,0.6162469807833043,0.0,original matched/generic visual candidate; downstream transformations applied,0.66,0.0,True,False,False,,
knife__02,1,root:3,tool_prop,grounded-sam2[IDEA-Research/grounding-dino-tiny|facebook/sam2.1-hiera-tiny]/root,grounded-sam2[IDEA-Research/grounding-dino|facebook/sam2.1-hiera-tiny],0.6838418841362,0.987890625,1.0,0.6838418841362,0.8161093237262685,False,0.8161093237262685,,Stored score; precursor logits not archived in candidates.json,,,root quality rule; later root-routing maxima can retain different precursor metadata,0.987890625,0.0,False,False,False,specific_root_label,
knife__02,2,root:3/visual-region:01,tool_prop_lid,sam2-amg[facebook/sam2.1-hiera-tiny]/point-grid/semantic-rerank,sam2-amg[facebook/sam2.1-hiera-tiny],0.6015277424437024,0.66,1.0,0.6015277424437024,0.515354570507064,False,0.515354570507064,1.0,visual candidate from stored precursor score and appearance utility; semantic rerank,0.6015277424437024,0.0,original matched/generic visual candidate; downstream transformations applied,0.66,0.0,True,False,False,,
knife__02,3,root:3/visual-region:02,tool_prop_pan_body,sam2-amg[facebook/sam2.1-hiera-tiny]/prototype-labelled-region,sam2-amg[facebook/sam2.1-hiera-tiny],0.770579750777875,0.6005388909025192,1.0,0.770579750777875,0.5247622107923803,False,0.5247622107923803,1.0,visual candidate from stored precursor score and appearance utility; prototype label leaves score unchanged,0.770579750777875,0.0,original matched/generic visual candidate; downstream transformations applied,0.6005388909025192,0.0,False,False,False,,
knife__02,4,root:3/visual-region:03,tool_prop_handle,sam2-amg[facebook/sam2.1-hiera-tiny]/point-grid/semantic-rerank,sam2-amg[facebook/sam2.1-hiera-tiny],0.6602975392883403,0.66,1.0,0.6602975392883403,0.5366880067616676,False,0.5366880067616676,1.0,visual candidate from stored precursor score and appearance utility; semantic rerank,0.6602975392883403,0.0,original matched/generic visual candidate; downstream transformations applied,0.66,0.0,True,False,False,,
knife__02,5,root:3/visual-region:05,tool_prop_handle,sam2-amg[facebook/sam2.1-hiera-tiny]/prototype-labelled-region,sam2-amg[facebook/sam2.1-hiera-tiny],0.7199687114693163,0.6072927799825668,1.0,0.7199687114693163,0.5137592411509222,False,0.5137592411509222,1.0,visual candidate from stored precursor score and appearance utility; prototype label leaves score unchanged,0.7199687114693163,0.0,original matched/generic visual candidate; downstream transformations applied,0.6072927799825668,0.0,False,False,False,,
knife__02,6,root:3/visual-region:06,tool_prop_visual_panel_02,sam2-amg[facebook/sam2.1-hiera-tiny]/point-grid,sam2-amg[facebook/sam2.1-hiera-tiny],0.7038360817062029,0.62,1.0,0.7038360817062029,0.5190081038618153,False,0.5190081038618153,,visual candidate from stored precursor score and appearance utility,0.7038360817062029,0.0,original matched/generic visual candidate; downstream transformations applied,0.62,0.0,False,False,False,,
knife__03,1,root:2,container,grounded-sam2[IDEA-Research/grounding-dino-tiny|facebook/sam2.1-hiera-tiny]/root,grounded-sam2[IDEA-Research/grounding-dino|facebook/sam2.1-hiera-tiny],0.5439535975456238,0.97421875,1.0,0.5439535975456238,0.7298598241223955,False,0.7298598241223955,,Stored score; precursor logits not archived in candidates.json,,,root quality rule; later root-routing maxima can retain different precursor metadata,0.97421875,0.0,False,False,False,,
knife__04,1,root:6,tool_prop,grounded-sam2[IDEA-Research/grounding-dino-tiny|facebook/sam2.1-hiera-tiny]/root,grounded-sam2[IDEA-Research/grounding-dino|facebook/sam2.1-hiera-tiny],0.443178653717041,0.9827148437500001,1.0,0.443178653717041,0.6817567124799826,False,0.6817567124799826,,Stored score; precursor logits not archived in candidates.json,,,root quality rule; later root-routing maxima can retain different precursor metadata,0.9827148437500001,0.0,False,False,False,specific_root_label,
knife__04,2,root:6/profile-refine:IDEA-Research_grounding-dino-tiny:tool_prop_blade:01,tool_prop_blade,grounded-sam2[IDEA-Research/grounding-dino-tiny|facebook/sam2.1-hiera-tiny]/profile-refine,grounded-sam2[IDEA-Research/grounding-dino|facebook/sam2.1-hiera-tiny]/profile-refine,0.4032730758190155,0.865498046875,1.0,0.4032730758190155,0.5814417538069975,False,0.5814417538069975,1.0,Stored score; precursor logits not archived in candidates.json,,,profile priority + SAM quality,0.865498046875,0.0,False,False,False,,
knife__04,3,root:6/profile-topology:IDEA-Research_grounding-dino-tiny:tool_prop_handle:01,tool_prop_handle,hpid-topology-v2/terminal_complement,hpid-topology-v1,0.37907669126987453,0.82,1.0,0.37907669126987453,0.5399635877627134,False,0.5399635877627134,1.0,topology formula using same archived anchor key,0.37907669126987453,0.0,,0.82,0.0,False,False,False,,
scissors__01,1,root:1,tool_prop,grounded-sam2[IDEA-Research/grounding-dino-tiny|facebook/sam2.1-hiera-tiny]/root,grounded-sam2[IDEA-Research/grounding-dino|facebook/sam2.1-hiera-tiny],0.5651787519454956,0.98837890625,1.0,0.5651787519454956,0.7520064239884959,False,0.7520064239884959,,Stored score; precursor logits not archived in candidates.json,,,root quality rule; later root-routing maxima can retain different precursor metadata,0.98837890625,0.0,False,False,False,specific_root_label,
scissors__01,2,root:1/profile-refine:IDEA-Research_grounding-dino-tiny:tool_prop_blade:02,tool_prop_blade,grounded-sam2[IDEA-Research/grounding-dino-tiny|facebook/sam2.1-hiera-tiny]/profile-refine,grounded-sam2[IDEA-Research/grounding-dino|facebook/sam2.1-hiera-tiny]/profile-refine,0.3709087371826172,0.865111328125,1.0,0.3709087371826172,0.5657826402867213,False,0.5657826402867213,1.0,Stored score; precursor logits not archived in candidates.json,,,profile priority + SAM quality,0.865111328125,0.0,False,False,False,,
scissors__01,3,root:1/profile-refine:IDEA-Research_grounding-dino-tiny:tool_prop_finger_hole:03,tool_prop_finger_hole,grounded-sam2[IDEA-Research/grounding-dino-tiny|facebook/sam2.1-hiera-tiny]/profile-refine,grounded-sam2[IDEA-Research/grounding-dino|facebook/sam2.1-hiera-tiny]/profile-refine,0.2420264333486557,0.865111328125,1.0,0.2420264333486557,0.5044589927138368,False,0.5044589927138368,1.0,Stored score; precursor logits not archived in candidates.json,,,profile priority + SAM quality,0.865111328125,0.0,False,False,False,,
scissors__01,4,root:1/visual-region:02,tool_prop_blade,sam2-amg[facebook/sam2.1-hiera-tiny]/point-grid,sam2-amg[facebook/sam2.1-hiera-tiny],0.8592902121488607,0.68,1.0,0.8592902121488607,0.6273745393436739,False,0.6273745393436739,1.0,visual candidate from stored precursor score and appearance utility,0.8592902121488607,0.0,original matched/generic visual candidate; downstream transformations applied,0.68,0.0,False,True,False,,
scissors__01,5,root:1/visual-region:01,tool_prop_blade,sam2-amg[facebook/sam2.1-hiera-tiny]/point-grid/semantic-rerank,sam2-amg[facebook/sam2.1-hiera-tiny],0.7448273209631424,0.66,1.0,0.7448273209631424,0.5673723175096207,False,0.5673723175096207,1.0,visual candidate from stored precursor score and appearance utility; semantic rerank,0.7448273209631424,0.0,original matched/generic visual candidate; downstream transformations applied,0.66,0.0,True,True,False,,
scissors__01,6,root:1/visual-region:03,tool_prop_pivot,sam2-amg[facebook/sam2.1-hiera-tiny]/prototype-labelled-region,sam2-amg[facebook/sam2.1-hiera-tiny],0.8926910820135624,0.6068352430353164,1.0,0.8926910820135624,0.5710198847059303,False,0.5710198847059303,1.0,visual candidate from stored precursor score and appearance utility; prototype label leaves score unchanged,0.8926910820135624,0.0,original matched/generic visual candidate; downstream transformations applied,0.6068352430353164,0.0,False,False,False,,
scissors__01,7,root:1/visual-region:04,tool_prop_visual_strip_01,sam2-amg[facebook/sam2.1-hiera-tiny]/point-grid,sam2-amg[facebook/sam2.1-hiera-tiny],0.6385562791652499,0.62,1.0,0.6385562791652499,0.4967476911953503,False,0.4967476911953503,,visual candidate from stored precursor score and appearance utility,0.6385562791652499,0.0,original matched/generic visual candidate; downstream transformations applied,0.62,0.0,False,False,False,,
scissors__01,8,root:1/visual-region:08,tool_prop_handle,sam2-amg[facebook/sam2.1-hiera-tiny]/point-grid/semantic-rerank,sam2-amg[facebook/sam2.1-hiera-tiny],0.6633109343867303,0.82,1.0,0.6633109343867303,0.6681532314084153,False,0.6681532314084153,1.0,visual candidate from stored precursor score and appearance utility; semantic rerank,0.6633109343867303,0.0,original matched/generic visual candidate; downstream transformations applied; root geometry support floor,0.82,0.0,True,True,False,,
scissors__02,1,root:1,tool_prop,grounded-sam2[IDEA-Research/grounding-dino-tiny|facebook/sam2.1-hiera-tiny]/root,grounded-sam2[IDEA-Research/grounding-dino|facebook/sam2.1-hiera-tiny],0.9192084670066833,0.9888671875,1.0,0.9192084670066833,0.9449265346972971,False,0.9449265346972971,,Stored score; precursor logits not archived in candidates.json,,,root quality rule; later root-routing maxima can retain different precursor metadata,0.9888671875,0.0,False,False,False,specific_root_label,
scissors__02,2,root:1/profile-refine:IDEA-Research_grounding-dino-tiny:tool_prop_blade:01,tool_prop_blade,grounded-sam2[IDEA-Research/grounding-dino-tiny|facebook/sam2.1-hiera-tiny]/profile-refine,grounded-sam2[IDEA-Research/grounding-dino|facebook/sam2.1-hiera-tiny]/profile-refine,0.38254502415657043,0.87033203125,1.0,0.38254502415657043,0.5747670674178227,False,0.5747670674178227,1.0,Stored score; precursor logits not archived in candidates.json,,,profile priority + SAM quality,0.87033203125,0.0,False,False,False,,
scissors__02,3,root:1/profile-refine:IDEA-Research_grounding-dino-tiny:tool_prop_handle:01,tool_prop_handle,grounded-sam2[IDEA-Research/grounding-dino-tiny|facebook/sam2.1-hiera-tiny]/profile-refine,grounded-sam2[IDEA-Research/grounding-dino|facebook/sam2.1-hiera-tiny]/profile-refine,0.3363310694694519,0.8571835937500001,1.0,0.3363310694694519,0.5442962283371832,False,0.5442962283371832,1.0,Stored score; precursor logits not archived in candidates.json,,,profile priority + SAM quality,0.8571835937500001,0.0,False,False,False,,
scissors__02,4,root:1/profile-refine:IDEA-Research_grounding-dino-tiny:tool_prop_handle:02,tool_prop_handle,grounded-sam2[IDEA-Research/grounding-dino-tiny|facebook/sam2.1-hiera-tiny]/profile-refine,grounded-sam2[IDEA-Research/grounding-dino|facebook/sam2.1-hiera-tiny]/profile-refine,0.28686797618865967,0.8608574218750001,1.0,0.28686797618865967,0.5232096743638978,False,0.5232096743638978,1.0,Stored score; precursor logits not archived in candidates.json,,,profile priority + SAM quality,0.8608574218750001,0.0,False,False,False,,
scissors__02,5,root:1/visual-region:01,tool_prop_handle,sam2-amg[facebook/sam2.1-hiera-tiny]/point-grid,sam2-amg[facebook/sam2.1-hiera-tiny],0.9077186152345813,0.68,1.0,0.9077186152345813,0.6454867620977335,False,0.6454867620977335,1.0,visual candidate from stored precursor score and appearance utility,0.9077186152345813,0.0,original matched/generic visual candidate; downstream transformations applied,0.68,0.0,False,False,False,,
scissors__02,6,root:1/visual-region:04,tool_prop_blade,sam2-amg[facebook/sam2.1-hiera-tiny]/point-grid,sam2-amg[facebook/sam2.1-hiera-tiny],0.8817795989171318,0.68,1.0,0.8817795989171318,0.6357855699950073,False,0.6357855699950073,1.0,visual candidate from stored precursor score and appearance utility,0.8817795989171318,0.0,original matched/generic visual candidate; downstream transformations applied,0.68,0.0,False,False,False,,
scissors__02,7,root:1/visual-region:05,tool_prop_pivot,sam2-amg[facebook/sam2.1-hiera-tiny]/prototype-labelled-region,sam2-amg[facebook/sam2.1-hiera-tiny],0.8025380444533659,0.6120126266269684,1.0,0.8025380444533659,0.5455455610868222,False,0.5455455610868222,1.0,visual candidate from stored precursor score and appearance utility; prototype label leaves score unchanged,0.8025380444533659,0.0,original matched/generic visual candidate; downstream transformations applied,0.6120126266269684,0.0,False,False,False,,
scissors__03,1,root:1,tool_prop,grounded-sam2[IDEA-Research/grounding-dino-tiny|facebook/sam2.1-hiera-tiny]/root,grounded-sam2[IDEA-Research/grounding-dino|facebook/sam2.1-hiera-tiny],0.8479677438735962,0.9546875,1.0,0.8479677438735962,0.8748586880136282,False,0.8748586880136282,,Stored score; precursor logits not archived in candidates.json,,,root quality rule; later root-routing maxima can retain different precursor metadata,0.9546875,0.0,False,False,False,specific_root_label,
scissors__03,2,root:1/profile-refine:IDEA-Research_grounding-dino-tiny:tool_prop_blade:01,tool_prop_blade,grounded-sam2[IDEA-Research/grounding-dino-tiny|facebook/sam2.1-hiera-tiny]/profile-refine,grounded-sam2[IDEA-Research/grounding-dino|facebook/sam2.1-hiera-tiny]/profile-refine,0.29037681221961975,0.8436484375000001,1.0,0.29037681221961975,0.5143785660284222,False,0.5143785660284222,1.0,Stored score; precursor logits not archived in candidates.json,,,profile priority + SAM quality,0.8436484375000001,0.0,False,False,False,,
scissors__03,3,root:1/profile-refine:IDEA-Research_grounding-dino-tiny:tool_prop_blade:02,tool_prop_blade,grounded-sam2[IDEA-Research/grounding-dino-tiny|facebook/sam2.1-hiera-tiny]/profile-refine,grounded-sam2[IDEA-Research/grounding-dino|facebook/sam2.1-hiera-tiny]/profile-refine,0.2617081105709076,0.7786796875000002,1.0,0.2617081105709076,0.46248859374056345,False,0.46248859374056345,1.0,Stored score; precursor logits not archived in candidates.json,,,profile priority + SAM quality,0.7786796875000002,0.0,False,False,False,,
scissors__03,4,root:1/profile-refine:IDEA-Research_grounding-dino-tiny:tool_prop_handle:01,tool_prop_handle,grounded-sam2[IDEA-Research/grounding-dino-tiny|facebook/sam2.1-hiera-tiny]/profile-refine,grounded-sam2[IDEA-Research/grounding-dino|facebook/sam2.1-hiera-tiny]/profile-refine,0.26721689105033875,0.8448085937500001,1.0,0.26721689105033875,0.5043247864624661,False,0.5043247864624661,1.0,Stored score; precursor logits not archived in candidates.json,,,profile priority + SAM quality,0.8448085937500001,0.0,False,False,False,,
scissors__03,5,root:1/profile-refine:IDEA-Research_grounding-dino-tiny:tool_prop_pivot:01,tool_prop_pivot,grounded-sam2[IDEA-Research/grounding-dino-tiny|facebook/sam2.1-hiera-tiny]/profile-refine,grounded-sam2[IDEA-Research/grounding-dino|facebook/sam2.1-hiera-tiny]/profile-refine,0.2512800693511963,0.7974355468750001,1.0,0.2512800693511963,0.46905480883077255,False,0.46905480883077255,1.0,Stored score; precursor logits not archived in candidates.json,,,profile priority + SAM quality,0.7974355468750001,0.0,False,False,False,,
scissors__03,6,root:1/profile-refine:IDEA-Research_grounding-dino-tiny:tool_prop_pivot:02,tool_prop_pivot,grounded-sam2[IDEA-Research/grounding-dino-tiny|facebook/sam2.1-hiera-tiny]/profile-refine,grounded-sam2[IDEA-Research/grounding-dino|facebook/sam2.1-hiera-tiny]/profile-refine,0.24635197222232819,0.805169921875,1.0,0.24635197222232819,0.4714218238691523,False,0.4714218238691523,1.0,Stored score; precursor logits not archived in candidates.json,,,profile priority + SAM quality,0.805169921875,0.0,False,False,False,,
scissors__03,7,root:1/visual-region:01,tool_prop_finger_hole,sam2-amg[facebook/sam2.1-hiera-tiny]/prototype-labelled-region,sam2-amg[facebook/sam2.1-hiera-tiny],0.6910251259159037,0.6084935376253128,1.0,0.6910251259159037,0.5050884698324908,False,0.5050884698324908,1.0,visual candidate from stored precursor score and appearance utility; prototype label leaves score unchanged,0.6910251259159037,0.0,original matched/generic visual candidate; downstream transformations applied,0.6084935376253128,0.0,False,False,False,,
scissors__03,8,root:1/visual-region:03,tool_prop_visual_strip_03,sam2-amg[facebook/sam2.1-hiera-tiny]/point-grid,sam2-amg[facebook/sam2.1-hiera-tiny],0.7295260734063872,0.62,1.0,0.7295260734063872,0.527768391031578,False,0.527768391031578,,visual candidate from stored precursor score and appearance utility,0.7295260734063872,0.0,original matched/generic visual candidate; downstream transformations applied,0.62,0.0,False,False,False,,
scissors__04,1,root:1,tool_prop,grounded-sam2[IDEA-Research/grounding-dino-tiny|facebook/sam2.1-hiera-tiny]/root,grounded-sam2[IDEA-Research/grounding-dino|facebook/sam2.1-hiera-tiny],0.8053261041641235,0.9471679687500001,1.0,0.8053261041641235,0.8457540855818663,False,0.8457540855818663,,Stored score; precursor logits not archived in candidates.json,,,root quality rule; later root-routing maxima can retain different precursor metadata,0.9471679687500001,0.0,False,False,False,specific_root_label,
scissors__04,2,root:1/profile-refine:IDEA-Research_grounding-dino-tiny:tool_prop_blade:01,tool_prop_blade,grounded-sam2[IDEA-Research/grounding-dino-tiny|facebook/sam2.1-hiera-tiny]/profile-refine,grounded-sam2[IDEA-Research/grounding-dino|facebook/sam2.1-hiera-tiny]/profile-refine,0.6519090533256531,0.7848671875000001,1.0,0.6519090533256531,0.6346043482292212,False,0.6346043482292212,1.0,Stored score; precursor logits not archived in candidates.json,,,profile priority + SAM quality,0.7848671875000001,0.0,False,True,False,,
scissors__04,3,root:1/profile-refine:IDEA-Research_grounding-dino-tiny:tool_prop_blade:02,tool_prop_blade,grounded-sam2[IDEA-Research/grounding-dino-tiny|facebook/sam2.1-hiera-tiny]/profile-refine,grounded-sam2[IDEA-Research/grounding-dino|facebook/sam2.1-hiera-tiny]/profile-refine,0.4787116050720215,0.8624042968750001,1.0,0.4787116050720215,0.6151455534416718,False,0.6151455534416718,1.0,Stored score; precursor logits not archived in candidates.json,,,profile priority + SAM quality,0.8624042968750001,0.0,False,False,False,,
scissors__04,4,root:1/profile-refine:IDEA-Research_grounding-dino-tiny:tool_prop_handle:01,tool_prop_handle,grounded-sam2[IDEA-Research/grounding-dino-tiny|facebook/sam2.1-hiera-tiny]/profile-refine,grounded-sam2[IDEA-Research/grounding-dino|facebook/sam2.1-hiera-tiny]/profile-refine,0.28567078709602356,0.8627910156250002,1.0,0.28567078709602356,0.5238167607243844,False,0.5238167607243844,1.0,Stored score; precursor logits not archived in candidates.json,,,profile priority + SAM quality,0.8627910156250002,0.0,False,False,False,,
scissors__04,5,root:1/visual-region:01,tool_prop_blade,sam2-amg[facebook/sam2.1-hiera-tiny]/point-grid,sam2-amg[facebook/sam2.1-hiera-tiny],0.9227598036659892,0.68,1.0,0.9227598036659892,0.6511121665710801,False,0.6511121665710801,1.0,visual candidate from stored precursor score and appearance utility,0.9227598036659892,0.0,original matched/generic visual candidate; downstream transformations applied,0.68,0.0,False,True,False,,
scissors__04,6,root:1/visual-region:12,tool_prop_blade,sam2-amg[facebook/sam2.1-hiera-tiny]/point-grid,sam2-amg[facebook/sam2.1-hiera-tiny],0.7202313746884987,0.68,1.0,0.7202313746884987,0.5753665341334986,False,0.5753665341334986,1.0,visual candidate from stored precursor score and appearance utility,0.7202313746884987,0.0,original matched/generic visual candidate; downstream transformations applied,0.68,0.0,False,False,False,,
scissors__04,7,root:1/visual-region:02,tool_prop_handle,sam2-amg[facebook/sam2.1-hiera-tiny]/point-grid/structural-fusion,sam2-amg[facebook/sam2.1-hiera-tiny],0.7057115520400095,0.82,1.0,0.7057115520400095,0.6872759099700443,False,0.6872759099700443,1.0,visual candidate from stored precursor score and appearance utility; structural relabel,0.7057115520400095,0.0,original matched/generic visual candidate; downstream transformations applied; root geometry support floor,0.82,0.0,False,True,False,,
scissors__04,8,root:1/visual-region:03,tool_prop_pivot,sam2-amg[facebook/sam2.1-hiera-tiny]/prototype-labelled-region,sam2-amg[facebook/sam2.1-hiera-tiny],0.7454475373002174,0.6142132746982574,1.0,0.7454475373002174,0.5282210487647206,False,0.5282210487647206,1.0,visual candidate from stored precursor score and appearance utility; prototype label leaves score unchanged,0.7454475373002174,0.0,original matched/generic visual candidate; downstream transformations applied,0.6142132746982574,0.0,False,False,False,,
scissors__04,9,root:1/visual-region:04,tool_prop_visual_strip_02,sam2-amg[facebook/sam2.1-hiera-tiny]/point-grid,sam2-amg[facebook/sam2.1-hiera-tiny],0.7578981803609597,0.62,1.0,0.7578981803609597,0.5374432795030873,False,0.5374432795030873,,visual candidate from stored precursor score and appearance utility,0.7578981803609597,0.0,original matched/generic visual candidate; downstream transformations applied,0.62,0.0,False,False,False,,
scissors__04,10,root:1/visual-region:05,tool_prop_visual_strip_03,sam2-amg[facebook/sam2.1-hiera-tiny]/point-grid,sam2-amg[facebook/sam2.1-hiera-tiny],0.7573581374537309,0.62,1.0,0.7573581374537309,0.5372591248717222,False,0.5372591248717222,,visual candidate from stored precursor score and appearance utility,0.7573581374537309,0.0,original matched/generic visual candidate; downstream transformations applied,0.62,0.0,False,False,False,,
scissors__04,11,root:1/visual-region:09,tool_prop_finger_hole,sam2-amg[facebook/sam2.1-hiera-tiny]/point-grid/semantic-rerank,sam2-amg[facebook/sam2.1-hiera-tiny],0.600026714931933,0.66,1.0,0.600026714931933,0.5148096975202917,False,0.5148096975202917,1.0,visual candidate from stored precursor score and appearance utility; semantic rerank,0.600026714931933,0.0,original matched/generic visual candidate; downstream transformations applied,0.66,0.0,True,False,False,,
scissors__04,12,root:1/visual-region:14,tool_prop_finger_hole,sam2-amg[facebook/sam2.1-hiera-tiny]/point-grid/semantic-rerank,sam2-amg[facebook/sam2.1-hiera-tiny],0.5563036188629541,0.66,1.0,0.5563036188629541,0.4989382136472524,False,0.4989382136472524,1.0,visual candidate from stored precursor score and appearance utility; semantic rerank,0.5563036188629541,0.0,original matched/generic visual candidate; downstream transformations applied,0.66,0.0,True,False,False,,
scissors__04,13,root:1/visual-region:13,tool_prop_visual_strip_05,sam2-amg[facebook/sam2.1-hiera-tiny]/point-grid,sam2-amg[facebook/sam2.1-hiera-tiny],0.7566435151504389,0.62,1.0,0.7566435151504389,0.5370154386662997,False,0.5370154386662997,,visual candidate from stored precursor score and appearance utility,0.7566435151504389,0.0,original matched/generic visual candidate; downstream transformations applied,0.62,0.0,False,False,False,,
ladder__01,1,root:1,tool_prop,grounded-sam2[IDEA-Research/grounding-dino-tiny|facebook/sam2.1-hiera-tiny]/root,grounded-sam2[IDEA-Research/grounding-dino|facebook/sam2.1-hiera-tiny],0.5476152896881104,0.9478515625,1.0,0.5476152896881104,0.712015107513871,False,0.712015107513871,,Stored score; precursor logits not archived in candidates.json,,,root quality rule; later root-routing maxima can retain different precursor metadata,0.9478515625,0.0,False,False,False,specific_root_label,
ladder__01,2,root:1/profile-refine:IDEA-Research_grounding-dino-tiny:tool_prop_top_cap:01,tool_prop_top_cap,grounded-sam2[IDEA-Research/grounding-dino-tiny|facebook/sam2.1-hiera-tiny]/profile-refine,grounded-sam2[IDEA-Research/grounding-dino|facebook/sam2.1-hiera-tiny]/profile-refine,0.4493020176887512,0.847515625,1.0,0.4493020176887512,0.5908167954343837,False,0.5908167954343837,1.0,Stored score; precursor logits not archived in candidates.json,,,profile priority + SAM quality,0.847515625,0.0,False,False,False,,
ladder__01,3,root:1/profile-refine:IDEA-Research_grounding-dino-tiny:tool_prop_top_cap:03,tool_prop_top_cap,grounded-sam2[IDEA-Research/grounding-dino-tiny|facebook/sam2.1-hiera-tiny]/profile-refine,grounded-sam2[IDEA-Research/grounding-dino|facebook/sam2.1-hiera-tiny]/profile-refine,0.24256430566310883,0.757216796875,1.0,0.24256430566310883,0.4417681302074852,False,0.4417681302074852,1.0,Stored score; precursor logits not archived in candidates.json,,,profile priority + SAM quality,0.757216796875,0.0,False,False,False,,
ladder__01,4,root:1/profile-refine:IDEA-Research_grounding-dino-tiny:tool_prop_step:02,tool_prop_step,grounded-sam2[IDEA-Research/grounding-dino-tiny|facebook/sam2.1-hiera-tiny]/profile-refine,grounded-sam2[IDEA-Research/grounding-dino|facebook/sam2.1-hiera-tiny]/profile-refine,0.2487165927886963,0.758763671875,1.0,0.2487165927886963,0.44523806570407476,False,0.44523806570407476,1.0,Stored score; precursor logits not archived in candidates.json,,,profile priority + SAM quality,0.758763671875,0.0,False,False,False,,
ladder__01,5,root:1/visual-region:01,tool_prop_top_cap,sam2-amg[facebook/sam2.1-hiera-tiny]/point-grid,sam2-amg[facebook/sam2.1-hiera-tiny],0.7033124356620106,0.68,1.0,0.7033124356620106,0.569038850937592,False,0.569038850937592,1.0,visual candidate from stored precursor score and appearance utility,0.7033124356620106,0.0,original matched/generic visual candidate; downstream transformations applied,0.68,0.0,False,False,False,,
ladder__01,6,root:1/visual-region:02,tool_prop_step,sam2-amg[facebook/sam2.1-hiera-tiny]/point-grid/structural-fusion,sam2-amg[facebook/sam2.1-hiera-tiny],0.6968550754135441,0.74,1.0,0.6968550754135441,0.6166200156933125,False,0.6166200156933125,1.0,visual candidate from stored precursor score and appearance utility; structural relabel,0.6968550754135441,0.0,original matched/generic visual candidate; downstream transformations applied,0.74,0.0,False,False,False,,
ladder__01,7,root:1/visual-region:04,tool_prop_foot,sam2-amg[facebook/sam2.1-hiera-tiny]/prototype-labelled-region,sam2-amg[facebook/sam2.1-hiera-tiny],0.6902796634706027,0.5974676802024841,1.0,0.6902796634706027,0.49569134016472066,False,0.49569134016472066,1.0,visual candidate from stored precursor score and appearance utility; prototype label leaves score unchanged,0.6902796634706027,0.0,original matched/generic visual candidate; downstream transformations applied,0.5974676802024841,0.0,False,False,False,,
ladder__02,1,root:6,tool_prop,grounded-sam2[IDEA-Research/grounding-dino-tiny|facebook/sam2.1-hiera-tiny]/root,grounded-sam2[IDEA-Research/grounding-dino|facebook/sam2.1-hiera-tiny],0.3080861270427704,0.98974609375,1.0,0.3080861270427704,0.6130956146160315,False,0.6130956146160315,,Stored score; precursor logits not archived in candidates.json,,,root quality rule; later root-routing maxima can retain different precursor metadata,0.98974609375,0.0,False,False,False,specific_root_label,
ladder__02,2,root:6/profile-refine:IDEA-Research_grounding-dino-tiny:tool_prop_step:01,tool_prop_step,grounded-sam2[IDEA-Research/grounding-dino-tiny|facebook/sam2.1-hiera-tiny]/profile-refine,grounded-sam2[IDEA-Research/grounding-dino|facebook/sam2.1-hiera-tiny]/profile-refine,0.2959415912628174,0.828759765625,1.0,0.2959415912628174,0.5078373606287642,False,0.5078373606287642,1.0,Stored score; precursor logits not archived in candidates.json,,,profile priority + SAM quality,0.828759765625,0.0,False,False,False,,
ladder__02,3,root:6/profile-refine:IDEA-Research_grounding-dino-tiny:tool_prop_foot:01,tool_prop_foot,grounded-sam2[IDEA-Research/grounding-dino-tiny|facebook/sam2.1-hiera-tiny]/profile-refine,grounded-sam2[IDEA-Research/grounding-dino|facebook/sam2.1-hiera-tiny]/profile-refine,0.2902761995792389,0.8330136718750001,1.0,0.2902761995792389,0.5078483759219322,False,0.5078483759219322,1.0,Stored score; precursor logits not archived in candidates.json,,,profile priority + SAM quality,0.8330136718750001,0.0,False,False,False,,
ladder__02,4,root:6/profile-refine:IDEA-Research_grounding-dino-tiny:tool_prop_top_cap:04,tool_prop_top_cap,grounded-sam2[IDEA-Research/grounding-dino-tiny|facebook/sam2.1-hiera-tiny]/profile-refine,grounded-sam2[IDEA-Research/grounding-dino|facebook/sam2.1-hiera-tiny]/profile-refine,0.24310296773910522,0.8446152343750001,1.0,0.24310296773910522,0.4930075140095724,False,0.4930075140095724,1.0,Stored score; precursor logits not archived in candidates.json,,,profile priority + SAM quality,0.8446152343750001,0.0,False,False,False,,
ladder__02,5,root:6/profile-refine:IDEA-Research_grounding-dino-tiny:tool_prop_top_cap:02,tool_prop_top_cap,grounded-sam2[IDEA-Research/grounding-dino-tiny|facebook/sam2.1-hiera-tiny]/profile-refine,grounded-sam2[IDEA-Research/grounding-dino|facebook/sam2.1-hiera-tiny]/profile-refine,0.28477486968040466,0.830306640625,1.0,0.28477486968040466,0.5036857442395675,False,0.5036857442395675,1.0,Stored score; precursor logits not archived in candidates.json,,,profile priority + SAM quality,0.830306640625,0.0,False,False,False,,
ladder__02,6,root:6/visual-region:01,tool_prop_rail,sam2-amg[facebook/sam2.1-hiera-tiny]/point-grid/structural-fusion,sam2-amg[facebook/sam2.1-hiera-tiny],0.7852328441464279,0.74,1.0,0.7852328441464279,0.6525897675675962,False,0.6525897675675962,1.0,visual candidate from stored precursor score and appearance utility; structural relabel,0.7852328441464279,0.0,original matched/generic visual candidate; downstream transformations applied,0.74,0.0,False,False,False,,
ladder__02,7,root:6/visual-region:04,tool_prop_rail,sam2-amg[facebook/sam2.1-hiera-tiny]/point-grid/structural-fusion,sam2-amg[facebook/sam2.1-hiera-tiny],0.7868681390939908,0.74,1.0,0.7868681390939908,0.6532553326112542,False,0.6532553326112542,1.0,visual candidate from stored precursor score and appearance utility; structural relabel,0.7868681390939908,0.0,original matched/generic visual candidate; downstream transformations applied,0.74,0.0,False,False,False,,
ladder__02,8,root:6/visual-region:02,tool_prop_visual_strip_02,sam2-amg[facebook/sam2.1-hiera-tiny]/point-grid,sam2-amg[facebook/sam2.1-hiera-tiny],0.7775386458971877,0.62,1.0,0.7775386458971877,0.544140678250941,False,0.544140678250941,,visual candidate from stored precursor score and appearance utility,0.7775386458971877,0.0,original matched/generic visual candidate; downstream transformations applied,0.62,0.0,False,False,False,,
ladder__02,9,root:6/visual-region:03,tool_prop_visual_panel_01,sam2-amg[facebook/sam2.1-hiera-tiny]/point-grid,sam2-amg[facebook/sam2.1-hiera-tiny],0.8265202764094596,0.62,1.0,0.8265202764094596,0.5608434142556257,False,0.5608434142556257,,visual candidate from stored precursor score and appearance utility,0.8265202764094596,0.0,original matched/generic visual candidate; downstream transformations applied,0.62,0.0,False,False,False,,
ladder__02,10,root:6/visual-region:09,tool_prop_step,sam2-amg[facebook/sam2.1-hiera-tiny]/point-grid/structural-fusion,sam2-amg[facebook/sam2.1-hiera-tiny],0.8033122716943364,0.74,1.0,0.8033122716943364,0.6599480945795949,False,0.6599480945795949,1.0,visual candidate from stored precursor score and appearance utility; structural relabel,0.8033122716943364,0.0,original matched/generic visual candidate; downstream transformations applied,0.74,0.0,False,False,False,,
ladder__02,11,root:6/visual-region:14,tool_prop_step,sam2-amg[facebook/sam2.1-hiera-tiny]/point-grid/structural-fusion,sam2-amg[facebook/sam2.1-hiera-tiny],0.7107298131265729,0.74,1.0,0.7107298131265729,0.6222670339425151,False,0.6222670339425151,1.0,visual candidate from stored precursor score and appearance utility; structural relabel,0.7107298131265729,0.0,original matched/generic visual candidate; downstream transformations applied,0.74,0.0,False,False,False,,
ladder__02,12,root:6/visual-region:17,tool_prop_step,sam2-amg[facebook/sam2.1-hiera-tiny]/point-grid/structural-fusion,sam2-amg[facebook/sam2.1-hiera-tiny],0.7133005195774953,0.74,1.0,0.7133005195774953,0.6233133114680406,False,0.6233133114680406,1.0,visual candidate from stored precursor score and appearance utility; structural relabel,0.7133005195774953,0.0,original matched/generic visual candidate; downstream transformations applied,0.74,0.0,False,False,False,,
ladder__03,1,root:11,tool_prop,grounded-sam2[IDEA-Research/grounding-dino-tiny|facebook/sam2.1-hiera-tiny]/root,grounded-sam2[IDEA-Research/grounding-dino|facebook/sam2.1-hiera-tiny],0.30642327666282654,0.9625,1.0,0.30642327666282654,0.5953378220833838,False,0.5953378220833838,,Stored score; precursor logits not archived in candidates.json,,,root quality rule; later root-routing maxima can retain different precursor metadata,0.9625,0.0,False,False,False,lightweight_profile_text_router,
ladder__03,2,root:11/profile-refine:IDEA-Research_grounding-dino-tiny:tool_prop_head:02,tool_prop_head,grounded-sam2[IDEA-Research/grounding-dino-tiny|facebook/sam2.1-hiera-tiny]/profile-refine,grounded-sam2[IDEA-Research/grounding-dino|facebook/sam2.1-hiera-tiny]/profile-refine,0.2512800693511963,0.8434550781250001,1.0,0.2512800693511963,0.4961236829454778,False,0.4961236829454778,1.0,Stored score; precursor logits not archived in candidates.json,,,profile priority + SAM quality,0.8434550781250001,0.0,False,False,False,,
ladder__03,3,root:11/visual-region:02,tool_prop_shaft,sam2-amg[facebook/sam2.1-hiera-tiny]/point-grid/semantic-rerank,sam2-amg[facebook/sam2.1-hiera-tiny],0.6940769644290777,0.66,1.0,0.6940769644290777,0.5489499380877553,False,0.5489499380877553,1.0,visual candidate from stored precursor score and appearance utility; semantic rerank,0.6940769644290777,0.0,original matched/generic visual candidate; downstream transformations applied,0.66,0.0,True,False,False,,
ladder__03,4,root:11/visual-region:04,tool_prop_shaft,sam2-amg[facebook/sam2.1-hiera-tiny]/point-grid/semantic-rerank,sam2-amg[facebook/sam2.1-hiera-tiny],0.6802014524484158,0.66,1.0,0.6802014524484158,0.543913127238775,False,0.543913127238775,1.0,visual candidate from stored precursor score and appearance utility; semantic rerank,0.6802014524484158,0.0,original matched/generic visual candidate; downstream transformations applied,0.66,0.0,True,False,False,,
ladder__04,1,root:3,tool_prop,grounded-sam2[IDEA-Research/grounding-dino-tiny|facebook/sam2.1-hiera-tiny]/root,grounded-sam2[IDEA-Research/grounding-dino|facebook/sam2.1-hiera-tiny],0.41276684403419495,0.9730468750000001,1.0,0.41276684403419495,0.6587739119800973,False,0.6587739119800973,,Stored score; precursor logits not archived in candidates.json,,,root quality rule; later root-routing maxima can retain different precursor metadata,0.9730468750000001,0.0,False,False,False,specific_root_label,
ladder__04,2,root:3/profile-refine:IDEA-Research_grounding-dino-tiny:tool_prop_top_cap:02,tool_prop_top_cap,grounded-sam2[IDEA-Research/grounding-dino-tiny|facebook/sam2.1-hiera-tiny]/profile-refine,grounded-sam2[IDEA-Research/grounding-dino|facebook/sam2.1-hiera-tiny]/profile-refine,0.2632204294204712,0.79685546875,1.0,0.2632204294204712,0.47394671220623424,False,0.47394671220623424,1.0,Stored score; precursor logits not archived in candidates.json,,,profile priority + SAM quality,0.79685546875,0.0,False,False,False,,
guitar__01,1,root:1,tool_prop,grounded-sam2[IDEA-Research/grounding-dino-tiny|facebook/sam2.1-hiera-tiny]/root,grounded-sam2[IDEA-Research/grounding-dino|facebook/sam2.1-hiera-tiny],0.44619306921958923,0.9817382812500001,1.0,0.44619306921958923,0.6827068758472161,False,0.6827068758472161,,Stored score; precursor logits not archived in candidates.json,,,root quality rule; later root-routing maxima can retain different precursor metadata,0.9817382812500001,0.0,False,False,False,specific_root_label,
guitar__01,2,root:1/profile-refine:IDEA-Research_grounding-dino-tiny:tool_prop_string:02,tool_prop_string,grounded-sam2[IDEA-Research/grounding-dino-tiny|facebook/sam2.1-hiera-tiny]/profile-refine,grounded-sam2[IDEA-Research/grounding-dino|facebook/sam2.1-hiera-tiny]/profile-refine,0.2549724578857422,0.83939453125,1.0,0.2549724578857422,0.49543990678526467,False,0.49543990678526467,1.0,Stored score; precursor logits not archived in candidates.json,,,profile priority + SAM quality,0.83939453125,0.0,False,False,False,,
guitar__01,3,root:1/profile-refine:IDEA-Research_grounding-dino-tiny:tool_prop_tuning_key:02,tool_prop_tuning_key,grounded-sam2[IDEA-Research/grounding-dino-tiny|facebook/sam2.1-hiera-tiny]/profile-refine,grounded-sam2[IDEA-Research/grounding-dino|facebook/sam2.1-hiera-tiny]/profile-refine,0.2525683641433716,0.836494140625,1.0,0.2525683641433716,0.4926219394734945,False,0.4926219394734945,1.0,Stored score; precursor logits not archived in candidates.json,,,profile priority + SAM quality,0.836494140625,0.0,False,False,False,,
guitar__01,4,root:1/visual-region:02,tool_prop_tuning_key,sam2-amg[facebook/sam2.1-hiera-tiny]/point-grid,sam2-amg[facebook/sam2.1-hiera-tiny],0.8323265787937637,0.68,1.0,0.8323265787937637,0.6172901404688677,False,0.6172901404688677,1.0,visual candidate from stored precursor score and appearance utility,0.8323265787937637,0.0,original matched/generic visual candidate; downstream transformations applied,0.68,0.0,False,False,False,,
guitar__01,5,root:1/visual-region:01,tool_prop_tuning_key,sam2-amg[facebook/sam2.1-hiera-tiny]/point-grid/semantic-rerank,sam2-amg[facebook/sam2.1-hiera-tiny],0.6099664226933732,0.66,1.0,0.6099664226933732,0.5184178114376945,False,0.5184178114376945,1.0,visual candidate from stored precursor score and appearance utility; semantic rerank,0.6099664226933732,0.0,original matched/generic visual candidate; downstream transformations applied,0.66,0.0,True,False,False,,
guitar__01,6,root:1/visual-region:03,tool_prop_visual_panel_01,sam2-amg[facebook/sam2.1-hiera-tiny]/point-grid,sam2-amg[facebook/sam2.1-hiera-tiny],0.6808610429226676,0.62,1.0,0.6808610429226676,0.5111736156366297,False,0.5111736156366297,,visual candidate from stored precursor score and appearance utility,0.6808610429226676,0.0,original matched/generic visual candidate; downstream transformations applied,0.62,0.0,False,False,False,,
guitar__01,7,root:1/visual-region:05,tool_prop_neck,sam2-amg[facebook/sam2.1-hiera-tiny]/point-grid/semantic-rerank,sam2-amg[facebook/sam2.1-hiera-tiny],0.5383672244155896,0.66,1.0,0.5383672244155896,0.4924273024628591,False,0.4924273024628591,1.0,visual candidate from stored precursor score and appearance utility; semantic rerank,0.5383672244155896,0.0,original matched/generic visual candidate; downstream transformations applied,0.66,0.0,True,False,False,,
guitar__02,1,root:1,tool_prop,grounded-sam2[IDEA-Research/grounding-dino-tiny|facebook/sam2.1-hiera-tiny]/root,grounded-sam2[IDEA-Research/grounding-dino|facebook/sam2.1-hiera-tiny],0.7718434929847717,0.97998046875,1.0,0.7718434929847717,0.8570065623687697,False,0.8570065623687697,,Stored score; precursor logits not archived in candidates.json,,,root quality rule; later root-routing maxima can retain different precursor metadata,0.97998046875,0.0,False,False,False,specific_root_label,
guitar__02,2,root:1/visual-region:01,tool_prop_visual_panel_01,sam2-amg[facebook/sam2.1-hiera-tiny]/point-grid,sam2-amg[facebook/sam2.1-hiera-tiny],0.6438624063624362,0.62,1.0,0.6438624063624362,0.49855708056959075,False,0.49855708056959075,,visual candidate from stored precursor score and appearance utility,0.6438624063624362,0.0,original matched/generic visual candidate; downstream transformations applied,0.62,0.0,False,False,False,,
guitar__02,3,root:1/visual-region:02,tool_prop_fingerboard,sam2-amg[facebook/sam2.1-hiera-tiny]/prototype-labelled-region,sam2-amg[facebook/sam2.1-hiera-tiny],0.7052718243110314,0.6023109525089264,1.0,0.7052718243110314,0.504676047982184,False,0.504676047982184,1.0,visual candidate from stored precursor score and appearance utility; prototype label leaves score unchanged,0.7052718243110314,0.0,original matched/generic visual candidate; downstream transformations applied,0.6023109525089264,0.0,False,False,False,,
guitar__02,4,root:1/visual-region:04,tool_prop_neck,sam2-amg[facebook/sam2.1-hiera-tiny]/point-grid/semantic-rerank,sam2-amg[facebook/sam2.1-hiera-tiny],0.5165159292757403,0.66,1.0,0.5165159292757403,0.48449528232709377,False,0.48449528232709377,1.0,visual candidate from stored precursor score and appearance utility; semantic rerank,0.5165159292757403,0.0,original matched/generic visual candidate; downstream transformations applied,0.66,0.0,True,False,False,,
guitar__02,5,root:1/visual-region:05,tool_prop_string,sam2-amg[facebook/sam2.1-hiera-tiny]/prototype-labelled-region,sam2-amg[facebook/sam2.1-hiera-tiny],0.6654160830878508,0.6124578690404892,1.0,0.6654160830878508,0.49975266501850996,False,0.49975266501850996,1.0,visual candidate from stored precursor score and appearance utility; prototype label leaves score unchanged,0.6654160830878508,0.0,original matched/generic visual candidate; downstream transformations applied,0.6124578690404892,0.0,False,False,False,,
guitar__03,1,root:1,tool_prop,grounded-sam2[IDEA-Research/grounding-dino-tiny|facebook/sam2.1-hiera-tiny]/root,grounded-sam2[IDEA-Research/grounding-dino|facebook/sam2.1-hiera-tiny],0.8418256044387817,0.95908203125,1.0,0.8418256044387817,0.8756458099273733,False,0.8756458099273733,,Stored score; precursor logits not archived in candidates.json,,,root quality rule; later root-routing maxima can retain different precursor metadata,0.95908203125,0.0,False,False,False,specific_root_label,
guitar__03,2,root:1/profile-refine:IDEA-Research_grounding-dino-tiny:tool_prop_sound_hole:01,tool_prop_sound_hole,grounded-sam2[IDEA-Research/grounding-dino-tiny|facebook/sam2.1-hiera-tiny]/profile-refine,grounded-sam2[IDEA-Research/grounding-dino|facebook/sam2.1-hiera-tiny]/profile-refine,0.28239405155181885,0.843841796875,1.0,0.28239405155181885,0.510791555732314,False,0.510791555732314,1.0,Stored score; precursor logits not archived in candidates.json,,,profile priority + SAM quality,0.843841796875,0.0,False,False,False,,
guitar__03,3,root:1/profile-refine:IDEA-Research_grounding-dino-tiny:tool_prop_neck:01,tool_prop_neck,grounded-sam2[IDEA-Research/grounding-dino-tiny|facebook/sam2.1-hiera-tiny]/profile-refine,grounded-sam2[IDEA-Research/grounding-dino|facebook/sam2.1-hiera-tiny]/profile-refine,0.2808135449886322,0.8498359375000001,1.0,0.2808135449886322,0.5136811651224621,False,0.5136811651224621,1.0,Stored score; precursor logits not archived in candidates.json,,,profile priority + SAM quality,0.8498359375000001,0.0,False,False,False,,
guitar__03,4,root:1/visual-region:01,tool_prop_tuning_key,sam2-amg[facebook/sam2.1-hiera-tiny]/point-grid/semantic-rerank,sam2-amg[facebook/sam2.1-hiera-tiny],0.5315537819564871,0.66,1.0,0.5315537819564871,0.48995402285020484,False,0.48995402285020484,1.0,visual candidate from stored precursor score and appearance utility; semantic rerank,0.5315537819564871,0.0,original matched/generic visual candidate; downstream transformations applied,0.66,0.0,True,False,False,,
guitar__04,1,root:1,tool_prop,grounded-sam2[IDEA-Research/grounding-dino-tiny|facebook/sam2.1-hiera-tiny]/root,grounded-sam2[IDEA-Research/grounding-dino|facebook/sam2.1-hiera-tiny],0.6642136573791504,0.973828125,1.0,0.6642136573791504,0.7939791235607118,False,0.7939791235607118,,Stored score; precursor logits not archived in candidates.json,,,root quality rule; later root-routing maxima can retain different precursor metadata,0.973828125,0.0,False,False,False,specific_root_label,
guitar__04,2,root:1/visual-region:01,tool_prop_body,sam2-amg[facebook/sam2.1-hiera-tiny]/prototype-labelled-region,sam2-amg[facebook/sam2.1-hiera-tiny],0.7608144491880767,0.5926090826187134,1.0,0.7608144491880767,0.5146501412054454,False,0.5146501412054454,1.0,visual candidate from stored precursor score and appearance utility; prototype label leaves score unchanged,0.7608144491880767,0.0,original matched/generic visual candidate; downstream transformations applied,0.5926090826187134,0.0,False,False,False,,
pan_for_cooking__01,1,root:1,tool_prop,grounded-sam2[IDEA-Research/grounding-dino-tiny|facebook/sam2.1-hiera-tiny]/root,grounded-sam2[IDEA-Research/grounding-dino|facebook/sam2.1-hiera-tiny],0.696784257888794,0.96455078125,1.0,0.696784257888794,0.8036939417326359,False,0.8036939417326359,,Stored score; precursor logits not archived in candidates.json,,,root quality rule; later root-routing maxima can retain different precursor metadata,0.96455078125,0.0,False,False,False,lightweight_profile_text_router,
pan_for_cooking__02,1,root:1,container,grounded-sam2[IDEA-Research/grounding-dino-tiny|facebook/sam2.1-hiera-tiny]/root,grounded-sam2[IDEA-Research/grounding-dino|facebook/sam2.1-hiera-tiny],0.7496374249458313,0.96923828125,1.0,0.7496374249458313,0.8357747356858454,False,0.8357747356858454,,Stored score; precursor logits not archived in candidates.json,,,root quality rule; later root-routing maxima can retain different precursor metadata,0.96064453125,0.008593749999999956,False,False,False,isolated_profile_consensus,Final r may inherit another root via max; a simple single-q discrepancy is not evidence of incorrect frozen r
pan_for_cooking__02,2,root:1/profile-refine:IDEA-Research_grounding-dino-tiny:container_inner_wall:01,container_inner_wall,grounded-sam2[IDEA-Research/grounding-dino-tiny|facebook/sam2.1-hiera-tiny]/profile-refine,grounded-sam2[IDEA-Research/grounding-dino|facebook/sam2.1-hiera-tiny]/profile-refine,0.5894801020622253,0.8188984375000001,1.0,0.5894801020622253,0.6340026808588534,False,0.6340026808588534,1.0,Stored score; precursor logits not archived in candidates.json,,,profile priority + SAM quality,0.8188984375000001,0.0,False,False,False,,
pan_for_cooking__02,3,root:1/profile-refine:IDEA-Research_grounding-dino-tiny:container_outer_side:01,container_outer_side,grounded-sam2[IDEA-Research/grounding-dino-tiny|facebook/sam2.1-hiera-tiny]/profile-refine,grounded-sam2[IDEA-Research/grounding-dino|facebook/sam2.1-hiera-tiny]/profile-refine,0.4519311189651489,0.816771484375,1.0,0.4519311189651489,0.5705656159485807,False,0.5705656159485807,1.0,Stored score; precursor logits not archived in candidates.json,,,profile priority + SAM quality,0.816771484375,0.0,False,False,False,,
pan_for_cooking__02,4,root:1/profile-refine:IDEA-Research_grounding-dino-tiny:container_bottom:01,container_bottom,grounded-sam2[IDEA-Research/grounding-dino-tiny|facebook/sam2.1-hiera-tiny]/profile-refine,grounded-sam2[IDEA-Research/grounding-dino|facebook/sam2.1-hiera-tiny]/profile-refine,0.4196479320526123,0.818125,1.0,0.4196479320526123,0.5569847054257989,False,0.5569847054257989,1.0,Stored score; precursor logits not archived in candidates.json,,,profile priority + SAM quality,0.818125,0.0,False,False,False,,
pan_for_cooking__02,5,root:1/profile-refine:IDEA-Research_grounding-dino-tiny:container_inner:01,container_inner,grounded-sam2[IDEA-Research/grounding-dino-tiny|facebook/sam2.1-hiera-tiny]/profile-refine,grounded-sam2[IDEA-Research/grounding-dino|facebook/sam2.1-hiera-tiny]/profile-refine,0.336985319852829,0.8185117187500001,1.0,0.336985319852829,0.5200348117779418,False,0.5200348117779418,1.0,Stored score; precursor logits not archived in candidates.json,,,profile priority + SAM quality,0.8185117187500001,0.0,False,False,False,,
pan_for_cooking__02,6,root:1/visual-region:01,container_visual_panel_01,sam2-amg[facebook/sam2.1-hiera-tiny]/point-grid,sam2-amg[facebook/sam2.1-hiera-tiny],0.806913806653265,0.62,1.0,0.806913806653265,0.5541576080687634,False,0.5541576080687634,,visual candidate from stored precursor score and appearance utility,0.806913806653265,0.0,original matched/generic visual candidate; downstream transformations applied,0.62,0.0,False,False,False,,
pan_for_cooking__02,7,root:1/visual-region:03,container_base,sam2-amg[facebook/sam2.1-hiera-tiny]/point-grid/semantic-rerank,sam2-amg[facebook/sam2.1-hiera-tiny],0.5483354181197703,0.66,1.0,0.5483354181197703,0.4960457567774767,False,0.4960457567774767,1.0,visual candidate from stored precursor score and appearance utility; semantic rerank,0.5483354181197703,0.0,original matched/generic visual candidate; downstream transformations applied,0.66,0.0,True,False,False,,
pan_for_cooking__03,1,root:1,container,grounded-sam2[IDEA-Research/grounding-dino-tiny|facebook/sam2.1-hiera-tiny]/root,grounded-sam2[IDEA-Research/grounding-dino|facebook/sam2.1-hiera-tiny],0.8866168856620789,0.994140625,1.0,0.8866168856620789,0.932145306916209,False,0.932145306916209,,Stored score; precursor logits not archived in candidates.json,,,root quality rule; later root-routing maxima can retain different precursor metadata,0.994140625,0.0,False,False,False,lightweight_profile_text_router,
pan_for_cooking__03,2,root:1/profile-refine:IDEA-Research_grounding-dino-tiny:container_label:02,container_label,grounded-sam2[IDEA-Research/grounding-dino-tiny|facebook/sam2.1-hiera-tiny]/profile-refine,grounded-sam2[IDEA-Research/grounding-dino|facebook/sam2.1-hiera-tiny]/profile-refine,0.2989005148410797,0.86414453125,1.0,0.2989005148410797,0.5309263239707507,False,0.5309263239707507,1.0,Stored score; precursor logits not archived in candidates.json,,,profile priority + SAM quality,0.86414453125,0.0,False,False,False,,
pan_for_cooking__03,3,root:1/profile-refine:IDEA-Research_grounding-dino-tiny:container_label:01,container_label,grounded-sam2[IDEA-Research/grounding-dino-tiny|facebook/sam2.1-hiera-tiny]/profile-refine,grounded-sam2[IDEA-Research/grounding-dino|facebook/sam2.1-hiera-tiny]/profile-refine,0.4386349022388458,0.8618242187500001,1.0,0.4386349022388458,0.5957352985036619,False,0.5957352985036619,1.0,Stored score; precursor logits not archived in candidates.json,,,profile priority + SAM quality,0.8618242187500001,0.0,False,False,False,,
pan_for_cooking__03,4,root:1/visual-region:01,container_visual_strip_01,sam2-amg[facebook/sam2.1-hiera-tiny]/point-grid,sam2-amg[facebook/sam2.1-hiera-tiny],0.7141365056763828,0.62,1.0,0.7141365056763828,0.5225205484356465,False,0.5225205484356465,,visual candidate from stored precursor score and appearance utility,0.7141365056763828,0.0,original matched/generic visual candidate; downstream transformations applied,0.62,0.0,False,False,False,,
pan_for_cooking__03,5,root:1/visual-region:02,container_visual_panel_01,sam2-amg[facebook/sam2.1-hiera-tiny]/point-grid,sam2-amg[facebook/sam2.1-hiera-tiny],0.7204189588214798,0.62,1.0,0.7204189588214798,0.5246628649581246,False,0.5246628649581246,,visual candidate from stored precursor score and appearance utility,0.7204189588214798,0.0,original matched/generic visual candidate; downstream transformations applied,0.62,0.0,False,False,False,,
pan_for_cooking__03,6,root:1/visual-region:03,container_handle,sam2-amg[facebook/sam2.1-hiera-tiny]/point-grid/semantic-rerank,sam2-amg[facebook/sam2.1-hiera-tiny],0.5765654060918681,0.66,1.0,0.5765654060918681,0.5062932424113481,False,0.5062932424113481,1.0,visual candidate from stored precursor score and appearance utility; semantic rerank,0.5765654060918681,0.0,original matched/generic visual candidate; downstream transformations applied,0.66,0.0,True,False,False,,
pan_for_cooking__03,7,root:1/visual-region:04,container_label,sam2-amg[facebook/sam2.1-hiera-tiny]/prototype-labelled-region,sam2-amg[facebook/sam2.1-hiera-tiny],0.7454241112755151,0.6099918060560227,1.0,0.7454241112755151,0.5245827426782717,False,0.5245827426782717,1.0,visual candidate from stored precursor score and appearance utility; prototype label leaves score unchanged,0.7454241112755151,0.0,original matched/generic visual candidate; downstream transformations applied,0.6099918060560227,0.0,False,False,False,,
pan_for_cooking__04,1,root:2,tool_prop,grounded-sam2[IDEA-Research/grounding-dino-tiny|facebook/sam2.1-hiera-tiny]/root,grounded-sam2[IDEA-Research/grounding-dino|facebook/sam2.1-hiera-tiny],0.47457030415534973,0.9701171875000001,1.0,0.47457030415534973,0.6897665791810141,False,0.6897665791810141,,Stored score; precursor logits not archived in candidates.json,,,root quality rule; later root-routing maxima can retain different precursor metadata,0.9701171875000001,0.0,False,False,False,specific_root_label,
pan_for_cooking__04,2,root:2/visual-region:01,tool_prop_handle,sam2-amg[facebook/sam2.1-hiera-tiny]/prototype-labelled-region,sam2-amg[facebook/sam2.1-hiera-tiny],0.6718026337891867,0.6064750489368439,1.0,0.6718026337891867,0.4970011163833385,False,0.4970011163833385,1.0,visual candidate from stored precursor score and appearance utility; prototype label leaves score unchanged,0.6718026337891867,0.0,original matched/generic visual candidate; downstream transformations applied,0.6064750489368439,0.0,False,False,False,,
pan_for_cooking__04,3,root:2/silhouette-axial:tool_prop_handle:01,tool_prop_handle,hpid-structural-fusion/silhouette-axial-partition,hpid-structural-fusion-v2,0.8659169482430156,0.74,1.0,0.8659169482430156,0.6854281979349074,False,0.6854281979349074,1.0,silhouette axial partition formula,0.8659169482430156,0.0,,0.74,0.0,False,False,False,,
spoon__01,1,root:3,tool_prop,grounded-sam2[IDEA-Research/grounding-dino-tiny|facebook/sam2.1-hiera-tiny]/root,grounded-sam2[IDEA-Research/grounding-dino|facebook/sam2.1-hiera-tiny],0.6114979386329651,0.9696289062500001,1.0,0.6114979386329651,0.7624423503884465,False,0.7624423503884465,,Stored score; precursor logits not archived in candidates.json,,,root quality rule; later root-routing maxima can retain different precursor metadata,0.9696289062500001,0.0,False,False,False,specific_root_label,
spoon__01,2,root:3/profile-refine:IDEA-Research_grounding-dino-tiny:tool_prop_handle:01,tool_prop_handle,grounded-sam2[IDEA-Research/grounding-dino-tiny|facebook/sam2.1-hiera-tiny]/profile-refine,grounded-sam2[IDEA-Research/grounding-dino|facebook/sam2.1-hiera-tiny]/profile-refine,0.3225259780883789,0.869171875,1.0,0.3225259780883789,0.545309123761207,False,0.545309123761207,1.0,Stored score; precursor logits not archived in candidates.json,,,profile priority + SAM quality,0.869171875,0.0,False,False,False,,
spoon__01,3,root:3/visual-region:01,tool_prop_bowl,sam2-amg[facebook/sam2.1-hiera-tiny]/point-grid,sam2-amg[facebook/sam2.1-hiera-tiny],0.903353131408265,0.68,1.0,0.903353131408265,0.6438540711466911,False,0.6438540711466911,1.0,visual candidate from stored precursor score and appearance utility,0.903353131408265,0.0,original matched/generic visual candidate; downstream transformations applied,0.68,0.0,False,False,False,,
spoon__01,4,root:3/visual-region:04,tool_prop_handle,sam2-amg[facebook/sam2.1-hiera-tiny]/point-grid,sam2-amg[facebook/sam2.1-hiera-tiny],0.7739680139733156,0.68,1.0,0.7739680139733156,0.59546403722602,False,0.59546403722602,1.0,visual candidate from stored precursor score and appearance utility,0.7739680139733156,0.0,original matched/generic visual candidate; downstream transformations applied,0.68,0.0,False,False,False,,
spoon__01,5,root:3/visual-region:03,tool_prop_visual_strip_02,sam2-amg[facebook/sam2.1-hiera-tiny]/point-grid,sam2-amg[facebook/sam2.1-hiera-tiny],0.7186759765878843,0.62,1.0,0.7186759765878843,0.5240685080164685,False,0.5240685080164685,,visual candidate from stored precursor score and appearance utility,0.7186759765878843,0.0,original matched/generic visual candidate; downstream transformations applied,0.62,0.0,False,False,False,,
spoon__01,6,root:3/visual-region:05,tool_prop_visual_strip_03,sam2-amg[facebook/sam2.1-hiera-tiny]/point-grid,sam2-amg[facebook/sam2.1-hiera-tiny],0.8901417298049885,0.62,1.0,0.8901417298049885,0.5825383298635012,False,0.5825383298635012,,visual candidate from stored precursor score and appearance utility,0.8901417298049885,0.0,original matched/generic visual candidate; downstream transformations applied,0.62,0.0,False,False,False,,
spoon__01,7,root:3/visual-region:06,tool_prop_visual_panel_01,sam2-amg[facebook/sam2.1-hiera-tiny]/point-grid,sam2-amg[facebook/sam2.1-hiera-tiny],0.7493876801100259,0.62,1.0,0.7493876801100259,0.5345411989175188,False,0.5345411989175188,,visual candidate from stored precursor score and appearance utility,0.7493876801100259,0.0,original matched/generic visual candidate; downstream transformations applied,0.62,0.0,False,False,False,,
spoon__01,8,root:3/visual-region:08,tool_prop_visual_panel_02,sam2-amg[facebook/sam2.1-hiera-tiny]/point-grid,sam2-amg[facebook/sam2.1-hiera-tiny],0.7157267908802007,0.62,1.0,0.7157267908802007,0.5230628356901484,False,0.5230628356901484,,visual candidate from stored precursor score and appearance utility,0.7157267908802007,0.0,original matched/generic visual candidate; downstream transformations applied,0.62,0.0,False,False,False,,
spoon__02,1,root:2,tool_prop,grounded-sam2[IDEA-Research/grounding-dino-tiny|facebook/sam2.1-hiera-tiny]/root,grounded-sam2[IDEA-Research/grounding-dino|facebook/sam2.1-hiera-tiny],0.6146831512451172,0.9890625000000001,1.0,0.6146831512451172,0.7794561548531056,False,0.7794561548531056,,Stored score; precursor logits not archived in candidates.json,,,root quality rule; later root-routing maxima can retain different precursor metadata,0.9890625000000001,0.0,False,False,False,specific_root_label,
spoon__02,2,root:2/profile-refine:IDEA-Research_grounding-dino-tiny:tool_prop_handle:01,tool_prop_handle,grounded-sam2[IDEA-Research/grounding-dino-tiny|facebook/sam2.1-hiera-tiny]/profile-refine,grounded-sam2[IDEA-Research/grounding-dino|facebook/sam2.1-hiera-tiny]/profile-refine,0.31732046604156494,0.8573769531250001,1.0,0.31732046604156494,0.5354544187926571,False,0.5354544187926571,1.0,Stored score; precursor logits not archived in candidates.json,,,profile priority + SAM quality,0.8573769531250001,0.0,False,False,False,,
spoon__02,3,root:2/visual-region:01,tool_prop_handle,sam2-amg[facebook/sam2.1-hiera-tiny]/point-grid,sam2-amg[facebook/sam2.1-hiera-tiny],0.8923195038950986,0.68,1.0,0.8923195038950986,0.6397274944567669,False,0.6397274944567669,1.0,visual candidate from stored precursor score and appearance utility,0.8923195038950986,0.0,original matched/generic visual candidate; downstream transformations applied,0.68,0.0,False,False,False,,
spoon__02,4,root:2/visual-region:02,tool_prop_visual_strip_01,sam2-amg[facebook/sam2.1-hiera-tiny]/point-grid,sam2-amg[facebook/sam2.1-hiera-tiny],0.7114166959286405,0.62,1.0,0.7114166959286405,0.5215930933116665,False,0.5215930933116665,,visual candidate from stored precursor score and appearance utility,0.7114166959286405,0.0,original matched/generic visual candidate; downstream transformations applied,0.62,0.0,False,False,False,,
spoon__02,5,root:2/structural-residual:tool_prop_bowl:01,tool_prop_bowl,hpid-structural-fusion/axial-residual,hpid-structural-fusion-v1,0.8959124087591241,0.74,1.0,0.8959124087591241,0.6976363503649636,False,0.6976363503649636,1.0,axial residual coverage formula,0.8959124087591241,0.0,,0.74,0.0,False,False,False,,
spoon__03,1,root:1,container,grounded-sam2[IDEA-Research/grounding-dino-tiny|facebook/sam2.1-hiera-tiny]/root,grounded-sam2[IDEA-Research/grounding-dino|facebook/sam2.1-hiera-tiny],0.513729453086853,0.99140625,1.0,0.513729453086853,0.7262558373296634,False,0.7262558373296634,,Stored score; precursor logits not archived in candidates.json,,,root quality rule; later root-routing maxima can retain different precursor metadata,0.99140625,0.0,False,False,False,specific_root_label,
spoon__03,2,root:1/visual-region:01,container_handle,sam2-amg[facebook/sam2.1-hiera-tiny]/point-grid/semantic-rerank,sam2-amg[facebook/sam2.1-hiera-tiny],0.5241033651855203,0.66,1.0,0.5241033651855203,0.4872495215623439,False,0.4872495215623439,1.0,visual candidate from stored precursor score and appearance utility; semantic rerank,0.5241033651855203,0.0,original matched/generic visual candidate; downstream transformations applied,0.66,0.0,True,False,False,,
spoon__03,3,root:1/visual-region:02,container_inner,sam2-amg[facebook/sam2.1-hiera-tiny]/prototype-labelled-region,sam2-amg[facebook/sam2.1-hiera-tiny],0.6852126395058356,0.6050199410266875,1.0,0.6852126395058356,0.5002709943715183,False,0.5002709943715183,1.0,visual candidate from stored precursor score and appearance utility; prototype label leaves score unchanged,0.6852126395058356,0.0,original matched/generic visual candidate; downstream transformations applied,0.6050199410266875,0.0,False,False,False,,
spoon__03,4,root:1/visual-region:05,container_visual_panel_02,sam2-amg[facebook/sam2.1-hiera-tiny]/point-grid,sam2-amg[facebook/sam2.1-hiera-tiny],0.643506705401677,0.62,1.0,0.643506705401677,0.4984357865419719,False,0.4984357865419719,,visual candidate from stored precursor score and appearance utility,0.643506705401677,0.0,original matched/generic visual candidate; downstream transformations applied,0.62,0.0,False,False,False,,
spoon__03,5,root:1/visual-region:06,container_visual_panel_03,sam2-amg[facebook/sam2.1-hiera-tiny]/point-grid,sam2-amg[facebook/sam2.1-hiera-tiny],0.7265035112865036,0.62,1.0,0.7265035112865036,0.5267376973486977,False,0.5267376973486977,,visual candidate from stored precursor score and appearance utility,0.7265035112865036,0.0,original matched/generic visual candidate; downstream transformations applied,0.62,0.0,False,False,False,,
spoon__03,6,root:1/visual-region:10,container_label,sam2-amg[facebook/sam2.1-hiera-tiny]/prototype-labelled-region,sam2-amg[facebook/sam2.1-hiera-tiny],0.736133345582036,0.604117539551735,1.0,0.736133345582036,0.5164439788315344,False,0.5164439788315344,1.0,visual candidate from stored precursor score and appearance utility; prototype label leaves score unchanged,0.736133345582036,0.0,original matched/generic visual candidate; downstream transformations applied,0.604117539551735,0.0,False,False,False,,
spoon__04,1,root:3,tool_prop,grounded-sam2[IDEA-Research/grounding-dino-tiny|facebook/sam2.1-hiera-tiny]/root,grounded-sam2[IDEA-Research/grounding-dino|facebook/sam2.1-hiera-tiny],0.40286189317703247,0.9884765625,1.0,0.40286189317703247,0.6638351997564315,False,0.6638351997564315,,Stored score; precursor logits not archived in candidates.json,,,root quality rule; later root-routing maxima can retain different precursor metadata,0.9884765625,0.0,False,False,False,specific_root_label,
spoon__04,2,root:3/profile-refine:IDEA-Research_grounding-dino-tiny:tool_prop_bowl:01,tool_prop_bowl,grounded-sam2[IDEA-Research/grounding-dino-tiny|facebook/sam2.1-hiera-tiny]/profile-refine,grounded-sam2[IDEA-Research/grounding-dino|facebook/sam2.1-hiera-tiny]/profile-refine,0.3304711878299713,0.8647246093750002,1.0,0.3304711878299713,0.5462976870620304,False,0.5462976870620304,1.0,Stored score; precursor logits not archived in candidates.json,,,profile priority + SAM quality,0.8647246093750002,0.0,False,False,False,,
spoon__04,3,root:3/visual-region:02,tool_prop_handle,sam2-amg[facebook/sam2.1-hiera-tiny]/point-grid/structural-fusion,sam2-amg[facebook/sam2.1-hiera-tiny],0.7652921962721908,0.74,1.0,0.7652921962721908,0.6444739238827817,False,0.6444739238827817,1.0,visual candidate from stored precursor score and appearance utility; structural relabel,0.7652921962721908,0.0,original matched/generic visual candidate; downstream transformations applied,0.74,0.0,False,False,False,,
spoon__04,4,root:3/visual-region:06,tool_prop_bowl,sam2-amg[facebook/sam2.1-hiera-tiny]/point-grid,sam2-amg[facebook/sam2.1-hiera-tiny],0.9041809436826389,0.68,1.0,0.9041809436826389,0.644163672937307,False,0.644163672937307,1.0,visual candidate from stored precursor score and appearance utility,0.9041809436826389,0.0,original matched/generic visual candidate; downstream transformations applied,0.68,0.0,False,False,False,,
spoon__04,5,root:3/visual-region:07,tool_prop_visual_panel_04,sam2-amg[facebook/sam2.1-hiera-tiny]/point-grid,sam2-amg[facebook/sam2.1-hiera-tiny],0.8825702544289336,0.62,1.0,0.8825702544289336,0.5799564567602664,False,0.5799564567602664,,visual candidate from stored precursor score and appearance utility,0.8825702544289336,0.0,original matched/generic visual candidate; downstream transformations applied,0.62,0.0,False,False,False,,
spoon__04,6,root:3/visual-region:12,tool_prop_rim,sam2-amg[facebook/sam2.1-hiera-tiny]/point-grid/semantic-rerank,sam2-amg[facebook/sam2.1-hiera-tiny],0.6810497884441868,0.66,1.0,0.6810497884441868,0.5442210732052399,False,0.5442210732052399,1.0,visual candidate from stored precursor score and appearance utility; semantic rerank,0.6810497884441868,0.0,original matched/generic visual candidate; downstream transformations applied,0.66,0.0,True,False,False,,
spoon__04,7,root:3/visual-region:13,tool_prop_visual_panel_08,sam2-amg[facebook/sam2.1-hiera-tiny]/point-grid,sam2-amg[facebook/sam2.1-hiera-tiny],0.8628598159253396,0.62,1.0,0.8628598159253396,0.5732351972305408,False,0.5732351972305408,,visual candidate from stored precursor score and appearance utility,0.8628598159253396,0.0,original matched/generic visual candidate; downstream transformations applied,0.62,0.0,False,False,False,,
