cohort,request_id,case_id,source_image_id,method,threshold,domain,object_category,target,normalized_target,selected_identity,selected_part_iou,best_exposed_iou,best_exported_iou,correct_anywhere_exported,raw_state,hpid_state,attribution
old37,old37__calculator__u01,calculator__u01,104982,greedy_nms,025,device,cellular_telephone,bezel,bezel,device_bezel/right/01,0.009445319011019538,0.009445319011019538,0.24964668338272167,0.0,ambiguous,correct_unique,Not inferable from routing CSV alone; requires candidate lineage/stage trace
old37,old37__calculator__u01,calculator__u01,104982,greedy_nms,050,device,cellular_telephone,bezel,bezel,device_bezel/right/01,0.009445319011019538,0.009445319011019538,0.24964668338272167,0.0,ambiguous,correct_unique,Not inferable from routing CSV alone; requires candidate lineage/stage trace
old37,old37__calculator__u01,calculator__u01,104982,dbscan_fusion,025,device,cellular_telephone,bezel,bezel,device_bezel/right/01,0.08240396530359356,0.08240396530359356,0.25968109339407747,1.0,ambiguous,correct_unique,Not inferable from routing CSV alone; requires candidate lineage/stage trace
old37,old37__calculator__u01,calculator__u01,104982,dbscan_fusion,050,device,cellular_telephone,bezel,bezel,device_bezel/right/01,0.08240396530359356,0.08240396530359356,0.25968109339407747,0.0,ambiguous,correct_unique,Not inferable from routing CSV alone; requires candidate lineage/stage trace
old37,old37__can__u01,can__u01,172012,raw_proposals,025,container,can,body,body,proposal/0001,0.21076181734740707,0.21076181734740707,0.21076181734740707,0.0,wrong_unique,correct_unique,Not inferable from routing CSV alone; requires candidate lineage/stage trace
old37,old37__can__u01,can__u01,172012,raw_proposals,050,container,can,body,body,proposal/0001,0.21076181734740707,0.21076181734740707,0.21076181734740707,0.0,wrong_unique,wrong_unique,Not inferable from routing CSV alone; requires candidate lineage/stage trace
old37,old37__can__u01,can__u01,172012,greedy_nms,050,container,can,body,body,container/left/01,0.3449447748513169,0.3449447748513169,0.3449447748513169,0.0,wrong_unique,wrong_unique,Not inferable from routing CSV alone; requires candidate lineage/stage trace
old37,old37__can__u01,can__u01,172012,dbscan_fusion,050,container,can,body,body,container/left/01,0.30959537572254336,0.30959537572254336,0.30959537572254336,0.0,wrong_unique,wrong_unique,Not inferable from routing CSV alone; requires candidate lineage/stage trace
old37,old37__can__u01,can__u01,172012,hpid_split_group_ids,050,container,can,body,body,object_001/container_body,0.32855597620335314,0.32855597620335314,0.32855597620335314,0.0,wrong_unique,wrong_unique,Not inferable from routing CSV alone; requires candidate lineage/stage trace
old37,old37__watch__u01,watch__u01,195188,raw_proposals,050,device,watch,case,body,proposal/0001,0.27064777327935224,0.27064777327935224,0.27064777327935224,0.0,wrong_unique,wrong_unique,Not inferable from routing CSV alone; requires candidate lineage/stage trace
old37,old37__watch__u01,watch__u01,195188,greedy_nms,025,device,watch,case,body,device/center/01,0.22798027651551775,0.22798027651551775,0.22798027651551775,0.0,correct_unique,correct_unique,Not inferable from routing CSV alone; requires candidate lineage/stage trace
old37,old37__watch__u01,watch__u01,195188,greedy_nms,050,device,watch,case,body,device/center/01,0.22798027651551775,0.22798027651551775,0.22798027651551775,0.0,wrong_unique,wrong_unique,Not inferable from routing CSV alone; requires candidate lineage/stage trace
old37,old37__watch__u01,watch__u01,195188,hpid_split_group_ids,050,device,watch,case,body,object_001/device_body,0.2656641604010025,0.2656641604010025,0.2656641604010025,0.0,wrong_unique,wrong_unique,Not inferable from routing CSV alone; requires candidate lineage/stage trace
old37,old37__car_automobile__u02,car_automobile__u02,246750,hpid_split_group_ids,025,vehicle,car_(automobile),windshield,windshield,object_001/vehicle_windshield/011,0.21711229946524063,0.21711229946524063,0.37219251336898396,1.0,ambiguous,wrong_unique,Not inferable from routing CSV alone; requires candidate lineage/stage trace
old37,old37__car_automobile__u02,car_automobile__u02,246750,hpid_split_group_ids,050,vehicle,car_(automobile),windshield,windshield,object_001/vehicle_windshield/011,0.21711229946524063,0.21711229946524063,0.37219251336898396,0.0,ambiguous,wrong_unique,Not inferable from routing CSV alone; requires candidate lineage/stage trace
old37,old37__box__u01,box__u01,291898,local_pairwise_crf,025,container,box,side,side,container_side/center/01,0.1389339219094869,0.1389339219094869,0.1389339219094869,0.0,ambiguous,wrong_unique,Not inferable from routing CSV alone; requires candidate lineage/stage trace
old37,old37__box__u01,box__u01,291898,local_pairwise_crf,050,container,box,side,side,container_side/center/01,0.1389339219094869,0.1389339219094869,0.1389339219094869,0.0,ambiguous,wrong_unique,Not inferable from routing CSV alone; requires candidate lineage/stage trace
old37,old37__box__u01,box__u01,291898,hpid_split_group_ids,025,container,box,side,side,object_001/container_side/005,0.00694855495792264,0.00694855495792264,0.5314517339738778,1.0,ambiguous,wrong_unique,Not inferable from routing CSV alone; requires candidate lineage/stage trace
old37,old37__box__u01,box__u01,291898,hpid_split_group_ids,050,container,box,side,side,object_001/container_side/005,0.00694855495792264,0.00694855495792264,0.5314517339738778,1.0,ambiguous,wrong_unique,Not inferable from routing CSV alone; requires candidate lineage/stage trace
old37,old37__bowl__u01,bowl__u01,319996,raw_proposals,050,container,bowl,body,body,proposal/0001,0.2986003110419907,0.2986003110419907,0.2986003110419907,0.0,wrong_unique,wrong_unique,Not inferable from routing CSV alone; requires candidate lineage/stage trace
old37,old37__bowl__u01,bowl__u01,319996,greedy_nms,050,container,bowl,body,body,container/right/01,0.490097546556311,0.490097546556311,0.490097546556311,0.0,wrong_unique,wrong_unique,Not inferable from routing CSV alone; requires candidate lineage/stage trace
old37,old37__bowl__u01,bowl__u01,319996,dbscan_fusion,050,container,bowl,body,body,container/right/01,0.4649394536750211,0.4649394536750211,0.4649394536750211,0.0,wrong_unique,wrong_unique,Not inferable from routing CSV alone; requires candidate lineage/stage trace
old37,old37__bowl__u01,bowl__u01,319996,hpid_split_group_ids,050,container,bowl,body,body,object_001/container_body,0.4835969537199766,0.4835969537199766,0.4835969537199766,0.0,wrong_unique,wrong_unique,Not inferable from routing CSV alone; requires candidate lineage/stage trace
old37,old37__shoe__u01,shoe__u01,35197,raw_proposals,050,daily_object,shoe,vamp,upper,proposal/0003,0.4349748743718593,0.4349748743718593,0.4349748743718593,0.0,wrong_unique,wrong_unique,Not inferable from routing CSV alone; requires candidate lineage/stage trace
old37,old37__shoe__u01,shoe__u01,35197,dbscan_fusion,050,daily_object,shoe,vamp,upper,daily_object_upper/right/01,0.316624895572264,0.316624895572264,0.316624895572264,0.0,wrong_unique,wrong_unique,Not inferable from routing CSV alone; requires candidate lineage/stage trace
old37,old37__shoe__u01,shoe__u01,35197,hpid_split_group_ids,025,daily_object,shoe,vamp,upper,object_001/daily_object_upper/002,0.20691711389385808,0.20691711389385808,0.2205911525490974,0.0,correct_unique,wrong_unique,Not inferable from routing CSV alone; requires candidate lineage/stage trace
old37,old37__shoe__u01,shoe__u01,35197,hpid_split_group_ids,050,daily_object,shoe,vamp,upper,object_001/daily_object_upper/002,0.20691711389385808,0.20691711389385808,0.2205911525490974,0.0,wrong_unique,wrong_unique,Not inferable from routing CSV alone; requires candidate lineage/stage trace
old37,old37__bicycle__u02,bicycle__u02,453138,raw_proposals,050,vehicle,bicycle,wheel,tire,proposal/0002,0.37705669270719677,0.37705669270719677,0.699028317138619,1.0,wrong_unique,wrong_unique,Not inferable from routing CSV alone; requires candidate lineage/stage trace
old37,old37__bicycle__u02,bicycle__u02,453138,dbscan_fusion,050,vehicle,bicycle,wheel,tire,vehicle_wheel/right/01,0.3785246368555967,0.3785246368555967,0.48751290443033807,0.0,wrong_unique,wrong_unique,Not inferable from routing CSV alone; requires candidate lineage/stage trace
old37,old37__bicycle__u02,bicycle__u02,453138,local_pairwise_crf,050,vehicle,bicycle,wheel,tire,vehicle_wheel/right/01,0.37247496926049534,0.37247496926049534,0.4660988503818075,0.0,wrong_unique,wrong_unique,Not inferable from routing CSV alone; requires candidate lineage/stage trace
old37,old37__bicycle__u02,bicycle__u02,453138,hpid_split_group_ids,050,vehicle,bicycle,wheel,tire,object_001/vehicle_wheel/004,0.37669729952855807,0.37669729952855807,0.45408870088848663,0.0,wrong_unique,wrong_unique,Not inferable from routing CSV alone; requires candidate lineage/stage trace
old37,old37__bottle__u01,bottle__u01,460841,raw_proposals,025,container,bottle,base,base,proposal/0004,0.0,0.0,0.0007089265670230992,0.0,wrong_unique,wrong_unique,Not inferable from routing CSV alone; requires candidate lineage/stage trace
old37,old37__bottle__u01,bottle__u01,460841,raw_proposals,050,container,bottle,base,base,proposal/0004,0.0,0.0,0.0007089265670230992,0.0,wrong_unique,wrong_unique,Not inferable from routing CSV alone; requires candidate lineage/stage trace
old37,old37__bottle__u01,bottle__u01,460841,greedy_nms,025,container,bottle,base,base,container_base/left/01,0.0,0.0,0.0010037641154328732,0.0,wrong_unique,wrong_unique,Not inferable from routing CSV alone; requires candidate lineage/stage trace
old37,old37__bottle__u01,bottle__u01,460841,greedy_nms,050,container,bottle,base,base,container_base/left/01,0.0,0.0,0.0010037641154328732,0.0,wrong_unique,wrong_unique,Not inferable from routing CSV alone; requires candidate lineage/stage trace
old37,old37__bottle__u01,bottle__u01,460841,dbscan_fusion,025,container,bottle,base,base,container_base/left/01,0.0,0.0,0.0013697066544914964,0.0,wrong_unique,wrong_unique,Not inferable from routing CSV alone; requires candidate lineage/stage trace
old37,old37__bottle__u01,bottle__u01,460841,dbscan_fusion,050,container,bottle,base,base,container_base/left/01,0.0,0.0,0.0013697066544914964,0.0,wrong_unique,wrong_unique,Not inferable from routing CSV alone; requires candidate lineage/stage trace
old37,old37__bottle__u01,bottle__u01,460841,hpid_split_group_ids,025,container,bottle,base,base,object_001/container_base/002,0.0,0.0,0.0008669267446900737,0.0,wrong_unique,wrong_unique,Not inferable from routing CSV alone; requires candidate lineage/stage trace
old37,old37__bottle__u01,bottle__u01,460841,hpid_split_group_ids,050,container,bottle,base,base,object_001/container_base/002,0.0,0.0,0.0008669267446900737,0.0,wrong_unique,wrong_unique,Not inferable from routing CSV alone; requires candidate lineage/stage trace
old37,old37__handbag__u01,handbag__u01,475995,raw_proposals,050,container,handbag,rim,opening,proposal/0004,0.3705229793977813,0.3705229793977813,0.3705229793977813,0.0,wrong_unique,wrong_unique,Not inferable from routing CSV alone; requires candidate lineage/stage trace
old37,old37__handbag__u01,handbag__u01,475995,greedy_nms,050,container,handbag,rim,opening,container_opening/left/01,0.3705229793977813,0.3705229793977813,0.3705229793977813,0.0,wrong_unique,wrong_unique,Not inferable from routing CSV alone; requires candidate lineage/stage trace
old37,old37__handbag__u01,handbag__u01,475995,dbscan_fusion,050,container,handbag,rim,opening,container_opening/left/01,0.3705229793977813,0.3705229793977813,0.3705229793977813,0.0,wrong_unique,wrong_unique,Not inferable from routing CSV alone; requires candidate lineage/stage trace
old37,old37__handbag__u01,handbag__u01,475995,hpid_split_group_ids,050,container,handbag,rim,opening,object_001/container_opening/003,0.3045513654096229,0.3045513654096229,0.3045513654096229,0.0,wrong_unique,wrong_unique,Not inferable from routing CSV alone; requires candidate lineage/stage trace
old37,old37__telephone__u01,telephone__u01,523919,raw_proposals,025,device,telephone,bezel,bezel,proposal/0007,0.1219901132195822,0.1219901132195822,0.6708160442600276,1.0,wrong_unique,wrong_unique,Not inferable from routing CSV alone; requires candidate lineage/stage trace
old37,old37__telephone__u01,telephone__u01,523919,raw_proposals,050,device,telephone,bezel,bezel,proposal/0007,0.1219901132195822,0.1219901132195822,0.6708160442600276,1.0,wrong_unique,wrong_unique,Not inferable from routing CSV alone; requires candidate lineage/stage trace
old37,old37__telephone__u01,telephone__u01,523919,dbscan_fusion,025,device,telephone,bezel,bezel,device_bezel/left/01,0.019124308002013084,0.019124308002013084,0.6596806387225549,1.0,wrong_unique,wrong_unique,Not inferable from routing CSV alone; requires candidate lineage/stage trace
old37,old37__telephone__u01,telephone__u01,523919,dbscan_fusion,050,device,telephone,bezel,bezel,device_bezel/left/01,0.019124308002013084,0.019124308002013084,0.6596806387225549,1.0,wrong_unique,wrong_unique,Not inferable from routing CSV alone; requires candidate lineage/stage trace
old37,old37__telephone__u01,telephone__u01,523919,hpid_split_group_ids,025,device,telephone,bezel,bezel,object_001/device_bezel/010,0.04061291282356441,0.04061291282356441,0.5939245030154121,1.0,wrong_unique,wrong_unique,Not inferable from routing CSV alone; requires candidate lineage/stage trace
old37,old37__telephone__u01,telephone__u01,523919,hpid_split_group_ids,050,device,telephone,bezel,bezel,object_001/device_bezel/010,0.04061291282356441,0.04061291282356441,0.5939245030154121,1.0,wrong_unique,wrong_unique,Not inferable from routing CSV alone; requires candidate lineage/stage trace
old37,old37__pliers__u01,pliers__u01,528119,local_pairwise_crf,025,tool_prop,pliers,blade,jaw,tool_prop_jaw/left/01,0.0,0.0,0.0,0.0,ambiguous,ambiguous,Not inferable from routing CSV alone; requires candidate lineage/stage trace
old37,old37__pliers__u01,pliers__u01,528119,local_pairwise_crf,050,tool_prop,pliers,blade,jaw,tool_prop_jaw/left/01,0.0,0.0,0.0,0.0,ambiguous,ambiguous,Not inferable from routing CSV alone; requires candidate lineage/stage trace
old37,old37__screwdriver__u01,screwdriver__u01,537081,raw_proposals,025,tool_prop,knife,blade,blade,proposal/0002,0.0053810239772097805,0.0053810239772097805,0.7717272925288609,1.0,wrong_unique,wrong_unique,Not inferable from routing CSV alone; requires candidate lineage/stage trace
old37,old37__screwdriver__u01,screwdriver__u01,537081,raw_proposals,050,tool_prop,knife,blade,blade,proposal/0002,0.0053810239772097805,0.0053810239772097805,0.7717272925288609,1.0,wrong_unique,wrong_unique,Not inferable from routing CSV alone; requires candidate lineage/stage trace
old37,old37__screwdriver__u01,screwdriver__u01,537081,greedy_nms,025,tool_prop,knife,blade,blade,tool_prop_blade/right/01,0.0053810239772097805,0.0053810239772097805,0.7717272925288609,1.0,wrong_unique,wrong_unique,Not inferable from routing CSV alone; requires candidate lineage/stage trace
old37,old37__screwdriver__u01,screwdriver__u01,537081,greedy_nms,050,tool_prop,knife,blade,blade,tool_prop_blade/right/01,0.0053810239772097805,0.0053810239772097805,0.7717272925288609,1.0,wrong_unique,wrong_unique,Not inferable from routing CSV alone; requires candidate lineage/stage trace
old37,old37__screwdriver__u01,screwdriver__u01,537081,dbscan_fusion,025,tool_prop,knife,blade,blade,tool_prop_blade/right/01,0.0053810239772097805,0.0053810239772097805,0.7717272925288609,1.0,wrong_unique,wrong_unique,Not inferable from routing CSV alone; requires candidate lineage/stage trace
old37,old37__screwdriver__u01,screwdriver__u01,537081,dbscan_fusion,050,tool_prop,knife,blade,blade,tool_prop_blade/right/01,0.0053810239772097805,0.0053810239772097805,0.7717272925288609,1.0,wrong_unique,wrong_unique,Not inferable from routing CSV alone; requires candidate lineage/stage trace
old37,old37__screwdriver__u01,screwdriver__u01,537081,hpid_split_group_ids,025,tool_prop,knife,blade,blade,object_001/tool_prop_blade,0.012989057702904826,0.012989057702904826,0.8459065580797257,1.0,wrong_unique,wrong_unique,Not inferable from routing CSV alone; requires candidate lineage/stage trace
old37,old37__screwdriver__u01,screwdriver__u01,537081,hpid_split_group_ids,050,tool_prop,knife,blade,blade,object_001/tool_prop_blade,0.012989057702904826,0.012989057702904826,0.8459065580797257,1.0,wrong_unique,wrong_unique,Not inferable from routing CSV alone; requires candidate lineage/stage trace
old37,old37__laptop_computer__u01,laptop_computer__u01,578775,greedy_nms,050,device,laptop_computer,keyboard,keyboard,device_keyboard/right/01,0.4462025316455696,0.4462025316455696,0.4462025316455696,0.0,ambiguous,correct_unique,Not inferable from routing CSV alone; requires candidate lineage/stage trace
old37,old37__laptop_computer__u01,laptop_computer__u01,578775,dbscan_fusion,050,device,laptop_computer,keyboard,keyboard,device_keyboard/right/01,0.4462025316455696,0.4462025316455696,0.4462025316455696,0.0,ambiguous,correct_unique,Not inferable from routing CSV alone; requires candidate lineage/stage trace
old37,old37__laptop_computer__u01,laptop_computer__u01,578775,local_pairwise_crf,050,device,laptop_computer,keyboard,keyboard,device_keyboard/right/01,0.44622820645606764,0.44622820645606764,0.44622820645606764,0.0,ambiguous,correct_unique,Not inferable from routing CSV alone; requires candidate lineage/stage trace
old37,old37__car_automobile__u01,car_automobile__u01,67616,raw_proposals,050,vehicle,car_(automobile),bumper,bumper,proposal/0016,0.33196814562002275,0.33196814562002275,0.33196814562002275,0.0,wrong_unique,wrong_unique,Not inferable from routing CSV alone; requires candidate lineage/stage trace
old37,old37__car_automobile__u01,car_automobile__u01,67616,dbscan_fusion,050,vehicle,car_(automobile),bumper,bumper,vehicle_bumper/left/01,0.36296859169199597,0.36296859169199597,0.36296859169199597,0.0,wrong_unique,wrong_unique,Not inferable from routing CSV alone; requires candidate lineage/stage trace
old37,old37__car_automobile__u01,car_automobile__u01,67616,local_pairwise_crf,050,vehicle,car_(automobile),bumper,bumper,vehicle_bumper/left/01,0.34777070063694265,0.34777070063694265,0.34777070063694265,0.0,wrong_unique,wrong_unique,Not inferable from routing CSV alone; requires candidate lineage/stage trace
old37,old37__car_automobile__u01,car_automobile__u01,67616,hpid_split_group_ids,050,vehicle,car_(automobile),bumper,bumper,object_001/vehicle_bumper/002,0.36352169525731587,0.36352169525731587,0.36352169525731587,0.0,wrong_unique,wrong_unique,Not inferable from routing CSV alone; requires candidate lineage/stage trace
old37,old37__clock__u01,clock__u01,72989,raw_proposals,050,device,clock,case,body,proposal/0001,0.37645695668135093,0.37645695668135093,0.37645695668135093,0.0,wrong_unique,wrong_unique,Not inferable from routing CSV alone; requires candidate lineage/stage trace
old37,old37__clock__u01,clock__u01,72989,dbscan_fusion,050,device,clock,case,body,device/left/01,0.34528089639808546,0.34528089639808546,0.38827848864290215,0.0,wrong_unique,wrong_unique,Not inferable from routing CSV alone; requires candidate lineage/stage trace
old37,old37__clock__u01,clock__u01,72989,hpid_split_group_ids,050,device,clock,case,body,object_001/device_body,0.4225673296192593,0.4225673296192593,0.4225673296192593,0.0,wrong_unique,wrong_unique,Not inferable from routing CSV alone; requires candidate lineage/stage trace
old37,old37__glass_drink_container__u01,glass_drink_container__u01,85089,raw_proposals,025,container,glass_(drink_container),base,base,proposal/0004,0.0,0.0,0.0,0.0,wrong_unique,unresolved,Not inferable from routing CSV alone; requires candidate lineage/stage trace
old37,old37__glass_drink_container__u01,glass_drink_container__u01,85089,raw_proposals,050,container,glass_(drink_container),base,base,proposal/0004,0.0,0.0,0.0,0.0,wrong_unique,unresolved,Not inferable from routing CSV alone; requires candidate lineage/stage trace
old37,old37__glass_drink_container__u01,glass_drink_container__u01,85089,dbscan_fusion,025,container,glass_(drink_container),base,base,container_base/right/01,0.0,0.0,0.0,0.0,wrong_unique,unresolved,Not inferable from routing CSV alone; requires candidate lineage/stage trace
old37,old37__glass_drink_container__u01,glass_drink_container__u01,85089,dbscan_fusion,050,container,glass_(drink_container),base,base,container_base/right/01,0.0,0.0,0.0,0.0,wrong_unique,unresolved,Not inferable from routing CSV alone; requires candidate lineage/stage trace
old37,old37__glass_drink_container__u01,glass_drink_container__u01,85089,local_pairwise_crf,025,container,glass_(drink_container),base,base,container_base/right/01,0.0,0.0,0.0,0.0,wrong_unique,unresolved,Not inferable from routing CSV alone; requires candidate lineage/stage trace
old37,old37__glass_drink_container__u01,glass_drink_container__u01,85089,local_pairwise_crf,050,container,glass_(drink_container),base,base,container_base/right/01,0.0,0.0,0.0,0.0,wrong_unique,unresolved,Not inferable from routing CSV alone; requires candidate lineage/stage trace
new216,new216__spoon__04,spoon__04,106557,greedy_nms,025,tool_prop,spoon,bowl,bowl,tool_prop_bowl/right/01,0.0,0.0,0.5553455723542117,1.0,ambiguous,wrong_unique,Not inferable from routing CSV alone; requires candidate lineage/stage trace
new216,new216__spoon__04,spoon__04,106557,greedy_nms,050,tool_prop,spoon,bowl,bowl,tool_prop_bowl/right/01,0.0,0.0,0.5553455723542117,1.0,ambiguous,wrong_unique,Not inferable from routing CSV alone; requires candidate lineage/stage trace
new216,new216__spoon__04,spoon__04,106557,dbscan_fusion,025,tool_prop,spoon,bowl,bowl,tool_prop_bowl/right/01,0.0,0.0,0.5553455723542117,1.0,ambiguous,wrong_unique,Not inferable from routing CSV alone; requires candidate lineage/stage trace
new216,new216__spoon__04,spoon__04,106557,dbscan_fusion,050,tool_prop,spoon,bowl,bowl,tool_prop_bowl/right/01,0.0,0.0,0.5553455723542117,1.0,ambiguous,wrong_unique,Not inferable from routing CSV alone; requires candidate lineage/stage trace
new216,new216__spoon__04,spoon__04,106557,local_pairwise_crf,025,tool_prop,spoon,bowl,bowl,tool_prop_bowl/right/01,0.0,0.0,0.5702800110895481,1.0,ambiguous,wrong_unique,Not inferable from routing CSV alone; requires candidate lineage/stage trace
new216,new216__spoon__04,spoon__04,106557,local_pairwise_crf,050,tool_prop,spoon,bowl,bowl,tool_prop_bowl/right/01,0.0,0.0,0.5702800110895481,1.0,ambiguous,wrong_unique,Not inferable from routing CSV alone; requires candidate lineage/stage trace
new216,new216__spoon__04,spoon__04,106557,hpid_split_group_ids,025,tool_prop,spoon,bowl,bowl,object_001/tool_prop_bowl/002,0.17488599003075617,0.17488599003075617,0.17488599003075617,0.0,ambiguous,wrong_unique,Not inferable from routing CSV alone; requires candidate lineage/stage trace
new216,new216__spoon__04,spoon__04,106557,hpid_split_group_ids,050,tool_prop,spoon,bowl,bowl,object_001/tool_prop_bowl/002,0.17488599003075617,0.17488599003075617,0.17488599003075617,0.0,ambiguous,wrong_unique,Not inferable from routing CSV alone; requires candidate lineage/stage trace
new216,new216__watch__01,watch__01,120420,raw_proposals,025,device,watch,case,body,proposal/0001,0.09196499602227526,0.09196499602227526,0.7275280898876404,1.0,wrong_unique,wrong_unique,Not inferable from routing CSV alone; requires candidate lineage/stage trace
new216,new216__watch__01,watch__01,120420,raw_proposals,050,device,watch,case,body,proposal/0001,0.09196499602227526,0.09196499602227526,0.7275280898876404,1.0,wrong_unique,wrong_unique,Not inferable from routing CSV alone; requires candidate lineage/stage trace
new216,new216__watch__01,watch__01,120420,greedy_nms,025,device,watch,case,body,device/left/01,0.0029356818788364024,0.0029356818788364024,0.2109375,0.0,wrong_unique,wrong_unique,Not inferable from routing CSV alone; requires candidate lineage/stage trace
new216,new216__watch__01,watch__01,120420,greedy_nms,050,device,watch,case,body,device/left/01,0.0029356818788364024,0.0029356818788364024,0.2109375,0.0,wrong_unique,wrong_unique,Not inferable from routing CSV alone; requires candidate lineage/stage trace
new216,new216__watch__01,watch__01,120420,dbscan_fusion,025,device,watch,case,body,device/left/01,0.002925531914893617,0.002925531914893617,0.21166791323859388,0.0,wrong_unique,wrong_unique,Not inferable from routing CSV alone; requires candidate lineage/stage trace
new216,new216__watch__01,watch__01,120420,dbscan_fusion,050,device,watch,case,body,device/left/01,0.002925531914893617,0.002925531914893617,0.21166791323859388,0.0,wrong_unique,wrong_unique,Not inferable from routing CSV alone; requires candidate lineage/stage trace
new216,new216__watch__01,watch__01,120420,hpid_split_group_ids,025,device,watch,case,body,object_001/device_body,0.0021101992966002345,0.0021101992966002345,0.662807525325615,1.0,wrong_unique,wrong_unique,Not inferable from routing CSV alone; requires candidate lineage/stage trace
new216,new216__watch__01,watch__01,120420,hpid_split_group_ids,050,device,watch,case,body,object_001/device_body,0.0021101992966002345,0.0021101992966002345,0.662807525325615,1.0,wrong_unique,wrong_unique,Not inferable from routing CSV alone; requires candidate lineage/stage trace
new216,new216__television_set__02,television_set__02,131131,raw_proposals,050,device,television_set,side,side_panel,proposal/0005,0.2583539729587072,0.2583539729587072,0.2919823404371287,0.0,wrong_unique,unresolved,Not inferable from routing CSV alone; requires candidate lineage/stage trace
new216,new216__television_set__02,television_set__02,131131,dbscan_fusion,025,device,television_set,side,side_panel,device_side_panel/left/01,0.1797591153861964,0.1797591153861964,0.2919823404371287,1.0,correct_unique,unresolved,Not inferable from routing CSV alone; requires candidate lineage/stage trace
new216,new216__television_set__02,television_set__02,131131,dbscan_fusion,050,device,television_set,side,side_panel,device_side_panel/left/01,0.1797591153861964,0.1797591153861964,0.2919823404371287,0.0,wrong_unique,unresolved,Not inferable from routing CSV alone; requires candidate lineage/stage trace
new216,new216__television_set__02,television_set__02,131131,local_pairwise_crf,025,device,television_set,side,side_panel,device_side_panel/left/01,0.17967369416019396,0.17967369416019396,0.2919823404371287,1.0,correct_unique,unresolved,Not inferable from routing CSV alone; requires candidate lineage/stage trace
new216,new216__television_set__02,television_set__02,131131,local_pairwise_crf,050,device,television_set,side,side_panel,device_side_panel/left/01,0.17967369416019396,0.17967369416019396,0.2919823404371287,0.0,wrong_unique,unresolved,Not inferable from routing CSV alone; requires candidate lineage/stage trace
new216,new216__car_automobile__01,car_automobile__01,150137,raw_proposals,025,vehicle,car_(automobile),fender,fender,proposal/0010,0.0,0.0,0.16441724808418162,0.0,wrong_unique,unresolved,Not inferable from routing CSV alone; requires candidate lineage/stage trace
new216,new216__car_automobile__01,car_automobile__01,150137,raw_proposals,050,vehicle,car_(automobile),fender,fender,proposal/0010,0.0,0.0,0.16441724808418162,0.0,wrong_unique,unresolved,Not inferable from routing CSV alone; requires candidate lineage/stage trace
new216,new216__bucket__03,bucket__03,161222,hpid_split_group_ids,025,container,bucket,inner_body,inner,object_001/container_inner/007,0.06011291929591498,0.06011291929591498,0.8497409326424871,1.0,correct_unique,wrong_unique,Not inferable from routing CSV alone; requires candidate lineage/stage trace
new216,new216__bucket__03,bucket__03,161222,hpid_split_group_ids,050,container,bucket,inner_body,inner,object_001/container_inner/007,0.06011291929591498,0.06011291929591498,0.8497409326424871,1.0,correct_unique,wrong_unique,Not inferable from routing CSV alone; requires candidate lineage/stage trace
new216,new216__bicycle__03,bicycle__03,174482,hpid_split_group_ids,050,vehicle,bicycle,saddle,seat,object_001/vehicle_seat/004,0.3219087793303454,0.3219087793303454,0.3219087793303454,0.0,correct_unique,wrong_unique,Not inferable from routing CSV alone; requires candidate lineage/stage trace
new216,new216__sweater__04,sweater__04,175781,greedy_nms,025,daily_object,sweater,sleeve,sleeve,daily_object_sleeve/center/01,0.0049056042812546455,0.0049056042812546455,0.3268867238621492,1.0,ambiguous,ambiguous,Not inferable from routing CSV alone; requires candidate lineage/stage trace
new216,new216__sweater__04,sweater__04,175781,greedy_nms,050,daily_object,sweater,sleeve,sleeve,daily_object_sleeve/center/01,0.0049056042812546455,0.0049056042812546455,0.3268867238621492,0.0,ambiguous,ambiguous,Not inferable from routing CSV alone; requires candidate lineage/stage trace
new216,new216__sweater__04,sweater__04,175781,dbscan_fusion,025,daily_object,sweater,sleeve,sleeve,daily_object_sleeve/left/01,0.008426558186837135,0.008426558186837135,0.3268867238621492,1.0,ambiguous,ambiguous,Not inferable from routing CSV alone; requires candidate lineage/stage trace
new216,new216__sweater__04,sweater__04,175781,dbscan_fusion,050,daily_object,sweater,sleeve,sleeve,daily_object_sleeve/left/01,0.008426558186837135,0.008426558186837135,0.3268867238621492,0.0,ambiguous,ambiguous,Not inferable from routing CSV alone; requires candidate lineage/stage trace
new216,new216__box__02,box__02,179037,local_pairwise_crf,050,container,box,inner_side,side,container_side/left/01,0.4390393146703381,0.4390393146703381,0.4390393146703381,0.0,ambiguous,ambiguous,Not inferable from routing CSV alone; requires candidate lineage/stage trace
new216,new216__hat__03,hat__03,185989,raw_proposals,050,daily_object,hat,visor,visor,proposal/0004,0.43987587276958884,0.43987587276958884,0.43987587276958884,0.0,wrong_unique,wrong_unique,Not inferable from routing CSV alone; requires candidate lineage/stage trace
new216,new216__hat__03,hat__03,185989,greedy_nms,050,daily_object,hat,visor,visor,daily_object_visor/right/01,0.43987587276958884,0.43987587276958884,0.43987587276958884,0.0,wrong_unique,wrong_unique,Not inferable from routing CSV alone; requires candidate lineage/stage trace
new216,new216__hat__03,hat__03,185989,dbscan_fusion,050,daily_object,hat,visor,visor,daily_object_visor/right/01,0.43987587276958884,0.43987587276958884,0.43987587276958884,0.0,wrong_unique,wrong_unique,Not inferable from routing CSV alone; requires candidate lineage/stage trace
new216,new216__hat__03,hat__03,185989,local_pairwise_crf,050,daily_object,hat,visor,visor,daily_object_visor/right/01,0.43987587276958884,0.43987587276958884,0.43987587276958884,0.0,wrong_unique,wrong_unique,Not inferable from routing CSV alone; requires candidate lineage/stage trace
new216,new216__hat__03,hat__03,185989,hpid_split_group_ids,025,daily_object,hat,visor,visor,object_001/daily_object_visor/005,0.025361330788110172,0.025361330788110172,0.29420061395503194,1.0,correct_unique,wrong_unique,Not inferable from routing CSV alone; requires candidate lineage/stage trace
new216,new216__hat__03,hat__03,185989,hpid_split_group_ids,050,daily_object,hat,visor,visor,object_001/daily_object_visor/005,0.025361330788110172,0.025361330788110172,0.29420061395503194,0.0,wrong_unique,wrong_unique,Not inferable from routing CSV alone; requires candidate lineage/stage trace
new216,new216__microwave_oven__03,microwave_oven__03,189694,dbscan_fusion,025,device,microwave_oven,side,side_panel,device_side_panel/right/01,0.0,0.0,0.3082209543568465,1.0,ambiguous,unresolved,Not inferable from routing CSV alone; requires candidate lineage/stage trace
new216,new216__microwave_oven__03,microwave_oven__03,189694,dbscan_fusion,050,device,microwave_oven,side,side_panel,device_side_panel/right/01,0.0,0.0,0.3082209543568465,0.0,ambiguous,unresolved,Not inferable from routing CSV alone; requires candidate lineage/stage trace
new216,new216__microwave_oven__03,microwave_oven__03,189694,local_pairwise_crf,025,device,microwave_oven,side,side_panel,device_side_panel/right/01,0.005165851005981512,0.005165851005981512,0.2921760391198044,1.0,ambiguous,unresolved,Not inferable from routing CSV alone; requires candidate lineage/stage trace
new216,new216__microwave_oven__03,microwave_oven__03,189694,local_pairwise_crf,050,device,microwave_oven,side,side_panel,device_side_panel/right/01,0.005165851005981512,0.005165851005981512,0.2921760391198044,0.0,ambiguous,unresolved,Not inferable from routing CSV alone; requires candidate lineage/stage trace
new216,new216__microwave_oven__04,microwave_oven__04,192410,greedy_nms,025,device,microwave_oven,side,side_panel,device_side_panel/right/01,0.0,0.0,0.24407894736842106,0.0,ambiguous,unresolved,Not inferable from routing CSV alone; requires candidate lineage/stage trace
new216,new216__microwave_oven__04,microwave_oven__04,192410,greedy_nms,050,device,microwave_oven,side,side_panel,device_side_panel/right/01,0.0,0.0,0.24407894736842106,0.0,ambiguous,unresolved,Not inferable from routing CSV alone; requires candidate lineage/stage trace
new216,new216__microwave_oven__04,microwave_oven__04,192410,dbscan_fusion,025,device,microwave_oven,side,side_panel,device_side_panel/right/01,0.0,0.0,0.2494536896957472,0.0,ambiguous,unresolved,Not inferable from routing CSV alone; requires candidate lineage/stage trace
new216,new216__microwave_oven__04,microwave_oven__04,192410,dbscan_fusion,050,device,microwave_oven,side,side_panel,device_side_panel/right/01,0.0,0.0,0.2494536896957472,0.0,ambiguous,unresolved,Not inferable from routing CSV alone; requires candidate lineage/stage trace
new216,new216__microwave_oven__04,microwave_oven__04,192410,local_pairwise_crf,025,device,microwave_oven,side,side_panel,device_side_panel/right/01,0.0,0.0,0.2485345838218054,0.0,ambiguous,unresolved,Not inferable from routing CSV alone; requires candidate lineage/stage trace
new216,new216__microwave_oven__04,microwave_oven__04,192410,local_pairwise_crf,050,device,microwave_oven,side,side_panel,device_side_panel/right/01,0.0,0.0,0.2485345838218054,0.0,ambiguous,unresolved,Not inferable from routing CSV alone; requires candidate lineage/stage trace
new216,new216__telephone__02,telephone__02,198561,raw_proposals,025,device,telephone,back_cover,back_panel,proposal/0003,0.060597675705589375,0.060597675705589375,0.2752173506590633,1.0,wrong_unique,unresolved,Not inferable from routing CSV alone; requires candidate lineage/stage trace
new216,new216__telephone__02,telephone__02,198561,raw_proposals,050,device,telephone,back_cover,back_panel,proposal/0003,0.060597675705589375,0.060597675705589375,0.2752173506590633,0.0,wrong_unique,unresolved,Not inferable from routing CSV alone; requires candidate lineage/stage trace
new216,new216__telephone__02,telephone__02,198561,greedy_nms,025,device,telephone,back_cover,back_panel,device_back_panel/left/01,0.060597675705589375,0.060597675705589375,0.2726363181590795,1.0,wrong_unique,unresolved,Not inferable from routing CSV alone; requires candidate lineage/stage trace
new216,new216__telephone__02,telephone__02,198561,greedy_nms,050,device,telephone,back_cover,back_panel,device_back_panel/left/01,0.060597675705589375,0.060597675705589375,0.2726363181590795,0.0,wrong_unique,unresolved,Not inferable from routing CSV alone; requires candidate lineage/stage trace
new216,new216__telephone__02,telephone__02,198561,dbscan_fusion,025,device,telephone,back_cover,back_panel,device_back_panel/left/01,0.060597675705589375,0.060597675705589375,0.371810615363624,1.0,wrong_unique,unresolved,Not inferable from routing CSV alone; requires candidate lineage/stage trace
new216,new216__telephone__02,telephone__02,198561,dbscan_fusion,050,device,telephone,back_cover,back_panel,device_back_panel/left/01,0.060597675705589375,0.060597675705589375,0.371810615363624,0.0,wrong_unique,unresolved,Not inferable from routing CSV alone; requires candidate lineage/stage trace
new216,new216__telephone__02,telephone__02,198561,local_pairwise_crf,025,device,telephone,back_cover,back_panel,device_back_panel/left/01,0.060597675705589375,0.060597675705589375,0.3639155982905983,1.0,wrong_unique,unresolved,Not inferable from routing CSV alone; requires candidate lineage/stage trace
new216,new216__telephone__02,telephone__02,198561,local_pairwise_crf,050,device,telephone,back_cover,back_panel,device_back_panel/left/01,0.060597675705589375,0.060597675705589375,0.3639155982905983,0.0,wrong_unique,unresolved,Not inferable from routing CSV alone; requires candidate lineage/stage trace
new216,new216__glass_drink_container__03,glass_drink_container__03,202609,hpid_split_group_ids,050,container,glass_(drink_container),base,base,object_001/container_base/002,0.27092457420924576,0.27092457420924576,0.27092457420924576,0.0,correct_unique,wrong_unique,Not inferable from routing CSV alone; requires candidate lineage/stage trace
new216,new216__bicycle__04,bicycle__04,20342,greedy_nms,050,vehicle,bicycle,handlebar,handlebar,vehicle_handlebar/right/01,0.307991619275666,0.307991619275666,0.307991619275666,0.0,ambiguous,correct_unique,Not inferable from routing CSV alone; requires candidate lineage/stage trace
new216,new216__bicycle__04,bicycle__04,20342,dbscan_fusion,050,vehicle,bicycle,handlebar,handlebar,vehicle_handlebar/right/01,0.307991619275666,0.307991619275666,0.307991619275666,0.0,ambiguous,correct_unique,Not inferable from routing CSV alone; requires candidate lineage/stage trace
new216,new216__bicycle__04,bicycle__04,20342,local_pairwise_crf,050,vehicle,bicycle,handlebar,handlebar,vehicle_handlebar/right/01,0.3113969488483398,0.3113969488483398,0.3113969488483398,0.0,ambiguous,correct_unique,Not inferable from routing CSV alone; requires candidate lineage/stage trace
new216,new216__plastic_bag__01,plastic_bag__01,205861,raw_proposals,025,container,plastic_bag,body,body,proposal/0001,0.06445542225358739,0.06445542225358739,0.07603503184713375,0.0,wrong_unique,wrong_unique,Not inferable from routing CSV alone; requires candidate lineage/stage trace
new216,new216__plastic_bag__01,plastic_bag__01,205861,raw_proposals,050,container,plastic_bag,body,body,proposal/0001,0.06445542225358739,0.06445542225358739,0.07603503184713375,0.0,wrong_unique,wrong_unique,Not inferable from routing CSV alone; requires candidate lineage/stage trace
new216,new216__plastic_bag__01,plastic_bag__01,205861,greedy_nms,025,container,plastic_bag,body,body,container/left/01,0.13933601609657947,0.13933601609657947,0.13933601609657947,0.0,wrong_unique,wrong_unique,Not inferable from routing CSV alone; requires candidate lineage/stage trace
new216,new216__plastic_bag__01,plastic_bag__01,205861,greedy_nms,050,container,plastic_bag,body,body,container/left/01,0.13933601609657947,0.13933601609657947,0.13933601609657947,0.0,wrong_unique,wrong_unique,Not inferable from routing CSV alone; requires candidate lineage/stage trace
new216,new216__plastic_bag__01,plastic_bag__01,205861,dbscan_fusion,025,container,plastic_bag,body,body,container/left/01,0.13933601609657947,0.13933601609657947,0.13933601609657947,0.0,wrong_unique,wrong_unique,Not inferable from routing CSV alone; requires candidate lineage/stage trace
new216,new216__plastic_bag__01,plastic_bag__01,205861,dbscan_fusion,050,container,plastic_bag,body,body,container/left/01,0.13933601609657947,0.13933601609657947,0.13933601609657947,0.0,wrong_unique,wrong_unique,Not inferable from routing CSV alone; requires candidate lineage/stage trace
new216,new216__plastic_bag__01,plastic_bag__01,205861,hpid_split_group_ids,025,container,plastic_bag,body,body,object_001/container_body,0.15856160250995535,0.15856160250995535,0.15856160250995535,0.0,wrong_unique,wrong_unique,Not inferable from routing CSV alone; requires candidate lineage/stage trace
new216,new216__plastic_bag__01,plastic_bag__01,205861,hpid_split_group_ids,050,container,plastic_bag,body,body,object_001/container_body,0.15856160250995535,0.15856160250995535,0.15856160250995535,0.0,wrong_unique,wrong_unique,Not inferable from routing CSV alone; requires candidate lineage/stage trace
new216,new216__book__02,book__02,217859,raw_proposals,025,daily_object,book,page,page,proposal/0002,0.007678854457014811,0.007678854457014811,0.050449157251342844,0.0,wrong_unique,unresolved,Not inferable from routing CSV alone; requires candidate lineage/stage trace
new216,new216__book__02,book__02,217859,raw_proposals,050,daily_object,book,page,page,proposal/0002,0.007678854457014811,0.007678854457014811,0.050449157251342844,0.0,wrong_unique,unresolved,Not inferable from routing CSV alone; requires candidate lineage/stage trace
new216,new216__book__02,book__02,217859,greedy_nms,025,daily_object,book,page,page,daily_object_page/center/01,0.007678854457014811,0.007678854457014811,0.21592718998862342,0.0,wrong_unique,unresolved,Not inferable from routing CSV alone; requires candidate lineage/stage trace
new216,new216__book__02,book__02,217859,greedy_nms,050,daily_object,book,page,page,daily_object_page/center/01,0.007678854457014811,0.007678854457014811,0.21592718998862342,0.0,wrong_unique,unresolved,Not inferable from routing CSV alone; requires candidate lineage/stage trace
new216,new216__book__02,book__02,217859,dbscan_fusion,025,daily_object,book,page,page,daily_object_page/center/01,0.007678854457014811,0.007678854457014811,0.21592718998862342,0.0,wrong_unique,unresolved,Not inferable from routing CSV alone; requires candidate lineage/stage trace
new216,new216__book__02,book__02,217859,dbscan_fusion,050,daily_object,book,page,page,daily_object_page/center/01,0.007678854457014811,0.007678854457014811,0.21592718998862342,0.0,wrong_unique,unresolved,Not inferable from routing CSV alone; requires candidate lineage/stage trace
new216,new216__mug__01,mug__01,218205,local_pairwise_crf,050,container,mug,drawing,label,container_label/left/01,0.32918481642812697,0.32918481642812697,0.32918481642812697,0.0,ambiguous,ambiguous,Not inferable from routing CSV alone; requires candidate lineage/stage trace
new216,new216__towel__01,towel__01,228817,raw_proposals,025,daily_object,towel,terry_bar,terry_bar,proposal/0005,0.1278527607361963,0.1278527607361963,0.1278527607361963,0.0,wrong_unique,wrong_unique,Not inferable from routing CSV alone; requires candidate lineage/stage trace
new216,new216__towel__01,towel__01,228817,raw_proposals,050,daily_object,towel,terry_bar,terry_bar,proposal/0005,0.1278527607361963,0.1278527607361963,0.1278527607361963,0.0,wrong_unique,wrong_unique,Not inferable from routing CSV alone; requires candidate lineage/stage trace
new216,new216__towel__01,towel__01,228817,greedy_nms,025,daily_object,towel,terry_bar,terry_bar,daily_object_terry_bar/right/01,0.1278527607361963,0.1278527607361963,0.1278527607361963,0.0,wrong_unique,wrong_unique,Not inferable from routing CSV alone; requires candidate lineage/stage trace
new216,new216__towel__01,towel__01,228817,greedy_nms,050,daily_object,towel,terry_bar,terry_bar,daily_object_terry_bar/right/01,0.1278527607361963,0.1278527607361963,0.1278527607361963,0.0,wrong_unique,wrong_unique,Not inferable from routing CSV alone; requires candidate lineage/stage trace
new216,new216__towel__01,towel__01,228817,dbscan_fusion,025,daily_object,towel,terry_bar,terry_bar,daily_object_terry_bar/right/01,0.1278527607361963,0.1278527607361963,0.1278527607361963,0.0,wrong_unique,wrong_unique,Not inferable from routing CSV alone; requires candidate lineage/stage trace
new216,new216__towel__01,towel__01,228817,dbscan_fusion,050,daily_object,towel,terry_bar,terry_bar,daily_object_terry_bar/right/01,0.1278527607361963,0.1278527607361963,0.1278527607361963,0.0,wrong_unique,wrong_unique,Not inferable from routing CSV alone; requires candidate lineage/stage trace
new216,new216__towel__01,towel__01,228817,local_pairwise_crf,025,daily_object,towel,terry_bar,terry_bar,daily_object_terry_bar/right/01,0.12747307788630102,0.12747307788630102,0.12747307788630102,0.0,wrong_unique,wrong_unique,Not inferable from routing CSV alone; requires candidate lineage/stage trace
new216,new216__towel__01,towel__01,228817,local_pairwise_crf,050,daily_object,towel,terry_bar,terry_bar,daily_object_terry_bar/right/01,0.12747307788630102,0.12747307788630102,0.12747307788630102,0.0,wrong_unique,wrong_unique,Not inferable from routing CSV alone; requires candidate lineage/stage trace
new216,new216__towel__01,towel__01,228817,hpid_split_group_ids,025,daily_object,towel,terry_bar,terry_bar,object_001/daily_object_terry_bar/003,0.0920353982300885,0.0920353982300885,0.0920353982300885,0.0,wrong_unique,wrong_unique,Not inferable from routing CSV alone; requires candidate lineage/stage trace
new216,new216__towel__01,towel__01,228817,hpid_split_group_ids,050,daily_object,towel,terry_bar,terry_bar,object_001/daily_object_terry_bar/003,0.0920353982300885,0.0920353982300885,0.0920353982300885,0.0,wrong_unique,wrong_unique,Not inferable from routing CSV alone; requires candidate lineage/stage trace
new216,new216__chair__03,chair__03,235268,greedy_nms,025,furniture,chair,leg,leg,furniture_leg/left/01,0.0,0.0,0.24920863309352517,0.0,ambiguous,ambiguous,Not inferable from routing CSV alone; requires candidate lineage/stage trace
new216,new216__chair__03,chair__03,235268,greedy_nms,050,furniture,chair,leg,leg,furniture_leg/left/01,0.0,0.0,0.24920863309352517,0.0,ambiguous,ambiguous,Not inferable from routing CSV alone; requires candidate lineage/stage trace
new216,new216__chair__03,chair__03,235268,local_pairwise_crf,025,furniture,chair,leg,leg,furniture_leg/left/01,0.0,0.0,0.4679724722075172,1.0,ambiguous,ambiguous,Not inferable from routing CSV alone; requires candidate lineage/stage trace
new216,new216__chair__03,chair__03,235268,local_pairwise_crf,050,furniture,chair,leg,leg,furniture_leg/left/01,0.0,0.0,0.4679724722075172,0.0,ambiguous,ambiguous,Not inferable from routing CSV alone; requires candidate lineage/stage trace
new216,new216__scissors__03,scissors__03,239882,raw_proposals,025,tool_prop,scissors,handle,handle,proposal/0004,0.001899984800121599,0.001899984800121599,0.2143142343781194,0.0,wrong_unique,wrong_unique,Not inferable from routing CSV alone; requires candidate lineage/stage trace
new216,new216__scissors__03,scissors__03,239882,raw_proposals,050,tool_prop,scissors,handle,handle,proposal/0004,0.001899984800121599,0.001899984800121599,0.2143142343781194,0.0,wrong_unique,wrong_unique,Not inferable from routing CSV alone; requires candidate lineage/stage trace
new216,new216__scissors__03,scissors__03,239882,hpid_split_group_ids,025,tool_prop,scissors,handle,handle,object_001/tool_prop_handle/002,0.0,0.0,0.1611153262518968,0.0,wrong_unique,wrong_unique,Not inferable from routing CSV alone; requires candidate lineage/stage trace
new216,new216__scissors__03,scissors__03,239882,hpid_split_group_ids,050,tool_prop,scissors,handle,handle,object_001/tool_prop_handle/002,0.0,0.0,0.1611153262518968,0.0,wrong_unique,wrong_unique,Not inferable from routing CSV alone; requires candidate lineage/stage trace
new216,new216__calculator__03,calculator__03,248314,greedy_nms,025,device,calculator,key,key,device_key/left/01,0.019886363636363636,0.019886363636363636,0.8817509948834565,1.0,ambiguous,unresolved,Not inferable from routing CSV alone; requires candidate lineage/stage trace
new216,new216__calculator__03,calculator__03,248314,greedy_nms,050,device,calculator,key,key,device_key/left/01,0.019886363636363636,0.019886363636363636,0.8817509948834565,1.0,ambiguous,unresolved,Not inferable from routing CSV alone; requires candidate lineage/stage trace
new216,new216__calculator__03,calculator__03,248314,dbscan_fusion,025,device,calculator,key,key,device_key/left/01,0.01875,0.01875,0.8817509948834565,1.0,ambiguous,unresolved,Not inferable from routing CSV alone; requires candidate lineage/stage trace
new216,new216__calculator__03,calculator__03,248314,dbscan_fusion,050,device,calculator,key,key,device_key/left/01,0.01875,0.01875,0.8817509948834565,1.0,ambiguous,unresolved,Not inferable from routing CSV alone; requires candidate lineage/stage trace
new216,new216__trash_can__01,trash_can__01,250370,raw_proposals,025,container,trash_can,lid,lid,proposal/0013,0.0,0.0,0.724561403508772,1.0,wrong_unique,wrong_unique,Not inferable from routing CSV alone; requires candidate lineage/stage trace
new216,new216__trash_can__01,trash_can__01,250370,raw_proposals,050,container,trash_can,lid,lid,proposal/0013,0.0,0.0,0.724561403508772,1.0,wrong_unique,wrong_unique,Not inferable from routing CSV alone; requires candidate lineage/stage trace
new216,new216__trash_can__01,trash_can__01,250370,greedy_nms,025,container,trash_can,lid,lid,container_lid/left/01,0.0,0.0,0.724561403508772,1.0,wrong_unique,wrong_unique,Not inferable from routing CSV alone; requires candidate lineage/stage trace
new216,new216__trash_can__01,trash_can__01,250370,greedy_nms,050,container,trash_can,lid,lid,container_lid/left/01,0.0,0.0,0.724561403508772,1.0,wrong_unique,wrong_unique,Not inferable from routing CSV alone; requires candidate lineage/stage trace
new216,new216__trash_can__01,trash_can__01,250370,dbscan_fusion,025,container,trash_can,lid,lid,container_lid/left/01,0.0,0.0,0.724561403508772,1.0,wrong_unique,wrong_unique,Not inferable from routing CSV alone; requires candidate lineage/stage trace
new216,new216__trash_can__01,trash_can__01,250370,dbscan_fusion,050,container,trash_can,lid,lid,container_lid/left/01,0.0,0.0,0.724561403508772,1.0,wrong_unique,wrong_unique,Not inferable from routing CSV alone; requires candidate lineage/stage trace
new216,new216__trash_can__01,trash_can__01,250370,local_pairwise_crf,025,container,trash_can,lid,lid,container_lid/left/01,0.0,0.0,0.12017167381974249,0.0,wrong_unique,wrong_unique,Not inferable from routing CSV alone; requires candidate lineage/stage trace
new216,new216__trash_can__01,trash_can__01,250370,local_pairwise_crf,050,container,trash_can,lid,lid,container_lid/left/01,0.0,0.0,0.12017167381974249,0.0,wrong_unique,wrong_unique,Not inferable from routing CSV alone; requires candidate lineage/stage trace
new216,new216__trash_can__01,trash_can__01,250370,hpid_split_group_ids,025,container,trash_can,lid,lid,object_001/container_lid/011,0.0,0.0,0.7254385964912281,1.0,wrong_unique,wrong_unique,Not inferable from routing CSV alone; requires candidate lineage/stage trace
new216,new216__trash_can__01,trash_can__01,250370,hpid_split_group_ids,050,container,trash_can,lid,lid,object_001/container_lid/011,0.0,0.0,0.7254385964912281,1.0,wrong_unique,wrong_unique,Not inferable from routing CSV alone; requires candidate lineage/stage trace
new216,new216__television_set__03,television_set__03,254600,raw_proposals,025,device,television_set,bottom,bottom_panel,proposal/0003,0.0,0.0,0.42604475156301413,1.0,wrong_unique,unresolved,Not inferable from routing CSV alone; requires candidate lineage/stage trace
new216,new216__television_set__03,television_set__03,254600,raw_proposals,050,device,television_set,bottom,bottom_panel,proposal/0003,0.0,0.0,0.42604475156301413,0.0,wrong_unique,unresolved,Not inferable from routing CSV alone; requires candidate lineage/stage trace
new216,new216__television_set__03,television_set__03,254600,greedy_nms,025,device,television_set,bottom,bottom_panel,device_bottom_panel/right/01,0.0,0.0,0.42604475156301413,1.0,wrong_unique,unresolved,Not inferable from routing CSV alone; requires candidate lineage/stage trace
new216,new216__television_set__03,television_set__03,254600,greedy_nms,050,device,television_set,bottom,bottom_panel,device_bottom_panel/right/01,0.0,0.0,0.42604475156301413,0.0,wrong_unique,unresolved,Not inferable from routing CSV alone; requires candidate lineage/stage trace
new216,new216__television_set__03,television_set__03,254600,dbscan_fusion,025,device,television_set,bottom,bottom_panel,device_bottom_panel/right/01,0.0,0.0,0.42604475156301413,1.0,wrong_unique,unresolved,Not inferable from routing CSV alone; requires candidate lineage/stage trace
new216,new216__television_set__03,television_set__03,254600,dbscan_fusion,050,device,television_set,bottom,bottom_panel,device_bottom_panel/right/01,0.0,0.0,0.42604475156301413,0.0,wrong_unique,unresolved,Not inferable from routing CSV alone; requires candidate lineage/stage trace
new216,new216__television_set__03,television_set__03,254600,local_pairwise_crf,025,device,television_set,bottom,bottom_panel,device_bottom_panel/right/01,0.0,0.0,0.42604475156301413,1.0,wrong_unique,unresolved,Not inferable from routing CSV alone; requires candidate lineage/stage trace
new216,new216__television_set__03,television_set__03,254600,local_pairwise_crf,050,device,television_set,bottom,bottom_panel,device_bottom_panel/right/01,0.0,0.0,0.42604475156301413,0.0,wrong_unique,unresolved,Not inferable from routing CSV alone; requires candidate lineage/stage trace
new216,new216__clock__02,clock__02,27585,raw_proposals,050,device,clock,case,body,proposal/0001,0.43149463408529143,0.43149463408529143,0.43149463408529143,0.0,wrong_unique,correct_unique,Not inferable from routing CSV alone; requires candidate lineage/stage trace
new216,new216__chair__01,chair__01,281066,raw_proposals,025,furniture,chair,seat,seat,proposal/0003,0.0,0.0,6.73536741429245e-05,0.0,wrong_unique,unresolved,Not inferable from routing CSV alone; requires candidate lineage/stage trace
new216,new216__chair__01,chair__01,281066,raw_proposals,050,furniture,chair,seat,seat,proposal/0003,0.0,0.0,6.73536741429245e-05,0.0,wrong_unique,unresolved,Not inferable from routing CSV alone; requires candidate lineage/stage trace
new216,new216__kettle__02,kettle__02,283717,raw_proposals,025,device,kettle,body,body,proposal/0001,0.21026894865525672,0.21026894865525672,0.24261083743842365,0.0,wrong_unique,wrong_unique,Not inferable from routing CSV alone; requires candidate lineage/stage trace
new216,new216__kettle__02,kettle__02,283717,raw_proposals,050,device,kettle,body,body,proposal/0001,0.21026894865525672,0.21026894865525672,0.24261083743842365,0.0,wrong_unique,wrong_unique,Not inferable from routing CSV alone; requires candidate lineage/stage trace
new216,new216__kettle__02,kettle__02,283717,greedy_nms,025,device,kettle,body,body,device/left/01,0.11725888324873096,0.11725888324873096,0.24261083743842365,0.0,wrong_unique,wrong_unique,Not inferable from routing CSV alone; requires candidate lineage/stage trace
new216,new216__kettle__02,kettle__02,283717,greedy_nms,050,device,kettle,body,body,device/left/01,0.11725888324873096,0.11725888324873096,0.24261083743842365,0.0,wrong_unique,wrong_unique,Not inferable from routing CSV alone; requires candidate lineage/stage trace
new216,new216__kettle__02,kettle__02,283717,dbscan_fusion,025,device,kettle,body,body,device/left/01,0.1390728476821192,0.1390728476821192,0.24261083743842365,0.0,wrong_unique,wrong_unique,Not inferable from routing CSV alone; requires candidate lineage/stage trace
new216,new216__kettle__02,kettle__02,283717,dbscan_fusion,050,device,kettle,body,body,device/left/01,0.1390728476821192,0.1390728476821192,0.24261083743842365,0.0,wrong_unique,wrong_unique,Not inferable from routing CSV alone; requires candidate lineage/stage trace
new216,new216__kettle__02,kettle__02,283717,hpid_split_group_ids,025,device,kettle,body,body,object_001/device_body,0.21026894865525672,0.21026894865525672,0.21026894865525672,0.0,wrong_unique,wrong_unique,Not inferable from routing CSV alone; requires candidate lineage/stage trace
new216,new216__kettle__02,kettle__02,283717,hpid_split_group_ids,050,device,kettle,body,body,object_001/device_body,0.21026894865525672,0.21026894865525672,0.21026894865525672,0.0,wrong_unique,wrong_unique,Not inferable from routing CSV alone; requires candidate lineage/stage trace
new216,new216__cellular_telephone__03,cellular_telephone__03,288391,raw_proposals,050,device,cellular_telephone,bezel,bezel,proposal/0003,0.29228252614359995,0.29228252614359995,0.36095145962556197,0.0,wrong_unique,wrong_unique,Not inferable from routing CSV alone; requires candidate lineage/stage trace
new216,new216__cellular_telephone__03,cellular_telephone__03,288391,greedy_nms,025,device,cellular_telephone,bezel,bezel,device_bezel/right/01,0.1355180064857484,0.1355180064857484,0.35625688073394496,1.0,correct_unique,correct_unique,Not inferable from routing CSV alone; requires candidate lineage/stage trace
new216,new216__cellular_telephone__03,cellular_telephone__03,288391,greedy_nms,050,device,cellular_telephone,bezel,bezel,device_bezel/right/01,0.1355180064857484,0.1355180064857484,0.35625688073394496,0.0,wrong_unique,wrong_unique,Not inferable from routing CSV alone; requires candidate lineage/stage trace
new216,new216__cellular_telephone__03,cellular_telephone__03,288391,dbscan_fusion,025,device,cellular_telephone,bezel,bezel,device_bezel/right/01,0.1355180064857484,0.1355180064857484,0.35625688073394496,1.0,correct_unique,correct_unique,Not inferable from routing CSV alone; requires candidate lineage/stage trace
new216,new216__cellular_telephone__03,cellular_telephone__03,288391,dbscan_fusion,050,device,cellular_telephone,bezel,bezel,device_bezel/right/01,0.1355180064857484,0.1355180064857484,0.35625688073394496,0.0,wrong_unique,wrong_unique,Not inferable from routing CSV alone; requires candidate lineage/stage trace
new216,new216__cellular_telephone__03,cellular_telephone__03,288391,local_pairwise_crf,025,device,cellular_telephone,bezel,bezel,device_bezel/right/01,0.13159698423577793,0.13159698423577793,0.35332177161152617,1.0,correct_unique,correct_unique,Not inferable from routing CSV alone; requires candidate lineage/stage trace
new216,new216__cellular_telephone__03,cellular_telephone__03,288391,local_pairwise_crf,050,device,cellular_telephone,bezel,bezel,device_bezel/right/01,0.13159698423577793,0.13159698423577793,0.35332177161152617,0.0,wrong_unique,wrong_unique,Not inferable from routing CSV alone; requires candidate lineage/stage trace
new216,new216__cellular_telephone__03,cellular_telephone__03,288391,hpid_split_group_ids,050,device,cellular_telephone,bezel,bezel,object_001/device_bezel/010,0.25117210808967694,0.25117210808967694,0.25117210808967694,0.0,wrong_unique,wrong_unique,Not inferable from routing CSV alone; requires candidate lineage/stage trace
new216,new216__kettle__03,kettle__03,290768,local_pairwise_crf,025,device,kettle,handle,handle,device_handle/right/01,0.0043782837127845885,0.0043782837127845885,0.8336330935251799,1.0,ambiguous,ambiguous,Not inferable from routing CSV alone; requires candidate lineage/stage trace
new216,new216__kettle__03,kettle__03,290768,local_pairwise_crf,050,device,kettle,handle,handle,device_handle/right/01,0.0043782837127845885,0.0043782837127845885,0.8336330935251799,1.0,ambiguous,ambiguous,Not inferable from routing CSV alone; requires candidate lineage/stage trace
new216,new216__crate__02,crate__02,290864,local_pairwise_crf,025,container,crate,side,side,container_side/left/01,0.17787168651555896,0.17787168651555896,0.20926149456819929,0.0,ambiguous,ambiguous,Not inferable from routing CSV alone; requires candidate lineage/stage trace
new216,new216__crate__02,crate__02,290864,local_pairwise_crf,050,container,crate,side,side,container_side/left/01,0.17787168651555896,0.17787168651555896,0.20926149456819929,0.0,ambiguous,ambiguous,Not inferable from routing CSV alone; requires candidate lineage/stage trace
new216,new216__table__01,table__01,295134,raw_proposals,025,furniture,table,shelf,shelf,proposal/0013,0.0,0.0,0.01592266135911288,0.0,wrong_unique,wrong_unique,Not inferable from routing CSV alone; requires candidate lineage/stage trace
new216,new216__table__01,table__01,295134,raw_proposals,050,furniture,table,shelf,shelf,proposal/0013,0.0,0.0,0.01592266135911288,0.0,wrong_unique,wrong_unique,Not inferable from routing CSV alone; requires candidate lineage/stage trace
new216,new216__table__01,table__01,295134,greedy_nms,025,furniture,table,shelf,shelf,furniture_shelf/center/01,0.0,0.0,0.009138381201044387,0.0,wrong_unique,wrong_unique,Not inferable from routing CSV alone; requires candidate lineage/stage trace
new216,new216__table__01,table__01,295134,greedy_nms,050,furniture,table,shelf,shelf,furniture_shelf/center/01,0.0,0.0,0.009138381201044387,0.0,wrong_unique,wrong_unique,Not inferable from routing CSV alone; requires candidate lineage/stage trace
new216,new216__table__01,table__01,295134,dbscan_fusion,025,furniture,table,shelf,shelf,furniture_shelf/center/01,0.0,0.0,0.0123379339188624,0.0,wrong_unique,wrong_unique,Not inferable from routing CSV alone; requires candidate lineage/stage trace
new216,new216__table__01,table__01,295134,dbscan_fusion,050,furniture,table,shelf,shelf,furniture_shelf/center/01,0.0,0.0,0.0123379339188624,0.0,wrong_unique,wrong_unique,Not inferable from routing CSV alone; requires candidate lineage/stage trace
new216,new216__table__01,table__01,295134,local_pairwise_crf,025,furniture,table,shelf,shelf,furniture_shelf/center/01,0.0,0.0,0.012340514536707802,0.0,wrong_unique,wrong_unique,Not inferable from routing CSV alone; requires candidate lineage/stage trace
new216,new216__table__01,table__01,295134,local_pairwise_crf,050,furniture,table,shelf,shelf,furniture_shelf/center/01,0.0,0.0,0.012340514536707802,0.0,wrong_unique,wrong_unique,Not inferable from routing CSV alone; requires candidate lineage/stage trace
new216,new216__table__01,table__01,295134,hpid_split_group_ids,025,furniture,table,shelf,shelf,object_001/furniture_shelf/006,0.0,0.0,0.010039440659734672,0.0,wrong_unique,wrong_unique,Not inferable from routing CSV alone; requires candidate lineage/stage trace
new216,new216__table__01,table__01,295134,hpid_split_group_ids,050,furniture,table,shelf,shelf,object_001/furniture_shelf/006,0.0,0.0,0.010039440659734672,0.0,wrong_unique,wrong_unique,Not inferable from routing CSV alone; requires candidate lineage/stage trace
new216,new216__mug__03,mug__03,308524,greedy_nms,025,container,mug,drawing,label,container_label/left/01,0.0013802622498274672,0.0013802622498274672,0.18036249659307713,0.0,ambiguous,wrong_unique,Not inferable from routing CSV alone; requires candidate lineage/stage trace
new216,new216__mug__03,mug__03,308524,greedy_nms,050,container,mug,drawing,label,container_label/left/01,0.0013802622498274672,0.0013802622498274672,0.18036249659307713,0.0,ambiguous,wrong_unique,Not inferable from routing CSV alone; requires candidate lineage/stage trace
new216,new216__mug__03,mug__03,308524,local_pairwise_crf,025,container,mug,drawing,label,container_label/left/01,0.15661852391678813,0.15661852391678813,0.15661852391678813,0.0,ambiguous,wrong_unique,Not inferable from routing CSV alone; requires candidate lineage/stage trace
new216,new216__mug__03,mug__03,308524,local_pairwise_crf,050,container,mug,drawing,label,container_label/left/01,0.15661852391678813,0.15661852391678813,0.15661852391678813,0.0,ambiguous,wrong_unique,Not inferable from routing CSV alone; requires candidate lineage/stage trace
new216,new216__mug__03,mug__03,308524,hpid_split_group_ids,025,container,mug,drawing,label,object_001/container_label/003,0.028277634961439587,0.028277634961439587,0.2054942095340695,0.0,ambiguous,wrong_unique,Not inferable from routing CSV alone; requires candidate lineage/stage trace
new216,new216__mug__03,mug__03,308524,hpid_split_group_ids,050,container,mug,drawing,label,object_001/container_label/003,0.028277634961439587,0.028277634961439587,0.2054942095340695,0.0,ambiguous,wrong_unique,Not inferable from routing CSV alone; requires candidate lineage/stage trace
new216,new216__blender__03,blender__03,320875,greedy_nms,025,device,blender,food_cup,jar,device_jar/center/01,0.09549689440993789,0.09549689440993789,0.24803149606299213,0.0,ambiguous,correct_unique,Not inferable from routing CSV alone; requires candidate lineage/stage trace
new216,new216__blender__03,blender__03,320875,greedy_nms,050,device,blender,food_cup,jar,device_jar/center/01,0.09549689440993789,0.09549689440993789,0.24803149606299213,0.0,ambiguous,wrong_unique,Not inferable from routing CSV alone; requires candidate lineage/stage trace
new216,new216__blender__03,blender__03,320875,dbscan_fusion,025,device,blender,food_cup,jar,device_jar/center/01,0.09549689440993789,0.09549689440993789,0.24638247946812672,0.0,ambiguous,correct_unique,Not inferable from routing CSV alone; requires candidate lineage/stage trace
new216,new216__blender__03,blender__03,320875,dbscan_fusion,050,device,blender,food_cup,jar,device_jar/center/01,0.09549689440993789,0.09549689440993789,0.24638247946812672,0.0,ambiguous,wrong_unique,Not inferable from routing CSV alone; requires candidate lineage/stage trace
new216,new216__blender__03,blender__03,320875,local_pairwise_crf,025,device,blender,food_cup,jar,device_jar/center/01,0.09782608695652174,0.09782608695652174,0.2421420256111758,0.0,ambiguous,correct_unique,Not inferable from routing CSV alone; requires candidate lineage/stage trace
new216,new216__blender__03,blender__03,320875,local_pairwise_crf,050,device,blender,food_cup,jar,device_jar/center/01,0.09782608695652174,0.09782608695652174,0.2421420256111758,0.0,ambiguous,wrong_unique,Not inferable from routing CSV alone; requires candidate lineage/stage trace
new216,new216__blender__03,blender__03,320875,hpid_split_group_ids,050,device,blender,food_cup,jar,object_001/device_jar/003,0.31326604181687095,0.31326604181687095,0.31326604181687095,0.0,ambiguous,wrong_unique,Not inferable from routing CSV alone; requires candidate lineage/stage trace
new216,new216__table__04,table__04,325114,raw_proposals,025,furniture,table,shelf,shelf,proposal/0002,0.0,0.0,0.9405908274849029,1.0,wrong_unique,wrong_unique,Not inferable from routing CSV alone; requires candidate lineage/stage trace
new216,new216__table__04,table__04,325114,raw_proposals,050,furniture,table,shelf,shelf,proposal/0002,0.0,0.0,0.9405908274849029,1.0,wrong_unique,wrong_unique,Not inferable from routing CSV alone; requires candidate lineage/stage trace
new216,new216__table__04,table__04,325114,greedy_nms,025,furniture,table,shelf,shelf,furniture_shelf/left/01,0.0,0.0,0.9405908274849029,1.0,wrong_unique,wrong_unique,Not inferable from routing CSV alone; requires candidate lineage/stage trace
new216,new216__table__04,table__04,325114,greedy_nms,050,furniture,table,shelf,shelf,furniture_shelf/left/01,0.0,0.0,0.9405908274849029,1.0,wrong_unique,wrong_unique,Not inferable from routing CSV alone; requires candidate lineage/stage trace
new216,new216__table__04,table__04,325114,dbscan_fusion,025,furniture,table,shelf,shelf,furniture_shelf/left/01,0.0,0.0,0.6356207186636221,1.0,wrong_unique,wrong_unique,Not inferable from routing CSV alone; requires candidate lineage/stage trace
new216,new216__table__04,table__04,325114,dbscan_fusion,050,furniture,table,shelf,shelf,furniture_shelf/left/01,0.0,0.0,0.6356207186636221,1.0,wrong_unique,wrong_unique,Not inferable from routing CSV alone; requires candidate lineage/stage trace
new216,new216__table__04,table__04,325114,hpid_split_group_ids,025,furniture,table,shelf,shelf,object_001/furniture_shelf/004,0.0,0.0,0.13239871850219265,0.0,wrong_unique,wrong_unique,Not inferable from routing CSV alone; requires candidate lineage/stage trace
new216,new216__table__04,table__04,325114,hpid_split_group_ids,050,furniture,table,shelf,shelf,object_001/furniture_shelf/004,0.0,0.0,0.13239871850219265,0.0,wrong_unique,wrong_unique,Not inferable from routing CSV alone; requires candidate lineage/stage trace
new216,new216__microwave_oven__01,microwave_oven__01,338248,local_pairwise_crf,025,device,microwave_oven,side,side_panel,device_side_panel/right/01,0.0,0.0,0.23184491657664147,0.0,ambiguous,unresolved,Not inferable from routing CSV alone; requires candidate lineage/stage trace
new216,new216__microwave_oven__01,microwave_oven__01,338248,local_pairwise_crf,050,device,microwave_oven,side,side_panel,device_side_panel/right/01,0.0,0.0,0.23184491657664147,0.0,ambiguous,unresolved,Not inferable from routing CSV alone; requires candidate lineage/stage trace
new216,new216__laptop_computer__02,laptop_computer__02,339352,raw_proposals,050,device,laptop_computer,base_panel,base_panel,proposal/0003,0.43468761072398726,0.43468761072398726,0.43468761072398726,0.0,wrong_unique,unresolved,Not inferable from routing CSV alone; requires candidate lineage/stage trace
new216,new216__laptop_computer__02,laptop_computer__02,339352,dbscan_fusion,050,device,laptop_computer,base_panel,base_panel,device_base_panel/left/01,0.40121515368120086,0.40121515368120086,0.40121515368120086,0.0,wrong_unique,unresolved,Not inferable from routing CSV alone; requires candidate lineage/stage trace
new216,new216__helmet__01,helmet__01,339738,raw_proposals,025,daily_object,helmet,visor,visor,proposal/0004,0.0,0.0,0.8590354143215863,1.0,wrong_unique,unresolved,Not inferable from routing CSV alone; requires candidate lineage/stage trace
new216,new216__helmet__01,helmet__01,339738,raw_proposals,050,daily_object,helmet,visor,visor,proposal/0004,0.0,0.0,0.8590354143215863,1.0,wrong_unique,unresolved,Not inferable from routing CSV alone; requires candidate lineage/stage trace
new216,new216__helmet__01,helmet__01,339738,greedy_nms,025,daily_object,helmet,visor,visor,daily_object_visor/left/01,0.0,0.0,0.7419645268749437,1.0,wrong_unique,unresolved,Not inferable from routing CSV alone; requires candidate lineage/stage trace
new216,new216__helmet__01,helmet__01,339738,greedy_nms,050,daily_object,helmet,visor,visor,daily_object_visor/left/01,0.0,0.0,0.7419645268749437,1.0,wrong_unique,unresolved,Not inferable from routing CSV alone; requires candidate lineage/stage trace
new216,new216__helmet__01,helmet__01,339738,dbscan_fusion,025,daily_object,helmet,visor,visor,daily_object_visor/left/01,0.0,0.0,0.7419645268749437,1.0,wrong_unique,unresolved,Not inferable from routing CSV alone; requires candidate lineage/stage trace
new216,new216__helmet__01,helmet__01,339738,dbscan_fusion,050,daily_object,helmet,visor,visor,daily_object_visor/left/01,0.0,0.0,0.7419645268749437,1.0,wrong_unique,unresolved,Not inferable from routing CSV alone; requires candidate lineage/stage trace
new216,new216__helmet__01,helmet__01,339738,local_pairwise_crf,025,daily_object,helmet,visor,visor,daily_object_visor/left/01,0.0,0.0,0.7419645268749437,1.0,wrong_unique,unresolved,Not inferable from routing CSV alone; requires candidate lineage/stage trace
new216,new216__helmet__01,helmet__01,339738,local_pairwise_crf,050,daily_object,helmet,visor,visor,daily_object_visor/left/01,0.0,0.0,0.7419645268749437,1.0,wrong_unique,unresolved,Not inferable from routing CSV alone; requires candidate lineage/stage trace
new216,new216__mouse_computer_equipment__04,mouse_computer_equipment__04,349234,dbscan_fusion,025,device,mouse_(computer_equipment),left_button,button,device_button/left/01,0.0013924806047344342,0.0013924806047344342,0.39746963562753035,1.0,ambiguous,ambiguous,Not inferable from routing CSV alone; requires candidate lineage/stage trace
new216,new216__mouse_computer_equipment__04,mouse_computer_equipment__04,349234,dbscan_fusion,050,device,mouse_(computer_equipment),left_button,button,device_button/left/01,0.0013924806047344342,0.0013924806047344342,0.39746963562753035,0.0,ambiguous,ambiguous,Not inferable from routing CSV alone; requires candidate lineage/stage trace
new216,new216__mouse_computer_equipment__04,mouse_computer_equipment__04,349234,local_pairwise_crf,025,device,mouse_(computer_equipment),left_button,button,device_button/left/01,0.00040551500405515005,0.00040551500405515005,0.4224323162870649,1.0,ambiguous,ambiguous,Not inferable from routing CSV alone; requires candidate lineage/stage trace
new216,new216__mouse_computer_equipment__04,mouse_computer_equipment__04,349234,local_pairwise_crf,050,device,mouse_(computer_equipment),left_button,button,device_button/left/01,0.00040551500405515005,0.00040551500405515005,0.4224323162870649,0.0,ambiguous,ambiguous,Not inferable from routing CSV alone; requires candidate lineage/stage trace
new216,new216__basket__04,basket__04,349480,greedy_nms,025,container,basket,side,outer_side,container_outer_side/right/01,0.0,0.0,0.06134515890613452,0.0,ambiguous,unresolved,Not inferable from routing CSV alone; requires candidate lineage/stage trace
new216,new216__basket__04,basket__04,349480,greedy_nms,050,container,basket,side,outer_side,container_outer_side/right/01,0.0,0.0,0.06134515890613452,0.0,ambiguous,unresolved,Not inferable from routing CSV alone; requires candidate lineage/stage trace
new216,new216__basket__04,basket__04,349480,dbscan_fusion,025,container,basket,side,outer_side,container_outer_side/right/01,0.0,0.0,0.07084933845497225,0.0,ambiguous,unresolved,Not inferable from routing CSV alone; requires candidate lineage/stage trace
new216,new216__basket__04,basket__04,349480,dbscan_fusion,050,container,basket,side,outer_side,container_outer_side/right/01,0.0,0.0,0.07084933845497225,0.0,ambiguous,unresolved,Not inferable from routing CSV alone; requires candidate lineage/stage trace
new216,new216__basket__04,basket__04,349480,local_pairwise_crf,025,container,basket,side,outer_side,container_outer_side/right/01,0.0,0.0,0.07083422231704715,0.0,ambiguous,unresolved,Not inferable from routing CSV alone; requires candidate lineage/stage trace
new216,new216__basket__04,basket__04,349480,local_pairwise_crf,050,container,basket,side,outer_side,container_outer_side/right/01,0.0,0.0,0.07083422231704715,0.0,ambiguous,unresolved,Not inferable from routing CSV alone; requires candidate lineage/stage trace
new216,new216__plastic_bag__04,plastic_bag__04,36230,raw_proposals,025,container,plastic_bag,text,label,proposal/0008,0.12003556609365738,0.12003556609365738,0.6399848254931715,1.0,wrong_unique,unresolved,Not inferable from routing CSV alone; requires candidate lineage/stage trace
new216,new216__plastic_bag__04,plastic_bag__04,36230,raw_proposals,050,container,plastic_bag,text,label,proposal/0008,0.12003556609365738,0.12003556609365738,0.6399848254931715,1.0,wrong_unique,unresolved,Not inferable from routing CSV alone; requires candidate lineage/stage trace
new216,new216__bottle__03,bottle__03,366695,raw_proposals,025,container,bottle,shoulder,shoulder,proposal/0004,0.032278683285394696,0.032278683285394696,0.15850428460140223,0.0,wrong_unique,unresolved,Not inferable from routing CSV alone; requires candidate lineage/stage trace
new216,new216__bottle__03,bottle__03,366695,raw_proposals,050,container,bottle,shoulder,shoulder,proposal/0004,0.032278683285394696,0.032278683285394696,0.15850428460140223,0.0,wrong_unique,unresolved,Not inferable from routing CSV alone; requires candidate lineage/stage trace
new216,new216__bottle__03,bottle__03,366695,greedy_nms,025,container,bottle,shoulder,shoulder,container_shoulder/left/01,0.032278683285394696,0.032278683285394696,0.23849575414476346,0.0,wrong_unique,unresolved,Not inferable from routing CSV alone; requires candidate lineage/stage trace
new216,new216__bottle__03,bottle__03,366695,greedy_nms,050,container,bottle,shoulder,shoulder,container_shoulder/left/01,0.032278683285394696,0.032278683285394696,0.23849575414476346,0.0,wrong_unique,unresolved,Not inferable from routing CSV alone; requires candidate lineage/stage trace
new216,new216__bottle__03,bottle__03,366695,dbscan_fusion,025,container,bottle,shoulder,shoulder,container_shoulder/left/01,0.032278683285394696,0.032278683285394696,0.3448719448017776,1.0,wrong_unique,unresolved,Not inferable from routing CSV alone; requires candidate lineage/stage trace
new216,new216__bottle__03,bottle__03,366695,dbscan_fusion,050,container,bottle,shoulder,shoulder,container_shoulder/left/01,0.032278683285394696,0.032278683285394696,0.3448719448017776,0.0,wrong_unique,unresolved,Not inferable from routing CSV alone; requires candidate lineage/stage trace
new216,new216__bottle__03,bottle__03,366695,local_pairwise_crf,025,container,bottle,shoulder,shoulder,container_shoulder/left/01,0.0319693094629156,0.0319693094629156,0.7818711900344554,1.0,wrong_unique,unresolved,Not inferable from routing CSV alone; requires candidate lineage/stage trace
new216,new216__bottle__03,bottle__03,366695,local_pairwise_crf,050,container,bottle,shoulder,shoulder,container_shoulder/left/01,0.0319693094629156,0.0319693094629156,0.7818711900344554,1.0,wrong_unique,unresolved,Not inferable from routing CSV alone; requires candidate lineage/stage trace
new216,new216__stool__02,stool__02,368900,raw_proposals,050,furniture,stool,seat,seat,proposal/0009,0.46811945117029863,0.46811945117029863,0.8574859887910328,1.0,wrong_unique,unresolved,Not inferable from routing CSV alone; requires candidate lineage/stage trace
new216,new216__bench__01,bench__01,370493,raw_proposals,025,furniture,bench,seat,seat,proposal/0005,0.0,0.0,0.19062778555965873,0.0,wrong_unique,wrong_unique,Not inferable from routing CSV alone; requires candidate lineage/stage trace
new216,new216__bench__01,bench__01,370493,raw_proposals,050,furniture,bench,seat,seat,proposal/0005,0.0,0.0,0.19062778555965873,0.0,wrong_unique,wrong_unique,Not inferable from routing CSV alone; requires candidate lineage/stage trace
new216,new216__bench__01,bench__01,370493,greedy_nms,025,furniture,bench,seat,seat,furniture_seat/center/01,0.0,0.0,0.19062778555965873,0.0,wrong_unique,wrong_unique,Not inferable from routing CSV alone; requires candidate lineage/stage trace
new216,new216__bench__01,bench__01,370493,greedy_nms,050,furniture,bench,seat,seat,furniture_seat/center/01,0.0,0.0,0.19062778555965873,0.0,wrong_unique,wrong_unique,Not inferable from routing CSV alone; requires candidate lineage/stage trace
new216,new216__bench__01,bench__01,370493,dbscan_fusion,025,furniture,bench,seat,seat,furniture_seat/center/01,0.0,0.0,0.19062778555965873,0.0,wrong_unique,wrong_unique,Not inferable from routing CSV alone; requires candidate lineage/stage trace
new216,new216__bench__01,bench__01,370493,dbscan_fusion,050,furniture,bench,seat,seat,furniture_seat/center/01,0.0,0.0,0.19062778555965873,0.0,wrong_unique,wrong_unique,Not inferable from routing CSV alone; requires candidate lineage/stage trace
new216,new216__bench__01,bench__01,370493,local_pairwise_crf,025,furniture,bench,seat,seat,furniture_seat/center/01,0.0,0.0,0.35054529267749834,1.0,wrong_unique,wrong_unique,Not inferable from routing CSV alone; requires candidate lineage/stage trace
new216,new216__bench__01,bench__01,370493,local_pairwise_crf,050,furniture,bench,seat,seat,furniture_seat/center/01,0.0,0.0,0.35054529267749834,0.0,wrong_unique,wrong_unique,Not inferable from routing CSV alone; requires candidate lineage/stage trace
new216,new216__bench__01,bench__01,370493,hpid_split_group_ids,025,furniture,bench,seat,seat,object_001/furniture_seat/002,0.0,0.0,0.26275022633537876,1.0,wrong_unique,wrong_unique,Not inferable from routing CSV alone; requires candidate lineage/stage trace
new216,new216__bench__01,bench__01,370493,hpid_split_group_ids,050,furniture,bench,seat,seat,object_001/furniture_seat/002,0.0,0.0,0.26275022633537876,0.0,wrong_unique,wrong_unique,Not inferable from routing CSV alone; requires candidate lineage/stage trace
new216,new216__scissors__04,scissors__04,379443,hpid_split_group_ids,025,tool_prop,scissors,handle,handle,object_001/tool_prop_handle/004,0.0,0.0,0.12835291509643096,0.0,ambiguous,wrong_unique,Not inferable from routing CSV alone; requires candidate lineage/stage trace
new216,new216__scissors__04,scissors__04,379443,hpid_split_group_ids,050,tool_prop,scissors,handle,handle,object_001/tool_prop_handle/004,0.0,0.0,0.12835291509643096,0.0,ambiguous,wrong_unique,Not inferable from routing CSV alone; requires candidate lineage/stage trace
new216,new216__bucket__04,bucket__04,383562,raw_proposals,025,container,bucket,body,body,proposal/0001,0.13550729307641082,0.13550729307641082,0.45621181262729127,1.0,wrong_unique,wrong_unique,Not inferable from routing CSV alone; requires candidate lineage/stage trace
new216,new216__bucket__04,bucket__04,383562,raw_proposals,050,container,bucket,body,body,proposal/0001,0.13550729307641082,0.13550729307641082,0.45621181262729127,0.0,wrong_unique,wrong_unique,Not inferable from routing CSV alone; requires candidate lineage/stage trace
new216,new216__bucket__04,bucket__04,383562,greedy_nms,025,container,bucket,body,body,container/right/01,0.09380511050242017,0.09380511050242017,0.45621181262729127,1.0,wrong_unique,wrong_unique,Not inferable from routing CSV alone; requires candidate lineage/stage trace
new216,new216__bucket__04,bucket__04,383562,greedy_nms,050,container,bucket,body,body,container/right/01,0.09380511050242017,0.09380511050242017,0.45621181262729127,0.0,wrong_unique,wrong_unique,Not inferable from routing CSV alone; requires candidate lineage/stage trace
new216,new216__bucket__04,bucket__04,383562,dbscan_fusion,025,container,bucket,body,body,container/right/01,0.09380511050242017,0.09380511050242017,0.45621181262729127,1.0,wrong_unique,wrong_unique,Not inferable from routing CSV alone; requires candidate lineage/stage trace
new216,new216__bucket__04,bucket__04,383562,dbscan_fusion,050,container,bucket,body,body,container/right/01,0.09380511050242017,0.09380511050242017,0.45621181262729127,0.0,wrong_unique,wrong_unique,Not inferable from routing CSV alone; requires candidate lineage/stage trace
new216,new216__bucket__04,bucket__04,383562,hpid_split_group_ids,025,container,bucket,body,body,object_001/container_body,0.05604627180199973,0.05604627180199973,0.4557204404021063,1.0,wrong_unique,wrong_unique,Not inferable from routing CSV alone; requires candidate lineage/stage trace
new216,new216__bucket__04,bucket__04,383562,hpid_split_group_ids,050,container,bucket,body,body,object_001/container_body,0.05604627180199973,0.05604627180199973,0.4557204404021063,0.0,wrong_unique,wrong_unique,Not inferable from routing CSV alone; requires candidate lineage/stage trace
new216,new216__helmet__04,helmet__04,396137,local_pairwise_crf,025,daily_object,helmet,strap,band,daily_object_band/right/01,0.0,0.0,0.2919271791099669,1.0,ambiguous,ambiguous,Not inferable from routing CSV alone; requires candidate lineage/stage trace
new216,new216__helmet__04,helmet__04,396137,local_pairwise_crf,050,daily_object,helmet,strap,band,daily_object_band/right/01,0.0,0.0,0.2919271791099669,0.0,ambiguous,ambiguous,Not inferable from routing CSV alone; requires candidate lineage/stage trace
new216,new216__broom__03,broom__03,423875,raw_proposals,025,tool_prop,broom,shaft,shaft,proposal/0005,0.0,0.0,0.49242424242424243,1.0,wrong_unique,wrong_unique,Not inferable from routing CSV alone; requires candidate lineage/stage trace
new216,new216__broom__03,broom__03,423875,raw_proposals,050,tool_prop,broom,shaft,shaft,proposal/0005,0.0,0.0,0.49242424242424243,0.0,wrong_unique,wrong_unique,Not inferable from routing CSV alone; requires candidate lineage/stage trace
new216,new216__broom__03,broom__03,423875,hpid_split_group_ids,025,tool_prop,broom,shaft,shaft,object_001/tool_prop_shaft/003,0.0,0.0,0.49056603773584906,1.0,wrong_unique,wrong_unique,Not inferable from routing CSV alone; requires candidate lineage/stage trace
new216,new216__broom__03,broom__03,423875,hpid_split_group_ids,050,tool_prop,broom,shaft,shaft,object_001/tool_prop_shaft/003,0.0,0.0,0.49056603773584906,0.0,wrong_unique,wrong_unique,Not inferable from routing CSV alone; requires candidate lineage/stage trace
new216,new216__bucket__01,bucket__01,433229,raw_proposals,025,container,bucket,body,body,proposal/0001,0.22540125610607117,0.22540125610607117,0.5560723514211886,1.0,wrong_unique,wrong_unique,Not inferable from routing CSV alone; requires candidate lineage/stage trace
new216,new216__bucket__01,bucket__01,433229,raw_proposals,050,container,bucket,body,body,proposal/0001,0.22540125610607117,0.22540125610607117,0.5560723514211886,1.0,wrong_unique,wrong_unique,Not inferable from routing CSV alone; requires candidate lineage/stage trace
new216,new216__bucket__01,bucket__01,433229,greedy_nms,025,container,bucket,body,body,container/left/01,0.17374830852503384,0.17374830852503384,0.4391983695652174,1.0,wrong_unique,wrong_unique,Not inferable from routing CSV alone; requires candidate lineage/stage trace
new216,new216__bucket__01,bucket__01,433229,greedy_nms,050,container,bucket,body,body,container/left/01,0.17374830852503384,0.17374830852503384,0.4391983695652174,0.0,wrong_unique,wrong_unique,Not inferable from routing CSV alone; requires candidate lineage/stage trace
new216,new216__bucket__01,bucket__01,433229,dbscan_fusion,025,container,bucket,body,body,container/left/01,0.00030807147258163895,0.00030807147258163895,0.5556894474091927,1.0,wrong_unique,wrong_unique,Not inferable from routing CSV alone; requires candidate lineage/stage trace
new216,new216__bucket__01,bucket__01,433229,dbscan_fusion,050,container,bucket,body,body,container/left/01,0.00030807147258163895,0.00030807147258163895,0.5556894474091927,1.0,wrong_unique,wrong_unique,Not inferable from routing CSV alone; requires candidate lineage/stage trace
new216,new216__bucket__01,bucket__01,433229,local_pairwise_crf,025,container,bucket,body,body,container/left/01,0.001350621285791464,0.001350621285791464,0.5360053218027607,1.0,wrong_unique,wrong_unique,Not inferable from routing CSV alone; requires candidate lineage/stage trace
new216,new216__bucket__01,bucket__01,433229,local_pairwise_crf,050,container,bucket,body,body,container/left/01,0.001350621285791464,0.001350621285791464,0.5360053218027607,1.0,wrong_unique,wrong_unique,Not inferable from routing CSV alone; requires candidate lineage/stage trace
new216,new216__bucket__01,bucket__01,433229,hpid_split_group_ids,025,container,bucket,body,body,object_001/container_body,0.000547945205479452,0.000547945205479452,0.23503713411970292,0.0,wrong_unique,wrong_unique,Not inferable from routing CSV alone; requires candidate lineage/stage trace
new216,new216__bucket__01,bucket__01,433229,hpid_split_group_ids,050,container,bucket,body,body,object_001/container_body,0.000547945205479452,0.000547945205479452,0.23503713411970292,0.0,wrong_unique,wrong_unique,Not inferable from routing CSV alone; requires candidate lineage/stage trace
new216,new216__towel__02,towel__02,442982,raw_proposals,050,daily_object,towel,terry_bar,terry_bar,proposal/0006,0.3902493321460374,0.3902493321460374,0.3902493321460374,0.0,wrong_unique,wrong_unique,Not inferable from routing CSV alone; requires candidate lineage/stage trace
new216,new216__towel__02,towel__02,442982,greedy_nms,050,daily_object,towel,terry_bar,terry_bar,daily_object_terry_bar/right/01,0.3902493321460374,0.3902493321460374,0.3902493321460374,0.0,wrong_unique,wrong_unique,Not inferable from routing CSV alone; requires candidate lineage/stage trace
new216,new216__towel__02,towel__02,442982,dbscan_fusion,050,daily_object,towel,terry_bar,terry_bar,daily_object_terry_bar/right/01,0.3902493321460374,0.3902493321460374,0.3902493321460374,0.0,wrong_unique,wrong_unique,Not inferable from routing CSV alone; requires candidate lineage/stage trace
new216,new216__towel__02,towel__02,442982,local_pairwise_crf,050,daily_object,towel,terry_bar,terry_bar,daily_object_terry_bar/right/01,0.3922404126485759,0.3922404126485759,0.3922404126485759,0.0,wrong_unique,wrong_unique,Not inferable from routing CSV alone; requires candidate lineage/stage trace
new216,new216__towel__02,towel__02,442982,hpid_split_group_ids,025,daily_object,towel,terry_bar,terry_bar,object_001/daily_object_terry_bar/007,0.23597025016903314,0.23597025016903314,0.23597025016903314,0.0,correct_unique,wrong_unique,Not inferable from routing CSV alone; requires candidate lineage/stage trace
new216,new216__towel__02,towel__02,442982,hpid_split_group_ids,050,daily_object,towel,terry_bar,terry_bar,object_001/daily_object_terry_bar/007,0.23597025016903314,0.23597025016903314,0.23597025016903314,0.0,wrong_unique,wrong_unique,Not inferable from routing CSV alone; requires candidate lineage/stage trace
new216,new216__cellular_telephone__01,cellular_telephone__01,444770,raw_proposals,025,device,cellular_telephone,screen,screen,proposal/0003,0.0,0.0,0.21879815100154082,0.0,wrong_unique,wrong_unique,Not inferable from routing CSV alone; requires candidate lineage/stage trace
new216,new216__cellular_telephone__01,cellular_telephone__01,444770,raw_proposals,050,device,cellular_telephone,screen,screen,proposal/0003,0.0,0.0,0.21879815100154082,0.0,wrong_unique,wrong_unique,Not inferable from routing CSV alone; requires candidate lineage/stage trace
new216,new216__cellular_telephone__01,cellular_telephone__01,444770,greedy_nms,025,device,cellular_telephone,screen,screen,device_screen/right/01,0.0,0.0,0.43526293942973915,1.0,wrong_unique,wrong_unique,Not inferable from routing CSV alone; requires candidate lineage/stage trace
new216,new216__cellular_telephone__01,cellular_telephone__01,444770,greedy_nms,050,device,cellular_telephone,screen,screen,device_screen/right/01,0.0,0.0,0.43526293942973915,0.0,wrong_unique,wrong_unique,Not inferable from routing CSV alone; requires candidate lineage/stage trace
new216,new216__cellular_telephone__01,cellular_telephone__01,444770,dbscan_fusion,025,device,cellular_telephone,screen,screen,device_screen/right/01,0.0,0.0,0.7560863309352518,1.0,wrong_unique,wrong_unique,Not inferable from routing CSV alone; requires candidate lineage/stage trace
new216,new216__cellular_telephone__01,cellular_telephone__01,444770,dbscan_fusion,050,device,cellular_telephone,screen,screen,device_screen/right/01,0.0,0.0,0.7560863309352518,1.0,wrong_unique,wrong_unique,Not inferable from routing CSV alone; requires candidate lineage/stage trace
new216,new216__cellular_telephone__01,cellular_telephone__01,444770,local_pairwise_crf,025,device,cellular_telephone,screen,screen,device_screen/right/01,0.0,0.0,0.9739187133231906,1.0,wrong_unique,wrong_unique,Not inferable from routing CSV alone; requires candidate lineage/stage trace
new216,new216__cellular_telephone__01,cellular_telephone__01,444770,local_pairwise_crf,050,device,cellular_telephone,screen,screen,device_screen/right/01,0.0,0.0,0.9739187133231906,1.0,wrong_unique,wrong_unique,Not inferable from routing CSV alone; requires candidate lineage/stage trace
new216,new216__cellular_telephone__01,cellular_telephone__01,444770,hpid_split_group_ids,025,device,cellular_telephone,screen,screen,object_001/device_screen/008,0.0,0.0,0.5561105702070016,1.0,wrong_unique,wrong_unique,Not inferable from routing CSV alone; requires candidate lineage/stage trace
new216,new216__cellular_telephone__01,cellular_telephone__01,444770,hpid_split_group_ids,050,device,cellular_telephone,screen,screen,object_001/device_screen/008,0.0,0.0,0.5561105702070016,1.0,wrong_unique,wrong_unique,Not inferable from routing CSV alone; requires candidate lineage/stage trace
new216,new216__cellular_telephone__02,cellular_telephone__02,446207,raw_proposals,050,device,cellular_telephone,bezel,bezel,proposal/0008,0.44857289193090283,0.44857289193090283,0.44857289193090283,0.0,wrong_unique,wrong_unique,Not inferable from routing CSV alone; requires candidate lineage/stage trace
new216,new216__cellular_telephone__02,cellular_telephone__02,446207,greedy_nms,050,device,cellular_telephone,bezel,bezel,device_bezel/left/01,0.3188351986421259,0.3188351986421259,0.3188351986421259,0.0,wrong_unique,wrong_unique,Not inferable from routing CSV alone; requires candidate lineage/stage trace
new216,new216__cellular_telephone__02,cellular_telephone__02,446207,dbscan_fusion,050,device,cellular_telephone,bezel,bezel,device_bezel/left/01,0.3188351986421259,0.3188351986421259,0.3188351986421259,0.0,wrong_unique,wrong_unique,Not inferable from routing CSV alone; requires candidate lineage/stage trace
new216,new216__cellular_telephone__02,cellular_telephone__02,446207,local_pairwise_crf,050,device,cellular_telephone,bezel,bezel,device_bezel/left/01,0.3188351986421259,0.3188351986421259,0.3188351986421259,0.0,wrong_unique,wrong_unique,Not inferable from routing CSV alone; requires candidate lineage/stage trace
new216,new216__cellular_telephone__02,cellular_telephone__02,446207,hpid_split_group_ids,050,device,cellular_telephone,bezel,bezel,object_001/device_bezel/015,0.4745708154506438,0.4745708154506438,0.4745708154506438,0.0,wrong_unique,wrong_unique,Not inferable from routing CSV alone; requires candidate lineage/stage trace
new216,new216__hat__01,hat__01,453549,raw_proposals,025,daily_object,hat,strap,band,proposal/0002,0.09545454545454546,0.09545454545454546,0.09545454545454546,0.0,wrong_unique,wrong_unique,Not inferable from routing CSV alone; requires candidate lineage/stage trace
new216,new216__hat__01,hat__01,453549,raw_proposals,050,daily_object,hat,strap,band,proposal/0002,0.09545454545454546,0.09545454545454546,0.09545454545454546,0.0,wrong_unique,wrong_unique,Not inferable from routing CSV alone; requires candidate lineage/stage trace
new216,new216__hat__01,hat__01,453549,dbscan_fusion,025,daily_object,hat,strap,band,daily_object_band/left/01,0.10411622276029056,0.10411622276029056,0.10411622276029056,0.0,wrong_unique,wrong_unique,Not inferable from routing CSV alone; requires candidate lineage/stage trace
new216,new216__hat__01,hat__01,453549,dbscan_fusion,050,daily_object,hat,strap,band,daily_object_band/left/01,0.10411622276029056,0.10411622276029056,0.10411622276029056,0.0,wrong_unique,wrong_unique,Not inferable from routing CSV alone; requires candidate lineage/stage trace
new216,new216__hat__01,hat__01,453549,hpid_split_group_ids,025,daily_object,hat,strap,band,object_001/daily_object_band/002,0.0315712187958884,0.0315712187958884,0.0315712187958884,0.0,wrong_unique,wrong_unique,Not inferable from routing CSV alone; requires candidate lineage/stage trace
new216,new216__hat__01,hat__01,453549,hpid_split_group_ids,050,daily_object,hat,strap,band,object_001/daily_object_band/002,0.0315712187958884,0.0315712187958884,0.0315712187958884,0.0,wrong_unique,wrong_unique,Not inferable from routing CSV alone; requires candidate lineage/stage trace
new216,new216__bottle__02,bottle__02,460950,local_pairwise_crf,025,container,bottle,label,label,container_label/center/01,0.24282105822919436,0.24282105822919436,0.24282105822919436,0.0,ambiguous,ambiguous,Not inferable from routing CSV alone; requires candidate lineage/stage trace
new216,new216__bottle__02,bottle__02,460950,local_pairwise_crf,050,container,bottle,label,label,container_label/center/01,0.24282105822919436,0.24282105822919436,0.24282105822919436,0.0,ambiguous,ambiguous,Not inferable from routing CSV alone; requires candidate lineage/stage trace
new216,new216__fan__02,fan__02,462791,hpid_split_group_ids,050,device,fan,canopy,canopy,object_001/device_canopy/006,0.2545045045045045,0.2545045045045045,0.2545045045045045,0.0,correct_unique,wrong_unique,Not inferable from routing CSV alone; requires candidate lineage/stage trace
new216,new216__scarf__04,scarf__04,463284,raw_proposals,025,daily_object,scarf,fringes,fringe,proposal/0002,0.0,0.0,0.0,0.0,wrong_unique,wrong_unique,Not inferable from routing CSV alone; requires candidate lineage/stage trace
new216,new216__scarf__04,scarf__04,463284,raw_proposals,050,daily_object,scarf,fringes,fringe,proposal/0002,0.0,0.0,0.0,0.0,wrong_unique,wrong_unique,Not inferable from routing CSV alone; requires candidate lineage/stage trace
new216,new216__scarf__04,scarf__04,463284,greedy_nms,025,daily_object,scarf,fringes,fringe,daily_object_fringe/left/01,0.0,0.0,0.0,0.0,wrong_unique,wrong_unique,Not inferable from routing CSV alone; requires candidate lineage/stage trace
new216,new216__scarf__04,scarf__04,463284,greedy_nms,050,daily_object,scarf,fringes,fringe,daily_object_fringe/left/01,0.0,0.0,0.0,0.0,wrong_unique,wrong_unique,Not inferable from routing CSV alone; requires candidate lineage/stage trace
new216,new216__scarf__04,scarf__04,463284,dbscan_fusion,025,daily_object,scarf,fringes,fringe,daily_object_fringe/left/01,0.0,0.0,0.0,0.0,wrong_unique,wrong_unique,Not inferable from routing CSV alone; requires candidate lineage/stage trace
new216,new216__scarf__04,scarf__04,463284,dbscan_fusion,050,daily_object,scarf,fringes,fringe,daily_object_fringe/left/01,0.0,0.0,0.0,0.0,wrong_unique,wrong_unique,Not inferable from routing CSV alone; requires candidate lineage/stage trace
new216,new216__scarf__04,scarf__04,463284,local_pairwise_crf,025,daily_object,scarf,fringes,fringe,daily_object_fringe/left/01,0.0,0.0,0.0,0.0,wrong_unique,wrong_unique,Not inferable from routing CSV alone; requires candidate lineage/stage trace
new216,new216__scarf__04,scarf__04,463284,local_pairwise_crf,050,daily_object,scarf,fringes,fringe,daily_object_fringe/left/01,0.0,0.0,0.0,0.0,wrong_unique,wrong_unique,Not inferable from routing CSV alone; requires candidate lineage/stage trace
new216,new216__scarf__04,scarf__04,463284,hpid_split_group_ids,025,daily_object,scarf,fringes,fringe,object_001/daily_object_fringe/002,0.0,0.0,0.0,0.0,wrong_unique,wrong_unique,Not inferable from routing CSV alone; requires candidate lineage/stage trace
new216,new216__scarf__04,scarf__04,463284,hpid_split_group_ids,050,daily_object,scarf,fringes,fringe,object_001/daily_object_fringe/002,0.0,0.0,0.0,0.0,wrong_unique,wrong_unique,Not inferable from routing CSV alone; requires candidate lineage/stage trace
new216,new216__plastic_bag__02,plastic_bag__02,464928,raw_proposals,050,container,plastic_bag,text,label,proposal/0005,0.39574360273625536,0.39574360273625536,0.39574360273625536,0.0,wrong_unique,unresolved,Not inferable from routing CSV alone; requires candidate lineage/stage trace
new216,new216__plastic_bag__02,plastic_bag__02,464928,greedy_nms,050,container,plastic_bag,text,label,container_label/left/01,0.39574360273625536,0.39574360273625536,0.39574360273625536,0.0,wrong_unique,unresolved,Not inferable from routing CSV alone; requires candidate lineage/stage trace
new216,new216__plastic_bag__02,plastic_bag__02,464928,dbscan_fusion,050,container,plastic_bag,text,label,container_label/left/01,0.39574360273625536,0.39574360273625536,0.39574360273625536,0.0,wrong_unique,unresolved,Not inferable from routing CSV alone; requires candidate lineage/stage trace
new216,new216__plastic_bag__02,plastic_bag__02,464928,local_pairwise_crf,050,container,plastic_bag,text,label,container_label/left/01,0.39574360273625536,0.39574360273625536,0.39574360273625536,0.0,wrong_unique,unresolved,Not inferable from routing CSV alone; requires candidate lineage/stage trace
new216,new216__vase__03,vase__03,467315,greedy_nms,025,container,vase,neck,neck,container_neck/left/01,0.20426829268292682,0.20426829268292682,0.20426829268292682,0.0,correct_unique,unresolved,Not inferable from routing CSV alone; requires candidate lineage/stage trace
new216,new216__vase__03,vase__03,467315,greedy_nms,050,container,vase,neck,neck,container_neck/left/01,0.20426829268292682,0.20426829268292682,0.20426829268292682,0.0,correct_unique,unresolved,Not inferable from routing CSV alone; requires candidate lineage/stage trace
new216,new216__vase__03,vase__03,467315,dbscan_fusion,025,container,vase,neck,neck,container_neck/left/01,0.20426829268292682,0.20426829268292682,0.20426829268292682,0.0,correct_unique,unresolved,Not inferable from routing CSV alone; requires candidate lineage/stage trace
new216,new216__vase__03,vase__03,467315,dbscan_fusion,050,container,vase,neck,neck,container_neck/left/01,0.20426829268292682,0.20426829268292682,0.20426829268292682,0.0,correct_unique,unresolved,Not inferable from routing CSV alone; requires candidate lineage/stage trace
new216,new216__box__01,box__01,474579,raw_proposals,025,container,box,side,side,proposal/0002,0.09889991371872303,0.09889991371872303,0.09890791425104489,0.0,wrong_unique,wrong_unique,Not inferable from routing CSV alone; requires candidate lineage/stage trace
new216,new216__box__01,box__01,474579,raw_proposals,050,container,box,side,side,proposal/0002,0.09889991371872303,0.09889991371872303,0.09890791425104489,0.0,wrong_unique,wrong_unique,Not inferable from routing CSV alone; requires candidate lineage/stage trace
new216,new216__box__01,box__01,474579,hpid_split_group_ids,025,container,box,side,side,object_001/container_side/006,0.12867917909138749,0.12867917909138749,0.12867917909138749,0.0,wrong_unique,wrong_unique,Not inferable from routing CSV alone; requires candidate lineage/stage trace
new216,new216__box__01,box__01,474579,hpid_split_group_ids,050,container,box,side,side,object_001/container_side/006,0.12867917909138749,0.12867917909138749,0.12867917909138749,0.0,wrong_unique,wrong_unique,Not inferable from routing CSV alone; requires candidate lineage/stage trace
new216,new216__cup__01,cup__01,49286,raw_proposals,025,container,cup,rim,rim,proposal/0004,0.0,0.0,0.07762366807548068,0.0,wrong_unique,unresolved,Not inferable from routing CSV alone; requires candidate lineage/stage trace
new216,new216__cup__01,cup__01,49286,raw_proposals,050,container,cup,rim,rim,proposal/0004,0.0,0.0,0.07762366807548068,0.0,wrong_unique,unresolved,Not inferable from routing CSV alone; requires candidate lineage/stage trace
new216,new216__guitar__02,guitar__02,498997,raw_proposals,050,tool_prop,guitar,fingerboard,fingerboard,proposal/0003,0.3978328173374613,0.3978328173374613,0.3978328173374613,0.0,wrong_unique,unresolved,Not inferable from routing CSV alone; requires candidate lineage/stage trace
new216,new216__guitar__02,guitar__02,498997,greedy_nms,050,tool_prop,guitar,fingerboard,fingerboard,tool_prop_fingerboard/right/01,0.3978328173374613,0.3978328173374613,0.3978328173374613,0.0,wrong_unique,unresolved,Not inferable from routing CSV alone; requires candidate lineage/stage trace
new216,new216__guitar__02,guitar__02,498997,dbscan_fusion,050,tool_prop,guitar,fingerboard,fingerboard,tool_prop_fingerboard/right/01,0.3978328173374613,0.3978328173374613,0.3978328173374613,0.0,wrong_unique,unresolved,Not inferable from routing CSV alone; requires candidate lineage/stage trace
new216,new216__guitar__02,guitar__02,498997,local_pairwise_crf,050,tool_prop,guitar,fingerboard,fingerboard,tool_prop_fingerboard/right/01,0.3978328173374613,0.3978328173374613,0.3978328173374613,0.0,wrong_unique,unresolved,Not inferable from routing CSV alone; requires candidate lineage/stage trace
new216,new216__belt__03,belt__03,513456,raw_proposals,025,daily_object,belt,loop,belt_loop,proposal/0003,0.0,0.0,0.0471501609543647,0.0,wrong_unique,wrong_unique,Not inferable from routing CSV alone; requires candidate lineage/stage trace
new216,new216__belt__03,belt__03,513456,raw_proposals,050,daily_object,belt,loop,belt_loop,proposal/0003,0.0,0.0,0.0471501609543647,0.0,wrong_unique,wrong_unique,Not inferable from routing CSV alone; requires candidate lineage/stage trace
new216,new216__belt__03,belt__03,513456,greedy_nms,025,daily_object,belt,loop,belt_loop,daily_object_belt_loop/right/01,0.0,0.0,0.06321401370906321,0.0,wrong_unique,wrong_unique,Not inferable from routing CSV alone; requires candidate lineage/stage trace
new216,new216__belt__03,belt__03,513456,greedy_nms,050,daily_object,belt,loop,belt_loop,daily_object_belt_loop/right/01,0.0,0.0,0.06321401370906321,0.0,wrong_unique,wrong_unique,Not inferable from routing CSV alone; requires candidate lineage/stage trace
new216,new216__belt__03,belt__03,513456,dbscan_fusion,025,daily_object,belt,loop,belt_loop,daily_object_belt_loop/right/01,0.0,0.0,0.06321401370906321,0.0,wrong_unique,wrong_unique,Not inferable from routing CSV alone; requires candidate lineage/stage trace
new216,new216__belt__03,belt__03,513456,dbscan_fusion,050,daily_object,belt,loop,belt_loop,daily_object_belt_loop/right/01,0.0,0.0,0.06321401370906321,0.0,wrong_unique,wrong_unique,Not inferable from routing CSV alone; requires candidate lineage/stage trace
new216,new216__belt__03,belt__03,513456,local_pairwise_crf,025,daily_object,belt,loop,belt_loop,daily_object_belt_loop/right/01,0.0,0.0,0.06544021024967149,0.0,wrong_unique,wrong_unique,Not inferable from routing CSV alone; requires candidate lineage/stage trace
new216,new216__belt__03,belt__03,513456,local_pairwise_crf,050,daily_object,belt,loop,belt_loop,daily_object_belt_loop/right/01,0.0,0.0,0.06544021024967149,0.0,wrong_unique,wrong_unique,Not inferable from routing CSV alone; requires candidate lineage/stage trace
new216,new216__belt__03,belt__03,513456,hpid_split_group_ids,025,daily_object,belt,loop,belt_loop,object_001/daily_object_belt_loop/002,0.0,0.0,0.06382978723404255,0.0,wrong_unique,wrong_unique,Not inferable from routing CSV alone; requires candidate lineage/stage trace
new216,new216__belt__03,belt__03,513456,hpid_split_group_ids,050,daily_object,belt,loop,belt_loop,object_001/daily_object_belt_loop/002,0.0,0.0,0.06382978723404255,0.0,wrong_unique,wrong_unique,Not inferable from routing CSV alone; requires candidate lineage/stage trace
new216,new216__car_automobile__03,car_automobile__03,516167,greedy_nms,050,vehicle,car_(automobile),hood,hood,vehicle_hood/right/01,0.47961867192636426,0.47961867192636426,0.47961867192636426,0.0,correct_unique,wrong_unique,Not inferable from routing CSV alone; requires candidate lineage/stage trace
new216,new216__car_automobile__03,car_automobile__03,516167,dbscan_fusion,025,vehicle,car_(automobile),hood,hood,vehicle_hood/right/01,0.21136449302676216,0.21136449302676216,0.21136449302676216,0.0,correct_unique,wrong_unique,Not inferable from routing CSV alone; requires candidate lineage/stage trace
new216,new216__car_automobile__03,car_automobile__03,516167,dbscan_fusion,050,vehicle,car_(automobile),hood,hood,vehicle_hood/right/01,0.21136449302676216,0.21136449302676216,0.21136449302676216,0.0,correct_unique,wrong_unique,Not inferable from routing CSV alone; requires candidate lineage/stage trace
new216,new216__car_automobile__03,car_automobile__03,516167,hpid_split_group_ids,025,vehicle,car_(automobile),hood,hood,object_001/vehicle_hood/008,0.07951476093446429,0.07951476093446429,0.3280194315707186,1.0,correct_unique,wrong_unique,Not inferable from routing CSV alone; requires candidate lineage/stage trace
new216,new216__car_automobile__03,car_automobile__03,516167,hpid_split_group_ids,050,vehicle,car_(automobile),hood,hood,object_001/vehicle_hood/008,0.07951476093446429,0.07951476093446429,0.3280194315707186,0.0,correct_unique,wrong_unique,Not inferable from routing CSV alone; requires candidate lineage/stage trace
new216,new216__telephone__03,telephone__03,516916,raw_proposals,025,device,telephone,bezel,bezel,proposal/0009,0.13682795698924732,0.13682795698924732,0.5932690681549129,1.0,wrong_unique,wrong_unique,Not inferable from routing CSV alone; requires candidate lineage/stage trace
new216,new216__telephone__03,telephone__03,516916,raw_proposals,050,device,telephone,bezel,bezel,proposal/0009,0.13682795698924732,0.13682795698924732,0.5932690681549129,1.0,wrong_unique,wrong_unique,Not inferable from routing CSV alone; requires candidate lineage/stage trace
new216,new216__telephone__03,telephone__03,516916,dbscan_fusion,025,device,telephone,bezel,bezel,device_bezel/right/01,0.10459801021780048,0.10459801021780048,0.44744929317762755,1.0,wrong_unique,wrong_unique,Not inferable from routing CSV alone; requires candidate lineage/stage trace
new216,new216__telephone__03,telephone__03,516916,dbscan_fusion,050,device,telephone,bezel,bezel,device_bezel/right/01,0.10459801021780048,0.10459801021780048,0.44744929317762755,0.0,wrong_unique,wrong_unique,Not inferable from routing CSV alone; requires candidate lineage/stage trace
new216,new216__telephone__03,telephone__03,516916,local_pairwise_crf,025,device,telephone,bezel,bezel,device_bezel/right/01,0.08860759493670886,0.08860759493670886,0.4531660934655068,1.0,wrong_unique,wrong_unique,Not inferable from routing CSV alone; requires candidate lineage/stage trace
new216,new216__telephone__03,telephone__03,516916,local_pairwise_crf,050,device,telephone,bezel,bezel,device_bezel/right/01,0.08860759493670886,0.08860759493670886,0.4531660934655068,0.0,wrong_unique,wrong_unique,Not inferable from routing CSV alone; requires candidate lineage/stage trace
new216,new216__telephone__03,telephone__03,516916,hpid_split_group_ids,025,device,telephone,bezel,bezel,object_001/device_bezel/007,0.13682795698924732,0.13682795698924732,0.4025657681065281,1.0,wrong_unique,wrong_unique,Not inferable from routing CSV alone; requires candidate lineage/stage trace
new216,new216__telephone__03,telephone__03,516916,hpid_split_group_ids,050,device,telephone,bezel,bezel,object_001/device_bezel/007,0.13682795698924732,0.13682795698924732,0.4025657681065281,0.0,wrong_unique,wrong_unique,Not inferable from routing CSV alone; requires candidate lineage/stage trace
new216,new216__mug__04,mug__04,53465,raw_proposals,025,container,mug,body,body,proposal/0001,0.2330401073505293,0.2330401073505293,0.2330401073505293,0.0,wrong_unique,correct_unique,Not inferable from routing CSV alone; requires candidate lineage/stage trace
new216,new216__mug__04,mug__04,53465,raw_proposals,050,container,mug,body,body,proposal/0001,0.2330401073505293,0.2330401073505293,0.2330401073505293,0.0,wrong_unique,wrong_unique,Not inferable from routing CSV alone; requires candidate lineage/stage trace
new216,new216__mug__04,mug__04,53465,greedy_nms,050,container,mug,body,body,container/right/01,0.4890488110137672,0.4890488110137672,0.4890488110137672,0.0,wrong_unique,wrong_unique,Not inferable from routing CSV alone; requires candidate lineage/stage trace
new216,new216__mug__04,mug__04,53465,dbscan_fusion,050,container,mug,body,body,container/right/01,0.4890488110137672,0.4890488110137672,0.4890488110137672,0.0,wrong_unique,wrong_unique,Not inferable from routing CSV alone; requires candidate lineage/stage trace
new216,new216__mug__04,mug__04,53465,hpid_split_group_ids,050,container,mug,body,body,object_001/container_body,0.4296907216494845,0.4296907216494845,0.4296907216494845,0.0,wrong_unique,wrong_unique,Not inferable from routing CSV alone; requires candidate lineage/stage trace
new216,new216__jar__03,jar__03,536935,raw_proposals,050,container,jar,body,body,proposal/0001,0.33347289093573373,0.33347289093573373,0.8622777147181233,1.0,wrong_unique,wrong_unique,Not inferable from routing CSV alone; requires candidate lineage/stage trace
new216,new216__jar__03,jar__03,536935,greedy_nms,050,container,jar,body,body,container/right/01,0.3827650013217023,0.3827650013217023,0.3827650013217023,0.0,wrong_unique,wrong_unique,Not inferable from routing CSV alone; requires candidate lineage/stage trace
new216,new216__jar__03,jar__03,536935,dbscan_fusion,025,container,jar,body,body,container/left/01,0.028132644740418593,0.028132644740418593,0.5246382479468127,1.0,correct_unique,correct_unique,Not inferable from routing CSV alone; requires candidate lineage/stage trace
new216,new216__jar__03,jar__03,536935,dbscan_fusion,050,container,jar,body,body,container/left/01,0.028132644740418593,0.028132644740418593,0.5246382479468127,1.0,wrong_unique,wrong_unique,Not inferable from routing CSV alone; requires candidate lineage/stage trace
new216,new216__jar__03,jar__03,536935,hpid_split_group_ids,050,container,jar,body,body,object_001/container_body,0.28555470222718704,0.28555470222718704,0.28555470222718704,0.0,wrong_unique,wrong_unique,Not inferable from routing CSV alone; requires candidate lineage/stage trace
new216,new216__cup__04,cup__04,558092,raw_proposals,025,container,cup,inner_body,inner,proposal/0002,0.0,0.0,0.0,0.0,wrong_unique,wrong_unique,Not inferable from routing CSV alone; requires candidate lineage/stage trace
new216,new216__cup__04,cup__04,558092,raw_proposals,050,container,cup,inner_body,inner,proposal/0002,0.0,0.0,0.0,0.0,wrong_unique,wrong_unique,Not inferable from routing CSV alone; requires candidate lineage/stage trace
new216,new216__cup__04,cup__04,558092,greedy_nms,025,container,cup,inner_body,inner,container_inner/left/01,0.0,0.0,0.0,0.0,wrong_unique,wrong_unique,Not inferable from routing CSV alone; requires candidate lineage/stage trace
new216,new216__cup__04,cup__04,558092,greedy_nms,050,container,cup,inner_body,inner,container_inner/left/01,0.0,0.0,0.0,0.0,wrong_unique,wrong_unique,Not inferable from routing CSV alone; requires candidate lineage/stage trace
new216,new216__cup__04,cup__04,558092,dbscan_fusion,025,container,cup,inner_body,inner,container_inner/left/01,0.0,0.0,0.0,0.0,wrong_unique,wrong_unique,Not inferable from routing CSV alone; requires candidate lineage/stage trace
new216,new216__cup__04,cup__04,558092,dbscan_fusion,050,container,cup,inner_body,inner,container_inner/left/01,0.0,0.0,0.0,0.0,wrong_unique,wrong_unique,Not inferable from routing CSV alone; requires candidate lineage/stage trace
new216,new216__cup__04,cup__04,558092,local_pairwise_crf,025,container,cup,inner_body,inner,container_inner/left/01,0.0,0.0,0.0,0.0,wrong_unique,wrong_unique,Not inferable from routing CSV alone; requires candidate lineage/stage trace
new216,new216__cup__04,cup__04,558092,local_pairwise_crf,050,container,cup,inner_body,inner,container_inner/left/01,0.0,0.0,0.0,0.0,wrong_unique,wrong_unique,Not inferable from routing CSV alone; requires candidate lineage/stage trace
new216,new216__cup__04,cup__04,558092,hpid_split_group_ids,025,container,cup,inner_body,inner,object_001/container_inner/002,0.0,0.0,0.0,0.0,wrong_unique,wrong_unique,Not inferable from routing CSV alone; requires candidate lineage/stage trace
new216,new216__cup__04,cup__04,558092,hpid_split_group_ids,050,container,cup,inner_body,inner,object_001/container_inner/002,0.0,0.0,0.0,0.0,wrong_unique,wrong_unique,Not inferable from routing CSV alone; requires candidate lineage/stage trace
new216,new216__lamp__03,lamp__03,568584,raw_proposals,050,device,lamp,shade_inner_side,shade,proposal/0002,0.40641627543035996,0.40641627543035996,0.414423740510697,0.0,wrong_unique,wrong_unique,Not inferable from routing CSV alone; requires candidate lineage/stage trace
new216,new216__lamp__03,lamp__03,568584,dbscan_fusion,025,device,lamp,shade_inner_side,shade,device_shade/left/01,0.21915227629513342,0.21915227629513342,0.414423740510697,1.0,correct_unique,correct_unique,Not inferable from routing CSV alone; requires candidate lineage/stage trace
new216,new216__lamp__03,lamp__03,568584,dbscan_fusion,050,device,lamp,shade_inner_side,shade,device_shade/left/01,0.21915227629513342,0.21915227629513342,0.414423740510697,0.0,wrong_unique,wrong_unique,Not inferable from routing CSV alone; requires candidate lineage/stage trace
new216,new216__lamp__03,lamp__03,568584,local_pairwise_crf,025,device,lamp,shade_inner_side,shade,device_shade/left/01,0.21915227629513342,0.21915227629513342,0.4145667932343804,1.0,correct_unique,correct_unique,Not inferable from routing CSV alone; requires candidate lineage/stage trace
new216,new216__lamp__03,lamp__03,568584,local_pairwise_crf,050,device,lamp,shade_inner_side,shade,device_shade/left/01,0.21915227629513342,0.21915227629513342,0.4145667932343804,0.0,wrong_unique,wrong_unique,Not inferable from routing CSV alone; requires candidate lineage/stage trace
new216,new216__lamp__03,lamp__03,568584,hpid_split_group_ids,050,device,lamp,shade_inner_side,shade,object_001/device_shade/006,0.44536224401996216,0.44536224401996216,0.44536224401996216,0.0,wrong_unique,wrong_unique,Not inferable from routing CSV alone; requires candidate lineage/stage trace
new216,new216__handbag__03,handbag__03,569878,raw_proposals,025,container,handbag,rim,opening,proposal/0016,0.004957713619130942,0.004957713619130942,0.3423704414587332,1.0,wrong_unique,wrong_unique,Not inferable from routing CSV alone; requires candidate lineage/stage trace
new216,new216__handbag__03,handbag__03,569878,raw_proposals,050,container,handbag,rim,opening,proposal/0016,0.004957713619130942,0.004957713619130942,0.3423704414587332,0.0,wrong_unique,wrong_unique,Not inferable from routing CSV alone; requires candidate lineage/stage trace
new216,new216__handbag__03,handbag__03,569878,greedy_nms,025,container,handbag,rim,opening,container_opening/center/01,0.004957713619130942,0.004957713619130942,0.16080402010050251,0.0,wrong_unique,wrong_unique,Not inferable from routing CSV alone; requires candidate lineage/stage trace
new216,new216__handbag__03,handbag__03,569878,greedy_nms,050,container,handbag,rim,opening,container_opening/center/01,0.004957713619130942,0.004957713619130942,0.16080402010050251,0.0,wrong_unique,wrong_unique,Not inferable from routing CSV alone; requires candidate lineage/stage trace
new216,new216__handbag__03,handbag__03,569878,dbscan_fusion,025,container,handbag,rim,opening,container_opening/center/01,0.004957713619130942,0.004957713619130942,0.22070260123357469,0.0,wrong_unique,wrong_unique,Not inferable from routing CSV alone; requires candidate lineage/stage trace
new216,new216__handbag__03,handbag__03,569878,dbscan_fusion,050,container,handbag,rim,opening,container_opening/center/01,0.004957713619130942,0.004957713619130942,0.22070260123357469,0.0,wrong_unique,wrong_unique,Not inferable from routing CSV alone; requires candidate lineage/stage trace
new216,new216__handbag__03,handbag__03,569878,local_pairwise_crf,025,container,handbag,rim,opening,container_opening/right/01,0.0036079374624173183,0.0036079374624173183,0.15934554508269608,0.0,wrong_unique,wrong_unique,Not inferable from routing CSV alone; requires candidate lineage/stage trace
new216,new216__handbag__03,handbag__03,569878,local_pairwise_crf,050,container,handbag,rim,opening,container_opening/right/01,0.0036079374624173183,0.0036079374624173183,0.15934554508269608,0.0,wrong_unique,wrong_unique,Not inferable from routing CSV alone; requires candidate lineage/stage trace
new216,new216__handbag__03,handbag__03,569878,hpid_split_group_ids,025,container,handbag,rim,opening,object_001/container_opening/003,0.004975124378109453,0.004975124378109453,0.13607305936073058,0.0,wrong_unique,wrong_unique,Not inferable from routing CSV alone; requires candidate lineage/stage trace
new216,new216__handbag__03,handbag__03,569878,hpid_split_group_ids,050,container,handbag,rim,opening,object_001/container_opening/003,0.004975124378109453,0.004975124378109453,0.13607305936073058,0.0,wrong_unique,wrong_unique,Not inferable from routing CSV alone; requires candidate lineage/stage trace
new216,new216__crate__01,crate__01,61108,raw_proposals,025,container,crate,inner_side,side,proposal/0005,0.0,0.0,0.058410188844971456,0.0,wrong_unique,wrong_unique,Not inferable from routing CSV alone; requires candidate lineage/stage trace
new216,new216__crate__01,crate__01,61108,raw_proposals,050,container,crate,inner_side,side,proposal/0005,0.0,0.0,0.058410188844971456,0.0,wrong_unique,wrong_unique,Not inferable from routing CSV alone; requires candidate lineage/stage trace
new216,new216__crate__01,crate__01,61108,greedy_nms,025,container,crate,inner_side,side,container_side/left/01,0.0,0.0,0.06586332122812809,0.0,wrong_unique,wrong_unique,Not inferable from routing CSV alone; requires candidate lineage/stage trace
new216,new216__crate__01,crate__01,61108,greedy_nms,050,container,crate,inner_side,side,container_side/left/01,0.0,0.0,0.06586332122812809,0.0,wrong_unique,wrong_unique,Not inferable from routing CSV alone; requires candidate lineage/stage trace
new216,new216__crate__01,crate__01,61108,dbscan_fusion,025,container,crate,inner_side,side,container_side/left/01,0.0,0.0,0.06586332122812809,0.0,wrong_unique,wrong_unique,Not inferable from routing CSV alone; requires candidate lineage/stage trace
new216,new216__crate__01,crate__01,61108,dbscan_fusion,050,container,crate,inner_side,side,container_side/left/01,0.0,0.0,0.06586332122812809,0.0,wrong_unique,wrong_unique,Not inferable from routing CSV alone; requires candidate lineage/stage trace
new216,new216__crate__01,crate__01,61108,local_pairwise_crf,025,container,crate,inner_side,side,container_side/left/01,0.0,0.0,0.06585607394366197,0.0,wrong_unique,wrong_unique,Not inferable from routing CSV alone; requires candidate lineage/stage trace
new216,new216__crate__01,crate__01,61108,local_pairwise_crf,050,container,crate,inner_side,side,container_side/left/01,0.0,0.0,0.06585607394366197,0.0,wrong_unique,wrong_unique,Not inferable from routing CSV alone; requires candidate lineage/stage trace
new216,new216__crate__01,crate__01,61108,hpid_split_group_ids,025,container,crate,inner_side,side,object_001/container_side/003,0.0,0.0,0.06229508196721312,0.0,wrong_unique,wrong_unique,Not inferable from routing CSV alone; requires candidate lineage/stage trace
new216,new216__crate__01,crate__01,61108,hpid_split_group_ids,050,container,crate,inner_side,side,object_001/container_side/003,0.0,0.0,0.06229508196721312,0.0,wrong_unique,wrong_unique,Not inferable from routing CSV alone; requires candidate lineage/stage trace
new216,new216__remote_control__04,remote_control__04,6422,dbscan_fusion,025,device,remote_control,button,button,device_button/left/01,0.15489311957247828,0.15489311957247828,0.15489311957247828,0.0,ambiguous,wrong_unique,Not inferable from routing CSV alone; requires candidate lineage/stage trace
new216,new216__remote_control__04,remote_control__04,6422,dbscan_fusion,050,device,remote_control,button,button,device_button/left/01,0.15489311957247828,0.15489311957247828,0.15489311957247828,0.0,ambiguous,wrong_unique,Not inferable from routing CSV alone; requires candidate lineage/stage trace
new216,new216__remote_control__04,remote_control__04,6422,hpid_split_group_ids,025,device,remote_control,button,button,object_001/device_button/002,0.15236106375724515,0.15236106375724515,0.15236106375724515,0.0,ambiguous,wrong_unique,Not inferable from routing CSV alone; requires candidate lineage/stage trace
new216,new216__remote_control__04,remote_control__04,6422,hpid_split_group_ids,050,device,remote_control,button,button,object_001/device_button/002,0.15236106375724515,0.15236106375724515,0.15236106375724515,0.0,ambiguous,wrong_unique,Not inferable from routing CSV alone; requires candidate lineage/stage trace
new216,new216__belt__01,belt__01,96215,raw_proposals,025,daily_object,belt,buckle,buckle,proposal/0002,0.023391812865497075,0.023391812865497075,0.023391812865497075,0.0,wrong_unique,unresolved,Not inferable from routing CSV alone; requires candidate lineage/stage trace
new216,new216__belt__01,belt__01,96215,raw_proposals,050,daily_object,belt,buckle,buckle,proposal/0002,0.023391812865497075,0.023391812865497075,0.023391812865497075,0.0,wrong_unique,unresolved,Not inferable from routing CSV alone; requires candidate lineage/stage trace
new216,new216__belt__01,belt__01,96215,greedy_nms,025,daily_object,belt,buckle,buckle,daily_object_buckle/left/01,0.011764705882352941,0.011764705882352941,0.011764705882352941,0.0,wrong_unique,unresolved,Not inferable from routing CSV alone; requires candidate lineage/stage trace
new216,new216__belt__01,belt__01,96215,greedy_nms,050,daily_object,belt,buckle,buckle,daily_object_buckle/left/01,0.011764705882352941,0.011764705882352941,0.011764705882352941,0.0,wrong_unique,unresolved,Not inferable from routing CSV alone; requires candidate lineage/stage trace
new216,new216__belt__01,belt__01,96215,dbscan_fusion,025,daily_object,belt,buckle,buckle,daily_object_buckle/left/01,0.011764705882352941,0.011764705882352941,0.011764705882352941,0.0,wrong_unique,unresolved,Not inferable from routing CSV alone; requires candidate lineage/stage trace
new216,new216__belt__01,belt__01,96215,dbscan_fusion,050,daily_object,belt,buckle,buckle,daily_object_buckle/left/01,0.011764705882352941,0.011764705882352941,0.011764705882352941,0.0,wrong_unique,unresolved,Not inferable from routing CSV alone; requires candidate lineage/stage trace
new216,new216__knife__04,knife__04,98085,raw_proposals,025,tool_prop,knife,blade,blade,proposal/0002,0.22318737812444603,0.22318737812444603,0.22318737812444603,0.0,wrong_unique,wrong_unique,Not inferable from routing CSV alone; requires candidate lineage/stage trace
new216,new216__knife__04,knife__04,98085,raw_proposals,050,tool_prop,knife,blade,blade,proposal/0002,0.22318737812444603,0.22318737812444603,0.22318737812444603,0.0,wrong_unique,wrong_unique,Not inferable from routing CSV alone; requires candidate lineage/stage trace
new216,new216__knife__04,knife__04,98085,greedy_nms,025,tool_prop,knife,blade,blade,tool_prop_blade/left/01,0.22318737812444603,0.22318737812444603,0.22318737812444603,0.0,wrong_unique,wrong_unique,Not inferable from routing CSV alone; requires candidate lineage/stage trace
new216,new216__knife__04,knife__04,98085,greedy_nms,050,tool_prop,knife,blade,blade,tool_prop_blade/left/01,0.22318737812444603,0.22318737812444603,0.22318737812444603,0.0,wrong_unique,wrong_unique,Not inferable from routing CSV alone; requires candidate lineage/stage trace
new216,new216__knife__04,knife__04,98085,dbscan_fusion,025,tool_prop,knife,blade,blade,tool_prop_blade/left/01,0.22318737812444603,0.22318737812444603,0.22318737812444603,0.0,wrong_unique,wrong_unique,Not inferable from routing CSV alone; requires candidate lineage/stage trace
new216,new216__knife__04,knife__04,98085,dbscan_fusion,050,tool_prop,knife,blade,blade,tool_prop_blade/left/01,0.22318737812444603,0.22318737812444603,0.22318737812444603,0.0,wrong_unique,wrong_unique,Not inferable from routing CSV alone; requires candidate lineage/stage trace
new216,new216__knife__04,knife__04,98085,local_pairwise_crf,025,tool_prop,knife,blade,blade,tool_prop_blade/left/01,0.22314929877507544,0.22314929877507544,0.22314929877507544,0.0,wrong_unique,wrong_unique,Not inferable from routing CSV alone; requires candidate lineage/stage trace
new216,new216__knife__04,knife__04,98085,local_pairwise_crf,050,tool_prop,knife,blade,blade,tool_prop_blade/left/01,0.22314929877507544,0.22314929877507544,0.22314929877507544,0.0,wrong_unique,wrong_unique,Not inferable from routing CSV alone; requires candidate lineage/stage trace
new216,new216__knife__04,knife__04,98085,hpid_split_group_ids,025,tool_prop,knife,blade,blade,object_001/tool_prop_blade,0.0,0.0,0.17958412098298676,0.0,wrong_unique,wrong_unique,Not inferable from routing CSV alone; requires candidate lineage/stage trace
new216,new216__knife__04,knife__04,98085,hpid_split_group_ids,050,tool_prop,knife,blade,blade,object_001/tool_prop_blade,0.0,0.0,0.17958412098298676,0.0,wrong_unique,wrong_unique,Not inferable from routing CSV alone; requires candidate lineage/stage trace
new216,new216__carton__03,carton__03,98582,greedy_nms,025,container,carton,inner_side,side,container_side/right/01,0.0,0.0,0.16646345836620527,0.0,ambiguous,ambiguous,Not inferable from routing CSV alone; requires candidate lineage/stage trace
new216,new216__carton__03,carton__03,98582,greedy_nms,050,container,carton,inner_side,side,container_side/right/01,0.0,0.0,0.16646345836620527,0.0,ambiguous,ambiguous,Not inferable from routing CSV alone; requires candidate lineage/stage trace
new216,new216__wallet__02,wallet__02,98642,raw_proposals,025,daily_object,wallet,inner_body,inner,proposal/0003,0.05253181695098836,0.05253181695098836,0.05253181695098836,0.0,wrong_unique,unresolved,Not inferable from routing CSV alone; requires candidate lineage/stage trace
new216,new216__wallet__02,wallet__02,98642,raw_proposals,050,daily_object,wallet,inner_body,inner,proposal/0003,0.05253181695098836,0.05253181695098836,0.05253181695098836,0.0,wrong_unique,unresolved,Not inferable from routing CSV alone; requires candidate lineage/stage trace
combined,old37__calculator__u01,calculator__u01,104982,greedy_nms,025,device,cellular_telephone,bezel,bezel,device_bezel/right/01,0.009445319011019538,0.009445319011019538,0.24964668338272167,0.0,ambiguous,correct_unique,Not inferable from routing CSV alone; requires candidate lineage/stage trace
combined,old37__calculator__u01,calculator__u01,104982,greedy_nms,050,device,cellular_telephone,bezel,bezel,device_bezel/right/01,0.009445319011019538,0.009445319011019538,0.24964668338272167,0.0,ambiguous,correct_unique,Not inferable from routing CSV alone; requires candidate lineage/stage trace
combined,old37__calculator__u01,calculator__u01,104982,dbscan_fusion,025,device,cellular_telephone,bezel,bezel,device_bezel/right/01,0.08240396530359356,0.08240396530359356,0.25968109339407747,1.0,ambiguous,correct_unique,Not inferable from routing CSV alone; requires candidate lineage/stage trace
combined,old37__calculator__u01,calculator__u01,104982,dbscan_fusion,050,device,cellular_telephone,bezel,bezel,device_bezel/right/01,0.08240396530359356,0.08240396530359356,0.25968109339407747,0.0,ambiguous,correct_unique,Not inferable from routing CSV alone; requires candidate lineage/stage trace
combined,new216__spoon__04,spoon__04,106557,greedy_nms,025,tool_prop,spoon,bowl,bowl,tool_prop_bowl/right/01,0.0,0.0,0.5553455723542117,1.0,ambiguous,wrong_unique,Not inferable from routing CSV alone; requires candidate lineage/stage trace
combined,new216__spoon__04,spoon__04,106557,greedy_nms,050,tool_prop,spoon,bowl,bowl,tool_prop_bowl/right/01,0.0,0.0,0.5553455723542117,1.0,ambiguous,wrong_unique,Not inferable from routing CSV alone; requires candidate lineage/stage trace
combined,new216__spoon__04,spoon__04,106557,dbscan_fusion,025,tool_prop,spoon,bowl,bowl,tool_prop_bowl/right/01,0.0,0.0,0.5553455723542117,1.0,ambiguous,wrong_unique,Not inferable from routing CSV alone; requires candidate lineage/stage trace
combined,new216__spoon__04,spoon__04,106557,dbscan_fusion,050,tool_prop,spoon,bowl,bowl,tool_prop_bowl/right/01,0.0,0.0,0.5553455723542117,1.0,ambiguous,wrong_unique,Not inferable from routing CSV alone; requires candidate lineage/stage trace
combined,new216__spoon__04,spoon__04,106557,local_pairwise_crf,025,tool_prop,spoon,bowl,bowl,tool_prop_bowl/right/01,0.0,0.0,0.5702800110895481,1.0,ambiguous,wrong_unique,Not inferable from routing CSV alone; requires candidate lineage/stage trace
combined,new216__spoon__04,spoon__04,106557,local_pairwise_crf,050,tool_prop,spoon,bowl,bowl,tool_prop_bowl/right/01,0.0,0.0,0.5702800110895481,1.0,ambiguous,wrong_unique,Not inferable from routing CSV alone; requires candidate lineage/stage trace
combined,new216__spoon__04,spoon__04,106557,hpid_split_group_ids,025,tool_prop,spoon,bowl,bowl,object_001/tool_prop_bowl/002,0.17488599003075617,0.17488599003075617,0.17488599003075617,0.0,ambiguous,wrong_unique,Not inferable from routing CSV alone; requires candidate lineage/stage trace
combined,new216__spoon__04,spoon__04,106557,hpid_split_group_ids,050,tool_prop,spoon,bowl,bowl,object_001/tool_prop_bowl/002,0.17488599003075617,0.17488599003075617,0.17488599003075617,0.0,ambiguous,wrong_unique,Not inferable from routing CSV alone; requires candidate lineage/stage trace
combined,new216__watch__01,watch__01,120420,raw_proposals,025,device,watch,case,body,proposal/0001,0.09196499602227526,0.09196499602227526,0.7275280898876404,1.0,wrong_unique,wrong_unique,Not inferable from routing CSV alone; requires candidate lineage/stage trace
combined,new216__watch__01,watch__01,120420,raw_proposals,050,device,watch,case,body,proposal/0001,0.09196499602227526,0.09196499602227526,0.7275280898876404,1.0,wrong_unique,wrong_unique,Not inferable from routing CSV alone; requires candidate lineage/stage trace
combined,new216__watch__01,watch__01,120420,greedy_nms,025,device,watch,case,body,device/left/01,0.0029356818788364024,0.0029356818788364024,0.2109375,0.0,wrong_unique,wrong_unique,Not inferable from routing CSV alone; requires candidate lineage/stage trace
combined,new216__watch__01,watch__01,120420,greedy_nms,050,device,watch,case,body,device/left/01,0.0029356818788364024,0.0029356818788364024,0.2109375,0.0,wrong_unique,wrong_unique,Not inferable from routing CSV alone; requires candidate lineage/stage trace
combined,new216__watch__01,watch__01,120420,dbscan_fusion,025,device,watch,case,body,device/left/01,0.002925531914893617,0.002925531914893617,0.21166791323859388,0.0,wrong_unique,wrong_unique,Not inferable from routing CSV alone; requires candidate lineage/stage trace
combined,new216__watch__01,watch__01,120420,dbscan_fusion,050,device,watch,case,body,device/left/01,0.002925531914893617,0.002925531914893617,0.21166791323859388,0.0,wrong_unique,wrong_unique,Not inferable from routing CSV alone; requires candidate lineage/stage trace
combined,new216__watch__01,watch__01,120420,hpid_split_group_ids,025,device,watch,case,body,object_001/device_body,0.0021101992966002345,0.0021101992966002345,0.662807525325615,1.0,wrong_unique,wrong_unique,Not inferable from routing CSV alone; requires candidate lineage/stage trace
combined,new216__watch__01,watch__01,120420,hpid_split_group_ids,050,device,watch,case,body,object_001/device_body,0.0021101992966002345,0.0021101992966002345,0.662807525325615,1.0,wrong_unique,wrong_unique,Not inferable from routing CSV alone; requires candidate lineage/stage trace
combined,new216__television_set__02,television_set__02,131131,raw_proposals,050,device,television_set,side,side_panel,proposal/0005,0.2583539729587072,0.2583539729587072,0.2919823404371287,0.0,wrong_unique,unresolved,Not inferable from routing CSV alone; requires candidate lineage/stage trace
combined,new216__television_set__02,television_set__02,131131,dbscan_fusion,025,device,television_set,side,side_panel,device_side_panel/left/01,0.1797591153861964,0.1797591153861964,0.2919823404371287,1.0,correct_unique,unresolved,Not inferable from routing CSV alone; requires candidate lineage/stage trace
combined,new216__television_set__02,television_set__02,131131,dbscan_fusion,050,device,television_set,side,side_panel,device_side_panel/left/01,0.1797591153861964,0.1797591153861964,0.2919823404371287,0.0,wrong_unique,unresolved,Not inferable from routing CSV alone; requires candidate lineage/stage trace
combined,new216__television_set__02,television_set__02,131131,local_pairwise_crf,025,device,television_set,side,side_panel,device_side_panel/left/01,0.17967369416019396,0.17967369416019396,0.2919823404371287,1.0,correct_unique,unresolved,Not inferable from routing CSV alone; requires candidate lineage/stage trace
combined,new216__television_set__02,television_set__02,131131,local_pairwise_crf,050,device,television_set,side,side_panel,device_side_panel/left/01,0.17967369416019396,0.17967369416019396,0.2919823404371287,0.0,wrong_unique,unresolved,Not inferable from routing CSV alone; requires candidate lineage/stage trace
combined,new216__car_automobile__01,car_automobile__01,150137,raw_proposals,025,vehicle,car_(automobile),fender,fender,proposal/0010,0.0,0.0,0.16441724808418162,0.0,wrong_unique,unresolved,Not inferable from routing CSV alone; requires candidate lineage/stage trace
combined,new216__car_automobile__01,car_automobile__01,150137,raw_proposals,050,vehicle,car_(automobile),fender,fender,proposal/0010,0.0,0.0,0.16441724808418162,0.0,wrong_unique,unresolved,Not inferable from routing CSV alone; requires candidate lineage/stage trace
combined,new216__bucket__03,bucket__03,161222,hpid_split_group_ids,025,container,bucket,inner_body,inner,object_001/container_inner/007,0.06011291929591498,0.06011291929591498,0.8497409326424871,1.0,correct_unique,wrong_unique,Not inferable from routing CSV alone; requires candidate lineage/stage trace
combined,new216__bucket__03,bucket__03,161222,hpid_split_group_ids,050,container,bucket,inner_body,inner,object_001/container_inner/007,0.06011291929591498,0.06011291929591498,0.8497409326424871,1.0,correct_unique,wrong_unique,Not inferable from routing CSV alone; requires candidate lineage/stage trace
combined,old37__can__u01,can__u01,172012,raw_proposals,025,container,can,body,body,proposal/0001,0.21076181734740707,0.21076181734740707,0.21076181734740707,0.0,wrong_unique,correct_unique,Not inferable from routing CSV alone; requires candidate lineage/stage trace
combined,old37__can__u01,can__u01,172012,raw_proposals,050,container,can,body,body,proposal/0001,0.21076181734740707,0.21076181734740707,0.21076181734740707,0.0,wrong_unique,wrong_unique,Not inferable from routing CSV alone; requires candidate lineage/stage trace
combined,old37__can__u01,can__u01,172012,greedy_nms,050,container,can,body,body,container/left/01,0.3449447748513169,0.3449447748513169,0.3449447748513169,0.0,wrong_unique,wrong_unique,Not inferable from routing CSV alone; requires candidate lineage/stage trace
combined,old37__can__u01,can__u01,172012,dbscan_fusion,050,container,can,body,body,container/left/01,0.30959537572254336,0.30959537572254336,0.30959537572254336,0.0,wrong_unique,wrong_unique,Not inferable from routing CSV alone; requires candidate lineage/stage trace
combined,old37__can__u01,can__u01,172012,hpid_split_group_ids,050,container,can,body,body,object_001/container_body,0.32855597620335314,0.32855597620335314,0.32855597620335314,0.0,wrong_unique,wrong_unique,Not inferable from routing CSV alone; requires candidate lineage/stage trace
combined,new216__bicycle__03,bicycle__03,174482,hpid_split_group_ids,050,vehicle,bicycle,saddle,seat,object_001/vehicle_seat/004,0.3219087793303454,0.3219087793303454,0.3219087793303454,0.0,correct_unique,wrong_unique,Not inferable from routing CSV alone; requires candidate lineage/stage trace
combined,new216__sweater__04,sweater__04,175781,greedy_nms,025,daily_object,sweater,sleeve,sleeve,daily_object_sleeve/center/01,0.0049056042812546455,0.0049056042812546455,0.3268867238621492,1.0,ambiguous,ambiguous,Not inferable from routing CSV alone; requires candidate lineage/stage trace
combined,new216__sweater__04,sweater__04,175781,greedy_nms,050,daily_object,sweater,sleeve,sleeve,daily_object_sleeve/center/01,0.0049056042812546455,0.0049056042812546455,0.3268867238621492,0.0,ambiguous,ambiguous,Not inferable from routing CSV alone; requires candidate lineage/stage trace
combined,new216__sweater__04,sweater__04,175781,dbscan_fusion,025,daily_object,sweater,sleeve,sleeve,daily_object_sleeve/left/01,0.008426558186837135,0.008426558186837135,0.3268867238621492,1.0,ambiguous,ambiguous,Not inferable from routing CSV alone; requires candidate lineage/stage trace
combined,new216__sweater__04,sweater__04,175781,dbscan_fusion,050,daily_object,sweater,sleeve,sleeve,daily_object_sleeve/left/01,0.008426558186837135,0.008426558186837135,0.3268867238621492,0.0,ambiguous,ambiguous,Not inferable from routing CSV alone; requires candidate lineage/stage trace
combined,new216__box__02,box__02,179037,local_pairwise_crf,050,container,box,inner_side,side,container_side/left/01,0.4390393146703381,0.4390393146703381,0.4390393146703381,0.0,ambiguous,ambiguous,Not inferable from routing CSV alone; requires candidate lineage/stage trace
combined,new216__hat__03,hat__03,185989,raw_proposals,050,daily_object,hat,visor,visor,proposal/0004,0.43987587276958884,0.43987587276958884,0.43987587276958884,0.0,wrong_unique,wrong_unique,Not inferable from routing CSV alone; requires candidate lineage/stage trace
combined,new216__hat__03,hat__03,185989,greedy_nms,050,daily_object,hat,visor,visor,daily_object_visor/right/01,0.43987587276958884,0.43987587276958884,0.43987587276958884,0.0,wrong_unique,wrong_unique,Not inferable from routing CSV alone; requires candidate lineage/stage trace
combined,new216__hat__03,hat__03,185989,dbscan_fusion,050,daily_object,hat,visor,visor,daily_object_visor/right/01,0.43987587276958884,0.43987587276958884,0.43987587276958884,0.0,wrong_unique,wrong_unique,Not inferable from routing CSV alone; requires candidate lineage/stage trace
combined,new216__hat__03,hat__03,185989,local_pairwise_crf,050,daily_object,hat,visor,visor,daily_object_visor/right/01,0.43987587276958884,0.43987587276958884,0.43987587276958884,0.0,wrong_unique,wrong_unique,Not inferable from routing CSV alone; requires candidate lineage/stage trace
combined,new216__hat__03,hat__03,185989,hpid_split_group_ids,025,daily_object,hat,visor,visor,object_001/daily_object_visor/005,0.025361330788110172,0.025361330788110172,0.29420061395503194,1.0,correct_unique,wrong_unique,Not inferable from routing CSV alone; requires candidate lineage/stage trace
combined,new216__hat__03,hat__03,185989,hpid_split_group_ids,050,daily_object,hat,visor,visor,object_001/daily_object_visor/005,0.025361330788110172,0.025361330788110172,0.29420061395503194,0.0,wrong_unique,wrong_unique,Not inferable from routing CSV alone; requires candidate lineage/stage trace
combined,new216__microwave_oven__03,microwave_oven__03,189694,dbscan_fusion,025,device,microwave_oven,side,side_panel,device_side_panel/right/01,0.0,0.0,0.3082209543568465,1.0,ambiguous,unresolved,Not inferable from routing CSV alone; requires candidate lineage/stage trace
combined,new216__microwave_oven__03,microwave_oven__03,189694,dbscan_fusion,050,device,microwave_oven,side,side_panel,device_side_panel/right/01,0.0,0.0,0.3082209543568465,0.0,ambiguous,unresolved,Not inferable from routing CSV alone; requires candidate lineage/stage trace
combined,new216__microwave_oven__03,microwave_oven__03,189694,local_pairwise_crf,025,device,microwave_oven,side,side_panel,device_side_panel/right/01,0.005165851005981512,0.005165851005981512,0.2921760391198044,1.0,ambiguous,unresolved,Not inferable from routing CSV alone; requires candidate lineage/stage trace
combined,new216__microwave_oven__03,microwave_oven__03,189694,local_pairwise_crf,050,device,microwave_oven,side,side_panel,device_side_panel/right/01,0.005165851005981512,0.005165851005981512,0.2921760391198044,0.0,ambiguous,unresolved,Not inferable from routing CSV alone; requires candidate lineage/stage trace
combined,new216__microwave_oven__04,microwave_oven__04,192410,greedy_nms,025,device,microwave_oven,side,side_panel,device_side_panel/right/01,0.0,0.0,0.24407894736842106,0.0,ambiguous,unresolved,Not inferable from routing CSV alone; requires candidate lineage/stage trace
combined,new216__microwave_oven__04,microwave_oven__04,192410,greedy_nms,050,device,microwave_oven,side,side_panel,device_side_panel/right/01,0.0,0.0,0.24407894736842106,0.0,ambiguous,unresolved,Not inferable from routing CSV alone; requires candidate lineage/stage trace
combined,new216__microwave_oven__04,microwave_oven__04,192410,dbscan_fusion,025,device,microwave_oven,side,side_panel,device_side_panel/right/01,0.0,0.0,0.2494536896957472,0.0,ambiguous,unresolved,Not inferable from routing CSV alone; requires candidate lineage/stage trace
combined,new216__microwave_oven__04,microwave_oven__04,192410,dbscan_fusion,050,device,microwave_oven,side,side_panel,device_side_panel/right/01,0.0,0.0,0.2494536896957472,0.0,ambiguous,unresolved,Not inferable from routing CSV alone; requires candidate lineage/stage trace
combined,new216__microwave_oven__04,microwave_oven__04,192410,local_pairwise_crf,025,device,microwave_oven,side,side_panel,device_side_panel/right/01,0.0,0.0,0.2485345838218054,0.0,ambiguous,unresolved,Not inferable from routing CSV alone; requires candidate lineage/stage trace
combined,new216__microwave_oven__04,microwave_oven__04,192410,local_pairwise_crf,050,device,microwave_oven,side,side_panel,device_side_panel/right/01,0.0,0.0,0.2485345838218054,0.0,ambiguous,unresolved,Not inferable from routing CSV alone; requires candidate lineage/stage trace
combined,old37__watch__u01,watch__u01,195188,raw_proposals,050,device,watch,case,body,proposal/0001,0.27064777327935224,0.27064777327935224,0.27064777327935224,0.0,wrong_unique,wrong_unique,Not inferable from routing CSV alone; requires candidate lineage/stage trace
combined,old37__watch__u01,watch__u01,195188,greedy_nms,025,device,watch,case,body,device/center/01,0.22798027651551775,0.22798027651551775,0.22798027651551775,0.0,correct_unique,correct_unique,Not inferable from routing CSV alone; requires candidate lineage/stage trace
combined,old37__watch__u01,watch__u01,195188,greedy_nms,050,device,watch,case,body,device/center/01,0.22798027651551775,0.22798027651551775,0.22798027651551775,0.0,wrong_unique,wrong_unique,Not inferable from routing CSV alone; requires candidate lineage/stage trace
combined,old37__watch__u01,watch__u01,195188,hpid_split_group_ids,050,device,watch,case,body,object_001/device_body,0.2656641604010025,0.2656641604010025,0.2656641604010025,0.0,wrong_unique,wrong_unique,Not inferable from routing CSV alone; requires candidate lineage/stage trace
combined,new216__telephone__02,telephone__02,198561,raw_proposals,025,device,telephone,back_cover,back_panel,proposal/0003,0.060597675705589375,0.060597675705589375,0.2752173506590633,1.0,wrong_unique,unresolved,Not inferable from routing CSV alone; requires candidate lineage/stage trace
combined,new216__telephone__02,telephone__02,198561,raw_proposals,050,device,telephone,back_cover,back_panel,proposal/0003,0.060597675705589375,0.060597675705589375,0.2752173506590633,0.0,wrong_unique,unresolved,Not inferable from routing CSV alone; requires candidate lineage/stage trace
combined,new216__telephone__02,telephone__02,198561,greedy_nms,025,device,telephone,back_cover,back_panel,device_back_panel/left/01,0.060597675705589375,0.060597675705589375,0.2726363181590795,1.0,wrong_unique,unresolved,Not inferable from routing CSV alone; requires candidate lineage/stage trace
combined,new216__telephone__02,telephone__02,198561,greedy_nms,050,device,telephone,back_cover,back_panel,device_back_panel/left/01,0.060597675705589375,0.060597675705589375,0.2726363181590795,0.0,wrong_unique,unresolved,Not inferable from routing CSV alone; requires candidate lineage/stage trace
combined,new216__telephone__02,telephone__02,198561,dbscan_fusion,025,device,telephone,back_cover,back_panel,device_back_panel/left/01,0.060597675705589375,0.060597675705589375,0.371810615363624,1.0,wrong_unique,unresolved,Not inferable from routing CSV alone; requires candidate lineage/stage trace
combined,new216__telephone__02,telephone__02,198561,dbscan_fusion,050,device,telephone,back_cover,back_panel,device_back_panel/left/01,0.060597675705589375,0.060597675705589375,0.371810615363624,0.0,wrong_unique,unresolved,Not inferable from routing CSV alone; requires candidate lineage/stage trace
combined,new216__telephone__02,telephone__02,198561,local_pairwise_crf,025,device,telephone,back_cover,back_panel,device_back_panel/left/01,0.060597675705589375,0.060597675705589375,0.3639155982905983,1.0,wrong_unique,unresolved,Not inferable from routing CSV alone; requires candidate lineage/stage trace
combined,new216__telephone__02,telephone__02,198561,local_pairwise_crf,050,device,telephone,back_cover,back_panel,device_back_panel/left/01,0.060597675705589375,0.060597675705589375,0.3639155982905983,0.0,wrong_unique,unresolved,Not inferable from routing CSV alone; requires candidate lineage/stage trace
combined,new216__glass_drink_container__03,glass_drink_container__03,202609,hpid_split_group_ids,050,container,glass_(drink_container),base,base,object_001/container_base/002,0.27092457420924576,0.27092457420924576,0.27092457420924576,0.0,correct_unique,wrong_unique,Not inferable from routing CSV alone; requires candidate lineage/stage trace
combined,new216__bicycle__04,bicycle__04,20342,greedy_nms,050,vehicle,bicycle,handlebar,handlebar,vehicle_handlebar/right/01,0.307991619275666,0.307991619275666,0.307991619275666,0.0,ambiguous,correct_unique,Not inferable from routing CSV alone; requires candidate lineage/stage trace
combined,new216__bicycle__04,bicycle__04,20342,dbscan_fusion,050,vehicle,bicycle,handlebar,handlebar,vehicle_handlebar/right/01,0.307991619275666,0.307991619275666,0.307991619275666,0.0,ambiguous,correct_unique,Not inferable from routing CSV alone; requires candidate lineage/stage trace
combined,new216__bicycle__04,bicycle__04,20342,local_pairwise_crf,050,vehicle,bicycle,handlebar,handlebar,vehicle_handlebar/right/01,0.3113969488483398,0.3113969488483398,0.3113969488483398,0.0,ambiguous,correct_unique,Not inferable from routing CSV alone; requires candidate lineage/stage trace
combined,new216__plastic_bag__01,plastic_bag__01,205861,raw_proposals,025,container,plastic_bag,body,body,proposal/0001,0.06445542225358739,0.06445542225358739,0.07603503184713375,0.0,wrong_unique,wrong_unique,Not inferable from routing CSV alone; requires candidate lineage/stage trace
combined,new216__plastic_bag__01,plastic_bag__01,205861,raw_proposals,050,container,plastic_bag,body,body,proposal/0001,0.06445542225358739,0.06445542225358739,0.07603503184713375,0.0,wrong_unique,wrong_unique,Not inferable from routing CSV alone; requires candidate lineage/stage trace
combined,new216__plastic_bag__01,plastic_bag__01,205861,greedy_nms,025,container,plastic_bag,body,body,container/left/01,0.13933601609657947,0.13933601609657947,0.13933601609657947,0.0,wrong_unique,wrong_unique,Not inferable from routing CSV alone; requires candidate lineage/stage trace
combined,new216__plastic_bag__01,plastic_bag__01,205861,greedy_nms,050,container,plastic_bag,body,body,container/left/01,0.13933601609657947,0.13933601609657947,0.13933601609657947,0.0,wrong_unique,wrong_unique,Not inferable from routing CSV alone; requires candidate lineage/stage trace
combined,new216__plastic_bag__01,plastic_bag__01,205861,dbscan_fusion,025,container,plastic_bag,body,body,container/left/01,0.13933601609657947,0.13933601609657947,0.13933601609657947,0.0,wrong_unique,wrong_unique,Not inferable from routing CSV alone; requires candidate lineage/stage trace
combined,new216__plastic_bag__01,plastic_bag__01,205861,dbscan_fusion,050,container,plastic_bag,body,body,container/left/01,0.13933601609657947,0.13933601609657947,0.13933601609657947,0.0,wrong_unique,wrong_unique,Not inferable from routing CSV alone; requires candidate lineage/stage trace
combined,new216__plastic_bag__01,plastic_bag__01,205861,hpid_split_group_ids,025,container,plastic_bag,body,body,object_001/container_body,0.15856160250995535,0.15856160250995535,0.15856160250995535,0.0,wrong_unique,wrong_unique,Not inferable from routing CSV alone; requires candidate lineage/stage trace
combined,new216__plastic_bag__01,plastic_bag__01,205861,hpid_split_group_ids,050,container,plastic_bag,body,body,object_001/container_body,0.15856160250995535,0.15856160250995535,0.15856160250995535,0.0,wrong_unique,wrong_unique,Not inferable from routing CSV alone; requires candidate lineage/stage trace
combined,new216__book__02,book__02,217859,raw_proposals,025,daily_object,book,page,page,proposal/0002,0.007678854457014811,0.007678854457014811,0.050449157251342844,0.0,wrong_unique,unresolved,Not inferable from routing CSV alone; requires candidate lineage/stage trace
combined,new216__book__02,book__02,217859,raw_proposals,050,daily_object,book,page,page,proposal/0002,0.007678854457014811,0.007678854457014811,0.050449157251342844,0.0,wrong_unique,unresolved,Not inferable from routing CSV alone; requires candidate lineage/stage trace
combined,new216__book__02,book__02,217859,greedy_nms,025,daily_object,book,page,page,daily_object_page/center/01,0.007678854457014811,0.007678854457014811,0.21592718998862342,0.0,wrong_unique,unresolved,Not inferable from routing CSV alone; requires candidate lineage/stage trace
combined,new216__book__02,book__02,217859,greedy_nms,050,daily_object,book,page,page,daily_object_page/center/01,0.007678854457014811,0.007678854457014811,0.21592718998862342,0.0,wrong_unique,unresolved,Not inferable from routing CSV alone; requires candidate lineage/stage trace
combined,new216__book__02,book__02,217859,dbscan_fusion,025,daily_object,book,page,page,daily_object_page/center/01,0.007678854457014811,0.007678854457014811,0.21592718998862342,0.0,wrong_unique,unresolved,Not inferable from routing CSV alone; requires candidate lineage/stage trace
combined,new216__book__02,book__02,217859,dbscan_fusion,050,daily_object,book,page,page,daily_object_page/center/01,0.007678854457014811,0.007678854457014811,0.21592718998862342,0.0,wrong_unique,unresolved,Not inferable from routing CSV alone; requires candidate lineage/stage trace
combined,new216__mug__01,mug__01,218205,local_pairwise_crf,050,container,mug,drawing,label,container_label/left/01,0.32918481642812697,0.32918481642812697,0.32918481642812697,0.0,ambiguous,ambiguous,Not inferable from routing CSV alone; requires candidate lineage/stage trace
combined,new216__towel__01,towel__01,228817,raw_proposals,025,daily_object,towel,terry_bar,terry_bar,proposal/0005,0.1278527607361963,0.1278527607361963,0.1278527607361963,0.0,wrong_unique,wrong_unique,Not inferable from routing CSV alone; requires candidate lineage/stage trace
combined,new216__towel__01,towel__01,228817,raw_proposals,050,daily_object,towel,terry_bar,terry_bar,proposal/0005,0.1278527607361963,0.1278527607361963,0.1278527607361963,0.0,wrong_unique,wrong_unique,Not inferable from routing CSV alone; requires candidate lineage/stage trace
combined,new216__towel__01,towel__01,228817,greedy_nms,025,daily_object,towel,terry_bar,terry_bar,daily_object_terry_bar/right/01,0.1278527607361963,0.1278527607361963,0.1278527607361963,0.0,wrong_unique,wrong_unique,Not inferable from routing CSV alone; requires candidate lineage/stage trace
combined,new216__towel__01,towel__01,228817,greedy_nms,050,daily_object,towel,terry_bar,terry_bar,daily_object_terry_bar/right/01,0.1278527607361963,0.1278527607361963,0.1278527607361963,0.0,wrong_unique,wrong_unique,Not inferable from routing CSV alone; requires candidate lineage/stage trace
combined,new216__towel__01,towel__01,228817,dbscan_fusion,025,daily_object,towel,terry_bar,terry_bar,daily_object_terry_bar/right/01,0.1278527607361963,0.1278527607361963,0.1278527607361963,0.0,wrong_unique,wrong_unique,Not inferable from routing CSV alone; requires candidate lineage/stage trace
combined,new216__towel__01,towel__01,228817,dbscan_fusion,050,daily_object,towel,terry_bar,terry_bar,daily_object_terry_bar/right/01,0.1278527607361963,0.1278527607361963,0.1278527607361963,0.0,wrong_unique,wrong_unique,Not inferable from routing CSV alone; requires candidate lineage/stage trace
combined,new216__towel__01,towel__01,228817,local_pairwise_crf,025,daily_object,towel,terry_bar,terry_bar,daily_object_terry_bar/right/01,0.12747307788630102,0.12747307788630102,0.12747307788630102,0.0,wrong_unique,wrong_unique,Not inferable from routing CSV alone; requires candidate lineage/stage trace
combined,new216__towel__01,towel__01,228817,local_pairwise_crf,050,daily_object,towel,terry_bar,terry_bar,daily_object_terry_bar/right/01,0.12747307788630102,0.12747307788630102,0.12747307788630102,0.0,wrong_unique,wrong_unique,Not inferable from routing CSV alone; requires candidate lineage/stage trace
combined,new216__towel__01,towel__01,228817,hpid_split_group_ids,025,daily_object,towel,terry_bar,terry_bar,object_001/daily_object_terry_bar/003,0.0920353982300885,0.0920353982300885,0.0920353982300885,0.0,wrong_unique,wrong_unique,Not inferable from routing CSV alone; requires candidate lineage/stage trace
combined,new216__towel__01,towel__01,228817,hpid_split_group_ids,050,daily_object,towel,terry_bar,terry_bar,object_001/daily_object_terry_bar/003,0.0920353982300885,0.0920353982300885,0.0920353982300885,0.0,wrong_unique,wrong_unique,Not inferable from routing CSV alone; requires candidate lineage/stage trace
combined,new216__chair__03,chair__03,235268,greedy_nms,025,furniture,chair,leg,leg,furniture_leg/left/01,0.0,0.0,0.24920863309352517,0.0,ambiguous,ambiguous,Not inferable from routing CSV alone; requires candidate lineage/stage trace
combined,new216__chair__03,chair__03,235268,greedy_nms,050,furniture,chair,leg,leg,furniture_leg/left/01,0.0,0.0,0.24920863309352517,0.0,ambiguous,ambiguous,Not inferable from routing CSV alone; requires candidate lineage/stage trace
combined,new216__chair__03,chair__03,235268,local_pairwise_crf,025,furniture,chair,leg,leg,furniture_leg/left/01,0.0,0.0,0.4679724722075172,1.0,ambiguous,ambiguous,Not inferable from routing CSV alone; requires candidate lineage/stage trace
combined,new216__chair__03,chair__03,235268,local_pairwise_crf,050,furniture,chair,leg,leg,furniture_leg/left/01,0.0,0.0,0.4679724722075172,0.0,ambiguous,ambiguous,Not inferable from routing CSV alone; requires candidate lineage/stage trace
combined,new216__scissors__03,scissors__03,239882,raw_proposals,025,tool_prop,scissors,handle,handle,proposal/0004,0.001899984800121599,0.001899984800121599,0.2143142343781194,0.0,wrong_unique,wrong_unique,Not inferable from routing CSV alone; requires candidate lineage/stage trace
combined,new216__scissors__03,scissors__03,239882,raw_proposals,050,tool_prop,scissors,handle,handle,proposal/0004,0.001899984800121599,0.001899984800121599,0.2143142343781194,0.0,wrong_unique,wrong_unique,Not inferable from routing CSV alone; requires candidate lineage/stage trace
combined,new216__scissors__03,scissors__03,239882,hpid_split_group_ids,025,tool_prop,scissors,handle,handle,object_001/tool_prop_handle/002,0.0,0.0,0.1611153262518968,0.0,wrong_unique,wrong_unique,Not inferable from routing CSV alone; requires candidate lineage/stage trace
combined,new216__scissors__03,scissors__03,239882,hpid_split_group_ids,050,tool_prop,scissors,handle,handle,object_001/tool_prop_handle/002,0.0,0.0,0.1611153262518968,0.0,wrong_unique,wrong_unique,Not inferable from routing CSV alone; requires candidate lineage/stage trace
combined,old37__car_automobile__u02,car_automobile__u02,246750,hpid_split_group_ids,025,vehicle,car_(automobile),windshield,windshield,object_001/vehicle_windshield/011,0.21711229946524063,0.21711229946524063,0.37219251336898396,1.0,ambiguous,wrong_unique,Not inferable from routing CSV alone; requires candidate lineage/stage trace
combined,old37__car_automobile__u02,car_automobile__u02,246750,hpid_split_group_ids,050,vehicle,car_(automobile),windshield,windshield,object_001/vehicle_windshield/011,0.21711229946524063,0.21711229946524063,0.37219251336898396,0.0,ambiguous,wrong_unique,Not inferable from routing CSV alone; requires candidate lineage/stage trace
combined,new216__calculator__03,calculator__03,248314,greedy_nms,025,device,calculator,key,key,device_key/left/01,0.019886363636363636,0.019886363636363636,0.8817509948834565,1.0,ambiguous,unresolved,Not inferable from routing CSV alone; requires candidate lineage/stage trace
combined,new216__calculator__03,calculator__03,248314,greedy_nms,050,device,calculator,key,key,device_key/left/01,0.019886363636363636,0.019886363636363636,0.8817509948834565,1.0,ambiguous,unresolved,Not inferable from routing CSV alone; requires candidate lineage/stage trace
combined,new216__calculator__03,calculator__03,248314,dbscan_fusion,025,device,calculator,key,key,device_key/left/01,0.01875,0.01875,0.8817509948834565,1.0,ambiguous,unresolved,Not inferable from routing CSV alone; requires candidate lineage/stage trace
combined,new216__calculator__03,calculator__03,248314,dbscan_fusion,050,device,calculator,key,key,device_key/left/01,0.01875,0.01875,0.8817509948834565,1.0,ambiguous,unresolved,Not inferable from routing CSV alone; requires candidate lineage/stage trace
combined,new216__trash_can__01,trash_can__01,250370,raw_proposals,025,container,trash_can,lid,lid,proposal/0013,0.0,0.0,0.724561403508772,1.0,wrong_unique,wrong_unique,Not inferable from routing CSV alone; requires candidate lineage/stage trace
combined,new216__trash_can__01,trash_can__01,250370,raw_proposals,050,container,trash_can,lid,lid,proposal/0013,0.0,0.0,0.724561403508772,1.0,wrong_unique,wrong_unique,Not inferable from routing CSV alone; requires candidate lineage/stage trace
combined,new216__trash_can__01,trash_can__01,250370,greedy_nms,025,container,trash_can,lid,lid,container_lid/left/01,0.0,0.0,0.724561403508772,1.0,wrong_unique,wrong_unique,Not inferable from routing CSV alone; requires candidate lineage/stage trace
combined,new216__trash_can__01,trash_can__01,250370,greedy_nms,050,container,trash_can,lid,lid,container_lid/left/01,0.0,0.0,0.724561403508772,1.0,wrong_unique,wrong_unique,Not inferable from routing CSV alone; requires candidate lineage/stage trace
combined,new216__trash_can__01,trash_can__01,250370,dbscan_fusion,025,container,trash_can,lid,lid,container_lid/left/01,0.0,0.0,0.724561403508772,1.0,wrong_unique,wrong_unique,Not inferable from routing CSV alone; requires candidate lineage/stage trace
combined,new216__trash_can__01,trash_can__01,250370,dbscan_fusion,050,container,trash_can,lid,lid,container_lid/left/01,0.0,0.0,0.724561403508772,1.0,wrong_unique,wrong_unique,Not inferable from routing CSV alone; requires candidate lineage/stage trace
combined,new216__trash_can__01,trash_can__01,250370,local_pairwise_crf,025,container,trash_can,lid,lid,container_lid/left/01,0.0,0.0,0.12017167381974249,0.0,wrong_unique,wrong_unique,Not inferable from routing CSV alone; requires candidate lineage/stage trace
combined,new216__trash_can__01,trash_can__01,250370,local_pairwise_crf,050,container,trash_can,lid,lid,container_lid/left/01,0.0,0.0,0.12017167381974249,0.0,wrong_unique,wrong_unique,Not inferable from routing CSV alone; requires candidate lineage/stage trace
combined,new216__trash_can__01,trash_can__01,250370,hpid_split_group_ids,025,container,trash_can,lid,lid,object_001/container_lid/011,0.0,0.0,0.7254385964912281,1.0,wrong_unique,wrong_unique,Not inferable from routing CSV alone; requires candidate lineage/stage trace
combined,new216__trash_can__01,trash_can__01,250370,hpid_split_group_ids,050,container,trash_can,lid,lid,object_001/container_lid/011,0.0,0.0,0.7254385964912281,1.0,wrong_unique,wrong_unique,Not inferable from routing CSV alone; requires candidate lineage/stage trace
combined,new216__television_set__03,television_set__03,254600,raw_proposals,025,device,television_set,bottom,bottom_panel,proposal/0003,0.0,0.0,0.42604475156301413,1.0,wrong_unique,unresolved,Not inferable from routing CSV alone; requires candidate lineage/stage trace
combined,new216__television_set__03,television_set__03,254600,raw_proposals,050,device,television_set,bottom,bottom_panel,proposal/0003,0.0,0.0,0.42604475156301413,0.0,wrong_unique,unresolved,Not inferable from routing CSV alone; requires candidate lineage/stage trace
combined,new216__television_set__03,television_set__03,254600,greedy_nms,025,device,television_set,bottom,bottom_panel,device_bottom_panel/right/01,0.0,0.0,0.42604475156301413,1.0,wrong_unique,unresolved,Not inferable from routing CSV alone; requires candidate lineage/stage trace
combined,new216__television_set__03,television_set__03,254600,greedy_nms,050,device,television_set,bottom,bottom_panel,device_bottom_panel/right/01,0.0,0.0,0.42604475156301413,0.0,wrong_unique,unresolved,Not inferable from routing CSV alone; requires candidate lineage/stage trace
combined,new216__television_set__03,television_set__03,254600,dbscan_fusion,025,device,television_set,bottom,bottom_panel,device_bottom_panel/right/01,0.0,0.0,0.42604475156301413,1.0,wrong_unique,unresolved,Not inferable from routing CSV alone; requires candidate lineage/stage trace
combined,new216__television_set__03,television_set__03,254600,dbscan_fusion,050,device,television_set,bottom,bottom_panel,device_bottom_panel/right/01,0.0,0.0,0.42604475156301413,0.0,wrong_unique,unresolved,Not inferable from routing CSV alone; requires candidate lineage/stage trace
combined,new216__television_set__03,television_set__03,254600,local_pairwise_crf,025,device,television_set,bottom,bottom_panel,device_bottom_panel/right/01,0.0,0.0,0.42604475156301413,1.0,wrong_unique,unresolved,Not inferable from routing CSV alone; requires candidate lineage/stage trace
combined,new216__television_set__03,television_set__03,254600,local_pairwise_crf,050,device,television_set,bottom,bottom_panel,device_bottom_panel/right/01,0.0,0.0,0.42604475156301413,0.0,wrong_unique,unresolved,Not inferable from routing CSV alone; requires candidate lineage/stage trace
combined,new216__clock__02,clock__02,27585,raw_proposals,050,device,clock,case,body,proposal/0001,0.43149463408529143,0.43149463408529143,0.43149463408529143,0.0,wrong_unique,correct_unique,Not inferable from routing CSV alone; requires candidate lineage/stage trace
combined,new216__chair__01,chair__01,281066,raw_proposals,025,furniture,chair,seat,seat,proposal/0003,0.0,0.0,6.73536741429245e-05,0.0,wrong_unique,unresolved,Not inferable from routing CSV alone; requires candidate lineage/stage trace
combined,new216__chair__01,chair__01,281066,raw_proposals,050,furniture,chair,seat,seat,proposal/0003,0.0,0.0,6.73536741429245e-05,0.0,wrong_unique,unresolved,Not inferable from routing CSV alone; requires candidate lineage/stage trace
combined,new216__kettle__02,kettle__02,283717,raw_proposals,025,device,kettle,body,body,proposal/0001,0.21026894865525672,0.21026894865525672,0.24261083743842365,0.0,wrong_unique,wrong_unique,Not inferable from routing CSV alone; requires candidate lineage/stage trace
combined,new216__kettle__02,kettle__02,283717,raw_proposals,050,device,kettle,body,body,proposal/0001,0.21026894865525672,0.21026894865525672,0.24261083743842365,0.0,wrong_unique,wrong_unique,Not inferable from routing CSV alone; requires candidate lineage/stage trace
combined,new216__kettle__02,kettle__02,283717,greedy_nms,025,device,kettle,body,body,device/left/01,0.11725888324873096,0.11725888324873096,0.24261083743842365,0.0,wrong_unique,wrong_unique,Not inferable from routing CSV alone; requires candidate lineage/stage trace
combined,new216__kettle__02,kettle__02,283717,greedy_nms,050,device,kettle,body,body,device/left/01,0.11725888324873096,0.11725888324873096,0.24261083743842365,0.0,wrong_unique,wrong_unique,Not inferable from routing CSV alone; requires candidate lineage/stage trace
combined,new216__kettle__02,kettle__02,283717,dbscan_fusion,025,device,kettle,body,body,device/left/01,0.1390728476821192,0.1390728476821192,0.24261083743842365,0.0,wrong_unique,wrong_unique,Not inferable from routing CSV alone; requires candidate lineage/stage trace
combined,new216__kettle__02,kettle__02,283717,dbscan_fusion,050,device,kettle,body,body,device/left/01,0.1390728476821192,0.1390728476821192,0.24261083743842365,0.0,wrong_unique,wrong_unique,Not inferable from routing CSV alone; requires candidate lineage/stage trace
combined,new216__kettle__02,kettle__02,283717,hpid_split_group_ids,025,device,kettle,body,body,object_001/device_body,0.21026894865525672,0.21026894865525672,0.21026894865525672,0.0,wrong_unique,wrong_unique,Not inferable from routing CSV alone; requires candidate lineage/stage trace
combined,new216__kettle__02,kettle__02,283717,hpid_split_group_ids,050,device,kettle,body,body,object_001/device_body,0.21026894865525672,0.21026894865525672,0.21026894865525672,0.0,wrong_unique,wrong_unique,Not inferable from routing CSV alone; requires candidate lineage/stage trace
combined,new216__cellular_telephone__03,cellular_telephone__03,288391,raw_proposals,050,device,cellular_telephone,bezel,bezel,proposal/0003,0.29228252614359995,0.29228252614359995,0.36095145962556197,0.0,wrong_unique,wrong_unique,Not inferable from routing CSV alone; requires candidate lineage/stage trace
combined,new216__cellular_telephone__03,cellular_telephone__03,288391,greedy_nms,025,device,cellular_telephone,bezel,bezel,device_bezel/right/01,0.1355180064857484,0.1355180064857484,0.35625688073394496,1.0,correct_unique,correct_unique,Not inferable from routing CSV alone; requires candidate lineage/stage trace
combined,new216__cellular_telephone__03,cellular_telephone__03,288391,greedy_nms,050,device,cellular_telephone,bezel,bezel,device_bezel/right/01,0.1355180064857484,0.1355180064857484,0.35625688073394496,0.0,wrong_unique,wrong_unique,Not inferable from routing CSV alone; requires candidate lineage/stage trace
combined,new216__cellular_telephone__03,cellular_telephone__03,288391,dbscan_fusion,025,device,cellular_telephone,bezel,bezel,device_bezel/right/01,0.1355180064857484,0.1355180064857484,0.35625688073394496,1.0,correct_unique,correct_unique,Not inferable from routing CSV alone; requires candidate lineage/stage trace
combined,new216__cellular_telephone__03,cellular_telephone__03,288391,dbscan_fusion,050,device,cellular_telephone,bezel,bezel,device_bezel/right/01,0.1355180064857484,0.1355180064857484,0.35625688073394496,0.0,wrong_unique,wrong_unique,Not inferable from routing CSV alone; requires candidate lineage/stage trace
combined,new216__cellular_telephone__03,cellular_telephone__03,288391,local_pairwise_crf,025,device,cellular_telephone,bezel,bezel,device_bezel/right/01,0.13159698423577793,0.13159698423577793,0.35332177161152617,1.0,correct_unique,correct_unique,Not inferable from routing CSV alone; requires candidate lineage/stage trace
combined,new216__cellular_telephone__03,cellular_telephone__03,288391,local_pairwise_crf,050,device,cellular_telephone,bezel,bezel,device_bezel/right/01,0.13159698423577793,0.13159698423577793,0.35332177161152617,0.0,wrong_unique,wrong_unique,Not inferable from routing CSV alone; requires candidate lineage/stage trace
combined,new216__cellular_telephone__03,cellular_telephone__03,288391,hpid_split_group_ids,050,device,cellular_telephone,bezel,bezel,object_001/device_bezel/010,0.25117210808967694,0.25117210808967694,0.25117210808967694,0.0,wrong_unique,wrong_unique,Not inferable from routing CSV alone; requires candidate lineage/stage trace
combined,new216__kettle__03,kettle__03,290768,local_pairwise_crf,025,device,kettle,handle,handle,device_handle/right/01,0.0043782837127845885,0.0043782837127845885,0.8336330935251799,1.0,ambiguous,ambiguous,Not inferable from routing CSV alone; requires candidate lineage/stage trace
combined,new216__kettle__03,kettle__03,290768,local_pairwise_crf,050,device,kettle,handle,handle,device_handle/right/01,0.0043782837127845885,0.0043782837127845885,0.8336330935251799,1.0,ambiguous,ambiguous,Not inferable from routing CSV alone; requires candidate lineage/stage trace
combined,new216__crate__02,crate__02,290864,local_pairwise_crf,025,container,crate,side,side,container_side/left/01,0.17787168651555896,0.17787168651555896,0.20926149456819929,0.0,ambiguous,ambiguous,Not inferable from routing CSV alone; requires candidate lineage/stage trace
combined,new216__crate__02,crate__02,290864,local_pairwise_crf,050,container,crate,side,side,container_side/left/01,0.17787168651555896,0.17787168651555896,0.20926149456819929,0.0,ambiguous,ambiguous,Not inferable from routing CSV alone; requires candidate lineage/stage trace
combined,old37__box__u01,box__u01,291898,local_pairwise_crf,025,container,box,side,side,container_side/center/01,0.1389339219094869,0.1389339219094869,0.1389339219094869,0.0,ambiguous,wrong_unique,Not inferable from routing CSV alone; requires candidate lineage/stage trace
combined,old37__box__u01,box__u01,291898,local_pairwise_crf,050,container,box,side,side,container_side/center/01,0.1389339219094869,0.1389339219094869,0.1389339219094869,0.0,ambiguous,wrong_unique,Not inferable from routing CSV alone; requires candidate lineage/stage trace
combined,old37__box__u01,box__u01,291898,hpid_split_group_ids,025,container,box,side,side,object_001/container_side/005,0.00694855495792264,0.00694855495792264,0.5314517339738778,1.0,ambiguous,wrong_unique,Not inferable from routing CSV alone; requires candidate lineage/stage trace
combined,old37__box__u01,box__u01,291898,hpid_split_group_ids,050,container,box,side,side,object_001/container_side/005,0.00694855495792264,0.00694855495792264,0.5314517339738778,1.0,ambiguous,wrong_unique,Not inferable from routing CSV alone; requires candidate lineage/stage trace
combined,new216__table__01,table__01,295134,raw_proposals,025,furniture,table,shelf,shelf,proposal/0013,0.0,0.0,0.01592266135911288,0.0,wrong_unique,wrong_unique,Not inferable from routing CSV alone; requires candidate lineage/stage trace
combined,new216__table__01,table__01,295134,raw_proposals,050,furniture,table,shelf,shelf,proposal/0013,0.0,0.0,0.01592266135911288,0.0,wrong_unique,wrong_unique,Not inferable from routing CSV alone; requires candidate lineage/stage trace
combined,new216__table__01,table__01,295134,greedy_nms,025,furniture,table,shelf,shelf,furniture_shelf/center/01,0.0,0.0,0.009138381201044387,0.0,wrong_unique,wrong_unique,Not inferable from routing CSV alone; requires candidate lineage/stage trace
combined,new216__table__01,table__01,295134,greedy_nms,050,furniture,table,shelf,shelf,furniture_shelf/center/01,0.0,0.0,0.009138381201044387,0.0,wrong_unique,wrong_unique,Not inferable from routing CSV alone; requires candidate lineage/stage trace
combined,new216__table__01,table__01,295134,dbscan_fusion,025,furniture,table,shelf,shelf,furniture_shelf/center/01,0.0,0.0,0.0123379339188624,0.0,wrong_unique,wrong_unique,Not inferable from routing CSV alone; requires candidate lineage/stage trace
combined,new216__table__01,table__01,295134,dbscan_fusion,050,furniture,table,shelf,shelf,furniture_shelf/center/01,0.0,0.0,0.0123379339188624,0.0,wrong_unique,wrong_unique,Not inferable from routing CSV alone; requires candidate lineage/stage trace
combined,new216__table__01,table__01,295134,local_pairwise_crf,025,furniture,table,shelf,shelf,furniture_shelf/center/01,0.0,0.0,0.012340514536707802,0.0,wrong_unique,wrong_unique,Not inferable from routing CSV alone; requires candidate lineage/stage trace
combined,new216__table__01,table__01,295134,local_pairwise_crf,050,furniture,table,shelf,shelf,furniture_shelf/center/01,0.0,0.0,0.012340514536707802,0.0,wrong_unique,wrong_unique,Not inferable from routing CSV alone; requires candidate lineage/stage trace
combined,new216__table__01,table__01,295134,hpid_split_group_ids,025,furniture,table,shelf,shelf,object_001/furniture_shelf/006,0.0,0.0,0.010039440659734672,0.0,wrong_unique,wrong_unique,Not inferable from routing CSV alone; requires candidate lineage/stage trace
combined,new216__table__01,table__01,295134,hpid_split_group_ids,050,furniture,table,shelf,shelf,object_001/furniture_shelf/006,0.0,0.0,0.010039440659734672,0.0,wrong_unique,wrong_unique,Not inferable from routing CSV alone; requires candidate lineage/stage trace
combined,new216__mug__03,mug__03,308524,greedy_nms,025,container,mug,drawing,label,container_label/left/01,0.0013802622498274672,0.0013802622498274672,0.18036249659307713,0.0,ambiguous,wrong_unique,Not inferable from routing CSV alone; requires candidate lineage/stage trace
combined,new216__mug__03,mug__03,308524,greedy_nms,050,container,mug,drawing,label,container_label/left/01,0.0013802622498274672,0.0013802622498274672,0.18036249659307713,0.0,ambiguous,wrong_unique,Not inferable from routing CSV alone; requires candidate lineage/stage trace
combined,new216__mug__03,mug__03,308524,local_pairwise_crf,025,container,mug,drawing,label,container_label/left/01,0.15661852391678813,0.15661852391678813,0.15661852391678813,0.0,ambiguous,wrong_unique,Not inferable from routing CSV alone; requires candidate lineage/stage trace
combined,new216__mug__03,mug__03,308524,local_pairwise_crf,050,container,mug,drawing,label,container_label/left/01,0.15661852391678813,0.15661852391678813,0.15661852391678813,0.0,ambiguous,wrong_unique,Not inferable from routing CSV alone; requires candidate lineage/stage trace
combined,new216__mug__03,mug__03,308524,hpid_split_group_ids,025,container,mug,drawing,label,object_001/container_label/003,0.028277634961439587,0.028277634961439587,0.2054942095340695,0.0,ambiguous,wrong_unique,Not inferable from routing CSV alone; requires candidate lineage/stage trace
combined,new216__mug__03,mug__03,308524,hpid_split_group_ids,050,container,mug,drawing,label,object_001/container_label/003,0.028277634961439587,0.028277634961439587,0.2054942095340695,0.0,ambiguous,wrong_unique,Not inferable from routing CSV alone; requires candidate lineage/stage trace
combined,old37__bowl__u01,bowl__u01,319996,raw_proposals,050,container,bowl,body,body,proposal/0001,0.2986003110419907,0.2986003110419907,0.2986003110419907,0.0,wrong_unique,wrong_unique,Not inferable from routing CSV alone; requires candidate lineage/stage trace
combined,old37__bowl__u01,bowl__u01,319996,greedy_nms,050,container,bowl,body,body,container/right/01,0.490097546556311,0.490097546556311,0.490097546556311,0.0,wrong_unique,wrong_unique,Not inferable from routing CSV alone; requires candidate lineage/stage trace
combined,old37__bowl__u01,bowl__u01,319996,dbscan_fusion,050,container,bowl,body,body,container/right/01,0.4649394536750211,0.4649394536750211,0.4649394536750211,0.0,wrong_unique,wrong_unique,Not inferable from routing CSV alone; requires candidate lineage/stage trace
combined,old37__bowl__u01,bowl__u01,319996,hpid_split_group_ids,050,container,bowl,body,body,object_001/container_body,0.4835969537199766,0.4835969537199766,0.4835969537199766,0.0,wrong_unique,wrong_unique,Not inferable from routing CSV alone; requires candidate lineage/stage trace
combined,new216__blender__03,blender__03,320875,greedy_nms,025,device,blender,food_cup,jar,device_jar/center/01,0.09549689440993789,0.09549689440993789,0.24803149606299213,0.0,ambiguous,correct_unique,Not inferable from routing CSV alone; requires candidate lineage/stage trace
combined,new216__blender__03,blender__03,320875,greedy_nms,050,device,blender,food_cup,jar,device_jar/center/01,0.09549689440993789,0.09549689440993789,0.24803149606299213,0.0,ambiguous,wrong_unique,Not inferable from routing CSV alone; requires candidate lineage/stage trace
combined,new216__blender__03,blender__03,320875,dbscan_fusion,025,device,blender,food_cup,jar,device_jar/center/01,0.09549689440993789,0.09549689440993789,0.24638247946812672,0.0,ambiguous,correct_unique,Not inferable from routing CSV alone; requires candidate lineage/stage trace
combined,new216__blender__03,blender__03,320875,dbscan_fusion,050,device,blender,food_cup,jar,device_jar/center/01,0.09549689440993789,0.09549689440993789,0.24638247946812672,0.0,ambiguous,wrong_unique,Not inferable from routing CSV alone; requires candidate lineage/stage trace
combined,new216__blender__03,blender__03,320875,local_pairwise_crf,025,device,blender,food_cup,jar,device_jar/center/01,0.09782608695652174,0.09782608695652174,0.2421420256111758,0.0,ambiguous,correct_unique,Not inferable from routing CSV alone; requires candidate lineage/stage trace
combined,new216__blender__03,blender__03,320875,local_pairwise_crf,050,device,blender,food_cup,jar,device_jar/center/01,0.09782608695652174,0.09782608695652174,0.2421420256111758,0.0,ambiguous,wrong_unique,Not inferable from routing CSV alone; requires candidate lineage/stage trace
combined,new216__blender__03,blender__03,320875,hpid_split_group_ids,050,device,blender,food_cup,jar,object_001/device_jar/003,0.31326604181687095,0.31326604181687095,0.31326604181687095,0.0,ambiguous,wrong_unique,Not inferable from routing CSV alone; requires candidate lineage/stage trace
combined,new216__table__04,table__04,325114,raw_proposals,025,furniture,table,shelf,shelf,proposal/0002,0.0,0.0,0.9405908274849029,1.0,wrong_unique,wrong_unique,Not inferable from routing CSV alone; requires candidate lineage/stage trace
combined,new216__table__04,table__04,325114,raw_proposals,050,furniture,table,shelf,shelf,proposal/0002,0.0,0.0,0.9405908274849029,1.0,wrong_unique,wrong_unique,Not inferable from routing CSV alone; requires candidate lineage/stage trace
combined,new216__table__04,table__04,325114,greedy_nms,025,furniture,table,shelf,shelf,furniture_shelf/left/01,0.0,0.0,0.9405908274849029,1.0,wrong_unique,wrong_unique,Not inferable from routing CSV alone; requires candidate lineage/stage trace
combined,new216__table__04,table__04,325114,greedy_nms,050,furniture,table,shelf,shelf,furniture_shelf/left/01,0.0,0.0,0.9405908274849029,1.0,wrong_unique,wrong_unique,Not inferable from routing CSV alone; requires candidate lineage/stage trace
combined,new216__table__04,table__04,325114,dbscan_fusion,025,furniture,table,shelf,shelf,furniture_shelf/left/01,0.0,0.0,0.6356207186636221,1.0,wrong_unique,wrong_unique,Not inferable from routing CSV alone; requires candidate lineage/stage trace
combined,new216__table__04,table__04,325114,dbscan_fusion,050,furniture,table,shelf,shelf,furniture_shelf/left/01,0.0,0.0,0.6356207186636221,1.0,wrong_unique,wrong_unique,Not inferable from routing CSV alone; requires candidate lineage/stage trace
combined,new216__table__04,table__04,325114,hpid_split_group_ids,025,furniture,table,shelf,shelf,object_001/furniture_shelf/004,0.0,0.0,0.13239871850219265,0.0,wrong_unique,wrong_unique,Not inferable from routing CSV alone; requires candidate lineage/stage trace
combined,new216__table__04,table__04,325114,hpid_split_group_ids,050,furniture,table,shelf,shelf,object_001/furniture_shelf/004,0.0,0.0,0.13239871850219265,0.0,wrong_unique,wrong_unique,Not inferable from routing CSV alone; requires candidate lineage/stage trace
combined,new216__microwave_oven__01,microwave_oven__01,338248,local_pairwise_crf,025,device,microwave_oven,side,side_panel,device_side_panel/right/01,0.0,0.0,0.23184491657664147,0.0,ambiguous,unresolved,Not inferable from routing CSV alone; requires candidate lineage/stage trace
combined,new216__microwave_oven__01,microwave_oven__01,338248,local_pairwise_crf,050,device,microwave_oven,side,side_panel,device_side_panel/right/01,0.0,0.0,0.23184491657664147,0.0,ambiguous,unresolved,Not inferable from routing CSV alone; requires candidate lineage/stage trace
combined,new216__laptop_computer__02,laptop_computer__02,339352,raw_proposals,050,device,laptop_computer,base_panel,base_panel,proposal/0003,0.43468761072398726,0.43468761072398726,0.43468761072398726,0.0,wrong_unique,unresolved,Not inferable from routing CSV alone; requires candidate lineage/stage trace
combined,new216__laptop_computer__02,laptop_computer__02,339352,dbscan_fusion,050,device,laptop_computer,base_panel,base_panel,device_base_panel/left/01,0.40121515368120086,0.40121515368120086,0.40121515368120086,0.0,wrong_unique,unresolved,Not inferable from routing CSV alone; requires candidate lineage/stage trace
combined,new216__helmet__01,helmet__01,339738,raw_proposals,025,daily_object,helmet,visor,visor,proposal/0004,0.0,0.0,0.8590354143215863,1.0,wrong_unique,unresolved,Not inferable from routing CSV alone; requires candidate lineage/stage trace
combined,new216__helmet__01,helmet__01,339738,raw_proposals,050,daily_object,helmet,visor,visor,proposal/0004,0.0,0.0,0.8590354143215863,1.0,wrong_unique,unresolved,Not inferable from routing CSV alone; requires candidate lineage/stage trace
combined,new216__helmet__01,helmet__01,339738,greedy_nms,025,daily_object,helmet,visor,visor,daily_object_visor/left/01,0.0,0.0,0.7419645268749437,1.0,wrong_unique,unresolved,Not inferable from routing CSV alone; requires candidate lineage/stage trace
combined,new216__helmet__01,helmet__01,339738,greedy_nms,050,daily_object,helmet,visor,visor,daily_object_visor/left/01,0.0,0.0,0.7419645268749437,1.0,wrong_unique,unresolved,Not inferable from routing CSV alone; requires candidate lineage/stage trace
combined,new216__helmet__01,helmet__01,339738,dbscan_fusion,025,daily_object,helmet,visor,visor,daily_object_visor/left/01,0.0,0.0,0.7419645268749437,1.0,wrong_unique,unresolved,Not inferable from routing CSV alone; requires candidate lineage/stage trace
combined,new216__helmet__01,helmet__01,339738,dbscan_fusion,050,daily_object,helmet,visor,visor,daily_object_visor/left/01,0.0,0.0,0.7419645268749437,1.0,wrong_unique,unresolved,Not inferable from routing CSV alone; requires candidate lineage/stage trace
combined,new216__helmet__01,helmet__01,339738,local_pairwise_crf,025,daily_object,helmet,visor,visor,daily_object_visor/left/01,0.0,0.0,0.7419645268749437,1.0,wrong_unique,unresolved,Not inferable from routing CSV alone; requires candidate lineage/stage trace
combined,new216__helmet__01,helmet__01,339738,local_pairwise_crf,050,daily_object,helmet,visor,visor,daily_object_visor/left/01,0.0,0.0,0.7419645268749437,1.0,wrong_unique,unresolved,Not inferable from routing CSV alone; requires candidate lineage/stage trace
combined,new216__mouse_computer_equipment__04,mouse_computer_equipment__04,349234,dbscan_fusion,025,device,mouse_(computer_equipment),left_button,button,device_button/left/01,0.0013924806047344342,0.0013924806047344342,0.39746963562753035,1.0,ambiguous,ambiguous,Not inferable from routing CSV alone; requires candidate lineage/stage trace
combined,new216__mouse_computer_equipment__04,mouse_computer_equipment__04,349234,dbscan_fusion,050,device,mouse_(computer_equipment),left_button,button,device_button/left/01,0.0013924806047344342,0.0013924806047344342,0.39746963562753035,0.0,ambiguous,ambiguous,Not inferable from routing CSV alone; requires candidate lineage/stage trace
combined,new216__mouse_computer_equipment__04,mouse_computer_equipment__04,349234,local_pairwise_crf,025,device,mouse_(computer_equipment),left_button,button,device_button/left/01,0.00040551500405515005,0.00040551500405515005,0.4224323162870649,1.0,ambiguous,ambiguous,Not inferable from routing CSV alone; requires candidate lineage/stage trace
combined,new216__mouse_computer_equipment__04,mouse_computer_equipment__04,349234,local_pairwise_crf,050,device,mouse_(computer_equipment),left_button,button,device_button/left/01,0.00040551500405515005,0.00040551500405515005,0.4224323162870649,0.0,ambiguous,ambiguous,Not inferable from routing CSV alone; requires candidate lineage/stage trace
combined,new216__basket__04,basket__04,349480,greedy_nms,025,container,basket,side,outer_side,container_outer_side/right/01,0.0,0.0,0.06134515890613452,0.0,ambiguous,unresolved,Not inferable from routing CSV alone; requires candidate lineage/stage trace
combined,new216__basket__04,basket__04,349480,greedy_nms,050,container,basket,side,outer_side,container_outer_side/right/01,0.0,0.0,0.06134515890613452,0.0,ambiguous,unresolved,Not inferable from routing CSV alone; requires candidate lineage/stage trace
combined,new216__basket__04,basket__04,349480,dbscan_fusion,025,container,basket,side,outer_side,container_outer_side/right/01,0.0,0.0,0.07084933845497225,0.0,ambiguous,unresolved,Not inferable from routing CSV alone; requires candidate lineage/stage trace
combined,new216__basket__04,basket__04,349480,dbscan_fusion,050,container,basket,side,outer_side,container_outer_side/right/01,0.0,0.0,0.07084933845497225,0.0,ambiguous,unresolved,Not inferable from routing CSV alone; requires candidate lineage/stage trace
combined,new216__basket__04,basket__04,349480,local_pairwise_crf,025,container,basket,side,outer_side,container_outer_side/right/01,0.0,0.0,0.07083422231704715,0.0,ambiguous,unresolved,Not inferable from routing CSV alone; requires candidate lineage/stage trace
combined,new216__basket__04,basket__04,349480,local_pairwise_crf,050,container,basket,side,outer_side,container_outer_side/right/01,0.0,0.0,0.07083422231704715,0.0,ambiguous,unresolved,Not inferable from routing CSV alone; requires candidate lineage/stage trace
combined,old37__shoe__u01,shoe__u01,35197,raw_proposals,050,daily_object,shoe,vamp,upper,proposal/0003,0.4349748743718593,0.4349748743718593,0.4349748743718593,0.0,wrong_unique,wrong_unique,Not inferable from routing CSV alone; requires candidate lineage/stage trace
combined,old37__shoe__u01,shoe__u01,35197,dbscan_fusion,050,daily_object,shoe,vamp,upper,daily_object_upper/right/01,0.316624895572264,0.316624895572264,0.316624895572264,0.0,wrong_unique,wrong_unique,Not inferable from routing CSV alone; requires candidate lineage/stage trace
combined,old37__shoe__u01,shoe__u01,35197,hpid_split_group_ids,025,daily_object,shoe,vamp,upper,object_001/daily_object_upper/002,0.20691711389385808,0.20691711389385808,0.2205911525490974,0.0,correct_unique,wrong_unique,Not inferable from routing CSV alone; requires candidate lineage/stage trace
combined,old37__shoe__u01,shoe__u01,35197,hpid_split_group_ids,050,daily_object,shoe,vamp,upper,object_001/daily_object_upper/002,0.20691711389385808,0.20691711389385808,0.2205911525490974,0.0,wrong_unique,wrong_unique,Not inferable from routing CSV alone; requires candidate lineage/stage trace
combined,new216__plastic_bag__04,plastic_bag__04,36230,raw_proposals,025,container,plastic_bag,text,label,proposal/0008,0.12003556609365738,0.12003556609365738,0.6399848254931715,1.0,wrong_unique,unresolved,Not inferable from routing CSV alone; requires candidate lineage/stage trace
combined,new216__plastic_bag__04,plastic_bag__04,36230,raw_proposals,050,container,plastic_bag,text,label,proposal/0008,0.12003556609365738,0.12003556609365738,0.6399848254931715,1.0,wrong_unique,unresolved,Not inferable from routing CSV alone; requires candidate lineage/stage trace
combined,new216__bottle__03,bottle__03,366695,raw_proposals,025,container,bottle,shoulder,shoulder,proposal/0004,0.032278683285394696,0.032278683285394696,0.15850428460140223,0.0,wrong_unique,unresolved,Not inferable from routing CSV alone; requires candidate lineage/stage trace
combined,new216__bottle__03,bottle__03,366695,raw_proposals,050,container,bottle,shoulder,shoulder,proposal/0004,0.032278683285394696,0.032278683285394696,0.15850428460140223,0.0,wrong_unique,unresolved,Not inferable from routing CSV alone; requires candidate lineage/stage trace
combined,new216__bottle__03,bottle__03,366695,greedy_nms,025,container,bottle,shoulder,shoulder,container_shoulder/left/01,0.032278683285394696,0.032278683285394696,0.23849575414476346,0.0,wrong_unique,unresolved,Not inferable from routing CSV alone; requires candidate lineage/stage trace
combined,new216__bottle__03,bottle__03,366695,greedy_nms,050,container,bottle,shoulder,shoulder,container_shoulder/left/01,0.032278683285394696,0.032278683285394696,0.23849575414476346,0.0,wrong_unique,unresolved,Not inferable from routing CSV alone; requires candidate lineage/stage trace
combined,new216__bottle__03,bottle__03,366695,dbscan_fusion,025,container,bottle,shoulder,shoulder,container_shoulder/left/01,0.032278683285394696,0.032278683285394696,0.3448719448017776,1.0,wrong_unique,unresolved,Not inferable from routing CSV alone; requires candidate lineage/stage trace
combined,new216__bottle__03,bottle__03,366695,dbscan_fusion,050,container,bottle,shoulder,shoulder,container_shoulder/left/01,0.032278683285394696,0.032278683285394696,0.3448719448017776,0.0,wrong_unique,unresolved,Not inferable from routing CSV alone; requires candidate lineage/stage trace
combined,new216__bottle__03,bottle__03,366695,local_pairwise_crf,025,container,bottle,shoulder,shoulder,container_shoulder/left/01,0.0319693094629156,0.0319693094629156,0.7818711900344554,1.0,wrong_unique,unresolved,Not inferable from routing CSV alone; requires candidate lineage/stage trace
combined,new216__bottle__03,bottle__03,366695,local_pairwise_crf,050,container,bottle,shoulder,shoulder,container_shoulder/left/01,0.0319693094629156,0.0319693094629156,0.7818711900344554,1.0,wrong_unique,unresolved,Not inferable from routing CSV alone; requires candidate lineage/stage trace
combined,new216__stool__02,stool__02,368900,raw_proposals,050,furniture,stool,seat,seat,proposal/0009,0.46811945117029863,0.46811945117029863,0.8574859887910328,1.0,wrong_unique,unresolved,Not inferable from routing CSV alone; requires candidate lineage/stage trace
combined,new216__bench__01,bench__01,370493,raw_proposals,025,furniture,bench,seat,seat,proposal/0005,0.0,0.0,0.19062778555965873,0.0,wrong_unique,wrong_unique,Not inferable from routing CSV alone; requires candidate lineage/stage trace
combined,new216__bench__01,bench__01,370493,raw_proposals,050,furniture,bench,seat,seat,proposal/0005,0.0,0.0,0.19062778555965873,0.0,wrong_unique,wrong_unique,Not inferable from routing CSV alone; requires candidate lineage/stage trace
combined,new216__bench__01,bench__01,370493,greedy_nms,025,furniture,bench,seat,seat,furniture_seat/center/01,0.0,0.0,0.19062778555965873,0.0,wrong_unique,wrong_unique,Not inferable from routing CSV alone; requires candidate lineage/stage trace
combined,new216__bench__01,bench__01,370493,greedy_nms,050,furniture,bench,seat,seat,furniture_seat/center/01,0.0,0.0,0.19062778555965873,0.0,wrong_unique,wrong_unique,Not inferable from routing CSV alone; requires candidate lineage/stage trace
combined,new216__bench__01,bench__01,370493,dbscan_fusion,025,furniture,bench,seat,seat,furniture_seat/center/01,0.0,0.0,0.19062778555965873,0.0,wrong_unique,wrong_unique,Not inferable from routing CSV alone; requires candidate lineage/stage trace
combined,new216__bench__01,bench__01,370493,dbscan_fusion,050,furniture,bench,seat,seat,furniture_seat/center/01,0.0,0.0,0.19062778555965873,0.0,wrong_unique,wrong_unique,Not inferable from routing CSV alone; requires candidate lineage/stage trace
combined,new216__bench__01,bench__01,370493,local_pairwise_crf,025,furniture,bench,seat,seat,furniture_seat/center/01,0.0,0.0,0.35054529267749834,1.0,wrong_unique,wrong_unique,Not inferable from routing CSV alone; requires candidate lineage/stage trace
combined,new216__bench__01,bench__01,370493,local_pairwise_crf,050,furniture,bench,seat,seat,furniture_seat/center/01,0.0,0.0,0.35054529267749834,0.0,wrong_unique,wrong_unique,Not inferable from routing CSV alone; requires candidate lineage/stage trace
combined,new216__bench__01,bench__01,370493,hpid_split_group_ids,025,furniture,bench,seat,seat,object_001/furniture_seat/002,0.0,0.0,0.26275022633537876,1.0,wrong_unique,wrong_unique,Not inferable from routing CSV alone; requires candidate lineage/stage trace
combined,new216__bench__01,bench__01,370493,hpid_split_group_ids,050,furniture,bench,seat,seat,object_001/furniture_seat/002,0.0,0.0,0.26275022633537876,0.0,wrong_unique,wrong_unique,Not inferable from routing CSV alone; requires candidate lineage/stage trace
combined,new216__scissors__04,scissors__04,379443,hpid_split_group_ids,025,tool_prop,scissors,handle,handle,object_001/tool_prop_handle/004,0.0,0.0,0.12835291509643096,0.0,ambiguous,wrong_unique,Not inferable from routing CSV alone; requires candidate lineage/stage trace
combined,new216__scissors__04,scissors__04,379443,hpid_split_group_ids,050,tool_prop,scissors,handle,handle,object_001/tool_prop_handle/004,0.0,0.0,0.12835291509643096,0.0,ambiguous,wrong_unique,Not inferable from routing CSV alone; requires candidate lineage/stage trace
combined,new216__bucket__04,bucket__04,383562,raw_proposals,025,container,bucket,body,body,proposal/0001,0.13550729307641082,0.13550729307641082,0.45621181262729127,1.0,wrong_unique,wrong_unique,Not inferable from routing CSV alone; requires candidate lineage/stage trace
combined,new216__bucket__04,bucket__04,383562,raw_proposals,050,container,bucket,body,body,proposal/0001,0.13550729307641082,0.13550729307641082,0.45621181262729127,0.0,wrong_unique,wrong_unique,Not inferable from routing CSV alone; requires candidate lineage/stage trace
combined,new216__bucket__04,bucket__04,383562,greedy_nms,025,container,bucket,body,body,container/right/01,0.09380511050242017,0.09380511050242017,0.45621181262729127,1.0,wrong_unique,wrong_unique,Not inferable from routing CSV alone; requires candidate lineage/stage trace
combined,new216__bucket__04,bucket__04,383562,greedy_nms,050,container,bucket,body,body,container/right/01,0.09380511050242017,0.09380511050242017,0.45621181262729127,0.0,wrong_unique,wrong_unique,Not inferable from routing CSV alone; requires candidate lineage/stage trace
combined,new216__bucket__04,bucket__04,383562,dbscan_fusion,025,container,bucket,body,body,container/right/01,0.09380511050242017,0.09380511050242017,0.45621181262729127,1.0,wrong_unique,wrong_unique,Not inferable from routing CSV alone; requires candidate lineage/stage trace
combined,new216__bucket__04,bucket__04,383562,dbscan_fusion,050,container,bucket,body,body,container/right/01,0.09380511050242017,0.09380511050242017,0.45621181262729127,0.0,wrong_unique,wrong_unique,Not inferable from routing CSV alone; requires candidate lineage/stage trace
combined,new216__bucket__04,bucket__04,383562,hpid_split_group_ids,025,container,bucket,body,body,object_001/container_body,0.05604627180199973,0.05604627180199973,0.4557204404021063,1.0,wrong_unique,wrong_unique,Not inferable from routing CSV alone; requires candidate lineage/stage trace
combined,new216__bucket__04,bucket__04,383562,hpid_split_group_ids,050,container,bucket,body,body,object_001/container_body,0.05604627180199973,0.05604627180199973,0.4557204404021063,0.0,wrong_unique,wrong_unique,Not inferable from routing CSV alone; requires candidate lineage/stage trace
combined,new216__helmet__04,helmet__04,396137,local_pairwise_crf,025,daily_object,helmet,strap,band,daily_object_band/right/01,0.0,0.0,0.2919271791099669,1.0,ambiguous,ambiguous,Not inferable from routing CSV alone; requires candidate lineage/stage trace
combined,new216__helmet__04,helmet__04,396137,local_pairwise_crf,050,daily_object,helmet,strap,band,daily_object_band/right/01,0.0,0.0,0.2919271791099669,0.0,ambiguous,ambiguous,Not inferable from routing CSV alone; requires candidate lineage/stage trace
combined,new216__broom__03,broom__03,423875,raw_proposals,025,tool_prop,broom,shaft,shaft,proposal/0005,0.0,0.0,0.49242424242424243,1.0,wrong_unique,wrong_unique,Not inferable from routing CSV alone; requires candidate lineage/stage trace
combined,new216__broom__03,broom__03,423875,raw_proposals,050,tool_prop,broom,shaft,shaft,proposal/0005,0.0,0.0,0.49242424242424243,0.0,wrong_unique,wrong_unique,Not inferable from routing CSV alone; requires candidate lineage/stage trace
combined,new216__broom__03,broom__03,423875,hpid_split_group_ids,025,tool_prop,broom,shaft,shaft,object_001/tool_prop_shaft/003,0.0,0.0,0.49056603773584906,1.0,wrong_unique,wrong_unique,Not inferable from routing CSV alone; requires candidate lineage/stage trace
combined,new216__broom__03,broom__03,423875,hpid_split_group_ids,050,tool_prop,broom,shaft,shaft,object_001/tool_prop_shaft/003,0.0,0.0,0.49056603773584906,0.0,wrong_unique,wrong_unique,Not inferable from routing CSV alone; requires candidate lineage/stage trace
combined,new216__bucket__01,bucket__01,433229,raw_proposals,025,container,bucket,body,body,proposal/0001,0.22540125610607117,0.22540125610607117,0.5560723514211886,1.0,wrong_unique,wrong_unique,Not inferable from routing CSV alone; requires candidate lineage/stage trace
combined,new216__bucket__01,bucket__01,433229,raw_proposals,050,container,bucket,body,body,proposal/0001,0.22540125610607117,0.22540125610607117,0.5560723514211886,1.0,wrong_unique,wrong_unique,Not inferable from routing CSV alone; requires candidate lineage/stage trace
combined,new216__bucket__01,bucket__01,433229,greedy_nms,025,container,bucket,body,body,container/left/01,0.17374830852503384,0.17374830852503384,0.4391983695652174,1.0,wrong_unique,wrong_unique,Not inferable from routing CSV alone; requires candidate lineage/stage trace
combined,new216__bucket__01,bucket__01,433229,greedy_nms,050,container,bucket,body,body,container/left/01,0.17374830852503384,0.17374830852503384,0.4391983695652174,0.0,wrong_unique,wrong_unique,Not inferable from routing CSV alone; requires candidate lineage/stage trace
combined,new216__bucket__01,bucket__01,433229,dbscan_fusion,025,container,bucket,body,body,container/left/01,0.00030807147258163895,0.00030807147258163895,0.5556894474091927,1.0,wrong_unique,wrong_unique,Not inferable from routing CSV alone; requires candidate lineage/stage trace
combined,new216__bucket__01,bucket__01,433229,dbscan_fusion,050,container,bucket,body,body,container/left/01,0.00030807147258163895,0.00030807147258163895,0.5556894474091927,1.0,wrong_unique,wrong_unique,Not inferable from routing CSV alone; requires candidate lineage/stage trace
combined,new216__bucket__01,bucket__01,433229,local_pairwise_crf,025,container,bucket,body,body,container/left/01,0.001350621285791464,0.001350621285791464,0.5360053218027607,1.0,wrong_unique,wrong_unique,Not inferable from routing CSV alone; requires candidate lineage/stage trace
combined,new216__bucket__01,bucket__01,433229,local_pairwise_crf,050,container,bucket,body,body,container/left/01,0.001350621285791464,0.001350621285791464,0.5360053218027607,1.0,wrong_unique,wrong_unique,Not inferable from routing CSV alone; requires candidate lineage/stage trace
combined,new216__bucket__01,bucket__01,433229,hpid_split_group_ids,025,container,bucket,body,body,object_001/container_body,0.000547945205479452,0.000547945205479452,0.23503713411970292,0.0,wrong_unique,wrong_unique,Not inferable from routing CSV alone; requires candidate lineage/stage trace
combined,new216__bucket__01,bucket__01,433229,hpid_split_group_ids,050,container,bucket,body,body,object_001/container_body,0.000547945205479452,0.000547945205479452,0.23503713411970292,0.0,wrong_unique,wrong_unique,Not inferable from routing CSV alone; requires candidate lineage/stage trace
combined,new216__towel__02,towel__02,442982,raw_proposals,050,daily_object,towel,terry_bar,terry_bar,proposal/0006,0.3902493321460374,0.3902493321460374,0.3902493321460374,0.0,wrong_unique,wrong_unique,Not inferable from routing CSV alone; requires candidate lineage/stage trace
combined,new216__towel__02,towel__02,442982,greedy_nms,050,daily_object,towel,terry_bar,terry_bar,daily_object_terry_bar/right/01,0.3902493321460374,0.3902493321460374,0.3902493321460374,0.0,wrong_unique,wrong_unique,Not inferable from routing CSV alone; requires candidate lineage/stage trace
combined,new216__towel__02,towel__02,442982,dbscan_fusion,050,daily_object,towel,terry_bar,terry_bar,daily_object_terry_bar/right/01,0.3902493321460374,0.3902493321460374,0.3902493321460374,0.0,wrong_unique,wrong_unique,Not inferable from routing CSV alone; requires candidate lineage/stage trace
combined,new216__towel__02,towel__02,442982,local_pairwise_crf,050,daily_object,towel,terry_bar,terry_bar,daily_object_terry_bar/right/01,0.3922404126485759,0.3922404126485759,0.3922404126485759,0.0,wrong_unique,wrong_unique,Not inferable from routing CSV alone; requires candidate lineage/stage trace
combined,new216__towel__02,towel__02,442982,hpid_split_group_ids,025,daily_object,towel,terry_bar,terry_bar,object_001/daily_object_terry_bar/007,0.23597025016903314,0.23597025016903314,0.23597025016903314,0.0,correct_unique,wrong_unique,Not inferable from routing CSV alone; requires candidate lineage/stage trace
combined,new216__towel__02,towel__02,442982,hpid_split_group_ids,050,daily_object,towel,terry_bar,terry_bar,object_001/daily_object_terry_bar/007,0.23597025016903314,0.23597025016903314,0.23597025016903314,0.0,wrong_unique,wrong_unique,Not inferable from routing CSV alone; requires candidate lineage/stage trace
combined,new216__cellular_telephone__01,cellular_telephone__01,444770,raw_proposals,025,device,cellular_telephone,screen,screen,proposal/0003,0.0,0.0,0.21879815100154082,0.0,wrong_unique,wrong_unique,Not inferable from routing CSV alone; requires candidate lineage/stage trace
combined,new216__cellular_telephone__01,cellular_telephone__01,444770,raw_proposals,050,device,cellular_telephone,screen,screen,proposal/0003,0.0,0.0,0.21879815100154082,0.0,wrong_unique,wrong_unique,Not inferable from routing CSV alone; requires candidate lineage/stage trace
combined,new216__cellular_telephone__01,cellular_telephone__01,444770,greedy_nms,025,device,cellular_telephone,screen,screen,device_screen/right/01,0.0,0.0,0.43526293942973915,1.0,wrong_unique,wrong_unique,Not inferable from routing CSV alone; requires candidate lineage/stage trace
combined,new216__cellular_telephone__01,cellular_telephone__01,444770,greedy_nms,050,device,cellular_telephone,screen,screen,device_screen/right/01,0.0,0.0,0.43526293942973915,0.0,wrong_unique,wrong_unique,Not inferable from routing CSV alone; requires candidate lineage/stage trace
combined,new216__cellular_telephone__01,cellular_telephone__01,444770,dbscan_fusion,025,device,cellular_telephone,screen,screen,device_screen/right/01,0.0,0.0,0.7560863309352518,1.0,wrong_unique,wrong_unique,Not inferable from routing CSV alone; requires candidate lineage/stage trace
combined,new216__cellular_telephone__01,cellular_telephone__01,444770,dbscan_fusion,050,device,cellular_telephone,screen,screen,device_screen/right/01,0.0,0.0,0.7560863309352518,1.0,wrong_unique,wrong_unique,Not inferable from routing CSV alone; requires candidate lineage/stage trace
combined,new216__cellular_telephone__01,cellular_telephone__01,444770,local_pairwise_crf,025,device,cellular_telephone,screen,screen,device_screen/right/01,0.0,0.0,0.9739187133231906,1.0,wrong_unique,wrong_unique,Not inferable from routing CSV alone; requires candidate lineage/stage trace
combined,new216__cellular_telephone__01,cellular_telephone__01,444770,local_pairwise_crf,050,device,cellular_telephone,screen,screen,device_screen/right/01,0.0,0.0,0.9739187133231906,1.0,wrong_unique,wrong_unique,Not inferable from routing CSV alone; requires candidate lineage/stage trace
combined,new216__cellular_telephone__01,cellular_telephone__01,444770,hpid_split_group_ids,025,device,cellular_telephone,screen,screen,object_001/device_screen/008,0.0,0.0,0.5561105702070016,1.0,wrong_unique,wrong_unique,Not inferable from routing CSV alone; requires candidate lineage/stage trace
combined,new216__cellular_telephone__01,cellular_telephone__01,444770,hpid_split_group_ids,050,device,cellular_telephone,screen,screen,object_001/device_screen/008,0.0,0.0,0.5561105702070016,1.0,wrong_unique,wrong_unique,Not inferable from routing CSV alone; requires candidate lineage/stage trace
combined,new216__cellular_telephone__02,cellular_telephone__02,446207,raw_proposals,050,device,cellular_telephone,bezel,bezel,proposal/0008,0.44857289193090283,0.44857289193090283,0.44857289193090283,0.0,wrong_unique,wrong_unique,Not inferable from routing CSV alone; requires candidate lineage/stage trace
combined,new216__cellular_telephone__02,cellular_telephone__02,446207,greedy_nms,050,device,cellular_telephone,bezel,bezel,device_bezel/left/01,0.3188351986421259,0.3188351986421259,0.3188351986421259,0.0,wrong_unique,wrong_unique,Not inferable from routing CSV alone; requires candidate lineage/stage trace
combined,new216__cellular_telephone__02,cellular_telephone__02,446207,dbscan_fusion,050,device,cellular_telephone,bezel,bezel,device_bezel/left/01,0.3188351986421259,0.3188351986421259,0.3188351986421259,0.0,wrong_unique,wrong_unique,Not inferable from routing CSV alone; requires candidate lineage/stage trace
combined,new216__cellular_telephone__02,cellular_telephone__02,446207,local_pairwise_crf,050,device,cellular_telephone,bezel,bezel,device_bezel/left/01,0.3188351986421259,0.3188351986421259,0.3188351986421259,0.0,wrong_unique,wrong_unique,Not inferable from routing CSV alone; requires candidate lineage/stage trace
combined,new216__cellular_telephone__02,cellular_telephone__02,446207,hpid_split_group_ids,050,device,cellular_telephone,bezel,bezel,object_001/device_bezel/015,0.4745708154506438,0.4745708154506438,0.4745708154506438,0.0,wrong_unique,wrong_unique,Not inferable from routing CSV alone; requires candidate lineage/stage trace
combined,old37__bicycle__u02,bicycle__u02,453138,raw_proposals,050,vehicle,bicycle,wheel,tire,proposal/0002,0.37705669270719677,0.37705669270719677,0.699028317138619,1.0,wrong_unique,wrong_unique,Not inferable from routing CSV alone; requires candidate lineage/stage trace
combined,old37__bicycle__u02,bicycle__u02,453138,dbscan_fusion,050,vehicle,bicycle,wheel,tire,vehicle_wheel/right/01,0.3785246368555967,0.3785246368555967,0.48751290443033807,0.0,wrong_unique,wrong_unique,Not inferable from routing CSV alone; requires candidate lineage/stage trace
combined,old37__bicycle__u02,bicycle__u02,453138,local_pairwise_crf,050,vehicle,bicycle,wheel,tire,vehicle_wheel/right/01,0.37247496926049534,0.37247496926049534,0.4660988503818075,0.0,wrong_unique,wrong_unique,Not inferable from routing CSV alone; requires candidate lineage/stage trace
combined,old37__bicycle__u02,bicycle__u02,453138,hpid_split_group_ids,050,vehicle,bicycle,wheel,tire,object_001/vehicle_wheel/004,0.37669729952855807,0.37669729952855807,0.45408870088848663,0.0,wrong_unique,wrong_unique,Not inferable from routing CSV alone; requires candidate lineage/stage trace
combined,new216__hat__01,hat__01,453549,raw_proposals,025,daily_object,hat,strap,band,proposal/0002,0.09545454545454546,0.09545454545454546,0.09545454545454546,0.0,wrong_unique,wrong_unique,Not inferable from routing CSV alone; requires candidate lineage/stage trace
combined,new216__hat__01,hat__01,453549,raw_proposals,050,daily_object,hat,strap,band,proposal/0002,0.09545454545454546,0.09545454545454546,0.09545454545454546,0.0,wrong_unique,wrong_unique,Not inferable from routing CSV alone; requires candidate lineage/stage trace
combined,new216__hat__01,hat__01,453549,dbscan_fusion,025,daily_object,hat,strap,band,daily_object_band/left/01,0.10411622276029056,0.10411622276029056,0.10411622276029056,0.0,wrong_unique,wrong_unique,Not inferable from routing CSV alone; requires candidate lineage/stage trace
combined,new216__hat__01,hat__01,453549,dbscan_fusion,050,daily_object,hat,strap,band,daily_object_band/left/01,0.10411622276029056,0.10411622276029056,0.10411622276029056,0.0,wrong_unique,wrong_unique,Not inferable from routing CSV alone; requires candidate lineage/stage trace
combined,new216__hat__01,hat__01,453549,hpid_split_group_ids,025,daily_object,hat,strap,band,object_001/daily_object_band/002,0.0315712187958884,0.0315712187958884,0.0315712187958884,0.0,wrong_unique,wrong_unique,Not inferable from routing CSV alone; requires candidate lineage/stage trace
combined,new216__hat__01,hat__01,453549,hpid_split_group_ids,050,daily_object,hat,strap,band,object_001/daily_object_band/002,0.0315712187958884,0.0315712187958884,0.0315712187958884,0.0,wrong_unique,wrong_unique,Not inferable from routing CSV alone; requires candidate lineage/stage trace
combined,old37__bottle__u01,bottle__u01,460841,raw_proposals,025,container,bottle,base,base,proposal/0004,0.0,0.0,0.0007089265670230992,0.0,wrong_unique,wrong_unique,Not inferable from routing CSV alone; requires candidate lineage/stage trace
combined,old37__bottle__u01,bottle__u01,460841,raw_proposals,050,container,bottle,base,base,proposal/0004,0.0,0.0,0.0007089265670230992,0.0,wrong_unique,wrong_unique,Not inferable from routing CSV alone; requires candidate lineage/stage trace
combined,old37__bottle__u01,bottle__u01,460841,greedy_nms,025,container,bottle,base,base,container_base/left/01,0.0,0.0,0.0010037641154328732,0.0,wrong_unique,wrong_unique,Not inferable from routing CSV alone; requires candidate lineage/stage trace
combined,old37__bottle__u01,bottle__u01,460841,greedy_nms,050,container,bottle,base,base,container_base/left/01,0.0,0.0,0.0010037641154328732,0.0,wrong_unique,wrong_unique,Not inferable from routing CSV alone; requires candidate lineage/stage trace
combined,old37__bottle__u01,bottle__u01,460841,dbscan_fusion,025,container,bottle,base,base,container_base/left/01,0.0,0.0,0.0013697066544914964,0.0,wrong_unique,wrong_unique,Not inferable from routing CSV alone; requires candidate lineage/stage trace
combined,old37__bottle__u01,bottle__u01,460841,dbscan_fusion,050,container,bottle,base,base,container_base/left/01,0.0,0.0,0.0013697066544914964,0.0,wrong_unique,wrong_unique,Not inferable from routing CSV alone; requires candidate lineage/stage trace
combined,old37__bottle__u01,bottle__u01,460841,hpid_split_group_ids,025,container,bottle,base,base,object_001/container_base/002,0.0,0.0,0.0008669267446900737,0.0,wrong_unique,wrong_unique,Not inferable from routing CSV alone; requires candidate lineage/stage trace
combined,old37__bottle__u01,bottle__u01,460841,hpid_split_group_ids,050,container,bottle,base,base,object_001/container_base/002,0.0,0.0,0.0008669267446900737,0.0,wrong_unique,wrong_unique,Not inferable from routing CSV alone; requires candidate lineage/stage trace
combined,new216__bottle__02,bottle__02,460950,local_pairwise_crf,025,container,bottle,label,label,container_label/center/01,0.24282105822919436,0.24282105822919436,0.24282105822919436,0.0,ambiguous,ambiguous,Not inferable from routing CSV alone; requires candidate lineage/stage trace
combined,new216__bottle__02,bottle__02,460950,local_pairwise_crf,050,container,bottle,label,label,container_label/center/01,0.24282105822919436,0.24282105822919436,0.24282105822919436,0.0,ambiguous,ambiguous,Not inferable from routing CSV alone; requires candidate lineage/stage trace
combined,new216__fan__02,fan__02,462791,hpid_split_group_ids,050,device,fan,canopy,canopy,object_001/device_canopy/006,0.2545045045045045,0.2545045045045045,0.2545045045045045,0.0,correct_unique,wrong_unique,Not inferable from routing CSV alone; requires candidate lineage/stage trace
combined,new216__scarf__04,scarf__04,463284,raw_proposals,025,daily_object,scarf,fringes,fringe,proposal/0002,0.0,0.0,0.0,0.0,wrong_unique,wrong_unique,Not inferable from routing CSV alone; requires candidate lineage/stage trace
combined,new216__scarf__04,scarf__04,463284,raw_proposals,050,daily_object,scarf,fringes,fringe,proposal/0002,0.0,0.0,0.0,0.0,wrong_unique,wrong_unique,Not inferable from routing CSV alone; requires candidate lineage/stage trace
combined,new216__scarf__04,scarf__04,463284,greedy_nms,025,daily_object,scarf,fringes,fringe,daily_object_fringe/left/01,0.0,0.0,0.0,0.0,wrong_unique,wrong_unique,Not inferable from routing CSV alone; requires candidate lineage/stage trace
combined,new216__scarf__04,scarf__04,463284,greedy_nms,050,daily_object,scarf,fringes,fringe,daily_object_fringe/left/01,0.0,0.0,0.0,0.0,wrong_unique,wrong_unique,Not inferable from routing CSV alone; requires candidate lineage/stage trace
combined,new216__scarf__04,scarf__04,463284,dbscan_fusion,025,daily_object,scarf,fringes,fringe,daily_object_fringe/left/01,0.0,0.0,0.0,0.0,wrong_unique,wrong_unique,Not inferable from routing CSV alone; requires candidate lineage/stage trace
combined,new216__scarf__04,scarf__04,463284,dbscan_fusion,050,daily_object,scarf,fringes,fringe,daily_object_fringe/left/01,0.0,0.0,0.0,0.0,wrong_unique,wrong_unique,Not inferable from routing CSV alone; requires candidate lineage/stage trace
combined,new216__scarf__04,scarf__04,463284,local_pairwise_crf,025,daily_object,scarf,fringes,fringe,daily_object_fringe/left/01,0.0,0.0,0.0,0.0,wrong_unique,wrong_unique,Not inferable from routing CSV alone; requires candidate lineage/stage trace
combined,new216__scarf__04,scarf__04,463284,local_pairwise_crf,050,daily_object,scarf,fringes,fringe,daily_object_fringe/left/01,0.0,0.0,0.0,0.0,wrong_unique,wrong_unique,Not inferable from routing CSV alone; requires candidate lineage/stage trace
combined,new216__scarf__04,scarf__04,463284,hpid_split_group_ids,025,daily_object,scarf,fringes,fringe,object_001/daily_object_fringe/002,0.0,0.0,0.0,0.0,wrong_unique,wrong_unique,Not inferable from routing CSV alone; requires candidate lineage/stage trace
combined,new216__scarf__04,scarf__04,463284,hpid_split_group_ids,050,daily_object,scarf,fringes,fringe,object_001/daily_object_fringe/002,0.0,0.0,0.0,0.0,wrong_unique,wrong_unique,Not inferable from routing CSV alone; requires candidate lineage/stage trace
combined,new216__plastic_bag__02,plastic_bag__02,464928,raw_proposals,050,container,plastic_bag,text,label,proposal/0005,0.39574360273625536,0.39574360273625536,0.39574360273625536,0.0,wrong_unique,unresolved,Not inferable from routing CSV alone; requires candidate lineage/stage trace
combined,new216__plastic_bag__02,plastic_bag__02,464928,greedy_nms,050,container,plastic_bag,text,label,container_label/left/01,0.39574360273625536,0.39574360273625536,0.39574360273625536,0.0,wrong_unique,unresolved,Not inferable from routing CSV alone; requires candidate lineage/stage trace
combined,new216__plastic_bag__02,plastic_bag__02,464928,dbscan_fusion,050,container,plastic_bag,text,label,container_label/left/01,0.39574360273625536,0.39574360273625536,0.39574360273625536,0.0,wrong_unique,unresolved,Not inferable from routing CSV alone; requires candidate lineage/stage trace
combined,new216__plastic_bag__02,plastic_bag__02,464928,local_pairwise_crf,050,container,plastic_bag,text,label,container_label/left/01,0.39574360273625536,0.39574360273625536,0.39574360273625536,0.0,wrong_unique,unresolved,Not inferable from routing CSV alone; requires candidate lineage/stage trace
combined,new216__vase__03,vase__03,467315,greedy_nms,025,container,vase,neck,neck,container_neck/left/01,0.20426829268292682,0.20426829268292682,0.20426829268292682,0.0,correct_unique,unresolved,Not inferable from routing CSV alone; requires candidate lineage/stage trace
combined,new216__vase__03,vase__03,467315,greedy_nms,050,container,vase,neck,neck,container_neck/left/01,0.20426829268292682,0.20426829268292682,0.20426829268292682,0.0,correct_unique,unresolved,Not inferable from routing CSV alone; requires candidate lineage/stage trace
combined,new216__vase__03,vase__03,467315,dbscan_fusion,025,container,vase,neck,neck,container_neck/left/01,0.20426829268292682,0.20426829268292682,0.20426829268292682,0.0,correct_unique,unresolved,Not inferable from routing CSV alone; requires candidate lineage/stage trace
combined,new216__vase__03,vase__03,467315,dbscan_fusion,050,container,vase,neck,neck,container_neck/left/01,0.20426829268292682,0.20426829268292682,0.20426829268292682,0.0,correct_unique,unresolved,Not inferable from routing CSV alone; requires candidate lineage/stage trace
combined,new216__box__01,box__01,474579,raw_proposals,025,container,box,side,side,proposal/0002,0.09889991371872303,0.09889991371872303,0.09890791425104489,0.0,wrong_unique,wrong_unique,Not inferable from routing CSV alone; requires candidate lineage/stage trace
combined,new216__box__01,box__01,474579,raw_proposals,050,container,box,side,side,proposal/0002,0.09889991371872303,0.09889991371872303,0.09890791425104489,0.0,wrong_unique,wrong_unique,Not inferable from routing CSV alone; requires candidate lineage/stage trace
combined,new216__box__01,box__01,474579,hpid_split_group_ids,025,container,box,side,side,object_001/container_side/006,0.12867917909138749,0.12867917909138749,0.12867917909138749,0.0,wrong_unique,wrong_unique,Not inferable from routing CSV alone; requires candidate lineage/stage trace
combined,new216__box__01,box__01,474579,hpid_split_group_ids,050,container,box,side,side,object_001/container_side/006,0.12867917909138749,0.12867917909138749,0.12867917909138749,0.0,wrong_unique,wrong_unique,Not inferable from routing CSV alone; requires candidate lineage/stage trace
combined,old37__handbag__u01,handbag__u01,475995,raw_proposals,050,container,handbag,rim,opening,proposal/0004,0.3705229793977813,0.3705229793977813,0.3705229793977813,0.0,wrong_unique,wrong_unique,Not inferable from routing CSV alone; requires candidate lineage/stage trace
combined,old37__handbag__u01,handbag__u01,475995,greedy_nms,050,container,handbag,rim,opening,container_opening/left/01,0.3705229793977813,0.3705229793977813,0.3705229793977813,0.0,wrong_unique,wrong_unique,Not inferable from routing CSV alone; requires candidate lineage/stage trace
combined,old37__handbag__u01,handbag__u01,475995,dbscan_fusion,050,container,handbag,rim,opening,container_opening/left/01,0.3705229793977813,0.3705229793977813,0.3705229793977813,0.0,wrong_unique,wrong_unique,Not inferable from routing CSV alone; requires candidate lineage/stage trace
combined,old37__handbag__u01,handbag__u01,475995,hpid_split_group_ids,050,container,handbag,rim,opening,object_001/container_opening/003,0.3045513654096229,0.3045513654096229,0.3045513654096229,0.0,wrong_unique,wrong_unique,Not inferable from routing CSV alone; requires candidate lineage/stage trace
combined,new216__cup__01,cup__01,49286,raw_proposals,025,container,cup,rim,rim,proposal/0004,0.0,0.0,0.07762366807548068,0.0,wrong_unique,unresolved,Not inferable from routing CSV alone; requires candidate lineage/stage trace
combined,new216__cup__01,cup__01,49286,raw_proposals,050,container,cup,rim,rim,proposal/0004,0.0,0.0,0.07762366807548068,0.0,wrong_unique,unresolved,Not inferable from routing CSV alone; requires candidate lineage/stage trace
combined,new216__guitar__02,guitar__02,498997,raw_proposals,050,tool_prop,guitar,fingerboard,fingerboard,proposal/0003,0.3978328173374613,0.3978328173374613,0.3978328173374613,0.0,wrong_unique,unresolved,Not inferable from routing CSV alone; requires candidate lineage/stage trace
combined,new216__guitar__02,guitar__02,498997,greedy_nms,050,tool_prop,guitar,fingerboard,fingerboard,tool_prop_fingerboard/right/01,0.3978328173374613,0.3978328173374613,0.3978328173374613,0.0,wrong_unique,unresolved,Not inferable from routing CSV alone; requires candidate lineage/stage trace
combined,new216__guitar__02,guitar__02,498997,dbscan_fusion,050,tool_prop,guitar,fingerboard,fingerboard,tool_prop_fingerboard/right/01,0.3978328173374613,0.3978328173374613,0.3978328173374613,0.0,wrong_unique,unresolved,Not inferable from routing CSV alone; requires candidate lineage/stage trace
combined,new216__guitar__02,guitar__02,498997,local_pairwise_crf,050,tool_prop,guitar,fingerboard,fingerboard,tool_prop_fingerboard/right/01,0.3978328173374613,0.3978328173374613,0.3978328173374613,0.0,wrong_unique,unresolved,Not inferable from routing CSV alone; requires candidate lineage/stage trace
combined,new216__belt__03,belt__03,513456,raw_proposals,025,daily_object,belt,loop,belt_loop,proposal/0003,0.0,0.0,0.0471501609543647,0.0,wrong_unique,wrong_unique,Not inferable from routing CSV alone; requires candidate lineage/stage trace
combined,new216__belt__03,belt__03,513456,raw_proposals,050,daily_object,belt,loop,belt_loop,proposal/0003,0.0,0.0,0.0471501609543647,0.0,wrong_unique,wrong_unique,Not inferable from routing CSV alone; requires candidate lineage/stage trace
combined,new216__belt__03,belt__03,513456,greedy_nms,025,daily_object,belt,loop,belt_loop,daily_object_belt_loop/right/01,0.0,0.0,0.06321401370906321,0.0,wrong_unique,wrong_unique,Not inferable from routing CSV alone; requires candidate lineage/stage trace
combined,new216__belt__03,belt__03,513456,greedy_nms,050,daily_object,belt,loop,belt_loop,daily_object_belt_loop/right/01,0.0,0.0,0.06321401370906321,0.0,wrong_unique,wrong_unique,Not inferable from routing CSV alone; requires candidate lineage/stage trace
combined,new216__belt__03,belt__03,513456,dbscan_fusion,025,daily_object,belt,loop,belt_loop,daily_object_belt_loop/right/01,0.0,0.0,0.06321401370906321,0.0,wrong_unique,wrong_unique,Not inferable from routing CSV alone; requires candidate lineage/stage trace
combined,new216__belt__03,belt__03,513456,dbscan_fusion,050,daily_object,belt,loop,belt_loop,daily_object_belt_loop/right/01,0.0,0.0,0.06321401370906321,0.0,wrong_unique,wrong_unique,Not inferable from routing CSV alone; requires candidate lineage/stage trace
combined,new216__belt__03,belt__03,513456,local_pairwise_crf,025,daily_object,belt,loop,belt_loop,daily_object_belt_loop/right/01,0.0,0.0,0.06544021024967149,0.0,wrong_unique,wrong_unique,Not inferable from routing CSV alone; requires candidate lineage/stage trace
combined,new216__belt__03,belt__03,513456,local_pairwise_crf,050,daily_object,belt,loop,belt_loop,daily_object_belt_loop/right/01,0.0,0.0,0.06544021024967149,0.0,wrong_unique,wrong_unique,Not inferable from routing CSV alone; requires candidate lineage/stage trace
combined,new216__belt__03,belt__03,513456,hpid_split_group_ids,025,daily_object,belt,loop,belt_loop,object_001/daily_object_belt_loop/002,0.0,0.0,0.06382978723404255,0.0,wrong_unique,wrong_unique,Not inferable from routing CSV alone; requires candidate lineage/stage trace
combined,new216__belt__03,belt__03,513456,hpid_split_group_ids,050,daily_object,belt,loop,belt_loop,object_001/daily_object_belt_loop/002,0.0,0.0,0.06382978723404255,0.0,wrong_unique,wrong_unique,Not inferable from routing CSV alone; requires candidate lineage/stage trace
combined,new216__car_automobile__03,car_automobile__03,516167,greedy_nms,050,vehicle,car_(automobile),hood,hood,vehicle_hood/right/01,0.47961867192636426,0.47961867192636426,0.47961867192636426,0.0,correct_unique,wrong_unique,Not inferable from routing CSV alone; requires candidate lineage/stage trace
combined,new216__car_automobile__03,car_automobile__03,516167,dbscan_fusion,025,vehicle,car_(automobile),hood,hood,vehicle_hood/right/01,0.21136449302676216,0.21136449302676216,0.21136449302676216,0.0,correct_unique,wrong_unique,Not inferable from routing CSV alone; requires candidate lineage/stage trace
combined,new216__car_automobile__03,car_automobile__03,516167,dbscan_fusion,050,vehicle,car_(automobile),hood,hood,vehicle_hood/right/01,0.21136449302676216,0.21136449302676216,0.21136449302676216,0.0,correct_unique,wrong_unique,Not inferable from routing CSV alone; requires candidate lineage/stage trace
combined,new216__car_automobile__03,car_automobile__03,516167,hpid_split_group_ids,025,vehicle,car_(automobile),hood,hood,object_001/vehicle_hood/008,0.07951476093446429,0.07951476093446429,0.3280194315707186,1.0,correct_unique,wrong_unique,Not inferable from routing CSV alone; requires candidate lineage/stage trace
combined,new216__car_automobile__03,car_automobile__03,516167,hpid_split_group_ids,050,vehicle,car_(automobile),hood,hood,object_001/vehicle_hood/008,0.07951476093446429,0.07951476093446429,0.3280194315707186,0.0,correct_unique,wrong_unique,Not inferable from routing CSV alone; requires candidate lineage/stage trace
combined,new216__telephone__03,telephone__03,516916,raw_proposals,025,device,telephone,bezel,bezel,proposal/0009,0.13682795698924732,0.13682795698924732,0.5932690681549129,1.0,wrong_unique,wrong_unique,Not inferable from routing CSV alone; requires candidate lineage/stage trace
combined,new216__telephone__03,telephone__03,516916,raw_proposals,050,device,telephone,bezel,bezel,proposal/0009,0.13682795698924732,0.13682795698924732,0.5932690681549129,1.0,wrong_unique,wrong_unique,Not inferable from routing CSV alone; requires candidate lineage/stage trace
combined,new216__telephone__03,telephone__03,516916,dbscan_fusion,025,device,telephone,bezel,bezel,device_bezel/right/01,0.10459801021780048,0.10459801021780048,0.44744929317762755,1.0,wrong_unique,wrong_unique,Not inferable from routing CSV alone; requires candidate lineage/stage trace
combined,new216__telephone__03,telephone__03,516916,dbscan_fusion,050,device,telephone,bezel,bezel,device_bezel/right/01,0.10459801021780048,0.10459801021780048,0.44744929317762755,0.0,wrong_unique,wrong_unique,Not inferable from routing CSV alone; requires candidate lineage/stage trace
combined,new216__telephone__03,telephone__03,516916,local_pairwise_crf,025,device,telephone,bezel,bezel,device_bezel/right/01,0.08860759493670886,0.08860759493670886,0.4531660934655068,1.0,wrong_unique,wrong_unique,Not inferable from routing CSV alone; requires candidate lineage/stage trace
combined,new216__telephone__03,telephone__03,516916,local_pairwise_crf,050,device,telephone,bezel,bezel,device_bezel/right/01,0.08860759493670886,0.08860759493670886,0.4531660934655068,0.0,wrong_unique,wrong_unique,Not inferable from routing CSV alone; requires candidate lineage/stage trace
combined,new216__telephone__03,telephone__03,516916,hpid_split_group_ids,025,device,telephone,bezel,bezel,object_001/device_bezel/007,0.13682795698924732,0.13682795698924732,0.4025657681065281,1.0,wrong_unique,wrong_unique,Not inferable from routing CSV alone; requires candidate lineage/stage trace
combined,new216__telephone__03,telephone__03,516916,hpid_split_group_ids,050,device,telephone,bezel,bezel,object_001/device_bezel/007,0.13682795698924732,0.13682795698924732,0.4025657681065281,0.0,wrong_unique,wrong_unique,Not inferable from routing CSV alone; requires candidate lineage/stage trace
combined,old37__telephone__u01,telephone__u01,523919,raw_proposals,025,device,telephone,bezel,bezel,proposal/0007,0.1219901132195822,0.1219901132195822,0.6708160442600276,1.0,wrong_unique,wrong_unique,Not inferable from routing CSV alone; requires candidate lineage/stage trace
combined,old37__telephone__u01,telephone__u01,523919,raw_proposals,050,device,telephone,bezel,bezel,proposal/0007,0.1219901132195822,0.1219901132195822,0.6708160442600276,1.0,wrong_unique,wrong_unique,Not inferable from routing CSV alone; requires candidate lineage/stage trace
combined,old37__telephone__u01,telephone__u01,523919,dbscan_fusion,025,device,telephone,bezel,bezel,device_bezel/left/01,0.019124308002013084,0.019124308002013084,0.6596806387225549,1.0,wrong_unique,wrong_unique,Not inferable from routing CSV alone; requires candidate lineage/stage trace
combined,old37__telephone__u01,telephone__u01,523919,dbscan_fusion,050,device,telephone,bezel,bezel,device_bezel/left/01,0.019124308002013084,0.019124308002013084,0.6596806387225549,1.0,wrong_unique,wrong_unique,Not inferable from routing CSV alone; requires candidate lineage/stage trace
combined,old37__telephone__u01,telephone__u01,523919,hpid_split_group_ids,025,device,telephone,bezel,bezel,object_001/device_bezel/010,0.04061291282356441,0.04061291282356441,0.5939245030154121,1.0,wrong_unique,wrong_unique,Not inferable from routing CSV alone; requires candidate lineage/stage trace
combined,old37__telephone__u01,telephone__u01,523919,hpid_split_group_ids,050,device,telephone,bezel,bezel,object_001/device_bezel/010,0.04061291282356441,0.04061291282356441,0.5939245030154121,1.0,wrong_unique,wrong_unique,Not inferable from routing CSV alone; requires candidate lineage/stage trace
combined,old37__pliers__u01,pliers__u01,528119,local_pairwise_crf,025,tool_prop,pliers,blade,jaw,tool_prop_jaw/left/01,0.0,0.0,0.0,0.0,ambiguous,ambiguous,Not inferable from routing CSV alone; requires candidate lineage/stage trace
combined,old37__pliers__u01,pliers__u01,528119,local_pairwise_crf,050,tool_prop,pliers,blade,jaw,tool_prop_jaw/left/01,0.0,0.0,0.0,0.0,ambiguous,ambiguous,Not inferable from routing CSV alone; requires candidate lineage/stage trace
combined,new216__mug__04,mug__04,53465,raw_proposals,025,container,mug,body,body,proposal/0001,0.2330401073505293,0.2330401073505293,0.2330401073505293,0.0,wrong_unique,correct_unique,Not inferable from routing CSV alone; requires candidate lineage/stage trace
combined,new216__mug__04,mug__04,53465,raw_proposals,050,container,mug,body,body,proposal/0001,0.2330401073505293,0.2330401073505293,0.2330401073505293,0.0,wrong_unique,wrong_unique,Not inferable from routing CSV alone; requires candidate lineage/stage trace
combined,new216__mug__04,mug__04,53465,greedy_nms,050,container,mug,body,body,container/right/01,0.4890488110137672,0.4890488110137672,0.4890488110137672,0.0,wrong_unique,wrong_unique,Not inferable from routing CSV alone; requires candidate lineage/stage trace
combined,new216__mug__04,mug__04,53465,dbscan_fusion,050,container,mug,body,body,container/right/01,0.4890488110137672,0.4890488110137672,0.4890488110137672,0.0,wrong_unique,wrong_unique,Not inferable from routing CSV alone; requires candidate lineage/stage trace
combined,new216__mug__04,mug__04,53465,hpid_split_group_ids,050,container,mug,body,body,object_001/container_body,0.4296907216494845,0.4296907216494845,0.4296907216494845,0.0,wrong_unique,wrong_unique,Not inferable from routing CSV alone; requires candidate lineage/stage trace
combined,new216__jar__03,jar__03,536935,raw_proposals,050,container,jar,body,body,proposal/0001,0.33347289093573373,0.33347289093573373,0.8622777147181233,1.0,wrong_unique,wrong_unique,Not inferable from routing CSV alone; requires candidate lineage/stage trace
combined,new216__jar__03,jar__03,536935,greedy_nms,050,container,jar,body,body,container/right/01,0.3827650013217023,0.3827650013217023,0.3827650013217023,0.0,wrong_unique,wrong_unique,Not inferable from routing CSV alone; requires candidate lineage/stage trace
combined,new216__jar__03,jar__03,536935,dbscan_fusion,025,container,jar,body,body,container/left/01,0.028132644740418593,0.028132644740418593,0.5246382479468127,1.0,correct_unique,correct_unique,Not inferable from routing CSV alone; requires candidate lineage/stage trace
combined,new216__jar__03,jar__03,536935,dbscan_fusion,050,container,jar,body,body,container/left/01,0.028132644740418593,0.028132644740418593,0.5246382479468127,1.0,wrong_unique,wrong_unique,Not inferable from routing CSV alone; requires candidate lineage/stage trace
combined,new216__jar__03,jar__03,536935,hpid_split_group_ids,050,container,jar,body,body,object_001/container_body,0.28555470222718704,0.28555470222718704,0.28555470222718704,0.0,wrong_unique,wrong_unique,Not inferable from routing CSV alone; requires candidate lineage/stage trace
combined,old37__screwdriver__u01,screwdriver__u01,537081,raw_proposals,025,tool_prop,knife,blade,blade,proposal/0002,0.0053810239772097805,0.0053810239772097805,0.7717272925288609,1.0,wrong_unique,wrong_unique,Not inferable from routing CSV alone; requires candidate lineage/stage trace
combined,old37__screwdriver__u01,screwdriver__u01,537081,raw_proposals,050,tool_prop,knife,blade,blade,proposal/0002,0.0053810239772097805,0.0053810239772097805,0.7717272925288609,1.0,wrong_unique,wrong_unique,Not inferable from routing CSV alone; requires candidate lineage/stage trace
combined,old37__screwdriver__u01,screwdriver__u01,537081,greedy_nms,025,tool_prop,knife,blade,blade,tool_prop_blade/right/01,0.0053810239772097805,0.0053810239772097805,0.7717272925288609,1.0,wrong_unique,wrong_unique,Not inferable from routing CSV alone; requires candidate lineage/stage trace
combined,old37__screwdriver__u01,screwdriver__u01,537081,greedy_nms,050,tool_prop,knife,blade,blade,tool_prop_blade/right/01,0.0053810239772097805,0.0053810239772097805,0.7717272925288609,1.0,wrong_unique,wrong_unique,Not inferable from routing CSV alone; requires candidate lineage/stage trace
combined,old37__screwdriver__u01,screwdriver__u01,537081,dbscan_fusion,025,tool_prop,knife,blade,blade,tool_prop_blade/right/01,0.0053810239772097805,0.0053810239772097805,0.7717272925288609,1.0,wrong_unique,wrong_unique,Not inferable from routing CSV alone; requires candidate lineage/stage trace
combined,old37__screwdriver__u01,screwdriver__u01,537081,dbscan_fusion,050,tool_prop,knife,blade,blade,tool_prop_blade/right/01,0.0053810239772097805,0.0053810239772097805,0.7717272925288609,1.0,wrong_unique,wrong_unique,Not inferable from routing CSV alone; requires candidate lineage/stage trace
combined,old37__screwdriver__u01,screwdriver__u01,537081,hpid_split_group_ids,025,tool_prop,knife,blade,blade,object_001/tool_prop_blade,0.012989057702904826,0.012989057702904826,0.8459065580797257,1.0,wrong_unique,wrong_unique,Not inferable from routing CSV alone; requires candidate lineage/stage trace
combined,old37__screwdriver__u01,screwdriver__u01,537081,hpid_split_group_ids,050,tool_prop,knife,blade,blade,object_001/tool_prop_blade,0.012989057702904826,0.012989057702904826,0.8459065580797257,1.0,wrong_unique,wrong_unique,Not inferable from routing CSV alone; requires candidate lineage/stage trace
combined,new216__cup__04,cup__04,558092,raw_proposals,025,container,cup,inner_body,inner,proposal/0002,0.0,0.0,0.0,0.0,wrong_unique,wrong_unique,Not inferable from routing CSV alone; requires candidate lineage/stage trace
combined,new216__cup__04,cup__04,558092,raw_proposals,050,container,cup,inner_body,inner,proposal/0002,0.0,0.0,0.0,0.0,wrong_unique,wrong_unique,Not inferable from routing CSV alone; requires candidate lineage/stage trace
combined,new216__cup__04,cup__04,558092,greedy_nms,025,container,cup,inner_body,inner,container_inner/left/01,0.0,0.0,0.0,0.0,wrong_unique,wrong_unique,Not inferable from routing CSV alone; requires candidate lineage/stage trace
combined,new216__cup__04,cup__04,558092,greedy_nms,050,container,cup,inner_body,inner,container_inner/left/01,0.0,0.0,0.0,0.0,wrong_unique,wrong_unique,Not inferable from routing CSV alone; requires candidate lineage/stage trace
combined,new216__cup__04,cup__04,558092,dbscan_fusion,025,container,cup,inner_body,inner,container_inner/left/01,0.0,0.0,0.0,0.0,wrong_unique,wrong_unique,Not inferable from routing CSV alone; requires candidate lineage/stage trace
combined,new216__cup__04,cup__04,558092,dbscan_fusion,050,container,cup,inner_body,inner,container_inner/left/01,0.0,0.0,0.0,0.0,wrong_unique,wrong_unique,Not inferable from routing CSV alone; requires candidate lineage/stage trace
combined,new216__cup__04,cup__04,558092,local_pairwise_crf,025,container,cup,inner_body,inner,container_inner/left/01,0.0,0.0,0.0,0.0,wrong_unique,wrong_unique,Not inferable from routing CSV alone; requires candidate lineage/stage trace
combined,new216__cup__04,cup__04,558092,local_pairwise_crf,050,container,cup,inner_body,inner,container_inner/left/01,0.0,0.0,0.0,0.0,wrong_unique,wrong_unique,Not inferable from routing CSV alone; requires candidate lineage/stage trace
combined,new216__cup__04,cup__04,558092,hpid_split_group_ids,025,container,cup,inner_body,inner,object_001/container_inner/002,0.0,0.0,0.0,0.0,wrong_unique,wrong_unique,Not inferable from routing CSV alone; requires candidate lineage/stage trace
combined,new216__cup__04,cup__04,558092,hpid_split_group_ids,050,container,cup,inner_body,inner,object_001/container_inner/002,0.0,0.0,0.0,0.0,wrong_unique,wrong_unique,Not inferable from routing CSV alone; requires candidate lineage/stage trace
combined,new216__lamp__03,lamp__03,568584,raw_proposals,050,device,lamp,shade_inner_side,shade,proposal/0002,0.40641627543035996,0.40641627543035996,0.414423740510697,0.0,wrong_unique,wrong_unique,Not inferable from routing CSV alone; requires candidate lineage/stage trace
combined,new216__lamp__03,lamp__03,568584,dbscan_fusion,025,device,lamp,shade_inner_side,shade,device_shade/left/01,0.21915227629513342,0.21915227629513342,0.414423740510697,1.0,correct_unique,correct_unique,Not inferable from routing CSV alone; requires candidate lineage/stage trace
combined,new216__lamp__03,lamp__03,568584,dbscan_fusion,050,device,lamp,shade_inner_side,shade,device_shade/left/01,0.21915227629513342,0.21915227629513342,0.414423740510697,0.0,wrong_unique,wrong_unique,Not inferable from routing CSV alone; requires candidate lineage/stage trace
combined,new216__lamp__03,lamp__03,568584,local_pairwise_crf,025,device,lamp,shade_inner_side,shade,device_shade/left/01,0.21915227629513342,0.21915227629513342,0.4145667932343804,1.0,correct_unique,correct_unique,Not inferable from routing CSV alone; requires candidate lineage/stage trace
combined,new216__lamp__03,lamp__03,568584,local_pairwise_crf,050,device,lamp,shade_inner_side,shade,device_shade/left/01,0.21915227629513342,0.21915227629513342,0.4145667932343804,0.0,wrong_unique,wrong_unique,Not inferable from routing CSV alone; requires candidate lineage/stage trace
combined,new216__lamp__03,lamp__03,568584,hpid_split_group_ids,050,device,lamp,shade_inner_side,shade,object_001/device_shade/006,0.44536224401996216,0.44536224401996216,0.44536224401996216,0.0,wrong_unique,wrong_unique,Not inferable from routing CSV alone; requires candidate lineage/stage trace
combined,new216__handbag__03,handbag__03,569878,raw_proposals,025,container,handbag,rim,opening,proposal/0016,0.004957713619130942,0.004957713619130942,0.3423704414587332,1.0,wrong_unique,wrong_unique,Not inferable from routing CSV alone; requires candidate lineage/stage trace
combined,new216__handbag__03,handbag__03,569878,raw_proposals,050,container,handbag,rim,opening,proposal/0016,0.004957713619130942,0.004957713619130942,0.3423704414587332,0.0,wrong_unique,wrong_unique,Not inferable from routing CSV alone; requires candidate lineage/stage trace
combined,new216__handbag__03,handbag__03,569878,greedy_nms,025,container,handbag,rim,opening,container_opening/center/01,0.004957713619130942,0.004957713619130942,0.16080402010050251,0.0,wrong_unique,wrong_unique,Not inferable from routing CSV alone; requires candidate lineage/stage trace
combined,new216__handbag__03,handbag__03,569878,greedy_nms,050,container,handbag,rim,opening,container_opening/center/01,0.004957713619130942,0.004957713619130942,0.16080402010050251,0.0,wrong_unique,wrong_unique,Not inferable from routing CSV alone; requires candidate lineage/stage trace
combined,new216__handbag__03,handbag__03,569878,dbscan_fusion,025,container,handbag,rim,opening,container_opening/center/01,0.004957713619130942,0.004957713619130942,0.22070260123357469,0.0,wrong_unique,wrong_unique,Not inferable from routing CSV alone; requires candidate lineage/stage trace
combined,new216__handbag__03,handbag__03,569878,dbscan_fusion,050,container,handbag,rim,opening,container_opening/center/01,0.004957713619130942,0.004957713619130942,0.22070260123357469,0.0,wrong_unique,wrong_unique,Not inferable from routing CSV alone; requires candidate lineage/stage trace
combined,new216__handbag__03,handbag__03,569878,local_pairwise_crf,025,container,handbag,rim,opening,container_opening/right/01,0.0036079374624173183,0.0036079374624173183,0.15934554508269608,0.0,wrong_unique,wrong_unique,Not inferable from routing CSV alone; requires candidate lineage/stage trace
combined,new216__handbag__03,handbag__03,569878,local_pairwise_crf,050,container,handbag,rim,opening,container_opening/right/01,0.0036079374624173183,0.0036079374624173183,0.15934554508269608,0.0,wrong_unique,wrong_unique,Not inferable from routing CSV alone; requires candidate lineage/stage trace
combined,new216__handbag__03,handbag__03,569878,hpid_split_group_ids,025,container,handbag,rim,opening,object_001/container_opening/003,0.004975124378109453,0.004975124378109453,0.13607305936073058,0.0,wrong_unique,wrong_unique,Not inferable from routing CSV alone; requires candidate lineage/stage trace
combined,new216__handbag__03,handbag__03,569878,hpid_split_group_ids,050,container,handbag,rim,opening,object_001/container_opening/003,0.004975124378109453,0.004975124378109453,0.13607305936073058,0.0,wrong_unique,wrong_unique,Not inferable from routing CSV alone; requires candidate lineage/stage trace
combined,old37__laptop_computer__u01,laptop_computer__u01,578775,greedy_nms,050,device,laptop_computer,keyboard,keyboard,device_keyboard/right/01,0.4462025316455696,0.4462025316455696,0.4462025316455696,0.0,ambiguous,correct_unique,Not inferable from routing CSV alone; requires candidate lineage/stage trace
combined,old37__laptop_computer__u01,laptop_computer__u01,578775,dbscan_fusion,050,device,laptop_computer,keyboard,keyboard,device_keyboard/right/01,0.4462025316455696,0.4462025316455696,0.4462025316455696,0.0,ambiguous,correct_unique,Not inferable from routing CSV alone; requires candidate lineage/stage trace
combined,old37__laptop_computer__u01,laptop_computer__u01,578775,local_pairwise_crf,050,device,laptop_computer,keyboard,keyboard,device_keyboard/right/01,0.44622820645606764,0.44622820645606764,0.44622820645606764,0.0,ambiguous,correct_unique,Not inferable from routing CSV alone; requires candidate lineage/stage trace
combined,new216__crate__01,crate__01,61108,raw_proposals,025,container,crate,inner_side,side,proposal/0005,0.0,0.0,0.058410188844971456,0.0,wrong_unique,wrong_unique,Not inferable from routing CSV alone; requires candidate lineage/stage trace
combined,new216__crate__01,crate__01,61108,raw_proposals,050,container,crate,inner_side,side,proposal/0005,0.0,0.0,0.058410188844971456,0.0,wrong_unique,wrong_unique,Not inferable from routing CSV alone; requires candidate lineage/stage trace
combined,new216__crate__01,crate__01,61108,greedy_nms,025,container,crate,inner_side,side,container_side/left/01,0.0,0.0,0.06586332122812809,0.0,wrong_unique,wrong_unique,Not inferable from routing CSV alone; requires candidate lineage/stage trace
combined,new216__crate__01,crate__01,61108,greedy_nms,050,container,crate,inner_side,side,container_side/left/01,0.0,0.0,0.06586332122812809,0.0,wrong_unique,wrong_unique,Not inferable from routing CSV alone; requires candidate lineage/stage trace
combined,new216__crate__01,crate__01,61108,dbscan_fusion,025,container,crate,inner_side,side,container_side/left/01,0.0,0.0,0.06586332122812809,0.0,wrong_unique,wrong_unique,Not inferable from routing CSV alone; requires candidate lineage/stage trace
combined,new216__crate__01,crate__01,61108,dbscan_fusion,050,container,crate,inner_side,side,container_side/left/01,0.0,0.0,0.06586332122812809,0.0,wrong_unique,wrong_unique,Not inferable from routing CSV alone; requires candidate lineage/stage trace
combined,new216__crate__01,crate__01,61108,local_pairwise_crf,025,container,crate,inner_side,side,container_side/left/01,0.0,0.0,0.06585607394366197,0.0,wrong_unique,wrong_unique,Not inferable from routing CSV alone; requires candidate lineage/stage trace
combined,new216__crate__01,crate__01,61108,local_pairwise_crf,050,container,crate,inner_side,side,container_side/left/01,0.0,0.0,0.06585607394366197,0.0,wrong_unique,wrong_unique,Not inferable from routing CSV alone; requires candidate lineage/stage trace
combined,new216__crate__01,crate__01,61108,hpid_split_group_ids,025,container,crate,inner_side,side,object_001/container_side/003,0.0,0.0,0.06229508196721312,0.0,wrong_unique,wrong_unique,Not inferable from routing CSV alone; requires candidate lineage/stage trace
combined,new216__crate__01,crate__01,61108,hpid_split_group_ids,050,container,crate,inner_side,side,object_001/container_side/003,0.0,0.0,0.06229508196721312,0.0,wrong_unique,wrong_unique,Not inferable from routing CSV alone; requires candidate lineage/stage trace
combined,new216__remote_control__04,remote_control__04,6422,dbscan_fusion,025,device,remote_control,button,button,device_button/left/01,0.15489311957247828,0.15489311957247828,0.15489311957247828,0.0,ambiguous,wrong_unique,Not inferable from routing CSV alone; requires candidate lineage/stage trace
combined,new216__remote_control__04,remote_control__04,6422,dbscan_fusion,050,device,remote_control,button,button,device_button/left/01,0.15489311957247828,0.15489311957247828,0.15489311957247828,0.0,ambiguous,wrong_unique,Not inferable from routing CSV alone; requires candidate lineage/stage trace
combined,new216__remote_control__04,remote_control__04,6422,hpid_split_group_ids,025,device,remote_control,button,button,object_001/device_button/002,0.15236106375724515,0.15236106375724515,0.15236106375724515,0.0,ambiguous,wrong_unique,Not inferable from routing CSV alone; requires candidate lineage/stage trace
combined,new216__remote_control__04,remote_control__04,6422,hpid_split_group_ids,050,device,remote_control,button,button,object_001/device_button/002,0.15236106375724515,0.15236106375724515,0.15236106375724515,0.0,ambiguous,wrong_unique,Not inferable from routing CSV alone; requires candidate lineage/stage trace
combined,old37__car_automobile__u01,car_automobile__u01,67616,raw_proposals,050,vehicle,car_(automobile),bumper,bumper,proposal/0016,0.33196814562002275,0.33196814562002275,0.33196814562002275,0.0,wrong_unique,wrong_unique,Not inferable from routing CSV alone; requires candidate lineage/stage trace
combined,old37__car_automobile__u01,car_automobile__u01,67616,dbscan_fusion,050,vehicle,car_(automobile),bumper,bumper,vehicle_bumper/left/01,0.36296859169199597,0.36296859169199597,0.36296859169199597,0.0,wrong_unique,wrong_unique,Not inferable from routing CSV alone; requires candidate lineage/stage trace
combined,old37__car_automobile__u01,car_automobile__u01,67616,local_pairwise_crf,050,vehicle,car_(automobile),bumper,bumper,vehicle_bumper/left/01,0.34777070063694265,0.34777070063694265,0.34777070063694265,0.0,wrong_unique,wrong_unique,Not inferable from routing CSV alone; requires candidate lineage/stage trace
combined,old37__car_automobile__u01,car_automobile__u01,67616,hpid_split_group_ids,050,vehicle,car_(automobile),bumper,bumper,object_001/vehicle_bumper/002,0.36352169525731587,0.36352169525731587,0.36352169525731587,0.0,wrong_unique,wrong_unique,Not inferable from routing CSV alone; requires candidate lineage/stage trace
combined,old37__clock__u01,clock__u01,72989,raw_proposals,050,device,clock,case,body,proposal/0001,0.37645695668135093,0.37645695668135093,0.37645695668135093,0.0,wrong_unique,wrong_unique,Not inferable from routing CSV alone; requires candidate lineage/stage trace
combined,old37__clock__u01,clock__u01,72989,dbscan_fusion,050,device,clock,case,body,device/left/01,0.34528089639808546,0.34528089639808546,0.38827848864290215,0.0,wrong_unique,wrong_unique,Not inferable from routing CSV alone; requires candidate lineage/stage trace
combined,old37__clock__u01,clock__u01,72989,hpid_split_group_ids,050,device,clock,case,body,object_001/device_body,0.4225673296192593,0.4225673296192593,0.4225673296192593,0.0,wrong_unique,wrong_unique,Not inferable from routing CSV alone; requires candidate lineage/stage trace
combined,old37__glass_drink_container__u01,glass_drink_container__u01,85089,raw_proposals,025,container,glass_(drink_container),base,base,proposal/0004,0.0,0.0,0.0,0.0,wrong_unique,unresolved,Not inferable from routing CSV alone; requires candidate lineage/stage trace
combined,old37__glass_drink_container__u01,glass_drink_container__u01,85089,raw_proposals,050,container,glass_(drink_container),base,base,proposal/0004,0.0,0.0,0.0,0.0,wrong_unique,unresolved,Not inferable from routing CSV alone; requires candidate lineage/stage trace
combined,old37__glass_drink_container__u01,glass_drink_container__u01,85089,dbscan_fusion,025,container,glass_(drink_container),base,base,container_base/right/01,0.0,0.0,0.0,0.0,wrong_unique,unresolved,Not inferable from routing CSV alone; requires candidate lineage/stage trace
combined,old37__glass_drink_container__u01,glass_drink_container__u01,85089,dbscan_fusion,050,container,glass_(drink_container),base,base,container_base/right/01,0.0,0.0,0.0,0.0,wrong_unique,unresolved,Not inferable from routing CSV alone; requires candidate lineage/stage trace
combined,old37__glass_drink_container__u01,glass_drink_container__u01,85089,local_pairwise_crf,025,container,glass_(drink_container),base,base,container_base/right/01,0.0,0.0,0.0,0.0,wrong_unique,unresolved,Not inferable from routing CSV alone; requires candidate lineage/stage trace
combined,old37__glass_drink_container__u01,glass_drink_container__u01,85089,local_pairwise_crf,050,container,glass_(drink_container),base,base,container_base/right/01,0.0,0.0,0.0,0.0,wrong_unique,unresolved,Not inferable from routing CSV alone; requires candidate lineage/stage trace
combined,new216__belt__01,belt__01,96215,raw_proposals,025,daily_object,belt,buckle,buckle,proposal/0002,0.023391812865497075,0.023391812865497075,0.023391812865497075,0.0,wrong_unique,unresolved,Not inferable from routing CSV alone; requires candidate lineage/stage trace
combined,new216__belt__01,belt__01,96215,raw_proposals,050,daily_object,belt,buckle,buckle,proposal/0002,0.023391812865497075,0.023391812865497075,0.023391812865497075,0.0,wrong_unique,unresolved,Not inferable from routing CSV alone; requires candidate lineage/stage trace
combined,new216__belt__01,belt__01,96215,greedy_nms,025,daily_object,belt,buckle,buckle,daily_object_buckle/left/01,0.011764705882352941,0.011764705882352941,0.011764705882352941,0.0,wrong_unique,unresolved,Not inferable from routing CSV alone; requires candidate lineage/stage trace
combined,new216__belt__01,belt__01,96215,greedy_nms,050,daily_object,belt,buckle,buckle,daily_object_buckle/left/01,0.011764705882352941,0.011764705882352941,0.011764705882352941,0.0,wrong_unique,unresolved,Not inferable from routing CSV alone; requires candidate lineage/stage trace
combined,new216__belt__01,belt__01,96215,dbscan_fusion,025,daily_object,belt,buckle,buckle,daily_object_buckle/left/01,0.011764705882352941,0.011764705882352941,0.011764705882352941,0.0,wrong_unique,unresolved,Not inferable from routing CSV alone; requires candidate lineage/stage trace
combined,new216__belt__01,belt__01,96215,dbscan_fusion,050,daily_object,belt,buckle,buckle,daily_object_buckle/left/01,0.011764705882352941,0.011764705882352941,0.011764705882352941,0.0,wrong_unique,unresolved,Not inferable from routing CSV alone; requires candidate lineage/stage trace
combined,new216__knife__04,knife__04,98085,raw_proposals,025,tool_prop,knife,blade,blade,proposal/0002,0.22318737812444603,0.22318737812444603,0.22318737812444603,0.0,wrong_unique,wrong_unique,Not inferable from routing CSV alone; requires candidate lineage/stage trace
combined,new216__knife__04,knife__04,98085,raw_proposals,050,tool_prop,knife,blade,blade,proposal/0002,0.22318737812444603,0.22318737812444603,0.22318737812444603,0.0,wrong_unique,wrong_unique,Not inferable from routing CSV alone; requires candidate lineage/stage trace
combined,new216__knife__04,knife__04,98085,greedy_nms,025,tool_prop,knife,blade,blade,tool_prop_blade/left/01,0.22318737812444603,0.22318737812444603,0.22318737812444603,0.0,wrong_unique,wrong_unique,Not inferable from routing CSV alone; requires candidate lineage/stage trace
combined,new216__knife__04,knife__04,98085,greedy_nms,050,tool_prop,knife,blade,blade,tool_prop_blade/left/01,0.22318737812444603,0.22318737812444603,0.22318737812444603,0.0,wrong_unique,wrong_unique,Not inferable from routing CSV alone; requires candidate lineage/stage trace
combined,new216__knife__04,knife__04,98085,dbscan_fusion,025,tool_prop,knife,blade,blade,tool_prop_blade/left/01,0.22318737812444603,0.22318737812444603,0.22318737812444603,0.0,wrong_unique,wrong_unique,Not inferable from routing CSV alone; requires candidate lineage/stage trace
combined,new216__knife__04,knife__04,98085,dbscan_fusion,050,tool_prop,knife,blade,blade,tool_prop_blade/left/01,0.22318737812444603,0.22318737812444603,0.22318737812444603,0.0,wrong_unique,wrong_unique,Not inferable from routing CSV alone; requires candidate lineage/stage trace
combined,new216__knife__04,knife__04,98085,local_pairwise_crf,025,tool_prop,knife,blade,blade,tool_prop_blade/left/01,0.22314929877507544,0.22314929877507544,0.22314929877507544,0.0,wrong_unique,wrong_unique,Not inferable from routing CSV alone; requires candidate lineage/stage trace
combined,new216__knife__04,knife__04,98085,local_pairwise_crf,050,tool_prop,knife,blade,blade,tool_prop_blade/left/01,0.22314929877507544,0.22314929877507544,0.22314929877507544,0.0,wrong_unique,wrong_unique,Not inferable from routing CSV alone; requires candidate lineage/stage trace
combined,new216__knife__04,knife__04,98085,hpid_split_group_ids,025,tool_prop,knife,blade,blade,object_001/tool_prop_blade,0.0,0.0,0.17958412098298676,0.0,wrong_unique,wrong_unique,Not inferable from routing CSV alone; requires candidate lineage/stage trace
combined,new216__knife__04,knife__04,98085,hpid_split_group_ids,050,tool_prop,knife,blade,blade,object_001/tool_prop_blade,0.0,0.0,0.17958412098298676,0.0,wrong_unique,wrong_unique,Not inferable from routing CSV alone; requires candidate lineage/stage trace
combined,new216__carton__03,carton__03,98582,greedy_nms,025,container,carton,inner_side,side,container_side/right/01,0.0,0.0,0.16646345836620527,0.0,ambiguous,ambiguous,Not inferable from routing CSV alone; requires candidate lineage/stage trace
combined,new216__carton__03,carton__03,98582,greedy_nms,050,container,carton,inner_side,side,container_side/right/01,0.0,0.0,0.16646345836620527,0.0,ambiguous,ambiguous,Not inferable from routing CSV alone; requires candidate lineage/stage trace
combined,new216__wallet__02,wallet__02,98642,raw_proposals,025,daily_object,wallet,inner_body,inner,proposal/0003,0.05253181695098836,0.05253181695098836,0.05253181695098836,0.0,wrong_unique,unresolved,Not inferable from routing CSV alone; requires candidate lineage/stage trace
combined,new216__wallet__02,wallet__02,98642,raw_proposals,050,daily_object,wallet,inner_body,inner,proposal/0003,0.05253181695098836,0.05253181695098836,0.05253181695098836,0.0,wrong_unique,unresolved,Not inferable from routing CSV alone; requires candidate lineage/stage trace
