case_id,reference_index,annotation_id,raw_part_name,normalized_semantic,mask_path,mask_sha256,area_px,stage_input_best_iou_reproduced,stage_input_best_semantic_iou_reproduced
basket__01,0,1719598,rim,rim,__RUNTIME_ROOT__\datasets\paco\broad_objects_test_holdout_v3_4percat\basket__01\parts_crop\001_rim.png,a1322ae99d85363eb77f904068e65ea9082cd178fa2c8614a3375bf202e0883b,15231,0.27154849080192894,0.0
basket__01,1,1719599,side,outer_side,__RUNTIME_ROOT__\datasets\paco\broad_objects_test_holdout_v3_4percat\basket__01\parts_crop\002_side.png,0b91a85b2cd131140958da6b226f57ccae0a936dc784edf8d7f997043503611c,16528,0.3768986751259563,0.3768986751259563
basket__01,2,1719600,inner_side,inner_wall,__RUNTIME_ROOT__\datasets\paco\broad_objects_test_holdout_v3_4percat\basket__01\parts_crop\003_inner_side.png,50917f21bd68e140f4e9f48a34695bc2a9149c72ac0aa458bfa30e1c9c6c7ad6,6039,0.4015719899964273,0.0
basket__01,3,1719601,handle,handle,__RUNTIME_ROOT__\datasets\paco\broad_objects_test_holdout_v3_4percat\basket__01\parts_crop\004_handle.png,a9363dbbb93ec350514caaf51f56d17f208ef104d094c53e4a0290be2568937f,16690,0.0,0.0
basket__02,0,1703880,rim,rim,__RUNTIME_ROOT__\datasets\paco\broad_objects_test_holdout_v3_4percat\basket__02\parts_crop\001_rim.png,f89cb26fefa6cad66e7c9c2f4bade3705401070a01707293d75499d48d61fab0,5312,0.12584971523057137,0.0
basket__02,1,1703881,inner_side,inner_wall,__RUNTIME_ROOT__\datasets\paco\broad_objects_test_holdout_v3_4percat\basket__02\parts_crop\002_inner_side.png,c0d550248b39d0b965d1119dc2953be022dc1c9c41a5a9bb242c6c8a40ba9dad,19226,0.17191741132696942,0.0
basket__02,2,1703882,base,base,__RUNTIME_ROOT__\datasets\paco\broad_objects_test_holdout_v3_4percat\basket__02\parts_crop\003_base.png,11d8e9f818242173a7fdccb4c051b7d49678b4507ba2a9bd713d506b1ae7a289,7320,0.1399153237426019,0.0
basket__02,3,1703883,side,outer_side,__RUNTIME_ROOT__\datasets\paco\broad_objects_test_holdout_v3_4percat\basket__02\parts_crop\004_side.png,807d2d41e9719aac0e5f1008d2328a8b69b34be6011d2078d8a85e8fdb5766e7,31137,0.5763759401646729,0.5763759401646729
basket__03,0,1769527,rim,rim,__RUNTIME_ROOT__\datasets\paco\broad_objects_test_holdout_v3_4percat\basket__03\parts_crop\001_rim.png,7d21f79acba6f8d23ac74c498967f72935de8b5a916066300b941e9608cfe460,6479,0.2559061532612828,0.0
basket__03,1,1769528,base,base,__RUNTIME_ROOT__\datasets\paco\broad_objects_test_holdout_v3_4percat\basket__03\parts_crop\002_base.png,11b3a0cf5cc64e6dfab566011fb3710cf81a2c93cb161488f06d353d6221161c,11911,0.7155472786254956,0.0
basket__03,2,1769529,side,outer_side,__RUNTIME_ROOT__\datasets\paco\broad_objects_test_holdout_v3_4percat\basket__03\parts_crop\003_side.png,18b0bcd4adbae99da22c25a6ac41685dffa626c11517b128862a9fc3cd750f4b,16719,0.5474703640982218,0.11624548736462094
basket__03,3,1769530,handle,handle,__RUNTIME_ROOT__\datasets\paco\broad_objects_test_holdout_v3_4percat\basket__03\parts_crop\004_handle.png,64c886166dab2a89167692878343f71304ebcae86ccaef5066d41eee04fcd196,810,0.05025275052036872,0.002883593868568827
basket__04,0,1746227,rim,rim,__RUNTIME_ROOT__\datasets\paco\broad_objects_test_holdout_v3_4percat\basket__04\parts_crop\001_rim.png,cf67be7a2f6dc7af3ab2aff1f3fbbed786d762335f1d6050299398c93c3677a7,4293,0.15730543318649046,0.0
basket__04,1,1746228,handle,handle,__RUNTIME_ROOT__\datasets\paco\broad_objects_test_holdout_v3_4percat\basket__04\parts_crop\002_handle.png,4f28d6fe796e414f794d9393e31e389a9f96b141d81f741b0bccdf0dacd24412,47,0.0,0.0
basket__04,2,1746229,side,outer_side,__RUNTIME_ROOT__\datasets\paco\broad_objects_test_holdout_v3_4percat\basket__04\parts_crop\003_side.png,fbd80b8a077a08c6313ba048a6cac558af9d37f9c18e415cb612131ea670a126,3781,0.0,0.0
basket__04,3,1746230,inner_side,inner_wall,__RUNTIME_ROOT__\datasets\paco\broad_objects_test_holdout_v3_4percat\basket__04\parts_crop\004_inner_side.png,90f73e3212a04abe227aa1a22159164b0a60ad6eb9a52846c870a9daaab84550,2425,0.3209288478713903,0.3209288478713903
belt__01,0,1765691,strap,band,__RUNTIME_ROOT__\datasets\paco\broad_objects_test_holdout_v3_4percat\belt__01\parts_crop\001_strap.png,f1f7fffec2505e44695d34bb4e4814bc256da4967b1faebbafe752b2da5df748,1532,0.5988840669559826,0.0
belt__01,1,1765692,frame,frame,__RUNTIME_ROOT__\datasets\paco\broad_objects_test_holdout_v3_4percat\belt__01\parts_crop\002_frame.png,bc7c5ce713b9cd19da90f847a061ec46990f3fbb863bdfc5682c3c9ca6bdbd75,90,0.049586776859504134,0.0
belt__01,2,1765693,bar,buckle_bar,__RUNTIME_ROOT__\datasets\paco\broad_objects_test_holdout_v3_4percat\belt__01\parts_crop\003_bar.png,349b5f8eb5b335a811250bdb293da098e3b026f581926ced28cdbf2770d145c1,43,0.15942028985507245,0.0
belt__01,3,1765694,prong,buckle_prong,__RUNTIME_ROOT__\datasets\paco\broad_objects_test_holdout_v3_4percat\belt__01\parts_crop\004_prong.png,3d291ee4d71020382cd1d60e5f8520c63f6b8af4dc7ef5a9c73c236863cbdb6d,7,0.0,0.0
belt__01,4,1765695,hole,belt_hole,__RUNTIME_ROOT__\datasets\paco\broad_objects_test_holdout_v3_4percat\belt__01\parts_crop\005_hole.png,d591668f16ba535b0880e4939b73507d11364d2fdbd97e0a81a44f4b1ed0c1c8,15,0.13043478260869565,0.0
belt__01,5,1765696,buckle,buckle,__RUNTIME_ROOT__\datasets\paco\broad_objects_test_holdout_v3_4percat\belt__01\parts_crop\006_buckle.png,07312d1768da5e66e6c43ddd09d2bd2943a185e1fac777c82ce84542df2f86b3,138,0.023391812865497075,0.023391812865497075
belt__02,0,1768568,hole,belt_hole,__RUNTIME_ROOT__\datasets\paco\broad_objects_test_holdout_v3_4percat\belt__02\parts_crop\001_hole.png,2b113f18f681a8649d1c11f4fcc8722a0f4a75b9cd0c15798147c80f305db8d4,29,0.007094386181369525,0.0
belt__02,1,1768569,strap,band,__RUNTIME_ROOT__\datasets\paco\broad_objects_test_holdout_v3_4percat\belt__02\parts_crop\002_strap.png,45a9ad3105f5db1fef9c0885491846f66f55583d6796bd0dfd07690e6704bc64,3009,0.5984131046839007,0.0
belt__02,2,1768570,frame,frame,__RUNTIME_ROOT__\datasets\paco\broad_objects_test_holdout_v3_4percat\belt__02\parts_crop\003_frame.png,f31e6d6664ac8073e6e8ba002e1af68eaf115fd1ec3fc7e88d527558ea13fd09,1135,0.09824120603015075,0.0
belt__02,3,1768571,prong,buckle_prong,__RUNTIME_ROOT__\datasets\paco\broad_objects_test_holdout_v3_4percat\belt__02\parts_crop\004_prong.png,4e1986ba4c8e07dc21315f61fe5ea08001e1ecc7f32208a5cdc5f0307b438ed8,23,0.0018444512757454657,0.0
belt__03,0,1695905,loop,belt_loop,__RUNTIME_ROOT__\datasets\paco\broad_objects_test_holdout_v3_4percat\belt__03\parts_crop\001_loop.png,994a2e55f68ec31ecf47e34eaafada46a3f2b2163530a5fe201aa9715c3f88fa,250,0.0,0.0
belt__03,1,1695906,buckle,buckle,__RUNTIME_ROOT__\datasets\paco\broad_objects_test_holdout_v3_4percat\belt__03\parts_crop\002_buckle.png,95fb2c2b6efd32b9a7c72e9b96cbcaefd413dc21829ca191a0caf5d4d6d1ed15,168,0.022508038585209004,0.0
belt__03,2,1695907,strap,band,__RUNTIME_ROOT__\datasets\paco\broad_objects_test_holdout_v3_4percat\belt__03\parts_crop\003_strap.png,f78dea71d858605000a3a40ba639df4f40a5674e4fe7375ca9ddd3ec3ff5bcc2,3470,0.20314735336194564,0.0
belt__04,0,1698933,buckle,buckle,__RUNTIME_ROOT__\datasets\paco\broad_objects_test_holdout_v3_4percat\belt__04\parts_crop\001_buckle.png,1e5b5df02050ab98a902f9b880b3bc75598c6894c8d2a2103d9f3ab2f23bcb8d,553,0.8576329331046312,0.0
belt__04,1,1698934,end_tip,end_tip,__RUNTIME_ROOT__\datasets\paco\broad_objects_test_holdout_v3_4percat\belt__04\parts_crop\002_end_tip.png,16dddf0c7a1b0d7fc2334e9f73b6589abca29bd3e03e3ebdd9d4014db07076c4,92,0.031228784792939578,0.0
belt__04,2,1698935,strap,band,__RUNTIME_ROOT__\datasets\paco\broad_objects_test_holdout_v3_4percat\belt__04\parts_crop\003_strap.png,66bf86ae1ec5f56f22c1847c4296521ead00cbbf4fccaaa4e720f8ea370b512f,2294,0.580110497237569,0.0
bench__01,0,1725331,back,backrest,__RUNTIME_ROOT__\datasets\paco\broad_objects_test_holdout_v3_4percat\bench__01\parts_crop\001_back.png,5abde150ffa37caba27a559da42bf374d4918e3fdfea028a17db20af43c21583,22060,0.338168772422399,0.0
bench__01,1,1725332,arm,armrest,__RUNTIME_ROOT__\datasets\paco\broad_objects_test_holdout_v3_4percat\bench__01\parts_crop\002_arm.png,4cd9630e1d4aa3c72080b8a5f6c1be777fe413f9c9d16ca1da2310aea4731587,4043,0.24548049476688868,0.0
bench__01,2,1725333,seat,seat,__RUNTIME_ROOT__\datasets\paco\broad_objects_test_holdout_v3_4percat\bench__01\parts_crop\003_seat.png,dbfb744df7a1953b1fb5068d347beaef567592406226dd7684e7cb5902679194,7707,0.19062778555965873,0.0
bench__01,3,1725334,leg,leg,__RUNTIME_ROOT__\datasets\paco\broad_objects_test_holdout_v3_4percat\bench__01\parts_crop\004_leg.png,0acc265c9ba05eb50a9d7508a92a785635dca8eeba7bc8137be5a9b74a179e6b,3598,0.0,0.0
bench__01,4,1725335,stretcher,stretcher,__RUNTIME_ROOT__\datasets\paco\broad_objects_test_holdout_v3_4percat\bench__01\parts_crop\005_stretcher.png,215dfbe45ce711b78c57d90d9e27a31e85737e4dd75738643dd4d60d4256d357,1745,0.0,0.0
bench__02,0,1694822,seat,seat,__RUNTIME_ROOT__\datasets\paco\broad_objects_test_holdout_v3_4percat\bench__02\parts_crop\001_seat.png,7436d21b2ad0225740e7110a252a06d8fd04ba53a812fb4857b1d958706bf21a,42508,0.3534208804561174,0.0
bench__02,1,1694823,arm,armrest,__RUNTIME_ROOT__\datasets\paco\broad_objects_test_holdout_v3_4percat\bench__02\parts_crop\002_arm.png,be617c7c5a5975013816d2e07195605ff882e1de0cb6666eaa016b2459e02167,3075,0.0,0.0
bench__02,2,1694824,back,backrest,__RUNTIME_ROOT__\datasets\paco\broad_objects_test_holdout_v3_4percat\bench__02\parts_crop\003_back.png,36a0b1a390cf52923fe45e9690e943d6e727868a1d64f9b53df6eaeab7683236,56065,0.5819441777653651,0.3918784667604934
bench__02,3,1694826,table_top,table_top,__RUNTIME_ROOT__\datasets\paco\broad_objects_test_holdout_v3_4percat\bench__02\parts_crop\005_table_top.png,20a5c3336a518e62e24cc20353574f7a10fe83deb0ead337f7e60f6d01ef56f9,101,0.00038689708537529015,0.0
bench__03,0,1700341,seat,seat,__RUNTIME_ROOT__\datasets\paco\broad_objects_test_holdout_v3_4percat\bench__03\parts_crop\001_seat.png,a46ad42a38751156301b03ae5df5f1369e3632d6bfb224288d8a308e7962a5a0,457,0.0004996876951905059,0.0004996876951905059
bench__03,1,1700342,back,backrest,__RUNTIME_ROOT__\datasets\paco\broad_objects_test_holdout_v3_4percat\bench__03\parts_crop\002_back.png,03ac906dd422c20d807adff12679da11659fde6b5bdbbf86e11c05b5bffe0b90,63705,0.31048872356719753,0.0
bench__03,2,1700343,arm,armrest,__RUNTIME_ROOT__\datasets\paco\broad_objects_test_holdout_v3_4percat\bench__03\parts_crop\003_arm.png,5b47508fc48c1f61d8e8b81adb4fdcc8ddf6eda4997a70470cb77d98a65553a4,2246,0.022034791776489194,0.0
bench__03,3,1700344,leg,leg,__RUNTIME_ROOT__\datasets\paco\broad_objects_test_holdout_v3_4percat\bench__03\parts_crop\004_leg.png,48a0ce99992b9a397a36f68e1bd422d1e4ba671ca615eafca4ff207955570e93,7782,0.5441493853805011,0.5441493853805011
bench__03,4,1700345,stretcher,stretcher,__RUNTIME_ROOT__\datasets\paco\broad_objects_test_holdout_v3_4percat\bench__03\parts_crop\005_stretcher.png,7b6026eb6ba9db70aeaf47f602655dbe3318cc483e0734334474cb440ec418a6,157,0.0013606984918925048,0.0
bench__04,0,1771206,leg,leg,__RUNTIME_ROOT__\datasets\paco\broad_objects_test_holdout_v3_4percat\bench__04\parts_crop\001_leg.png,8758ee6ed6c0f14a191b3d37e063be2b09cbba392f6bb6107ebd7ac306cdd912,1651,0.00016231131309852296,0.0
bench__04,1,1771207,stretcher,stretcher,__RUNTIME_ROOT__\datasets\paco\broad_objects_test_holdout_v3_4percat\bench__04\parts_crop\002_stretcher.png,c1a03c254172e89d5b23188b620950beb17f663cc0e72e4028b54ef786d6f8c9,2228,0.0,0.0
bench__04,2,1771208,arm,armrest,__RUNTIME_ROOT__\datasets\paco\broad_objects_test_holdout_v3_4percat\bench__04\parts_crop\003_arm.png,331a5e71c78382a5ddef19b824f6e9ebb16fb2cc6c73242bf827a7297bec2f5a,3627,0.7060711420165819,0.7060711420165819
bench__04,3,1771209,seat,seat,__RUNTIME_ROOT__\datasets\paco\broad_objects_test_holdout_v3_4percat\bench__04\parts_crop\004_seat.png,d2682f28a15013e842444bcd9628c244d07c8ade5b69eb2b8a9c82ff530f4c2d,18966,0.17191117659440117,0.0
bench__04,4,1771210,back,backrest,__RUNTIME_ROOT__\datasets\paco\broad_objects_test_holdout_v3_4percat\bench__04\parts_crop\005_back.png,49272d018db65733cce28f01641d8fd9ee1de645218674dd47f45d495b522106,18439,0.914200703272924,0.5799220272904484
bicycle__01,0,1696664,pedal,pedal,__RUNTIME_ROOT__\datasets\paco\broad_objects_test_holdout_v3_4percat\bicycle__01\parts_crop\001_pedal.png,a548c159ac0401ae6b402b580baefaa72cd15c1d3fce529d5017cfd43af82f96,941,0.09987397605545054,0.0
bicycle__01,1,1696665,wheel,tire,__RUNTIME_ROOT__\datasets\paco\broad_objects_test_holdout_v3_4percat\bicycle__01\parts_crop\002_wheel.png,9700223e265f0fb36844ff2fdb3889791be941f2b0c806d8c7cfe3a5bcfe3f73,55891,0.5241475271241369,0.0
bicycle__01,2,1696666,gear,gear,__RUNTIME_ROOT__\datasets\paco\broad_objects_test_holdout_v3_4percat\bicycle__01\parts_crop\003_gear.png,f172332a2f477c9ab3b78b818eda7e508c85ed0ff6ae008846c31f0c78883cc8,868,0.1385959129861569,0.0
bicycle__01,3,1696667,top_tube,top_tube,__RUNTIME_ROOT__\datasets\paco\broad_objects_test_holdout_v3_4percat\bicycle__01\parts_crop\004_top_tube.png,b123d6bdf51d0199fab48c48a995d24f9faea18069a8eb69a02c73e0a1f0d8d9,2015,0.0,0.0
bicycle__01,4,1696668,stem,stem,__RUNTIME_ROOT__\datasets\paco\broad_objects_test_holdout_v3_4percat\bicycle__01\parts_crop\005_stem.png,3e0769b0b94f2a920adcc78e0336f31c51e98f94818eabe4f6348d4becff98d4,467,0.11553133514986376,0.0
bicycle__01,5,1696669,head_tube,head_tube,__RUNTIME_ROOT__\datasets\paco\broad_objects_test_holdout_v3_4percat\bicycle__01\parts_crop\006_head_tube.png,85a36ff4997c249e81b6724dde614795ce32448da93b8ae81b9841aac8d04f79,433,0.010956175298804782,0.010956175298804782
bicycle__01,6,1696670,handlebar,handlebar,__RUNTIME_ROOT__\datasets\paco\broad_objects_test_holdout_v3_4percat\bicycle__01\parts_crop\007_handlebar.png,4c5adf471bd6c353d98201cb090bd232904587fd91987a6c53ac350ec7f4d497,2288,0.6756968983117393,0.6756968983117393
bicycle__01,7,1696671,seat_tube,seat_tube,__RUNTIME_ROOT__\datasets\paco\broad_objects_test_holdout_v3_4percat\bicycle__01\parts_crop\008_seat_tube.png,20b33063d54ef079fb33a0b4717f0d2f432cfc9c07a97e56a46de36fa4fbfee9,1341,0.016384414153930882,0.0
bicycle__01,8,1696672,down_tube,down_tube,__RUNTIME_ROOT__\datasets\paco\broad_objects_test_holdout_v3_4percat\bicycle__01\parts_crop\009_down_tube.png,0ee9d68f5e7ff5e179f530b285060d7101a658689e5928fbf16b6a43c4bece21,1476,0.4424484364604125,0.0020394289598912306
bicycle__01,9,1696673,fork,fork,__RUNTIME_ROOT__\datasets\paco\broad_objects_test_holdout_v3_4percat\bicycle__01\parts_crop\010_fork.png,1707186c3fcd5f3660ef15f6130e31d51daa82c854d182aaa985899534cdaa47,893,0.006001905366783106,0.006001905366783106
bicycle__01,10,1696674,seat_stay,seat_stay,__RUNTIME_ROOT__\datasets\paco\broad_objects_test_holdout_v3_4percat\bicycle__01\parts_crop\011_seat_stay.png,e4f9c906e897b87a6cd0e555c670898beeb3041849e6480642603990cdeeb5d9,891,0.0,0.0
bicycle__01,11,1696675,saddle,seat,__RUNTIME_ROOT__\datasets\paco\broad_objects_test_holdout_v3_4percat\bicycle__01\parts_crop\012_saddle.png,874ee127a84b8bc09ec5520825f13d0ee56adeaeea65730df65cac53fe2e28d2,1109,0.0,0.0
bicycle__02,0,1731170,saddle,seat,__RUNTIME_ROOT__\datasets\paco\broad_objects_test_holdout_v3_4percat\bicycle__02\parts_crop\001_saddle.png,5a508caf0247de675b34cf8289b332430b4d532bd7923918a3122e6eec0cd44e,2560,0.0,0.0
bicycle__02,1,1731171,stem,stem,__RUNTIME_ROOT__\datasets\paco\broad_objects_test_holdout_v3_4percat\bicycle__02\parts_crop\002_stem.png,cdd433a4caefbcc0893adf2869a8d4b0187d7920052b87f3f52cb0821c41ca39,167,0.03247588424437299,0.0
bicycle__02,2,1731172,handlebar,handlebar,__RUNTIME_ROOT__\datasets\paco\broad_objects_test_holdout_v3_4percat\bicycle__02\parts_crop\003_handlebar.png,47a1f0d4724fc76e1ed022cf4eaa6efcdc74e711a56dffa03484169e0e4f33e0,3524,0.7659283565764288,0.7627482555018786
bicycle__02,3,1731173,top_tube,top_tube,__RUNTIME_ROOT__\datasets\paco\broad_objects_test_holdout_v3_4percat\bicycle__02\parts_crop\004_top_tube.png,44c01ed868f55294bd85175ae5a05d29a6327efcba6d4608ea8917c1a2fad2d1,3476,0.3526708788052843,0.0
bicycle__02,4,1731174,seat_tube,seat_tube,__RUNTIME_ROOT__\datasets\paco\broad_objects_test_holdout_v3_4percat\bicycle__02\parts_crop\005_seat_tube.png,d180a56a58a215d771419f47be63b0261bf90c7b0170e3e6628cc115abadefba,5781,0.4855256475368207,0.0
bicycle__02,5,1731175,pedal,pedal,__RUNTIME_ROOT__\datasets\paco\broad_objects_test_holdout_v3_4percat\bicycle__02\parts_crop\006_pedal.png,30e7b1264912a1f62a7e917e095d52c4a7911a35916505a49f5ecd6e0ff75efc,3345,0.5258313539192399,0.0
bicycle__02,6,1731176,seat_stay,seat_stay,__RUNTIME_ROOT__\datasets\paco\broad_objects_test_holdout_v3_4percat\bicycle__02\parts_crop\007_seat_stay.png,f10313b286db2e7069bbfc0b5f57db7c3d108f05db4fd4e1787b230568751fc2,3305,0.12980332829046898,0.0
bicycle__02,7,1731177,down_tube,down_tube,__RUNTIME_ROOT__\datasets\paco\broad_objects_test_holdout_v3_4percat\bicycle__02\parts_crop\008_down_tube.png,c2c4fbc8de7c837e211361eecd1b3ab1d8f5009a3278d167dc297b71b075c4b3,3705,0.5734672304439746,0.0
bicycle__02,8,1731178,fork,fork,__RUNTIME_ROOT__\datasets\paco\broad_objects_test_holdout_v3_4percat\bicycle__02\parts_crop\009_fork.png,274355969be10189b1a922cf6fdaaff8fd682aaa80ad3819cc91d9a7171310e8,4061,0.4524502668607472,0.0
bicycle__02,9,1731179,head_tube,head_tube,__RUNTIME_ROOT__\datasets\paco\broad_objects_test_holdout_v3_4percat\bicycle__02\parts_crop\010_head_tube.png,416cccc3f2358eb50f998f7cc9a63f155b4afc13d095607397859015bcd7c22d,1838,0.014828794823402535,0.0
bicycle__02,10,1731180,gear,gear,__RUNTIME_ROOT__\datasets\paco\broad_objects_test_holdout_v3_4percat\bicycle__02\parts_crop\011_gear.png,aee40bc1c14b065ad1eafb503bbb39d4c05e3523feb9138b9af94dd83ac09ef5,6342,0.1228275157003067,0.0
bicycle__02,11,1731181,wheel,tire,__RUNTIME_ROOT__\datasets\paco\broad_objects_test_holdout_v3_4percat\bicycle__02\parts_crop\012_wheel.png,15f8f2ef371a29d40acc6bba42d1ef18fcd280711f9cf46b98e1af144c12022c,45302,0.005366494967563956,0.0
bicycle__03,0,1748164,seat_tube,seat_tube,__RUNTIME_ROOT__\datasets\paco\broad_objects_test_holdout_v3_4percat\bicycle__03\parts_crop\001_seat_tube.png,9c51cdd97e8b78de97370efb93613c9d1416dabde803c08ddaa771e300617b1c,1675,0.00034518467380048324,0.0
bicycle__03,1,1748165,saddle,seat,__RUNTIME_ROOT__\datasets\paco\broad_objects_test_holdout_v3_4percat\bicycle__03\parts_crop\002_saddle.png,9f4eff5e4a7bd24c8cf4a20738d19043fb5c2f9cb65921db64721d93c269d326,3793,0.8990849673202614,0.8990849673202614
bicycle__03,2,1748166,top_tube,top_tube,__RUNTIME_ROOT__\datasets\paco\broad_objects_test_holdout_v3_4percat\bicycle__03\parts_crop\003_top_tube.png,542304aa8e57bed4b6d6c4d606f99f5119ebdbe260464be64c72d77acf718d02,1498,0.0,0.0
bicycle__03,3,1748167,down_tube,down_tube,__RUNTIME_ROOT__\datasets\paco\broad_objects_test_holdout_v3_4percat\bicycle__03\parts_crop\004_down_tube.png,303a7b780f01bfb6e99b1047f8bea0027df929d205dc8d051602f053ef0b09e4,2287,0.0,0.0
bicycle__03,4,1748168,seat_stay,seat_stay,__RUNTIME_ROOT__\datasets\paco\broad_objects_test_holdout_v3_4percat\bicycle__03\parts_crop\005_seat_stay.png,48edf5413ad021057d571df4d1f81da366625eb9d051a4be9a72644e7afa0401,1412,0.03112088144930607,0.0
bicycle__03,5,1748169,pedal,pedal,__RUNTIME_ROOT__\datasets\paco\broad_objects_test_holdout_v3_4percat\bicycle__03\parts_crop\006_pedal.png,1268027c9810a2a27afa2c318ab09cb88ffb8e92ccfd3ffaad4123a7745ecec4,2086,0.20705882352941177,0.0
bicycle__03,6,1748170,head_tube,head_tube,__RUNTIME_ROOT__\datasets\paco\broad_objects_test_holdout_v3_4percat\bicycle__03\parts_crop\007_head_tube.png,9c1086f2b906e559bc8ed3534a294dca75f5a109f0752f9a4d941980e816f2e1,350,0.0,0.0
bicycle__03,7,1748171,fork,fork,__RUNTIME_ROOT__\datasets\paco\broad_objects_test_holdout_v3_4percat\bicycle__03\parts_crop\008_fork.png,072aab30bc24822cc83da2d9348043a35f54bae34a52685d824e273c4b1ae73e,1488,0.09755649458019475,0.0
bicycle__03,8,1748172,wheel,tire,__RUNTIME_ROOT__\datasets\paco\broad_objects_test_holdout_v3_4percat\bicycle__03\parts_crop\009_wheel.png,21d541ac0131e5378811750e59d3302c799255c940661c7fe671c1837852ed3c,34130,0.727314368370299,0.0
bicycle__03,9,1748173,gear,gear,__RUNTIME_ROOT__\datasets\paco\broad_objects_test_holdout_v3_4percat\bicycle__03\parts_crop\010_gear.png,9893427ea20f3701026f96173a27f1ff134decea1aecd3827f5e096e569e41ac,1706,0.045470295050507745,0.0
bicycle__03,10,1748174,stem,stem,__RUNTIME_ROOT__\datasets\paco\broad_objects_test_holdout_v3_4percat\bicycle__03\parts_crop\011_stem.png,7bf6b25ebbf42da47e841d3d1ee7e7e221637ae176c374bb518795eb03a958f6,87,0.0,0.0
bicycle__03,11,1748175,handlebar,handlebar,__RUNTIME_ROOT__\datasets\paco\broad_objects_test_holdout_v3_4percat\bicycle__03\parts_crop\012_handlebar.png,b8c2467b8655b3672516cfe63c2767b90312571584cd474f788ff7c5b9abbfac,1166,0.5364455364455365,0.5364455364455365
bicycle__04,0,1755949,wheel,tire,__RUNTIME_ROOT__\datasets\paco\broad_objects_test_holdout_v3_4percat\bicycle__04\parts_crop\001_wheel.png,7c340a101c7d7c40db392d0045a749d4b4ed5906acb0f3f9975583ebad3a8915,37946,0.6017920016816438,0.6017920016816438
bicycle__04,1,1755950,saddle,seat,__RUNTIME_ROOT__\datasets\paco\broad_objects_test_holdout_v3_4percat\bicycle__04\parts_crop\002_saddle.png,6a8d91f3bc3b949fee0ea0692a112f7e7247d32ba9af10211100afe1ad067a86,1070,0.0,0.0
bicycle__04,2,1755951,top_tube,top_tube,__RUNTIME_ROOT__\datasets\paco\broad_objects_test_holdout_v3_4percat\bicycle__04\parts_crop\003_top_tube.png,fb3157d096df5bf0c61cb1b7c62c13e9e26436e70222de4f78010f7b5eaf83a2,1797,0.0,0.0
bicycle__04,3,1755952,seat_tube,seat_tube,__RUNTIME_ROOT__\datasets\paco\broad_objects_test_holdout_v3_4percat\bicycle__04\parts_crop\004_seat_tube.png,be0ee96bbf22b448529401b59e53313bbed6b38bc630929967bbe43a8ba6c8c4,1037,0.0,0.0
bicycle__04,4,1755953,down_tube,down_tube,__RUNTIME_ROOT__\datasets\paco\broad_objects_test_holdout_v3_4percat\bicycle__04\parts_crop\005_down_tube.png,377de9ca64bb2e81cf9059400c697eff00862537b625e0a95fb6c8598ba5546a,2594,0.5236084452975048,0.0
bicycle__04,5,1755954,fork,fork,__RUNTIME_ROOT__\datasets\paco\broad_objects_test_holdout_v3_4percat\bicycle__04\parts_crop\006_fork.png,2305deac0772894c2ba3339ba89738a8d204b7cb23dde96e1ec5ea45d3134969,2043,0.59375,0.0
bicycle__04,6,1755955,head_tube,head_tube,__RUNTIME_ROOT__\datasets\paco\broad_objects_test_holdout_v3_4percat\bicycle__04\parts_crop\007_head_tube.png,1e10d4f43c66aa57978922480e80d416f0e886b14c4ae776a7d59dd6abda9b82,1043,0.002674511901577962,0.0
bicycle__04,7,1755956,stem,stem,__RUNTIME_ROOT__\datasets\paco\broad_objects_test_holdout_v3_4percat\bicycle__04\parts_crop\008_stem.png,3b38aa5d122fed7a91f750ce327bc0f7a7182323754e3dee8b8a7d572e9bc3b5,474,0.08053007135575943,0.0
bicycle__04,8,1755957,seat_stay,seat_stay,__RUNTIME_ROOT__\datasets\paco\broad_objects_test_holdout_v3_4percat\bicycle__04\parts_crop\009_seat_stay.png,90757a1c973cc706d58cf0625b21ee6e130620dd746af8cf7d0e6970ee30412e,784,0.0,0.0
bicycle__04,9,1755958,handlebar,handlebar,__RUNTIME_ROOT__\datasets\paco\broad_objects_test_holdout_v3_4percat\bicycle__04\parts_crop\010_handlebar.png,6fc71c59cd7c92e33cb37710155c5c2a084da98f6ffc6455ac0445423b6065b0,3333,0.6392508143322475,0.6392508143322475
bicycle__04,10,1755959,pedal,pedal,__RUNTIME_ROOT__\datasets\paco\broad_objects_test_holdout_v3_4percat\bicycle__04\parts_crop\011_pedal.png,4cd3d53bf9744f4dc7e8f8deca9ade5ee63b3f4a918fe6ca6bda19bc54ad81b7,2256,0.2804931748128578,0.2804931748128578
bicycle__04,11,1755960,gear,gear,__RUNTIME_ROOT__\datasets\paco\broad_objects_test_holdout_v3_4percat\bicycle__04\parts_crop\012_gear.png,d76e2b7d77a5a6d78800dfe173f7a9029daac977a46aa98e1caa487640717d73,2137,0.28105994787141614,0.0
blender__01,0,1689247,seal_ring,ring,__RUNTIME_ROOT__\datasets\paco\broad_objects_test_holdout_v3_4percat\blender__01\parts_crop\001_seal_ring.png,bbaab9339a8e1b086eaa4cc75220d8b6f44e5ca455c50285aac33a5050ab9e36,1531,0.07553049413859624,0.0
blender__01,1,1689248,food_cup,jar,__RUNTIME_ROOT__\datasets\paco\broad_objects_test_holdout_v3_4percat\blender__01\parts_crop\002_food_cup.png,f7eaca8a8f94f689947440d2d266b0dc9cb85e0d67e3db8b3ef46a38c55ed1b0,28844,0.7868157177765919,0.7868157177765919
blender__01,2,1689249,handle,handle,__RUNTIME_ROOT__\datasets\paco\broad_objects_test_holdout_v3_4percat\blender__01\parts_crop\003_handle.png,74981e66c42965e0c08dd1bc41e058fd75f7f10a8b7a9726c3ad22e237e9f6f8,3123,0.915876414805751,0.915876414805751
blender__01,3,1689250,switch,button,__RUNTIME_ROOT__\datasets\paco\broad_objects_test_holdout_v3_4percat\blender__01\parts_crop\004_switch.png,32a3de9d4b25d59c026e06b4d26540644a06addabb2d4568cf3d5ea0b43bc18b,817,0.45383759733036705,0.45383759733036705
blender__01,4,1689251,base,base,__RUNTIME_ROOT__\datasets\paco\broad_objects_test_holdout_v3_4percat\blender__01\parts_crop\005_base.png,147ed14961306279780d2bce2609d4e9e42733c75735c9f8feaaa361b6237389,36235,0.9558477026882296,0.9558477026882296
blender__01,5,1689252,vapour_cover,lid,__RUNTIME_ROOT__\datasets\paco\broad_objects_test_holdout_v3_4percat\blender__01\parts_crop\006_vapour_cover.png,a29082199c8a41b86ba18edd7f99297bf242b1ce1fa0d68ae349a95ca47a56e1,2048,0.3537308228730823,0.3537308228730823
blender__01,6,1689253,cup,jar,__RUNTIME_ROOT__\datasets\paco\broad_objects_test_holdout_v3_4percat\blender__01\parts_crop\007_cup.png,dba1d7c67b6cdeacc5d652960a7e37cd2788332d52a0ca796b32b9c915215721,3169,0.5419052576782926,0.0883508792059895
blender__02,0,1718263,vapour_cover,lid,__RUNTIME_ROOT__\datasets\paco\broad_objects_test_holdout_v3_4percat\blender__02\parts_crop\001_vapour_cover.png,4eff5cb45afbbf4ab212381650bcb12d12c78bbd0cc30e8143769fd1503669de,24,0.0038283296393310496,0.00350938761186173
blender__02,1,1718264,cup,jar,__RUNTIME_ROOT__\datasets\paco\broad_objects_test_holdout_v3_4percat\blender__02\parts_crop\002_cup.png,eaeba88cacb97fbb187bf801fa9577b5aed39abe67681b9feac20ad086718ffe,234,0.025162178101041873,0.025162178101041873
blender__02,2,1718265,handle,handle,__RUNTIME_ROOT__\datasets\paco\broad_objects_test_holdout_v3_4percat\blender__02\parts_crop\003_handle.png,829e3b32f5a1de2b6afbe63fd525f98ea42757c5efedad278f9e7a8003bfac3e,622,0.056818181818181816,0.056818181818181816
blender__02,3,1718266,seal_ring,ring,__RUNTIME_ROOT__\datasets\paco\broad_objects_test_holdout_v3_4percat\blender__02\parts_crop\004_seal_ring.png,b2b2b828ebca57c5770e2b9b51553e132677b9d84dfb399514906184cb7da553,496,0.09671605927112535,0.0
blender__02,4,1718267,food_cup,jar,__RUNTIME_ROOT__\datasets\paco\broad_objects_test_holdout_v3_4percat\blender__02\parts_crop\005_food_cup.png,130e8d40d552d116740be59ceee1b6ae58a7930edf72991d69f17f27e460d790,4543,0.8311863103249375,0.8311863103249375
blender__02,5,1718268,switch,button,__RUNTIME_ROOT__\datasets\paco\broad_objects_test_holdout_v3_4percat\blender__02\parts_crop\006_switch.png,3dd218c606d36e4b9abba30e34d4d18f6d54ec1a4bdb68806f5f14d206e4d231,339,0.11507128309572301,0.0
blender__02,6,1718269,base,base,__RUNTIME_ROOT__\datasets\paco\broad_objects_test_holdout_v3_4percat\blender__02\parts_crop\007_base.png,d6f125048ce4b76668f4f23439769cfc98f8287ea7cd6d544b42c8264078f300,3858,0.6192289386006663,0.0
blender__03,0,1771553,handle,handle,__RUNTIME_ROOT__\datasets\paco\broad_objects_test_holdout_v3_4percat\blender__03\parts_crop\001_handle.png,918b520dfe845258b6e4f0c44a195e1d652119dfacfa3c52aa7048b2d49d072d,287,0.0018181818181818182,0.0
blender__03,1,1771554,vapour_cover,lid,__RUNTIME_ROOT__\datasets\paco\broad_objects_test_holdout_v3_4percat\blender__03\parts_crop\002_vapour_cover.png,42eddea380deafe0fe696e91ab455eb5540454049b267ea2ed8b38c600df8828,70,0.10862619808306709,0.10862619808306709
blender__03,2,1771555,cover,lid,__RUNTIME_ROOT__\datasets\paco\broad_objects_test_holdout_v3_4percat\blender__03\parts_crop\003_cover.png,ecd6cc1780994b03031a286f0357bebeb82656926582baaa0ee9691b0c635f02,532,0.756838905775076,0.756838905775076
blender__03,3,1771556,food_cup,jar,__RUNTIME_ROOT__\datasets\paco\broad_objects_test_holdout_v3_4percat\blender__03\parts_crop\004_food_cup.png,1f2d82c99acfd93e237a3103d0b13e7e9e76834f82c6693621291de99cca680d,1991,0.2623392162728089,0.2623392162728089
blender__03,4,1771557,base,base,__RUNTIME_ROOT__\datasets\paco\broad_objects_test_holdout_v3_4percat\blender__03\parts_crop\005_base.png,8f2de72c97cb3a3fe0f550599ed5feee684a3f86c697f02cd610efa92ead36f4,662,0.363499245852187,0.0
blender__03,5,1771558,switch,button,__RUNTIME_ROOT__\datasets\paco\broad_objects_test_holdout_v3_4percat\blender__03\parts_crop\006_switch.png,49726425ade813c1b9400e4a5cfc50eeb1680dda23d3d48d6076e0b75167c350,198,0.3551020408163265,0.3551020408163265
blender__03,6,1771559,spout,spout,__RUNTIME_ROOT__\datasets\paco\broad_objects_test_holdout_v3_4percat\blender__03\parts_crop\007_spout.png,76690cdfc46f24521f4c197014bfcf6965eb31a8fe35ecbb21e119d34455d593,2308,0.6740244383129681,0.0
blender__04,0,1748460,vapour_cover,lid,__RUNTIME_ROOT__\datasets\paco\broad_objects_test_holdout_v3_4percat\blender__04\parts_crop\001_vapour_cover.png,82700c7bf9446c1453110e4f3f1ea85adbccb100a499777b7e3358f16862f5be,3737,0.03262251094478181,0.016260528805008785
blender__04,1,1748461,cover,lid,__RUNTIME_ROOT__\datasets\paco\broad_objects_test_holdout_v3_4percat\blender__04\parts_crop\002_cover.png,f1e1f1e9626e96a9452c131dbae1228a57fc56f1ce68127804a75c9a788d3f54,18816,0.9569390538130704,0.9569390538130704
blender__04,2,1748462,food_cup,jar,__RUNTIME_ROOT__\datasets\paco\broad_objects_test_holdout_v3_4percat\blender__04\parts_crop\003_food_cup.png,0b6955404003eb51ae3e3bdc65f5d93b720b177960905229848988f253822863,79157,0.7856680620437219,0.7856680620437219
blender__04,3,1748463,base,base,__RUNTIME_ROOT__\datasets\paco\broad_objects_test_holdout_v3_4percat\blender__04\parts_crop\004_base.png,f8a5d09a7f4b33a8ff49797c27f951d5d2efb0f2b6f8e02ab516c7edd7c78c52,4486,0.715472027972028,0.1516827087173186
blender__04,4,1748464,cable,cable,__RUNTIME_ROOT__\datasets\paco\broad_objects_test_holdout_v3_4percat\blender__04\parts_crop\005_cable.png,fb71762958116e188ea3c5ffcc416ff28949c558d139640dac2235959875a0a2,80,0.0009212187382715206,0.0
blender__04,5,1748465,spout,spout,__RUNTIME_ROOT__\datasets\paco\broad_objects_test_holdout_v3_4percat\blender__04\parts_crop\006_spout.png,13411a4aec5908b89bc6a85fc9fb8757982e660e4e2dc88196864e86ac0f27d7,25034,0.7955417383251753,0.0
book__01,0,1724910,page,page,__RUNTIME_ROOT__\datasets\paco\broad_objects_test_holdout_v3_4percat\book__01\parts_crop\001_page.png,bd66dfa1766754d523a5fcde4512851be34035407646a84fd16452da933875c1,44836,0.2535512789064068,0.2535512789064068
book__01,1,1724911,cover,cover,__RUNTIME_ROOT__\datasets\paco\broad_objects_test_holdout_v3_4percat\book__01\parts_crop\002_cover.png,a9cde94cbdfa9ea011909883193a92534c949e2e0817bd2d0f43c51e6944fa74,1015,0.0,0.0
book__02,0,1737906,cover,cover,__RUNTIME_ROOT__\datasets\paco\broad_objects_test_holdout_v3_4percat\book__02\parts_crop\001_cover.png,c6fac5b503abff77c815f30c4664ad11568817cc87d1d8d590392b054bf51435,42484,0.8021672621966884,0.0
book__02,1,1737907,page,page,__RUNTIME_ROOT__\datasets\paco\broad_objects_test_holdout_v3_4percat\book__02\parts_crop\002_page.png,91eb4130aea96983304451fc0342d225e5039a91f020c620c56fd65f5aa4010c,2192,0.007678854457014811,0.007678854457014811
book__03,0,1704977,cover,cover,__RUNTIME_ROOT__\datasets\paco\broad_objects_test_holdout_v3_4percat\book__03\parts_crop\001_cover.png,56389e720a91d209c8169bd4ddbfbd42502ed9adf027334ca41b3a1e3a0adbd9,46203,0.6124901029295329,0.3571676501214856
book__03,1,1704978,page,page,__RUNTIME_ROOT__\datasets\paco\broad_objects_test_holdout_v3_4percat\book__03\parts_crop\002_page.png,3a5a07ad916f9020c408effd1523df4a4ce2df08ae1df7cd73882ffbde1dab0e,1116,0.04175192438858034,0.0
book__04,0,1714788,cover,cover,__RUNTIME_ROOT__\datasets\paco\broad_objects_test_holdout_v3_4percat\book__04\parts_crop\001_cover.png,14335591e3260450c03db5a0ca1979d9a77170bd258f7924a8c0899f57b25031,18407,0.13598745064099096,0.0
book__04,1,1714789,page,page,__RUNTIME_ROOT__\datasets\paco\broad_objects_test_holdout_v3_4percat\book__04\parts_crop\002_page.png,c0a15a77cd8f2867d2765daf9f4cae1f61f27e432d70655bc4dc14e79bec6716,34284,0.45438157818224106,0.1328931677379948
bottle__01,0,1757858,base,base,__RUNTIME_ROOT__\datasets\paco\broad_objects_test_holdout_v3_4percat\bottle__01\parts_crop\001_base.png,3f3b239012c03be386f01531d9be355b4a1da20b29de46139d9af47b160018cc,3054,0.0029102405010931866,0.0
bottle__01,1,1757859,body,body,__RUNTIME_ROOT__\datasets\paco\broad_objects_test_holdout_v3_4percat\bottle__01\parts_crop\002_body.png,6e49de7bbb99b5aba01783718178f034eb8df74a43e15085bc737b4c72eed645,47314,0.881709158000671,0.6936331511069498
bottle__01,2,1757860,label,label,__RUNTIME_ROOT__\datasets\paco\broad_objects_test_holdout_v3_4percat\bottle__01\parts_crop\003_label.png,c4221498660e5b2fa90132655295544332719e3a031d99b20fe2c39093df1882,45098,0.9115566037735849,0.3614676865092562
bottle__01,3,1757861,top,top,__RUNTIME_ROOT__\datasets\paco\broad_objects_test_holdout_v3_4percat\bottle__01\parts_crop\004_top.png,26d45d88fde19a92fa6414c612fdd73d419561e4436e888a9c619f3f98682d68,1597,0.01761588186636439,0.0
bottle__01,4,1757862,neck,neck,__RUNTIME_ROOT__\datasets\paco\broad_objects_test_holdout_v3_4percat\bottle__01\parts_crop\005_neck.png,92f4f06ca7a4f9bd41ea7b791a4977e25bc1e3cba5014a4297934657359943fc,9660,0.14396498771498772,0.0
bottle__01,5,1757863,shoulder,shoulder,__RUNTIME_ROOT__\datasets\paco\broad_objects_test_holdout_v3_4percat\bottle__01\parts_crop\006_shoulder.png,150b7b9129ae323e8c5d9ca190ad5e61bec62251565205e347d207f00241a9b5,7910,0.2633101851851852,0.0
bottle__02,0,1688473,base,base,__RUNTIME_ROOT__\datasets\paco\broad_objects_test_holdout_v3_4percat\bottle__02\parts_crop\001_base.png,d0b98f397d3c2f04ad2d721171148953104a8b23b8efd35dfae7dc88c9682d48,819,0.03142408787759906,0.0
bottle__02,1,1688474,body,body,__RUNTIME_ROOT__\datasets\paco\broad_objects_test_holdout_v3_4percat\bottle__02\parts_crop\002_body.png,0c2ac8d851ef131b2365700e6afafd5d9e346f4b0b2c3eb0cf728c7fa9c65a70,16015,0.6129621709886863,0.6129621709886863
bottle__02,2,1688475,cap,lid,__RUNTIME_ROOT__\datasets\paco\broad_objects_test_holdout_v3_4percat\bottle__02\parts_crop\003_cap.png,3e51a23b0b1ef05915624f4ed47cee892ba00968f9dd506452f4046bd97631e8,3363,0.8256364712847839,0.0
bottle__02,3,1688476,neck,neck,__RUNTIME_ROOT__\datasets\paco\broad_objects_test_holdout_v3_4percat\bottle__02\parts_crop\004_neck.png,fea7d665b78d8e4d6eb576666b8314f05d480072026166881b72f04664455359,1447,0.2047773654916512,0.0
bottle__02,4,1688477,shoulder,shoulder,__RUNTIME_ROOT__\datasets\paco\broad_objects_test_holdout_v3_4percat\bottle__02\parts_crop\005_shoulder.png,cd6e30b8babe68cdee69dccd93974171173b6d8fd829cd9ac43bbfbd4de13c40,3793,0.5875789473684211,0.0
bottle__02,5,1688478,label,label,__RUNTIME_ROOT__\datasets\paco\broad_objects_test_holdout_v3_4percat\bottle__02\parts_crop\006_label.png,45ea53b4329278ee914ba9ccf691ca4c77d96e30cb930bf61c0b62d3498857ff,6280,0.5279148273175799,0.5279148273175799
bottle__03,0,1724130,cap,lid,__RUNTIME_ROOT__\datasets\paco\broad_objects_test_holdout_v3_4percat\bottle__03\parts_crop\001_cap.png,e91734f636e25b97093b0b4ff5ff40e2fe08838df09a7c0e9ae09789f4caf0d6,2401,0.7047817047817048,0.7047817047817048
bottle__03,1,1724131,ring,ring,__RUNTIME_ROOT__\datasets\paco\broad_objects_test_holdout_v3_4percat\bottle__03\parts_crop\002_ring.png,7e91754c7159889cb684b9622886fc20246be9ee059b4dcbbee5c58432044037,1019,0.2783807568201819,0.0
bottle__03,2,1724132,neck,neck,__RUNTIME_ROOT__\datasets\paco\broad_objects_test_holdout_v3_4percat\bottle__03\parts_crop\003_neck.png,4beb4d28cf2345f08485deee3eb0a4f0d6cf32fdf5f7a4a96152becb55a33edb,564,0.02406015037593985,0.0
bottle__03,3,1724133,shoulder,shoulder,__RUNTIME_ROOT__\datasets\paco\broad_objects_test_holdout_v3_4percat\bottle__03\parts_crop\004_shoulder.png,d180cd77b77ee6c9d0ff75703627e12df4431583794cfd33bb9927e1725f16bd,3113,0.032278683285394696,0.032278683285394696
bottle__03,4,1724134,label,label,__RUNTIME_ROOT__\datasets\paco\broad_objects_test_holdout_v3_4percat\bottle__03\parts_crop\005_label.png,eb69e2265c872729e326b00ecd8511d5972e6ccf586ab5b4f3ac8fb7237bf715,11919,0.5639719392016035,0.20639315378806947
bottle__03,5,1724135,base,base,__RUNTIME_ROOT__\datasets\paco\broad_objects_test_holdout_v3_4percat\bottle__03\parts_crop\006_base.png,8adffc42ae009e5036243a573cc8cd32b21e8a6104989b705fc99916ba6b88ef,1193,0.0015020653398422831,0.0
bottle__04,0,1714346,cap,lid,__RUNTIME_ROOT__\datasets\paco\broad_objects_test_holdout_v3_4percat\bottle__04\parts_crop\001_cap.png,0a7f44cdb53e98a494fc8443371a1ea8b8623c8b7274075059e00a08e848aa87,1724,0.9687137891077636,0.9687137891077636
bottle__04,1,1714347,neck,neck,__RUNTIME_ROOT__\datasets\paco\broad_objects_test_holdout_v3_4percat\bottle__04\parts_crop\002_neck.png,9c886c3ae183a94f502338ce58e889f33d9c4303ac55d0e5b60e23dd9dfc9521,687,0.11383464894058995,0.0
bottle__04,2,1714348,shoulder,shoulder,__RUNTIME_ROOT__\datasets\paco\broad_objects_test_holdout_v3_4percat\bottle__04\parts_crop\003_shoulder.png,ff54965117bfc20f035a291ea7bdef39dc507851dec787106eeeb2dd8eb36fba,1721,0.4112582781456954,0.014460511679644048
bottle__04,3,1714349,label,label,__RUNTIME_ROOT__\datasets\paco\broad_objects_test_holdout_v3_4percat\bottle__04\parts_crop\004_label.png,15a1d15173d16ce8b2ed8b4e7ada8c7151d2d4839ee4bcb0c47c623c62a14dca,2176,0.9273897058823529,0.9273897058823529
bottle__04,4,1714350,base,base,__RUNTIME_ROOT__\datasets\paco\broad_objects_test_holdout_v3_4percat\bottle__04\parts_crop\005_base.png,3493addef2984b6969de8d9666cfaf6917b775e0c1a79916d3a34b9007093b01,435,0.08978460226060994,0.0
bottle__04,5,1714351,body,body,__RUNTIME_ROOT__\datasets\paco\broad_objects_test_holdout_v3_4percat\bottle__04\parts_crop\006_body.png,066184b7ae576a668a4f7369513c0dc95a931cdb223948256d2f687ca6f15029,8429,0.7806506205340353,0.6335441591099596
bowl__01,0,1735560,bottom,bottom,__RUNTIME_ROOT__\datasets\paco\broad_objects_test_holdout_v3_4percat\bowl__01\parts_crop\001_bottom.png,7b5c0f8052bbdad08e2cd8cbae9089bdc57b25d70c514ba060e5836a98758da1,922,0.01724413220501357,0.0
bowl__01,1,1735561,inner_body,inner,__RUNTIME_ROOT__\datasets\paco\broad_objects_test_holdout_v3_4percat\bowl__01\parts_crop\002_inner_body.png,3ef38a7f96577dbc810507f7033ada7800d9413840afc7ddde3d7e426703324e,5104,0.29947050855805935,0.0
bowl__01,2,1735562,rim,rim,__RUNTIME_ROOT__\datasets\paco\broad_objects_test_holdout_v3_4percat\bowl__01\parts_crop\003_rim.png,bd0559c886c97d947fe045d79f2ab04ff77548cc6924e73382e50213536cfcb1,3613,0.25286879579704136,0.0
bowl__01,3,1735563,body,body,__RUNTIME_ROOT__\datasets\paco\broad_objects_test_holdout_v3_4percat\bowl__01\parts_crop\004_body.png,9e37afcd836aafedffbf13e96ba36a0d4d7270a6cf45d0dd9a3857340475d71e,1104,0.14803784162578837,0.14803784162578837
bowl__02,0,1768553,rim,rim,__RUNTIME_ROOT__\datasets\paco\broad_objects_test_holdout_v3_4percat\bowl__02\parts_crop\001_rim.png,54cb3d8649a6615e137c631ca2c06d48d58f93c0f0bf4eab980811e3c05c5f46,13558,0.1285362605432019,0.0
bowl__02,1,1768554,inner_body,inner,__RUNTIME_ROOT__\datasets\paco\broad_objects_test_holdout_v3_4percat\bowl__02\parts_crop\002_inner_body.png,e8ecf44e3627d6bddfea9871f51f4dfe4385578120b6503c72a1b67326e3b470,8553,0.0,0.0
bowl__02,2,1768555,body,body,__RUNTIME_ROOT__\datasets\paco\broad_objects_test_holdout_v3_4percat\bowl__02\parts_crop\003_body.png,ef544627b0229701885ff3425223fee9322021bd6beaa3058d4e7a69384a7e49,9983,0.6368456375838926,0.6368456375838926
bowl__02,3,1768556,bottom,bottom,__RUNTIME_ROOT__\datasets\paco\broad_objects_test_holdout_v3_4percat\bowl__02\parts_crop\004_bottom.png,c9f214aed6e6f90afcd11b42b2424309c4385bc0894b859c252daf9b85209769,2007,0.09347101932045303,0.0
bowl__03,0,1702814,rim,rim,__RUNTIME_ROOT__\datasets\paco\broad_objects_test_holdout_v3_4percat\bowl__03\parts_crop\001_rim.png,0d1b5f636ff2035422296ed2328b24f64be1e8e56b8d45f2190d87469a32a1b1,1494,0.08467023172905526,0.0
bowl__03,1,1702815,inner_body,inner,__RUNTIME_ROOT__\datasets\paco\broad_objects_test_holdout_v3_4percat\bowl__03\parts_crop\002_inner_body.png,ffc8d2b1060e9dfedc673adb2fc8d98a9dfc9018ab8d6934e203eec786aad71e,14071,0.5462267232930414,0.0
bowl__03,2,1702816,bottom,bottom,__RUNTIME_ROOT__\datasets\paco\broad_objects_test_holdout_v3_4percat\bowl__03\parts_crop\003_bottom.png,ad194314727a5b914ae80beed2478be26adb21c201a3cc193416855d06aee083,2369,0.09388717814322217,0.0
bowl__03,3,1702817,body,body,__RUNTIME_ROOT__\datasets\paco\broad_objects_test_holdout_v3_4percat\bowl__03\parts_crop\004_body.png,d4f5083c68ae7b5836eae9e392f6c3696aeeeffe8eb8b9d3259db928edb83bb3,1592,0.10234748286129769,0.10234748286129769
bowl__04,0,1687562,rim,rim,__RUNTIME_ROOT__\datasets\paco\broad_objects_test_holdout_v3_4percat\bowl__04\parts_crop\001_rim.png,a66c65fd64ee0dddc7b5f48f56e384be57304826ace455eea4b20c71f0d84492,1464,0.04714784633294528,0.0
bowl__04,1,1687563,inner_body,inner,__RUNTIME_ROOT__\datasets\paco\broad_objects_test_holdout_v3_4percat\bowl__04\parts_crop\002_inner_body.png,2d5a376b7b4dca1a02a04e407c82ce904a2b5fccfbe7b91472c9b8df46c54762,9849,0.4346036477184018,0.0
bowl__04,2,1687564,bottom,bottom,__RUNTIME_ROOT__\datasets\paco\broad_objects_test_holdout_v3_4percat\bowl__04\parts_crop\003_bottom.png,4433b0b4f93fb39a39475077e355573f7861e920eb759a33c3a833c9e97c278b,6802,0.31864754098360654,0.0
bowl__04,3,1687565,body,body,__RUNTIME_ROOT__\datasets\paco\broad_objects_test_holdout_v3_4percat\bowl__04\parts_crop\004_body.png,4499e01067643a9e32ddd02e082997291e32dea2db10a2322a43f06ef5431d27,5596,0.5679646440516005,0.0
box__01,0,1697178,lid,lid,__RUNTIME_ROOT__\datasets\paco\broad_objects_test_holdout_v3_4percat\box__01\parts_crop\001_lid.png,2ffee232bbdfff1dbfda3d98631687d5ef8867f152acac7b7392cffb7eb4a5dc,32640,0.19332721150902968,0.0
box__01,1,1697179,inner_side,side,__RUNTIME_ROOT__\datasets\paco\broad_objects_test_holdout_v3_4percat\box__01\parts_crop\002_inner_side.png,4805a7b732b1018b029a5fe3a75a4b71d1641d04a730e5d0b9013addce3a897d,23341,0.6636085626911316,0.6636085626911316
box__01,2,1697180,side,side,__RUNTIME_ROOT__\datasets\paco\broad_objects_test_holdout_v3_4percat\box__01\parts_crop\003_side.png,c62729f52336628f321f78550f60041e7d9f7a9abb01dd17d317ca1607640ff3,16225,0.09890791425104489,0.09889991371872303
box__01,3,1697181,bottom,bottom,__RUNTIME_ROOT__\datasets\paco\broad_objects_test_holdout_v3_4percat\box__01\parts_crop\004_bottom.png,34275ecaa22074122e83397d4acca6a92f42a51ef7ebd76d68f369f4763eceb6,3953,0.0035721790292078167,0.002922971114167813
box__02,0,1709657,bottom,bottom,__RUNTIME_ROOT__\datasets\paco\broad_objects_test_holdout_v3_4percat\box__02\parts_crop\001_bottom.png,c97ba9df181fc890791a92a000b085f0dad87224103fa25b23ac3ef633d5a31e,10348,0.2753052004229549,0.2753052004229549
box__02,1,1709658,inner_side,side,__RUNTIME_ROOT__\datasets\paco\broad_objects_test_holdout_v3_4percat\box__02\parts_crop\002_inner_side.png,1e6326017ea5c80f1d871e836cfd4c29ed99c195d8ef03fa98ac0c70d4355434,16061,0.3927404533387788,0.3927404533387788
box__02,2,1709659,side,side,__RUNTIME_ROOT__\datasets\paco\broad_objects_test_holdout_v3_4percat\box__02\parts_crop\003_side.png,f294145bbd094cbef9558972b1c3db4886f7f97d019a60443e027765ca07cc9c,14066,0.00371339867291654,0.0007519689713856017
box__02,3,1709660,lid,lid,__RUNTIME_ROOT__\datasets\paco\broad_objects_test_holdout_v3_4percat\box__02\parts_crop\004_lid.png,ea68fad56dad167b32f74138858e920daf417f26204556f097e7390c49038afb,48390,0.8021622902003248,0.00022363632667168155
box__03,0,1714015,inner_side,side,__RUNTIME_ROOT__\datasets\paco\broad_objects_test_holdout_v3_4percat\box__03\parts_crop\001_inner_side.png,614282f7da7fd704d2053ad7eb33048e218be5bd3f37c8d61229fc82803222b4,9125,0.1058681848040289,0.0
box__03,1,1714016,side,side,__RUNTIME_ROOT__\datasets\paco\broad_objects_test_holdout_v3_4percat\box__03\parts_crop\002_side.png,849e729b74b704ee427a7af3574b78e57db4652ddcce35b9b631621965f28f8b,3316,0.0,0.0
box__03,2,1714017,bottom,bottom,__RUNTIME_ROOT__\datasets\paco\broad_objects_test_holdout_v3_4percat\box__03\parts_crop\003_bottom.png,2020014b753a2079df271d4d2721a8e521f5da29db5ad3264f336fd785c2de06,4249,0.0005744925315970893,0.0
box__03,3,1714018,lid,lid,__RUNTIME_ROOT__\datasets\paco\broad_objects_test_holdout_v3_4percat\box__03\parts_crop\004_lid.png,5a974da609fe110269a19f39da6db919559ac999e0516714da64e3da99114c62,15538,0.0,0.0
box__04,0,1765580,bottom,bottom,__RUNTIME_ROOT__\datasets\paco\broad_objects_test_holdout_v3_4percat\box__04\parts_crop\001_bottom.png,6a226e49b45f77bc60277e00511dd90e01a752f8ee0ca08a85aa1ad95259f4e9,2699,0.0,0.0
box__04,1,1765581,inner_side,side,__RUNTIME_ROOT__\datasets\paco\broad_objects_test_holdout_v3_4percat\box__04\parts_crop\002_inner_side.png,255de21dcda5d3eecc93fa7c5ac55bf38b294c0359e8bb17330338345d6bc3df,2910,0.01067257349979863,0.0
box__04,2,1765582,lid,lid,__RUNTIME_ROOT__\datasets\paco\broad_objects_test_holdout_v3_4percat\box__04\parts_crop\003_lid.png,7209ec3ff1601f954c1f783fc796af95755056dc81d6bb56d16b27657012f5f4,17643,0.0,0.0
box__04,3,1765583,side,side,__RUNTIME_ROOT__\datasets\paco\broad_objects_test_holdout_v3_4percat\box__04\parts_crop\004_side.png,ca3c91b96a92423e435498432eff58f0f417812f30f06223d2da3443fa1aba38,3820,0.0,0.0
broom__01,0,1742510,shaft,shaft,__RUNTIME_ROOT__\datasets\paco\broad_objects_test_holdout_v3_4percat\broom__01\parts_crop\001_shaft.png,64d1fb831410720404d433e969f91ab5cbde39e3eda94abed8a2bdc6553a19c7,780,0.8193548387096774,0.8193548387096774
broom__01,1,1742511,brush_cap,brush_cap,__RUNTIME_ROOT__\datasets\paco\broad_objects_test_holdout_v3_4percat\broom__01\parts_crop\002_brush_cap.png,7045766ee5d31c8fb6b6d2bb3f0b280b6454bbadac31822eca4ff7b899d8e487,119,0.19793459552495696,0.0
broom__01,2,1742512,brush,brush,__RUNTIME_ROOT__\datasets\paco\broad_objects_test_holdout_v3_4percat\broom__01\parts_crop\003_brush.png,c22f00cef0052be0a1a29fb3627bce8633156b6b6252924ba68cb21c0494a9e9,462,0.9055441478439425,0.9055441478439425
broom__01,3,1742513,handle,handle,__RUNTIME_ROOT__\datasets\paco\broad_objects_test_holdout_v3_4percat\broom__01\parts_crop\004_handle.png,5366682e45485b544e19c2554d2b29ca2cfcaa11972738a7177a6782439a06c2,46,0.04585152838427948,0.0
broom__02,0,1768764,handle,handle,__RUNTIME_ROOT__\datasets\paco\broad_objects_test_holdout_v3_4percat\broom__02\parts_crop\001_handle.png,7a43bab7928fe3b500e4468ece1eab9984789a066efc0afdad6843092c590c7f,240,0.7279693486590039,0.0
broom__02,1,1768765,shaft,shaft,__RUNTIME_ROOT__\datasets\paco\broad_objects_test_holdout_v3_4percat\broom__02\parts_crop\002_shaft.png,7331775a14010862e02d1ace5057f65c0abc40be66e2ed9ee01a46ba22378bf4,2207,0.7562449637389203,0.0
broom__02,2,1768766,lower_bristles,lower_bristles,__RUNTIME_ROOT__\datasets\paco\broad_objects_test_holdout_v3_4percat\broom__02\parts_crop\003_lower_bristles.png,fe4e6b2355e5a3f89664cdc6d810542503e600b385742d89703328c8db2d7ff9,277,0.0,0.0
broom__03,0,1732569,lower_bristles,lower_bristles,__RUNTIME_ROOT__\datasets\paco\broad_objects_test_holdout_v3_4percat\broom__03\parts_crop\001_lower_bristles.png,f9ac517bd771aae7829aa59f370fab648e150cfe09c32a929854763c1fa65a23,2957,0.9477189477189477,0.9477189477189477
broom__03,1,1732570,ring,ring,__RUNTIME_ROOT__\datasets\paco\broad_objects_test_holdout_v3_4percat\broom__03\parts_crop\002_ring.png,76e805aec0d8fcd66c03ffb2975e176cf78869f430c82ba7066da0c902c05f98,210,0.8142857142857143,0.8142857142857143
broom__03,2,1732571,shaft,shaft,__RUNTIME_ROOT__\datasets\paco\broad_objects_test_holdout_v3_4percat\broom__03\parts_crop\003_shaft.png,e63f5582f32d6e0af085a0cb7d259c49f7bcd3c2d70fde8b3b41ddba7809905d,259,0.49242424242424243,0.0
bucket__01,0,1712569,inner_body,inner,__RUNTIME_ROOT__\datasets\paco\broad_objects_test_holdout_v3_4percat\bucket__01\parts_crop\001_inner_body.png,f7b8c37f2c13208f7765447797956a4606fad61f3d3f3b3c2e05f3b632b4d205,7282,0.5730938503627929,0.5730938503627929
bucket__01,1,1712570,rim,rim,__RUNTIME_ROOT__\datasets\paco\broad_objects_test_holdout_v3_4percat\bucket__01\parts_crop\002_rim.png,f90a849bf242943afb464a01d46bd4b33a6b4b9a58fef6cfbe8ae88e14d29772,2436,0.2162883845126836,0.0
bucket__01,2,1712571,handle,handle,__RUNTIME_ROOT__\datasets\paco\broad_objects_test_holdout_v3_4percat\bucket__01\parts_crop\003_handle.png,240443f16a454bcb99656f25442d637dbd857af78fb3e0aa7c10d56ff8bce2d5,233,0.34274193548387094,0.34274193548387094
bucket__01,3,1712572,body,body,__RUNTIME_ROOT__\datasets\paco\broad_objects_test_holdout_v3_4percat\bucket__01\parts_crop\004_body.png,effc42557aad36190c5ab6500404da546bcdbe0a063f00327309b27fa696c736,3270,0.5560723514211886,0.22540125610607117
bucket__01,4,1712573,bottom,bottom,__RUNTIME_ROOT__\datasets\paco\broad_objects_test_holdout_v3_4percat\bucket__01\parts_crop\005_bottom.png,dcac63bb6b0942ca6a43cbfdbf578f0fd752bf27077a06c4da3801659228eb05,1108,0.18464381720430106,0.017256637168141593
bucket__02,0,1716106,rim,rim,__RUNTIME_ROOT__\datasets\paco\broad_objects_test_holdout_v3_4percat\bucket__02\parts_crop\001_rim.png,58b7bd72e79a91426373844e2a6521107658e3807294dfd52a87aae84a98a356,633,0.09158016147635525,0.0
bucket__02,1,1716107,inner_body,inner,__RUNTIME_ROOT__\datasets\paco\broad_objects_test_holdout_v3_4percat\bucket__02\parts_crop\002_inner_body.png,35c1d7848d26410e4634ae6f15e95c437421110429b87e191b5171e06eac4332,277,0.0364756039791568,0.0
bucket__02,2,1716108,loop,handle,__RUNTIME_ROOT__\datasets\paco\broad_objects_test_holdout_v3_4percat\bucket__02\parts_crop\003_loop.png,f7fddee91eb3ddc2450a6f3095da3c85396b0b00cc7eb7cce02b0197f8b2e19b,837,0.20331545587518285,0.0
bucket__02,3,1716109,handle,handle,__RUNTIME_ROOT__\datasets\paco\broad_objects_test_holdout_v3_4percat\bucket__02\parts_crop\004_handle.png,0300bc909c7cb6e98d68687e15423d26209e43836b48ac326bb1fa67c8f3b3f9,306,0.01779112754158965,0.0
bucket__02,4,1716110,body,body,__RUNTIME_ROOT__\datasets\paco\broad_objects_test_holdout_v3_4percat\bucket__02\parts_crop\005_body.png,c00e25aa9595c89d1cc6e3333fdcb3e74efbbd416cdd076d6942d7280f7d6294,2038,0.4577197149643705,0.4577197149643705
bucket__03,0,1769567,handle,handle,__RUNTIME_ROOT__\datasets\paco\broad_objects_test_holdout_v3_4percat\bucket__03\parts_crop\001_handle.png,a0bd05a5c229a4861e955258e024f0257a9ebd251de5fd9ddfb5c7e67b8522aa,336,0.07099697885196375,0.0
bucket__03,1,1769568,rim,rim,__RUNTIME_ROOT__\datasets\paco\broad_objects_test_holdout_v3_4percat\bucket__03\parts_crop\002_rim.png,8d6914f5c97e45c2fb109102c6afda0fbb490dbbf9c7e13382d099418724eb14,718,0.1539528432732316,0.0
bucket__03,2,1769569,inner_body,inner,__RUNTIME_ROOT__\datasets\paco\broad_objects_test_holdout_v3_4percat\bucket__03\parts_crop\003_inner_body.png,d90e8af8ccebd7b557c61b1a2ae420891b330537b525a80f96b990e802e86a56,2969,0.8768094534711964,0.5464429947188568
bucket__03,3,1769570,body,body,__RUNTIME_ROOT__\datasets\paco\broad_objects_test_holdout_v3_4percat\bucket__03\parts_crop\004_body.png,ba1ecc6bcb9c2f76f6cc368aae58a4cb3222d1a2668e93d7cbe26b2cca99f938,6251,0.5495899294297159,0.5495899294297159
bucket__03,4,1769571,base,base,__RUNTIME_ROOT__\datasets\paco\broad_objects_test_holdout_v3_4percat\bucket__03\parts_crop\005_base.png,ace3054a3210f9531b879057aab9724bf9e03b6cfab3c7d5582452ddffff1ae6,411,0.9051918735891648,0.35697399527186763
bucket__04,0,1692859,rim,rim,__RUNTIME_ROOT__\datasets\paco\broad_objects_test_holdout_v3_4percat\bucket__04\parts_crop\001_rim.png,0822b81d6782b2e7a61d7df568989d3872abf6ce397c7287cd95de7b8bcec742,5149,0.21166258624527043,0.0
bucket__04,1,1692860,handle,handle,__RUNTIME_ROOT__\datasets\paco\broad_objects_test_holdout_v3_4percat\bucket__04\parts_crop\002_handle.png,63760d0668ced9dffd7350ab27b9d44b4dce05c4791a3577f527808226218cdc,2136,0.04204294386408975,0.000127000254000508
bucket__04,2,1692861,inner_body,inner,__RUNTIME_ROOT__\datasets\paco\broad_objects_test_holdout_v3_4percat\bucket__04\parts_crop\003_inner_body.png,d417827e6e5509801012e67a20cea172804942779cee8eae18b362259e07eb9e,34834,0.6586465858536387,0.46977119634804876
bucket__04,3,1692862,body,body,__RUNTIME_ROOT__\datasets\paco\broad_objects_test_holdout_v3_4percat\bucket__04\parts_crop\004_body.png,3f919cabdbcb5f74c55f02cb44acf4e1ad261f6f1faf770bb66829c06a3f75d9,6416,0.45621181262729127,0.13550729307641082
calculator__01,0,1752710,key,key,__RUNTIME_ROOT__\datasets\paco\broad_objects_test_holdout_v3_4percat\calculator__01\parts_crop\001_key.png,c3c103c610649d05df39035d37d8017b92985e250e2469680342ab7bb1ff6234,2126,0.0001979414093428345,0.0
calculator__01,1,1752711,body,body,__RUNTIME_ROOT__\datasets\paco\broad_objects_test_holdout_v3_4percat\calculator__01\parts_crop\002_body.png,3cc8ed72a1bf53db42450d1bea81db3d0cc4eb0173f444cfc65273cce9df9b3b,1470,0.0,0.0
calculator__02,0,1765656,key,key,__RUNTIME_ROOT__\datasets\paco\broad_objects_test_holdout_v3_4percat\calculator__02\parts_crop\001_key.png,837fda53d966ef768ad658c01806f1a9d1026cdb44862b389337dd67bb84bb3b,1870,0.4673482849604222,0.0
calculator__02,1,1765657,body,body,__RUNTIME_ROOT__\datasets\paco\broad_objects_test_holdout_v3_4percat\calculator__02\parts_crop\002_body.png,501d896a4e21789551a57260effa2e0ccf3e3f2553bd0f83c38f50f5d292fc08,5315,0.4552545859763415,0.4552545859763415
calculator__03,0,1747163,key,key,__RUNTIME_ROOT__\datasets\paco\broad_objects_test_holdout_v3_4percat\calculator__03\parts_crop\001_key.png,7bc2fafe7cf1d62a0412ca3d186918feadd703a93f808a4716238c4aca5aff93,1737,0.8817509948834565,0.26079545454545455
calculator__03,1,1747164,body,body,__RUNTIME_ROOT__\datasets\paco\broad_objects_test_holdout_v3_4percat\calculator__03\parts_crop\002_body.png,b0fd7ab2c8714e00575c11f01aac4f3efe60b2897c636c073e39e38abe3225ca,1938,0.4423940149625935,0.4423940149625935
can__01,0,1762479,inner_body,inner,__RUNTIME_ROOT__\datasets\paco\broad_objects_test_holdout_v3_4percat\can__01\parts_crop\001_inner_body.png,2c2ae9ff205631f70e447c2ee095f73bc009505f2e1d3405c7ab193c9eae22b2,159,0.1197289156626506,0.0
can__01,1,1762480,pull_tab,pull_tab,__RUNTIME_ROOT__\datasets\paco\broad_objects_test_holdout_v3_4percat\can__01\parts_crop\002_pull_tab.png,62057ecd0682c2f8517bb2a38aebf80879ad08c52c18e0b9f6680318933ce487,225,0.1563663440059568,0.0
can__01,2,1762481,lid,lid,__RUNTIME_ROOT__\datasets\paco\broad_objects_test_holdout_v3_4percat\can__01\parts_crop\003_lid.png,3ea0e101426b762100d346b4b9939460d5a6bd4df6ddb2705111ba328d05a198,461,0.34713855421686746,0.3314366998577525
can__01,3,1762482,rim,rim,__RUNTIME_ROOT__\datasets\paco\broad_objects_test_holdout_v3_4percat\can__01\parts_crop\004_rim.png,ead68dc147446cb05ad80b1de0b5530729c785d8635e2bb7d45e69e1f367c706,558,0.30248618784530384,0.30248618784530384
can__01,4,1762483,text,label,__RUNTIME_ROOT__\datasets\paco\broad_objects_test_holdout_v3_4percat\can__01\parts_crop\005_text.png,aae07bc4fb39cfa2ccb0eb58eee3ffbfff8cae6ff0b013192cc35b9e030781be,2937,0.22508398656215006,0.10298013245033112
can__01,5,1762484,body,body,__RUNTIME_ROOT__\datasets\paco\broad_objects_test_holdout_v3_4percat\can__01\parts_crop\006_body.png,2d5edde55201a5b0218066e7cc6123c08e5a391f01eff637b0e23c5bf17e7887,14087,0.8672444971004551,0.8672444971004551
can__02,0,1726048,pull_tab,pull_tab,__RUNTIME_ROOT__\datasets\paco\broad_objects_test_holdout_v3_4percat\can__02\parts_crop\001_pull_tab.png,7aade2df6022183c1327dfc20c1c61fddb99ea95900bfbc47cc0513da93105ab,239,0.11647173489278752,0.0
can__02,1,1726049,lid,lid,__RUNTIME_ROOT__\datasets\paco\broad_objects_test_holdout_v3_4percat\can__02\parts_crop\002_lid.png,a96328af3b8f67303337de12271614d19b75dae99e908b4e59ea868177c0d7d5,674,0.3284600389863548,0.3284600389863548
can__02,2,1726050,rim,rim,__RUNTIME_ROOT__\datasets\paco\broad_objects_test_holdout_v3_4percat\can__02\parts_crop\003_rim.png,a93da2e27e5d84e7f223195cfd027d69be70b0b65866ca118945c888160ab92d,1165,0.5429256594724221,0.0
can__02,3,1726051,text,label,__RUNTIME_ROOT__\datasets\paco\broad_objects_test_holdout_v3_4percat\can__02\parts_crop\004_text.png,8607c3ed1ca4d507dedb603c6c9f881093109452f926f025ad038f7c1a03c41d,535,0.2582106455266138,0.2582106455266138
can__02,4,1726052,body,body,__RUNTIME_ROOT__\datasets\paco\broad_objects_test_holdout_v3_4percat\can__02\parts_crop\005_body.png,3cbe55c06c9a729c6fdec06cd1c2cc3a517e77dfc0659c5018fb23e6c5a231c5,6583,0.7016365015714751,0.7016365015714751
can__03,0,1709737,pull_tab,pull_tab,__RUNTIME_ROOT__\datasets\paco\broad_objects_test_holdout_v3_4percat\can__03\parts_crop\001_pull_tab.png,86ba442de63c420d4c253ceac8b10a4996a657248d35bbd59f01b96c4f0702c7,92,0.052054794520547946,0.0
can__03,1,1709738,lid,lid,__RUNTIME_ROOT__\datasets\paco\broad_objects_test_holdout_v3_4percat\can__03\parts_crop\002_lid.png,5e7b9c219a4786ce00043c2226d3884b73da0e5a8ed19ee1f2f861158a8f7de1,853,0.42446808510638295,0.0
can__03,2,1709739,rim,rim,__RUNTIME_ROOT__\datasets\paco\broad_objects_test_holdout_v3_4percat\can__03\parts_crop\003_rim.png,c0d00e600bbd298b9a0e36eb5da2def4e59af9170515fcbebf5e489c0eaad392,598,0.4037854889589905,0.0
can__03,3,1709740,text,label,__RUNTIME_ROOT__\datasets\paco\broad_objects_test_holdout_v3_4percat\can__03\parts_crop\004_text.png,f65da8b487590b797187475f1045eccf3c3cf4c17712fc54aa356ada0759e634,1977,0.6389167502507522,0.6389167502507522
can__03,4,1709741,body,body,__RUNTIME_ROOT__\datasets\paco\broad_objects_test_holdout_v3_4percat\can__03\parts_crop\005_body.png,4c4ac7f916ffcbb550ee847eda99d21abc614a6362d755fab500f533427bf979,6300,0.6095835018196523,0.6095835018196523
can__04,0,1719712,text,label,__RUNTIME_ROOT__\datasets\paco\broad_objects_test_holdout_v3_4percat\can__04\parts_crop\001_text.png,7aab6bfb35459a3be5be8d399ebb81482f81f13bbfea4e4e5c60f30db0078500,6125,0.20928091335972746,0.20928091335972746
can__04,1,1719713,rim,rim,__RUNTIME_ROOT__\datasets\paco\broad_objects_test_holdout_v3_4percat\can__04\parts_crop\002_rim.png,3d2d4be9e948a25a13e08716b20e30c7e3a18fedc8278328fde255c1dc942b87,2109,0.018898708361658734,0.0
can__04,2,1719714,body,body,__RUNTIME_ROOT__\datasets\paco\broad_objects_test_holdout_v3_4percat\can__04\parts_crop\003_body.png,3874c6d8339893db064009de94544a8c94704fee7069dc01d30efdc89cac6fc3,60599,0.766798418972332,0.766798418972332
can__04,3,1719715,lid,lid,__RUNTIME_ROOT__\datasets\paco\broad_objects_test_holdout_v3_4percat\can__04\parts_crop\004_lid.png,e698dbaea36f98ab555e07663af573f556e79b26f28d2538e18f12f4dd1133d7,8279,0.1105603505865377,0.0
car_automobile__01,0,1724798,headlight,headlight,__RUNTIME_ROOT__\datasets\paco\broad_objects_test_holdout_v3_4percat\car_automobile__01\parts_crop\001_headlight.png,6a0b7082b1d94f8b1bb00b683d07670f2169d29c809aa0cfd0e7a275afa145d9,388,0.0,0.0
car_automobile__01,1,1724799,turnsignal,turn_signal,__RUNTIME_ROOT__\datasets\paco\broad_objects_test_holdout_v3_4percat\car_automobile__01\parts_crop\002_turnsignal.png,78ad06a97c0f3beba1059c90a5e9214171646218c01359a1f7cd1d7098b6649b,36,0.0033247137052087182,0.0
car_automobile__01,2,1724800,wiper,wiper,__RUNTIME_ROOT__\datasets\paco\broad_objects_test_holdout_v3_4percat\car_automobile__01\parts_crop\003_wiper.png,731d7b3a59ca58b9ef8fb194f2e7a7619ad6d3a8117012c85d823262463ad2ec,97,0.7096774193548387,0.7096774193548387
car_automobile__01,3,1724801,bumper,bumper,__RUNTIME_ROOT__\datasets\paco\broad_objects_test_holdout_v3_4percat\car_automobile__01\parts_crop\004_bumper.png,4ebfa68c7c4913c07270dbcd039c69cfff5b9a95628759368cbe0834def0f7f7,2159,0.0,0.0
car_automobile__01,4,1724802,fender,fender,__RUNTIME_ROOT__\datasets\paco\broad_objects_test_holdout_v3_4percat\car_automobile__01\parts_crop\005_fender.png,ba9614675adbd4441a472a2b876232562b44db9261afe8ba7dc76d6ce1370f06,5887,0.15551110427245218,0.0
car_automobile__01,5,1724803,hood,hood,__RUNTIME_ROOT__\datasets\paco\broad_objects_test_holdout_v3_4percat\car_automobile__01\parts_crop\006_hood.png,df56ea3c000154834500aa9c50dc7a37eeb7742f3ead0a5d36359a0c9d59749c,867,0.009629800484373199,0.0
car_automobile__01,6,1724804,mirror,mirror,__RUNTIME_ROOT__\datasets\paco\broad_objects_test_holdout_v3_4percat\car_automobile__01\parts_crop\007_mirror.png,ddaeb36d4f5dfc069434ee9f3890466f45a6bcf0d9ba2e05976fc35f46dd33bc,402,0.036894273127753306,0.0
car_automobile__01,7,1724805,windowpane,window,__RUNTIME_ROOT__\datasets\paco\broad_objects_test_holdout_v3_4percat\car_automobile__01\parts_crop\008_windowpane.png,6a8e4f04060417ebbb540ed381ee59d80dda9f144aa2005cee2dcc457595a0f0,2797,0.46481637230165407,0.46481637230165407
car_automobile__01,8,1724806,window,window,__RUNTIME_ROOT__\datasets\paco\broad_objects_test_holdout_v3_4percat\car_automobile__01\parts_crop\009_window.png,d78938ea8c63854a52119188fd0693c1d81de828f557b79c7faa2460d8063ade,646,0.27296587926509186,0.08163265306122448
car_automobile__01,9,1724807,handle,handle,__RUNTIME_ROOT__\datasets\paco\broad_objects_test_holdout_v3_4percat\car_automobile__01\parts_crop\010_handle.png,395bc280731a45d590d0834cad0fc1824d7297dbe5264a3607724594ff11243e,279,0.4236760124610592,0.4236760124610592
car_automobile__01,10,1724808,taillight,taillight,__RUNTIME_ROOT__\datasets\paco\broad_objects_test_holdout_v3_4percat\car_automobile__01\parts_crop\011_taillight.png,d3d9fa682efdd5212c9d8e3c9c0bc2898cb72e5a8223fb0bb36a1db796a7e33d,169,0.9371428571428572,0.9371428571428572
car_automobile__01,11,1724809,tank,tank,__RUNTIME_ROOT__\datasets\paco\broad_objects_test_holdout_v3_4percat\car_automobile__01\parts_crop\012_tank.png,793cdf1ecfdf63c85d252ac0623d10e4c1d0067ca563c866ecd49166a4196e57,204,0.012258142050234348,0.0
car_automobile__01,12,1724810,windshield,windshield,__RUNTIME_ROOT__\datasets\paco\broad_objects_test_holdout_v3_4percat\car_automobile__01\parts_crop\013_windshield.png,d036b4e9d868527a46e56271f09623d6e09c2edf3bb27fd69838d1a4149a3955,1369,0.8181818181818182,0.8181818181818182
car_automobile__01,13,1724811,roof,roof,__RUNTIME_ROOT__\datasets\paco\broad_objects_test_holdout_v3_4percat\car_automobile__01\parts_crop\014_roof.png,c3a7d8feb2bd4de37cfedc9afe4c79dfb18b1c58f507cb5b58572ed41572ebe6,1772,0.10092072222886524,0.10092072222886524
car_automobile__01,14,1724812,rim,rim,__RUNTIME_ROOT__\datasets\paco\broad_objects_test_holdout_v3_4percat\car_automobile__01\parts_crop\015_rim.png,d702e8bf1b41c2488545016c0ae93b3e44f84e1784cb1cb28c95f1b9d763e9c3,2546,0.5045151158225363,0.3092317624273725
car_automobile__01,15,1724813,wheel,tire,__RUNTIME_ROOT__\datasets\paco\broad_objects_test_holdout_v3_4percat\car_automobile__01\parts_crop\016_wheel.png,99f3a4dd62969cd6f35c99235c57aec33d78ce8f1a606293ead16cee89f0a932,2094,0.2696987253765933,0.1793193717277487
car_automobile__01,16,1724814,antenna,antenna,__RUNTIME_ROOT__\datasets\paco\broad_objects_test_holdout_v3_4percat\car_automobile__01\parts_crop\017_antenna.png,9ae9606e8a861ebe6146846e8793a008a3d428ba1cc8245673b15b656b36163e,32,0.0,0.0
car_automobile__02,0,1744341,wiper,wiper,__RUNTIME_ROOT__\datasets\paco\broad_objects_test_holdout_v3_4percat\car_automobile__02\parts_crop\001_wiper.png,eaeeaea95dd09e5e6c62cd577c06ee0b4f3f28c24e89b42ca1371d4cbfc8f127,365,0.04679186228482003,0.0
car_automobile__02,1,1744342,windshield,windshield,__RUNTIME_ROOT__\datasets\paco\broad_objects_test_holdout_v3_4percat\car_automobile__02\parts_crop\002_windshield.png,29ea9ad9408e9b57763decd843c995e8096bc0bb00939369ab2e38d95485995c,5002,0.4022533118732203,0.0
car_automobile__02,2,1744343,antenna,antenna,__RUNTIME_ROOT__\datasets\paco\broad_objects_test_holdout_v3_4percat\car_automobile__02\parts_crop\003_antenna.png,b751ac9378905349606ac7ac390e86fa99b01a71c9b432426167baf933580f90,59,0.6056338028169014,0.6056338028169014
car_automobile__02,3,1744344,roof,roof,__RUNTIME_ROOT__\datasets\paco\broad_objects_test_holdout_v3_4percat\car_automobile__02\parts_crop\004_roof.png,fc0745caa6eefbf573cf89f6aa22713ea7aa4d213e555c0ac155e33f5e9087d4,2242,0.9263803680981595,0.9263803680981595
car_automobile__02,4,1744345,windowpane,window,__RUNTIME_ROOT__\datasets\paco\broad_objects_test_holdout_v3_4percat\car_automobile__02\parts_crop\005_windowpane.png,969d030a9fe01d2d9cf35c506d6cf677f18e1b7173c5d43d86d2b6fc265a4209,631,0.06947890818858561,0.0
car_automobile__02,5,1744346,mirror,mirror,__RUNTIME_ROOT__\datasets\paco\broad_objects_test_holdout_v3_4percat\car_automobile__02\parts_crop\006_mirror.png,351e80cd019b286dbd889ed707882aeedb94008987a522795507a21e408e4f96,273,0.8461538461538461,0.8461538461538461
car_automobile__02,6,1744347,hood,hood,__RUNTIME_ROOT__\datasets\paco\broad_objects_test_holdout_v3_4percat\car_automobile__02\parts_crop\007_hood.png,b92d0437263e6931676d9e6dd71b919ddf1e215f6d959645f7fc24cc20079b3e,3101,0.7434244455905106,0.7434244455905106
car_automobile__02,7,1744348,logo,badge,__RUNTIME_ROOT__\datasets\paco\broad_objects_test_holdout_v3_4percat\car_automobile__02\parts_crop\008_logo.png,9fc3c89b561befa434b74bc41dfe78e8102da66201891e331fdfc051d22a6c8c,141,0.8611111111111112,0.0
car_automobile__02,8,1744349,bumper,bumper,__RUNTIME_ROOT__\datasets\paco\broad_objects_test_holdout_v3_4percat\car_automobile__02\parts_crop\009_bumper.png,d23322ea334386659d5455a1e3afd4398f67e4fb714840e6287d4921e0994fe5,5829,0.9645675902602855,0.9502890173410404
car_automobile__02,9,1744350,headlight,headlight,__RUNTIME_ROOT__\datasets\paco\broad_objects_test_holdout_v3_4percat\car_automobile__02\parts_crop\010_headlight.png,2cd80add278bcccd38949962eb7ee37ad3ee3b600872fa3bddff6e7473f8bdc1,787,0.42820838627700125,0.42820838627700125
car_automobile__02,10,1744351,rim,rim,__RUNTIME_ROOT__\datasets\paco\broad_objects_test_holdout_v3_4percat\car_automobile__02\parts_crop\011_rim.png,0bb670bd0ae17e101e056556f83a38c366b3a7ae48f615f6b07d1c4c161855b3,40,0.005633802816901409,0.0
car_automobile__02,11,1744352,wheel,tire,__RUNTIME_ROOT__\datasets\paco\broad_objects_test_holdout_v3_4percat\car_automobile__02\parts_crop\012_wheel.png,14146a2ae03d0338fcab2747d9094c9d7c692552f900ebb4731d61c95465edff,1376,0.23618090452261306,0.0
car_automobile__02,12,1744353,fender,fender,__RUNTIME_ROOT__\datasets\paco\broad_objects_test_holdout_v3_4percat\car_automobile__02\parts_crop\013_fender.png,68fb9cdd2034944019b9abf8e2125fe3b04582dbe1cee4f1e5d7ec26d7b08041,404,0.017526289434151226,0.016067014556440537
car_automobile__02,13,1744354,runningboard,runningboard,__RUNTIME_ROOT__\datasets\paco\broad_objects_test_holdout_v3_4percat\car_automobile__02\parts_crop\014_runningboard.png,b6bd1839e49180cc8af252622b9ca5d34aa2ac33773ea750d7399a6674e49e0e,88,0.004962779156327543,0.0
car_automobile__02,14,1744355,handle,handle,__RUNTIME_ROOT__\datasets\paco\broad_objects_test_holdout_v3_4percat\car_automobile__02\parts_crop\015_handle.png,ef3e697153f1f5a5e5e072addf79c8f5857b573848f4511b1a010e7757fd535f,12,0.0,0.0
car_automobile__02,15,1744356,steeringwheel,steering_wheel,__RUNTIME_ROOT__\datasets\paco\broad_objects_test_holdout_v3_4percat\car_automobile__02\parts_crop\016_steeringwheel.png,f241118c81ede685a128a5c5b64dad4d04fb6fee1128b6e4120afe8064bd7c3e,118,0.17462932454695224,0.0
car_automobile__02,16,1744357,seat,seat,__RUNTIME_ROOT__\datasets\paco\broad_objects_test_holdout_v3_4percat\car_automobile__02\parts_crop\017_seat.png,e0ffae42e4e08dc5867c856499068980315e8e8c02c8f8c62f99f7f5ed80d805,933,0.37657657657657656,0.37657657657657656
car_automobile__03,0,1733887,headlight,headlight,__RUNTIME_ROOT__\datasets\paco\broad_objects_test_holdout_v3_4percat\car_automobile__03\parts_crop\001_headlight.png,37cacda927d9d3602fb441cbf16fc20affeaa1ad32d417044e217b05a2563e1e,1129,0.5918895599654875,0.5918895599654875
car_automobile__03,1,1733888,turnsignal,turn_signal,__RUNTIME_ROOT__\datasets\paco\broad_objects_test_holdout_v3_4percat\car_automobile__03\parts_crop\002_turnsignal.png,ac72eef7f34cf83d9c48e8086a9a3f70d3cac2d00ba998f22c8267676e0e8799,841,0.19351100811123986,0.0
car_automobile__03,2,1733889,grille,grille,__RUNTIME_ROOT__\datasets\paco\broad_objects_test_holdout_v3_4percat\car_automobile__03\parts_crop\003_grille.png,51175a9dc77f99e8e0a09bd4db76fbdb8f97e46c608c904d74cea6e83e8f5eda,4987,0.23572543639718058,0.0021631250795266575
car_automobile__03,3,1733890,bumper,bumper,__RUNTIME_ROOT__\datasets\paco\broad_objects_test_holdout_v3_4percat\car_automobile__03\parts_crop\004_bumper.png,755fa285bee29165b0ee1914d489270090fc8be27f84079b19545bf3fe0b816a,8990,0.7224388514711095,0.7224388514711095
car_automobile__03,4,1733891,hood,hood,__RUNTIME_ROOT__\datasets\paco\broad_objects_test_holdout_v3_4percat\car_automobile__03\parts_crop\005_hood.png,f7f69d8b44be43b09dbc1afd3a35cbf1a6b5b40bf6a3a4debaadc7d456d3c1d7,21103,0.7987251466925577,0.7987251466925577
car_automobile__03,5,1733892,wiper,wiper,__RUNTIME_ROOT__\datasets\paco\broad_objects_test_holdout_v3_4percat\car_automobile__03\parts_crop\006_wiper.png,e4b952c00592a3a2eef77413d09b0f9e3e37de97ab89a4eff88bafa6d2182b50,565,0.23546944858420268,0.23546944858420268
car_automobile__03,6,1733893,windshield,windshield,__RUNTIME_ROOT__\datasets\paco\broad_objects_test_holdout_v3_4percat\car_automobile__03\parts_crop\007_windshield.png,ddd1bad647173ff2d008895ce69dfa7ee5708f9742569cd38a67d8ad6e96da8c,10742,0.7073251355282295,0.7073251355282295
car_automobile__03,7,1733894,mirror,mirror,__RUNTIME_ROOT__\datasets\paco\broad_objects_test_holdout_v3_4percat\car_automobile__03\parts_crop\008_mirror.png,dd3567f2453f0277a09865620f8422d8e5362f36b79d5f6183ab84ca4aaeb3fb,788,0.7869458128078818,0.0
car_automobile__03,8,1733895,window,window,__RUNTIME_ROOT__\datasets\paco\broad_objects_test_holdout_v3_4percat\car_automobile__03\parts_crop\009_window.png,43eda420bc4eb4ab28891294c07e4f9c4bd48cfb963ac9d214cfc5c7bcc38b1f,2443,0.8080634045485872,0.8080634045485872
car_automobile__03,9,1733896,handle,handle,__RUNTIME_ROOT__\datasets\paco\broad_objects_test_holdout_v3_4percat\car_automobile__03\parts_crop\010_handle.png,9294c8956f9d00b2e6f85e8395d115f6df9476b14f457a4cb3ab826f2ace4c27,120,0.010999083409715857,0.0
car_automobile__03,10,1733897,runningboard,runningboard,__RUNTIME_ROOT__\datasets\paco\broad_objects_test_holdout_v3_4percat\car_automobile__03\parts_crop\011_runningboard.png,0a3bb91c01d2afebc462ad79056ec932a6427296faadc1aebad960b112d0d3c6,1246,0.03746692839464027,0.0
car_automobile__03,11,1733898,rim,rim,__RUNTIME_ROOT__\datasets\paco\broad_objects_test_holdout_v3_4percat\car_automobile__03\parts_crop\012_rim.png,c1ee90a24dc5bc64b2f63fa03995c7e0c48c9a3944d691bbcf3918005c2e39f9,2822,0.7284667073915699,0.7284667073915699
car_automobile__03,12,1733899,wheel,tire,__RUNTIME_ROOT__\datasets\paco\broad_objects_test_holdout_v3_4percat\car_automobile__03\parts_crop\013_wheel.png,8ba68996cf9df3989d7aa049407c67ba866d528db269c9f4e7c56a1d539ac6c9,7310,0.3438206868188361,0.18255887969446213
car_automobile__03,13,1733900,fender,fender,__RUNTIME_ROOT__\datasets\paco\broad_objects_test_holdout_v3_4percat\car_automobile__03\parts_crop\014_fender.png,90e5e9b9ceaf4b8ab1ab0935e21834ab7a46fecb00d7bc56ab71f24ccae9eb04,8607,0.09314958060615366,0.0
car_automobile__03,14,1733901,trunk,trunk,__RUNTIME_ROOT__\datasets\paco\broad_objects_test_holdout_v3_4percat\car_automobile__03\parts_crop\015_trunk.png,d868e921fd61c0721d337b36425e466903cf01640833b6c7b4b3470d017e06c2,8075,0.14755101610146243,0.0
car_automobile__03,15,1733902,roof,roof,__RUNTIME_ROOT__\datasets\paco\broad_objects_test_holdout_v3_4percat\car_automobile__03\parts_crop\016_roof.png,fdee4580c14d41be997785f6a31843291e21b159d9b742664d2da095452daf36,3257,0.9161866359447005,0.9161866359447005
car_automobile__04,0,1730544,antenna,antenna,__RUNTIME_ROOT__\datasets\paco\broad_objects_test_holdout_v3_4percat\car_automobile__04\parts_crop\001_antenna.png,ea585c73c38098d0e0e217259a1765afd709a2b0cf3931d7511164d1edea450e,83,0.013793103448275862,0.0
car_automobile__04,1,1730545,taillight,taillight,__RUNTIME_ROOT__\datasets\paco\broad_objects_test_holdout_v3_4percat\car_automobile__04\parts_crop\002_taillight.png,21285fc2b4a99b0718c1f4bbb0287ec7ff20f34a56d9b27f5eb28d1682d3e945,172,0.7684210526315789,0.7684210526315789
car_automobile__04,2,1730546,bumper,bumper,__RUNTIME_ROOT__\datasets\paco\broad_objects_test_holdout_v3_4percat\car_automobile__04\parts_crop\003_bumper.png,7db8548f40a27643f61f182a554f35b814047733ea8b5b0e4c9b3bc155331c90,3178,0.3091057099662751,0.3091057099662751
car_automobile__04,3,1730547,fender,fender,__RUNTIME_ROOT__\datasets\paco\broad_objects_test_holdout_v3_4percat\car_automobile__04\parts_crop\004_fender.png,5d0e4c709efc940cb7884c7ff21ca01fcc60d1e9296e155a7902543a26ba6f5c,15940,0.2470055506865323,0.0
car_automobile__04,4,1730548,handle,handle,__RUNTIME_ROOT__\datasets\paco\broad_objects_test_holdout_v3_4percat\car_automobile__04\parts_crop\005_handle.png,d916783cc911089452f032f2189b71ab021f807ac5cedb54a4a7d115a7cf00a7,122,0.006468373893218811,0.0
car_automobile__04,5,1730549,window,window,__RUNTIME_ROOT__\datasets\paco\broad_objects_test_holdout_v3_4percat\car_automobile__04\parts_crop\006_window.png,7e2a46b37749c11998fc8b050b342bf12cc333f215c6a01d570da93339423348,3699,0.5565942395149065,0.5565942395149065
car_automobile__04,6,1730550,mirror,mirror,__RUNTIME_ROOT__\datasets\paco\broad_objects_test_holdout_v3_4percat\car_automobile__04\parts_crop\007_mirror.png,cb71c62a277a3005af6286336ee9b962adba1962963629477980f7314d362ba1,745,0.8615960099750624,0.8605230386052304
car_automobile__04,7,1730551,roof,roof,__RUNTIME_ROOT__\datasets\paco\broad_objects_test_holdout_v3_4percat\car_automobile__04\parts_crop\008_roof.png,27134fe9dd80c81ce8bdd40876acb96b9f329b9731668805cbe983326367543b,2125,0.32487539646579067,0.32487539646579067
car_automobile__04,8,1730552,wiper,wiper,__RUNTIME_ROOT__\datasets\paco\broad_objects_test_holdout_v3_4percat\car_automobile__04\parts_crop\009_wiper.png,4c6030c5ef6060f4c61246008fdda730de791426bc10a888f279f632859a966a,314,0.4624624624624625,0.4624624624624625
car_automobile__04,9,1730553,windshield,windshield,__RUNTIME_ROOT__\datasets\paco\broad_objects_test_holdout_v3_4percat\car_automobile__04\parts_crop\010_windshield.png,b0087d10631a8918da49bfe19f9d39bacab8e0684a2881c5826fdbadb24ad347,3424,0.855233291298865,0.855233291298865
car_automobile__04,10,1730554,hood,hood,__RUNTIME_ROOT__\datasets\paco\broad_objects_test_holdout_v3_4percat\car_automobile__04\parts_crop\011_hood.png,6abdaee1a8967408d7a3a4d7a8e4b202b88077b51bcfe925b3de84674408adeb,2736,0.1295462249987893,0.1295462249987893
car_automobile__04,11,1730555,headlight,headlight,__RUNTIME_ROOT__\datasets\paco\broad_objects_test_holdout_v3_4percat\car_automobile__04\parts_crop\012_headlight.png,66d98c6d6de19277a474fd2f656a06cff7529fe2762e356bcd0c50bf4e9276f8,1566,0.27052722558340536,0.27052722558340536
car_automobile__04,12,1730556,grille,grille,__RUNTIME_ROOT__\datasets\paco\broad_objects_test_holdout_v3_4percat\car_automobile__04\parts_crop\013_grille.png,27d7857d0d6b2f35f7d080f7c446399c223419bd5ee961be8fde7e3616a17b2e,4189,0.5668499607227023,0.0
car_automobile__04,13,1730557,logo,badge,__RUNTIME_ROOT__\datasets\paco\broad_objects_test_holdout_v3_4percat\car_automobile__04\parts_crop\014_logo.png,7745c20e13b3b90d4e74fef207599560baacc41a0ad7ef0ce43e289a5240950e,745,0.12880359612724757,0.0
car_automobile__04,14,1730558,rim,rim,__RUNTIME_ROOT__\datasets\paco\broad_objects_test_holdout_v3_4percat\car_automobile__04\parts_crop\015_rim.png,5fcf25540f89e5c212f6c9b36fee0fe62170a099d4a9b6200aa8cacb1b629b35,2589,0.6180713743356112,0.6180713743356112
car_automobile__04,15,1730559,wheel,tire,__RUNTIME_ROOT__\datasets\paco\broad_objects_test_holdout_v3_4percat\car_automobile__04\parts_crop\016_wheel.png,9be4a65c4d77c5a1a884233b455e339db00c382ce02d5d81159f297458708bf6,7465,0.0836016122081675,0.0549392498679345
carton__01,0,1717286,cap,lid,__RUNTIME_ROOT__\datasets\paco\broad_objects_test_holdout_v3_4percat\carton__01\parts_crop\001_cap.png,6c0a45c0cfbc8e29a10477955f17a4bc31fc4aef293e5a83ff92e9a0ab44df26,122,0.6666666666666666,0.0
carton__01,1,1717287,text,label,__RUNTIME_ROOT__\datasets\paco\broad_objects_test_holdout_v3_4percat\carton__01\parts_crop\002_text.png,551be6c83d8279a6ff9856bb5a601957eba4f954e85bfae9820b6d723bd67625,2654,0.5152757078986587,0.5152757078986587
carton__01,2,1717288,tapering_top,shoulder,__RUNTIME_ROOT__\datasets\paco\broad_objects_test_holdout_v3_4percat\carton__01\parts_crop\003_tapering_top.png,add19270c013ef0fbac7af47fdfd729826eb603e6e7e88fd7d6af6b5a727b412,806,0.4780952380952381,0.0
carton__01,3,1717289,side,side,__RUNTIME_ROOT__\datasets\paco\broad_objects_test_holdout_v3_4percat\carton__01\parts_crop\004_side.png,c421e6acc6a08db94dcb49926fa14cbfde9e7d131bb51745625e9bb2d7336fa2,3633,0.45080739137672715,0.45080739137672715
carton__02,0,1699018,inner_side,side,__RUNTIME_ROOT__\datasets\paco\broad_objects_test_holdout_v3_4percat\carton__02\parts_crop\001_inner_side.png,d7dcf7999b1127dc61d855c20f522e7fd5145f59db06fc45172beed7f428b9a4,2829,0.0,0.0
carton__02,1,1699019,bottom,bottom,__RUNTIME_ROOT__\datasets\paco\broad_objects_test_holdout_v3_4percat\carton__02\parts_crop\002_bottom.png,65d190c3614200f4b63b0ee71c25ed1852f06b3eef68c1cbbf40d20194fcc89c,640,0.0,0.0
carton__02,2,1699020,side,side,__RUNTIME_ROOT__\datasets\paco\broad_objects_test_holdout_v3_4percat\carton__02\parts_crop\003_side.png,e6bced1866f99e2c33973b7509d8e9671f4cfe9f0763497bb75d9aaf386ef7a0,9280,0.0,0.0
carton__03,0,1704755,inner_side,side,__RUNTIME_ROOT__\datasets\paco\broad_objects_test_holdout_v3_4percat\carton__03\parts_crop\001_inner_side.png,0a52380e91557d080a4aa619987f21e740e6e758a5d86bf5fd7951fb043418da,2609,0.13821138211382114,0.0
carton__03,1,1704756,side,side,__RUNTIME_ROOT__\datasets\paco\broad_objects_test_holdout_v3_4percat\carton__03\parts_crop\002_side.png,fdf618a9342583ace0714c4ccdc616361544718cf2381285da3127e6780c7ff2,2688,0.10440872194811396,0.04563734918692079
carton__04,0,1737291,text,label,__RUNTIME_ROOT__\datasets\paco\broad_objects_test_holdout_v3_4percat\carton__04\parts_crop\001_text.png,b79444ef242f589bb1fadc6da973915edbf590a3cec7b247c83cf85071a9153c,1546,0.3340510612119348,0.3340510612119348
carton__04,1,1737292,side,side,__RUNTIME_ROOT__\datasets\paco\broad_objects_test_holdout_v3_4percat\carton__04\parts_crop\002_side.png,eb59041103e473d5e6d245e91ffa5c006fe929ae7871b1b9ac571ab6033c725d,10351,0.13955301455301455,0.0
cellular_telephone__01,0,1756228,screen,screen,__RUNTIME_ROOT__\datasets\paco\broad_objects_test_holdout_v3_4percat\cellular_telephone__01\parts_crop\001_screen.png,d568a8ea49e489160bfa3ebddd10eb22f4a3c561fd24b001cfad24fdad52c99a,13632,0.01747141041931385,0.0
cellular_telephone__01,1,1756229,bezel,bezel,__RUNTIME_ROOT__\datasets\paco\broad_objects_test_holdout_v3_4percat\cellular_telephone__01\parts_crop\002_bezel.png,0ecf773eb8a7dc7135748b5d7907fce0c66c1f84bfe2ca5f03c2007282367006,12430,0.7761846589082492,0.7761846589082492
cellular_telephone__01,2,1756230,button,button,__RUNTIME_ROOT__\datasets\paco\broad_objects_test_holdout_v3_4percat\cellular_telephone__01\parts_crop\003_button.png,cd71c4b36197edb9da3d5082b577213cfa93219b5e2bb421379ed02b085440ae,2519,0.25534441805225655,0.0
cellular_telephone__01,3,1756231,back_cover,back_panel,__RUNTIME_ROOT__\datasets\paco\broad_objects_test_holdout_v3_4percat\cellular_telephone__01\parts_crop\004_back_cover.png,57e66a0b70a672ade9d554456318b87c6b277bd483bb43249c6295eef187710a,6861,0.8446827006664734,0.8446827006664734
cellular_telephone__02,0,1750140,screen,screen,__RUNTIME_ROOT__\datasets\paco\broad_objects_test_holdout_v3_4percat\cellular_telephone__02\parts_crop\001_screen.png,e9cf719e65ce2bc9117cd787de9e48df96172a79d345d150dd24c9119f1125b1,22844,0.9743677815465202,0.9743677815465202
cellular_telephone__02,1,1750141,bezel,bezel,__RUNTIME_ROOT__\datasets\paco\broad_objects_test_holdout_v3_4percat\cellular_telephone__02\parts_crop\002_bezel.png,8df472a87e83637ea2a0dec59d348d10a2fac50b3b0aafc40ba1055190ea5aa8,14062,0.44857289193090283,0.44857289193090283
cellular_telephone__02,2,1750142,button,button,__RUNTIME_ROOT__\datasets\paco\broad_objects_test_holdout_v3_4percat\cellular_telephone__02\parts_crop\003_button.png,cbcc44a8e91e8a9d4ef9e09a9ab3b31147ac76abc0d08a96e0eaab0d4e0efe01,1663,0.22962366673374923,0.0
cellular_telephone__02,3,1750143,back_cover,back_panel,__RUNTIME_ROOT__\datasets\paco\broad_objects_test_holdout_v3_4percat\cellular_telephone__02\parts_crop\004_back_cover.png,8e190c1a597e35af06432516e9ad935a56e86e6679bc2349895dc7fc54d2476f,10237,0.2682674036966661,0.0
cellular_telephone__03,0,1743737,screen,screen,__RUNTIME_ROOT__\datasets\paco\broad_objects_test_holdout_v3_4percat\cellular_telephone__03\parts_crop\001_screen.png,235fff96b7090098ec8ef24209fac03392361a0e02ff04381a86ac3b40343173,4255,0.4270373344038539,0.4270373344038539
cellular_telephone__03,1,1743738,button,button,__RUNTIME_ROOT__\datasets\paco\broad_objects_test_holdout_v3_4percat\cellular_telephone__03\parts_crop\002_button.png,8b2ee540106927ec98eee16128c5dafa48895473910bb34ccafecc8c42bff0be,11869,0.48080387300157623,0.353725049198763
cellular_telephone__03,2,1743739,bezel,bezel,__RUNTIME_ROOT__\datasets\paco\broad_objects_test_holdout_v3_4percat\cellular_telephone__03\parts_crop\003_bezel.png,65e073c53e07f80bb53a4fb570db0677ca2b11333620c0d43767144402094313,10310,0.36095145962556197,0.29228252614359995
cellular_telephone__03,3,1743740,back_cover,back_panel,__RUNTIME_ROOT__\datasets\paco\broad_objects_test_holdout_v3_4percat\cellular_telephone__03\parts_crop\004_back_cover.png,5bd3af9ae2f089d930d5094fb716c8cbbcf0c9806d87afcee7e43e3e155a7ff1,6100,0.12964334197210908,0.0
cellular_telephone__04,0,1711985,screen,screen,__RUNTIME_ROOT__\datasets\paco\broad_objects_test_holdout_v3_4percat\cellular_telephone__04\parts_crop\001_screen.png,0f9535848102f433ff190d11ca03dc1c75c8c77bbe66069d007032d3b73677b6,8141,0.987649792125214,0.987649792125214
cellular_telephone__04,1,1711986,button,button,__RUNTIME_ROOT__\datasets\paco\broad_objects_test_holdout_v3_4percat\cellular_telephone__04\parts_crop\002_button.png,b7de090bdaf2a9ec7f8315cd904599b31bc754766ab69420f2795ee490ff451d,5968,0.2742123687281214,0.0778764026126277
cellular_telephone__04,2,1711987,bezel,bezel,__RUNTIME_ROOT__\datasets\paco\broad_objects_test_holdout_v3_4percat\cellular_telephone__04\parts_crop\003_bezel.png,38590084474e1b5df8574074f03465791a5b550c9ec423f4996574bd9c2a95e5,6416,0.5091942494149114,0.5091942494149114
cellular_telephone__04,3,1711988,back_cover,back_panel,__RUNTIME_ROOT__\datasets\paco\broad_objects_test_holdout_v3_4percat\cellular_telephone__04\parts_crop\004_back_cover.png,f617f8a4e941f8acc6d96fb353abce11885153edc923acd78da37fc425f90422,294,0.0,0.0
chair__01,0,1710974,arm,armrest,__RUNTIME_ROOT__\datasets\paco\broad_objects_test_holdout_v3_4percat\chair__01\parts_crop\001_arm.png,c8a2652009f5c3dc1dcff1c9d072b6a6844a485474b9eff076552b937ef53a25,996,0.000689655172413793,0.0
chair__01,1,1710975,rail,rail,__RUNTIME_ROOT__\datasets\paco\broad_objects_test_holdout_v3_4percat\chair__01\parts_crop\002_rail.png,e479406665fd56baa0ffaced75ba7c9ab4019c9c9a0ac738cdc80be05f48c879,3817,0.3321989528795812,0.3321989528795812
chair__01,2,1710976,back,backrest,__RUNTIME_ROOT__\datasets\paco\broad_objects_test_holdout_v3_4percat\chair__01\parts_crop\003_back.png,a8a8f8e58dfc31d59f872222ae4d76e417e061faed6c5320daf30f1e68a5e915,2121,0.0620253164556962,0.0
chair__01,3,1710977,stile,stile,__RUNTIME_ROOT__\datasets\paco\broad_objects_test_holdout_v3_4percat\chair__01\parts_crop\004_stile.png,d0c507944edb4a2263d864f610de8dc704cebb139537afc1c8b05a4b90f46e80,968,0.2167707404103479,0.0
chair__01,4,1710978,seat,seat,__RUNTIME_ROOT__\datasets\paco\broad_objects_test_holdout_v3_4percat\chair__01\parts_crop\005_seat.png,cd5f9eae63a77e78d4ef4b84170467632249277e00823699402afa875348c866,2820,0.0,0.0
chair__01,5,1710979,apron,apron,__RUNTIME_ROOT__\datasets\paco\broad_objects_test_holdout_v3_4percat\chair__01\parts_crop\006_apron.png,620ea6ab23d942eafa1ed0e7ef7d3a36dc415750ee95d8a5d73d7c65a6d0f7a3,502,0.0,0.0
chair__01,6,1710980,leg,leg,__RUNTIME_ROOT__\datasets\paco\broad_objects_test_holdout_v3_4percat\chair__01\parts_crop\007_leg.png,8dbdb79b460a6721919b69d2d436292b0affccd134f7e6673594bf06ab8eddcc,97,0.0,0.0
chair__02,0,1690869,leg,leg,__RUNTIME_ROOT__\datasets\paco\broad_objects_test_holdout_v3_4percat\chair__02\parts_crop\001_leg.png,d649631b3a21f59dd05bb0c4c1cc5b6ae9d98ee1412f4688c5aaf6dbe0c23b80,579,0.0,0.0
chair__02,1,1690870,stretcher,stretcher,__RUNTIME_ROOT__\datasets\paco\broad_objects_test_holdout_v3_4percat\chair__02\parts_crop\002_stretcher.png,85b1b649376af457f904218ef472ba7d89e0feb7bfacbca0f30c053df9caf373,656,0.0,0.0
chair__02,2,1690871,arm,armrest,__RUNTIME_ROOT__\datasets\paco\broad_objects_test_holdout_v3_4percat\chair__02\parts_crop\003_arm.png,1864515554ebacd7f95d1b95e9c8d4b83ac83ef9039012603c532357966c1027,539,0.0,0.0
chair__02,3,1690872,back,backrest,__RUNTIME_ROOT__\datasets\paco\broad_objects_test_holdout_v3_4percat\chair__02\parts_crop\004_back.png,d223922b2a7fc963f8464cba9887290b475c4e2e5af2164eec803861252f1816,1274,0.0,0.0
chair__02,4,1690873,seat,seat,__RUNTIME_ROOT__\datasets\paco\broad_objects_test_holdout_v3_4percat\chair__02\parts_crop\005_seat.png,2ac0e2a0da2003ca7987f45a224d5f7ed44595b05e34abcf8e1f8a489831e454,995,0.7543859649122807,0.7543859649122807
chair__02,5,1690874,apron,apron,__RUNTIME_ROOT__\datasets\paco\broad_objects_test_holdout_v3_4percat\chair__02\parts_crop\006_apron.png,a49ee7d249cd88f511ff9ba58119c0a2902c5b47622dd2f795b88ea9f097503a,767,0.011800923550538737,0.011444921316165951
chair__02,6,1690875,stile,stile,__RUNTIME_ROOT__\datasets\paco\broad_objects_test_holdout_v3_4percat\chair__02\parts_crop\007_stile.png,f2a33b89885e4f7eeb0a459dc77a1cebe125b1ce644c8975f7bf510bff202f8a,1035,0.1838453914767096,0.0
chair__03,0,1703398,rail,rail,__RUNTIME_ROOT__\datasets\paco\broad_objects_test_holdout_v3_4percat\chair__03\parts_crop\001_rail.png,735ea147813e80e92bb39733b0643437279a588f764d972b874f9572b497d1b7,705,0.26241846462619167,0.26241846462619167
chair__03,1,1703399,spindle,spindle,__RUNTIME_ROOT__\datasets\paco\broad_objects_test_holdout_v3_4percat\chair__03\parts_crop\002_spindle.png,ef2ca04b83364545e899ec3f295aa16171fdbcdfec78b1decec85f5bd9d6056b,1434,0.3967741935483871,0.07799442896935933
chair__03,2,1703400,stile,stile,__RUNTIME_ROOT__\datasets\paco\broad_objects_test_holdout_v3_4percat\chair__03\parts_crop\003_stile.png,6603101341145e01eedcacafeab8a69546230d4498adb0d8ad593762f9faccc4,503,0.1475354490209318,0.0
chair__03,3,1703401,seat,seat,__RUNTIME_ROOT__\datasets\paco\broad_objects_test_holdout_v3_4percat\chair__03\parts_crop\004_seat.png,b183d62513bb89888f8bd825b016aae2f8312433da024e65c14beb82becccb66,870,0.7170582226762002,0.44596199524940616
chair__03,4,1703402,apron,apron,__RUNTIME_ROOT__\datasets\paco\broad_objects_test_holdout_v3_4percat\chair__03\parts_crop\005_apron.png,ad79a63cb53619e3064f297db0b4a25076011b043996daee1cc5c015c10261df,693,0.43029490616621985,0.0
chair__03,5,1703403,stretcher,stretcher,__RUNTIME_ROOT__\datasets\paco\broad_objects_test_holdout_v3_4percat\chair__03\parts_crop\006_stretcher.png,9bdaa86bfb3e01324a84aa1850d75d1ef30f1b64f8da9eb22a969b8232f011fd,644,0.2791666666666667,0.11645299145299146
chair__03,6,1703404,leg,leg,__RUNTIME_ROOT__\datasets\paco\broad_objects_test_holdout_v3_4percat\chair__03\parts_crop\007_leg.png,bc1bb013b4e9984cce1f921ca3b04a7f759170dc06439d9cb4e75d12259a240a,1526,0.6017274472168906,0.2765957446808511
chair__04,0,1686837,back,backrest,__RUNTIME_ROOT__\datasets\paco\broad_objects_test_holdout_v3_4percat\chair__04\parts_crop\001_back.png,76c768db019e591c9dccfe34aa7aacdcd3f51ed96ce89597fc09afe2b1b7077d,3642,0.8487074829931973,0.8460282916213275
chair__04,1,1686838,rail,rail,__RUNTIME_ROOT__\datasets\paco\broad_objects_test_holdout_v3_4percat\chair__04\parts_crop\002_rail.png,4318f16b48013ce2f85b69b533feeb0dbdc99cd1339e0415521b91226fa8be99,556,0.6964586846543002,0.6964586846543002
chair__04,2,1686839,stile,stile,__RUNTIME_ROOT__\datasets\paco\broad_objects_test_holdout_v3_4percat\chair__04\parts_crop\003_stile.png,9dca9d0b3765757606f30dda003646e8144decead5a35347a856ddd263f9c34e,451,0.005580357142857143,0.0
chair__04,3,1686840,seat,seat,__RUNTIME_ROOT__\datasets\paco\broad_objects_test_holdout_v3_4percat\chair__04\parts_crop\004_seat.png,ac401c22eeb61cb4e2b0f017f4d551b4e88ec40236912b2240576434ae223588,1412,0.6002805049088359,0.0
chair__04,4,1686841,apron,apron,__RUNTIME_ROOT__\datasets\paco\broad_objects_test_holdout_v3_4percat\chair__04\parts_crop\005_apron.png,f3565923ee5b046c0fabdbbad9a38d5a0c4b643ec58640996a33c49563af3ad9,769,0.5552665799739922,0.0
chair__04,5,1686842,stretcher,stretcher,__RUNTIME_ROOT__\datasets\paco\broad_objects_test_holdout_v3_4percat\chair__04\parts_crop\006_stretcher.png,a47c833364386c5ab516eb9a7769537af4ac733fc993de88335b5a84c51177dc,529,0.5649717514124294,0.0
chair__04,6,1686843,leg,leg,__RUNTIME_ROOT__\datasets\paco\broad_objects_test_holdout_v3_4percat\chair__04\parts_crop\007_leg.png,7be075cd8bc9dbaf6f614ecf01566462f1ec7a2249d8b6b994159b9812258260,780,0.05603448275862069,0.0
clock__01,0,1740366,hand,clock_hand,__RUNTIME_ROOT__\datasets\paco\broad_objects_test_holdout_v3_4percat\clock__01\parts_crop\001_hand.png,123c720e2b16f93e7a97e5d172820247e6eddce404f36728ea020d445f4dd5fe,49,0.017683146878383255,0.017683146878383255
clock__01,1,1740367,finial,finial,__RUNTIME_ROOT__\datasets\paco\broad_objects_test_holdout_v3_4percat\clock__01\parts_crop\002_finial.png,24cc0c6b0308f4501a90dd418a4e8bb1c5298c9457ed99dbe739d5b5c8734cc4,267,0.0,0.0
clock__01,2,1740368,pediment,pediment,__RUNTIME_ROOT__\datasets\paco\broad_objects_test_holdout_v3_4percat\clock__01\parts_crop\003_pediment.png,1df47bc9c2dd8f8f79ef277110ed1e850d4c410cbf7504ee310faf05d8b1c27c,866,0.0,0.0
clock__01,3,1740369,base,base,__RUNTIME_ROOT__\datasets\paco\broad_objects_test_holdout_v3_4percat\clock__01\parts_crop\004_base.png,b4f226e1f893ff97ff622d21334290b6bd9b59eb5fca222293aee5bdb80af7e5,868,0.15760869565217392,0.04244655824895162
clock__02,0,1753686,hand,clock_hand,__RUNTIME_ROOT__\datasets\paco\broad_objects_test_holdout_v3_4percat\clock__02\parts_crop\001_hand.png,465db15c1b2cf8ac695d1049e567fc3369c59888d055dba2923ef5ecd2fb17f4,1085,0.5501976284584981,0.5501976284584981
clock__02,1,1753687,finial,finial,__RUNTIME_ROOT__\datasets\paco\broad_objects_test_holdout_v3_4percat\clock__02\parts_crop\002_finial.png,cccf8bde43a56c5882d5a945bb0702d9d3b4200e2324e03566af81b658e066e9,2832,0.9484679665738162,0.9484679665738162
clock__02,2,1753688,case,body,__RUNTIME_ROOT__\datasets\paco\broad_objects_test_holdout_v3_4percat\clock__02\parts_crop\003_case.png,e3ef0123ccda97715c083ebc1933efb2d51242d62d475d597619d4f70aa273b4,27763,0.43149463408529143,0.43149463408529143
clock__03,0,1711931,hand,clock_hand,__RUNTIME_ROOT__\datasets\paco\broad_objects_test_holdout_v3_4percat\clock__03\parts_crop\001_hand.png,accfff2c3f4429a2c7b96610e5758926186b5747d75bc7e7dfebd39839c4c760,220,0.21175278622087132,0.21175278622087132
clock__03,1,1711932,case,body,__RUNTIME_ROOT__\datasets\paco\broad_objects_test_holdout_v3_4percat\clock__03\parts_crop\002_case.png,791a7d8a03d49a15b992cb0989591f0e31a35bf894d575cd7a594d566c6245cd,46029,0.6463502464236792,0.6463502464236792
clock__03,2,1711933,base,base,__RUNTIME_ROOT__\datasets\paco\broad_objects_test_holdout_v3_4percat\clock__03\parts_crop\003_base.png,9c64ff7ee8841bf54a4ff7e5987433b80eee9ae19163cfa5083ff5273cc56245,4996,0.8335097001763668,0.8335097001763668
clock__04,0,1756267,hand,clock_hand,__RUNTIME_ROOT__\datasets\paco\broad_objects_test_holdout_v3_4percat\clock__04\parts_crop\001_hand.png,0b7b25e9dd95cee211e6d2222bb780133b613092708dc3bd1f72f95ccf66443a,1949,0.5763986835919135,0.5763986835919135
clock__04,1,1756268,case,body,__RUNTIME_ROOT__\datasets\paco\broad_objects_test_holdout_v3_4percat\clock__04\parts_crop\002_case.png,5774b5469ea9af11efcd1e106e0aa2dea3c3df76dca918a0f1898e7ada7201be,145,0.006983240223463687,0.002038664323374341
crate__01,0,1745607,side,side,__RUNTIME_ROOT__\datasets\paco\broad_objects_test_holdout_v3_4percat\crate__01\parts_crop\001_side.png,f2020638b56a8c1d0a32eba6a538712ee3f31385ee8d3b47f5c36ced2e7e496d,13220,0.10922914784703402,0.10922914784703402
crate__01,1,1745608,handle,handle,__RUNTIME_ROOT__\datasets\paco\broad_objects_test_holdout_v3_4percat\crate__01\parts_crop\002_handle.png,e71868f1f735d36057f5cddf48111d7f978e608341115dc1e75e9d66cecb3737,472,0.20918367346938777,0.0
crate__01,2,1745609,inner_side,side,__RUNTIME_ROOT__\datasets\paco\broad_objects_test_holdout_v3_4percat\crate__01\parts_crop\003_inner_side.png,530949a37cd09aed5fb19a04a6b19700e9c12d3369fb661d84038c926d64d9c5,1243,0.0,0.0
crate__02,0,1736986,inner_side,side,__RUNTIME_ROOT__\datasets\paco\broad_objects_test_holdout_v3_4percat\crate__02\parts_crop\001_inner_side.png,6bcfce7de06fb88c6cfa7d10a03df90b6b29b7fbca11b721607a7de93ce05a81,2859,0.445575959933222,0.445575959933222
crate__02,1,1736987,handle,handle,__RUNTIME_ROOT__\datasets\paco\broad_objects_test_holdout_v3_4percat\crate__02\parts_crop\002_handle.png,3047bb62bb72c732275d1606080ba676aabca95e1e430f417e2591532f9e4032,899,0.11820765758234408,0.0
crate__02,2,1736988,side,side,__RUNTIME_ROOT__\datasets\paco\broad_objects_test_holdout_v3_4percat\crate__02\parts_crop\003_side.png,41abe263d684045e76803b593d63824df85cd03f68b122fd29a196e0f039d90f,2387,0.3547638773819387,0.3532231404958678
crate__03,0,1715432,side,side,__RUNTIME_ROOT__\datasets\paco\broad_objects_test_holdout_v3_4percat\crate__03\parts_crop\001_side.png,e68b938e7af0a37b0f5d9599ad7188a86b4f5751b0e6d5d2c6ecbb23a19349d1,378,0.43559718969555034,0.0
crate__03,1,1715433,handle,handle,__RUNTIME_ROOT__\datasets\paco\broad_objects_test_holdout_v3_4percat\crate__03\parts_crop\002_handle.png,499aa858c2b13a8d84c7e091791c053b53d0032e496721ca153b33b688c67a3c,257,0.002398081534772182,0.0
crate__03,2,1715434,inner_side,side,__RUNTIME_ROOT__\datasets\paco\broad_objects_test_holdout_v3_4percat\crate__03\parts_crop\003_inner_side.png,9551a04149abadcfcb8a42e181fe596d3fd7491d44b248a5c1ce14d06d375a0b,795,0.0037313432835820895,0.0
crate__04,0,1746432,handle,handle,__RUNTIME_ROOT__\datasets\paco\broad_objects_test_holdout_v3_4percat\crate__04\parts_crop\001_handle.png,77c3abb3da6685c68c70e231b1bfb41542d80f4d9079d5fd188769a308aeb5d9,218,0.046511627906976744,0.0
crate__04,1,1746433,side,side,__RUNTIME_ROOT__\datasets\paco\broad_objects_test_holdout_v3_4percat\crate__04\parts_crop\002_side.png,c437d2cd31497a6e93c3607cd9b04209d837829491ade9913dde54f2f627f99f,7416,0.2104908306364617,0.2012121212121212
crate__04,2,1746434,inner_side,side,__RUNTIME_ROOT__\datasets\paco\broad_objects_test_holdout_v3_4percat\crate__04\parts_crop\003_inner_side.png,727330557a2b424b5a38088876ad6829243f9496a8772bccbdc96c1c0fd86b97,1,0.015625,0.0
cup__01,0,1734667,inner_body,inner,__RUNTIME_ROOT__\datasets\paco\broad_objects_test_holdout_v3_4percat\cup__01\parts_crop\001_inner_body.png,02a2274cb5d159d394a4d87cf614331e8cf06f51b1aebc1006d45aca17a35d09,39,0.0,0.0
cup__01,1,1734668,handle,handle,__RUNTIME_ROOT__\datasets\paco\broad_objects_test_holdout_v3_4percat\cup__01\parts_crop\002_handle.png,fd86c40268b67a9ed662176e3b06d7b2f2095d49aac269bcc6835926c6b952ba,1247,0.847944142746315,0.847944142746315
cup__01,2,1734669,rim,rim,__RUNTIME_ROOT__\datasets\paco\broad_objects_test_holdout_v3_4percat\cup__01\parts_crop\003_rim.png,6b6f24516baf537f3de239ed73cdd83b47ed8aee88a1cd488c0c5aab31df8fb6,1369,0.014202584081270342,0.0
cup__02,0,1693640,handle,handle,__RUNTIME_ROOT__\datasets\paco\broad_objects_test_holdout_v3_4percat\cup__02\parts_crop\001_handle.png,dcabe179a2f26d4f9100e778c6efff66a485516b686c86aa2e5384179d96cad6,1414,0.8801939058171745,0.8801939058171745
cup__02,1,1693641,rim,rim,__RUNTIME_ROOT__\datasets\paco\broad_objects_test_holdout_v3_4percat\cup__02\parts_crop\002_rim.png,5132afa58ba7ad015e741f9f84d5283fd9781313492845d28a0317c96aa95fbb,2330,0.03654918713658479,0.0
cup__02,2,1693642,inner_body,inner,__RUNTIME_ROOT__\datasets\paco\broad_objects_test_holdout_v3_4percat\cup__02\parts_crop\003_inner_body.png,fcb40914e54719547d4f95b0ddcc983aed575acd64cb10442b90db801de53af1,3226,0.0,0.0
cup__03,0,1760444,handle,handle,__RUNTIME_ROOT__\datasets\paco\broad_objects_test_holdout_v3_4percat\cup__03\parts_crop\001_handle.png,2cc45133b4af90d1b534a3d02d24fc52f95b7869a918f5b3daaeec0cbea66c5d,2494,0.5133662081494939,0.0
cup__03,1,1760445,rim,rim,__RUNTIME_ROOT__\datasets\paco\broad_objects_test_holdout_v3_4percat\cup__03\parts_crop\002_rim.png,599016fc2f128762e6dbd776873f525c490e7a4135c905e99681efabd07bc704,259,0.025750369033951122,0.0
cup__03,2,1760446,inner_body,inner,__RUNTIME_ROOT__\datasets\paco\broad_objects_test_holdout_v3_4percat\cup__03\parts_crop\003_inner_body.png,dfcf63354cfe5e0e84913d7098c2f7d1ca1441213a980137a159562139d6dfa8,5623,0.9149497280369211,0.0
cup__04,0,1716383,handle,handle,__RUNTIME_ROOT__\datasets\paco\broad_objects_test_holdout_v3_4percat\cup__04\parts_crop\001_handle.png,bdea51a560a363eb10676fba04fbfc94e9e3960a9a3f13a08c1d0ed81ff06c3a,2026,0.040471512770137524,0.0
cup__04,1,1716384,inner_body,inner,__RUNTIME_ROOT__\datasets\paco\broad_objects_test_holdout_v3_4percat\cup__04\parts_crop\002_inner_body.png,23fd0c91cf510965bc6bfd478b975953022673565b8ca9f0e788ec63630f8c60,5036,0.0,0.0
cup__04,2,1716385,rim,rim,__RUNTIME_ROOT__\datasets\paco\broad_objects_test_holdout_v3_4percat\cup__04\parts_crop\003_rim.png,44d7039927c577190d0fa963d9fb688e910ab5e5d07816103a206d4a67a69f42,993,0.13178767541183647,0.0
earphone__01,0,1728190,cable,cable,__RUNTIME_ROOT__\datasets\paco\broad_objects_test_holdout_v3_4percat\earphone__01\parts_crop\001_cable.png,3016c85b399d187e4cf8dc329ef1b37a01878f9efdca340b9334266cd3a2c636,293,0.0026455026455026454,0.0
earphone__01,1,1728191,housing,body,__RUNTIME_ROOT__\datasets\paco\broad_objects_test_holdout_v3_4percat\earphone__01\parts_crop\002_housing.png,1161ff8b8b628884471adc587eecea9f5068cef63ff34b5d2069cc37366763d5,1956,0.7686433063791555,0.7686433063791555
earphone__01,2,1728192,ear_pads,earpad,__RUNTIME_ROOT__\datasets\paco\broad_objects_test_holdout_v3_4percat\earphone__01\parts_crop\003_ear_pads.png,6a9f15dc00e82eb23cc05326b97eea2523148b00872064256c60b91211e98de8,278,0.3269230769230769,0.3269230769230769
earphone__01,3,1728193,headband,headband,__RUNTIME_ROOT__\datasets\paco\broad_objects_test_holdout_v3_4percat\earphone__01\parts_crop\004_headband.png,edbce9062c2c7b0c68db2889504bd9f910414767c090f88608e66271eb5575ca,1020,0.0,0.0
earphone__02,0,1697183,ear_pads,earpad,__RUNTIME_ROOT__\datasets\paco\broad_objects_test_holdout_v3_4percat\earphone__02\parts_crop\001_ear_pads.png,899a2afbe6e25e4d63f9e34d82e7a487e2df41d1d0584aba76c69951fe999e05,850,0.4355400696864111,0.4355400696864111
earphone__02,1,1697184,housing,body,__RUNTIME_ROOT__\datasets\paco\broad_objects_test_holdout_v3_4percat\earphone__02\parts_crop\002_housing.png,71dd995de89d6bd6416e3692b778dcc55ca18da39f9ce2a4fc2e784331bf9f7e,893,0.10565351245452001,0.10565351245452001
earphone__02,2,1697185,headband,headband,__RUNTIME_ROOT__\datasets\paco\broad_objects_test_holdout_v3_4percat\earphone__02\parts_crop\003_headband.png,4888f8a89f5444aba5b3ed113fb99a6d332553bd353881d2186f1c28d5556d8e,1236,0.47166799680766164,0.0
earphone__02,3,1697186,cable,cable,__RUNTIME_ROOT__\datasets\paco\broad_objects_test_holdout_v3_4percat\earphone__02\parts_crop\004_cable.png,4d61a87573a51c9210e5c0842353a8dcaf97b857f4240123b61c662f47f5e707,2,0.00028538812785388126,0.0
earphone__03,0,1703767,ear_pads,earpad,__RUNTIME_ROOT__\datasets\paco\broad_objects_test_holdout_v3_4percat\earphone__03\parts_crop\001_ear_pads.png,a92d6fa6f169d34d41befcb7f30983f7c962eb4129bbcf6c0b892e162ab08d4e,9555,0.36362686723075316,0.2923151750972763
earphone__03,1,1703768,slider,slider,__RUNTIME_ROOT__\datasets\paco\broad_objects_test_holdout_v3_4percat\earphone__03\parts_crop\002_slider.png,a60154a16e95fc62c31613a1ada8f7fd8e1c7a10007ffd21b6266cb0811018f4,801,0.16898864809081526,0.09068627450980392
earphone__03,2,1703769,headband,headband,__RUNTIME_ROOT__\datasets\paco\broad_objects_test_holdout_v3_4percat\earphone__03\parts_crop\003_headband.png,3d2e5a2eef17dfd7e8f3a57b706dcc1b0cfd5542e8f5387a254220f36c4fe04f,2863,0.9345670852610707,0.0
earphone__04,0,1767256,housing,body,__RUNTIME_ROOT__\datasets\paco\broad_objects_test_holdout_v3_4percat\earphone__04\parts_crop\001_housing.png,9f1bf837d0b6f3f623df573b48a4a97c29568cc18172ac7bbd73c1ce84ae6e26,3781,0.37497465017237885,0.0
earphone__04,1,1767257,headband,headband,__RUNTIME_ROOT__\datasets\paco\broad_objects_test_holdout_v3_4percat\earphone__04\parts_crop\002_headband.png,2766673e1c806b49b086341e0c22fde5bc6cc056becb550a908283b72ea1b2f8,244,0.07135777998017839,0.0
earphone__04,2,1767258,cable,cable,__RUNTIME_ROOT__\datasets\paco\broad_objects_test_holdout_v3_4percat\earphone__04\parts_crop\003_cable.png,dfc77fcf62efbb1e8493971ccb66504e99d413a91593397356de3b7631abe394,481,0.15155526141628062,0.0
fan__01,0,1725717,light,bulb,__RUNTIME_ROOT__\datasets\paco\broad_objects_test_holdout_v3_4percat\fan__01\parts_crop\001_light.png,e584a53eec1c0fdd6ed8b3c80f0836dcd5e14e7a6c335daf059a654e3cf7854c,623,0.9294478527607362,0.9294478527607362
fan__01,1,1725718,blade,blade,__RUNTIME_ROOT__\datasets\paco\broad_objects_test_holdout_v3_4percat\fan__01\parts_crop\002_blade.png,62b6f0b05bfbfcb3b89d86d0d025fc2f91f1fe0749040ed32aab53f635be394b,3886,0.4184275184275184,0.3211586901763224
fan__01,2,1725719,motor,motor,__RUNTIME_ROOT__\datasets\paco\broad_objects_test_holdout_v3_4percat\fan__01\parts_crop\003_motor.png,0c7cdab1392d60c5cad5707619cb2f2344c37c03a6927b830cf60746909a0159,857,0.43920044419766796,0.0
fan__01,3,1725720,canopy,canopy,__RUNTIME_ROOT__\datasets\paco\broad_objects_test_holdout_v3_4percat\fan__01\parts_crop\004_canopy.png,12e6def8290c4446e6173c4bab40c2f9cee9dd95e0b4b072c49542ac19e42a92,174,0.05013757260776521,0.0
fan__01,4,1725721,fan_box,fan_box,__RUNTIME_ROOT__\datasets\paco\broad_objects_test_holdout_v3_4percat\fan__01\parts_crop\005_fan_box.png,29bbb114e07b1c2a17d860a2d8c452058593cb8d4642f547274ad7c61d8bf454,275,0.9057239057239057,0.0
fan__02,0,1717420,rod,rod,__RUNTIME_ROOT__\datasets\paco\broad_objects_test_holdout_v3_4percat\fan__02\parts_crop\001_rod.png,52df998f8d6248f40d97363cc7e36d0eba7ed4d178140c7f32275320664712d3,140,0.7588652482269503,0.7588652482269503
fan__02,1,1717421,canopy,canopy,__RUNTIME_ROOT__\datasets\paco\broad_objects_test_holdout_v3_4percat\fan__02\parts_crop\002_canopy.png,690497ca9650552f9c4caed8ea44bc1f0296029334f0833be29a85e54b2dc7fe,441,0.5682326621923938,0.5682326621923938
fan__02,2,1717422,bracket,bracket,__RUNTIME_ROOT__\datasets\paco\broad_objects_test_holdout_v3_4percat\fan__02\parts_crop\003_bracket.png,080dda85ae1f15a9fc2860d239cd9ffeb2e558b8cb17a54476ffbea4e809ff1f,404,0.2545710267229255,0.0
fan__02,3,1717423,blade,blade,__RUNTIME_ROOT__\datasets\paco\broad_objects_test_holdout_v3_4percat\fan__02\parts_crop\004_blade.png,d33e2ec323b9af5e9150a98cbbcbc998af6fd8d743acd98e49a87be598b3a31a,1282,0.31716971796140525,0.16302652106084242
fan__02,4,1717424,motor,motor,__RUNTIME_ROOT__\datasets\paco\broad_objects_test_holdout_v3_4percat\fan__02\parts_crop\005_motor.png,2bf439e8d7fb1d4cb2e9eadd817be2430bfa6d806f2e60709de41eaed2b1b913,135,0.08059914407988587,0.0
fan__03,0,1699735,string,chain,__RUNTIME_ROOT__\datasets\paco\broad_objects_test_holdout_v3_4percat\fan__03\parts_crop\001_string.png,1e0dc66d0d80bbefa4fa27f0bcf759cd3b1e49e7a61de881d9275540e07b487e,33,0.0,0.0
fan__03,1,1699736,blade,blade,__RUNTIME_ROOT__\datasets\paco\broad_objects_test_holdout_v3_4percat\fan__03\parts_crop\002_blade.png,ebeac06a2fa1a8dfc8299804159c8fc06a1d3311d3fbf8d384c18d31b8762f71,729,0.6328217237308147,0.6328217237308147
fan__03,2,1699737,bracket,bracket,__RUNTIME_ROOT__\datasets\paco\broad_objects_test_holdout_v3_4percat\fan__03\parts_crop\003_bracket.png,0a8e445568f8f049ae0c9cad78539ff640e45d80cede0b83fd4fdf52d65f93fc,145,0.17259786476868327,0.0
fan__03,3,1699738,motor,motor,__RUNTIME_ROOT__\datasets\paco\broad_objects_test_holdout_v3_4percat\fan__03\parts_crop\004_motor.png,4567aabcee7b10d48e55c5734950fccdafc641ecf7bfc1282516de0b9b4d1c57,352,0.8835978835978836,0.0
fan__03,4,1699739,canopy,canopy,__RUNTIME_ROOT__\datasets\paco\broad_objects_test_holdout_v3_4percat\fan__03\parts_crop\005_canopy.png,7539640f4bde04695cbcc19ef654da61ecfce1eb054e9b852535602c2d4991d2,186,0.8333333333333334,0.0
fan__04,0,1759162,motor,motor,__RUNTIME_ROOT__\datasets\paco\broad_objects_test_holdout_v3_4percat\fan__04\parts_crop\001_motor.png,313fb6fc446ea4d329f9851cba98002705e85a81a41ec01331d414477a50f2f3,80,0.6506024096385542,0.0
fan__04,1,1759163,bracket,bracket,__RUNTIME_ROOT__\datasets\paco\broad_objects_test_holdout_v3_4percat\fan__04\parts_crop\002_bracket.png,9bf0dce170d4963839e98d4f1339d06a272dc82974a0186d6066d53fd198ece4,149,0.0,0.0
fan__04,2,1759164,canopy,canopy,__RUNTIME_ROOT__\datasets\paco\broad_objects_test_holdout_v3_4percat\fan__04\parts_crop\003_canopy.png,e392abde2dd8a963aa2a19674b69c76400308595de67bfb25f0f88693b7a471b,265,0.5358490566037736,0.0
fan__04,3,1759165,blade,blade,__RUNTIME_ROOT__\datasets\paco\broad_objects_test_holdout_v3_4percat\fan__04\parts_crop\004_blade.png,dba381d9d1e387e4995da0428116e94a5e0fc3bbe8a03258aad96dd9c425ffbd,962,0.11349693251533742,0.11349693251533742
fan__04,4,1759166,rod,rod,__RUNTIME_ROOT__\datasets\paco\broad_objects_test_holdout_v3_4percat\fan__04\parts_crop\005_rod.png,b26ddd1f7834cf5d3686532b5f674afd1b14d5b5beebc9d892f2172fb4d6da11,127,0.0,0.0
glass_drink_container__01,0,1694075,base,base,__RUNTIME_ROOT__\datasets\paco\broad_objects_test_holdout_v3_4percat\glass_drink_container__01\parts_crop\001_base.png,93a2c0204517512229a4c921e280958b14466c9dfac9c3cdf5afd81cf5af515c,428,0.1663961038961039,0.1663961038961039
glass_drink_container__01,1,1694076,bottom,bottom,__RUNTIME_ROOT__\datasets\paco\broad_objects_test_holdout_v3_4percat\glass_drink_container__01\parts_crop\002_bottom.png,a2e7bd76196bd27855210b4a7f8c25120269242dae340b9cb224d2f569679f42,1154,0.6540772532188841,0.0
glass_drink_container__01,2,1694077,inner_body,inner,__RUNTIME_ROOT__\datasets\paco\broad_objects_test_holdout_v3_4percat\glass_drink_container__01\parts_crop\003_inner_body.png,52866049eac4eadb3df3caeb9f5d9e0e0d661b3611053e96b6ebb17768ec8d49,3096,0.7533172496984318,0.0
glass_drink_container__01,3,1694078,rim,rim,__RUNTIME_ROOT__\datasets\paco\broad_objects_test_holdout_v3_4percat\glass_drink_container__01\parts_crop\004_rim.png,db492b489b333c127e0956868c71e00708e63751de28c204a4bfee37dfa62efd,597,0.09000957548675391,0.04522613065326633
glass_drink_container__01,4,1694079,body,body,__RUNTIME_ROOT__\datasets\paco\broad_objects_test_holdout_v3_4percat\glass_drink_container__01\parts_crop\005_body.png,ede94660f8ebcd7f92ffaf0f68b2594fe177564830a278dac7753605556ece11,980,0.24899744804958074,0.15168449624780456
glass_drink_container__02,0,1729350,rim,rim,__RUNTIME_ROOT__\datasets\paco\broad_objects_test_holdout_v3_4percat\glass_drink_container__02\parts_crop\001_rim.png,d8d49c78b9fedde73d49f784c7d9761b72765360c5c4edf084b94999871c0479,930,0.11970410221923336,0.0
glass_drink_container__02,1,1729351,bottom,bottom,__RUNTIME_ROOT__\datasets\paco\broad_objects_test_holdout_v3_4percat\glass_drink_container__02\parts_crop\002_bottom.png,0dac09982a3cd8f0362af98266629c269de1f546bca5642335b31eeab5868210,381,0.10242376856919469,0.0
glass_drink_container__02,2,1729352,inner_body,inner,__RUNTIME_ROOT__\datasets\paco\broad_objects_test_holdout_v3_4percat\glass_drink_container__02\parts_crop\003_inner_body.png,d3658b415509342c27d4bb6abe220571ab5507ba55aaf1c1a889b56a6658f837,2352,0.5714285714285714,0.0
glass_drink_container__02,3,1729353,body,body,__RUNTIME_ROOT__\datasets\paco\broad_objects_test_holdout_v3_4percat\glass_drink_container__02\parts_crop\004_body.png,457ee5f8d98fbc843358ce61f648dbd252efdaa965bee95578084a834241860e,2249,0.4723618090452261,0.34565890210131944
glass_drink_container__02,4,1729354,base,base,__RUNTIME_ROOT__\datasets\paco\broad_objects_test_holdout_v3_4percat\glass_drink_container__02\parts_crop\005_base.png,98d689323360441aa66a94406974040995f8f0082375453cae3d6f66ebdf226e,638,0.1721904761904762,0.0
glass_drink_container__03,0,1756520,rim,rim,__RUNTIME_ROOT__\datasets\paco\broad_objects_test_holdout_v3_4percat\glass_drink_container__03\parts_crop\001_rim.png,6e6f8f80bccf5ed850a79eb1b898229144a44a661b35bddbbe147321f8a703b1,980,0.018557002780623444,0.0
glass_drink_container__03,1,1756521,inner_body,inner,__RUNTIME_ROOT__\datasets\paco\broad_objects_test_holdout_v3_4percat\glass_drink_container__03\parts_crop\002_inner_body.png,40e813a1236860efa1e59bde8aa9730b9e09ca348402d6a68c6d265d0aedde36,4536,0.0705015490245332,0.0
glass_drink_container__03,2,1756522,body,body,__RUNTIME_ROOT__\datasets\paco\broad_objects_test_holdout_v3_4percat\glass_drink_container__03\parts_crop\003_body.png,dd0a1e2b5b43a9ce2d07ed7b01796b44130c5eeccdec8f98f9fa8edbd7f62c6c,23887,0.6962375073486184,0.6962375073486184
glass_drink_container__03,3,1756523,base,base,__RUNTIME_ROOT__\datasets\paco\broad_objects_test_holdout_v3_4percat\glass_drink_container__03\parts_crop\004_base.png,a150298858331da91d385b823ada4931ea84f088b9da1a202a8810fb156d2922,7935,0.7570840950639853,0.7570840950639853
glass_drink_container__04,0,1747781,rim,rim,__RUNTIME_ROOT__\datasets\paco\broad_objects_test_holdout_v3_4percat\glass_drink_container__04\parts_crop\001_rim.png,38fdba5cf07125a1bfe6b12ff123b4f0ae22988647240c14ed1e223afdefb80e,576,0.1394674400210915,0.0
glass_drink_container__04,1,1747782,inner_body,inner,__RUNTIME_ROOT__\datasets\paco\broad_objects_test_holdout_v3_4percat\glass_drink_container__04\parts_crop\002_inner_body.png,3abc68c64647e300e48e29ce8e497980fb7a4b9b6fbdacf22faf1218e4ded972,2726,0.43662597114317425,0.0
glass_drink_container__04,2,1747783,base,base,__RUNTIME_ROOT__\datasets\paco\broad_objects_test_holdout_v3_4percat\glass_drink_container__04\parts_crop\003_base.png,cb830219676349803401a4f00e120f84126273d14455580e4c4d346d39c3ecf1,1305,0.08789636811571168,0.0
glass_drink_container__04,3,1747784,body,body,__RUNTIME_ROOT__\datasets\paco\broad_objects_test_holdout_v3_4percat\glass_drink_container__04\parts_crop\004_body.png,814f16f5963a48cebab598afc34e65fa59bf972b83676ff03085a5b4ede65c2b,7907,0.6301920141399534,0.6301920141399534
guitar__01,0,1769912,string,string,__RUNTIME_ROOT__\datasets\paco\broad_objects_test_holdout_v3_4percat\guitar__01\parts_crop\001_string.png,83a02106947459633a73c7ad2fbe58458ff81ac39050f63cd29c9dd19012965b,1732,0.028635346756152126,0.0
guitar__01,1,1769913,bridge,bridge,__RUNTIME_ROOT__\datasets\paco\broad_objects_test_holdout_v3_4percat\guitar__01\parts_crop\002_bridge.png,6015773bfb8b3936e1652ce92510737b2c67df2c7911fb198e529aa823a59f07,2154,0.8534405719392315,0.0
guitar__01,2,1769914,hole,sound_hole,__RUNTIME_ROOT__\datasets\paco\broad_objects_test_holdout_v3_4percat\guitar__01\parts_crop\003_hole.png,dd07c7f31333dfc0e9048c2e0d77aef9f5dea973e89d71739a37c564e23ebc39,1174,0.018682962538591297,0.0
guitar__01,3,1769915,fingerboard,fingerboard,__RUNTIME_ROOT__\datasets\paco\broad_objects_test_holdout_v3_4percat\guitar__01\parts_crop\004_fingerboard.png,f5bd82add5fa7c7729c84628c910f04e2f7db05148e8ce24a6fad0157f26ab4f,2006,0.030087370929308976,0.0
guitar__01,4,1769916,key,tuning_key,__RUNTIME_ROOT__\datasets\paco\broad_objects_test_holdout_v3_4percat\guitar__01\parts_crop\005_key.png,1e6bd53986310d9361e2666eecbc7638d3a5f107709f3b27252e3ec3d7c1dcf0,163,0.13486370157819225,0.0
guitar__01,5,1769917,body,body,__RUNTIME_ROOT__\datasets\paco\broad_objects_test_holdout_v3_4percat\guitar__01\parts_crop\006_body.png,189d4890080690c0db318ade51dc70936401ae05044aaeab52232e5ce2995450,40454,0.6342895115738177,0.6342895115738177
guitar__01,6,1769918,side,side,__RUNTIME_ROOT__\datasets\paco\broad_objects_test_holdout_v3_4percat\guitar__01\parts_crop\007_side.png,7500f588af186f2592e10a0b9a97fba19ef30516dda8ce109a17f1a763817286,38628,0.17377724307065845,0.0
guitar__01,7,1769919,headstock,headstock,__RUNTIME_ROOT__\datasets\paco\broad_objects_test_holdout_v3_4percat\guitar__01\parts_crop\008_headstock.png,7462a900aba87a5e716d0362a1fcb9748c0719a5f7436e856eaee36e50277bfa,409,0.5688350983358548,0.0
guitar__02,0,1768039,string,string,__RUNTIME_ROOT__\datasets\paco\broad_objects_test_holdout_v3_4percat\guitar__02\parts_crop\001_string.png,9dd5a75d34d21130d2010d95c8ee2b5e76b9ab58feac1c278ce1c9375e9cf696,239,0.014077550012348727,0.0
guitar__02,1,1768040,hole,sound_hole,__RUNTIME_ROOT__\datasets\paco\broad_objects_test_holdout_v3_4percat\guitar__02\parts_crop\002_hole.png,78d231f1beb6d86dea90e2c886e1e59a42445b868b0acbdeffeb3c9bc11c1f1f,740,0.038725911378421504,0.0
guitar__02,2,1768041,bridge,bridge,__RUNTIME_ROOT__\datasets\paco\broad_objects_test_holdout_v3_4percat\guitar__02\parts_crop\003_bridge.png,fa87bb61fb66a1d237e16b135775d84f562493393fe8ec32b6b2ab90d3e8c018,252,0.024667524667524667,0.0
guitar__02,3,1768042,side,side,__RUNTIME_ROOT__\datasets\paco\broad_objects_test_holdout_v3_4percat\guitar__02\parts_crop\004_side.png,f06bcc5c3fc0e4d880fc7ba766cd544fb65652ccb3e3ec29e79399b3b63f2a3c,1640,0.033692878682440267,0.0
guitar__02,4,1768043,headstock,headstock,__RUNTIME_ROOT__\datasets\paco\broad_objects_test_holdout_v3_4percat\guitar__02\parts_crop\005_headstock.png,5f04b917b67838a1c5d044552245b52661ea0f3583943d668de9364acbc3daa1,3108,0.5871943371943372,0.0
guitar__02,5,1768044,fingerboard,fingerboard,__RUNTIME_ROOT__\datasets\paco\broad_objects_test_holdout_v3_4percat\guitar__02\parts_crop\006_fingerboard.png,8de961ee9c7c70e85c044263947d4f651bf5e3df76e27a89ecc98a68dad7ef12,3226,0.3978328173374613,0.3978328173374613
guitar__02,6,1768045,body,body,__RUNTIME_ROOT__\datasets\paco\broad_objects_test_holdout_v3_4percat\guitar__02\parts_crop\007_body.png,10d3e4269b05b37c36cf3b972ae856cf329df81c961962218a4149f361f36ee4,8348,0.5180424528301887,0.49701000732243106
guitar__02,7,1768046,pickguard,pickguard,__RUNTIME_ROOT__\datasets\paco\broad_objects_test_holdout_v3_4percat\guitar__02\parts_crop\008_pickguard.png,03257f1435076fc63119f13b09fdfb027a69e09723eadf329023568e4cd14edf,326,0.002915628986211505,0.0
guitar__03,0,1752616,bridge,bridge,__RUNTIME_ROOT__\datasets\paco\broad_objects_test_holdout_v3_4percat\guitar__03\parts_crop\001_bridge.png,483c2ac4bd4ba9786c4a3146fe399dfeb5ec4bce50798146398fd257b6d0506b,128,0.390625,0.0
guitar__03,1,1752617,pickguard,pickguard,__RUNTIME_ROOT__\datasets\paco\broad_objects_test_holdout_v3_4percat\guitar__03\parts_crop\002_pickguard.png,525cca7097517e1dcd85452cdeebd01f704c4262f37e848426e88a7da77629f9,2391,0.2735615954818214,0.0
guitar__03,2,1752618,key,tuning_key,__RUNTIME_ROOT__\datasets\paco\broad_objects_test_holdout_v3_4percat\guitar__03\parts_crop\003_key.png,ec4187293aaccd6ec2dcbf699f18d93328de2d59dc3bdeaba0fd48fe6d4da821,61,0.0,0.0
guitar__03,3,1752619,headstock,headstock,__RUNTIME_ROOT__\datasets\paco\broad_objects_test_holdout_v3_4percat\guitar__03\parts_crop\004_headstock.png,d37003070e8dec43ce161229e1bf4d461b04558fb53676aebf8ced2a3e64893f,996,0.0,0.0
guitar__03,4,1752620,fingerboard,fingerboard,__RUNTIME_ROOT__\datasets\paco\broad_objects_test_holdout_v3_4percat\guitar__03\parts_crop\005_fingerboard.png,551922cbbfd9d9f1b289125c867003c2ef87a0eca020b54d69510b1cd4298e4e,2277,0.6780793319415449,0.0
guitar__03,5,1752621,body,body,__RUNTIME_ROOT__\datasets\paco\broad_objects_test_holdout_v3_4percat\guitar__03\parts_crop\006_body.png,8b7436b02e46a447bec58216e3a9b50a5cd751be445c6e24b022d5a69a9d1480,6007,0.40713311245371275,0.40713311245371275
guitar__04,0,1690902,fingerboard,fingerboard,__RUNTIME_ROOT__\datasets\paco\broad_objects_test_holdout_v3_4percat\guitar__04\parts_crop\003_fingerboard.png,14c51a6c7300a792a60756187110781d70485bcde8da1d649bddb2b7aa8944ff,24,0.003122831367106176,0.0
guitar__04,1,1690905,body,body,__RUNTIME_ROOT__\datasets\paco\broad_objects_test_holdout_v3_4percat\guitar__04\parts_crop\006_body.png,b917859e6f76364cce465eb105948b0e5b7dfc69b00701e2ecdb2903f319a00b,41,0.0003439972480220158,0.0003439972480220158
hammer__01,0,1762104,face,face,__RUNTIME_ROOT__\datasets\paco\broad_objects_test_holdout_v3_4percat\hammer__01\parts_crop\001_face.png,86b25d9e8557a24cf408e5411813c49afc7adedc8cc09b8d3397a54ee2e3bcd0,1230,0.0,0.0
hammer__01,1,1762105,head,head,__RUNTIME_ROOT__\datasets\paco\broad_objects_test_holdout_v3_4percat\hammer__01\parts_crop\002_head.png,27d01a291584b671d76b32e407fd1897f6ade3c99ff5f8965b60aa5a9d921525,1046,0.0,0.0
hammer__01,2,1762106,handle,handle,__RUNTIME_ROOT__\datasets\paco\broad_objects_test_holdout_v3_4percat\hammer__01\parts_crop\003_handle.png,4d0691cfd80f5c3ce664513641757c4c4c272404adf4760952fc0ab4bc4678dd,1207,0.09045504994450611,0.0
hammer__02,0,1706903,grip,grip,__RUNTIME_ROOT__\datasets\paco\broad_objects_test_holdout_v3_4percat\hammer__02\parts_crop\001_grip.png,f33a612f18de5c09d1620de972192174162141bfdabfaadc1125e9e54f8248d6,1637,0.9381067961165048,0.0
hammer__02,1,1706904,handle,handle,__RUNTIME_ROOT__\datasets\paco\broad_objects_test_holdout_v3_4percat\hammer__02\parts_crop\002_handle.png,7cdfb87ba2f49df877dcb4b1948959e93fc54c8d133846ed56962c07f6644c96,599,0.0,0.0
hammer__02,2,1706905,head,head,__RUNTIME_ROOT__\datasets\paco\broad_objects_test_holdout_v3_4percat\hammer__02\parts_crop\003_head.png,5ad00448b5f720c4a43a6cd2f39a540675478ff8367f3cf975ace4e97ea09301,718,0.0,0.0
hammer__03,0,1763621,face,face,__RUNTIME_ROOT__\datasets\paco\broad_objects_test_holdout_v3_4percat\hammer__03\parts_crop\001_face.png,442025a94608aeaf6cf3a10d51644aa1d2144f78322cbacc3ce9f2beca40cef0,70,0.0,0.0
hammer__03,1,1763622,head,head,__RUNTIME_ROOT__\datasets\paco\broad_objects_test_holdout_v3_4percat\hammer__03\parts_crop\002_head.png,f9d40ae31943b934418f978aa0eb6d8fc2200baba5a794a241ad7f351c14f707,244,0.0012453300124533001,0.0012453300124533001
hammer__03,2,1763623,handle,handle,__RUNTIME_ROOT__\datasets\paco\broad_objects_test_holdout_v3_4percat\hammer__03\parts_crop\003_handle.png,5f1fbe1ea3992013fde8fb690f8c3d3d03c378d7054fa072e465da70ae41df3c,935,0.7082906857727738,0.0
handbag__01,0,1703002,handle,handle,__RUNTIME_ROOT__\datasets\paco\broad_objects_test_holdout_v3_4percat\handbag__01\parts_crop\001_handle.png,4dbe3cfb5b814ee7cf155e91b56fcf88f6f03fd61ee86908fa94e1cdc118cad1,10331,0.6356395739372421,0.0
handbag__01,1,1703003,body,body,__RUNTIME_ROOT__\datasets\paco\broad_objects_test_holdout_v3_4percat\handbag__01\parts_crop\002_body.png,45606051c9c64a8c8c9254066b57627956a61a913ef565897c0e59de3b8b54be,32339,0.7196556542119259,0.7196556542119259
handbag__01,2,1703004,rim,opening,__RUNTIME_ROOT__\datasets\paco\broad_objects_test_holdout_v3_4percat\handbag__01\parts_crop\003_rim.png,33f6175adc27afab3c652f23e800ff831978b1fcc82e252191778324393d6a63,791,0.03823306370070779,0.0
handbag__01,3,1703005,inner_body,inner,__RUNTIME_ROOT__\datasets\paco\broad_objects_test_holdout_v3_4percat\handbag__01\parts_crop\004_inner_body.png,247393c885e7017eee2fa618c890804b9931f9a420ffd3eb848bc91e10b9d20f,345,0.022061644711599947,0.0
handbag__02,0,1745332,handle,handle,__RUNTIME_ROOT__\datasets\paco\broad_objects_test_holdout_v3_4percat\handbag__02\parts_crop\001_handle.png,b22e6c72f657d48cb6b66dacca485b4619ca0650409e08d3251cd82ad74223a3,2149,0.10062715141226954,0.0
handbag__02,1,1745333,rim,opening,__RUNTIME_ROOT__\datasets\paco\broad_objects_test_holdout_v3_4percat\handbag__02\parts_crop\002_rim.png,762c8ebb397cbde68a7786828ad0fb7e87125e8076fafd0263fab0c05445f21d,31,0.002542764678687009,0.0
handbag__02,2,1745334,zip,zipper,__RUNTIME_ROOT__\datasets\paco\broad_objects_test_holdout_v3_4percat\handbag__02\parts_crop\003_zip.png,372cb7172467082fb27f488884bb46b7177477104e1f1d65e4206333989cb705,30,0.001368376350681829,0.0
handbag__02,3,1745335,body,body,__RUNTIME_ROOT__\datasets\paco\broad_objects_test_holdout_v3_4percat\handbag__02\parts_crop\004_body.png,454a55ff5f05d8ad4de9dc801982c2e72861c7cb48e7756d7785d681c5545d94,7594,0.8893650175301909,0.0
handbag__03,0,1708383,zip,zipper,__RUNTIME_ROOT__\datasets\paco\broad_objects_test_holdout_v3_4percat\handbag__03\parts_crop\001_zip.png,e102565d49a5b52f1ea66fb9f04c2bb343e61abe1f4f32ee9221d0c7d01215a0,1309,0.3164104397568824,0.0
handbag__03,1,1708384,rim,opening,__RUNTIME_ROOT__\datasets\paco\broad_objects_test_holdout_v3_4percat\handbag__03\parts_crop\002_rim.png,ef71ce2b4cc2c93dff1d43ead43941e73ae846977b352118f576448340718a05,3222,0.3423704414587332,0.004957713619130942
handbag__03,2,1708385,body,body,__RUNTIME_ROOT__\datasets\paco\broad_objects_test_holdout_v3_4percat\handbag__03\parts_crop\003_body.png,deb724dd16d37b1b1dd782490e33b1b01a5bf4283c1e01efe48bb4ffefdc06ad,13295,0.516833611574847,0.47052571914411223
handbag__03,3,1708386,inner_body,inner,__RUNTIME_ROOT__\datasets\paco\broad_objects_test_holdout_v3_4percat\handbag__03\parts_crop\004_inner_body.png,0b16218667e9c5988ce8e03b2c72c9f82dbaa390dacae1993bd204e49ec1e4e6,1063,0.03767499556973241,0.0
handbag__04,0,1743570,handle,handle,__RUNTIME_ROOT__\datasets\paco\broad_objects_test_holdout_v3_4percat\handbag__04\parts_crop\001_handle.png,daabfbb5da91f3bd142a35d18b2b4d0557d3f4f5b720d9ce47ed87c05dd0c481,398,0.0,0.0
handbag__04,1,1743571,rim,opening,__RUNTIME_ROOT__\datasets\paco\broad_objects_test_holdout_v3_4percat\handbag__04\parts_crop\002_rim.png,eb03f51479fce4f2a9a96fd7ce7df4ed754e5673954df763d15c33573dba4aeb,439,0.02170582226762002,0.0
handbag__04,2,1743572,base,base,__RUNTIME_ROOT__\datasets\paco\broad_objects_test_holdout_v3_4percat\handbag__04\parts_crop\003_base.png,c382a0fba3cfdd6b5e981bbfcdd8eddfc685e67a2a93fdb0609483402a5393f0,3292,0.5073817414884001,0.0
handbag__04,3,1743573,body,body,__RUNTIME_ROOT__\datasets\paco\broad_objects_test_holdout_v3_4percat\handbag__04\parts_crop\004_body.png,b20674c442f5619d75aa0ca094fa737fc8c46b41539634cdf499a0087e705ce8,4758,0.5250649832900112,0.0
hat__01,0,1771925,logo,logo,__RUNTIME_ROOT__\datasets\paco\broad_objects_test_holdout_v3_4percat\hat__01\parts_crop\001_logo.png,f6d70f6daabe118e092d938332a2ff4ba1d11a0746507e5620da28c4b5f4e7c4,62,0.7605633802816901,0.7605633802816901
hat__01,1,1771926,visor,visor,__RUNTIME_ROOT__\datasets\paco\broad_objects_test_holdout_v3_4percat\hat__01\parts_crop\002_visor.png,545d3cc47a88f24ccb94443c17bfc7a4b4e36a9209f98f18d362c2409105ab71,250,0.7042801556420234,0.0
hat__01,2,1771927,strap,band,__RUNTIME_ROOT__\datasets\paco\broad_objects_test_holdout_v3_4percat\hat__01\parts_crop\003_strap.png,a355a6daae405a28477d525dbca26105776202563f575e77fd43e9ce9806b6ad,297,0.09545454545454546,0.09545454545454546
hat__02,0,1702120,rim,rim,__RUNTIME_ROOT__\datasets\paco\broad_objects_test_holdout_v3_4percat\hat__02\parts_crop\001_rim.png,0b414cf4703364c6d0c5f4c43daa30c442613c5341d177b150f84035880f8230,1064,0.3513761467889908,0.0
hat__02,1,1702121,visor,visor,__RUNTIME_ROOT__\datasets\paco\broad_objects_test_holdout_v3_4percat\hat__02\parts_crop\002_visor.png,64bc4fa1c0619174bdfb6d8c0623b2ef6886937179d559ef35d34be0baf86eb6,10056,0.2811165193205523,0.0
hat__03,0,1759243,rim,rim,__RUNTIME_ROOT__\datasets\paco\broad_objects_test_holdout_v3_4percat\hat__03\parts_crop\001_rim.png,9fdeabb82b2848f5434a35077ecb062399ec79fb3e9ebbe2dd3df64982b4fdc6,613,0.0898876404494382,0.0
hat__03,1,1759244,visor,visor,__RUNTIME_ROOT__\datasets\paco\broad_objects_test_holdout_v3_4percat\hat__03\parts_crop\002_visor.png,710e9131e1345c2e4584e67ae507932a5eeaa273c08595b30408341eb6a3b10d,3659,0.43987587276958884,0.43987587276958884
hat__04,0,1751897,rim,rim,__RUNTIME_ROOT__\datasets\paco\broad_objects_test_holdout_v3_4percat\hat__04\parts_crop\001_rim.png,a10cfb290d12cabd3cefc855dc592f79bc42845d5f63d4981041a5c9af0388f9,1067,0.07227802794134626,0.0
hat__04,1,1751898,visor,visor,__RUNTIME_ROOT__\datasets\paco\broad_objects_test_holdout_v3_4percat\hat__04\parts_crop\002_visor.png,a43eb776913c03fe3da6b37ed7dc8b055e22bf55f0d2f12e1e17a65606179c39,1795,0.21518531845987765,0.0
helmet__01,0,1769052,rim,rim,__RUNTIME_ROOT__\datasets\paco\broad_objects_test_holdout_v3_4percat\helmet__01\parts_crop\001_rim.png,6f79ab28a887a86279100bd004323611ffb50d15d90fad4100595c4422fbe74c,1809,0.11700059176599882,0.11700059176599882
helmet__01,1,1769053,visor,visor,__RUNTIME_ROOT__\datasets\paco\broad_objects_test_holdout_v3_4percat\helmet__01\parts_crop\002_visor.png,cc9339ebafed36928bf2ce41d35ae4c606e0f6ffec3c70ba96b4a18bb7b21a9b,10066,0.8590354143215863,0.0
helmet__02,0,1717077,logo,logo,__RUNTIME_ROOT__\datasets\paco\broad_objects_test_holdout_v3_4percat\helmet__02\parts_crop\001_logo.png,897a40f85950293acc0cf8e25f9ed3a49cbf1ed49f68300bc2c27aad7459857e,383,0.8981723237597912,0.35767790262172283
helmet__02,1,1717078,inner_side,inner_lining,__RUNTIME_ROOT__\datasets\paco\broad_objects_test_holdout_v3_4percat\helmet__02\parts_crop\002_inner_side.png,b8656453bffc88a5637ff88a8572b4ec81c5b25742d0b0539a5636f737702717,409,0.5254582484725051,0.0
helmet__03,0,1709856,visor,visor,__RUNTIME_ROOT__\datasets\paco\broad_objects_test_holdout_v3_4percat\helmet__03\parts_crop\001_visor.png,4580733f87e94039519950a67efc8a6d26cde536af9935fa55cfd1f0eac96a6c,3457,0.2693623639191291,0.0
helmet__03,1,1709857,inner_side,inner_lining,__RUNTIME_ROOT__\datasets\paco\broad_objects_test_holdout_v3_4percat\helmet__03\parts_crop\002_inner_side.png,9b80d2a5cf2ca49a4bd5a6968f91a0cbe07fa7bbd638815e68731028e83d1c6e,4527,0.23571141748092625,0.0
helmet__04,0,1717793,strap,band,__RUNTIME_ROOT__\datasets\paco\broad_objects_test_holdout_v3_4percat\helmet__04\parts_crop\001_strap.png,a9396c4123489e4f797abc608cf8a07f46d8a1fbdb3f18694bfe248a30ea8416,3289,0.5349287348231568,0.5349287348231568
helmet__04,1,1717794,inner_side,inner_lining,__RUNTIME_ROOT__\datasets\paco\broad_objects_test_holdout_v3_4percat\helmet__04\parts_crop\002_inner_side.png,12b65dc31065e85065e231beb2d2aaa43d6aa7897eeebb5d0e26a0e0464d22f4,1610,0.25577464788732396,0.0
jar__01,0,1699613,lid,lid,__RUNTIME_ROOT__\datasets\paco\broad_objects_test_holdout_v3_4percat\jar__01\parts_crop\001_lid.png,2a784e213564c8c3bdb199b65fa7dec6955fc2a034b98a8627cd90c3ae557322,6932,0.9582212151253363,0.9510334304341795
jar__01,1,1699614,body,body,__RUNTIME_ROOT__\datasets\paco\broad_objects_test_holdout_v3_4percat\jar__01\parts_crop\002_body.png,b8f0b19aeca4ae8f1f896586c3fefd3e9e1ab35c4338a4a7e847c7a9efe20fd4,17164,0.7001981342359449,0.7001981342359449
jar__01,2,1699615,text,label,__RUNTIME_ROOT__\datasets\paco\broad_objects_test_holdout_v3_4percat\jar__01\parts_crop\003_text.png,1b6b85002c7d52729ccf3412bd199aa2d48dde6cad7b7633b89599d5013d1ae7,654,0.18472727272727274,0.12323100370128456
jar__01,3,1699616,sticker,label,__RUNTIME_ROOT__\datasets\paco\broad_objects_test_holdout_v3_4percat\jar__01\parts_crop\004_sticker.png,c51d3f4ee6a3a94de8ab9e45541457b847310fa33d8d2dd72bbaa08160ada330,11147,0.48170075349838537,0.48170075349838537
jar__02,0,1713410,rim,rim,__RUNTIME_ROOT__\datasets\paco\broad_objects_test_holdout_v3_4percat\jar__02\parts_crop\001_rim.png,d7533cf31e0973bb6205bab9fe61acb06d756a910ee5b949ea54ffb801e20029,494,0.0982080521293926,0.0
jar__02,1,1713411,body,body,__RUNTIME_ROOT__\datasets\paco\broad_objects_test_holdout_v3_4percat\jar__02\parts_crop\002_body.png,7dd8b9acd76967cff47dfdb419cee07e58cef88ac0d68786aee584f5e51c3b72,13611,0.9475247524752475,0.9475247524752475
jar__02,2,1713412,sticker,label,__RUNTIME_ROOT__\datasets\paco\broad_objects_test_holdout_v3_4percat\jar__02\parts_crop\003_sticker.png,5d4391e90b2986a5d61648674d653463552aac4b2c5e535e93600ca0702e367e,3228,0.9428223844282239,0.941301703163017
jar__02,3,1713413,text,label,__RUNTIME_ROOT__\datasets\paco\broad_objects_test_holdout_v3_4percat\jar__02\parts_crop\004_text.png,1831b16c2560c87f6f287a9f3bf0bf24b9105b4075492edbbaf0d8c310a2ff48,808,0.4601366742596811,0.4601366742596811
jar__03,0,1693517,lid,lid,__RUNTIME_ROOT__\datasets\paco\broad_objects_test_holdout_v3_4percat\jar__03\parts_crop\001_lid.png,dd0f84be0f92a1242bead194e4c273f75e033cdd5184b9a0515312f5f436c847,6942,0.9549921663580686,0.0
jar__03,1,1693518,body,body,__RUNTIME_ROOT__\datasets\paco\broad_objects_test_holdout_v3_4percat\jar__03\parts_crop\002_body.png,ed1abf70d1c69f12207aa2fc80e92267b62cbce712e42638932cb18c62430ae8,4986,0.8622777147181233,0.33347289093573373
jar__03,2,1693519,text,label,__RUNTIME_ROOT__\datasets\paco\broad_objects_test_holdout_v3_4percat\jar__03\parts_crop\003_text.png,78243decad69bace1cbf11db60a8d90b1214aee5e002598c7658cb561ea8b541,353,0.330188679245283,0.0
jar__03,3,1693520,sticker,label,__RUNTIME_ROOT__\datasets\paco\broad_objects_test_holdout_v3_4percat\jar__03\parts_crop\004_sticker.png,0543ad79407161bac9c5b0d1af4b90b3e09d0e72de038ead2f4affa904e64d8b,1133,0.9109947643979057,0.0
jar__04,0,1712949,lid,lid,__RUNTIME_ROOT__\datasets\paco\broad_objects_test_holdout_v3_4percat\jar__04\parts_crop\001_lid.png,c0ae957c6433f226a9a3c73417f21171b2ea2cfc1e3b115ec11c7cfbdaf1944c,5648,0.8890864995957963,0.8890864995957963
jar__04,1,1712950,body,body,__RUNTIME_ROOT__\datasets\paco\broad_objects_test_holdout_v3_4percat\jar__04\parts_crop\002_body.png,683e2f165d1af025cc61f0eb906fbee523da8d39926d988cf42422fc2221f2ab,10160,0.9071155916609572,0.6347305389221557
jar__04,2,1712951,sticker,label,__RUNTIME_ROOT__\datasets\paco\broad_objects_test_holdout_v3_4percat\jar__04\parts_crop\003_sticker.png,b5b31828bbbe1c4eb9f71ab300346a0ecc0fed391e6cd7f3dd5576e9532dd957,1620,0.268389662027833,0.0
jar__04,3,1712952,text,label,__RUNTIME_ROOT__\datasets\paco\broad_objects_test_holdout_v3_4percat\jar__04\parts_crop\004_text.png,23b4fb6744fced37dc4000e2886f7830182cd04b234ae13daf7735bc420c90d6,298,0.04937044400265076,0.0
kettle__01,0,1753852,spout,spout,__RUNTIME_ROOT__\datasets\paco\broad_objects_test_holdout_v3_4percat\kettle__01\parts_crop\001_spout.png,294beea349238601a15c52fd8eab411f7e9e548e40a611fafee17c74b9401999,511,0.1506849315068493,0.0
kettle__01,1,1753853,lid,lid,__RUNTIME_ROOT__\datasets\paco\broad_objects_test_holdout_v3_4percat\kettle__01\parts_crop\002_lid.png,121f1fc5bca93eece2aa402e5e456956231794872306ad29c2f140ab8e429e92,1172,0.11106848263955496,0.0
kettle__01,2,1753854,handle,handle,__RUNTIME_ROOT__\datasets\paco\broad_objects_test_holdout_v3_4percat\kettle__01\parts_crop\003_handle.png,37d4a5d2998f20510171bf76bf0548bf99a5d90271416438b63a5148ff0878d7,1619,0.03787094547964113,0.0
kettle__01,3,1753855,base,base,__RUNTIME_ROOT__\datasets\paco\broad_objects_test_holdout_v3_4percat\kettle__01\parts_crop\004_base.png,2633605a1495be78afb034866a489cb8f42f27ee8ebde6160ad4e91ffff0aee8,1580,0.12759755524212507,0.0
kettle__01,4,1753856,body,body,__RUNTIME_ROOT__\datasets\paco\broad_objects_test_holdout_v3_4percat\kettle__01\parts_crop\005_body.png,865aa6b11c46c7f2e95a950de62db971c59917504ecf3d367c71443347f06bf6,5707,0.5373390557939914,0.5373390557939914
kettle__02,0,1749074,lid,lid,__RUNTIME_ROOT__\datasets\paco\broad_objects_test_holdout_v3_4percat\kettle__02\parts_crop\001_lid.png,d5a4d131abeb6fc6d02ee1be96647219a168b14e298b3d66211db58d287a998b,858,0.8391608391608392,0.8391608391608392
kettle__02,1,1749075,handle,handle,__RUNTIME_ROOT__\datasets\paco\broad_objects_test_holdout_v3_4percat\kettle__02\parts_crop\002_handle.png,b95c2182ad40c0298d557bf946f3c59208fa4d2444c5aa11dd0857bc2ede7bdf,855,0.3982102908277405,0.0
kettle__02,2,1749076,base,base,__RUNTIME_ROOT__\datasets\paco\broad_objects_test_holdout_v3_4percat\kettle__02\parts_crop\003_base.png,1c0546ddaea22e78529bbfbd724707a2c563e3758208fade57dffac5b2c24e18,341,0.03995580924323329,0.0
kettle__02,3,1749077,body,body,__RUNTIME_ROOT__\datasets\paco\broad_objects_test_holdout_v3_4percat\kettle__02\parts_crop\004_body.png,1c4721eea017e38cba5a6efab1f1b54b3faf5e6e65dde7f802a4ca631ecdfed0,1128,0.24261083743842365,0.21026894865525672
kettle__02,4,1749078,cable,cable,__RUNTIME_ROOT__\datasets\paco\broad_objects_test_holdout_v3_4percat\kettle__02\parts_crop\005_cable.png,c49623c256dc1d29d362eb4d3ba65bb6f8546273c3c2e89aba5d4cdb4f384424,9,0.0,0.0
kettle__03,0,1747533,handle,handle,__RUNTIME_ROOT__\datasets\paco\broad_objects_test_holdout_v3_4percat\kettle__03\parts_crop\001_handle.png,f26da847aa2848fcb60514822be1882150403b45eef1fadc15aef8db7013fa25,975,0.8182616330114135,0.8182616330114135
kettle__03,1,1747534,lid,lid,__RUNTIME_ROOT__\datasets\paco\broad_objects_test_holdout_v3_4percat\kettle__03\parts_crop\002_lid.png,9d97806a02eef9b4a4eae3d2e226d9f6490e797ea8091da2b19a3caf458b34d3,461,0.040021344717182494,0.0
kettle__03,2,1747535,body,body,__RUNTIME_ROOT__\datasets\paco\broad_objects_test_holdout_v3_4percat\kettle__03\parts_crop\003_body.png,2e74d4af0624b852150fea176b3e89afce57280cad513dc9c01dfdd861017740,9167,0.8075491759702286,0.8075491759702286
kettle__03,3,1747536,base,base,__RUNTIME_ROOT__\datasets\paco\broad_objects_test_holdout_v3_4percat\kettle__03\parts_crop\004_base.png,eb50d664a8b63e316b2967f9b0c78ea55759f61ab5d4508101f2002c61957b71,818,0.5855646100116414,0.5855646100116414
kettle__04,0,1699711,spout,spout,__RUNTIME_ROOT__\datasets\paco\broad_objects_test_holdout_v3_4percat\kettle__04\parts_crop\001_spout.png,3e2b1283ad9afffb52282a97eda698f5a748afc59a54d8de480d5e206e0e2320,120,0.375,0.0
kettle__04,1,1699712,lid,lid,__RUNTIME_ROOT__\datasets\paco\broad_objects_test_holdout_v3_4percat\kettle__04\parts_crop\002_lid.png,f579cf4f1c1209ab97ff9a81bd00eda8f5ca057c1d7d79669931701d46ca53e9,705,0.12907801418439716,0.0
kettle__04,2,1699713,handle,handle,__RUNTIME_ROOT__\datasets\paco\broad_objects_test_holdout_v3_4percat\kettle__04\parts_crop\003_handle.png,4ef16b0c8533b0c21ab70704e19d1f5567f69d643f37e5fb868e3e5788a62565,980,0.6653306613226453,0.0
kettle__04,3,1699714,body,body,__RUNTIME_ROOT__\datasets\paco\broad_objects_test_holdout_v3_4percat\kettle__04\parts_crop\004_body.png,be9da675ae80a0989f8eae54c70fb0d4482dba32343ce043cc54b5f2f0131687,4500,0.6557524782216881,0.6557524782216881
knife__01,0,1719332,blade,blade,__RUNTIME_ROOT__\datasets\paco\broad_objects_test_holdout_v3_4percat\knife__01\parts_crop\001_blade.png,7a3f7897b55dbb00527c52c7619e567f42a6cdcb7b36ead91d310d119715e4e7,10054,0.5839089405584201,0.0
knife__01,1,1719333,handle,handle,__RUNTIME_ROOT__\datasets\paco\broad_objects_test_holdout_v3_4percat\knife__01\parts_crop\002_handle.png,7f4c4eed82f99e66a194967880fb76f058929d248fd3c5fc5bb735242a39cdff,7803,0.0,0.0
knife__02,0,1751054,handle,handle,__RUNTIME_ROOT__\datasets\paco\broad_objects_test_holdout_v3_4percat\knife__02\parts_crop\001_handle.png,d6b1e2948e0321efa6624e47f6a75cc003dbe2551f57cacacb8033b6ce3d6156,12509,0.0005775756263085698,0.0005775756263085698
knife__02,1,1751055,blade,blade,__RUNTIME_ROOT__\datasets\paco\broad_objects_test_holdout_v3_4percat\knife__02\parts_crop\002_blade.png,ab35b28d6e6b4d09c8552ecd818df57019fffe2fe2813aa7e1251bdef900f372,4026,0.0011813885859687386,0.0
knife__03,0,1702452,blade,blade,__RUNTIME_ROOT__\datasets\paco\broad_objects_test_holdout_v3_4percat\knife__03\parts_crop\001_blade.png,5807d351c3b96e880f97765cdabf0d56ce8fb7f8ff53c083f27ec87f4beb8870,8874,0.0,0.0
knife__03,1,1702453,handle,handle,__RUNTIME_ROOT__\datasets\paco\broad_objects_test_holdout_v3_4percat\knife__03\parts_crop\002_handle.png,6ac65eb46f27015ea3da8f37fd463235f10a4714ff46de9178d31ebeecb5cc11,4228,0.0,0.0
knife__04,0,1714041,handle,handle,__RUNTIME_ROOT__\datasets\paco\broad_objects_test_holdout_v3_4percat\knife__04\parts_crop\001_handle.png,2bfdc0ad625873fa38c434b1084bc8b0572b8028750e8ebab24092f2077eef32,10462,0.47632629777524244,0.47632629777524244
knife__04,1,1714042,blade,blade,__RUNTIME_ROOT__\datasets\paco\broad_objects_test_holdout_v3_4percat\knife__04\parts_crop\002_blade.png,50b2a0f5c8d553dcf0bc398592e06c36b391b8d178ddae2067a061b4857b27ba,5587,0.22318737812444603,0.22318737812444603
ladder__01,0,1740935,step,step,__RUNTIME_ROOT__\datasets\paco\broad_objects_test_holdout_v3_4percat\ladder__01\parts_crop\001_step.png,068b3d5f74915288b2fa637e537d90be92441317ac327f8ad65374eb1be4fe19,1970,0.17880384257824605,0.153515625
ladder__01,1,1740936,rail,rail,__RUNTIME_ROOT__\datasets\paco\broad_objects_test_holdout_v3_4percat\ladder__01\parts_crop\002_rail.png,d7e26d3875b3769e579a01ffbb63de6754c294caf8ee50d0df6985820d24ebe5,2313,0.3672931091328717,0.0
ladder__01,2,1740937,foot,foot,__RUNTIME_ROOT__\datasets\paco\broad_objects_test_holdout_v3_4percat\ladder__01\parts_crop\003_foot.png,90b0242fdfde08f2f73418b22fea9e0f67cdad54e386c4c3d97fb3f58c931adf,33,0.0,0.0
ladder__02,0,1687463,rail,rail,__RUNTIME_ROOT__\datasets\paco\broad_objects_test_holdout_v3_4percat\ladder__02\parts_crop\001_rail.png,b609efdc66e4e8fcae37f7b19470ea7bef62bd78743ae76a9890764e0d08ee5e,2661,0.01401643305944901,0.0
ladder__02,1,1687464,foot,foot,__RUNTIME_ROOT__\datasets\paco\broad_objects_test_holdout_v3_4percat\ladder__02\parts_crop\002_foot.png,4f82397f58ace8c4eca44c5f4e89fd4f05ce514372da149fae2330f3ff400641,198,0.003787878787878788,0.0
ladder__02,2,1687465,step,step,__RUNTIME_ROOT__\datasets\paco\broad_objects_test_holdout_v3_4percat\ladder__02\parts_crop\003_step.png,06aaca4d43a9ba14509adc3539e77a28b659837e2e871484d38ea063cc49fe1b,5761,0.0098941156049297,0.0098941156049297
ladder__03,0,1765616,step,step,__RUNTIME_ROOT__\datasets\paco\broad_objects_test_holdout_v3_4percat\ladder__03\parts_crop\001_step.png,a96dba0a300df6b621878951faad4a053039f9953983d98e0212d92c10170640,3582,0.0,0.0
ladder__03,1,1765617,rail,rail,__RUNTIME_ROOT__\datasets\paco\broad_objects_test_holdout_v3_4percat\ladder__03\parts_crop\002_rail.png,64627a55f7c5cf92b25d01035d63f70832cfa477e73e2fcaf0e61274a017cb84,524,0.06159420289855073,0.0
ladder__03,2,1765618,foot,foot,__RUNTIME_ROOT__\datasets\paco\broad_objects_test_holdout_v3_4percat\ladder__03\parts_crop\003_foot.png,e457185bc3ecd8fcab14ea1650acdaefcacdb1c94101b843a9ec5928037b16cc,80,0.24561403508771928,0.0
ladder__04,0,1697307,top_cap,top_cap,__RUNTIME_ROOT__\datasets\paco\broad_objects_test_holdout_v3_4percat\ladder__04\parts_crop\001_top_cap.png,312d89f85d4e069518f4f3d9fe27869bce081c89d8fbc11dc5694414b6621c68,29,0.1076923076923077,0.1076923076923077
ladder__04,1,1697308,rail,rail,__RUNTIME_ROOT__\datasets\paco\broad_objects_test_holdout_v3_4percat\ladder__04\parts_crop\002_rail.png,77acd92bf27d9f1ed5a95d4b4be3e281144ff537bc1cde7888911b9018f42af7,118,0.22631578947368422,0.0
ladder__04,2,1697309,step,step,__RUNTIME_ROOT__\datasets\paco\broad_objects_test_holdout_v3_4percat\ladder__04\parts_crop\003_step.png,f86f3685146bf43d3f01e15759aaa7d39a992008bd0070cde3bfd3246f24c327,79,0.14792899408284024,0.0
lamp__01,0,1735408,bulb,bulb,__RUNTIME_ROOT__\datasets\paco\broad_objects_test_holdout_v3_4percat\lamp__01\parts_crop\001_bulb.png,e86d9338411de03547967edcb15c6a22a49261f357b582118ab566348db29ac6,171,0.0,0.0
lamp__01,1,1735409,shade_inner_side,shade,__RUNTIME_ROOT__\datasets\paco\broad_objects_test_holdout_v3_4percat\lamp__01\parts_crop\002_shade_inner_side.png,a846de331ba0f8cbb107cfa788af627cb6c7a4e48e2b8cc3ae403e8e7ee46802,688,0.0,0.0
lamp__01,2,1735410,shade,shade,__RUNTIME_ROOT__\datasets\paco\broad_objects_test_holdout_v3_4percat\lamp__01\parts_crop\003_shade.png,0aa1b5d3c876ebba190d5629226eb3349c7e4c0c5ea8cd477d62199f2e7d5ecd,282,0.001054481546572935,0.0
lamp__01,3,1735411,shade_cap,shade,__RUNTIME_ROOT__\datasets\paco\broad_objects_test_holdout_v3_4percat\lamp__01\parts_crop\004_shade_cap.png,9b693c2dc0ca68b357505433911bcd94fa01b769ce10d48e88d420bd3897545f,30,0.0023166023166023165,0.0
lamp__01,4,1735412,cable,cable,__RUNTIME_ROOT__\datasets\paco\broad_objects_test_holdout_v3_4percat\lamp__01\parts_crop\005_cable.png,213d9f55b0b8da70c70d5a7e014aaaeb75b92fc24a2f8f5aaf3160e0bfb27ae1,266,0.00035323207347227127,0.0
lamp__02,0,1756624,shade_cap,shade,__RUNTIME_ROOT__\datasets\paco\broad_objects_test_holdout_v3_4percat\lamp__02\parts_crop\001_shade_cap.png,071bc0470f46fb75eedcaac0359f4ede47cd815f6556a476aaf140e3d2d2dbf3,976,0.8245948522402288,0.8245948522402288
lamp__02,1,1756625,shade,shade,__RUNTIME_ROOT__\datasets\paco\broad_objects_test_holdout_v3_4percat\lamp__02\parts_crop\002_shade.png,edf9e72f88c3b78a2621ff8717778a5b8ea00f7723bf4cd696e5be5ccd28d75d,3549,0.0,0.0
lamp__02,2,1756626,finial,finial,__RUNTIME_ROOT__\datasets\paco\broad_objects_test_holdout_v3_4percat\lamp__02\parts_crop\003_finial.png,cdb6054e16bf1cb17d22b07941ee50d6a1fa56727eb9012fbf201baec2773175,66,0.05130890052356021,0.0
lamp__02,3,1756627,pipe,rod,__RUNTIME_ROOT__\datasets\paco\broad_objects_test_holdout_v3_4percat\lamp__02\parts_crop\004_pipe.png,a6fdd0c10f78986f3e276325478c5d61cdd381bf54f130adeb4366adafb66bc8,145,0.1627384960718294,0.1627384960718294
lamp__02,4,1756628,base,base,__RUNTIME_ROOT__\datasets\paco\broad_objects_test_holdout_v3_4percat\lamp__02\parts_crop\005_base.png,113472cb51dbb8fc4bbeb11923f722e39f505277458595df1a83240ca4651589,637,0.6846747519294377,0.0
lamp__03,0,1728033,pipe,rod,__RUNTIME_ROOT__\datasets\paco\broad_objects_test_holdout_v3_4percat\lamp__03\parts_crop\001_pipe.png,267c0d2ac76273de13b1b3e5e6f1bb0487c41f35a450dbf199ce2688dfbf4b28,696,0.7087980173482032,0.7087980173482032
lamp__03,1,1728034,shade_inner_side,shade,__RUNTIME_ROOT__\datasets\paco\broad_objects_test_holdout_v3_4percat\lamp__03\parts_crop\002_shade_inner_side.png,c4792ecf59b2d62423a7035296fa49f12790c7bf959f2f8756fd84af9589a6c7,2884,0.414423740510697,0.40641627543035996
lamp__03,2,1728035,shade,shade,__RUNTIME_ROOT__\datasets\paco\broad_objects_test_holdout_v3_4percat\lamp__03\parts_crop\003_shade.png,f4f3f135e59a11f34ad06c82e5a98e5c8bc70ca52f13ad4b3b41d92744986147,4293,0.46629055007052184,0.46629055007052184
lamp__03,3,1728036,base,base,__RUNTIME_ROOT__\datasets\paco\broad_objects_test_holdout_v3_4percat\lamp__03\parts_crop\004_base.png,d374ac82f129cbf7766718273a86acbf51ac19a808abadfaa02d76ad9b08639c,1062,0.5069444444444444,0.5069444444444444
lamp__04,0,1740765,finial,finial,__RUNTIME_ROOT__\datasets\paco\broad_objects_test_holdout_v3_4percat\lamp__04\parts_crop\001_finial.png,ed490a475349af7eaf467780a53156d2ed3798ddc145650e862499fca536c6ee,124,0.002163981726376533,0.0007230657989877079
lamp__04,1,1740766,shade,shade,__RUNTIME_ROOT__\datasets\paco\broad_objects_test_holdout_v3_4percat\lamp__04\parts_crop\002_shade.png,8cc89e0a9fd652154403920e8a2b7a5ca1fbb41cfbe602d1c540b667c4c2cdf4,4134,0.9568448813234236,0.9568448813234236
lamp__04,2,1740767,pipe,rod,__RUNTIME_ROOT__\datasets\paco\broad_objects_test_holdout_v3_4percat\lamp__04\parts_crop\003_pipe.png,d1baf300fc12c69bd090f35097cd4ca0f49b5dbd2a75cea79b210d2f4be81940,172,0.0021168501270110076,0.0012909472325318702
lamp__04,3,1740768,base,base,__RUNTIME_ROOT__\datasets\paco\broad_objects_test_holdout_v3_4percat\lamp__04\parts_crop\004_base.png,565218e91aa937220e4756599bba662457791bd0320d78d49bbd880e668b2720,3472,0.2419291595869821,0.0
laptop_computer__01,0,1716388,logo,logo,__RUNTIME_ROOT__\datasets\paco\broad_objects_test_holdout_v3_4percat\laptop_computer__01\parts_crop\001_logo.png,ce539d991d9c47e92006bdecd555ac4d4f6433dbbab92a66f03da78e5cb471f4,123,0.006099072742599296,0.0
laptop_computer__01,1,1716389,touchpad,touchpad,__RUNTIME_ROOT__\datasets\paco\broad_objects_test_holdout_v3_4percat\laptop_computer__01\parts_crop\002_touchpad.png,8143a52e9337229285917949f9a59d64f8cea37216c84e0869e08fef4fe66767,626,0.6311605723370429,0.6311605723370429
laptop_computer__01,2,1716390,keyboard,keyboard,__RUNTIME_ROOT__\datasets\paco\broad_objects_test_holdout_v3_4percat\laptop_computer__01\parts_crop\003_keyboard.png,83fbf376a3066b07102bd3e19e2ce5bf05684c32f41f0c72f39093180e9d52b7,5621,0.9077005157389294,0.9077005157389294
laptop_computer__01,3,1716391,camera,camera,__RUNTIME_ROOT__\datasets\paco\broad_objects_test_holdout_v3_4percat\laptop_computer__01\parts_crop\004_camera.png,bcd7e3014c946c6d49d166f88a85a38544efe28ae07aea7a99b9cb37447d6643,30,0.0014875787177071453,0.0
laptop_computer__01,4,1716392,screen,screen,__RUNTIME_ROOT__\datasets\paco\broad_objects_test_holdout_v3_4percat\laptop_computer__01\parts_crop\005_screen.png,d216053706cc5b8f14c554fbc1cf7b9b093957e054fe7eaa9fb5b399f51f31c3,44177,0.979912683511661,0.979912683511661
laptop_computer__01,5,1716393,cable,cable,__RUNTIME_ROOT__\datasets\paco\broad_objects_test_holdout_v3_4percat\laptop_computer__01\parts_crop\006_cable.png,ff785ef911c964ef2cc7943a7ef8309402ade1d5735461490e5aae6f0f788a6b,23,0.00019815713861091845,0.0
laptop_computer__01,6,1716394,base_panel,base_panel,__RUNTIME_ROOT__\datasets\paco\broad_objects_test_holdout_v3_4percat\laptop_computer__01\parts_crop\007_base_panel.png,c5d1a50cf609ef1534cece6e15653d4c5f6c2ecaa442318ee1ff0329f9dc90b3,22610,0.7183669299918278,0.7183669299918278
laptop_computer__02,0,1701073,touchpad,touchpad,__RUNTIME_ROOT__\datasets\paco\broad_objects_test_holdout_v3_4percat\laptop_computer__02\parts_crop\001_touchpad.png,0da10a88f48f4af329ab1df32acc58d7e679441a4a371c7554ba29d6c469e6d8,945,0.08458452722063037,0.0
laptop_computer__02,1,1701074,keyboard,keyboard,__RUNTIME_ROOT__\datasets\paco\broad_objects_test_holdout_v3_4percat\laptop_computer__02\parts_crop\002_keyboard.png,e35e02c2d3f9a1ddedadd4f00f363716b800f3a68fea2a2208db18c58d754d42,5333,0.5714771953710007,0.5714771953710007
laptop_computer__02,2,1701075,base_panel,base_panel,__RUNTIME_ROOT__\datasets\paco\broad_objects_test_holdout_v3_4percat\laptop_computer__02\parts_crop\003_base_panel.png,926d83158f45da41ae995e63098a881a03c520117d1e0b879ba73f991173fa11,7376,0.43468761072398726,0.43468761072398726
laptop_computer__02,3,1701076,logo,logo,__RUNTIME_ROOT__\datasets\paco\broad_objects_test_holdout_v3_4percat\laptop_computer__02\parts_crop\004_logo.png,ddeadaba7ee996a9c287109fd82a20cc5496e25a564ae0009aba9269a0e68d66,88,0.006469636818114983,0.0
laptop_computer__02,4,1701077,camera,camera,__RUNTIME_ROOT__\datasets\paco\broad_objects_test_holdout_v3_4percat\laptop_computer__02\parts_crop\005_camera.png,cc79ed7e3286b82620f78381ccff41f1923bc61633ca8df7687f33df11937226,125,0.00918982502573151,0.0
laptop_computer__02,5,1701078,screen,screen,__RUNTIME_ROOT__\datasets\paco\broad_objects_test_holdout_v3_4percat\laptop_computer__02\parts_crop\006_screen.png,c19d92de7195ee1b6388111d456025f406f90582a3dd0ee8f5b2954f6c5ab882,25433,0.9635050741608119,0.9635050741608119
laptop_computer__03,0,1748892,logo,logo,__RUNTIME_ROOT__\datasets\paco\broad_objects_test_holdout_v3_4percat\laptop_computer__03\parts_crop\001_logo.png,53efc666ab2de80772691e2fbbb80932c806a86efee48be9646c80c37775580f,27,0.7575757575757576,0.7575757575757576
laptop_computer__03,1,1748893,touchpad,touchpad,__RUNTIME_ROOT__\datasets\paco\broad_objects_test_holdout_v3_4percat\laptop_computer__03\parts_crop\002_touchpad.png,ea97a2f65b9c85b2306f8acb7665237ddbe1babc71abe0e53ffff533dcc4de9c,758,0.8261851015801355,0.8261851015801355
laptop_computer__03,2,1748894,keyboard,keyboard,__RUNTIME_ROOT__\datasets\paco\broad_objects_test_holdout_v3_4percat\laptop_computer__03\parts_crop\003_keyboard.png,6b7decf869067b84a3444f1607da9e44c764c0cc952acd582a5cd9f876caaa2c,3093,0.9159848961611076,0.9159848961611076
laptop_computer__03,3,1748895,base_panel,base_panel,__RUNTIME_ROOT__\datasets\paco\broad_objects_test_holdout_v3_4percat\laptop_computer__03\parts_crop\004_base_panel.png,6461546b7a1a05faf454bc6b8ba94b7ae531e80fe4bd93f99cac037e3bdd5a92,3711,0.09080590238365494,0.0
laptop_computer__03,4,1748896,screen,screen,__RUNTIME_ROOT__\datasets\paco\broad_objects_test_holdout_v3_4percat\laptop_computer__03\parts_crop\005_screen.png,9e95ca7c21ddd180c481c0d3b2e3f9d2b0959c01b7ad26699c5bfae80a212009,11261,0.8120148008416165,0.8120148008416165
laptop_computer__03,5,1748897,camera,camera,__RUNTIME_ROOT__\datasets\paco\broad_objects_test_holdout_v3_4percat\laptop_computer__03\parts_crop\006_camera.png,0f6d9f03084c24d72e9518fae3438fc463ed048e23eb9c5a288337e3185c4c9a,6,0.00043750911477322444,0.0
laptop_computer__03,6,1748898,cable,cable,__RUNTIME_ROOT__\datasets\paco\broad_objects_test_holdout_v3_4percat\laptop_computer__03\parts_crop\007_cable.png,b8940a8a64ed792f9a40656ed09eee2ca0ee667a199d6c3c06046021ec35ebe1,15,0.0016177957532861476,0.0
laptop_computer__04,0,1747999,camera,camera,__RUNTIME_ROOT__\datasets\paco\broad_objects_test_holdout_v3_4percat\laptop_computer__04\parts_crop\001_camera.png,147c66ed5113cb7d1be3ad0bfdce7af38284d6a97f7881d076bcb3e8df675527,9,0.001104158998895841,0.0
laptop_computer__04,1,1748000,screen,screen,__RUNTIME_ROOT__\datasets\paco\broad_objects_test_holdout_v3_4percat\laptop_computer__04\parts_crop\002_screen.png,884d533c1f37f1dd6142df25edc07b2b2b6cbc407bd742e96cd3b2b4071224e6,8710,0.8092539254854595,0.8092539254854595
laptop_computer__04,2,1748001,cable,cable,__RUNTIME_ROOT__\datasets\paco\broad_objects_test_holdout_v3_4percat\laptop_computer__04\parts_crop\003_cable.png,1943043b775ab6187b7382bec67368222e4b4ebfc48f8eb85cd064ce5de4f6a8,3,0.0,0.0
laptop_computer__04,3,1748002,touchpad,touchpad,__RUNTIME_ROOT__\datasets\paco\broad_objects_test_holdout_v3_4percat\laptop_computer__04\parts_crop\004_touchpad.png,d22a6d7efbe06628d0791904874e05fcf5181ed6c72114cf6a74c297050aa334,617,0.14596640643482375,0.0
laptop_computer__04,4,1748003,keyboard,keyboard,__RUNTIME_ROOT__\datasets\paco\broad_objects_test_holdout_v3_4percat\laptop_computer__04\parts_crop\005_keyboard.png,eea7802e876ba3d8d6245574a7aa3e9a5dbd8fa3a7d6e27bb574d98068c7dcc6,1817,0.5348837209302325,0.4285038997872843
laptop_computer__04,5,1748004,logo,logo,__RUNTIME_ROOT__\datasets\paco\broad_objects_test_holdout_v3_4percat\laptop_computer__04\parts_crop\006_logo.png,f26b568e8d90eac0b5a80ba86e554f25d75df10c8f0764cacb33e8849d249c94,22,0.5945945945945946,0.5945945945945946
laptop_computer__04,6,1748005,base_panel,base_panel,__RUNTIME_ROOT__\datasets\paco\broad_objects_test_holdout_v3_4percat\laptop_computer__04\parts_crop\007_base_panel.png,62aed1450c2f78ff097147eed3e6df90b75df99df2948805553486fcb9803af4,3451,0.3820706555033694,0.0
microwave_oven__01,0,1718129,top,top_panel,__RUNTIME_ROOT__\datasets\paco\broad_objects_test_holdout_v3_4percat\microwave_oven__01\parts_crop\001_top.png,68e2d61d212b4afb32256548b8d35a69598e74839c7abe24732d0bc7a604faaa,15032,0.8743609331844626,0.8743609331844626
microwave_oven__01,1,1718130,side,side_panel,__RUNTIME_ROOT__\datasets\paco\broad_objects_test_holdout_v3_4percat\microwave_oven__01\parts_crop\002_side.png,c1b20cd3bcca0df399013a41a6a39249154faf45ac27b37743b5dbeb2c845c9a,6196,0.8090921035343581,0.8090921035343581
microwave_oven__01,2,1718131,time_display,screen,__RUNTIME_ROOT__\datasets\paco\broad_objects_test_holdout_v3_4percat\microwave_oven__01\parts_crop\003_time_display.png,bf37790f7fd3f4122868ebca9ba2f4bfc65d7c0f2085bd9e5648cb11a58ee22f,190,0.004061738424045491,0.0
microwave_oven__01,3,1718132,dial,dial,__RUNTIME_ROOT__\datasets\paco\broad_objects_test_holdout_v3_4percat\microwave_oven__01\parts_crop\004_dial.png,66375622162c8a5d152213e87fdfde4ffa708cad8e0bdcafca782fe55b0caaf7,352,0.21424223980523432,0.0
microwave_oven__01,4,1718133,control_panel,control_panel,__RUNTIME_ROOT__\datasets\paco\broad_objects_test_holdout_v3_4percat\microwave_oven__01\parts_crop\005_control_panel.png,6028ffb309db685ade05900eb8938298a1d203fc0d4ed36076bbace9b3deb117,1049,0.45968448729184924,0.45968448729184924
microwave_oven__02,0,1691100,door_handle,handle,__RUNTIME_ROOT__\datasets\paco\broad_objects_test_holdout_v3_4percat\microwave_oven__02\parts_crop\001_door_handle.png,19e190b5345ccf18b3f8022e26cb652e66c9c9555d5ca8c66ab38044efacea02,379,0.5483028720626631,0.5483028720626631
microwave_oven__02,1,1691101,time_display,screen,__RUNTIME_ROOT__\datasets\paco\broad_objects_test_holdout_v3_4percat\microwave_oven__02\parts_crop\002_time_display.png,6aca12b9eb06eb503f28a8119402e5f41c2853e029ef494a2954c585704c4178,51,0.0,0.0
microwave_oven__02,2,1691102,control_panel,control_panel,__RUNTIME_ROOT__\datasets\paco\broad_objects_test_holdout_v3_4percat\microwave_oven__02\parts_crop\003_control_panel.png,7b30e6156a9c65f73ee703b196ef24c9f88b02a1545a4e146648078c1115195f,626,0.0,0.0
microwave_oven__02,3,1691103,top,top_panel,__RUNTIME_ROOT__\datasets\paco\broad_objects_test_holdout_v3_4percat\microwave_oven__02\parts_crop\004_top.png,a84acfb1ed2ce4dcf6bfe924c69a08236a2d81b6e74c7c1ba15acc96f68f75a9,6425,0.13240542469664526,0.0
microwave_oven__02,4,1691104,side,side_panel,__RUNTIME_ROOT__\datasets\paco\broad_objects_test_holdout_v3_4percat\microwave_oven__02\parts_crop\005_side.png,93290c2fd952e17eb9e49dac234844b49d7b8bf163877522ebff67d821dc8a1e,7591,0.7744321733694519,0.0
microwave_oven__03,0,1763945,time_display,screen,__RUNTIME_ROOT__\datasets\paco\broad_objects_test_holdout_v3_4percat\microwave_oven__03\parts_crop\001_time_display.png,9812b415d52d7d9a94de1facd49d46a563ce09c1560f5b8e7f7e0756c594237c,116,0.8362068965517241,0.8362068965517241
microwave_oven__03,1,1763946,door_handle,handle,__RUNTIME_ROOT__\datasets\paco\broad_objects_test_holdout_v3_4percat\microwave_oven__03\parts_crop\002_door_handle.png,78fbb6b354b7aece803b30742fc3cc470f208c73318a9174952ea43a72fa6cc2,387,0.06131970673183737,0.0
microwave_oven__03,2,1763947,control_panel,control_panel,__RUNTIME_ROOT__\datasets\paco\broad_objects_test_holdout_v3_4percat\microwave_oven__03\parts_crop\003_control_panel.png,11671e7793eee979d9b17b1c356170e21ecfed118bc4c3018dc3427edffb8a62,1142,0.8317836010143702,0.6662468513853904
microwave_oven__03,3,1763948,top,top_panel,__RUNTIME_ROOT__\datasets\paco\broad_objects_test_holdout_v3_4percat\microwave_oven__03\parts_crop\004_top.png,719936ef0a6805cfc0d7ee8bde3e6ca8747093a1d02e843a7e6011fc4c541966,1070,0.10623229461756374,0.10623229461756374
microwave_oven__03,4,1763949,side,side_panel,__RUNTIME_ROOT__\datasets\paco\broad_objects_test_holdout_v3_4percat\microwave_oven__03\parts_crop\005_side.png,4e43339cb1316713af248fc30b44ede78689e9e32195336cd17b153cd09dabab,2446,0.2654572380599778,0.006337888690829867
microwave_oven__04,0,1704577,top,top_panel,__RUNTIME_ROOT__\datasets\paco\broad_objects_test_holdout_v3_4percat\microwave_oven__04\parts_crop\001_top.png,2f1f2e5c000679a60ef767181a88116a8102d467ffec0e2b1d9a35efc12033dd,1592,0.02982257455643639,0.02982257455643639
microwave_oven__04,1,1704578,side,side_panel,__RUNTIME_ROOT__\datasets\paco\broad_objects_test_holdout_v3_4percat\microwave_oven__04\parts_crop\002_side.png,759722acdcfff2b6ab21dc82a42c4096be5161ed3d41784fbad3a38eff30e707,1621,0.0,0.0
microwave_oven__04,2,1704579,time_display,screen,__RUNTIME_ROOT__\datasets\paco\broad_objects_test_holdout_v3_4percat\microwave_oven__04\parts_crop\003_time_display.png,7d2d0346ad232e35c995bbd95e3133467df8196b1808e8ca2af2e0ce9b566587,78,0.8846153846153846,0.0
microwave_oven__04,3,1704580,dial,dial,__RUNTIME_ROOT__\datasets\paco\broad_objects_test_holdout_v3_4percat\microwave_oven__04\parts_crop\004_dial.png,f83ebe71cdf59e2579a09ae9d980c1a060a3b119ef5663f7c98e58633c0f8554,301,0.2683937823834197,0.0
microwave_oven__04,4,1704581,control_panel,control_panel,__RUNTIME_ROOT__\datasets\paco\broad_objects_test_holdout_v3_4percat\microwave_oven__04\parts_crop\005_control_panel.png,23db6751931579b21443b2c09d28c241a46c8df4edc77c20fda0b6b3d37d90ad,562,0.5137614678899083,0.0
mouse_computer_equipment__01,0,1698733,scroll_wheel,wheel,__RUNTIME_ROOT__\datasets\paco\broad_objects_test_holdout_v3_4percat\mouse_computer_equipment__01\parts_crop\001_scroll_wheel.png,411161fa07bdc631dae67ed0418411eaaa90bf3ee356f60983bb10f921ea0ad8,875,0.8297389330306469,0.0
mouse_computer_equipment__01,1,1698734,right_button,button,__RUNTIME_ROOT__\datasets\paco\broad_objects_test_holdout_v3_4percat\mouse_computer_equipment__01\parts_crop\002_right_button.png,6920e4988bd08d273ab59815e5013d81c269a6676c529cbf2d1681425591321d,5803,0.13615442419688145,0.00015304560759106213
mouse_computer_equipment__01,2,1698735,left_button,button,__RUNTIME_ROOT__\datasets\paco\broad_objects_test_holdout_v3_4percat\mouse_computer_equipment__01\parts_crop\003_left_button.png,6a66fbfca6a712dc2df0272dd2e239569d0a62287ff1124592125617b8c70e75,13548,0.6013913269618361,0.15902470600927823
mouse_computer_equipment__01,3,1698736,logo,logo,__RUNTIME_ROOT__\datasets\paco\broad_objects_test_holdout_v3_4percat\mouse_computer_equipment__01\parts_crop\004_logo.png,8b508f53b214cacf3eb05d7463b38f18fc15ea011dd20c2fb362805479a5789b,39,0.0009159444796730783,0.0
mouse_computer_equipment__01,4,1698737,body,body,__RUNTIME_ROOT__\datasets\paco\broad_objects_test_holdout_v3_4percat\mouse_computer_equipment__01\parts_crop\005_body.png,fcdf5a3b58ee6e85a105682b02909facff48af24d6f9c3da92573a910cd75f94,23180,0.49936157599525743,0.49936157599525743
mouse_computer_equipment__02,0,1769510,logo,logo,__RUNTIME_ROOT__\datasets\paco\broad_objects_test_holdout_v3_4percat\mouse_computer_equipment__02\parts_crop\001_logo.png,7e370897e296d87144015ef03c69eb3766d9b413fa974b10cd9bcb453c1c0c7e,1412,0.6216407355021216,0.0
mouse_computer_equipment__02,1,1769511,left_button,button,__RUNTIME_ROOT__\datasets\paco\broad_objects_test_holdout_v3_4percat\mouse_computer_equipment__02\parts_crop\002_left_button.png,210ce3c587667a32c85f041355a228b19c678a542a9ad92ca2f43cc8bed8b9a0,9163,0.8639881267889324,0.0
mouse_computer_equipment__02,2,1769512,scroll_wheel,wheel,__RUNTIME_ROOT__\datasets\paco\broad_objects_test_holdout_v3_4percat\mouse_computer_equipment__02\parts_crop\003_scroll_wheel.png,99c14d917fda70d7bbbcdcf0e34784379c982a865c9238794c92640bbbb8b0b0,1508,0.00046796761664092844,0.0
mouse_computer_equipment__02,3,1769513,right_button,button,__RUNTIME_ROOT__\datasets\paco\broad_objects_test_holdout_v3_4percat\mouse_computer_equipment__02\parts_crop\004_right_button.png,6eaa27900a7911a0c7d2f28964302d49b6183104cf7a70b347914679362f4176,10409,0.5156672339573531,0.0
mouse_computer_equipment__02,4,1769514,body,body,__RUNTIME_ROOT__\datasets\paco\broad_objects_test_holdout_v3_4percat\mouse_computer_equipment__02\parts_crop\005_body.png,adf2ab77ae8a253230421bb3b5bfdc41de934efcbb3a08063c67ed4366673728,23742,0.5321131037879099,0.0
mouse_computer_equipment__03,0,1763862,left_button,button,__RUNTIME_ROOT__\datasets\paco\broad_objects_test_holdout_v3_4percat\mouse_computer_equipment__03\parts_crop\001_left_button.png,606e3dfadf6481fbdf63e9303cd896853ce7a0936fb589538aa41a6f752043c1,1128,0.10153646797482414,0.0
mouse_computer_equipment__03,1,1763863,right_button,button,__RUNTIME_ROOT__\datasets\paco\broad_objects_test_holdout_v3_4percat\mouse_computer_equipment__03\parts_crop\002_right_button.png,88b9ca86bdc604a226e956214804fe24602b8c0b464b9d1876536cfffc552dd2,1122,0.5715077605321508,0.0
mouse_computer_equipment__03,2,1763864,side_button,button,__RUNTIME_ROOT__\datasets\paco\broad_objects_test_holdout_v3_4percat\mouse_computer_equipment__03\parts_crop\003_side_button.png,d56c1fe5cde2268b91f684d42527a0543e3b5b90ed410ef2a087edc1400fbac3,1287,0.8355886332882273,0.8355886332882273
mouse_computer_equipment__03,3,1763865,body,body,__RUNTIME_ROOT__\datasets\paco\broad_objects_test_holdout_v3_4percat\mouse_computer_equipment__03\parts_crop\004_body.png,7ab5984b6945f04ea09c53e3307d4e04ca2c1d1a58bfe7c541e1e08b9a420570,18135,0.8214929512364224,0.8214929512364224
mouse_computer_equipment__03,4,1763866,wire,cable,__RUNTIME_ROOT__\datasets\paco\broad_objects_test_holdout_v3_4percat\mouse_computer_equipment__03\parts_crop\005_wire.png,3db4957516110a855b7eb2a167daa9133c7fb164f80d4e7f84c5ba6007c2ff59,1454,0.0003158559696778269,0.0
mouse_computer_equipment__04,0,1699740,scroll_wheel,wheel,__RUNTIME_ROOT__\datasets\paco\broad_objects_test_holdout_v3_4percat\mouse_computer_equipment__04\parts_crop\001_scroll_wheel.png,50f9aed5fe85a736fccbb10f4d4809bdfa8613cd314187a27ecbec51b73c8b60,305,0.676737160120846,0.0
mouse_computer_equipment__04,1,1699741,left_button,button,__RUNTIME_ROOT__\datasets\paco\broad_objects_test_holdout_v3_4percat\mouse_computer_equipment__04\parts_crop\002_left_button.png,5a9ad5b7bccdc451679f1ab33f9ec0fd525dabeb27e95f83a311032338a69b5d,3936,0.3585817154315924,0.0013924806047344342
mouse_computer_equipment__04,2,1699742,right_button,button,__RUNTIME_ROOT__\datasets\paco\broad_objects_test_holdout_v3_4percat\mouse_computer_equipment__04\parts_crop\003_right_button.png,0dc3639b953911281ac6f26af7118ec094ec2047d303b7eab951e6b113e0cb6d,3190,0.23186010092222029,0.007615700058582308
mouse_computer_equipment__04,3,1699743,wire,cable,__RUNTIME_ROOT__\datasets\paco\broad_objects_test_holdout_v3_4percat\mouse_computer_equipment__04\parts_crop\004_wire.png,33c50d2917cd6a92a5b7c55f13347a172dc5267cc1b044d0f6f0c5547eb93ec3,2,0.0001823320266204759,0.0
mouse_computer_equipment__04,4,1699744,body,body,__RUNTIME_ROOT__\datasets\paco\broad_objects_test_holdout_v3_4percat\mouse_computer_equipment__04\parts_crop\005_body.png,92a8773c6c42e238a0ec29ce74b177932e8004664282f63b1c3ad68ef69419e3,16440,0.6258864561131564,0.6258864561131564
mug__01,0,1752380,rim,rim,__RUNTIME_ROOT__\datasets\paco\broad_objects_test_holdout_v3_4percat\mug__01\parts_crop\001_rim.png,b1fcf206feddea1863f51c77e232c34dbbec117583cf1d240bb0ff6ac6ccb65b,441,0.24232365145228216,0.24232365145228216
mug__01,1,1752381,handle,handle,__RUNTIME_ROOT__\datasets\paco\broad_objects_test_holdout_v3_4percat\mug__01\parts_crop\002_handle.png,c21bfe3bda2fe5675758d6524516034a333514a73b0b47b8f00f4fae4c4ebe23,777,0.04187128456965624,0.0
mug__01,2,1752382,body,body,__RUNTIME_ROOT__\datasets\paco\broad_objects_test_holdout_v3_4percat\mug__01\parts_crop\003_body.png,82d505ee637ec7115bced5279ab4623e1e126349ea91f0afd90c33a18a82705e,6724,0.6673411092597,0.6673411092597
mug__01,3,1752383,inner_body,inner,__RUNTIME_ROOT__\datasets\paco\broad_objects_test_holdout_v3_4percat\mug__01\parts_crop\004_inner_body.png,16308eb7e9201f5c12a1bf68cf28e416c877098b5755210d703fa6da2e399806,762,0.7215909090909091,0.0
mug__01,4,1752384,drawing,label,__RUNTIME_ROOT__\datasets\paco\broad_objects_test_holdout_v3_4percat\mug__01\parts_crop\005_drawing.png,90bb5d3371d1cdb4c4ba7aee066c3bb626dd3999994c09a1bccd05ca22e74deb,2870,0.44528301886792454,0.44528301886792454
mug__01,5,1752385,text,label,__RUNTIME_ROOT__\datasets\paco\broad_objects_test_holdout_v3_4percat\mug__01\parts_crop\006_text.png,cb131979174fd2ade3518249e2fcb2b704df6a8fdace91b6f809f08b635f0daa,1161,0.3089311859443631,0.3089311859443631
mug__02,0,1725226,drawing,label,__RUNTIME_ROOT__\datasets\paco\broad_objects_test_holdout_v3_4percat\mug__02\parts_crop\001_drawing.png,397212a40fe76a66e4a80b97db9cfdb12fb4c97a7b348cd35ad75f125786a204,2583,0.21075019334880124,0.21075019334880124
mug__02,1,1725227,rim,rim,__RUNTIME_ROOT__\datasets\paco\broad_objects_test_holdout_v3_4percat\mug__02\parts_crop\002_rim.png,f70b1ddbae96d3567f4431a52804dcdecdcdf55371f741097e96e859fcf97bcc,2329,0.1568428184281843,0.0
mug__02,2,1725228,inner_body,inner,__RUNTIME_ROOT__\datasets\paco\broad_objects_test_holdout_v3_4percat\mug__02\parts_crop\003_inner_body.png,229fba350e6255be1c7199da8704cbabd7b261859c52c5fdf080c4260b5c0607,9354,0.8243958370082907,0.8243958370082907
mug__02,3,1725229,body,body,__RUNTIME_ROOT__\datasets\paco\broad_objects_test_holdout_v3_4percat\mug__02\parts_crop\004_body.png,674916c6a711efc5de510c5bc09700b61943f6d93420199aa9a73da0e6dee91a,9479,0.5706820682068207,0.32019432863590946
mug__02,4,1725230,handle,handle,__RUNTIME_ROOT__\datasets\paco\broad_objects_test_holdout_v3_4percat\mug__02\parts_crop\005_handle.png,68344c56e4a1a34d0a69dfbf26e27b64e2539004921d7b9216fa92ccd9fd9e42,2532,0.6733353239773067,0.6733353239773067
mug__03,0,1703023,rim,rim,__RUNTIME_ROOT__\datasets\paco\broad_objects_test_holdout_v3_4percat\mug__03\parts_crop\001_rim.png,7c1669d05a84b1aa2508e68e411d06f0f46bea9aba8d2220e902aa1193bf70bf,1007,0.05513363093512667,0.0
mug__03,1,1703024,handle,handle,__RUNTIME_ROOT__\datasets\paco\broad_objects_test_holdout_v3_4percat\mug__03\parts_crop\002_handle.png,edd6ac2a72ec92a34d19dac51e42a542ff639eccac34c6ada69decf278b276c0,1498,0.9190444591904446,0.9190444591904446
mug__03,2,1703025,drawing,label,__RUNTIME_ROOT__\datasets\paco\broad_objects_test_holdout_v3_4percat\mug__03\parts_crop\003_drawing.png,daac5370ad20eaee694ee00d7fe27490edfb3d5f826c1eddd79cf2de550bf5d5,3225,0.2469003520587785,0.2469003520587785
mug__03,3,1703026,text,label,__RUNTIME_ROOT__\datasets\paco\broad_objects_test_holdout_v3_4percat\mug__03\parts_crop\004_text.png,1b3481ce55c65b73f1f2ae624c615aa2c0cb4d0a72dcce774c94965b9d2c0680,1192,0.9331662489557226,0.9331662489557226
mug__03,4,1703027,body,body,__RUNTIME_ROOT__\datasets\paco\broad_objects_test_holdout_v3_4percat\mug__03\parts_crop\005_body.png,f6664592b934bd8c320966b798f0fc9445c2ce4c27cd3ada0add8735638800d3,8438,0.47729106628242074,0.47729106628242074
mug__04,0,1758721,bottom,bottom,__RUNTIME_ROOT__\datasets\paco\broad_objects_test_holdout_v3_4percat\mug__04\parts_crop\001_bottom.png,71134f43749502b2d5bc5941591aa7ade767a161f292da9f02986be5e3a4b899,1267,0.9105058365758755,0.0
mug__04,1,1758722,rim,rim,__RUNTIME_ROOT__\datasets\paco\broad_objects_test_holdout_v3_4percat\mug__04\parts_crop\002_rim.png,6901dcbb997fe9a93b9ff535f0c1598ad127f827a1ce57f439f7e392b4681363,1441,0.165860400829302,0.0
mug__04,2,1758723,handle,handle,__RUNTIME_ROOT__\datasets\paco\broad_objects_test_holdout_v3_4percat\mug__04\parts_crop\003_handle.png,f6cd57df325f72252e7f6bd10a78cdb76b7323af67bb3d2e9d1e119f36716714,1283,0.0,0.0
mug__04,3,1758724,inner_body,inner,__RUNTIME_ROOT__\datasets\paco\broad_objects_test_holdout_v3_4percat\mug__04\parts_crop\004_inner_body.png,e3dd55d66ab0113fd010b4473ff243d29e947e17c80e49c3cf660c1394d5338a,7040,0.7656334964654704,0.7656334964654704
mug__04,4,1758725,body,body,__RUNTIME_ROOT__\datasets\paco\broad_objects_test_holdout_v3_4percat\mug__04\parts_crop\005_body.png,a452984cca6b9a277fee808ac8aaf9cf2c2c67c0aa2998b80edd8556cf26fe21,3881,0.2330401073505293,0.2330401073505293
pan_for_cooking__01,0,1753041,handle,handle,__RUNTIME_ROOT__\datasets\paco\broad_objects_test_holdout_v3_4percat\pan_for_cooking__01\parts_crop\001_handle.png,9778564c4b1e4c4c08c4ec8525ad15e1a853d9b5ee7bc83e690d9d7400db3039,3598,0.0,0.0
pan_for_cooking__01,1,1753042,rim,rim,__RUNTIME_ROOT__\datasets\paco\broad_objects_test_holdout_v3_4percat\pan_for_cooking__01\parts_crop\002_rim.png,972ebd15eb4fb5d6dd59ba86f39bd9d4ae84c6d082cb1ed5efc82d4e0862df9e,2737,0.0,0.0
pan_for_cooking__01,2,1753043,inner_side,pan_body,__RUNTIME_ROOT__\datasets\paco\broad_objects_test_holdout_v3_4percat\pan_for_cooking__01\parts_crop\003_inner_side.png,f5308d27e93a9895996fd5d3e15ad000de7c0b16e03a690959e3207b89fac810,631,0.0,0.0
pan_for_cooking__01,3,1753044,side,side,__RUNTIME_ROOT__\datasets\paco\broad_objects_test_holdout_v3_4percat\pan_for_cooking__01\parts_crop\004_side.png,54a255efbb7414411e0af758d50bc286e90668c3f0d43675f0605a98a326703f,1080,0.0,0.0
pan_for_cooking__02,0,1758911,base,pan_body,__RUNTIME_ROOT__\datasets\paco\broad_objects_test_holdout_v3_4percat\pan_for_cooking__02\parts_crop\001_base.png,b20145d39bafbf8c12c90eb89ab3133730c3453eba17b44e3b8346a3ed6e2efc,3359,0.34778399311531843,0.0
pan_for_cooking__02,1,1758912,rim,rim,__RUNTIME_ROOT__\datasets\paco\broad_objects_test_holdout_v3_4percat\pan_for_cooking__02\parts_crop\002_rim.png,7f16380d2424c1fec49be673a0ba5c95a5e6ddeda09239f3a5b59e6a12db12e7,2354,0.2145868465430017,0.0
pan_for_cooking__02,2,1758913,inner_side,pan_body,__RUNTIME_ROOT__\datasets\paco\broad_objects_test_holdout_v3_4percat\pan_for_cooking__02\parts_crop\003_inner_side.png,2a7c97dc60ddba711c0cdd97263d05c820d1a46e7d73d20b28a0ca852963e1ca,525,0.027644673792849243,0.0
pan_for_cooking__02,3,1758914,side,side,__RUNTIME_ROOT__\datasets\paco\broad_objects_test_holdout_v3_4percat\pan_for_cooking__02\parts_crop\004_side.png,bb1dba6bfe894f339fa90c3f2d327406f4db9d15f206695dca20490187438908,314,0.0294149571258005,0.0
pan_for_cooking__03,0,1767915,rim,rim,__RUNTIME_ROOT__\datasets\paco\broad_objects_test_holdout_v3_4percat\pan_for_cooking__03\parts_crop\001_rim.png,71d8a046184ef98a5b556b45c5c2cf34ba365d9576721183adae3beadfeb5056,603,0.0,0.0
pan_for_cooking__03,1,1767916,side,side,__RUNTIME_ROOT__\datasets\paco\broad_objects_test_holdout_v3_4percat\pan_for_cooking__03\parts_crop\002_side.png,4ca2518621524e092bff4d727e4e84b1fbfb1d50c49f138fcec65c1a23ffe0b3,764,0.0,0.0
pan_for_cooking__03,2,1767917,base,pan_body,__RUNTIME_ROOT__\datasets\paco\broad_objects_test_holdout_v3_4percat\pan_for_cooking__03\parts_crop\003_base.png,35b3a4159d9e90ccce95d8a0e53abd9930b2491ba8e58af0445cbdb7f541171a,547,0.0,0.0
pan_for_cooking__03,3,1767918,inner_side,pan_body,__RUNTIME_ROOT__\datasets\paco\broad_objects_test_holdout_v3_4percat\pan_for_cooking__03\parts_crop\004_inner_side.png,5e73b2943933d6ee841b8182e37264fc7e4c0ceabc71157e3e303d7b9db3bcaa,838,0.0006568863586599519,0.0
pan_for_cooking__04,0,1749511,rim,rim,__RUNTIME_ROOT__\datasets\paco\broad_objects_test_holdout_v3_4percat\pan_for_cooking__04\parts_crop\001_rim.png,2d7ac390bff339df60354281b9fe0b962932669bf39021456b0ca493459c2a94,404,0.12450748620961387,0.0
pan_for_cooking__04,1,1749512,handle,handle,__RUNTIME_ROOT__\datasets\paco\broad_objects_test_holdout_v3_4percat\pan_for_cooking__04\parts_crop\002_handle.png,5b47fd8b3de352f65b707446a75468b4cec51a340559c57fef27ca399e212dd7,516,0.0,0.0
pan_for_cooking__04,2,1749513,side,side,__RUNTIME_ROOT__\datasets\paco\broad_objects_test_holdout_v3_4percat\pan_for_cooking__04\parts_crop\003_side.png,fbb2cd87039f18ad7d9bea0054c676fa7e1c51575c15ef00553c22831759c22a,562,0.0,0.0
pan_for_cooking__04,3,1749514,inner_side,pan_body,__RUNTIME_ROOT__\datasets\paco\broad_objects_test_holdout_v3_4percat\pan_for_cooking__04\parts_crop\004_inner_side.png,34c241929284f2624f0e4119cae48ad2c9645e9cffe209bd76a22e8b558c8099,1376,0.510705289672544,0.0
pen__01,0,1721481,barrel,barrel,__RUNTIME_ROOT__\datasets\paco\broad_objects_test_holdout_v3_4percat\pen__01\parts_crop\001_barrel.png,f94ad4d6cf785305af15b599aba887ec19eb37bdeed58163bab1f85df83e9420,745,0.45239749826268244,0.0
pen__01,1,1721482,tip,tip,__RUNTIME_ROOT__\datasets\paco\broad_objects_test_holdout_v3_4percat\pen__01\parts_crop\002_tip.png,fd95bbecca0a1022114e90d931b076dec3bee0e5efae4fbdef2af9ea38edbf69,129,0.072,0.0
pen__01,2,1721483,clip,clip,__RUNTIME_ROOT__\datasets\paco\broad_objects_test_holdout_v3_4percat\pen__01\parts_crop\003_clip.png,61441221d1949d4401af04908fa107472c984fc0c10bb4a9177bdea6c5bf524b,212,0.04426559356136821,0.0
pen__01,3,1721484,cap,cap,__RUNTIME_ROOT__\datasets\paco\broad_objects_test_holdout_v3_4percat\pen__01\parts_crop\004_cap.png,fb1fcdbe298c8fa590588b95ade3992cbe887bc4705b4208f0500f3819db6e96,442,0.30915750915750917,0.0
pen__02,0,1705560,barrel,barrel,__RUNTIME_ROOT__\datasets\paco\broad_objects_test_holdout_v3_4percat\pen__02\parts_crop\001_barrel.png,1f161bdfe96ce1cb0c76c7103646de717be6c041ecbba63511f1cc80a5be886d,2748,0.0,0.0
pen__02,1,1705561,tip,tip,__RUNTIME_ROOT__\datasets\paco\broad_objects_test_holdout_v3_4percat\pen__02\parts_crop\002_tip.png,6ed927f5210bc9c3fd853acfbcb59b45bac606be3418c4add8821f204a0224ea,299,0.0,0.0
pen__03,0,1751013,tip,tip,__RUNTIME_ROOT__\datasets\paco\broad_objects_test_holdout_v3_4percat\pen__03\parts_crop\001_tip.png,3f5a25fff50f17c55a9ef6c58a18907f8abba0b024251a8fc72bec017243044c,31,0.0,0.0
pen__03,1,1751014,barrel,barrel,__RUNTIME_ROOT__\datasets\paco\broad_objects_test_holdout_v3_4percat\pen__03\parts_crop\002_barrel.png,55480c4e3472732d97709ece7020d3152dd19ff64fdb1366cc7fa523717c6e94,613,0.7664756446991404,0.0
plastic_bag__01,0,1763299,handle,handle,__RUNTIME_ROOT__\datasets\paco\broad_objects_test_holdout_v3_4percat\plastic_bag__01\parts_crop\001_handle.png,c5a79c4facb3e6e0a3dedbcee779a473960cbe05ff0e1788351f635b2d3ec124,1693,0.1388116747741487,0.0
plastic_bag__01,1,1763300,body,body,__RUNTIME_ROOT__\datasets\paco\broad_objects_test_holdout_v3_4percat\plastic_bag__01\parts_crop\002_body.png,e23f5fa790ee2c77a22407d764bf53ca1042116d5f859279fdaefd3ed9c8512a,2013,0.07603503184713375,0.06445542225358739
plastic_bag__01,2,1763301,inner_body,inner,__RUNTIME_ROOT__\datasets\paco\broad_objects_test_holdout_v3_4percat\plastic_bag__01\parts_crop\003_inner_body.png,5a2cce6dff9cbdcd637162cc4dc37fad5d5b7ffefa761113fa62329b7a52e728,25445,0.8452034153691612,0.0
plastic_bag__02,0,1733061,text,label,__RUNTIME_ROOT__\datasets\paco\broad_objects_test_holdout_v3_4percat\plastic_bag__02\parts_crop\001_text.png,ee409f6fd80a0e52635dc304e68fcb493f6f69657bfa1ac3eda25910860ea0dc,3923,0.39574360273625536,0.39574360273625536
plastic_bag__02,1,1733062,body,body,__RUNTIME_ROOT__\datasets\paco\broad_objects_test_holdout_v3_4percat\plastic_bag__02\parts_crop\002_body.png,2b3f4791e84198be1c350a9ce6089ebc1cffa511dd97c193adb8d94b6fe8e697,25199,0.9613089509143408,0.9613089509143408
plastic_bag__02,2,1733063,handle,handle,__RUNTIME_ROOT__\datasets\paco\broad_objects_test_holdout_v3_4percat\plastic_bag__02\parts_crop\003_handle.png,6e80f2e6cb6c0e9e580d45d224fcf0f80dd4b5e1cd590f052a6711e2822e8468,255,0.0024288688410825814,0.0
plastic_bag__03,0,1704630,handle,handle,__RUNTIME_ROOT__\datasets\paco\broad_objects_test_holdout_v3_4percat\plastic_bag__03\parts_crop\001_handle.png,d2b997d99d9c8ac215c5f607d527cfd2059bf6bceea3bb0bfca9438747f0096c,6258,0.5298539335440335,0.5059936908517351
plastic_bag__03,1,1704631,inner_body,inner,__RUNTIME_ROOT__\datasets\paco\broad_objects_test_holdout_v3_4percat\plastic_bag__03\parts_crop\002_inner_body.png,dba657d81e782c4000a290d83caece5595c728d3465155284676cce6019ca8ef,4765,0.4074931412894376,0.0
plastic_bag__03,2,1704632,body,body,__RUNTIME_ROOT__\datasets\paco\broad_objects_test_holdout_v3_4percat\plastic_bag__03\parts_crop\003_body.png,64a86e92676567a60d076c347220ee2cbe47c8febfcfdd0a161340e13b22cefe,279,0.040787623066104076,0.023592999313658203
plastic_bag__04,0,1760064,text,label,__RUNTIME_ROOT__\datasets\paco\broad_objects_test_holdout_v3_4percat\plastic_bag__04\parts_crop\001_text.png,73f0980896305bef4320dc20d0758bc4d668a6360268ec10c3db57a2abd9a7b4,3374,0.6399848254931715,0.12003556609365738
plastic_bag__04,1,1760065,body,body,__RUNTIME_ROOT__\datasets\paco\broad_objects_test_holdout_v3_4percat\plastic_bag__04\parts_crop\002_body.png,d96321442e804ce9412cbfa8d897ab95ccd6da45702b9cedd13600b01f2a5c39,5252,0.5436263379824846,0.5436263379824846
plastic_bag__04,2,1760066,inner_body,inner,__RUNTIME_ROOT__\datasets\paco\broad_objects_test_holdout_v3_4percat\plastic_bag__04\parts_crop\003_inner_body.png,5991f8dc5cc917f67e009b03e39837006a80130b7b893b6808bbb53ef87de0d9,114,0.008787346221441126,0.0
plate__01,0,1747745,bottom,bottom,__RUNTIME_ROOT__\datasets\paco\broad_objects_test_holdout_v3_4percat\plate__01\parts_crop\001_bottom.png,a959cf3cd44c1b2a76ea30949566b562a116a005ddd055160c5b795d82bafe4d,4102,0.13062034739454095,0.0
plate__01,1,1747746,inner_wall,inner_wall,__RUNTIME_ROOT__\datasets\paco\broad_objects_test_holdout_v3_4percat\plate__01\parts_crop\002_inner_wall.png,16752272eeb451d11c2225f70606f224987540d33023c166122509f0046f28df,22163,0.5500227505403253,0.0
plate__01,2,1747747,rim,rim,__RUNTIME_ROOT__\datasets\paco\broad_objects_test_holdout_v3_4percat\plate__01\parts_crop\003_rim.png,9f6732f1242249639dfd3ab8d4515855b9b1a82ad844c2a71a780c6c2b3b78dc,9211,0.2636236467583019,0.0
plate__01,3,1747748,body,body,__RUNTIME_ROOT__\datasets\paco\broad_objects_test_holdout_v3_4percat\plate__01\parts_crop\004_body.png,4f4545b2a8e094172bfc5cc16e00ac25b9d7b93b3898871a9b198f9d681d0507,1328,0.042083333333333334,0.0
plate__02,0,1733726,bottom,bottom,__RUNTIME_ROOT__\datasets\paco\broad_objects_test_holdout_v3_4percat\plate__02\parts_crop\001_bottom.png,f7aa8867a257575d01b322168ce8c147a0a21badce48e4b4cefeba5c878a9be1,8011,0.01625194401244168,0.0
plate__02,1,1733727,inner_wall,inner_wall,__RUNTIME_ROOT__\datasets\paco\broad_objects_test_holdout_v3_4percat\plate__02\parts_crop\002_inner_wall.png,8c80e3d6ff90508f46f5bd011bef8416f54879bd0d9c748d90ae462ffe4d8033,10261,0.3918771579138652,0.0
plate__02,2,1733728,rim,rim,__RUNTIME_ROOT__\datasets\paco\broad_objects_test_holdout_v3_4percat\plate__02\parts_crop\003_rim.png,cb7d495a44db485dfc051263bcc2556cc5dae4d47da18b5c40899c67edf5a8af,4712,0.23294756578522013,0.0
plate__02,3,1733729,body,body,__RUNTIME_ROOT__\datasets\paco\broad_objects_test_holdout_v3_4percat\plate__02\parts_crop\004_body.png,ea72e446773919bbcc2d1e1f772c5220bc80ee4e5720ee1bea40c97f4a75b931,6895,0.4773390796607813,0.0
plate__03,0,1711841,rim,rim,__RUNTIME_ROOT__\datasets\paco\broad_objects_test_holdout_v3_4percat\plate__03\parts_crop\001_rim.png,6d0b605871fe7b002828176eac280112e2cea7ed95ae38a863f3312d050c4f0c,5215,0.006946282085207727,0.0
plate__03,1,1711842,inner_wall,inner_wall,__RUNTIME_ROOT__\datasets\paco\broad_objects_test_holdout_v3_4percat\plate__03\parts_crop\002_inner_wall.png,23a239fc32c76f8617e82b3cbab57354f512f1799b83b0b3970461ba8dec2633,467,0.0,0.0
plate__03,2,1711843,body,body,__RUNTIME_ROOT__\datasets\paco\broad_objects_test_holdout_v3_4percat\plate__03\parts_crop\003_body.png,ee8e3b780c7135ba264d02a6cf4a4c30c1322971c452667bc0c0af574cf1ff42,14931,0.0,0.0
plate__03,3,1711844,base,base,__RUNTIME_ROOT__\datasets\paco\broad_objects_test_holdout_v3_4percat\plate__03\parts_crop\004_base.png,7f85a14cca006b0fad66b5e37dbdd34c7624fd6a37f063be3b839c25370d4ebc,1862,0.0,0.0
plate__04,0,1699829,rim,rim,__RUNTIME_ROOT__\datasets\paco\broad_objects_test_holdout_v3_4percat\plate__04\parts_crop\001_rim.png,3747a5dd1703eb6609914157d9e6039d1f8641c9a8bb02afc429a0ecd690bd34,1646,0.20540314719398411,0.0
plate__04,1,1699830,inner_wall,inner_wall,__RUNTIME_ROOT__\datasets\paco\broad_objects_test_holdout_v3_4percat\plate__04\parts_crop\002_inner_wall.png,17b5efd94912ded6772a014151845312426c648dbf40d71a254b8b534e7d4b0c,4926,0.5578178021404333,0.0
plate__04,2,1699831,bottom,bottom,__RUNTIME_ROOT__\datasets\paco\broad_objects_test_holdout_v3_4percat\plate__04\parts_crop\003_bottom.png,bad53120a85f78da92c296f48d36c33aa73a75fbf6f08ed2adfc74abb682675b,464,0.09719058466211086,0.0
plate__04,3,1699832,body,body,__RUNTIME_ROOT__\datasets\paco\broad_objects_test_holdout_v3_4percat\plate__04\parts_crop\004_body.png,c84651f9c5dcedc09f6e1c2f62b01031f666909d7e3e0e8b04db7d1115b28d68,1012,0.12763564801799268,0.12763564801799268
remote_control__01,0,1715182,button,button,__RUNTIME_ROOT__\datasets\paco\broad_objects_test_holdout_v3_4percat\remote_control__01\parts_crop\001_button.png,5c023954843defd3404a363024e1cdb655137ebe963d773d62fe2acaa80a94d1,2053,0.037919299951385516,0.037919299951385516
remote_control__01,1,1715183,logo,logo,__RUNTIME_ROOT__\datasets\paco\broad_objects_test_holdout_v3_4percat\remote_control__01\parts_crop\002_logo.png,38aee40ac6089955c5cd767ff6f4ba457335fc1a0996a0a34f1753a683feaa91,109,0.6090909090909091,0.0
remote_control__01,2,1715184,back,back_panel,__RUNTIME_ROOT__\datasets\paco\broad_objects_test_holdout_v3_4percat\remote_control__01\parts_crop\003_back.png,d2cc3aa69b240b361d0945bec51cb6ba86025da3550e4fb893a01c3578033f54,1160,0.8641975308641975,0.0
remote_control__02,0,1751829,button,button,__RUNTIME_ROOT__\datasets\paco\broad_objects_test_holdout_v3_4percat\remote_control__02\parts_crop\001_button.png,6289fbf22047d85f5a668701a2f70569d857d8a1f69c78cb7c8fa271dcec150f,5041,0.09085498908946638,0.06364894247875075
remote_control__02,1,1751830,back,back_panel,__RUNTIME_ROOT__\datasets\paco\broad_objects_test_holdout_v3_4percat\remote_control__02\parts_crop\002_back.png,7e8bd5975f09cc456332b0a303c025714c45b5d0a24e911b7e3b5379eb45d78e,5713,0.4695707070707071,0.0
remote_control__02,2,1751831,logo,logo,__RUNTIME_ROOT__\datasets\paco\broad_objects_test_holdout_v3_4percat\remote_control__02\parts_crop\003_logo.png,0fe1dbbbc971061d96741d3c259077453119f69e477f8cb916eed016948fb423,98,0.8484848484848485,0.8484848484848485
remote_control__03,0,1770513,button,button,__RUNTIME_ROOT__\datasets\paco\broad_objects_test_holdout_v3_4percat\remote_control__03\parts_crop\001_button.png,e51af9a13dc0da3117d656c992f1e3d13a97f3101fcc981e547d5c2183ae9603,20528,0.03702260327357755,0.026630963972736125
remote_control__03,1,1770514,back,back_panel,__RUNTIME_ROOT__\datasets\paco\broad_objects_test_holdout_v3_4percat\remote_control__03\parts_crop\002_back.png,092d35c7ed1f5d9bd37f28c5a5dbeb48b764c8b9bcef11463041d3e4dced6c9d,22446,0.0019021498717154738,0.0
remote_control__04,0,1771014,button,button,__RUNTIME_ROOT__\datasets\paco\broad_objects_test_holdout_v3_4percat\remote_control__04\parts_crop\001_button.png,900d8601afe5b993b0733934b6431c0fbed0b436a406563fc18462771474bb43,7829,0.19399111931261173,0.15475507174666006
remote_control__04,1,1771015,back,back_panel,__RUNTIME_ROOT__\datasets\paco\broad_objects_test_holdout_v3_4percat\remote_control__04\parts_crop\002_back.png,5f338ebf6579d74f605e2bb436e8dee67ca5db72a6e4f68c1aa0b892d1839a64,21937,0.6408681243179889,0.0020753642060714578
scarf__01,0,1728556,fringes,fringe,__RUNTIME_ROOT__\datasets\paco\broad_objects_test_holdout_v3_4percat\scarf__01\parts_crop\001_fringes.png,421d6da6963e665ec769e62492f72d4145bc3b16bc337e15573cc65668321e7d,1067,0.0,0.0
scarf__01,1,1728557,body,body,__RUNTIME_ROOT__\datasets\paco\broad_objects_test_holdout_v3_4percat\scarf__01\parts_crop\002_body.png,dda45f525e50eb99e01fe70982c38467df799f3d20f9aed70f454bf6c9c3d97c,17712,0.0,0.0
scarf__02,0,1765395,fringes,fringe,__RUNTIME_ROOT__\datasets\paco\broad_objects_test_holdout_v3_4percat\scarf__02\parts_crop\001_fringes.png,d56b2690339675b1be2ac5e4186159f3971abbcc1ff7154e8f36f3ec3029401c,877,0.0683863227354529,0.0
scarf__02,1,1765396,body,body,__RUNTIME_ROOT__\datasets\paco\broad_objects_test_holdout_v3_4percat\scarf__02\parts_crop\002_body.png,4685c800aa359a43e09630bae3b127cdf35e50496f7f55f7d7e2c2fc46977f6d,24469,0.4255769465586715,0.0
scarf__03,0,1749410,fringes,fringe,__RUNTIME_ROOT__\datasets\paco\broad_objects_test_holdout_v3_4percat\scarf__03\parts_crop\001_fringes.png,59d35192211da3a0f328f5b2333c7cefe377b310a75cac4be09e6875a4e14cbb,1798,0.5270203272186416,0.0
scarf__03,1,1749411,body,body,__RUNTIME_ROOT__\datasets\paco\broad_objects_test_holdout_v3_4percat\scarf__03\parts_crop\002_body.png,3993b489f6c4deeb8218b5016d65715c1c51e765c24dc99f969bd5decbd56b1c,16020,0.8642720043871676,0.0
scarf__04,0,1740192,body,body,__RUNTIME_ROOT__\datasets\paco\broad_objects_test_holdout_v3_4percat\scarf__04\parts_crop\001_body.png,fc0c76ffe8958324143150a1c20bc33c8aea1738e110811ba69142c1d19864ca,10350,0.4463374723264992,0.4463374723264992
scarf__04,1,1740193,fringes,fringe,__RUNTIME_ROOT__\datasets\paco\broad_objects_test_holdout_v3_4percat\scarf__04\parts_crop\002_fringes.png,10e856f42ba7f6e4d13bd3cd973b2b4d9b64fbee0a5be60d86ea00017114637e,3559,0.0,0.0
scissors__01,0,1701971,finger_hole,finger_hole,__RUNTIME_ROOT__\datasets\paco\broad_objects_test_holdout_v3_4percat\scissors__01\parts_crop\001_finger_hole.png,e57f98bfcbb963dceba37a5f731417e09393dec8673c0a31e04638a40057f3cb,14887,0.5043761579249985,0.5043761579249985
scissors__01,1,1701972,handle,handle,__RUNTIME_ROOT__\datasets\paco\broad_objects_test_holdout_v3_4percat\scissors__01\parts_crop\002_handle.png,768d90440f340292e5322bf517d35c1c92bd16326ab9b0cdb3b54f832f0e8806,13252,0.49408077994428967,0.0
scissors__01,2,1701973,screw,pivot,__RUNTIME_ROOT__\datasets\paco\broad_objects_test_holdout_v3_4percat\scissors__01\parts_crop\003_screw.png,ef778ec1fa684538b5c5bf50300c9736a9b960bed6c386ab30e1d80b8b2ef298,3871,0.8717439841230464,0.8717439841230464
scissors__01,3,1701974,blade,blade,__RUNTIME_ROOT__\datasets\paco\broad_objects_test_holdout_v3_4percat\scissors__01\parts_crop\004_blade.png,055abf7c09fa496fc361f3db8d675bad9f8e9b9e3df65640375ffdf17db34da7,28687,0.62295475697259,0.62295475697259
scissors__02,0,1716904,screw,pivot,__RUNTIME_ROOT__\datasets\paco\broad_objects_test_holdout_v3_4percat\scissors__02\parts_crop\001_screw.png,dfe242fc79421ff4151161b50867292c43f92ceb07118650c8d6de11dcf9a756,845,0.8526543878656555,0.8526543878656555
scissors__02,1,1716905,blade,blade,__RUNTIME_ROOT__\datasets\paco\broad_objects_test_holdout_v3_4percat\scissors__02\parts_crop\002_blade.png,6e50ecdf22aafecc64710856b972c4debf4e9ad2228296159a3e8960f3ac43cb,34413,0.8707898365176285,0.8707898365176285
scissors__02,2,1716906,handle,handle,__RUNTIME_ROOT__\datasets\paco\broad_objects_test_holdout_v3_4percat\scissors__02\parts_crop\003_handle.png,bfff6b0c6c6973413a5a5123e183d5117fb0cd43a228486ede6ed722c6fff9c8,9125,0.3436689067802249,0.3436689067802249
scissors__02,3,1716907,finger_hole,finger_hole,__RUNTIME_ROOT__\datasets\paco\broad_objects_test_holdout_v3_4percat\scissors__02\parts_crop\004_finger_hole.png,c19bb1817724ae11d19d4cd651ac575023e4cffc9289d4a4c86138999ce33968,15868,0.49531868021829467,0.0
scissors__03,0,1694561,screw,pivot,__RUNTIME_ROOT__\datasets\paco\broad_objects_test_holdout_v3_4percat\scissors__03\parts_crop\001_screw.png,11ae270ab954aa16bbb0d1291625b6defbee4751637dcddd39e180e33eefadc2,175,0.6125461254612546,0.6125461254612546
scissors__03,1,1694562,blade,blade,__RUNTIME_ROOT__\datasets\paco\broad_objects_test_holdout_v3_4percat\scissors__03\parts_crop\002_blade.png,bf3c9601806b8b58eb1a577dfa4a4409c257447cab038ea07413c3de40b8bccf,4523,0.5639830508474576,0.2643563034188034
scissors__03,2,1694563,handle,handle,__RUNTIME_ROOT__\datasets\paco\broad_objects_test_holdout_v3_4percat\scissors__03\parts_crop\003_handle.png,944200aa2b96295c602770d5e3674a0485d1a92dc1981902fa7272e459f06e7d,5615,0.2143142343781194,0.001899984800121599
scissors__03,3,1694564,finger_hole,finger_hole,__RUNTIME_ROOT__\datasets\paco\broad_objects_test_holdout_v3_4percat\scissors__03\parts_crop\004_finger_hole.png,dc99f12d28cc3514649a205141c59c89171733d9a6eff9b4381326a7cc8d1378,19975,0.4861679329826612,0.0
scissors__04,0,1760526,finger_hole,finger_hole,__RUNTIME_ROOT__\datasets\paco\broad_objects_test_holdout_v3_4percat\scissors__04\parts_crop\001_finger_hole.png,6d151483dd311ffe84670595668f1788adfa748abdaf8703e27db925b6a045ef,35403,0.7305088994735522,0.011501381293341603
scissors__04,1,1760527,screw,pivot,__RUNTIME_ROOT__\datasets\paco\broad_objects_test_holdout_v3_4percat\scissors__04\parts_crop\002_screw.png,3542f6a54092fee94c840529a8b5d6954529d33b794f9222aad356f60711d295,254,0.4728434504792332,0.4728434504792332
scissors__04,2,1760528,handle,handle,__RUNTIME_ROOT__\datasets\paco\broad_objects_test_holdout_v3_4percat\scissors__04\parts_crop\003_handle.png,10537ff3ca88de7aa837cf847c28ae62c7d47956d3f330f9463ea769d09f04cc,7131,0.4930238983284984,0.0018470063106048947
scissors__04,3,1760529,blade,blade,__RUNTIME_ROOT__\datasets\paco\broad_objects_test_holdout_v3_4percat\scissors__04\parts_crop\004_blade.png,dc7bcb2426d3132631862f5262a1170b878f4d40817e1bacc64d1498b7566d16,6125,0.873654656059897,0.8730901153726224
screwdriver__01,0,1737397,handle,handle,__RUNTIME_ROOT__\datasets\paco\broad_objects_test_holdout_v3_4percat\screwdriver__01\parts_crop\001_handle.png,7fd55048d2159a550a74eebf5318cf535a77634f14bc1bae166006ae1984ae72,1308,0.22553516819571864,0.0
screwdriver__01,1,1737398,shank,shank,__RUNTIME_ROOT__\datasets\paco\broad_objects_test_holdout_v3_4percat\screwdriver__01\parts_crop\002_shank.png,d4219a1b95c22d09f13c28f9dbbd53d39a8135313ae90a67617256cb05701005,139,0.0,0.0
screwdriver__01,2,1737399,tip,tip,__RUNTIME_ROOT__\datasets\paco\broad_objects_test_holdout_v3_4percat\screwdriver__01\parts_crop\003_tip.png,0f1afbab7dfa7094e5e6ddd8533a9844461bf5dde54d336cc9df30bfc0c33db0,27,0.0,0.0
shoe__01,0,1766109,heel,heel,__RUNTIME_ROOT__\datasets\paco\broad_objects_test_holdout_v3_4percat\shoe__01\parts_crop\001_heel.png,ad234d7428c8507727f4dd939446c4bdbe404b996a843e477343535688a0c248,1506,0.36798088410991636,0.0
shoe__01,1,1766110,lace,lace,__RUNTIME_ROOT__\datasets\paco\broad_objects_test_holdout_v3_4percat\shoe__01\parts_crop\002_lace.png,63ac13c1c43e3ad0a5e8e7533e1e06fdd157870aac80655b2f7459cdc9fe7d9c,46,0.0,0.0
shoe__01,2,1766111,eyelet,eyelet,__RUNTIME_ROOT__\datasets\paco\broad_objects_test_holdout_v3_4percat\shoe__01\parts_crop\003_eyelet.png,09d94d0ee881e67bfe74a9d33c29e2be18636fcfb468186c0595de79144c7189,45,0.0,0.0
shoe__01,3,1766112,toe_box,toe,__RUNTIME_ROOT__\datasets\paco\broad_objects_test_holdout_v3_4percat\shoe__01\parts_crop\004_toe_box.png,53c0d3adbff4e8f56a0ffeb59f10dfffdc6065eb239a7e674ea05aa1e7bba895,57,0.06725888324873096,0.06725888324873096
shoe__01,4,1766113,vamp,upper,__RUNTIME_ROOT__\datasets\paco\broad_objects_test_holdout_v3_4percat\shoe__01\parts_crop\005_vamp.png,abb78410ad08b38c4ac23380d2e20fe455b17942991582b507357a8f50dd5719,44,0.029850746268656716,0.0
shoe__01,5,1766114,backstay,upper,__RUNTIME_ROOT__\datasets\paco\broad_objects_test_holdout_v3_4percat\shoe__01\parts_crop\006_backstay.png,6f028a0368d4ef905e223e5315105a1995f7a66bf9e466397254e8b4f0d33aff,143,0.334841628959276,0.0
shoe__01,6,1766115,quarter,upper,__RUNTIME_ROOT__\datasets\paco\broad_objects_test_holdout_v3_4percat\shoe__01\parts_crop\007_quarter.png,c1928e0ad8de12e2f5e42d8bd83935965ea85f611204f0aaebc5aadea5ed9359,943,0.0651750972762646,0.0
shoe__02,0,1714700,outsole,sole,__RUNTIME_ROOT__\datasets\paco\broad_objects_test_holdout_v3_4percat\shoe__02\parts_crop\001_outsole.png,96d4398f5c6ee36c91f57893d4a666899d77190430faa5f361895a3400fa8617,715,0.35524475524475524,0.0
shoe__02,1,1714701,toe_box,toe,__RUNTIME_ROOT__\datasets\paco\broad_objects_test_holdout_v3_4percat\shoe__02\parts_crop\002_toe_box.png,64d7471db1d3c4d93b52568c2afde9a25bb66c55f1c6011157f5412e2adb456e,124,0.024819277108433735,0.0
shoe__02,2,1714702,vamp,upper,__RUNTIME_ROOT__\datasets\paco\broad_objects_test_holdout_v3_4percat\shoe__02\parts_crop\003_vamp.png,486a61100cf67efbb0b856e3790d880ff6fdd8dd411e1e7ed72d99319fdab1a2,150,0.19883040935672514,0.0
shoe__02,3,1714703,lace,lace,__RUNTIME_ROOT__\datasets\paco\broad_objects_test_holdout_v3_4percat\shoe__02\parts_crop\004_lace.png,1b07550a6b231a7092fd7c566ffee95bab87e137eaf2929bec0123f317da39fb,721,0.20470262793914246,0.0
shoe__02,4,1714704,tongue,tongue,__RUNTIME_ROOT__\datasets\paco\broad_objects_test_holdout_v3_4percat\shoe__02\parts_crop\005_tongue.png,1e719551960db0cb59cacfa122fc4c9a2d8284050e340e53ab8d7c2963b4c7ae,227,0.051919826128954356,0.0
shoe__02,5,1714705,quarter,upper,__RUNTIME_ROOT__\datasets\paco\broad_objects_test_holdout_v3_4percat\shoe__02\parts_crop\006_quarter.png,b60f1228273751d7682bae85f0e47c6488c72813d2d73db69d81d31e55033ea8,745,0.18043109711794622,0.0
shoe__02,6,1714706,backstay,upper,__RUNTIME_ROOT__\datasets\paco\broad_objects_test_holdout_v3_4percat\shoe__02\parts_crop\007_backstay.png,c4c2fe1e9a5a48015a5855b02250f2e1cc477d69cb4cd62c51dadd0175046ac8,278,0.08166969147005444,0.0
shoe__03,0,1727833,outsole,sole,__RUNTIME_ROOT__\datasets\paco\broad_objects_test_holdout_v3_4percat\shoe__03\parts_crop\001_outsole.png,fdc8662448dfd25a8d83855b2bf7a4f40e78a15edc94f6282ae10444326f0239,10857,0.0034139014065273795,0.0
shoe__03,1,1727834,toe_box,toe,__RUNTIME_ROOT__\datasets\paco\broad_objects_test_holdout_v3_4percat\shoe__03\parts_crop\002_toe_box.png,42e210477ad67f30c25e2712d2ffbdcc37a957bf7f9740e91f48fd0b879a34e5,2158,0.0,0.0
shoe__03,2,1727835,vamp,upper,__RUNTIME_ROOT__\datasets\paco\broad_objects_test_holdout_v3_4percat\shoe__03\parts_crop\003_vamp.png,e065ea50bfe9e9666bd3bec5a5d55b9a993431aa3d9402cd9887417bbf7359e8,5351,0.0,0.0
shoe__03,3,1727836,lace,lace,__RUNTIME_ROOT__\datasets\paco\broad_objects_test_holdout_v3_4percat\shoe__03\parts_crop\004_lace.png,2b7207ee927d5773ea52a06fda9c37505a5361769c9f0c1fb2720127cff3eaf2,4251,0.0,0.0
shoe__03,4,1727837,tongue,tongue,__RUNTIME_ROOT__\datasets\paco\broad_objects_test_holdout_v3_4percat\shoe__03\parts_crop\005_tongue.png,9ec6932c897cdbc8151632a3ef18ea4b6c89b7d9e223b411c20591f0fc5501a9,1637,0.0,0.0
shoe__03,5,1727838,quarter,upper,__RUNTIME_ROOT__\datasets\paco\broad_objects_test_holdout_v3_4percat\shoe__03\parts_crop\006_quarter.png,9451d1de7222e0a59dfe458846514044042a02a98048d50693fbb14bdbbf7291,9225,0.0,0.0
shoe__04,0,1728591,lace,lace,__RUNTIME_ROOT__\datasets\paco\broad_objects_test_holdout_v3_4percat\shoe__04\parts_crop\001_lace.png,fb3bfc30c8f0cb8cefebd5548861f26d0c8a6a3fd06fceba62d3e53af4afcac6,1265,0.021293272370999348,0.0
shoe__04,1,1728592,tongue,tongue,__RUNTIME_ROOT__\datasets\paco\broad_objects_test_holdout_v3_4percat\shoe__04\parts_crop\002_tongue.png,6fa735af0c4e1067f6e24cb7e12d5c24610feea71742a1039fe00e7f1d315543,1339,0.0031806615776081423,0.0
shoe__04,2,1728593,vamp,upper,__RUNTIME_ROOT__\datasets\paco\broad_objects_test_holdout_v3_4percat\shoe__04\parts_crop\003_vamp.png,ae15ae1aa103154ddaaa752a6335f38a2b5801970e296f4240fc0a6350595fdf,4893,0.4610668301655426,0.04864091559370529
shoe__04,3,1728594,outsole,sole,__RUNTIME_ROOT__\datasets\paco\broad_objects_test_holdout_v3_4percat\shoe__04\parts_crop\004_outsole.png,063e600d37d45a0098ec23467a34a7d463f2a30179d57810c702b4307e80576e,2263,0.34451730974531036,0.10913999228692634
shoe__04,4,1728595,insole,insole,__RUNTIME_ROOT__\datasets\paco\broad_objects_test_holdout_v3_4percat\shoe__04\parts_crop\005_insole.png,baa626403a93c50ed178299a6d5682f4899f9e878c81452203378786399f3746,2537,0.38461538461538464,0.0
shoe__04,5,1728596,heel,heel,__RUNTIME_ROOT__\datasets\paco\broad_objects_test_holdout_v3_4percat\shoe__04\parts_crop\006_heel.png,9cd38f9c8ca8609a8be31696e3b560e5708852ff801f1ec12ec284d6e33a14a7,1463,0.7933937823834197,0.0
slipper_footwear__01,0,1701235,toe_box,toe,__RUNTIME_ROOT__\datasets\paco\broad_objects_test_holdout_v3_4percat\slipper_footwear__01\parts_crop\001_toe_box.png,d0fdb712c74610a613f3e073b6b621feccc6e7a9ce3238521354cf19bd31fb51,861,0.0,0.0
slipper_footwear__01,1,1701236,vamp,upper,__RUNTIME_ROOT__\datasets\paco\broad_objects_test_holdout_v3_4percat\slipper_footwear__01\parts_crop\002_vamp.png,c6547adf9e13e4630a6bd4b85aad9b4a68897b2577b81f2f84fe13a3dc5b278f,1080,0.0,0.0
slipper_footwear__01,2,1701237,outsole,sole,__RUNTIME_ROOT__\datasets\paco\broad_objects_test_holdout_v3_4percat\slipper_footwear__01\parts_crop\003_outsole.png,c77d03cba5e94f08ce03b89df46f085e59bac9db7f0b9d53456a97190369f7d1,2954,0.0,0.0
soap__01,0,1730340,cap,cap,__RUNTIME_ROOT__\datasets\paco\broad_objects_test_holdout_v3_4percat\soap__01\parts_crop\001_cap.png,0b95290802bc2b9bdd56323f47ed6e4b1050c0af452487446cb4a9352b9e2722,614,0.885670731707317,0.0010080645161290322
soap__01,1,1730341,shoulder,shoulder,__RUNTIME_ROOT__\datasets\paco\broad_objects_test_holdout_v3_4percat\soap__01\parts_crop\002_shoulder.png,7e63979842c713981c6ee6642394c93f36383101566e062c34df023aa709a6f0,2019,0.37298008267568583,0.0
soap__01,2,1730342,body,body,__RUNTIME_ROOT__\datasets\paco\broad_objects_test_holdout_v3_4percat\soap__01\parts_crop\003_body.png,c09906743d0d013353991809e360ae493aa29193f362ca833a221a3dbff877f3,2347,0.5566308243727599,0.40763274336283184
soap__01,3,1730343,base,base,__RUNTIME_ROOT__\datasets\paco\broad_objects_test_holdout_v3_4percat\soap__01\parts_crop\004_base.png,df1c5e7fc7fde503cb55a188d1812eb0519886fb29cb971885c8a82c448372d2,141,0.020534861509073542,0.0
soap__01,4,1730344,label,label,__RUNTIME_ROOT__\datasets\paco\broad_objects_test_holdout_v3_4percat\soap__01\parts_crop\005_label.png,c5786c183df574bb61212b2f76dbc09d869b4aab78e1e04a7a27d33319bfd2fe,2101,0.5112504610844707,0.11899095668729176
soap__01,5,1730345,push_pull_cap,cap,__RUNTIME_ROOT__\datasets\paco\broad_objects_test_holdout_v3_4percat\soap__01\parts_crop\006_push_pull_cap.png,bcab3d8f1cac4d492adb824c8d772f4680a9ca3690fa45f4f1ca84d6e95ce4ba,438,0.8610478359908884,0.8610478359908884
soap__02,0,1711357,top,top,__RUNTIME_ROOT__\datasets\paco\broad_objects_test_holdout_v3_4percat\soap__02\parts_crop\001_top.png,150e7f8a42b34cb8370a2aedc4a4b7e46003e8ba5881671dfb832022c7261edb,352,0.11427602577144795,0.0
soap__02,1,1711358,cap,cap,__RUNTIME_ROOT__\datasets\paco\broad_objects_test_holdout_v3_4percat\soap__02\parts_crop\002_cap.png,c39bd018bbebea657e5320e6a6fad07ed063bf648518d9ab5fa17740c54f76e5,908,0.2931672837428475,0.0
soap__02,2,1711359,base,base,__RUNTIME_ROOT__\datasets\paco\broad_objects_test_holdout_v3_4percat\soap__02\parts_crop\003_base.png,67e661d95d640a3dc118736739b3595cdeb7a26397d8e321ef1b5aedd784267c,264,0.07837940174176448,0.0
soap__02,3,1711360,body,body,__RUNTIME_ROOT__\datasets\paco\broad_objects_test_holdout_v3_4percat\soap__02\parts_crop\004_body.png,cafe1f6d441969c30c2dd8218b05eaa6c2f9d9c126f7d8cf29ed3a743126d42d,4372,0.726849456802897,0.0
soap__02,4,1711361,label,label,__RUNTIME_ROOT__\datasets\paco\broad_objects_test_holdout_v3_4percat\soap__02\parts_crop\005_label.png,d6defcb936ae6cf0f3ad53a3448206a4bcbe883b9b4cc48dc7e4329191d45ed9,670,0.10698000701508242,0.0
spoon__01,0,1758378,tip,bowl,__RUNTIME_ROOT__\datasets\paco\broad_objects_test_holdout_v3_4percat\spoon__01\parts_crop\001_tip.png,06cdfbb0332ab6d063a093a947ea131d4b06f5c5e7e9be29dbbc5e47f2159893,427,0.07884856070087609,0.07884856070087609
spoon__01,1,1758379,bowl,bowl,__RUNTIME_ROOT__\datasets\paco\broad_objects_test_holdout_v3_4percat\spoon__01\parts_crop\002_bowl.png,a628763c9af0111f2820e27c27e2d19ab401d2ba4126bc58ad155b7250e6743d,4503,0.8777664974619289,0.8777664974619289
spoon__01,2,1758380,neck,handle,__RUNTIME_ROOT__\datasets\paco\broad_objects_test_holdout_v3_4percat\spoon__01\parts_crop\003_neck.png,e8ee71818911220ac3979618c2035aeb8e5d3524112b0244993e5b141be46f06,712,0.020390824129141887,0.0011553061561313748
spoon__01,3,1758381,handle,handle,__RUNTIME_ROOT__\datasets\paco\broad_objects_test_holdout_v3_4percat\spoon__01\parts_crop\004_handle.png,e4bb141e83a259b314554d2229ba58d49cfb140a68d7c6977546c861a9a36b2f,5211,0.9456721915285451,0.9456721915285451
spoon__02,0,1694947,tip,bowl,__RUNTIME_ROOT__\datasets\paco\broad_objects_test_holdout_v3_4percat\spoon__02\parts_crop\001_tip.png,62d311a70157a9884074d0a773d47e6e76c75fefdcc4a813d906b6504b1f39ee,626,0.06535244922341696,0.06535244922341696
spoon__02,1,1694948,bowl,bowl,__RUNTIME_ROOT__\datasets\paco\broad_objects_test_holdout_v3_4percat\spoon__02\parts_crop\002_bowl.png,d5639a239b774ba8a296af34c2c639d68f6975fc6d3c954a6b25d15db5654b9f,7377,0.8650160695155339,0.8650160695155339
spoon__02,2,1694949,neck,handle,__RUNTIME_ROOT__\datasets\paco\broad_objects_test_holdout_v3_4percat\spoon__02\parts_crop\003_neck.png,ef55f7f49ea1033bee75b83328771cb9fdd8a49db6847d0fb1358f56b985c40f,753,0.28846153846153844,0.1735474006116208
spoon__02,3,1694950,handle,handle,__RUNTIME_ROOT__\datasets\paco\broad_objects_test_holdout_v3_4percat\spoon__02\parts_crop\004_handle.png,e1bbc2327fd0d7fafffec83e77d539c0d35be5d436c4d1e06036b185dcbea236,3370,0.8444022770398482,0.8444022770398482
spoon__03,0,1692404,tip,bowl,__RUNTIME_ROOT__\datasets\paco\broad_objects_test_holdout_v3_4percat\spoon__03\parts_crop\001_tip.png,dd1d139bef8ea38d5f614f90a2c1dfc3acec6cd53db693f7ef8b0822b0ab3667,55,0.0,0.0
spoon__03,1,1692405,bowl,bowl,__RUNTIME_ROOT__\datasets\paco\broad_objects_test_holdout_v3_4percat\spoon__03\parts_crop\002_bowl.png,02056e182cddf29274a6b47a3b9288b5b252cd400b43e3955712e77c1cbbcc1b,637,0.1767578125,0.0
spoon__03,2,1692406,neck,handle,__RUNTIME_ROOT__\datasets\paco\broad_objects_test_holdout_v3_4percat\spoon__03\parts_crop\003_neck.png,e09085fb810da854c42e12119a74bdac10e67bbd8bf5e524d72d85e2079154d0,115,0.06486181613085167,0.0
spoon__03,3,1692407,handle,handle,__RUNTIME_ROOT__\datasets\paco\broad_objects_test_holdout_v3_4percat\spoon__03\parts_crop\004_handle.png,d886b9896474f7b0ea947e4b1fad4c52c42037ba57ef43335d872b741337d94d,643,0.27430830039525694,0.0
spoon__04,0,1708423,handle,handle,__RUNTIME_ROOT__\datasets\paco\broad_objects_test_holdout_v3_4percat\spoon__04\parts_crop\001_handle.png,a6ec1df8aff92c0c3ec375cd4b809790f0c9590d304df1506651b5e51117434c,6060,0.9230402289712196,0.0
spoon__04,1,1708424,neck,handle,__RUNTIME_ROOT__\datasets\paco\broad_objects_test_holdout_v3_4percat\spoon__04\parts_crop\002_neck.png,9807c6c006b8c43f086ddf3c08491cd34cc6d18f5038287c08922305e005738b,758,0.06834891531269856,0.000192474256568184
spoon__04,2,1708425,bowl,bowl,__RUNTIME_ROOT__\datasets\paco\broad_objects_test_holdout_v3_4percat\spoon__04\parts_crop\003_bowl.png,75b2bd21d43242dc01b9e47789a457d7432a65e22f933439168e1136bf362a7b,2178,0.19550439590319948,0.19550439590319948
spoon__04,3,1708426,tip,bowl,__RUNTIME_ROOT__\datasets\paco\broad_objects_test_holdout_v3_4percat\spoon__04\parts_crop\004_tip.png,adc6c3b3084b62efcb0ecc2302c42881166826b50428a7a8583115710c7f45ec,658,0.05907977130411108,0.05907977130411108
stool__01,0,1760199,seat,seat,__RUNTIME_ROOT__\datasets\paco\broad_objects_test_holdout_v3_4percat\stool__01\parts_crop\001_seat.png,cfea2a2118256eb3d9588c79b52a9e2dea97345fe61c9f39698539b73e2ea647,2550,0.30149096186832036,0.0011611030478955006
stool__01,1,1760200,leg,leg,__RUNTIME_ROOT__\datasets\paco\broad_objects_test_holdout_v3_4percat\stool__01\parts_crop\002_leg.png,5749ec441cf011601846d9bc309dbb78df779895af322b35acdb6cd058fd0b06,2972,0.6941722537390408,0.6941722537390408
stool__01,2,1760201,footrest,stretcher,__RUNTIME_ROOT__\datasets\paco\broad_objects_test_holdout_v3_4percat\stool__01\parts_crop\003_footrest.png,ee1b39768f77d382619f3fdbf365524f34cb58d9e3d8a69f6e71476d1c9dd8b7,1066,0.21192443919716647,0.0
stool__02,0,1748888,seat,seat,__RUNTIME_ROOT__\datasets\paco\broad_objects_test_holdout_v3_4percat\stool__02\parts_crop\001_seat.png,0b61a31c9e26bb71c6543c078bc58bf16c9c268a67177424295095f0874a320f,1230,0.8574859887910328,0.46811945117029863
stool__02,1,1748889,leg,leg,__RUNTIME_ROOT__\datasets\paco\broad_objects_test_holdout_v3_4percat\stool__02\parts_crop\002_leg.png,3e98eb5bb13ff1ca98ba287ef7cc0ae633aad3a3385ceb0bd3d54804a8730605,2375,0.23205342237061768,0.23205342237061768
stool__02,2,1748890,footrest,stretcher,__RUNTIME_ROOT__\datasets\paco\broad_objects_test_holdout_v3_4percat\stool__02\parts_crop\003_footrest.png,535e5e2320ecf0b1099a72abe6c376e1776c8b7668d3c73112381b9c08b934bd,165,0.20212765957446807,0.0
stool__03,0,1755174,seat,seat,__RUNTIME_ROOT__\datasets\paco\broad_objects_test_holdout_v3_4percat\stool__03\parts_crop\001_seat.png,e611427514cbe0079c9fb4ea1a8e5c8b6e248da816331dc6a320288dca9a3b9d,1540,0.6439688715953308,0.0
stool__03,1,1755175,leg,leg,__RUNTIME_ROOT__\datasets\paco\broad_objects_test_holdout_v3_4percat\stool__03\parts_crop\002_leg.png,3ce5007f3b9d150e62e683768e629da3046c0060a5421a2d7ac3a8e759b86d08,3450,0.5168751475100307,0.26548920661620407
stool__03,2,1755176,footrest,stretcher,__RUNTIME_ROOT__\datasets\paco\broad_objects_test_holdout_v3_4percat\stool__03\parts_crop\003_footrest.png,d4a1074e8921492f2876f1e59543fc629a38d71f64b98fec4fe2de9fb978c963,974,0.12102564102564102,0.12102564102564102
stool__04,0,1711625,seat,seat,__RUNTIME_ROOT__\datasets\paco\broad_objects_test_holdout_v3_4percat\stool__04\parts_crop\001_seat.png,0099d7a8123ece7f5012818f0c552d038175566c0a9bb2b20bbe22059c3a9354,779,0.0,0.0
stool__04,1,1711626,footrest,stretcher,__RUNTIME_ROOT__\datasets\paco\broad_objects_test_holdout_v3_4percat\stool__04\parts_crop\002_footrest.png,62cb6796b6b46dd1672bf742fff6391116e0dbab4bee04de3802ed6b1208c750,1069,0.27693208430913346,0.0
stool__04,2,1711627,leg,leg,__RUNTIME_ROOT__\datasets\paco\broad_objects_test_holdout_v3_4percat\stool__04\parts_crop\003_leg.png,d6da941073bb6931cedcd59276e205fbf0f630bf8905a270cd2c51859303ad08,4473,0.12737182075090836,0.0
sweater__01,0,1707918,neckband,collar,__RUNTIME_ROOT__\datasets\paco\broad_objects_test_holdout_v3_4percat\sweater__01\parts_crop\001_neckband.png,4b985638754e6ec7196bbe70e896b4644ec8b6a0a03610abf54b9d1728ec9d1c,1646,0.03756181803909255,0.0
sweater__01,1,1707919,cuff,cuff,__RUNTIME_ROOT__\datasets\paco\broad_objects_test_holdout_v3_4percat\sweater__01\parts_crop\002_cuff.png,d524915137bd21a92cb8a5c7d070f9d1099a841cb7ec5833387f4b814c80cc6c,1388,0.2189663128749423,0.0
sweater__01,2,1707920,shoulder,panel,__RUNTIME_ROOT__\datasets\paco\broad_objects_test_holdout_v3_4percat\sweater__01\parts_crop\003_shoulder.png,d7627a5db14b5ebb17cde3726cfd5b759f3522f3e275e6e514df026b0dff95f9,3398,0.0776906901166125,0.0
sweater__01,3,1707921,yoke,panel,__RUNTIME_ROOT__\datasets\paco\broad_objects_test_holdout_v3_4percat\sweater__01\parts_crop\004_yoke.png,42dc8b6c0fed08c791403c012ea7d0a97c12ffa9376d1f327ec5755ecd96e287,14801,0.33483934050372566,0.0
sweater__01,4,1707922,body,body,__RUNTIME_ROOT__\datasets\paco\broad_objects_test_holdout_v3_4percat\sweater__01\parts_crop\005_body.png,3628ad96c0f35b258e9fcb2d5a3d771c4a7ce444801901c58f0e71976e1f4864,15393,0.2271599803941955,0.0
sweater__01,5,1707923,hem,hem,__RUNTIME_ROOT__\datasets\paco\broad_objects_test_holdout_v3_4percat\sweater__01\parts_crop\006_hem.png,26cf057a88f87c2cdd82212d02a36e69bd97a34472914575e433f94d849243ff,1316,0.23696369636963696,0.0
sweater__01,6,1707924,sleeve,sleeve,__RUNTIME_ROOT__\datasets\paco\broad_objects_test_holdout_v3_4percat\sweater__01\parts_crop\007_sleeve.png,bcbc4f5fae2afd85f167c12d55d665bc2318c52a7cfc8f8e39492df9f7c5ef99,8252,0.5297634984381973,0.0
sweater__02,0,1701267,neckband,collar,__RUNTIME_ROOT__\datasets\paco\broad_objects_test_holdout_v3_4percat\sweater__02\parts_crop\001_neckband.png,422c8c32f58ca5c021eb497617c1ef3777b85d48391b6643dca29279aa2dff51,4662,0.09440663596159575,0.0
sweater__02,1,1701268,cuff,cuff,__RUNTIME_ROOT__\datasets\paco\broad_objects_test_holdout_v3_4percat\sweater__02\parts_crop\002_cuff.png,8ec448b8eee108b773ca6202779b6e8dedb67f029094447ded7e7b368e81304f,5519,0.0485700728982444,0.0
sweater__02,2,1701269,sleeve,sleeve,__RUNTIME_ROOT__\datasets\paco\broad_objects_test_holdout_v3_4percat\sweater__02\parts_crop\003_sleeve.png,9969f0ae0d5bf640662252bf808fd7d27db868a40941f7b68d5b27000411d794,496,0.008816587217105567,0.0
sweater__02,3,1701270,shoulder,panel,__RUNTIME_ROOT__\datasets\paco\broad_objects_test_holdout_v3_4percat\sweater__02\parts_crop\004_shoulder.png,a5b12ed80aea2af6147e6a8d5c03db21c54b33ea51f016d4feae1173efe740d6,1136,0.02277456647398844,0.0
sweater__02,4,1701271,yoke,panel,__RUNTIME_ROOT__\datasets\paco\broad_objects_test_holdout_v3_4percat\sweater__02\parts_crop\005_yoke.png,ad41487af37187e0b3e1252d77e22d87369e9e9bbca86703b19e7887ef19d650,9759,0.22643216779971692,0.0
sweater__02,5,1701272,body,body,__RUNTIME_ROOT__\datasets\paco\broad_objects_test_holdout_v3_4percat\sweater__02\parts_crop\006_body.png,78c47e069fced944eaa0060f76ab78be537e520bac6498f2afa180490c4804b5,4173,0.085041430440471,0.0
sweater__02,6,1701273,hem,hem,__RUNTIME_ROOT__\datasets\paco\broad_objects_test_holdout_v3_4percat\sweater__02\parts_crop\007_hem.png,029232b6491fd68c8112dc84e589e868bc225f74275e054e1f8b50d02fe349f3,352,0.0,0.0
sweater__03,0,1723687,neckband,collar,__RUNTIME_ROOT__\datasets\paco\broad_objects_test_holdout_v3_4percat\sweater__03\parts_crop\001_neckband.png,468a37f711a2c9ea9ed8a961d34f262538b7a0476bde71950aadecaa685b7269,1156,0.0,0.0
sweater__03,1,1723688,cuff,cuff,__RUNTIME_ROOT__\datasets\paco\broad_objects_test_holdout_v3_4percat\sweater__03\parts_crop\002_cuff.png,7604eb3945e626d2de63662ffcaaa0825a8991069c34ca17ee14a848928002e9,1571,0.0,0.0
sweater__03,2,1723689,hem,hem,__RUNTIME_ROOT__\datasets\paco\broad_objects_test_holdout_v3_4percat\sweater__03\parts_crop\003_hem.png,104e1d52d2d3d60c49401536663cc6becd525247c71e3ff33a2e82c5767ffa98,1108,0.0,0.0
sweater__03,3,1723690,shoulder,panel,__RUNTIME_ROOT__\datasets\paco\broad_objects_test_holdout_v3_4percat\sweater__03\parts_crop\004_shoulder.png,a2a10317be471e2782756182209972a270f245815f4ec794bc2b9baa9c8c7c59,3557,0.0,0.0
sweater__03,4,1723691,yoke,panel,__RUNTIME_ROOT__\datasets\paco\broad_objects_test_holdout_v3_4percat\sweater__03\parts_crop\005_yoke.png,b725b9657a338ea71c81d75c083408af3e78c499acb527828196615876fce643,5543,0.00024134186074574636,0.0
sweater__03,5,1723692,sleeve,sleeve,__RUNTIME_ROOT__\datasets\paco\broad_objects_test_holdout_v3_4percat\sweater__03\parts_crop\006_sleeve.png,5582c266d29c332e6aaf7bdadde8d183a3b91c0c7b3d5228fd7d817924852307,9744,0.004180736452805918,0.0
sweater__03,6,1723693,body,body,__RUNTIME_ROOT__\datasets\paco\broad_objects_test_holdout_v3_4percat\sweater__03\parts_crop\007_body.png,886b4d3efce8e3759c3bb4d1ad88586136f79d450ef6f8e6effbed82073d3385,6706,0.0,0.0
sweater__04,0,1711316,neckband,collar,__RUNTIME_ROOT__\datasets\paco\broad_objects_test_holdout_v3_4percat\sweater__04\parts_crop\001_neckband.png,c60d5d43f5134436354bbb98dd588456687eba7aa898187856a7d4a5132a9818,497,0.04160204360915975,0.0
sweater__04,1,1711317,shoulder,panel,__RUNTIME_ROOT__\datasets\paco\broad_objects_test_holdout_v3_4percat\sweater__04\parts_crop\002_shoulder.png,942b3c64cc1a47d7cca42af5a32eefc932835065f64283ff76510cc2d76cd0a2,567,0.030316620324692796,0.0
sweater__04,2,1711318,cuff,cuff,__RUNTIME_ROOT__\datasets\paco\broad_objects_test_holdout_v3_4percat\sweater__04\parts_crop\003_cuff.png,40eb07e501a73316087f279f0970ffb330fcf8e534f7b1b9e7ac4ffad749bebb,1547,0.2112236944660951,0.0
sweater__04,3,1711319,hem,hem,__RUNTIME_ROOT__\datasets\paco\broad_objects_test_holdout_v3_4percat\sweater__04\parts_crop\004_hem.png,fb7cbfae4f37dff31e196fff99db7f3468cca571589880e78c2edcbaf7c80a6f,1580,0.06310656852173098,0.0
sweater__04,4,1711320,yoke,panel,__RUNTIME_ROOT__\datasets\paco\broad_objects_test_holdout_v3_4percat\sweater__04\parts_crop\005_yoke.png,6e0e8fcfeeb1019532965b6d117aa91a57d5a181c72578359bc79b06e5670f14,8676,0.41938287700999566,0.0
sweater__04,5,1711321,body,body,__RUNTIME_ROOT__\datasets\paco\broad_objects_test_holdout_v3_4percat\sweater__04\parts_crop\006_body.png,ffd989983d6a89075353219cedd7b2faac840e8b02e62c5ea89d78dbf00c5641,9320,0.4327774637271528,0.4088037214469208
sweater__04,6,1711322,sleeve,sleeve,__RUNTIME_ROOT__\datasets\paco\broad_objects_test_holdout_v3_4percat\sweater__04\parts_crop\007_sleeve.png,3fee6e81c8d86e8eaf07ddb7d074fed0e2ac932f5d09a209185bd75ca356aebf,6734,0.3268867238621492,0.15302723532101103
table__01,0,1755733,top,top,__RUNTIME_ROOT__\datasets\paco\broad_objects_test_holdout_v3_4percat\table__01\parts_crop\001_top.png,63c3dd9a7f011e6dbbc1978ff04db74da1df759c72531bf46add93d9853366f9,5344,0.8154789995280792,0.8154789995280792
table__01,1,1755734,apron,apron,__RUNTIME_ROOT__\datasets\paco\broad_objects_test_holdout_v3_4percat\table__01\parts_crop\002_apron.png,9bc56e831ba289d4587371de8efd6dc9d9a29953a49e2491a52115af50ad83cb,874,0.13045563549160671,0.012448132780082987
table__01,2,1755735,stretcher,stretcher,__RUNTIME_ROOT__\datasets\paco\broad_objects_test_holdout_v3_4percat\table__01\parts_crop\003_stretcher.png,f9a40aba64e01b1575d3bb68c180b07edae5a5f04021546ccf98323d12a3939c,305,0.581039755351682,0.581039755351682
table__01,3,1755736,leg,leg,__RUNTIME_ROOT__\datasets\paco\broad_objects_test_holdout_v3_4percat\table__01\parts_crop\004_leg.png,55038c136d136ec4cf96b2ff55a1030f15d6e005e3dbaad0282aa4e28bb92a74,1350,0.4377713458755427,0.4377713458755427
table__01,4,1755737,shelf,shelf,__RUNTIME_ROOT__\datasets\paco\broad_objects_test_holdout_v3_4percat\table__01\parts_crop\005_shelf.png,2f71028fa91ad19819d40897023a08753d0536bdd1739e0bbc169099bb48e59b,2714,0.01592266135911288,0.0
table__02,0,1748646,apron,apron,__RUNTIME_ROOT__\datasets\paco\broad_objects_test_holdout_v3_4percat\table__02\parts_crop\001_apron.png,18d283149a4a3cee9db7f07a5dccaa0a13af1c7dff05a0a3131fdf0c1224b6db,1472,0.0,0.0
table__02,1,1748647,top,top,__RUNTIME_ROOT__\datasets\paco\broad_objects_test_holdout_v3_4percat\table__02\parts_crop\002_top.png,fc748e85f17edbe4de3511f30b0a82d33766e1bc081a4be11e87454eec9e1c37,3424,0.0,0.0
table__02,2,1748648,leg,leg,__RUNTIME_ROOT__\datasets\paco\broad_objects_test_holdout_v3_4percat\table__02\parts_crop\003_leg.png,3d08c8b85d9df71ffc522a5be7e163a3b6e6e251e256c4cf853640f971d88d4d,1100,0.0,0.0
table__02,3,1748649,stretcher,stretcher,__RUNTIME_ROOT__\datasets\paco\broad_objects_test_holdout_v3_4percat\table__02\parts_crop\004_stretcher.png,478e20532cb0a7e66b7ed5f734dcb0f320182c17d448414569f163475eccbfb6,9,0.0,0.0
table__03,0,1747022,apron,apron,__RUNTIME_ROOT__\datasets\paco\broad_objects_test_holdout_v3_4percat\table__03\parts_crop\001_apron.png,3f80defce07f12f5c1d64bd64e455d7df7151a898ae1bed0db31cd7802696508,5898,0.0,0.0
table__03,1,1747025,top,top,__RUNTIME_ROOT__\datasets\paco\broad_objects_test_holdout_v3_4percat\table__03\parts_crop\004_top.png,5082e88867ec0999ec878f88932a0b3b8bce9a2b68d1094a64d77423b06222e9,27945,0.0,0.0
table__04,0,1706962,top,top,__RUNTIME_ROOT__\datasets\paco\broad_objects_test_holdout_v3_4percat\table__04\parts_crop\001_top.png,27f89997c047b395e576c60373d59844a0e30ac01e6cd26a1d2245544848bf78,30695,0.3256064690026954,0.0
table__04,1,1706963,drawer,drawer,__RUNTIME_ROOT__\datasets\paco\broad_objects_test_holdout_v3_4percat\table__04\parts_crop\002_drawer.png,546f3459b40fb4a2e61aae4f915d7c42fe474964e20ca1d42c0f7e928e16b2b0,2209,0.7877586966094232,0.0
table__04,2,1706964,shelf,shelf,__RUNTIME_ROOT__\datasets\paco\broad_objects_test_holdout_v3_4percat\table__04\parts_crop\003_shelf.png,8b7282eaf20056a58d95dac8223d408904a39803c9a89dbff34d0c298e417ad7,5862,0.9405908274849029,0.0
table__04,3,1706965,leg,leg,__RUNTIME_ROOT__\datasets\paco\broad_objects_test_holdout_v3_4percat\table__04\parts_crop\004_leg.png,ce518630851f7e8777508da6f0430870df1a6a098c47f9d65521fd4a4f343b2b,2854,0.7103174603174603,0.7103174603174603
telephone__01,0,1764341,screen,screen,__RUNTIME_ROOT__\datasets\paco\broad_objects_test_holdout_v3_4percat\telephone__01\parts_crop\001_screen.png,78f2747ddbfcdb376f3595d4b0158f8aa75d5876457f6f7db7ac02242c00a113,617,0.9162717219589257,0.9162717219589257
telephone__01,1,1764342,button,button,__RUNTIME_ROOT__\datasets\paco\broad_objects_test_holdout_v3_4percat\telephone__01\parts_crop\002_button.png,12af69cdd05b697c0595796d52a1048160101d8b4f343ecbfaf5c3d6ff259ec0,949,0.689811320754717,0.07628004179728318
telephone__01,2,1764343,back_cover,back_panel,__RUNTIME_ROOT__\datasets\paco\broad_objects_test_holdout_v3_4percat\telephone__01\parts_crop\003_back_cover.png,5f6542466f837b27aa041df2dd9a92a2a149274ac6eb41b133defeb9ee167595,3801,0.9413919413919414,0.0
telephone__01,3,1764344,bezel,bezel,__RUNTIME_ROOT__\datasets\paco\broad_objects_test_holdout_v3_4percat\telephone__01\parts_crop\004_bezel.png,204b9a807855e87134ade5f358d89238648a82b9bfe3e92470a644b05e0b04fc,4060,0.6830985915492958,0.6830985915492958
telephone__02,0,1709708,button,button,__RUNTIME_ROOT__\datasets\paco\broad_objects_test_holdout_v3_4percat\telephone__02\parts_crop\001_button.png,bd7c5d265048ed96d43c6c062ba67351c945ebcf2ffea54639bea25dc866a8cf,2925,0.31736526946107785,0.048205128205128206
telephone__02,1,1709709,screen,screen,__RUNTIME_ROOT__\datasets\paco\broad_objects_test_holdout_v3_4percat\telephone__02\parts_crop\002_screen.png,36e8430c322df75c2216dad73bacb4d40c7418a383f4fdbd27a78d0143be8390,781,0.0,0.0
telephone__02,2,1709710,back_cover,back_panel,__RUNTIME_ROOT__\datasets\paco\broad_objects_test_holdout_v3_4percat\telephone__02\parts_crop\003_back_cover.png,f07b5dfa4a912043db2b77f5756b402553671e49eae38c992e4d11b47ffebae2,3100,0.060597675705589375,0.060597675705589375
telephone__02,3,1709711,bezel,bezel,__RUNTIME_ROOT__\datasets\paco\broad_objects_test_holdout_v3_4percat\telephone__02\parts_crop\004_bezel.png,f686386098f017d8038ac0afbccd66c72a6c9157006636f8e26ac2f4de17d0dd,7024,0.16573667339427758,0.0
telephone__03,0,1747518,button,button,__RUNTIME_ROOT__\datasets\paco\broad_objects_test_holdout_v3_4percat\telephone__03\parts_crop\001_button.png,d1eca7573a90e31d869bcea139c0c7e83fe089b5c5a4e2e191b952b0ae1bd6ec,915,0.20338058887677207,0.03023758099352052
telephone__03,1,1747519,screen,screen,__RUNTIME_ROOT__\datasets\paco\broad_objects_test_holdout_v3_4percat\telephone__03\parts_crop\002_screen.png,72d0382a075d405bc48ffd996780eb9056e09f77fda6be9e10d4b47cc1bc4ce1,511,0.9323583180987203,0.9323583180987203
telephone__03,2,1747520,back_cover,back_panel,__RUNTIME_ROOT__\datasets\paco\broad_objects_test_holdout_v3_4percat\telephone__03\parts_crop\003_back_cover.png,e5e8c884fda76f126985747dc9005b48877ff76477fa53834b408538a01fbb7d,1896,0.556312981624185,0.556312981624185
telephone__03,3,1747521,bezel,bezel,__RUNTIME_ROOT__\datasets\paco\broad_objects_test_holdout_v3_4percat\telephone__03\parts_crop\004_bezel.png,40d01ee719bd3f75fb843ed98e8395b1f47f865a9598c40c92c360471cdb10c2,3684,0.5932690681549129,0.13682795698924732
telephone__04,0,1713261,button,button,__RUNTIME_ROOT__\datasets\paco\broad_objects_test_holdout_v3_4percat\telephone__04\parts_crop\001_button.png,e2bdaa240d0bb07bb4a9a7b88dcb48dcf8b36df49084e391d6c6ab643fb38feb,1323,0.04686318972033258,0.04686318972033258
telephone__04,1,1713262,screen,screen,__RUNTIME_ROOT__\datasets\paco\broad_objects_test_holdout_v3_4percat\telephone__04\parts_crop\002_screen.png,a62ae7d62aa5b79d70a4816c766b1836e0b299e0677fb75326114c741f711f34,1170,0.0,0.0
telephone__04,2,1713263,bezel,bezel,__RUNTIME_ROOT__\datasets\paco\broad_objects_test_holdout_v3_4percat\telephone__04\parts_crop\003_bezel.png,83172ca7a8720c126cc5b3541a6e1e17c147a8fad563070de3940081f1eb2cfb,6424,0.004047322540473225,0.0
telephone__04,3,1713264,back_cover,back_panel,__RUNTIME_ROOT__\datasets\paco\broad_objects_test_holdout_v3_4percat\telephone__04\parts_crop\004_back_cover.png,8bdabac5172d1025c5493ecd330e00af9c6ebd23b7605b7e219acaa184f02d48,402,0.0,0.0
television_set__01,0,1743271,base,base,__RUNTIME_ROOT__\datasets\paco\broad_objects_test_holdout_v3_4percat\television_set__01\parts_crop\001_base.png,1531b5b2d0c19bed4c819635b101d2fda4819bd1881594943f163dda614cacfa,3214,0.00031858548046672774,0.0
television_set__01,1,1743272,top,top_panel,__RUNTIME_ROOT__\datasets\paco\broad_objects_test_holdout_v3_4percat\television_set__01\parts_crop\002_top.png,9a0e9ff1ba6dd584133abda5e3585351581a4aefef51843a74bfbf539b1f6186,14985,0.4120555152394775,0.0
television_set__01,2,1743273,bottom,bottom_panel,__RUNTIME_ROOT__\datasets\paco\broad_objects_test_holdout_v3_4percat\television_set__01\parts_crop\003_bottom.png,d31b3ef280b8adb49ddad59021b3bf57344ba064bed84a2ccca796d53b56add8,12036,0.30517208229186693,0.0
television_set__01,3,1743274,side,side_panel,__RUNTIME_ROOT__\datasets\paco\broad_objects_test_holdout_v3_4percat\television_set__01\parts_crop\004_side.png,c578b655ae47c1b01ea31c362a8aa4f40038ce239983a01a79c836b4150518cb,16851,0.25209637639916527,0.0
television_set__02,0,1747995,base,base,__RUNTIME_ROOT__\datasets\paco\broad_objects_test_holdout_v3_4percat\television_set__02\parts_crop\001_base.png,f97fd58601ecc4a58e18516c40ea59f7b286943454cfff3681657a04f2f0b4b8,3029,0.012760289863374675,0.011968689054526997
television_set__02,1,1747996,top,top_panel,__RUNTIME_ROOT__\datasets\paco\broad_objects_test_holdout_v3_4percat\television_set__02\parts_crop\002_top.png,6ad7be0e35e65335dcc8a7c3f0f90d472c0a4b3c521c77b7363ddec4c2a3c6e6,12042,0.368270629806693,0.0
television_set__02,2,1747997,side,side_panel,__RUNTIME_ROOT__\datasets\paco\broad_objects_test_holdout_v3_4percat\television_set__02\parts_crop\003_side.png,07d3c6fb27afaa185cdfbfe79edecc8444a120c17a33034499d14983f2fdcbed,16703,0.2919823404371287,0.2583539729587072
television_set__02,3,1747998,bottom,bottom_panel,__RUNTIME_ROOT__\datasets\paco\broad_objects_test_holdout_v3_4percat\television_set__02\parts_crop\004_bottom.png,8b0fadeebe3a9cbdbca2c502e3ed5bb3835658c2d3e9281c30facb29fdc09fb9,10725,0.5753668004473979,0.5753668004473979
television_set__03,0,1724085,base,base,__RUNTIME_ROOT__\datasets\paco\broad_objects_test_holdout_v3_4percat\television_set__03\parts_crop\001_base.png,aa0bcc296217f26b5b6eca957f4e333ef34e852979f28299f0af425aa8ad28b9,6595,0.9722180731889469,0.0
television_set__03,1,1724086,bottom,bottom_panel,__RUNTIME_ROOT__\datasets\paco\broad_objects_test_holdout_v3_4percat\television_set__03\parts_crop\002_bottom.png,f4ab189231395cf2b9fb61d24836e1ba79b6f98985bd587bbd714e024011c8c8,12156,0.42604475156301413,0.0
television_set__03,2,1724087,top,top_panel,__RUNTIME_ROOT__\datasets\paco\broad_objects_test_holdout_v3_4percat\television_set__03\parts_crop\003_top.png,0f8cff78a15e90fabb7b32f4d56f12ab43d82d26a09458c81728722fde7e3196,9160,0.1815327337564761,0.1815327337564761
television_set__03,3,1724088,side,side_panel,__RUNTIME_ROOT__\datasets\paco\broad_objects_test_holdout_v3_4percat\television_set__03\parts_crop\004_side.png,03ce82761d5cc7644e8ced24c9227c80fe5bf79ad86249b9d3fbbdf129701582,6971,0.1560317787393823,0.0
television_set__04,0,1746635,top,top_panel,__RUNTIME_ROOT__\datasets\paco\broad_objects_test_holdout_v3_4percat\television_set__04\parts_crop\002_top.png,3f4c95dc98cac7784b2b63934878405b0e61fb9ef7878bb27d05a512b3df3186,4217,0.003009801832516514,0.0
television_set__04,1,1746636,side,side_panel,__RUNTIME_ROOT__\datasets\paco\broad_objects_test_holdout_v3_4percat\television_set__04\parts_crop\003_side.png,f6102a559b54ef105e12bad6c620cc6441576abe8531fc82d7380d5e45586a8d,15269,0.3401008579474753,0.0
television_set__04,2,1746637,bottom,bottom_panel,__RUNTIME_ROOT__\datasets\paco\broad_objects_test_holdout_v3_4percat\television_set__04\parts_crop\004_bottom.png,f1561a0b6e878ed6a6b5be5efaf5d15d0f199505c7c3f416926252bd496d395a,6016,0.47378898473788983,0.0
towel__01,0,1704431,border,border,__RUNTIME_ROOT__\datasets\paco\broad_objects_test_holdout_v3_4percat\towel__01\parts_crop\001_border.png,d5b76d7b375396c98a66d947fe8e94e8c631ceb3bde12c7554acd772dc83dbe0,346,0.055349641709908574,0.0
towel__01,1,1704432,hem,hem,__RUNTIME_ROOT__\datasets\paco\broad_objects_test_holdout_v3_4percat\towel__01\parts_crop\002_hem.png,a38745705ea5a14261d1b056956d7f69f283ff1d37319cd8f4f432fbe95e8c46,310,0.0508562532433835,0.0
towel__01,2,1704433,terry_bar,terry_bar,__RUNTIME_ROOT__\datasets\paco\broad_objects_test_holdout_v3_4percat\towel__01\parts_crop\003_terry_bar.png,c815fa32ba2cc320e694670ae1a03c3562e3898c0912828325573e0a174afa84,856,0.1278527607361963,0.1278527607361963
towel__01,3,1704434,body,body,__RUNTIME_ROOT__\datasets\paco\broad_objects_test_holdout_v3_4percat\towel__01\parts_crop\004_body.png,6afa84311421cd1175e95456d28e5ea9bbe59438235315dc1a57ffd8e1e2c3b4,9434,0.8589626099706745,0.8589626099706745
towel__02,0,1725995,border,border,__RUNTIME_ROOT__\datasets\paco\broad_objects_test_holdout_v3_4percat\towel__02\parts_crop\001_border.png,67bb59a2a1a250de7bb0232a0c37ea2aa6042ee16b70e9916dc4e4daf3b9189e,515,0.10427443506670296,0.011506970568709892
towel__02,1,1725996,hem,hem,__RUNTIME_ROOT__\datasets\paco\broad_objects_test_holdout_v3_4percat\towel__02\parts_crop\002_hem.png,ae81add8cf909c5bcfb59d987a2354f0df9af95217442f6bf4d2f24508180e00,246,0.0398406374501992,0.0
towel__02,2,1725997,terry_bar,terry_bar,__RUNTIME_ROOT__\datasets\paco\broad_objects_test_holdout_v3_4percat\towel__02\parts_crop\003_terry_bar.png,a358c4d24df33986c44e12318be77d0141605dcab6e7f257c0e427787c566043,2704,0.3902493321460374,0.3902493321460374
towel__02,3,1725998,body,body,__RUNTIME_ROOT__\datasets\paco\broad_objects_test_holdout_v3_4percat\towel__02\parts_crop\004_body.png,d2fb26e0ceca736ce55994fa22b45472896f8af17125e11d1299d0877557931a,4298,0.5969403684046206,0.36088709677419356
towel__03,0,1690662,border,border,__RUNTIME_ROOT__\datasets\paco\broad_objects_test_holdout_v3_4percat\towel__03\parts_crop\001_border.png,44e386ef2c912b2b3d49e6bb748d723941f319d64bedf971ffcedc4bf4b8d268,520,0.13631560408594576,0.0
towel__03,1,1690663,hem,hem,__RUNTIME_ROOT__\datasets\paco\broad_objects_test_holdout_v3_4percat\towel__03\parts_crop\002_hem.png,83490e9bd582a059d43b1fd4b9b684aca118f3333918d35a15b5809061383f84,373,0.05121201775349949,0.0
towel__03,2,1690664,body,body,__RUNTIME_ROOT__\datasets\paco\broad_objects_test_holdout_v3_4percat\towel__03\parts_crop\003_body.png,1f207b3a39e76237dcae3a2b4b1e37b1bd3b5982c3aecf3ad97f6794f697393c,6224,0.8679218967921897,0.8679218967921897
towel__04,0,1737529,hem,hem,__RUNTIME_ROOT__\datasets\paco\broad_objects_test_holdout_v3_4percat\towel__04\parts_crop\001_hem.png,06557c63d52ed21bb9ca0358ca86eb69d8ea743e340abbb43f4d38456c291638,434,0.0,0.0
towel__04,1,1737530,body,body,__RUNTIME_ROOT__\datasets\paco\broad_objects_test_holdout_v3_4percat\towel__04\parts_crop\002_body.png,83542b23078233a4d3d5f445339a31b23680d6cd614fa2589c0e67d8086a0643,22310,0.0,0.0
trash_can__01,0,1767239,lid,lid,__RUNTIME_ROOT__\datasets\paco\broad_objects_test_holdout_v3_4percat\trash_can__01\parts_crop\001_lid.png,89dd6bcbb4a1f514ea94fec91cbdf7e024f60aa501c9702e159dc975bcba1239,1120,0.724561403508772,0.0
trash_can__01,1,1767240,wheel,wheel,__RUNTIME_ROOT__\datasets\paco\broad_objects_test_holdout_v3_4percat\trash_can__01\parts_crop\002_wheel.png,d028bba0e3bcb38a23d723e8e9e55c4d7384cacfbb9f87dbe9f0fbc3c5e9d819,765,0.875784190715182,0.0
trash_can__01,2,1767241,body,body,__RUNTIME_ROOT__\datasets\paco\broad_objects_test_holdout_v3_4percat\trash_can__01\parts_crop\003_body.png,249f3b4bea55e5f9848a67cbb1693c4c82873b72c1284fb4f6db7d8cf698f7aa,13648,0.9098384514626692,0.3931402219339962
trash_can__01,3,1767242,label,label,__RUNTIME_ROOT__\datasets\paco\broad_objects_test_holdout_v3_4percat\trash_can__01\parts_crop\004_label.png,c12c242bb6896110199e630740b2247681105cc2f26ef05c863dc579adff1aa7,643,0.9041731066460588,0.9041731066460588
trash_can__02,0,1695951,lid,lid,__RUNTIME_ROOT__\datasets\paco\broad_objects_test_holdout_v3_4percat\trash_can__02\parts_crop\001_lid.png,0f89bfc69bf9a411399cdc6e3b24b0467501e8e13f590bedac03271241860b88,5471,0.013506245144325585,0.0
trash_can__02,1,1695952,rim,rim,__RUNTIME_ROOT__\datasets\paco\broad_objects_test_holdout_v3_4percat\trash_can__02\parts_crop\002_rim.png,da694c8396a81ffaa5e176f175a19c41b92c9164c04c1ff9e3ea362bd3d5e628,918,0.024670249145090375,0.0
trash_can__02,2,1695953,inner_body,inner,__RUNTIME_ROOT__\datasets\paco\broad_objects_test_holdout_v3_4percat\trash_can__02\parts_crop\003_inner_body.png,dad91611b0280f360e1abc6ad3cc8225d34bf92d0310e957c97f0a89004907e1,259,0.009104650754033817,0.0
trash_can__02,3,1695954,body,body,__RUNTIME_ROOT__\datasets\paco\broad_objects_test_holdout_v3_4percat\trash_can__02\parts_crop\004_body.png,bc922f73d9d2efe3b3bdf4c4f32624c4a522e92632567fc5d1d677e76abfb71f,27094,0.938130299752242,0.938130299752242
trash_can__03,0,1757524,hole,opening,__RUNTIME_ROOT__\datasets\paco\broad_objects_test_holdout_v3_4percat\trash_can__03\parts_crop\001_hole.png,ae091cb126c6a1132b28e3d1553feaddeddf7a7531c097338bb254c893a43950,57,0.04520222045995242,0.0
trash_can__03,1,1757525,lid,lid,__RUNTIME_ROOT__\datasets\paco\broad_objects_test_holdout_v3_4percat\trash_can__03\parts_crop\002_lid.png,91e9d9224bde66c40f4da7700cf0665c691fbad4a70973d2c1fbf4c932a339fe,786,0.5673813169984686,0.5673813169984686
trash_can__03,2,1757526,rim,rim,__RUNTIME_ROOT__\datasets\paco\broad_objects_test_holdout_v3_4percat\trash_can__03\parts_crop\003_rim.png,201181df40342a328772b591e997e798240a84c090c8971fc8d4016e76b7a9aa,627,0.3147632311977716,0.0
trash_can__03,3,1757527,body,body,__RUNTIME_ROOT__\datasets\paco\broad_objects_test_holdout_v3_4percat\trash_can__03\parts_crop\004_body.png,2d83b00fbe74596be35448b14514035ca903bba2db08e80ad1d420fc0032f55f,18359,0.8562013467691867,0.8562013467691867
trash_can__04,0,1693330,hole,opening,__RUNTIME_ROOT__\datasets\paco\broad_objects_test_holdout_v3_4percat\trash_can__04\parts_crop\001_hole.png,413da6c2642721f31be207d057491658811bf97919c3f6657b7de38d04265f92,7322,0.5188253012048193,0.0
trash_can__04,1,1693331,lid,lid,__RUNTIME_ROOT__\datasets\paco\broad_objects_test_holdout_v3_4percat\trash_can__04\parts_crop\002_lid.png,28d925cc40044692094f375f3185ae66a01802c3ab9bbdc99edf5293a27affc2,8764,0.6148564997186269,0.0
trash_can__04,2,1693332,body,body,__RUNTIME_ROOT__\datasets\paco\broad_objects_test_holdout_v3_4percat\trash_can__04\parts_crop\003_body.png,958446868418e1a09d2bd9e15e81f68ac29645d91404df626f1f055b012533c1,11783,0.42234283454944105,0.42234283454944105
trash_can__04,3,1693333,label,label,__RUNTIME_ROOT__\datasets\paco\broad_objects_test_holdout_v3_4percat\trash_can__04\parts_crop\004_label.png,7fd08202cc9cd8fce48eebc49070834cdc41fb50498ee7213089cfc167c7d76d,1388,0.10359712230215827,0.10359712230215827
tray__01,0,1721834,rim,rim,__RUNTIME_ROOT__\datasets\paco\broad_objects_test_holdout_v3_4percat\tray__01\parts_crop\001_rim.png,21057dbc13d33bfde0deb8d4010564ebc015b1ae66771d8ec00cc29367d82cc6,14410,0.16652081072566247,0.0
tray__01,1,1721835,outer_side,outer_side,__RUNTIME_ROOT__\datasets\paco\broad_objects_test_holdout_v3_4percat\tray__01\parts_crop\002_outer_side.png,2d56120c258012cf85a7f6578de4fa111bd79d86c9ba991ca447b2ebe3659122,14419,0.16852107243869943,0.0
tray__01,2,1721836,inner_side,inner_wall,__RUNTIME_ROOT__\datasets\paco\broad_objects_test_holdout_v3_4percat\tray__01\parts_crop\003_inner_side.png,4e739305f7dbccef65e11f48f072e202fd26669e772a5787ff6bd436a09f2cf4,8086,0.34844668345927793,0.0
tray__01,3,1721837,bottom,bottom,__RUNTIME_ROOT__\datasets\paco\broad_objects_test_holdout_v3_4percat\tray__01\parts_crop\004_bottom.png,cbc768cce533676cfaca190821002ad8146e3ecb0c256fb59dc4d59871e7d707,28515,0.5302013422818792,0.0
tray__02,0,1711293,rim,rim,__RUNTIME_ROOT__\datasets\paco\broad_objects_test_holdout_v3_4percat\tray__02\parts_crop\001_rim.png,7b99646aea32d5e25ea32090fc7998d6b38c4bc299d4ddd88474686aed665da4,9992,0.0,0.0
tray__02,1,1711294,inner_side,inner_wall,__RUNTIME_ROOT__\datasets\paco\broad_objects_test_holdout_v3_4percat\tray__02\parts_crop\002_inner_side.png,9dae254fa207dd229f01c707a21e7744e61ef4c74666d92ae5846b1aacc4af08,17852,0.0,0.0
tray__02,2,1711295,bottom,bottom,__RUNTIME_ROOT__\datasets\paco\broad_objects_test_holdout_v3_4percat\tray__02\parts_crop\003_bottom.png,000a5607513cb746ea5c73fee892e4836dc275b9f3984c93c2c33d76b83be36b,6488,0.0,0.0
tray__02,3,1711296,outer_side,outer_side,__RUNTIME_ROOT__\datasets\paco\broad_objects_test_holdout_v3_4percat\tray__02\parts_crop\004_outer_side.png,bd7dfa1386c29307959f9083f9eefa439f4feeb07288e4e92cb24684916633fb,2140,0.0,0.0
tray__03,0,1734560,bottom,bottom,__RUNTIME_ROOT__\datasets\paco\broad_objects_test_holdout_v3_4percat\tray__03\parts_crop\001_bottom.png,9e9781de24f51902bc3f88c1812b497abb3677c67f4a609c6eaa11b183490908,13991,0.0,0.0
tray__03,1,1734561,rim,rim,__RUNTIME_ROOT__\datasets\paco\broad_objects_test_holdout_v3_4percat\tray__03\parts_crop\002_rim.png,b139a17d52b1bc8a19f1ee7f1aa7249963bde3f9e7ad6192197be8c89e7aa2a5,1735,0.0,0.0
tray__03,2,1734562,outer_side,outer_side,__RUNTIME_ROOT__\datasets\paco\broad_objects_test_holdout_v3_4percat\tray__03\parts_crop\003_outer_side.png,1c0331e37b787b47473505b7d38372ae55a5fd71ea5838ba864422763b7f5455,1544,0.0,0.0
tray__03,3,1734563,inner_side,inner_wall,__RUNTIME_ROOT__\datasets\paco\broad_objects_test_holdout_v3_4percat\tray__03\parts_crop\004_inner_side.png,702a52afd22ee8b15252482a7a5b34e80e70ab64719933e7a27c3233910be689,1571,0.0,0.0
tray__04,0,1765721,rim,rim,__RUNTIME_ROOT__\datasets\paco\broad_objects_test_holdout_v3_4percat\tray__04\parts_crop\001_rim.png,ae66f5f201457be2968d7bbaba72ef9c6e4328c2c7d04ce86c320bff1766156f,1074,0.0,0.0
tray__04,1,1765722,inner_side,inner_wall,__RUNTIME_ROOT__\datasets\paco\broad_objects_test_holdout_v3_4percat\tray__04\parts_crop\002_inner_side.png,8ae36e7d9f85befe54fd1c7a1f6ce02f39edcccff9edbf1dae29c3bd93ae5e74,2007,0.0,0.0
tray__04,2,1765723,bottom,bottom,__RUNTIME_ROOT__\datasets\paco\broad_objects_test_holdout_v3_4percat\tray__04\parts_crop\003_bottom.png,1c087470c719d0679e52814b17be6a56f97ee980fffc2c3765b7b7ef722d9b2e,8006,0.0001887148518588413,0.0
tray__04,3,1765724,outer_side,outer_side,__RUNTIME_ROOT__\datasets\paco\broad_objects_test_holdout_v3_4percat\tray__04\parts_crop\004_outer_side.png,90a07f5d3ab943b17c9e6855a70b304fb696186dd6a88d2587b9c0eca95cea38,265,0.0,0.0
vase__01,0,1765277,handle,handle,__RUNTIME_ROOT__\datasets\paco\broad_objects_test_holdout_v3_4percat\vase__01\parts_crop\001_handle.png,9d6d61fc7e797df6d99ecf38e02c900738d5e725d30de15e450d6714a75830bc,2119,0.3503289473684211,0.0
vase__01,1,1765278,foot,base,__RUNTIME_ROOT__\datasets\paco\broad_objects_test_holdout_v3_4percat\vase__01\parts_crop\002_foot.png,0f1ec5efd0278be932c3518051fac050b3a60d1fda43a940ba734cf9a0be0360,2332,0.8950722175021241,0.0
vase__01,2,1765279,mouth,opening,__RUNTIME_ROOT__\datasets\paco\broad_objects_test_holdout_v3_4percat\vase__01\parts_crop\003_mouth.png,69dcced5c49d4995bfc647e51a4c820eddc8684b7cf0938c9fcd4875440941fb,282,0.051783097215437224,0.0
vase__01,3,1765280,neck,neck,__RUNTIME_ROOT__\datasets\paco\broad_objects_test_holdout_v3_4percat\vase__01\parts_crop\004_neck.png,e91cc6ac5bd72fa057b6321663109214cbb90576936640ec6ff98f243a9871e2,4262,0.6375494071146245,0.0
vase__01,4,1765281,body,body,__RUNTIME_ROOT__\datasets\paco\broad_objects_test_holdout_v3_4percat\vase__01\parts_crop\005_body.png,d0f358ba7c427d35bd69daf01a1e4767f91eee45fd2f86d37f487518a89ac1fd,4692,0.351247456094068,0.0
vase__02,0,1716815,handle,handle,__RUNTIME_ROOT__\datasets\paco\broad_objects_test_holdout_v3_4percat\vase__02\parts_crop\001_handle.png,003795e8ef32a24b772e72d6d2c2ad25f4defaf1e388ebe88a2ed4877f11d68d,1348,0.08574212406625528,0.0
vase__02,1,1716816,mouth,opening,__RUNTIME_ROOT__\datasets\paco\broad_objects_test_holdout_v3_4percat\vase__02\parts_crop\002_mouth.png,90e6bbf366c67a5a5b4f2ea543e2ea6d12dd49a2e22d9dcb2221d44363782002,121,0.0,0.0
vase__02,2,1716817,neck,neck,__RUNTIME_ROOT__\datasets\paco\broad_objects_test_holdout_v3_4percat\vase__02\parts_crop\003_neck.png,a7f0cfd972c3dd2e77f5d0430867a3520ad8447184013dc148c17bc80c620c95,1155,0.25142546836817814,0.0
vase__02,3,1716818,foot,base,__RUNTIME_ROOT__\datasets\paco\broad_objects_test_holdout_v3_4percat\vase__02\parts_crop\004_foot.png,134ef5a5c88b5a5777ea22d4807120ea139044b1afabaf3b2143b3c82123e411,443,0.287292817679558,0.287292817679558
vase__02,4,1716819,body,body,__RUNTIME_ROOT__\datasets\paco\broad_objects_test_holdout_v3_4percat\vase__02\parts_crop\005_body.png,84cf8eca78343cb7b7916897c856023f68ad1991d736bd0b19641b44173f2380,10854,0.6721510107773739,0.6721510107773739
vase__03,0,1743210,foot,base,__RUNTIME_ROOT__\datasets\paco\broad_objects_test_holdout_v3_4percat\vase__03\parts_crop\001_foot.png,245698d9603bfa6c2d4f9ec45d757a245ba8b43da636eae7258db8025594097b,677,0.780380673499268,0.780380673499268
vase__03,1,1743211,mouth,opening,__RUNTIME_ROOT__\datasets\paco\broad_objects_test_holdout_v3_4percat\vase__03\parts_crop\002_mouth.png,02b0da5c0b81f51e667f5ba8c6a5b9325d43003cf38fa53da5c2ade5f5c94204,150,0.13645833333333332,0.0
vase__03,2,1743212,neck,neck,__RUNTIME_ROOT__\datasets\paco\broad_objects_test_holdout_v3_4percat\vase__03\parts_crop\003_neck.png,4f452b7a38b64e5841929db235db99a7b2521908de9ad6e1b3817862d143ad1a,979,0.6976127320954907,0.6976127320954907
vase__03,3,1743213,handle,handle,__RUNTIME_ROOT__\datasets\paco\broad_objects_test_holdout_v3_4percat\vase__03\parts_crop\004_handle.png,f6af05653b976e593ee7f602f481cb1f5f0e52ab3c928fcf8d09b77186a2c890,128,0.030732292917166868,0.0
vase__03,4,1743214,body,body,__RUNTIME_ROOT__\datasets\paco\broad_objects_test_holdout_v3_4percat\vase__03\parts_crop\005_body.png,92435e1989ffdb74ce61f43353a1685132cbe7d78fffc6ef0dd0eef26a18de87,9882,0.8202603185476965,0.8202603185476965
vase__04,0,1730900,mouth,opening,__RUNTIME_ROOT__\datasets\paco\broad_objects_test_holdout_v3_4percat\vase__04\parts_crop\001_mouth.png,ffce98d7e662da0a62e80e07cebe15358d3f54c2f715200ba07af98cd35273b7,754,0.41060735671514115,0.0
vase__04,1,1730901,handle,handle,__RUNTIME_ROOT__\datasets\paco\broad_objects_test_holdout_v3_4percat\vase__04\parts_crop\002_handle.png,a06411b76d096eb30deddcfef9d2bfd2725843d9b08eebb83d3cd1bba4d853bd,299,0.026730790739290907,0.0
vase__04,2,1730902,neck,neck,__RUNTIME_ROOT__\datasets\paco\broad_objects_test_holdout_v3_4percat\vase__04\parts_crop\003_neck.png,6c4b673be07fca413de40936a8426af61f2594c187a38a90584cbc6f99672ddc,1207,0.24178286852589642,0.0
vase__04,3,1730903,body,body,__RUNTIME_ROOT__\datasets\paco\broad_objects_test_holdout_v3_4percat\vase__04\parts_crop\004_body.png,eefcf239b5bfe0d1abd43d310d6426750e875464de6202edf34a726ac129bd8f,5440,0.5763346175013759,0.5763346175013759
vase__04,4,1730904,foot,base,__RUNTIME_ROOT__\datasets\paco\broad_objects_test_holdout_v3_4percat\vase__04\parts_crop\005_foot.png,d1054e2f74d5f4a2a334b49e229198d2baf3bbb57b7cee852aacb86830eb6307,601,0.8954983922829582,0.8954983922829582
wallet__01,0,1770841,flap,flap,__RUNTIME_ROOT__\datasets\paco\broad_objects_test_holdout_v3_4percat\wallet__01\parts_crop\001_flap.png,49ebc2601bf1b9f34954496bd21a3ea101723cfea4fea7787ddceec5c088b99b,699,0.2861593235425011,0.0
wallet__01,1,1770842,inner_body,inner,__RUNTIME_ROOT__\datasets\paco\broad_objects_test_holdout_v3_4percat\wallet__01\parts_crop\002_inner_body.png,c2e90dc91aa05695e7105edabd6c16eac4d8e6b218763eb0ae196074e8aa96da,1045,0.20474137931034483,0.0
wallet__02,0,1730515,flap,flap,__RUNTIME_ROOT__\datasets\paco\broad_objects_test_holdout_v3_4percat\wallet__02\parts_crop\001_flap.png,29be39971967587b0f326b7829a4b8668ce1c955b55cc4cd8850098c6e81f605,3223,0.8853963838664812,0.8853963838664812
wallet__02,1,1730516,inner_body,inner,__RUNTIME_ROOT__\datasets\paco\broad_objects_test_holdout_v3_4percat\wallet__02\parts_crop\002_inner_body.png,2a1cb48b9797b9a1ef0868eb80ca574b84db8e4b33f36035ea6cf644459bfbd3,271,0.05253181695098836,0.05253181695098836
watch__01,0,1747623,case,body,__RUNTIME_ROOT__\datasets\paco\broad_objects_test_holdout_v3_4percat\watch__01\parts_crop\001_case.png,5504e51ba74b960c5653c11dff27e8fcf9eef21073015711a332fe113114ec97,655,0.7275280898876404,0.09196499602227526
watch__01,1,1747624,buckle,buckle,__RUNTIME_ROOT__\datasets\paco\broad_objects_test_holdout_v3_4percat\watch__01\parts_crop\002_buckle.png,bdcc395c538ea7c8946e5f812f4bc4d0d82a2ab39db049a3c0f871b59ce69ea7,54,0.019201228878648235,0.0
watch__01,2,1747625,strap,band,__RUNTIME_ROOT__\datasets\paco\broad_objects_test_holdout_v3_4percat\watch__01\parts_crop\003_strap.png,c8cf149196ccc36881e37f9e1ee6b04d7e66a728132ad626c1ab07563654a805,1950,0.7113207547169811,0.0
watch__02,0,1764150,strap,band,__RUNTIME_ROOT__\datasets\paco\broad_objects_test_holdout_v3_4percat\watch__02\parts_crop\001_strap.png,e3aca703d7eef14f81ef7de14e09401612e757fdc34acb259168925557148ee8,2201,0.00033456005352960856,0.0
watch__02,1,1764151,case,body,__RUNTIME_ROOT__\datasets\paco\broad_objects_test_holdout_v3_4percat\watch__02\parts_crop\002_case.png,7c60ae2c4ad5f6c4a5d9f5be4449574141ba38db232ef2755b5fd7b494b99f2c,120,0.0,0.0
watch__02,2,1764152,window,screen,__RUNTIME_ROOT__\datasets\paco\broad_objects_test_holdout_v3_4percat\watch__02\parts_crop\003_window.png,7c14ee9722735249c5f650e1cdcd64ae374efafcb22ba8d22f8cd5160ffa9a6e,94,0.0,0.0
watch__03,0,1716334,case,body,__RUNTIME_ROOT__\datasets\paco\broad_objects_test_holdout_v3_4percat\watch__03\parts_crop\001_case.png,8364ff2944dbfa9b78ec49c7a792ce3e0f31f35a375023a8575e449c117b4025,3636,0.6258444482937814,0.6258444482937814
watch__03,1,1716335,strap,band,__RUNTIME_ROOT__\datasets\paco\broad_objects_test_holdout_v3_4percat\watch__03\parts_crop\002_strap.png,656e49531fdd0645b1070d139604ab61b37fb7ab282c666ade0b2b7f8f4ba66e,1262,0.1998631074606434,0.0
watch__04,0,1762529,case,body,__RUNTIME_ROOT__\datasets\paco\broad_objects_test_holdout_v3_4percat\watch__04\parts_crop\001_case.png,40d8004e5f8d2d46e3ef49a32455d2f89d23b1918638dcd2094280f54cc45e4e,3735,0.0009386366302944972,0.0009386366302944972
watch__04,1,1762530,strap,band,__RUNTIME_ROOT__\datasets\paco\broad_objects_test_holdout_v3_4percat\watch__04\parts_crop\002_strap.png,ffe14d6a6479ca0c49ca3b1324579c8c87e1a0a87479bc1ecef05ba2b8f0e50e,973,0.0006938421509106678,0.0
