split,case_id,candidate_key,semantic_name,mask_sha256,semantic_pass,structure_raw_pass,appearance_raw_pass,accepted,semantic_reason,structure_reason,appearance_reason
holdout42,belt__u01,root:14/profile-refine:IDEA-Research_grounding-dino-tiny:daily_object_buckle_prong:01,daily_object_buckle_prong,8cf87eef1aea0dc10fbb0f339bcb30301e7bea63f3a8d9f0290a60ca140380d4,True,True,True,True,direct_semantic_segmenter,direct_semantic_mask,no_appearance_contradiction
holdout42,bench__u01,root:1/profile-dense:furniture_foot:03,furniture_foot,f3dbc5d188eea7334bc5f01f4da25aa7d59a56fc8beaae6ad16c554cfe908561,True,False,True,False,resolved_inventory_candidate,insufficient_structure,not_evaluated_previous_stage_failed
holdout42,bench__u01,root:1/profile-dense:furniture_foot:04,furniture_foot,ae250ebed9e714ec69f1358e59ce1d7a74afb3e360abef8f7913cd51b006963e,True,False,True,False,resolved_inventory_candidate,insufficient_structure,not_evaluated_previous_stage_failed
holdout42,bench__u01,root:1/profile-dense:furniture_leg:04,furniture_leg,5bbd90fb481561770c29d7414f278c461c462841537abc05d91dcf25417e77c7,True,False,True,False,resolved_inventory_candidate,insufficient_structure,not_evaluated_previous_stage_failed
holdout42,bench__u01,root:1/profile-refine:IDEA-Research_grounding-dino-tiny:furniture_armrest:01,furniture_armrest,b0c7db93cb84ffe84f98a714179cffe8eb26f81921d1543d9518ff5dbaadcb1b,True,True,True,True,direct_semantic_segmenter,direct_semantic_mask,no_appearance_contradiction
holdout42,bench__u01,root:1/profile-refine:IDEA-Research_grounding-dino-tiny:furniture_armrest:02,furniture_armrest,f86329a5085ed3fde8e6616e35ff3cade4d7633b68f4b1814b69b3c8c0820c11,True,True,True,True,direct_semantic_segmenter,direct_semantic_mask,no_appearance_contradiction
holdout42,bench__u01,root:1/profile-refine:IDEA-Research_grounding-dino-tiny:furniture_backrest:01,furniture_backrest,66ddf3490689caa058232e2f460b64ffa728c2c826ba2211968bc10c4bf42741,True,True,True,True,direct_semantic_segmenter,direct_semantic_mask,no_appearance_contradiction
holdout42,bench__u01,root:1/profile-refine:IDEA-Research_grounding-dino-tiny:furniture_cushion:02,furniture_cushion,98bb61740f205a4c6539c3352a99e8b871473a69e787e45e843e4810bcf9d7f2,True,True,True,True,direct_semantic_segmenter,direct_semantic_mask,no_appearance_contradiction
holdout42,bench__u01,root:1/profile-refine:IDEA-Research_grounding-dino-tiny:furniture_foot:01,furniture_foot,9c4af4d3854d29123d0cdfc15c4b26f768189e1635ea5feeb2611907e5b72d11,True,True,True,True,direct_semantic_segmenter,direct_semantic_mask,no_appearance_contradiction
holdout42,bench__u01,root:1/profile-refine:IDEA-Research_grounding-dino-tiny:furniture_foot:02,furniture_foot,84da7e3daac8f5ea8c112fd93244091caf030e83434e73c6ebb5c34180200b9f,True,True,True,True,direct_semantic_segmenter,direct_semantic_mask,no_appearance_contradiction
holdout42,bench__u01,root:1/profile-refine:IDEA-Research_grounding-dino-tiny:furniture_leg:02,furniture_leg,da5ac9826c1b7770d8d7fbfd42b83386b51c427fe0bd708e6d2a685a4b56a8d6,True,True,True,True,direct_semantic_segmenter,direct_semantic_mask,no_appearance_contradiction
holdout42,bench__u01,root:1/profile-refine:IDEA-Research_grounding-dino-tiny:furniture_seat:01,furniture_seat,408baab03ac26b74bf35c2f56f4be400e919a42dcaea93b404cf985958d7cad5,True,True,True,True,direct_semantic_segmenter,direct_semantic_mask,no_appearance_contradiction
holdout42,bench__u01,root:1/profile-refine:IDEA-Research_grounding-dino-tiny:furniture_stretcher:03,furniture_stretcher,be3fc5dd725a98ff8082d9b1d78f40b92b00bcc7d8b1aa6dadfd80c093777e00,True,True,True,True,direct_semantic_segmenter,direct_semantic_mask,no_appearance_contradiction
holdout42,bench__u01,root:1/visual-region:04,furniture_leg,8284f04d954c70e7af4469b6cc111bf0ed3552838df6449cde52247450b61e50,False,True,True,False,semantic_inventory_evidence_rescue,not_evaluated_semantic_failed,not_evaluated_previous_stage_failed
holdout42,bench__u01,root:1/visual-region:06,furniture_leg,61dedbd9bc5c381917b0e5f78a61b7dbcdcd9fc0dbfabd1b84d1fcc5cb146841,True,True,True,True,base,cross_source_structure,boundary_and_material_consistent
holdout42,bench__u01,root:1/visual-region:17,furniture_leg,11f3c1a714ece760f4ec624ec8ac7144b6ff6dadb819eebe83124f8d5eca6b9b,True,True,True,True,semantic_inventory_evidence_rescue,cross_source_structure,boundary_and_material_consistent
holdout42,bicycle__u01,root:1/profile-refine:IDEA-Research_grounding-dino-tiny:vehicle_chain:01,vehicle_chain,f23d931304ae1ddad23f504e3fbc249664a9f5b63bfeb3cd2ea76c03e8decd5a,True,True,True,True,direct_semantic_segmenter,direct_semantic_mask,no_appearance_contradiction
holdout42,bicycle__u01,root:1/profile-refine:IDEA-Research_grounding-dino-tiny:vehicle_gear:01,vehicle_gear,dcc63013ff0bd0db75ce5b4b3df9b0660b863103677f36165aa2f87199dd097e,True,True,True,True,direct_semantic_segmenter,direct_semantic_mask,no_appearance_contradiction
holdout42,bicycle__u01,root:1/profile-refine:IDEA-Research_grounding-dino-tiny:vehicle_handlebar:02,vehicle_handlebar,76865848e827d431294658623b103fd1e4f9961a2c49ce2b971b29133a3110f6,True,True,True,True,direct_semantic_segmenter,direct_semantic_mask,no_appearance_contradiction
holdout42,bicycle__u01,root:1/profile-refine:IDEA-Research_grounding-dino-tiny:vehicle_wheel:01,vehicle_wheel,6e5439ea362dcc31087dd390f995a2a56f1490e3289c622918a32593e656f56f,True,True,True,True,direct_semantic_segmenter,direct_semantic_mask,no_appearance_contradiction
holdout42,bicycle__u01,root:1/visual-region:04,vehicle_wheel,6e7dcab02d4a61b13a59aa935634af2fa128dcbf0c14dd2a46d6494aa5988929,True,True,True,True,semantic_inventory_evidence_rescue,cross_source_structure,boundary_and_material_consistent
holdout42,bicycle__u01,root:1/visual-region:07,vehicle_pedal,b15ae16c6559eefdee5fe28babc3ee317a0c7fb6d01fa06fe3acc00b70abcbd2,True,False,True,False,semantic_inventory_evidence_rescue,insufficient_structure,not_evaluated_previous_stage_failed
holdout42,bicycle__u02,root:1/profile-refine:IDEA-Research_grounding-dino-tiny:vehicle_chain:02,vehicle_chain,2185ccbaf75c6fbca3a5802313713151dbb9dc3ed5b0a5235feeda2a1d963442,True,True,True,True,direct_semantic_segmenter,direct_semantic_mask,no_appearance_contradiction
holdout42,bicycle__u02,root:1/profile-refine:IDEA-Research_grounding-dino-tiny:vehicle_fork:01,vehicle_fork,2faf63e6babf45f10fe8125af4557a1d65ead755744e66b0f71de9fba94db61d,True,False,True,False,direct_semantic_segmenter,slender_part_shape_contradiction,not_evaluated_previous_stage_failed
holdout42,bicycle__u02,root:1/profile-refine:IDEA-Research_grounding-dino-tiny:vehicle_frame:01,vehicle_frame,df7d885746027d28b592310468420a4765133d8726de8992bde8a12519b6021f,True,True,True,True,direct_semantic_segmenter,direct_semantic_mask,no_appearance_contradiction
holdout42,bicycle__u02,root:1/profile-refine:IDEA-Research_grounding-dino-tiny:vehicle_handlebar:02,vehicle_handlebar,b0a26f7c166a50a14f9c37634916c2180098c68ab3820ded5ee15b43b8b89388,True,True,True,True,direct_semantic_segmenter,direct_semantic_mask,no_appearance_contradiction
holdout42,bicycle__u02,root:1/profile-refine:IDEA-Research_grounding-dino-tiny:vehicle_wheel:01,vehicle_wheel,c4460d36c40f96eac362c1156e49aeb19e1e44d07ca5c6c7662f7b5c8fd640fe,True,True,True,True,direct_semantic_segmenter,direct_semantic_mask,no_appearance_contradiction
holdout42,bicycle__u02,root:1/visual-region:02,vehicle_seat_tube,7857ab9e56d0813df1cd2e687a65031872cc4394a8a2267ac87f86fd05952ac2,True,True,True,True,semantic_inventory_evidence_rescue,cross_source_structure,boundary_and_material_consistent
holdout42,bicycle__u02,root:1/visual-region:06,vehicle_pedal,8dd8e0c40e9df222f5922028cd2d009534a37caf7c7566cd6bc11130f0a1b56a,True,True,True,True,semantic_inventory_evidence_rescue,cross_source_structure,boundary_and_material_consistent
holdout42,book__u01,root:1/profile-refine:IDEA-Research_grounding-dino-tiny:daily_object_cover:01,daily_object_cover,c77f7e9c8be12619c8a39de2f0822171725f3a41c0ab812b37f4f204dc4dba8b,True,True,True,True,direct_semantic_segmenter,direct_semantic_mask,no_appearance_contradiction
holdout42,book__u01,root:1/visual-region:02,daily_object_cover,daa8d162844f643567dcf7695b65c805ba2129ce0327489c540eee8ccf545189,True,False,True,False,base,insufficient_structure,not_evaluated_previous_stage_failed
holdout42,book__u01,root:1/visual-region:16,daily_object_spine,a9bde194e8c96ff01e3ee173dd322f49a43a1d6dd99e62723bfd000d25a00abf,True,False,True,False,base,insufficient_structure,not_evaluated_previous_stage_failed
holdout42,book__u01,root:1/visual-region:17,daily_object_page,f404bd4fd5594e636e357f52234f475f1f26340d8d4a931e28f08aeccb0066c7,True,True,True,True,base,closed_boundary_structure,boundary_and_material_consistent
holdout42,bottle__u01,root:1/container_base:conditional:01,container_base,a382c23ea91520c0985e630af6898beb1893485fa4280624e5e13a4a5bee1c7b,True,True,True,True,direct_semantic_segmenter,direct_semantic_mask,no_appearance_contradiction
holdout42,bottle__u01,root:1/container_inner:conditional:01,container_inner,1711fd6935ab782855ca5747cc6837a62895afcb391aa791a7ebcca0be8b9d74,True,False,True,False,direct_semantic_segmenter,internal_part_follows_outer_silhouette,not_evaluated_previous_stage_failed
holdout42,bottle__u01,root:1/container_pull_tab:conditional:01,container_pull_tab,28a6b740c4c04f60f49ae79cb2aa5914da5639da137591916af4711cebd1dc6d,True,True,True,True,direct_semantic_segmenter,direct_semantic_mask,no_appearance_contradiction
holdout42,bottle__u01,root:1/profile-refine:IDEA-Research_grounding-dino-tiny:container_label:02,container_label,9b00e9753cff1faae08d72b57368172c31c4afacf76cecee7fc4b2794e8be909,True,True,True,True,direct_semantic_segmenter,direct_semantic_mask,no_appearance_contradiction
holdout42,bottle__u01,root:1/visual-region:01,container_spout,b2cdad504be9f037153778426536acc2d1f79cadab3367ab0e861c61848fb799,True,True,True,True,semantic_inventory_evidence_rescue,cross_source_structure,boundary_and_material_consistent
holdout42,bottle__u01,root:1/visual-region:09,container_handle,c6919cdc854e1aacd71ec5cb08e73aca41b90dc91a32563051199b8b5178d5f5,True,False,True,False,base,insufficient_structure,not_evaluated_previous_stage_failed
holdout42,bowl__u01,root:1/container_base:conditional:01,container_base,0ff740ca065a91e4647238e12f4d8705ba5946017f199cd0f4afdc3ebe8289b6,True,True,True,True,direct_semantic_segmenter,direct_semantic_mask,no_appearance_contradiction
holdout42,bowl__u01,root:1/container_bottom:conditional:01,container_bottom,b8d77c9730839ab1f588c81610e54a23e2a9c53b798bb8f49c2ac4a82b879b23,True,True,True,True,direct_semantic_segmenter,direct_semantic_mask,no_appearance_contradiction
holdout42,bowl__u01,root:1/container_inner:conditional:01,container_inner,9883ea9bd39b02dc642faff699407907751fdf3a8f99493704488758080a574f,True,True,True,True,direct_semantic_segmenter,direct_semantic_mask,no_appearance_contradiction
holdout42,bowl__u01,root:1/container_rim:conditional:01,container_rim,c8bf9aa6a4b3f975a4b64b2df67c2879fe8b45686765cfeb8c49a9f281180b7e,True,True,True,True,direct_semantic_segmenter,direct_semantic_mask,no_appearance_contradiction
holdout42,bowl__u01,root:1/profile-refine:IDEA-Research_grounding-dino-tiny:container_inner:01,container_inner,9003f5646027ef0ef127dd881305949933f2dbd3e1733a04e43364b36a22701b,True,True,True,True,direct_semantic_segmenter,direct_semantic_mask,no_appearance_contradiction
holdout42,box__u01,root:1/container_bottom:conditional:01,container_bottom,8ecfdd20d218a531cc5cf8653b7ff487db799934b0feeb13295965ecda995f96,True,True,True,True,direct_semantic_segmenter,direct_semantic_mask,no_appearance_contradiction
holdout42,box__u01,root:1/container_side:conditional:01,container_side,946b1abe3b9ce2790a9be8f65c801fff45eeae9f61b74edbd1d3a88ca02238a4,True,True,True,True,direct_semantic_segmenter,direct_semantic_mask,no_appearance_contradiction
holdout42,box__u01,root:1/profile-refine:IDEA-Research_grounding-dino-tiny:container_bottom:01,container_bottom,edb7386e92e76a9cd29af2a2750be23f2348c957732a5911a1426d82cbd951b2,True,True,True,True,direct_semantic_segmenter,direct_semantic_mask,no_appearance_contradiction
holdout42,box__u01,root:1/profile-refine:IDEA-Research_grounding-dino-tiny:container_label:01,container_label,4b6c91602f50b718e4aa08590c0f4dd2de9daef8fd52f19456a0ab7008f3e595,True,True,True,True,direct_semantic_segmenter,direct_semantic_mask,no_appearance_contradiction
holdout42,box__u01,root:1/profile-refine:IDEA-Research_grounding-dino-tiny:container_side:02,container_side,9191d5d052105799ecf4dd55f16db62d319419f19346aba39d17321535005c43,True,True,True,True,direct_semantic_segmenter,direct_semantic_mask,no_appearance_contradiction
holdout42,box__u01,root:1/profile-refine:IDEA-Research_grounding-dino-tiny:container_side:03,container_side,417064518360bce3a7ccdbdebac30a83f5bfe56160af3736188078d245c6c406,True,True,True,True,direct_semantic_segmenter,direct_semantic_mask,no_appearance_contradiction
holdout42,box__u01,root:1/visual-region:09,container_outer_side,d38f00224a63752409bbaa2989e28164823d960d7e86d89fbb1678d18925d33a,True,True,True,True,semantic_inventory_evidence_rescue,cross_source_structure,boundary_and_material_consistent
holdout42,box__u01,root:1/visual-region:10,container_shoulder,7d1a245e94bf99e3d6c4bbc15a18de1ee465eb5ba70e5e9ede70826b7c558268,True,False,True,False,base,insufficient_structure,not_evaluated_previous_stage_failed
holdout42,box__u01,root:1/visual-region:16,container_outer_side,5b5a58ce590c81b3e84f7b5f66a939667c7f9828ba264c781843f6f0995eb497,False,True,True,False,contextual_rescue,not_evaluated_semantic_failed,not_evaluated_previous_stage_failed
holdout42,calculator__u01,root:1/device_bezel:conditional:01,device_bezel,4a35dc3b384bba4bdc78b6bc1999b6bbc1b31d87dc6824fc3c6917f13b085117,True,True,True,True,direct_semantic_segmenter,direct_semantic_mask,no_appearance_contradiction
holdout42,calculator__u01,root:1/device_screen:conditional:01,device_screen,cc322692ed4858319c8e5acee82fd06a443917dd7aba5cebe40e5373ad45f146,True,True,True,True,direct_semantic_segmenter,direct_semantic_mask,no_appearance_contradiction
holdout42,calculator__u01,root:1/profile-refine:IDEA-Research_grounding-dino-tiny:device_button:01,device_button,41116b671d700a74c81fdbac7db5f35628efb8ba1c7ebb02b467955ce272b863,True,True,True,True,direct_semantic_segmenter,direct_semantic_mask,no_appearance_contradiction
holdout42,calculator__u01,root:1/profile-refine:IDEA-Research_grounding-dino-tiny:device_screen:01,device_screen,a690859b9b508a6c66fbb4db1aa8166b7ff353814c5c775d9b607108812203e0,True,True,True,True,direct_semantic_segmenter,direct_semantic_mask,no_appearance_contradiction
holdout42,calculator__u01,root:1/profile-topology:IDEA-Research_grounding-dino-tiny:device_bezel:01,device_bezel,48927d0f46f0659bdee49f73d3d14d5b6ecdca983a73854bcca62d94fb826a92,True,True,True,True,resolved_inventory_candidate,inventory_topology_complement,no_appearance_contradiction
holdout42,calculator__u01,root:1/visual-region:05,device_button,901a08098d62e5ca6f5222922bae549e6b6f5b241de1f482b6fb98eabb605771,True,True,True,True,semantic_inventory_evidence_rescue,cross_source_structure,boundary_and_material_consistent
holdout42,calculator__u01,root:1/visual-region:07,device_button,bd441c0051d03839ee3d8b8305ca371ca4d429db72d32774fada80bcdd84f120,True,True,True,True,semantic_inventory_evidence_rescue,cross_source_structure,boundary_and_material_consistent
holdout42,calculator__u01,root:1/visual-region:09,device_button,412062ab54d26136301041666c31bb7cb27344f2d600c6f9274191b70fe51e5c,False,True,True,False,semantic_inventory_evidence_rescue,not_evaluated_semantic_failed,not_evaluated_previous_stage_failed
holdout42,calculator__u01,root:1/visual-region:11,device_button,059828bac32971ac67399c86988249b60306ab5d99656459dc6943f0a11a347c,False,True,True,False,contextual_rescue,not_evaluated_semantic_failed,not_evaluated_previous_stage_failed
holdout42,can__u01,root:1/container_base:conditional:01,container_base,f5ecefd47573623ae2d32f7e571afd8089fbf94638d65e52fc91f0e9629c6605,True,True,True,True,direct_semantic_segmenter,direct_semantic_mask,no_appearance_contradiction
holdout42,can__u01,root:1/container_handle:conditional:01,container_handle,ffe8396fe5e84a90965f0cf79bb0ce0c62ae61ddef8741dd90af0ce47f3ac139,True,True,True,True,direct_semantic_segmenter,direct_semantic_mask,no_appearance_contradiction
holdout42,can__u01,root:1/container_label:conditional:01,container_label,8583d03ced2df53a67c666e0bf276d48b945e27455c06548469b12bc2cbfa23c,True,True,True,True,direct_semantic_segmenter,direct_semantic_mask,no_appearance_contradiction
holdout42,can__u01,root:1/container_lid:conditional:01,container_lid,a4cc1514ed690519f67b22df3bad3e47a6f2d964df19a5860ad56e4aa1b84975,True,True,True,True,direct_semantic_segmenter,direct_semantic_mask,no_appearance_contradiction
holdout42,can__u01,root:1/container_pull_tab:conditional:01,container_pull_tab,8a0e6460003cde51ed39c3f77d67821ad74b9f13ed1a8dace4cd7a9d3f15292b,True,True,True,True,direct_semantic_segmenter,direct_semantic_mask,no_appearance_contradiction
holdout42,can__u01,root:1/profile-refine:IDEA-Research_grounding-dino-tiny:container_label:02,container_label,532ac45152e4f3502a961f3ed0128c75ec768128679a00126b445efcb1e2f8bf,True,True,True,True,direct_semantic_segmenter,direct_semantic_mask,no_appearance_contradiction
holdout42,can__u01,root:1/profile-refine:IDEA-Research_grounding-dino-tiny:container_spout:01,container_spout,58f698b9eb9965d6403c2fe125862ecc123052d31f4c560792e3bcebc883883d,True,True,True,True,direct_semantic_segmenter,direct_semantic_mask,no_appearance_contradiction
holdout42,car_automobile__u01,root:1/profile-refine:IDEA-Research_grounding-dino-tiny:vehicle_door:02,vehicle_door,a685666ea3464c64b8fb2dcdcff1327a28aff8b031b711de040d29bfb32b0f93,True,True,True,True,direct_semantic_segmenter,direct_semantic_mask,no_appearance_contradiction
holdout42,car_automobile__u01,root:1/profile-refine:IDEA-Research_grounding-dino-tiny:vehicle_fender:01,vehicle_fender,8b8c818809937bca417535c3247857f3f81ea28c62bbae06d3dae341c3f39732,True,True,True,True,direct_semantic_segmenter,direct_semantic_mask,no_appearance_contradiction
holdout42,car_automobile__u01,root:1/profile-refine:IDEA-Research_grounding-dino-tiny:vehicle_grille:01,vehicle_grille,861d8f652106d534901e6d2ac1f1e4ed3d48f8a5eb08500c4ed0f4456b1ee554,True,True,True,True,direct_semantic_segmenter,direct_semantic_mask,no_appearance_contradiction
holdout42,car_automobile__u01,root:1/profile-refine:IDEA-Research_grounding-dino-tiny:vehicle_roof:02,vehicle_roof,1d8860a5cb5fd42ad39f66158a9d1eb508ecda5fe0558a49edeab33e8c6345f4,True,True,True,True,direct_semantic_segmenter,direct_semantic_mask,no_appearance_contradiction
holdout42,car_automobile__u01,root:1/profile-refine:IDEA-Research_grounding-dino-tiny:vehicle_wheel:05,vehicle_wheel,9244663764afd531b6fa7efd4e0f70ca9598bdfdf1be625543e4c79b4097ab18,True,True,True,True,direct_semantic_segmenter,direct_semantic_mask,no_appearance_contradiction
holdout42,car_automobile__u01,root:1/profile-refine:IDEA-Research_grounding-dino-tiny:vehicle_window:03,vehicle_window,e1bd5039b48943eaca8bd8fafac35ce4a782c315677da6b8ba2e6bfdabd265ef,True,True,True,True,direct_semantic_segmenter,direct_semantic_mask,no_appearance_contradiction
holdout42,car_automobile__u01,root:1/profile-refine:IDEA-Research_grounding-dino-tiny:vehicle_wiper:02,vehicle_wiper,684d364de3873e02f5502567b6f0baabea3df344f69fd227022f5b7f9c2867ab,True,True,True,True,direct_semantic_segmenter,direct_semantic_mask,no_appearance_contradiction
holdout42,car_automobile__u01,root:1/profile-refine:IDEA-Research_grounding-dino-tiny:vehicle_wiper:03,vehicle_wiper,9eede610d50e1c55d27108b36492e73a8276e0f7cdfa27862e8ac13e4e9cd41b,True,True,True,True,direct_semantic_segmenter,direct_semantic_mask,no_appearance_contradiction
holdout42,car_automobile__u01,root:1/profile-refine:IDEA-Research_grounding-dino-tiny:vehicle_wiper:04,vehicle_wiper,aaeb9edcddf111b4cdc71ba14e2d26f448e65a240fda393a20b18ca8be22fc4e,True,True,True,True,direct_semantic_segmenter,direct_semantic_mask,no_appearance_contradiction
holdout42,car_automobile__u01,root:1/vehicle_bumper:conditional:01,vehicle_bumper,d305fdf809b123a5f2d6ece982a2719ace52416d7ed9f826be24dcfc7057f2d3,True,True,True,True,direct_semantic_segmenter,direct_semantic_mask,no_appearance_contradiction
holdout42,car_automobile__u01,root:1/vehicle_handle:conditional:01,vehicle_handle,5bef04e6aee1f9f282446063e7376c78ccc046be5dd1f76b0e6a790a1fbc50eb,True,True,True,True,direct_semantic_segmenter,direct_semantic_mask,no_appearance_contradiction
holdout42,car_automobile__u01,root:1/vehicle_headlight:conditional:01,vehicle_headlight,81908f42feeb28b340214a947fcadb18f5c6ccc462fb8e475edf8bcc41796ce6,True,True,True,True,direct_semantic_segmenter,direct_semantic_mask,no_appearance_contradiction
holdout42,car_automobile__u01,root:1/vehicle_hood:conditional:01,vehicle_hood,d997685ea3fb442efd4af351adb446b923aadc4676763dd88b7ba0f39a2c85a9,True,True,True,True,direct_semantic_segmenter,direct_semantic_mask,no_appearance_contradiction
holdout42,car_automobile__u01,root:1/vehicle_rim:conditional:01,vehicle_rim,05dcca913370c3898429f3fb680a4ed44964059365a51509756363f835fb574c,True,True,True,True,direct_semantic_segmenter,direct_semantic_mask,no_appearance_contradiction
holdout42,car_automobile__u01,root:1/vehicle_roof:conditional:01,vehicle_roof,9683b16825c8d4854e905b208741d7f3aa81e77feba89ba5810c80dd785e0481,True,True,True,True,direct_semantic_segmenter,direct_semantic_mask,no_appearance_contradiction
holdout42,car_automobile__u01,root:1/vehicle_taillight:conditional:01,vehicle_taillight,2a9211ff127b6eb7d428a46a826c8a4f6aaa57b1f56b155ffcf1dfdeb4334037,True,True,True,True,direct_semantic_segmenter,direct_semantic_mask,no_appearance_contradiction
holdout42,car_automobile__u01,root:1/vehicle_turn_signal:conditional:01,vehicle_turn_signal,f3374a57ad5c493ab8792318d9f97bda2c04d686338f687edff433eff413adcc,True,True,True,True,direct_semantic_segmenter,direct_semantic_mask,no_appearance_contradiction
holdout42,car_automobile__u01,root:1/vehicle_window:conditional:01,vehicle_window,aa47a3a1f08904a0fe2b29b0deac2aedd0ea4e64c50939c58284484fe0082a72,True,True,True,True,direct_semantic_segmenter,direct_semantic_mask,no_appearance_contradiction
holdout42,car_automobile__u01,root:1/visual-region:07,vehicle_wiper,c0046aa1b52c217e56892e44b6cf140f6c34bee8be6727620f8ff7c252dcf3fd,False,False,True,False,semantic_inventory_evidence_rescue,not_evaluated_semantic_failed,not_evaluated_previous_stage_failed
holdout42,car_automobile__u02,root:1/profile-refine:IDEA-Research_grounding-dino-tiny:vehicle_fender:02,vehicle_fender,f12140cb55ad78a7a69bf6fc541a21d7664cccc566e89fb664db28e51963692f,True,True,True,True,direct_semantic_segmenter,direct_semantic_mask,no_appearance_contradiction
holdout42,car_automobile__u02,root:1/profile-refine:IDEA-Research_grounding-dino-tiny:vehicle_rim:05,vehicle_rim,33ae4f7eab88ca410e4cfeaf4c2f410c3d873863c09abf20151c8873759093e8,True,True,True,True,direct_semantic_segmenter,direct_semantic_mask,no_appearance_contradiction
holdout42,car_automobile__u02,root:1/profile-refine:IDEA-Research_grounding-dino-tiny:vehicle_roof:01,vehicle_roof,86de96999a0d9b8ed2852f691dccfd14c8caa8db23a9bbdb57506ce91f3ecb83,True,True,True,True,direct_semantic_segmenter,direct_semantic_mask,no_appearance_contradiction
holdout42,car_automobile__u02,root:1/profile-refine:IDEA-Research_grounding-dino-tiny:vehicle_window:01,vehicle_window,0624efbda67c27e8b544572901ed136c02221292d5cb006d40faa073deb84e8f,True,True,True,True,direct_semantic_segmenter,direct_semantic_mask,no_appearance_contradiction
holdout42,car_automobile__u02,root:1/profile-refine:IDEA-Research_grounding-dino-tiny:vehicle_windshield:01,vehicle_windshield,915c95f6fef4652d62bb1df17e026f897ed82dfe42d24f42cc42f68cd2ac9dad,True,True,True,True,direct_semantic_segmenter,direct_semantic_mask,no_appearance_contradiction
holdout42,car_automobile__u02,root:1/vehicle_handle:conditional:01,vehicle_handle,4dc6b5d45f0843f9ffa72cf587a5c1ab2ec93c7cf01685a9d0048d8c053d74af,True,True,True,True,direct_semantic_segmenter,direct_semantic_mask,no_appearance_contradiction
holdout42,car_automobile__u02,root:1/vehicle_hood:conditional:01,vehicle_hood,4b609a3c9a60eba33f983826d1fa2a348773ee889ee52ebba8516deaf4f7007c,True,True,True,True,direct_semantic_segmenter,direct_semantic_mask,no_appearance_contradiction
holdout42,car_automobile__u02,root:1/vehicle_mirror:conditional:01,vehicle_mirror,f1659fc1c5c8e09bd65668888929508953536efcb16bf20c49d4e2b1f9405491,True,True,True,True,direct_semantic_segmenter,direct_semantic_mask,no_appearance_contradiction
holdout42,car_automobile__u02,root:1/vehicle_roof:conditional:01,vehicle_roof,68d76fe37b4df3b9eb85ae785fc977800d66300380475fb42235c115fa5a9655,True,True,True,True,direct_semantic_segmenter,direct_semantic_mask,no_appearance_contradiction
holdout42,car_automobile__u02,root:1/vehicle_window:conditional:01,vehicle_window,398c292c028f0981f6cabfd5de975a2ce4b8987cbeaefbb7877330478a8e901c,True,True,True,True,direct_semantic_segmenter,direct_semantic_mask,no_appearance_contradiction
holdout42,car_automobile__u02,root:1/vehicle_window:conditional:02,vehicle_window,5ab9cad94aa357b93f99a1d85facad13d6d244646fdb4b7d3f2e16ad8618c768,True,True,True,True,direct_semantic_segmenter,direct_semantic_mask,no_appearance_contradiction
holdout42,car_automobile__u02,root:1/vehicle_windshield:conditional:01,vehicle_windshield,35f6d88f03c42a889d634c5b87ac31d429b95c32e98bcf36f73da38b57131ad0,True,True,True,True,direct_semantic_segmenter,direct_semantic_mask,no_appearance_contradiction
holdout42,car_automobile__u02,root:1/vehicle_wiper:conditional:01,vehicle_wiper,6cc4ea90e17ffaad772e636d64beb7cc4d94907a667c6222a730e8ceb6169e64,True,True,True,True,direct_semantic_segmenter,direct_semantic_mask,no_appearance_contradiction
holdout42,cellular_telephone__u01,root:1/device_bezel:conditional:01,device_bezel,7b1362b92571877135ce178e2be2f8028a0fef5c466204d5596b49e96ed15dde,True,True,True,True,direct_semantic_segmenter,direct_semantic_mask,no_appearance_contradiction
holdout42,cellular_telephone__u01,root:1/device_screen:conditional:01,device_screen,e7ebe35a0b5588642785b54029e938ead77d159e7b31dc2c1d84b04ff9ec87fb,True,True,True,True,direct_semantic_segmenter,direct_semantic_mask,no_appearance_contradiction
holdout42,cellular_telephone__u01,root:1/profile-refine:IDEA-Research_grounding-dino-tiny:device_button:01,device_button,40af71a930fd1181bda6c3c94516a2ecd08623217bf919f11888fd3e5dc5b73f,True,True,True,True,direct_semantic_segmenter,direct_semantic_mask,no_appearance_contradiction
holdout42,cellular_telephone__u01,root:1/profile-refine:IDEA-Research_grounding-dino-tiny:device_screen:01,device_screen,a99d5779696b031c6d3de5892b84eb732f296fce1c0d6a124c8e0b255bcfe2fb,True,True,True,True,direct_semantic_segmenter,direct_semantic_mask,no_appearance_contradiction
holdout42,cellular_telephone__u01,root:1/profile-refine:IDEA-Research_grounding-dino-tiny:device_speaker:01,device_speaker,68d3f857bf34bbaa1704a84675ca11c8fc68cf024c07eb363935840a528d5ba0,True,True,True,True,direct_semantic_segmenter,direct_semantic_mask,no_appearance_contradiction
holdout42,cellular_telephone__u01,root:1/visual-region:03,device_camera,47ed302fa417d11031e5b3df69a69c91530f4a6ce857315591291ae1533caa25,True,True,False,False,base,cross_source_structure,appearance_only_or_shading_like
holdout42,cellular_telephone__u01,root:1/visual-region:04,device_button,64ce7612c86e90846122e48ce6171cef25fc4e7b2423bf3196e55071b2322dda,True,True,True,True,semantic_inventory_evidence_rescue,closed_boundary_structure,boundary_and_material_consistent
holdout42,cellular_telephone__u01,root:1/visual-region:05,device_button,be445db11df3d87e8b33e2e3117e27f1a83679e0791ccba18bd0bc2bec599822,False,False,True,False,contextual_rescue,not_evaluated_semantic_failed,not_evaluated_previous_stage_failed
holdout42,cellular_telephone__u01,root:1/visual-region:06,device_lens,eec0c2b895b0ef68293b8bd9c9c49a8f45e09f3ff8874aaa30aede950c7cf017,True,False,True,False,base,insufficient_structure,not_evaluated_previous_stage_failed
holdout42,cellular_telephone__u01,root:1/visual-region:08,device_button,cf59b689380785165e12bb7bea6df780aa8922de7188c215fc15fbac31cfec48,True,True,True,True,semantic_inventory_evidence_rescue,cross_source_structure,boundary_and_material_consistent
holdout42,cellular_telephone__u01,root:1/visual-region:11,device_port,69aa1f0a5635a01556388e9f79cf5b67489b2d9d39206cf43ed83ef05eec5c93,True,True,True,True,semantic_inventory_evidence_rescue,closed_boundary_structure,boundary_and_material_consistent
holdout42,cellular_telephone__u01,root:1/visual-region:16,device_button,6a9012dffe5664594298faebfd9e93379ba39c384c6344177ed3e3d62ca79b1c,True,False,True,False,base,insufficient_structure,not_evaluated_previous_stage_failed
holdout42,cellular_telephone__u01,root:1/visual-region:20,device_button,b55e92d71574aed819be24a90b9daf4927b9160da3cf97669dc46d498f19c38f,True,True,False,False,base,cross_source_structure,appearance_only_or_shading_like
holdout42,cellular_telephone__u01,root:1/visual-region:24,device_flash,416d367da7e05782811d23fb7310cfcf6e6bc03912c642e02e56ff52a3fa1090,True,True,False,False,base,cross_source_structure,appearance_only_or_shading_like
holdout42,cellular_telephone__u01,root:1/visual-region:25,device_button,45822e7d8b99a691db3f36214f253fcb102f755d52ed92c03931f5f28f3f2c26,False,False,True,False,contextual_rescue,not_evaluated_semantic_failed,not_evaluated_previous_stage_failed
holdout42,chair__u01,root:1/profile-dense:furniture_leg:01,furniture_leg,8e984b5a1083fa04b2003133dab75d277596c8808bbcbc365d9017cf7b8988b2,True,False,True,False,resolved_inventory_candidate,insufficient_structure,not_evaluated_previous_stage_failed
holdout42,chair__u01,root:1/profile-refine:IDEA-Research_grounding-dino-tiny:furniture_backrest:01,furniture_backrest,302869dadab5cde538f7959fb2cd847b9e792132cfdca919b9b2d8c2b973f7ec,True,True,True,True,direct_semantic_segmenter,direct_semantic_mask,no_appearance_contradiction
holdout42,chair__u01,root:1/profile-refine:IDEA-Research_grounding-dino-tiny:furniture_cushion:01,furniture_cushion,302869dadab5cde538f7959fb2cd847b9e792132cfdca919b9b2d8c2b973f7ec,True,True,True,True,direct_semantic_segmenter,direct_semantic_mask,no_appearance_contradiction
holdout42,chair__u01,root:1/profile-refine:IDEA-Research_grounding-dino-tiny:furniture_seat:01,furniture_seat,302869dadab5cde538f7959fb2cd847b9e792132cfdca919b9b2d8c2b973f7ec,True,True,True,True,direct_semantic_segmenter,direct_semantic_mask,no_appearance_contradiction
holdout42,chair__u01,root:1/profile-refine:IDEA-Research_grounding-dino-tiny:furniture_stile:01,furniture_stile,c4f5dd23b8cd4bc92b1219d22755b9dca0d67ee333b34d5403e02b646a7f7fde,True,True,True,True,direct_semantic_segmenter,direct_semantic_mask,no_appearance_contradiction
holdout42,chair__u01,root:1/profile-refine:IDEA-Research_grounding-dino-tiny:furniture_stile:02,furniture_stile,302869dadab5cde538f7959fb2cd847b9e792132cfdca919b9b2d8c2b973f7ec,True,True,True,True,direct_semantic_segmenter,direct_semantic_mask,no_appearance_contradiction
holdout42,clock__u01,root:1/device_base:conditional:01,device_base,6ce13468bcfd1c120f17414a276c3918a3231ffa61cf490b1519ecb74de80a4c,True,True,True,True,direct_semantic_segmenter,direct_semantic_mask,no_appearance_contradiction
holdout42,clock__u01,root:1/device_finial:conditional:01,device_finial,1ae86915688357e75cd3ea118a44e7a58af37fb826a47f3bcf668f4f551f8c33,True,True,True,True,direct_semantic_segmenter,direct_semantic_mask,no_appearance_contradiction
holdout42,clock__u01,root:1/profile-refine:IDEA-Research_grounding-dino-tiny:device_clock_hand:01,device_clock_hand,e509bea501759962a969e9bb508a03261796616f73675b8276db30c5cf31a898,True,True,True,True,direct_semantic_segmenter,direct_semantic_mask,no_appearance_contradiction
holdout42,clock__u01,root:1/profile-refine:IDEA-Research_grounding-dino-tiny:device_dial:01,device_dial,5678f40d323cf936c027227010fd21f45aab243666d29808ede605706f15fba5,True,True,True,True,direct_semantic_segmenter,direct_semantic_mask,no_appearance_contradiction
holdout42,clock__u01,root:1/profile-refine:IDEA-Research_grounding-dino-tiny:device_screen:01,device_screen,649b57fb76b21293e8672adae96885106688df9a69932a42706c2ea8cef3aa11,True,True,True,True,direct_semantic_segmenter,direct_semantic_mask,no_appearance_contradiction
holdout42,clock__u01,root:1/visual-region:05,device_clock_hand,ec9638828f1a3d0a9a9af7b596de46ba3cc10aa7e974fbb715ce85ff79805aee,True,False,True,False,base,insufficient_structure,not_evaluated_previous_stage_failed
holdout42,clock__u01,root:1/visual-region:13,device_clock_hand,d6523786e6c2efd823331b1c7156c2b4532a125afdd1dc15921876086ec8f606,True,False,True,False,base,insufficient_structure,not_evaluated_previous_stage_failed
holdout42,clock__u01,root:1/visual-region:17,device_clock_hand,c3ff3fe389d666cf1848358ef1de3ad0e529c66c6329225dbba3feed73c11ec6,True,False,True,False,base,insufficient_structure,not_evaluated_previous_stage_failed
holdout42,cup__u01,root:4/container_base:conditional:01,container_base,ac07ff29d3b72b396752ea5ed3aed96a7b7023cd31efaaac5ce5d6981dd2d1ba,True,True,True,True,direct_semantic_segmenter,direct_semantic_mask,no_appearance_contradiction
holdout42,cup__u01,root:4/container_inner:conditional:01,container_inner,eb50e8b13778612a6aea29221221d99256b45a8d0fc222fbf47f2beaa86adf80,True,True,True,True,direct_semantic_segmenter,direct_semantic_mask,no_appearance_contradiction
holdout42,cup__u01,root:4/profile-refine:IDEA-Research_grounding-dino-tiny:container_bottom:01,container_bottom,af601f062cbea7cd4f3a944d5f366a9610f7c32da8cdc63cf9dbd8f809503672,True,True,True,True,direct_semantic_segmenter,direct_semantic_mask,no_appearance_contradiction
holdout42,cup__u01,root:4/visual-region:04,container_rim,ed1b2dc447ba4657b4036fb1444ce8ed07b6563149123a5513029df51b155072,True,True,True,True,base,cross_source_structure,boundary_and_material_consistent
holdout42,cup__u01,root:4/visual-region:07,container_rim,3ea3ec31a557ce007e0cf2199d22ce30a4690bce9ce30463e911887a38118216,True,False,True,False,base,insufficient_structure,not_evaluated_previous_stage_failed
holdout42,glass_drink_container__u01,root:1/profile-refine:IDEA-Research_grounding-dino-tiny:container_label:01,container_label,7b1a5bb915d727c2679be52613e8a1b927ffc98cdcef74b2b4968c99f04016a4,True,True,True,True,direct_semantic_segmenter,direct_semantic_mask,no_appearance_contradiction
holdout42,glass_drink_container__u01,root:1/profile-refine:IDEA-Research_grounding-dino-tiny:container_label:03,container_label,cd08847277dcdf4a7edd56dcda207e9eeebec38781a09e8ea2c13cf2019d9c3a,True,True,True,True,direct_semantic_segmenter,direct_semantic_mask,no_appearance_contradiction
holdout42,glass_drink_container__u01,root:1/visual-region:01,container_base,9ec54067af01e0d139c8073ee24c30668c33f55e9f0dc96ce2da8176f603f997,False,False,True,False,contextual_rescue,not_evaluated_semantic_failed,not_evaluated_previous_stage_failed
holdout42,glass_drink_container__u01,root:1/visual-region:03,container_rim,21f30bec8c55a0733072d49cbbdb5d78f18186c892a37f1dad733e2ee194eaab,True,True,True,True,base,closed_boundary_structure,boundary_and_material_consistent
holdout42,glass_drink_container__u01,root:1/visual-region:06,container_rim,f6dbc92097aa760d8b531a94527edd5229ead02bc523800a23c35ca7c1daa67a,True,False,True,False,base,insufficient_structure,not_evaluated_previous_stage_failed
holdout42,handbag__u01,root:1/container_opening:conditional:01,container_opening,c3321d666bb6026a86bfbe73c49552f96ce4f3d54dc159a45b336d197db919b7,True,True,True,True,direct_semantic_segmenter,direct_semantic_mask,no_appearance_contradiction
holdout42,handbag__u01,root:1/profile-refine:IDEA-Research_grounding-dino-tiny:container_handle:02,container_handle,8883e13f272104a0bc596a1c0982053ba1be220da2f825a8a1dec70b2e4666b2,True,True,True,True,direct_semantic_segmenter,direct_semantic_mask,no_appearance_contradiction
holdout42,handbag__u01,root:1/profile-refine:IDEA-Research_grounding-dino-tiny:container_strap:01,container_strap,08c1fc5a0a9457a2f398a954a9f5bcfb3a684f30e91497d2aeed9f70416a6464,True,True,True,True,direct_semantic_segmenter,direct_semantic_mask,no_appearance_contradiction
holdout42,handbag__u01,root:1/visual-region:03,container_pocket,12b69619c80f5db89a8ad942f84b1c8de8af9fb362598b487c1c9e719e5a45da,True,False,False,False,base,insufficient_structure,not_evaluated_previous_stage_failed
holdout42,handbag__u01,root:1/visual-region:07,container_pocket,ec83a215bdf017da6febec45ff638098db4f20a149c5ca89dd6030de4e26df04,True,False,True,False,semantic_inventory_evidence_rescue,insufficient_structure,not_evaluated_previous_stage_failed
holdout42,helmet__u01,root:1/daily_object_inner_lining:conditional:01,daily_object_inner_lining,2f79df356f5f83a4efc53752b3931d85999fb61192701ad3e405a4163eb3bfd8,True,True,True,True,direct_semantic_segmenter,direct_semantic_mask,no_appearance_contradiction
holdout42,helmet__u01,root:1/daily_object_logo:conditional:01,daily_object_logo,31ca2d75dd2ee86b9400637bbbaff72d4e206f4f9bc1955568e24c39c37afb15,True,True,True,True,direct_semantic_segmenter,direct_semantic_mask,no_appearance_contradiction
holdout42,helmet__u01,root:1/profile-refine:IDEA-Research_grounding-dino-tiny:daily_object_inner_lining:01,daily_object_inner_lining,1191aedcdcdbf37c04b9ed09e84d2e3ba9c550c70c63858a393a69191b4eb034,True,False,True,False,direct_semantic_segmenter,internal_part_consumes_root,not_evaluated_previous_stage_failed
holdout42,helmet__u01,root:1/profile-refine:IDEA-Research_grounding-dino-tiny:daily_object_logo:05,daily_object_logo,6863b969c6f75ad8e774b14488a729875de190537add3dad995a57fb45b7c0f0,True,True,True,True,direct_semantic_segmenter,direct_semantic_mask,no_appearance_contradiction
holdout42,helmet__u01,root:1/profile-refine:IDEA-Research_grounding-dino-tiny:daily_object_visor:02,daily_object_visor,9e12310af434fa7d33185d10be57339a21b8479d53b4d57ab0a180d26841a1f9,True,True,True,True,direct_semantic_segmenter,direct_semantic_mask,no_appearance_contradiction
holdout42,jar__u01,root:1/container_handle:conditional:01,container_handle,47bee127feeb2f74578d0f1f2c4511f6f2fd95a1600c8ad33d5f096c742dc8ac,True,True,True,True,direct_semantic_segmenter,direct_semantic_mask,no_appearance_contradiction
holdout42,jar__u01,root:1/container_label:conditional:01,container_label,0322543dbeac89704ec8743c3bab035de9dcdbdc59662ebf8955161ba0168962,True,True,True,True,direct_semantic_segmenter,direct_semantic_mask,no_appearance_contradiction
holdout42,jar__u01,root:1/container_label:conditional:02,container_label,227294bb7464def23b1a9cd32c23adb7be50258b3256b223ad182c6e3196468c,True,True,True,True,direct_semantic_segmenter,direct_semantic_mask,no_appearance_contradiction
holdout42,jar__u01,root:1/container_lid:conditional:01,container_lid,2f065c59257714c5c3d7bc8774510b180fcd0b3ea03659cd1b9c7dc64f233608,True,True,True,True,direct_semantic_segmenter,direct_semantic_mask,no_appearance_contradiction
holdout42,jar__u01,root:1/profile-refine:IDEA-Research_grounding-dino-tiny:container_bottom:01,container_bottom,dfb777647f8b006c7303fb6d688779a06a529f76f58f57d9c58a73785c807838,True,True,True,True,direct_semantic_segmenter,direct_semantic_mask,no_appearance_contradiction
holdout42,jar__u01,root:1/profile-refine:IDEA-Research_grounding-dino-tiny:container_label:02,container_label,0efaa843bd563416afc994ee7d1c9d6dbea36a65ddb20267229120dc52cc6b9c,True,True,True,True,direct_semantic_segmenter,direct_semantic_mask,no_appearance_contradiction
holdout42,jar__u01,root:1/profile-refine:IDEA-Research_grounding-dino-tiny:container_label:03,container_label,43428b9bd177797a0b57cfd4a8002f9b4a20d8a03c9abc58ae6d0030072529a6,True,True,True,True,direct_semantic_segmenter,direct_semantic_mask,no_appearance_contradiction
holdout42,jar__u01,root:1/profile-refine:IDEA-Research_grounding-dino-tiny:container_pull_tab:01,container_pull_tab,b96fed72d4f86449a29a6ec13f6230d27db11fad8957848d5df6ded4a8b3394e,True,True,True,True,direct_semantic_segmenter,direct_semantic_mask,no_appearance_contradiction
holdout42,jar__u01,root:1/profile-refine:IDEA-Research_grounding-dino-tiny:container_rim:02,container_rim,95268beb7c83018a81b0b8175cc661c9f5f067dd85f09317f93d55d8cebcd8c3,True,True,True,True,direct_semantic_segmenter,direct_semantic_mask,no_appearance_contradiction
holdout42,knife__u01,root:1/profile-refine:IDEA-Research_grounding-dino-tiny:tool_prop_blade:01,tool_prop_blade,10f61723d33cc9dc5ba5b90d6edb0dc37e2db56444980ddce0f3a29c8676e343,True,True,True,True,direct_semantic_segmenter,direct_semantic_mask,no_appearance_contradiction
holdout42,knife__u01,root:1/profile-refine:IDEA-Research_grounding-dino-tiny:tool_prop_wrap:01,tool_prop_wrap,e5df6420b24a0cfa98d2346f61f903e96cb3fcadde5890437fce54808d6fc1ea,True,True,True,True,direct_semantic_segmenter,direct_semantic_mask,no_appearance_contradiction
holdout42,knife__u01,root:1/profile-topology:IDEA-Research_grounding-dino-tiny:tool_prop_handle:01,tool_prop_handle,3a4f6046f0ac3cc35584688af16999efd627505a07a8d8aa91c26b84103682e1,True,True,True,True,resolved_inventory_candidate,inventory_topology_complement,no_appearance_contradiction
holdout42,knife__u01,root:1/tool_prop_blade:conditional:01,tool_prop_blade,e2eea85316c3651c46f560629527069736fed3efc3a51451157e2298ab16cff0,True,True,True,True,direct_semantic_segmenter,direct_semantic_mask,no_appearance_contradiction
holdout42,knife__u01,root:1/tool_prop_handle:conditional:01,tool_prop_handle,bfec60a86b2700abfc31a8272f65a0503d2d0c9ef31de9af8d81868c25e60f8e,True,True,True,True,direct_semantic_segmenter,direct_semantic_mask,no_appearance_contradiction
holdout42,laptop_computer__u01,root:1/device_screen:conditional:01,device_screen,3e6a7a1843d5110df6ca37b973be9bec59624c028a667cea06a32b5ea4e68ce6,True,True,True,True,direct_semantic_segmenter,direct_semantic_mask,no_appearance_contradiction
holdout42,laptop_computer__u01,root:1/profile-refine:IDEA-Research_grounding-dino-tiny:device_key:01,device_key,aa471918a6effc852ca769e27fc76a8cb5679d7a62d41acc0555db772782948e,True,True,True,True,direct_semantic_segmenter,direct_semantic_mask,no_appearance_contradiction
holdout42,laptop_computer__u01,root:1/profile-refine:IDEA-Research_grounding-dino-tiny:device_keyboard:01,device_keyboard,6293b186bf2015e1b0bb17808412a5860aaede9aecd04ac7b59fd0a862b73b41,True,True,True,True,direct_semantic_segmenter,direct_semantic_mask,no_appearance_contradiction
holdout42,laptop_computer__u01,root:1/profile-refine:IDEA-Research_grounding-dino-tiny:device_screen:01,device_screen,17e7ee220ba2defa5c37f4fac90476db0a9b77a3fae15b6fa2bcb613ffe901c5,True,True,True,True,direct_semantic_segmenter,direct_semantic_mask,no_appearance_contradiction
holdout42,laptop_computer__u01,root:1/profile-refine:IDEA-Research_grounding-dino-tiny:device_touchpad:01,device_touchpad,2754f1e06cda69c5696ba84ee292b554c484493246882fc6f6df9538aeec5028,True,True,True,True,direct_semantic_segmenter,direct_semantic_mask,no_appearance_contradiction
holdout42,laptop_computer__u01,root:1/profile-topology:IDEA-Research_grounding-dino-tiny:device_bezel:01,device_bezel,6aaeba200bd4ca8c824cc592ce536273778e100b15dcef55349eb99edd436ac6,True,True,True,True,resolved_inventory_candidate,inventory_topology_complement,no_appearance_contradiction
holdout42,laptop_computer__u01,root:1/visual-region:06,device_logo,777a52b6cc5da74a01c2b7d36f818653c509a845ce5824552669db2a4a563df4,True,True,True,True,semantic_inventory_evidence_rescue,cross_source_structure,boundary_and_material_consistent
holdout42,laptop_computer__u01,root:1/visual-region:09,device_hinge,7d4fb715a741bff9f0ba6c683c416deeb92841cbe9f29f78153494169340e446,True,False,True,False,base,insufficient_structure,not_evaluated_previous_stage_failed
holdout42,laptop_computer__u01,root:1/visual-region:10,device_port,e825ac1685f5380d6d93200dca957a1db69c037df8afd437ddf932ab3f5134c4,False,True,False,False,within_root_repetition_consensus,not_evaluated_semantic_failed,not_evaluated_previous_stage_failed
holdout42,laptop_computer__u01,root:1/visual-region:11,device_port,53737d3a056dfd648a23026a937d658d0bd039c93e2af590255a498fafc2b1d8,False,False,True,False,within_root_repetition_consensus,not_evaluated_semantic_failed,not_evaluated_previous_stage_failed
holdout42,laptop_computer__u01,root:1/visual-region:12,device_hinge,4c09c796745a8b6f5b66d5518cec3d2a1d6b92e547183edff18c11080cbc4b4d,True,True,True,True,base,cross_source_structure,boundary_and_material_consistent
holdout42,laptop_computer__u01,root:1/visual-region:13,device_key,98c2f5e8795a504b1cbec1a88c0b5c08ccff4bd3f57c489769c6cfe02b13d58a,True,True,True,True,base,closed_boundary_structure,boundary_and_material_consistent
holdout42,laptop_computer__u01,root:1/visual-region:15,device_port,1e7db6d08d5c701d7cebaaf3e9e5d814036a2568b5a91b5df345442298e26179,False,False,True,False,within_root_repetition_consensus,not_evaluated_semantic_failed,not_evaluated_previous_stage_failed
holdout42,laptop_computer__u01,root:1/visual-region:16,device_port,9f36a0b7f79f87c79faa55082d5fabf5f4eb5d937ed872fb3c5bc4cf6c36b07e,False,False,True,False,within_root_repetition_consensus,not_evaluated_semantic_failed,not_evaluated_previous_stage_failed
holdout42,laptop_computer__u01,root:1/visual-region:18,device_key,47ff110c526e70db8ce8f3ca945d66798c1ee178d7aed37900aab9533ca8d585,True,False,False,False,base,insufficient_structure,not_evaluated_previous_stage_failed
holdout42,laptop_computer__u01,root:1/visual-region:25,device_port,1c54c365d0dd86cba5548fed13318061f90785d3924fdf65b7f2cf373dc05ba2,True,False,True,False,semantic_inventory_evidence_rescue,insufficient_structure,not_evaluated_previous_stage_failed
holdout42,laptop_computer__u01,root:1/visual-region:29,device_logo,4e026a74c0cbf5507f524b04389857b88df283ab31c2dcc7d2979374407d2bb3,False,False,True,False,within_root_repetition_consensus,not_evaluated_semantic_failed,not_evaluated_previous_stage_failed
holdout42,laptop_computer__u01,root:1/visual-region:32,device_port,aceaef0d7305700c355fef6f013d5f6a733ec21ea603d2385bdeef83231eab4f,False,False,True,False,within_root_repetition_consensus,not_evaluated_semantic_failed,not_evaluated_previous_stage_failed
holdout42,mug__u01,root:1/container_bottom:conditional:01,container_bottom,251f2b804484d7fd0c4052886bdd194bb9067f2f9089f92c4ec8e630590d9852,True,True,True,True,direct_semantic_segmenter,direct_semantic_mask,no_appearance_contradiction
holdout42,mug__u01,root:1/container_handle:conditional:01,container_handle,500e50a680e99da7fc8c739b61cf5db44a28d36f18a9b4a60a6be070bf43eb18,True,True,True,True,direct_semantic_segmenter,direct_semantic_mask,no_appearance_contradiction
holdout42,mug__u01,root:1/container_inner:conditional:01,container_inner,f87585624de0d3b2d6977d7df09d3aa44f91db466f5a0575a898b4921f1637f0,True,True,True,True,direct_semantic_segmenter,direct_semantic_mask,no_appearance_contradiction
holdout42,mug__u01,root:1/container_label:conditional:01,container_label,fdce56043c15c42622da555fb3b644c56927e99aded3cd2158b5a82e23abf672,True,True,True,True,direct_semantic_segmenter,direct_semantic_mask,no_appearance_contradiction
holdout42,mug__u01,root:1/container_label:conditional:02,container_label,30f8d68e52ab424cc224df3e6d573a68ed198e579a71c360f7a8fde731bd5b42,True,True,True,True,direct_semantic_segmenter,direct_semantic_mask,no_appearance_contradiction
holdout42,mug__u01,root:1/profile-refine:IDEA-Research_grounding-dino-tiny:container_label:02,container_label,f16d50e677b2f0b6436c9af0f51e43b2a39a4583b87f2c85e80b3e82970ca5d4,True,True,True,True,direct_semantic_segmenter,direct_semantic_mask,no_appearance_contradiction
holdout42,mug__u01,root:1/profile-refine:IDEA-Research_grounding-dino-tiny:container_label:03,container_label,64ed442ed76fd42a37c2367da7310c1583ead053c190b732129f3460bbdd200f,True,True,True,True,direct_semantic_segmenter,direct_semantic_mask,no_appearance_contradiction
holdout42,mug__u01,root:1/visual-region:12,container_rim,1e282e6cfe093ead3bf47fcbfd727766cd68960ee20a56ef7c7ba82152ba8537,True,False,True,False,base,insufficient_structure,not_evaluated_previous_stage_failed
holdout42,pan_for_cooking__u01,root:2/visual-region:01,tool_prop_lid,58b5dbd93c1da8545ba2989d8eef277142757d43c1c96963d0c2a8b0f11937af,True,True,True,True,base,closed_boundary_structure,boundary_and_material_consistent
holdout42,pencil__u01,root:1/daily_object_cap:conditional:01,daily_object_cap,ee1bb77d8e967f5f9012d85cd19960a63e7d2709c63b9ffb80e17b87a01f39b5,True,True,True,True,direct_semantic_segmenter,direct_semantic_mask,no_appearance_contradiction
holdout42,pencil__u01,root:1/profile-refine:IDEA-Research_grounding-dino-tiny:daily_object_clip:01,daily_object_clip,9edfc2bcc808e3f2d1cd48a308dfa87a76c07f667c54b6e7a75fb275c2749710,True,True,True,True,direct_semantic_segmenter,direct_semantic_mask,no_appearance_contradiction
holdout42,pencil__u01,root:1/visual-region:06,daily_object_ferrule,1b3ac6fd0e6d397be84ec6aca4b4b9ce7246faaa026a428c38a2ef1a986fe6ea,True,True,False,False,base,cross_source_structure,appearance_only_or_shading_like
holdout42,plastic_bag__u01,root:1/visual-region:02,container_handle,008a6c3ea66e2930f21fceb187b37c416a8adc0a649e92fca355b11d8f0a758d,True,True,True,True,base,cross_source_structure,boundary_and_material_consistent
holdout42,plastic_bag__u01,root:1/visual-region:08,container_handle,df00b97bd12f8a4cf04d7c2b81d25baa02444530b2455ce3036e2b989141336e,True,True,True,True,base,cross_source_structure,boundary_and_material_consistent
holdout42,pliers__u01,root:1/visual-region:03,tool_prop_jaw,9f1d17ceebfb2cb93d144421823db69dcfbb4a855e8b6d277bb4186658f088fa,False,False,True,False,contextual_rescue,not_evaluated_semantic_failed,not_evaluated_previous_stage_failed
holdout42,pliers__u01,root:1/visual-region:06,tool_prop_jaw,f2490888917db010b0c5bd9f392c4ae452c9a65403e7bfd185b1e2311e501e2b,True,True,True,True,base,cross_source_structure,boundary_and_material_consistent
holdout42,remote_control__u01,root:3/device_button:conditional:01,device_button,f91f1e2695420121871290e8dc20ccd81bf0f34ce6bdcf71874f29b88053efcf,True,True,True,True,direct_semantic_segmenter,direct_semantic_mask,no_appearance_contradiction
holdout42,remote_control__u01,root:3/device_logo:conditional:01,device_logo,955d39928cf666efd4a6ed6ed3f5358fa962453b6c3e6dbd1b8324e4393ba43d,True,True,True,True,direct_semantic_segmenter,direct_semantic_mask,no_appearance_contradiction
holdout42,remote_control__u01,root:3/device_screen:conditional:01,device_screen,e8c8ba87423e2ca335e01aeb72792eb4507f97efb2a7f819df93e7fe29cc9f00,True,True,True,True,direct_semantic_segmenter,direct_semantic_mask,no_appearance_contradiction
holdout42,remote_control__u01,root:3/profile-refine:IDEA-Research_grounding-dino-tiny:device_logo:01,device_logo,2887ba0755a488a8b07edab3c621ef247dfe8e6dc2e33b519db64e004f49b54a,True,True,True,True,direct_semantic_segmenter,direct_semantic_mask,no_appearance_contradiction
holdout42,remote_control__u01,root:3:repeated-detail:01,device_button,0e09a6fc2a09150e130ba5873766e1edfa592e9c2fbe050d5972b4ec7c1fddc2,True,False,True,False,resolved_inventory_candidate,insufficient_structure,not_evaluated_previous_stage_failed
holdout42,remote_control__u01,root:3:repeated-detail:02,device_button,34e2aa66541f91e01d4dabbe8f7aaa0aa60594c284bbdb3b7789206830a64eed,True,False,True,False,resolved_inventory_candidate,insufficient_structure,not_evaluated_previous_stage_failed
holdout42,remote_control__u01,root:3:repeated-detail:04,device_button,6560fb9076b53bc7514e84d5f408189d2dc7b7dfd16cf428279bef0bd53767f3,True,False,True,False,resolved_inventory_candidate,insufficient_structure,not_evaluated_previous_stage_failed
holdout42,remote_control__u01,root:3:repeated-detail:06,device_button,5626dc14ca43db8599ede3254dc4a2e16da6a33e231c39ad9296688ddeeb26b8,True,False,True,False,resolved_inventory_candidate,insufficient_structure,not_evaluated_previous_stage_failed
holdout42,scissors__u01,root:1/profile-refine:IDEA-Research_grounding-dino-tiny:tool_prop_blade:01,tool_prop_blade,df716e28fa006e42bb0d689cbe7b27d21dabf5db72b7fb06d1b3200c31b1cbf4,True,True,True,True,direct_semantic_segmenter,direct_semantic_mask,no_appearance_contradiction
holdout42,scissors__u01,root:1/profile-refine:IDEA-Research_grounding-dino-tiny:tool_prop_handle:01,tool_prop_handle,d995c203571edfb85762ce996acf390bd692002544d019e501a78489856784e5,True,True,True,True,direct_semantic_segmenter,direct_semantic_mask,no_appearance_contradiction
holdout42,scissors__u01,root:1/profile-refine:IDEA-Research_grounding-dino-tiny:tool_prop_pivot:01,tool_prop_pivot,16d615e7db4cff9990e08da9352e6abb2a94a75c79652dc3630fcfd28213868c,True,True,True,True,direct_semantic_segmenter,direct_semantic_mask,no_appearance_contradiction
holdout42,scissors__u01,root:1/visual-region:04,tool_prop_finger_hole,4da90577a013ec2079a52e823db073b5882a16d0f4322925e9380dd584e74a54,True,True,True,True,base,closed_boundary_structure,boundary_and_material_consistent
holdout42,scissors__u01,root:1/visual-region:05,tool_prop_handle,557d64be3d599be1aab9140170220e848ed34bd28a03ac018d461215091816b8,False,False,True,False,inventory_and_structural_route,not_evaluated_semantic_failed,not_evaluated_previous_stage_failed
holdout42,screwdriver__u01,root:1/profile-refine:IDEA-Research_grounding-dino-tiny:tool_prop_blade:01,tool_prop_blade,8fac28c8d743a77c8f543f83f648a0571455f6b19f5f246a22cb03b83ee3b0e3,True,True,True,True,direct_semantic_segmenter,direct_semantic_mask,no_appearance_contradiction
holdout42,screwdriver__u01,root:1/profile-topology:IDEA-Research_grounding-dino-tiny:tool_prop_handle:01,tool_prop_handle,74b0c7fd0c5b4fe24d2e065301e32b9fee4e4a7fea8514ea1e58e8f5787b20f2,True,True,True,True,resolved_inventory_candidate,inventory_topology_complement,no_appearance_contradiction
holdout42,shoe__u01,root:1/profile-refine:IDEA-Research_grounding-dino-tiny:daily_object_eyelet:02,daily_object_eyelet,06582ded208695ff80128b5cb82addd24305577ab2d975d71cd75f28fedf925a,True,True,True,True,direct_semantic_segmenter,direct_semantic_mask,no_appearance_contradiction
holdout42,shoe__u01,root:1/profile-refine:IDEA-Research_grounding-dino-tiny:daily_object_upper:01,daily_object_upper,48e1b51e103009b8aa12df1a0abe5a2ec12ab960dc1588799cc2c081ffa058d9,True,True,True,True,direct_semantic_segmenter,direct_semantic_mask,no_appearance_contradiction
holdout42,shoe__u01,root:1/visual-region:07,daily_object_eyelet,cfbae90b54a6d977bebd70ed40e1ca2f3262446b58bf3949264d463c7a738738,False,False,True,False,semantic_inventory_evidence_rescue,not_evaluated_semantic_failed,not_evaluated_previous_stage_failed
holdout42,shoe__u01,root:1/visual-region:09,daily_object_eyelet,fe37729866092e3327131ac0bf5a3b1768d63a15cbe6ba1cce1ca0fdea9ca9a6,True,True,False,False,base,cross_source_structure,appearance_only_or_shading_like
holdout42,stool__u01,root:2/contour-visual-region:01,character_shoe,95826d8be184167e41f9f145f7487fe717818e4ed64d586b5b4fb791d9cdc02b,True,True,True,True,semantic_inventory_evidence_rescue,closed_boundary_structure,boundary_and_material_consistent
holdout42,stool__u01,root:2/contour-visual-region:02,character_shoe,82b6dd08a78123308bf4f14c6a4ca0c8908e4000116af171a476d36da218e65f,True,True,True,True,base,closed_boundary_structure,boundary_and_material_consistent
holdout42,stool__u01,root:2/contour-visual-region:03,character_leg,bc87f5c561553a54e2945267f403c160cef6872b24d0b13cc7912548682846a1,True,True,True,True,base,closed_boundary_structure,boundary_and_material_consistent
holdout42,stool__u01,root:2/contour-visual-region:04,character_torso,03ed9d5345b9f52db65838c1a19339a714e1c36ad9af0b88781c41a0a1b2d624,True,True,True,True,semantic_inventory_evidence_rescue,closed_boundary_structure,boundary_and_material_consistent
holdout42,stool__u01,root:2/contour-visual-region:06,character_accessory,cd8fbc6d2c147afc66ded179920570b07da0548390ffb3ea13bec9d6ca0e2ee1,True,True,True,True,semantic_inventory_evidence_rescue,closed_boundary_structure,boundary_and_material_consistent
holdout42,stool__u01,root:2/contour-visual-region:08,character_accessory,9694bda4a07cd464f08d21d2a255ab34d4fc084044b246dbb50e6fe6ac05db72,True,True,True,True,semantic_inventory_evidence_rescue,closed_boundary_structure,boundary_and_material_consistent
holdout42,stool__u01,root:2/profile-refine:IDEA-Research_grounding-dino-tiny:character_head:01,character_head,d82c69eb7672e86dcf4a0a72d3f8f36532d523f2ac43e9faddd91b284025784a,True,True,True,True,direct_semantic_segmenter,direct_semantic_mask,no_appearance_contradiction
holdout42,stool__u01,root:2/visual-region:02,character_accessory,2191a12565a138f3e7aacaf3c279b750fa603d1799b27b632fdd708c515fdfcd,True,False,True,False,semantic_inventory_evidence_rescue,insufficient_structure,not_evaluated_previous_stage_failed
holdout42,table__u01,root:3/profile-dense:furniture_backrest:01,furniture_backrest,2cb9fb8acd52645bef520cc3ff396b91461674f7df9e56783511c63159f4c917,True,False,True,False,resolved_inventory_candidate,insufficient_structure,not_evaluated_previous_stage_failed
holdout42,table__u01,root:3/profile-dense:furniture_leg:03,furniture_leg,dc94efb9fb8e00a749617d2845b2f13865bf520b2fc5b2967c69fd3cd3913ccc,True,False,True,False,resolved_inventory_candidate,insufficient_structure,not_evaluated_previous_stage_failed
holdout42,table__u01,root:3/profile-dense:furniture_seat:01,furniture_seat,2c7ce7677d027bfd751139dc486f70c75680fb873f354eae65936efb3ac28352,True,False,True,False,resolved_inventory_candidate,insufficient_structure,not_evaluated_previous_stage_failed
holdout42,table__u01,root:3/profile-dense:furniture_stretcher:04,furniture_stretcher,e11592f7bb21151abefb276ecd1804a7f21a0ec9efe97a3ac5548e7a2b0f0fc9,True,False,True,False,resolved_inventory_candidate,insufficient_structure,not_evaluated_previous_stage_failed
holdout42,table__u01,root:3/profile-dense:furniture_stretcher:05,furniture_stretcher,741e5d090b4633ba8fbf23a5275b2e80844959602d686a4e71ddcc1304833bcd,True,False,True,False,resolved_inventory_candidate,insufficient_structure,not_evaluated_previous_stage_failed
holdout42,table__u01,root:3/profile-refine:IDEA-Research_grounding-dino-tiny:furniture_armrest:01,furniture_armrest,bf8d4d5c58d2cc157045898c045574d21b7674cf966581ea441b33d8c4d40a92,True,True,True,True,direct_semantic_segmenter,direct_semantic_mask,no_appearance_contradiction
holdout42,telephone__u01,root:1/device_bezel:conditional:01,device_bezel,908a5207d33293cce3caf60d02b62135adf44bf37de6396cdff8680d56eb3f40,True,True,True,True,direct_semantic_segmenter,direct_semantic_mask,no_appearance_contradiction
holdout42,telephone__u01,root:1/device_button:conditional:01,device_button,3884e3acf7efa91c0db22101d9e418765eabfe7c92dba36e257671d74c4a40ea,True,True,True,True,direct_semantic_segmenter,direct_semantic_mask,no_appearance_contradiction
holdout42,telephone__u01,root:1/device_logo:conditional:01,device_logo,de2ad6c3a2142ff86ff63d62a4ab8faf6d5a2bb47ad3ad5b617fdd69220982c3,True,True,True,True,direct_semantic_segmenter,direct_semantic_mask,no_appearance_contradiction
holdout42,telephone__u01,root:1/device_screen:conditional:01,device_screen,01d1cff3071f05492a249d4a53d17d1ad1614908636715330b0ce236f8394e0e,True,True,True,True,direct_semantic_segmenter,direct_semantic_mask,no_appearance_contradiction
holdout42,telephone__u01,root:1/profile-refine:IDEA-Research_grounding-dino-tiny:device_button:02,device_button,2c261b65056e85111b87642da52c1fbbf0527dfa24a8a85cd723e840a0813126,True,True,True,True,direct_semantic_segmenter,direct_semantic_mask,no_appearance_contradiction
holdout42,telephone__u01,root:1/profile-refine:IDEA-Research_grounding-dino-tiny:device_keyboard:01,device_keyboard,2faa5c0f3ad476479794cfb646f2882df40e3690dee0b3b0aa74dc942a7d2529,True,True,True,True,direct_semantic_segmenter,direct_semantic_mask,no_appearance_contradiction
holdout42,telephone__u01,root:1/visual-region:09,device_key,81a5f0dfbb758e9d66e202993712affce0fb2b11877fdbeee6e76702814c6376,True,True,False,False,base,cross_source_structure,appearance_only_or_shading_like
holdout42,telephone__u01,root:1:repeated-detail:01,device_button,a4c63d87693961f7f1648c410c4e9cb5ed6a714f8d3e83d6b6ffe62f4942bb8e,True,False,True,False,resolved_inventory_candidate,insufficient_structure,not_evaluated_previous_stage_failed
holdout42,telephone__u01,root:1:repeated-detail:02,device_button,1ddfcd9c8ac4da2d126f85cbe707ddb514de7359009e59805ada2276f3a76a2a,True,False,True,False,resolved_inventory_candidate,insufficient_structure,not_evaluated_previous_stage_failed
holdout42,telephone__u01,root:1:repeated-detail:03,device_button,4642f4dadad880d1478975616d33c5982f6169da7fd147b6ead6d39e6064ea40,True,False,True,False,resolved_inventory_candidate,insufficient_structure,not_evaluated_previous_stage_failed
holdout42,telephone__u01,root:1:repeated-detail:04,device_button,761c7c1c33232008d3ac6347e8eab345bfc7a540fec9190679020b175c68680d,True,False,True,False,resolved_inventory_candidate,insufficient_structure,not_evaluated_previous_stage_failed
holdout42,television_set__u01,root:1/profile-refine:IDEA-Research_grounding-dino-tiny:device_screen:01,device_screen,b4e354d3d24bbb29ee90d4ebb274d77fbba5f12da2f4d9139f46c0e61f609b50,True,True,True,True,direct_semantic_segmenter,direct_semantic_mask,no_appearance_contradiction
holdout42,television_set__u01,root:1/profile-refine:IDEA-Research_grounding-dino-tiny:device_speaker:01,device_speaker,d5b76248d39f7637865097d8e48ecab560ef052b1733ac44dbe2026cd42f61ff,True,True,True,True,direct_semantic_segmenter,direct_semantic_mask,no_appearance_contradiction
holdout42,television_set__u01,root:1/profile-topology:IDEA-Research_grounding-dino-tiny:device_bezel:01,device_bezel,7de26afd0b79c8032d7e5d384153e866df6cfe1b01269d8f5858986efcc99552,True,True,True,True,resolved_inventory_candidate,inventory_topology_complement,no_appearance_contradiction
holdout42,watch__u01,root:1/device_logo:conditional:01,device_logo,0cc1c512bff80d62474c7f33a151dc1a706c0e30fdf2bb9d2303fb63c6063e12,True,True,True,True,direct_semantic_segmenter,direct_semantic_mask,no_appearance_contradiction
holdout42,watch__u01,root:1/device_screen:conditional:01,device_screen,0c65a287e3536256eb1942c4923538bb83db46b954776d77e2a8b3d546b45815,True,True,True,True,direct_semantic_segmenter,direct_semantic_mask,no_appearance_contradiction
holdout42,watch__u01,root:1/profile-refine:IDEA-Research_grounding-dino-tiny:device_dial:01,device_dial,2628a45afbab195e59e192e4427946487babaeb8f5522e36612407af8811f2ec,True,True,True,True,direct_semantic_segmenter,direct_semantic_mask,no_appearance_contradiction
holdout42,watch__u01,root:1/profile-refine:IDEA-Research_grounding-dino-tiny:device_screen:01,device_screen,02924c63558ec52a48078d69e3af78093f2197879d8d0333415491f178bcccbe,True,True,True,True,direct_semantic_segmenter,direct_semantic_mask,no_appearance_contradiction
holdout42,watch__u01,root:1/visual-region:02,device_lug,8a167a71ce4cddde4a992f1d66cd417c121193ee339bf8f9c98e9cd9340ba6c9,True,True,True,True,base,cross_source_structure,boundary_and_material_consistent
holdout42,watch__u01,root:1/visual-region:04,device_lug,e5860408fd438eef5ba4bf433b728f8af304370c5e2ab01679512164d799f0e4,True,False,True,False,base,insufficient_structure,not_evaluated_previous_stage_failed
holdout42,watch__u01,root:1/visual-region:06,device_clock_hand,4824e0abb3a0f57e8539b3429f14cb165358ac8b605f96043c2a34c4e9cd7298,True,True,False,False,semantic_inventory_evidence_rescue,cross_source_structure,appearance_only_or_shading_like
holdout42,watch__u01,root:1/visual-region:17,device_band,9dcd3451adb6f5b5a8392dab8eae9a7a8399796d5759a290142749a852bc89de,True,True,True,True,base,cross_source_structure,boundary_and_material_consistent
holdout42,watch__u01,root:1/visual-region:18,device_lug,423a340010fca119e9526429e402823e655adc4880a88e15be7120e2f2d25d67,True,False,False,False,base,insufficient_structure,not_evaluated_previous_stage_failed
holdout42,watch__u01,root:1/visual-region:30,device_lug,dde8c4cbeeeb93bfc204f017f1b4af808138a336d0e16ca32faa529aa3d6206b,True,False,True,False,base,insufficient_structure,not_evaluated_previous_stage_failed
holdout42,wrench__u01,root:1/profile-refine:IDEA-Research_grounding-dino-tiny:tool_prop_blade:01,tool_prop_blade,b6356ea2cea795e689c755c7f44317789c0cc6751a63c5ff0bee1133393ece51,True,True,True,True,direct_semantic_segmenter,direct_semantic_mask,no_appearance_contradiction
holdout42,wrench__u01,root:1/profile-refine:IDEA-Research_grounding-dino-tiny:tool_prop_wrap:01,tool_prop_wrap,d8884e28f6b1f33cc0e3fa83c4dcfb88b798b938ea73c4bc53a8f9feab2a1bc2,True,True,True,True,direct_semantic_segmenter,direct_semantic_mask,no_appearance_contradiction
holdout42,wrench__u01,root:1/profile-topology:IDEA-Research_grounding-dino-tiny:tool_prop_handle:01,tool_prop_handle,273073ecd959f061379e6e0f5115d2fe20f9477f8505333eb2135fe51a5d1686,True,True,True,True,resolved_inventory_candidate,inventory_topology_complement,no_appearance_contradiction
test226,basket__02,root:1/profile-refine:IDEA-Research_grounding-dino-tiny:container_label:01,container_label,41d1a69a844e6425b578442d34e57c5d04b7e9ad6b4c8a3553700ec4ce8e73e2,True,True,True,True,direct_semantic_segmenter,direct_semantic_mask,no_appearance_contradiction
test226,basket__02,root:1/profile-refine:IDEA-Research_grounding-dino-tiny:container_side:01,container_side,3602fbeb51a939c8f1344862a316f97f67b0013c66d5172913de28a4fafb547d,True,True,True,True,direct_semantic_segmenter,direct_semantic_mask,no_appearance_contradiction
test226,basket__02,root:1/visual-region:05,container_inner_wall,1758e6b7ab73f1e04a85987e1e69b6987ddc2fd304ce6d68d725a4e2648ce373,True,True,False,False,semantic_inventory_evidence_rescue,cross_source_structure,appearance_only_or_shading_like
test226,basket__02,root:1/visual-region:15,container_inner_wall,cc4a7a804fa8e79dd5a5f0c6acfeaa2859cdb097be84c69e37f22e29e7667073,True,True,True,True,semantic_inventory_evidence_rescue,cross_source_structure,boundary_and_material_consistent
test226,basket__02,root:1/visual-region:16,container_shoulder,cdedf0da1147ad173fe17c80cff073117f26d8eedc91ee5d7fa9a5584df84a12,True,False,True,False,base,insufficient_structure,not_evaluated_previous_stage_failed
test226,basket__02,root:1/visual-region:30,container_base,fc63f3a595d0b254143432352509140f15b841bf4dbda247baa5a552af5b262d,True,False,True,False,base,insufficient_structure,not_evaluated_previous_stage_failed
test226,basket__03,root:1/profile-refine:IDEA-Research_grounding-dino-tiny:container_bottom:01,container_bottom,b21929255db41e33f919fb92d07ade4cf29ca24d35e4efc1d7eb87bcaf8eca00,True,True,True,True,direct_semantic_segmenter,direct_semantic_mask,no_appearance_contradiction
test226,basket__03,root:1/profile-refine:IDEA-Research_grounding-dino-tiny:container_outer_side:01,container_outer_side,38220f8e50f09098e911a7725093496de6e0b55a6d6e3f8203f4d9b28cdb05bd,True,True,True,True,direct_semantic_segmenter,direct_semantic_mask,no_appearance_contradiction
test226,basket__03,root:1/visual-region:03,container_rim,7f3aebdf3d031312cf8ae98d511367e0b991f197773ed9bee93cfcb95c7b99c6,True,True,True,True,semantic_inventory_evidence_rescue,cross_source_structure,boundary_and_material_consistent
test226,basket__03,root:1/visual-region:06,container_handle,b8b988bddb90196bf5cf7eba0e2e56bde78569bf91824673ba50a04850508e57,True,False,False,False,base,insufficient_structure,not_evaluated_previous_stage_failed
test226,basket__04,root:2/visual-region:03,container_outer_side,81c885ded4c5aa89262db737b08188f71132f3126237f08f8d80c8cb34ca0409,False,False,True,False,semantic_inventory_evidence_rescue,not_evaluated_semantic_failed,not_evaluated_previous_stage_failed
test226,basket__04,root:2/visual-region:05,container_rim,38ce2cd51b406c1039b76e780a5f7c8cc4248f08387fa3ad354d0744f8bc4177,True,False,True,False,base,insufficient_structure,not_evaluated_previous_stage_failed
test226,basket__04,root:2/visual-region:07,container_outer_side,1d694073aedaac6644f7248e0da83f86c22582fb4a08684a8814526477314fe1,True,False,True,False,base,insufficient_structure,not_evaluated_previous_stage_failed
test226,belt__01,root:9/visual-region:01,daily_object_flap,0e48c504351d7706cccc72a93ebddd84190eff34c211095a0c1668b9c309afef,False,False,True,False,semantic_inventory_evidence_rescue,not_evaluated_semantic_failed,not_evaluated_previous_stage_failed
test226,belt__01,root:9/visual-region:02,daily_object_flap,feaecc57e135195cf1344eb2eacfb114ac89e47d5b9754031269ccf790d0eef7,True,True,True,True,base,cross_source_structure,boundary_and_material_consistent
test226,belt__03,root:1/profile-refine:IDEA-Research_grounding-dino-tiny:daily_object_flap:02,daily_object_flap,7ba9deafb98664d912bc98201be92003dafa66660999b0bf1b3ac0d73af8c33d,True,True,True,True,direct_semantic_segmenter,direct_semantic_mask,no_appearance_contradiction
test226,belt__03,root:1/visual-region:04,daily_object_flap,7ec099aa046f48ac421252a3ed282f74d3dcb6cf35dcdfa350f1b7b1273ded77,False,False,True,False,semantic_inventory_evidence_rescue,not_evaluated_semantic_failed,not_evaluated_previous_stage_failed
test226,belt__04,root:2/contour-visual-region:05,character_torso,f957e8256350995fb7260ac8dc122baacb38d6792cc4eba9ee0042a4750652f4,True,True,False,False,semantic_inventory_evidence_rescue,boundary_aligned_region,appearance_only_or_shading_like
test226,belt__04,root:2/contour-visual-region:06,character_hair,379a87da225232753dc1d501f019a1d5715e98ef7044d9d162365ab8ecbe95d1,True,True,False,False,semantic_inventory_evidence_rescue,boundary_aligned_region,appearance_only_or_shading_like
test226,belt__04,root:2/profile-refine:IDEA-Research_grounding-dino-tiny:character_arm:02,character_arm,2ab203ae3919d7e5ade053621993ab898dfcf8529121d4727ec90379a2f389f8,True,True,True,True,direct_semantic_segmenter,direct_semantic_mask,no_appearance_contradiction
test226,belt__04,root:2/profile-refine:IDEA-Research_grounding-dino-tiny:character_hand:01,character_hand,ac743270e7181e4cd64088d4b92cd9cd2422120dc051f42499cb9161bdf79e78,True,True,True,True,direct_semantic_segmenter,direct_semantic_mask,no_appearance_contradiction
test226,belt__04,root:2/profile-refine:IDEA-Research_grounding-dino-tiny:character_leg:01,character_leg,574750d9a1d25f906e33100b31d6ebbd8cc59ecd73142a0c739765737604b85c,True,True,True,True,direct_semantic_segmenter,direct_semantic_mask,no_appearance_contradiction
test226,belt__04,root:2/profile-refine:IDEA-Research_grounding-dino-tiny:character_leg:03,character_leg,5cfba8c80369100de65d939e5a25ed4fb3196a23f3654062661678792fa2f6a0,True,True,True,True,direct_semantic_segmenter,direct_semantic_mask,no_appearance_contradiction
test226,belt__04,root:2/profile-refine:IDEA-Research_grounding-dino-tiny:character_lower_clothing:01,character_lower_clothing,20f44469d7d965dd6b0eefe90d5a2f61052d0ef44604bd467e700f10e6e44be2,True,True,True,True,direct_semantic_segmenter,direct_semantic_mask,no_appearance_contradiction
test226,belt__04,root:2/profile-refine:IDEA-Research_grounding-dino-tiny:character_sleeve:01,character_sleeve,3ae3d0db2fa8491a79ce920e8f15449cd9b1575907382d0042a3f77f85b83872,True,True,True,True,direct_semantic_segmenter,direct_semantic_mask,no_appearance_contradiction
test226,belt__04,root:2/visual-region:02,character_accessory,19abcedf8fd2aa3233cb52da7d35bc85c465a975617536ef10a332ac01bbe11b,True,True,False,False,semantic_inventory_evidence_rescue,cross_source_structure,appearance_only_or_shading_like
test226,belt__04,root:2/visual-region:04,character_accessory,66c9ae3e14337e4de5bff08c9ed90900000207e2b79f050a682805f8ef872c45,False,False,False,False,within_root_repetition_consensus,not_evaluated_semantic_failed,not_evaluated_previous_stage_failed
test226,belt__04,root:2/visual-region:06,character_accessory,7a1b6a84a2c378b94178f9c211a96a611f48a1f8e12d3d580df7ad6e59176218,True,True,True,True,semantic_inventory_evidence_rescue,cross_source_structure,boundary_and_material_consistent
test226,belt__04,root:2/visual-region:12,character_accessory,b518464741070276965f7125c6d575cfe88d3c229785d5da1bca85ab79a0016e,True,False,True,False,semantic_inventory_evidence_rescue,insufficient_structure,not_evaluated_previous_stage_failed
test226,bench__01,root:4/profile-refine:IDEA-Research_grounding-dino-tiny:furniture_rail:02,furniture_rail,7ad532cf741fc0dd1ae787b3d6b82cfe72dbb046742173de1f291509ca57a6d3,True,True,True,True,direct_semantic_segmenter,direct_semantic_mask,no_appearance_contradiction
test226,bench__01,root:4/profile-refine:IDEA-Research_grounding-dino-tiny:furniture_spindle:02,furniture_spindle,4848193a7f8ac1bc0d0848cbbb51e73edaf4fd7deac9a21b89148724ba61364e,True,True,True,True,direct_semantic_segmenter,direct_semantic_mask,no_appearance_contradiction
test226,bench__01,root:4/profile-refine:IDEA-Research_grounding-dino-tiny:furniture_stile:03,furniture_stile,5aa46a038f0c7a75f7ecba904f003a42c220852fd3220cbf5be5d1218495b5b2,True,True,True,True,direct_semantic_segmenter,direct_semantic_mask,no_appearance_contradiction
test226,bench__02,root:9/profile-dense:furniture_backrest:02,furniture_backrest,017ecb1d6c95afc5ca847a54352fbc86002cca06c2fdd6b07072bd3a24b795dd,True,False,True,False,resolved_inventory_candidate,insufficient_structure,not_evaluated_previous_stage_failed
test226,bench__02,root:9/profile-refine:IDEA-Research_grounding-dino-tiny:furniture_cushion:01,furniture_cushion,e41909735dd79761d3583757bf85dfc1fb836ed8fd5911f9314ef8b2c241c99d,True,True,True,True,direct_semantic_segmenter,direct_semantic_mask,no_appearance_contradiction
test226,bench__02,root:9/profile-refine:IDEA-Research_grounding-dino-tiny:furniture_cushion:02,furniture_cushion,f8632ffdc1661ed96f040765be28f6908164df71b314fd16f2b7ac4e9c122aa9,True,True,True,True,direct_semantic_segmenter,direct_semantic_mask,no_appearance_contradiction
test226,bench__03,root:1/profile-refine:IDEA-Research_grounding-dino-tiny:furniture_cushion:01,furniture_cushion,5d527254b53c066f769922b43740b3d2c06e172de6f526e6790d1a4bac398ee8,True,True,True,True,direct_semantic_segmenter,direct_semantic_mask,no_appearance_contradiction
test226,bench__03,root:1/profile-refine:IDEA-Research_grounding-dino-tiny:furniture_stile:02,furniture_stile,5a9c9a2d5a83d8720fb56fcae3416f8ad12f142b6a2a1a265b3f82d15f26a2c9,True,True,True,True,direct_semantic_segmenter,direct_semantic_mask,no_appearance_contradiction
test226,bench__03,root:1/visual-region:01,furniture_leg,49c3af4202339b1adc3c86e8783666e9149a85e503688f0b17a20f15f1b4d240,True,False,True,False,base,insufficient_structure,not_evaluated_previous_stage_failed
test226,bench__03,root:1/visual-region:04,furniture_leg,b583bb4cc2fa0dcba5b9a798dd641d46125e5c935fe45536896642d5b662c31a,True,True,True,True,base,cross_source_structure,boundary_and_material_consistent
test226,bench__03,root:1/visual-region:05,furniture_leg,9f2b218fce17b4e0c5274b12b9e73d473ad2f59a4a4ca5ac9630ee700ff2d062,True,True,False,False,base,cross_source_structure,appearance_only_or_shading_like
test226,bench__03,root:1/visual-region:06,furniture_leg,06e1fdda2ad008a11791c6aa5e58178ea6c53cbe469ab8af51ddbedc6829aee8,True,True,False,False,base,cross_source_structure,appearance_only_or_shading_like
test226,bench__03,root:1/visual-region:07,furniture_leg,f1472bfecf6d37b4c2180317f896cf506dbf7ec882412ad57a0a3e50fe8c2f4b,True,True,False,False,base,cross_source_structure,appearance_only_or_shading_like
test226,bench__03,root:1/visual-region:08,furniture_leg,eec25e86800fb96b68f21fab1a510b33c28ddced67d05ca40fa0c7b0cac6e736,True,True,True,True,base,cross_source_structure,boundary_and_material_consistent
test226,bench__04,root:1/profile-dense:furniture_backrest:01,furniture_backrest,20acfbad1b24dd43fc25408197bb31f85d620ace6bf4a43e4b924ae6246297ed,True,False,True,False,resolved_inventory_candidate,insufficient_structure,not_evaluated_previous_stage_failed
test226,bench__04,root:1/profile-dense:furniture_leg:04,furniture_leg,17873da7c06ccad3ef2241c3d71f53280a713a06e6f7476343a3555cccb0d6a7,True,False,True,False,resolved_inventory_candidate,insufficient_structure,not_evaluated_previous_stage_failed
test226,bench__04,root:1/profile-dense:furniture_leg:05,furniture_leg,2b27f8a25b39859163bb4a857627ca18403b19fbaab36d7f0f2037a12a7643ba,True,False,True,False,resolved_inventory_candidate,insufficient_structure,not_evaluated_previous_stage_failed
test226,bench__04,root:1/profile-dense:furniture_seat:01,furniture_seat,d0175f5c5f00ba858a8a3268362c9df973a5e4419fa254c41f419e3e4ff1cc59,True,False,True,False,resolved_inventory_candidate,insufficient_structure,not_evaluated_previous_stage_failed
test226,bench__04,root:1/profile-refine:IDEA-Research_grounding-dino-tiny:furniture_armrest:01,furniture_armrest,ae1774b4c29ab721c165ead925f7a63fb555f8ae04a601f467b72061ae627fd8,True,True,True,True,direct_semantic_segmenter,direct_semantic_mask,no_appearance_contradiction
test226,bench__04,root:1/profile-refine:IDEA-Research_grounding-dino-tiny:furniture_spindle:01,furniture_spindle,1955d9153939276f76b799d83ea02becca3798f175415ec1281368a5fd1fb00d,True,True,True,True,direct_semantic_segmenter,direct_semantic_mask,no_appearance_contradiction
test226,bench__04,root:1/profile-refine:IDEA-Research_grounding-dino-tiny:furniture_stile:01,furniture_stile,30e182a2dcb68fa6baabf504c76baaf93c333d5c52dfa0df6ab36be703bfdeea,True,True,True,True,direct_semantic_segmenter,direct_semantic_mask,no_appearance_contradiction
test226,bench__04,root:1/profile-refine:IDEA-Research_grounding-dino-tiny:furniture_stile:03,furniture_stile,b39510d667d1854e6e982b9f1bc4503f86e27ee0e416e1c4cbf4d52438b8acbe,True,True,True,True,direct_semantic_segmenter,direct_semantic_mask,no_appearance_contradiction
test226,bench__04,root:1/visual-region:03,furniture_stretcher,ba2ca1a29087bb5d6fc0eb23fcff0f99ab88175133411d14209b3508c6d273f3,True,True,True,True,semantic_inventory_evidence_rescue,cross_source_structure,boundary_and_material_consistent
test226,bench__04,root:1/visual-region:05,furniture_foot,8812e39e4c05420da2e80786a46400896a55024e75e2073cdb351d5cc8ec0e21,True,False,True,False,semantic_inventory_evidence_rescue,insufficient_structure,not_evaluated_previous_stage_failed
test226,bench__04,root:1/visual-region:07,furniture_leg,eb1eb2899eadb3a3de32b5eaa167546eb6ea755925f134fd3cf50e823a048d29,True,False,False,False,base,insufficient_structure,not_evaluated_previous_stage_failed
test226,bicycle__01,root:1/profile-refine:IDEA-Research_grounding-dino-tiny:vehicle_chain:01,vehicle_chain,e7e90b67780996fa3fd9c08723379d19842e952f7b108cd935e0c83a1c06bfb0,True,True,True,True,direct_semantic_segmenter,direct_semantic_mask,no_appearance_contradiction
test226,bicycle__01,root:1/profile-refine:IDEA-Research_grounding-dino-tiny:vehicle_down_tube:01,vehicle_down_tube,cb789e7edcdb3f51eaddce06c0e2c1e3b8cecb77201fe28ea926a17aab12daea,True,True,True,True,direct_semantic_segmenter,direct_semantic_mask,no_appearance_contradiction
test226,bicycle__01,root:1/profile-refine:IDEA-Research_grounding-dino-tiny:vehicle_fork:01,vehicle_fork,84c576f637022f1bc523cf2d63d2d26592675414d33fc45f99558dd51769ed1b,True,True,True,True,direct_semantic_segmenter,direct_semantic_mask,no_appearance_contradiction
test226,bicycle__01,root:1/profile-refine:IDEA-Research_grounding-dino-tiny:vehicle_gear:02,vehicle_gear,9ca691b107f6d0bd0a0039762c0e4adb304e0baa418ce2e3e9b1e0703a8fe5d7,True,True,True,True,direct_semantic_segmenter,direct_semantic_mask,no_appearance_contradiction
test226,bicycle__01,root:1/profile-refine:IDEA-Research_grounding-dino-tiny:vehicle_handlebar:02,vehicle_handlebar,7bb13298ae9be3c0974e993dbaa3fffae9040caa4ceab391460be8c7d6acc4f0,True,True,True,True,direct_semantic_segmenter,direct_semantic_mask,no_appearance_contradiction
test226,bicycle__01,root:1/profile-refine:IDEA-Research_grounding-dino-tiny:vehicle_head_tube:01,vehicle_head_tube,9b47265bd7b085cfb1ed62739bd771c75a30c707bfe397574890e07cfbbf90b7,True,True,True,True,direct_semantic_segmenter,direct_semantic_mask,no_appearance_contradiction
test226,bicycle__01,root:1/profile-refine:IDEA-Research_grounding-dino-tiny:vehicle_top_tube:01,vehicle_top_tube,ce61fdc5874326e00675d0c4deeeb5fdfdab7e2fd304b5ad75f3a5cb4bc41b61,True,True,True,True,direct_semantic_segmenter,direct_semantic_mask,no_appearance_contradiction
test226,bicycle__01,root:1/visual-region:06,vehicle_pedal,e8c5805935a54046e2f2409d49459f9af5be6a20c64e5a4c5ced8ade8dd3583e,False,True,True,False,semantic_inventory_evidence_rescue,not_evaluated_semantic_failed,not_evaluated_previous_stage_failed
test226,bicycle__02,root:1/profile-refine:IDEA-Research_grounding-dino-tiny:vehicle_fork:01,vehicle_fork,4d35aa3bfbe3d4e10421093b56e969915d1857179f380692880459386a34909b,True,True,True,True,direct_semantic_segmenter,direct_semantic_mask,no_appearance_contradiction
test226,bicycle__02,root:1/profile-refine:IDEA-Research_grounding-dino-tiny:vehicle_handlebar:01,vehicle_handlebar,305ce87e7829629b4770b95815cfc91815be54b65502b114587eae56977e882a,True,True,True,True,direct_semantic_segmenter,direct_semantic_mask,no_appearance_contradiction
test226,bicycle__02,root:1/profile-refine:IDEA-Research_grounding-dino-tiny:vehicle_stem:01,vehicle_stem,727fc07bda36ba85647a42e20f08d0f205cdd56da74188281d9bf1c1ea7615d3,True,True,True,True,direct_semantic_segmenter,direct_semantic_mask,no_appearance_contradiction
test226,bicycle__02,root:1/profile-refine:IDEA-Research_grounding-dino-tiny:vehicle_top_tube:01,vehicle_top_tube,75e551a35f85c4a7822d4f2dbcdb751b2f7ebcb4a8e585678d3be1bdd14c6550,True,True,True,True,direct_semantic_segmenter,direct_semantic_mask,no_appearance_contradiction
test226,bicycle__02,root:1/visual-region:14,vehicle_seat_tube,ebd25f80edffaa59804cab215568583e7a9ddff9959f1cf8babc65bf51105d57,True,False,True,False,semantic_inventory_evidence_rescue,insufficient_structure,not_evaluated_previous_stage_failed
test226,bicycle__03,root:1/profile-refine:IDEA-Research_grounding-dino-tiny:vehicle_chain:01,vehicle_chain,f7dde93b9cd0475791bf5761c562cd881886bf35eaba8ca32c249f6d5ef013a3,True,True,True,True,direct_semantic_segmenter,direct_semantic_mask,no_appearance_contradiction
test226,bicycle__03,root:1/profile-refine:IDEA-Research_grounding-dino-tiny:vehicle_fork:01,vehicle_fork,d1c91c4f9fb1b239b5f9c19ff93a8fec4b7e7d63b120ec8167181bf0cb28b894,True,True,True,True,direct_semantic_segmenter,direct_semantic_mask,no_appearance_contradiction
test226,bicycle__03,root:1/profile-refine:IDEA-Research_grounding-dino-tiny:vehicle_handlebar:01,vehicle_handlebar,c3cb040511401f2816cb277a9f3d9cbfb6bbcee0747f9595d10ac0f1c5c2a1e4,True,True,True,True,direct_semantic_segmenter,direct_semantic_mask,no_appearance_contradiction
test226,bicycle__03,root:1/profile-refine:IDEA-Research_grounding-dino-tiny:vehicle_seat_tube:02,vehicle_seat_tube,08cdb22c7c499276364041898ec3b04fba85bc102a6b6964edccf2ff6e0bffc9,True,True,True,True,direct_semantic_segmenter,direct_semantic_mask,no_appearance_contradiction
test226,bicycle__03,root:1/profile-refine:IDEA-Research_grounding-dino-tiny:vehicle_top_tube:02,vehicle_top_tube,ce49c5ec10855ae7f76e7ce5b9df9a114a5e5c1cc362a536ebe6111e4746a752,True,True,True,True,direct_semantic_segmenter,direct_semantic_mask,no_appearance_contradiction
test226,bicycle__03,root:1/visual-region:04,vehicle_stem,1b705a76ef7e0b5e887ee80e8368bd1766c1811423366b90c915e679abde8013,False,True,True,False,semantic_inventory_evidence_rescue,not_evaluated_semantic_failed,not_evaluated_previous_stage_failed
test226,bicycle__04,root:1/profile-refine:IDEA-Research_grounding-dino-tiny:vehicle_chain:01,vehicle_chain,0e9042b1dc6c8fb6c294a3eba0999a5cb9635648ca94dce893b6e8c52baa81a5,True,True,True,True,direct_semantic_segmenter,direct_semantic_mask,no_appearance_contradiction
test226,bicycle__04,root:1/profile-refine:IDEA-Research_grounding-dino-tiny:vehicle_handlebar:01,vehicle_handlebar,23da0e9510092834cdbdf0e3752390d3ca2684f48c8ddbad263b9530b9f0a64f,True,True,True,True,direct_semantic_segmenter,direct_semantic_mask,no_appearance_contradiction
test226,bicycle__04,root:1/visual-region:04,vehicle_stem,532ff5596c069547db22fd166d60d04dbcffe0b8e7a7d014ffaae124bd8b1d84,False,True,True,False,semantic_inventory_evidence_rescue,not_evaluated_semantic_failed,not_evaluated_previous_stage_failed
test226,bicycle__04,root:1/visual-region:05,vehicle_wheel,382aaa0b7677e6c4f7a6f80152707435172be570a0db2a9c2e51afaf766fe22f,True,True,True,True,semantic_inventory_evidence_rescue,cross_source_structure,boundary_and_material_consistent
test226,bicycle__04,root:1/visual-region:11,vehicle_pedal,99a5fb4fa5b2f5ac89b7d9b7d47750811b4a4065e35334fead1425f9455f4441,True,False,True,False,semantic_inventory_evidence_rescue,insufficient_structure,not_evaluated_previous_stage_failed
test226,bicycle__04,root:1/visual-region:12,vehicle_pedal,f63f318fc8a36a06660820f816823d495727321967ca40ed0929762d001390af,False,True,True,False,semantic_inventory_evidence_rescue,not_evaluated_semantic_failed,not_evaluated_previous_stage_failed
test226,blender__01,root:1/profile-refine:IDEA-Research_grounding-dino-tiny:device_button:04,device_button,6b4e95f8875595b626ca19572c32ca2e66998fcefcf801e00db0bf63636e7d2a,True,True,True,True,direct_semantic_segmenter,direct_semantic_mask,no_appearance_contradiction
test226,blender__01,root:1/profile-refine:IDEA-Research_grounding-dino-tiny:device_handle:01,device_handle,067a4b18f5bf0485aae8ae277b6e1076576731053e2d174124cdf5784f84f7fc,True,True,True,True,direct_semantic_segmenter,direct_semantic_mask,no_appearance_contradiction
test226,blender__01,root:1/profile-refine:IDEA-Research_grounding-dino-tiny:device_lid:01,device_lid,6c03d6e9c1406043e631170968f4506499be01c8884b64fe9c9acde03a7fc5bb,True,True,True,True,direct_semantic_segmenter,direct_semantic_mask,no_appearance_contradiction
test226,blender__01,root:1/visual-region:07,device_blade,62c4311b46c6bcc9f25768dbce7afd479244e80f9d2a1fdd8c3cfad271bd20f8,True,False,False,False,base,insufficient_structure,not_evaluated_previous_stage_failed
test226,blender__02,root:1/profile-refine:IDEA-Research_grounding-dino-tiny:device_handle:01,device_handle,4f0ccb789a6d5d1e339f0485395ecedabdc476205462823bf8daf851fe0a1d9f,True,True,True,True,direct_semantic_segmenter,direct_semantic_mask,no_appearance_contradiction
test226,blender__02,root:1/profile-refine:IDEA-Research_grounding-dino-tiny:device_handle:02,device_handle,0f7526d47f9a09aa8c3c78c1ea98d915601ad58f0c0da16aa37c4d8f99705512,True,True,True,True,direct_semantic_segmenter,direct_semantic_mask,no_appearance_contradiction
test226,blender__02,root:1/profile-refine:IDEA-Research_grounding-dino-tiny:device_jar:01,device_jar,a1f20675b29eaba500febd4b83bf0c40fdb89d4578204db906e4db34a220cea6,True,True,True,True,direct_semantic_segmenter,direct_semantic_mask,no_appearance_contradiction
test226,blender__02,root:1/profile-refine:IDEA-Research_grounding-dino-tiny:device_lid:01,device_lid,a1f20675b29eaba500febd4b83bf0c40fdb89d4578204db906e4db34a220cea6,True,True,True,True,direct_semantic_segmenter,direct_semantic_mask,no_appearance_contradiction
test226,blender__02,root:1/profile-refine:IDEA-Research_grounding-dino-tiny:device_lid:02,device_lid,bce274ec4b2b9699608d4648ecc94396c8f0315e01136a207a7146e4d83ed2e9,True,True,True,True,direct_semantic_segmenter,direct_semantic_mask,no_appearance_contradiction
test226,blender__03,root:5/profile-refine:IDEA-Research_grounding-dino-tiny:device_blade:02,device_blade,c823b17e747c624d30977864f5bc61fb4a2cb07824be993aa5c8aee6e973319b,True,True,True,True,direct_semantic_segmenter,direct_semantic_mask,no_appearance_contradiction
test226,blender__03,root:5/profile-refine:IDEA-Research_grounding-dino-tiny:device_button:03,device_button,438bae9fef90e7b415848cb33f8f8f0bc04c6d23dc1dc896acececa12f6388cb,True,True,True,True,direct_semantic_segmenter,direct_semantic_mask,no_appearance_contradiction
test226,blender__03,root:5/profile-refine:IDEA-Research_grounding-dino-tiny:device_jar:01,device_jar,562196f2d14f78fd5130387b04f58853798c608562d4587d0bef38c65bdcb95c,True,True,True,True,direct_semantic_segmenter,direct_semantic_mask,no_appearance_contradiction
test226,blender__03,root:5/profile-refine:IDEA-Research_grounding-dino-tiny:device_lid:02,device_lid,ffa47e47dbe4dd48f72cac73237bd01357e9a81334a293e73dc24f0468c67690,True,True,True,True,direct_semantic_segmenter,direct_semantic_mask,no_appearance_contradiction
test226,blender__03,root:5/visual-region:04,device_handle,82930e9a21a5a9e0647e972ee0823e355cc79aaec04496cd38ea3fdf2c48e1ce,True,False,False,False,base,insufficient_structure,not_evaluated_previous_stage_failed
test226,blender__03,root:5/visual-region:07,device_button,afc1465d700b53c96e8ca99c4e9473554824ee86824c7a407202056de2f62857,True,False,True,False,semantic_inventory_evidence_rescue,insufficient_structure,not_evaluated_previous_stage_failed
test226,blender__03,root:5/visual-region:09,device_handle,c32b789eead1933fb3e0026f38253b4475171750c9921a4c9111e0429fa4c5fb,True,False,True,False,base,insufficient_structure,not_evaluated_previous_stage_failed
test226,blender__04,root:1/profile-refine:IDEA-Research_grounding-dino-tiny:device_base:01,device_base,927b930e29c73d11cdda3d71f3e86492e1e6411eb2d6392ea6c477a0fff9414d,True,True,True,True,direct_semantic_segmenter,direct_semantic_mask,no_appearance_contradiction
test226,blender__04,root:1/profile-refine:IDEA-Research_grounding-dino-tiny:device_jar:01,device_jar,922151ebeb9633305da56f92fe1674d328078c64a7178933b6c5d26586709dd9,True,True,True,True,direct_semantic_segmenter,direct_semantic_mask,no_appearance_contradiction
test226,blender__04,root:1/profile-refine:IDEA-Research_grounding-dino-tiny:device_lid:01,device_lid,1a431be63f5eea99c6ab431a2d2a51f86997192e686cad8544006125f52bb14f,True,True,True,True,direct_semantic_segmenter,direct_semantic_mask,no_appearance_contradiction
test226,blender__04,root:1/profile-refine:IDEA-Research_grounding-dino-tiny:device_lid:02,device_lid,95ce00c68ac7c8f47882c1a9ebc26afa77e82007da31c3ce0437e2be9bb82706,True,True,True,True,direct_semantic_segmenter,direct_semantic_mask,no_appearance_contradiction
test226,book__01,root:1/visual-region:02,daily_object_page,c1c70aca128e8db4f75fe2dc0192d88435f8dcd931d96b4a44e6426354dbf45c,True,False,True,False,base,insufficient_structure,not_evaluated_previous_stage_failed
test226,book__01,root:1/visual-region:03,daily_object_page,85db9687ddb94f735b1ab4aea7321d12620f569bf810e60ee19c14b95193faa6,True,True,False,False,base,cross_source_structure,appearance_only_or_shading_like
test226,book__01,root:1/visual-region:08,daily_object_page,d16aeb1942c6f6ff3c3d3e8da5f99bd9c9809f6392727689c5db1ba6e04798c0,True,False,True,False,semantic_inventory_evidence_rescue,insufficient_structure,not_evaluated_previous_stage_failed
test226,book__02,root:1/profile-refine:IDEA-Research_grounding-dino-tiny:daily_object_page:01,daily_object_page,02d636c19fb2175d56550e967973eb22605d9d11c9566f5e7da4dbd231c71873,True,True,True,True,direct_semantic_segmenter,direct_semantic_mask,no_appearance_contradiction
test226,book__03,root:2/profile-refine:IDEA-Research_grounding-dino-tiny:daily_object_cover:01,daily_object_cover,e3c4c8ef5a87b91dcedd7d7d8b8037199b6dbb073b3ba8fc3c1c7cba9979a8af,True,True,True,True,direct_semantic_segmenter,direct_semantic_mask,no_appearance_contradiction
test226,book__03,root:2/profile-refine:IDEA-Research_grounding-dino-tiny:daily_object_page:01,daily_object_page,a31b39ec34873a1b01f32969601caab210c245f898414b081ba9db359eb332b7,True,True,True,True,direct_semantic_segmenter,direct_semantic_mask,no_appearance_contradiction
test226,book__03,root:2/visual-region:05,daily_object_cover,b2f2f7497709222d253f60c4d6f2ceadf569b69d3fdb1bc4a9079e73db783406,True,False,True,False,semantic_inventory_evidence_rescue,insufficient_structure,not_evaluated_previous_stage_failed
test226,book__03,root:2/visual-region:06,daily_object_page,773ce08a92d0311b8d09c5e9921d99f474e24a264105ff91a42578948132be85,True,False,True,False,base,insufficient_structure,not_evaluated_previous_stage_failed
test226,book__04,root:1/visual-region:06,daily_object_spine,5c7944d974d477febf90eaf6a140be7a07caec4e3560e03ae880b79f6d7d4ae2,True,False,True,False,base,insufficient_structure,not_evaluated_previous_stage_failed
test226,bottle__01,root:1/profile-refine:IDEA-Research_grounding-dino-tiny:container_inner:01,container_inner,325ee6a728ed580260fa9c5a1db1501ee86bca3be7202ec2f38bcdddaf68ad18,True,True,True,True,direct_semantic_segmenter,direct_semantic_mask,no_appearance_contradiction
test226,bottle__01,root:1/profile-refine:IDEA-Research_grounding-dino-tiny:container_label:02,container_label,e0dfd5f1574f7c8cd222d119ecd28fa461ac017a372f211462f5b0dff3214712,True,True,True,True,direct_semantic_segmenter,direct_semantic_mask,no_appearance_contradiction
test226,bottle__02,root:1/profile-refine:IDEA-Research_grounding-dino-tiny:container_bottom:01,container_bottom,d4cc6fc3e9838043d2a6c7feceb83477ed01c3876b6ad59363931547fda790a9,True,True,True,True,direct_semantic_segmenter,direct_semantic_mask,no_appearance_contradiction
test226,bottle__02,root:1/profile-refine:IDEA-Research_grounding-dino-tiny:container_label:01,container_label,e95959cb817afdb66792dc68cddaa3a6eee1576fe62c279048f4e89f9a3f5207,True,True,True,True,direct_semantic_segmenter,direct_semantic_mask,no_appearance_contradiction
test226,bottle__02,root:1/profile-refine:IDEA-Research_grounding-dino-tiny:container_spout:02,container_spout,cbd25cbb224ea2595bd4df578f5ac9fdbe5d578276134cfe0646971bc36cae73,True,True,True,True,direct_semantic_segmenter,direct_semantic_mask,no_appearance_contradiction
test226,bottle__03,root:1/profile-refine:IDEA-Research_grounding-dino-tiny:container_label:01,container_label,c94f9447c9c7034d533daf9a852612baa759cc44a3a7dc3a420ceb09beca27d9,True,True,True,True,direct_semantic_segmenter,direct_semantic_mask,no_appearance_contradiction
test226,bottle__03,root:1/visual-region:04,container_shoulder,18fcd65e6cc70840ca7309fb45bb68025e0bf67c0042bc18ab96b13340ae8258,True,False,True,False,semantic_inventory_evidence_rescue,insufficient_structure,not_evaluated_previous_stage_failed
test226,bottle__03,root:1/visual-region:05,container_label,df0970cc8b1d066cc9f37cf4a5c882115c3fe86a491f0426ad6c5c5171fe2199,True,False,True,False,base,insufficient_structure,not_evaluated_previous_stage_failed
test226,bottle__03,root:1/visual-region:06,container_label,20c324761c3d01ae145b6159b25fb10df60320c65218f5f6fff5ebdefe434a9a,True,False,True,False,base,insufficient_structure,not_evaluated_previous_stage_failed
test226,bottle__03,root:1/visual-region:11,container_spout,9f12cfd2226c311a7c3f72d3e7d1bc54b35bfe573c8cc49ee208281e0970c6a7,True,True,True,True,semantic_inventory_evidence_rescue,cross_source_structure,boundary_and_material_consistent
test226,bottle__03,root:1/visual-region:14,container_rim,acac5e7e45bc58d1ba661bfae9750caf61765f729858efe071946411b310e4b2,True,False,True,False,semantic_inventory_evidence_rescue,insufficient_structure,not_evaluated_previous_stage_failed
test226,bottle__03,root:1/visual-region:15,container_ring,b21f85d483af082f410c3725fb77e6fb8a26bd2c2e912848d79983101abe9074,True,False,True,False,semantic_inventory_evidence_rescue,insufficient_structure,not_evaluated_previous_stage_failed
test226,bottle__04,root:1/profile-refine:IDEA-Research_grounding-dino-tiny:container_base:01,container_base,3a5e52383afc85143b15e9b5e29c21e538ea55abfb96e42dfa00c081d7afa9d1,True,True,True,True,direct_semantic_segmenter,direct_semantic_mask,no_appearance_contradiction
test226,bottle__04,root:1/profile-refine:IDEA-Research_grounding-dino-tiny:container_bottom:01,container_bottom,99fdfbb6f3890a840053b8292d5e75d9a639697e4a94ba5223b47dd024f1ddf9,True,True,True,True,direct_semantic_segmenter,direct_semantic_mask,no_appearance_contradiction
test226,bottle__04,root:1/profile-refine:IDEA-Research_grounding-dino-tiny:container_inner:01,container_inner,38ec06c3a0f890be45e3dae07c8baa6d1c766f510c5e4d386b1068c4ee9a626d,True,True,True,True,direct_semantic_segmenter,direct_semantic_mask,no_appearance_contradiction
test226,bottle__04,root:1/profile-refine:IDEA-Research_grounding-dino-tiny:container_label:01,container_label,b8340ef8dd78f6bc125ea55653ac0f5e91261d7acbc784f4c0fcd893b26d562a,True,True,True,True,direct_semantic_segmenter,direct_semantic_mask,no_appearance_contradiction
test226,bottle__04,root:1/profile-refine:IDEA-Research_grounding-dino-tiny:container_lid:01,container_lid,ebe08411d81c03192281524167a23d94ee0f1d444c428507be7a12a661a3e6a0,True,True,True,True,direct_semantic_segmenter,direct_semantic_mask,no_appearance_contradiction
test226,bottle__04,root:1/visual-region:02,container_shoulder,2452b7aaba0321593767f4a2359838605824f49c1a5c0f35416c928a92686884,True,False,True,False,semantic_inventory_evidence_rescue,insufficient_structure,not_evaluated_previous_stage_failed
test226,bowl__04,root:2/visual-region:02,tool_prop_lid,cd4404e5c4c27e7222948c37b0376310efe0c5caf4e47a2b665bfdd80ed0f0e0,True,False,True,False,semantic_inventory_evidence_rescue,insufficient_structure,not_evaluated_previous_stage_failed
test226,box__01,root:1/profile-refine:IDEA-Research_grounding-dino-tiny:container_bottom:01,container_bottom,041d7db6ba5a6f193c2f9c3875c38e3df14754d15e6f674c90a0e277471a4366,True,True,True,True,direct_semantic_segmenter,direct_semantic_mask,no_appearance_contradiction
test226,box__01,root:1/profile-refine:IDEA-Research_grounding-dino-tiny:container_side:01,container_side,c4e6b0446800c43b20acb34077d004c090f896851cde715f8f89f95a6d53bfaa,True,True,True,True,direct_semantic_segmenter,direct_semantic_mask,no_appearance_contradiction
test226,box__01,root:1/visual-region:02,container_lid,adf5d33039e29b07e292c2d7a80319bf0ae306247b7f127b960bb8663ab64b3b,True,True,False,False,base,cross_source_structure,appearance_only_or_shading_like
test226,box__01,root:1/visual-region:10,container_label,ba2720d5c693683934c6568e6d9e0b40447c7464aa2d625266d15d73a8398cc7,False,False,True,False,semantic_inventory_evidence_rescue,not_evaluated_semantic_failed,not_evaluated_previous_stage_failed
test226,box__01,root:1/visual-region:12,container_shoulder,1916b7292d51cba0c667bcd257f09d35a8016f4e060f38fe47c7fa4943decfbb,True,False,True,False,semantic_inventory_evidence_rescue,insufficient_structure,not_evaluated_previous_stage_failed
test226,box__02,root:1/profile-refine:IDEA-Research_grounding-dino-tiny:container_side:01,container_side,2c3c53598875a1d31c694a48777d22184cd17f1db41d524d9abd10dd4541e0c0,True,True,True,True,direct_semantic_segmenter,direct_semantic_mask,no_appearance_contradiction
test226,box__02,root:1/visual-region:03,container_shoulder,2fe53abc3397bdeda1d7ed3cd66b1be54fb1f1cdd2bd858c98005d1675b17221,True,True,False,False,base,cross_source_structure,appearance_only_or_shading_like
test226,box__02,root:1/visual-region:04,container_lid,779e3bccee10412ba176e71b908b84dadd324f9495cd4232dac72dc2c1a42465,True,True,False,False,semantic_inventory_evidence_rescue,cross_source_structure,appearance_only_or_shading_like
test226,box__02,root:1/visual-region:06,container_side,414d084b46302a24ac3432db0affe58a5ac8616b7138d101f371482f4a52904e,True,False,False,False,base,insufficient_structure,not_evaluated_previous_stage_failed
test226,broom__01,root:1/profile-refine:IDEA-Research_grounding-dino-tiny:tool_prop_brush:01,tool_prop_brush,ab161402b2a9a73b0f6345261f027ce8e7d0ca353fae0491ea749dcbfb370370,True,True,True,True,direct_semantic_segmenter,direct_semantic_mask,no_appearance_contradiction
test226,broom__01,root:1/profile-refine:IDEA-Research_grounding-dino-tiny:tool_prop_lower_bristles:02,tool_prop_lower_bristles,b9d8ea1dc64de699196f6e48d3c0b256e4d9a0023770ffbc9c6fd331648d60d0,True,True,True,True,direct_semantic_segmenter,direct_semantic_mask,no_appearance_contradiction
test226,broom__01,root:1/profile-refine:IDEA-Research_grounding-dino-tiny:tool_prop_shaft:01,tool_prop_shaft,bf9fd896427517b1585cfc5804b2863fa829c953d70a6b3aefc5274472cd4a09,True,True,True,True,direct_semantic_segmenter,direct_semantic_mask,no_appearance_contradiction
test226,broom__03,root:1/profile-refine:IDEA-Research_grounding-dino-tiny:tool_prop_brush_cap:01,tool_prop_brush_cap,0653645d681d82837406cde167c50010c673a952554c553cad44438edc92e8ab,True,True,True,True,direct_semantic_segmenter,direct_semantic_mask,no_appearance_contradiction
test226,broom__03,root:1/profile-refine:IDEA-Research_grounding-dino-tiny:tool_prop_lower_bristles:01,tool_prop_lower_bristles,164491121ee3ab07b3d2661babd378151aee1bb7fb3e2b5924c77ecfaa341d03,True,True,True,True,direct_semantic_segmenter,direct_semantic_mask,no_appearance_contradiction
test226,broom__03,root:1/profile-refine:IDEA-Research_grounding-dino-tiny:tool_prop_lower_bristles:02,tool_prop_lower_bristles,52141286fd11ac08fa42f9cbebb0c82c5c047bbb85e057b3bc7028fa525062fb,True,True,True,True,direct_semantic_segmenter,direct_semantic_mask,no_appearance_contradiction
test226,broom__03,root:1/profile-refine:IDEA-Research_grounding-dino-tiny:tool_prop_ring:02,tool_prop_ring,7777d2aa8661931e31a69d845cfb5e7dbfdf68eb12a80062faf4c92621c7cfdf,True,True,True,True,direct_semantic_segmenter,direct_semantic_mask,no_appearance_contradiction
test226,broom__03,root:1/profile-refine:IDEA-Research_grounding-dino-tiny:tool_prop_shaft:01,tool_prop_shaft,0653645d681d82837406cde167c50010c673a952554c553cad44438edc92e8ab,True,True,True,True,direct_semantic_segmenter,direct_semantic_mask,no_appearance_contradiction
test226,broom__03,root:1/visual-region:01,tool_prop_brush,e393099d9b2dc4571e53d652f80be09e9280b1aae1a8cd95be950570d8cd0d96,True,False,True,False,base,insufficient_structure,not_evaluated_previous_stage_failed
test226,bucket__01,root:1/profile-refine:IDEA-Research_grounding-dino-tiny:container_bottom:01,container_bottom,d70f3f2e84ca85609082ba0f2ea9b3a113886988887336992f99b7b73340cc98,True,True,True,True,direct_semantic_segmenter,direct_semantic_mask,no_appearance_contradiction
test226,bucket__01,root:1/profile-refine:IDEA-Research_grounding-dino-tiny:container_inner:02,container_inner,87c031614aab3dffbd4a28b752db002018dfe0a48678aaa33c00fa459b0ba365,True,True,True,True,direct_semantic_segmenter,direct_semantic_mask,no_appearance_contradiction
test226,bucket__01,root:1/profile-refine:IDEA-Research_grounding-dino-tiny:container_inner_wall:01,container_inner_wall,44b5d534ae278652057c498d55c18bc8a98d82cd86ea33fbdaad59acc4891168,True,True,True,True,direct_semantic_segmenter,direct_semantic_mask,no_appearance_contradiction
test226,bucket__03,root:1/profile-refine:IDEA-Research_grounding-dino-tiny:container_opening:01,container_opening,cb641b1486744c443b38645577550a2979f1e6c1ddf20f806225823299b63d23,True,True,True,True,direct_semantic_segmenter,direct_semantic_mask,no_appearance_contradiction
test226,bucket__03,root:1/visual-region:03,container_outer_side,0022067c76d5f12ed3fd494307e689fe54d27856d44d2977e2b30a0f6cd6fb2b,True,False,True,False,semantic_inventory_evidence_rescue,insufficient_structure,not_evaluated_previous_stage_failed
test226,bucket__03,root:1/visual-region:04,container_handle,462508132b20b2ee19502e70b9b84b936a2df8c91e9c3daa52f0ddb72d6483ae,True,False,True,False,base,insufficient_structure,not_evaluated_previous_stage_failed
test226,bucket__03,root:1/visual-region:05,container_handle,0ee000d43fec0d022a636897b90fce1b9f1f4e6e48960c3cc5f2214210d7e3dd,True,False,True,False,base,insufficient_structure,not_evaluated_previous_stage_failed
test226,bucket__03,root:1/visual-region:09,container_handle,6b5e501343818d348035f1d75b09ae82c0c23df1d80a99819b867742215b1edb,True,False,True,False,base,insufficient_structure,not_evaluated_previous_stage_failed
test226,bucket__03,root:1/visual-region:10,container_base,06c77654d6efa77969c9e96aded5c89bb29ee27117311e781459172af721d4e8,True,False,True,False,semantic_inventory_evidence_rescue,insufficient_structure,not_evaluated_previous_stage_failed
test226,bucket__04,root:1/visual-region:02,container_handle,e8de1ad9e47883a08462e8a949dee0be98857e6b5d9250338ba0cc6ae1f4eede,True,False,True,False,base,insufficient_structure,not_evaluated_previous_stage_failed
test226,calculator__01,root:13/contour-visual-region:03,character_torso,e72790c6300475e89ed6cc39a76610b1ade0584fa1f1f194b86bb35c5865f05f,True,True,True,True,semantic_inventory_evidence_rescue,boundary_aligned_region,boundary_and_material_consistent
test226,calculator__01,root:13/contour-visual-region:05,character_arm,8aaaffbe871dd15661021c738a8da25ffe96aa9e627eec4c2fdce47e8ba18668,True,True,True,True,semantic_inventory_evidence_rescue,boundary_aligned_region,boundary_and_material_consistent
test226,calculator__01,root:13/contour-visual-region:06,character_hair,70bf6d23fd51b823927a4feb55bd62768e17b7b6655a615b7f12d4e13b31a53f,False,True,False,False,semantic_inventory_evidence_rescue,not_evaluated_semantic_failed,not_evaluated_previous_stage_failed
test226,calculator__01,root:13/contour-visual-region:10,character_shoe,5027aa1f67a4586a17493664886581a48be24208c466802c5e272f3378977e32,True,True,True,True,semantic_inventory_evidence_rescue,boundary_aligned_region,boundary_and_material_consistent
test226,calculator__01,root:13/visual-region:01,character_head,6170cb4e601c676cd39e4b908f840e94fbbe54256e49db7b6d95248d65d386b4,True,False,True,False,base,insufficient_structure,not_evaluated_previous_stage_failed
test226,calculator__02,root:1/profile-dense:device_keyboard:01,device_keyboard,1b4c62d7653e818191681c0d9d3da90271284ea8b4dcc060fe5a6f411a5b7ec4,True,False,True,False,resolved_inventory_candidate,insufficient_structure,not_evaluated_previous_stage_failed
test226,calculator__02,root:1/profile-refine:IDEA-Research_grounding-dino-tiny:device_button:01,device_button,a77466132a3e89aa005b042700236cbbd99cfbed351057d3da25757bc3ab169c,True,True,True,True,direct_semantic_segmenter,direct_semantic_mask,no_appearance_contradiction
test226,calculator__02,root:1/visual-region:02,device_base,0eea5a77ca5e3261ef538ce17ef0ef8b14a24b5be10be3f0c8f9312946d59b2b,True,False,True,False,base,insufficient_structure,not_evaluated_previous_stage_failed
test226,calculator__02,root:1:repeated-detail:01,device_button,e7cf271c49a81b454abdd34ab413e3c0c99124eb72c1f7b97647fb9f852143ab,True,False,True,False,resolved_inventory_candidate,insufficient_structure,not_evaluated_previous_stage_failed
test226,calculator__02,root:1:repeated-detail:02,device_button,06c7fed9ad397f7d4fcab80bdfed7c32788633f38caeaad45ecdd8a6b68117b1,True,False,True,False,resolved_inventory_candidate,insufficient_structure,not_evaluated_previous_stage_failed
test226,calculator__02,root:1:repeated-detail:03,device_button,fb0d80bc39f47106afcb576a1759dc8597510e5ead9310f57aed0fb45eab85fe,True,False,True,False,resolved_inventory_candidate,insufficient_structure,not_evaluated_previous_stage_failed
test226,calculator__02,root:1:repeated-detail:04,device_button,2adfea1da0486b7481e5b1e4490fbefeac17924a2250b8917f2ba73737e23045,True,False,True,False,resolved_inventory_candidate,insufficient_structure,not_evaluated_previous_stage_failed
test226,calculator__02,root:1:repeated-detail:06,device_button,3fd4fa616fc27693fa1ac8469588abee82571978e03032bb5739553ff52e65f1,True,False,True,False,resolved_inventory_candidate,insufficient_structure,not_evaluated_previous_stage_failed
test226,calculator__02,root:1:repeated-detail:07,device_button,51b896ac198ec284900d4ecb47e967037168316bfa6bfacbafaf2df6f6c24897,True,False,True,False,resolved_inventory_candidate,insufficient_structure,not_evaluated_previous_stage_failed
test226,calculator__02,root:1:repeated-detail:08,device_button,adc821a8dc36d67fb5cacdcb6469a0a5a4e7bea0e971b67a352b6b8fcf2d6f45,True,False,True,False,resolved_inventory_candidate,insufficient_structure,not_evaluated_previous_stage_failed
test226,calculator__02,root:1:repeated-detail:09,device_button,a466ba00db2e212c3037167f69b08165f181a2f8addbccc715df1ac0211190f9,True,False,True,False,resolved_inventory_candidate,insufficient_structure,not_evaluated_previous_stage_failed
test226,calculator__03,root:1/profile-dense:device_keyboard:01,device_keyboard,8ac128f9c3e303608b95f0cfb46a57b27964b7ecb57026d6fab59f02d57b8440,True,False,True,False,resolved_inventory_candidate,insufficient_structure,not_evaluated_previous_stage_failed
test226,calculator__03,root:1/profile-refine:IDEA-Research_grounding-dino-tiny:device_button:01,device_button,d9ba8d98d1d8b6ac08a4e21f4c0069b122d6e6190a925d97379807f0f6c5a0a0,True,True,True,True,direct_semantic_segmenter,direct_semantic_mask,no_appearance_contradiction
test226,calculator__03,root:1/profile-refine:IDEA-Research_grounding-dino-tiny:device_screen:01,device_screen,f1ca1287ea0dffd8f5a4d1b6c1b0fdedf4cc5135ff0341e005c96e129252504d,True,True,True,True,direct_semantic_segmenter,direct_semantic_mask,no_appearance_contradiction
test226,calculator__03,root:1/profile-topology:IDEA-Research_grounding-dino-tiny:device_bezel:01,device_bezel,808947cfda3ee62d486086a622f9c01c82dbb0bc9a558336a26f2969b5046e6d,True,False,True,False,resolved_inventory_candidate,insufficient_structure,not_evaluated_previous_stage_failed
test226,calculator__03,root:1/visual-region:02,device_key,e2dcb5de5368f315bc8969fff7eeead43c1302d267bb735a9de56862f6db69f9,True,True,True,True,base,cross_source_structure,boundary_and_material_consistent
test226,calculator__03,root:1/visual-region:04,device_base,5805b0883e1dce818eb83d3ba96b28c86f2a0b7f909b49d977a2cc10c767a3f7,True,False,True,False,base,insufficient_structure,not_evaluated_previous_stage_failed
test226,calculator__03,root:1/visual-region:07,device_logo,cb8edca809acf6704ec70414acbedd14203f972edaa890e00d1c08536a4043fb,True,False,True,False,base,insufficient_structure,not_evaluated_previous_stage_failed
test226,can__01,root:1/profile-refine:IDEA-Research_grounding-dino-tiny:container_label:01,container_label,83e65864240011cd3ebc0250c0916b7d7d25da9c3e62b79f391066abf354cd49,True,True,True,True,direct_semantic_segmenter,direct_semantic_mask,no_appearance_contradiction
test226,can__01,root:1/profile-refine:IDEA-Research_grounding-dino-tiny:container_label:02,container_label,97b7f6d57585e865ea1586cd0aa82011ea36a7922d3601ff3f4e902a4a22eb79,True,True,True,True,direct_semantic_segmenter,direct_semantic_mask,no_appearance_contradiction
test226,can__01,root:1/profile-refine:IDEA-Research_grounding-dino-tiny:container_pull_tab:02,container_pull_tab,83e65864240011cd3ebc0250c0916b7d7d25da9c3e62b79f391066abf354cd49,True,True,True,True,direct_semantic_segmenter,direct_semantic_mask,no_appearance_contradiction
test226,can__01,root:1/visual-region:01,container_rim,4358fa2f66e1ddb472e9c8a60bf359c7ae2654791b6ad336535f36e1b1246b09,True,False,True,False,base,insufficient_structure,not_evaluated_previous_stage_failed
test226,can__01,root:1/visual-region:02,container_lid,0440a72443ecb52ff903b6f3fe9c855bc4c4d9657d0acc1783c149e5645554f1,True,False,True,False,semantic_inventory_evidence_rescue,insufficient_structure,not_evaluated_previous_stage_failed
test226,can__01,root:1/visual-region:06,container_handle,138b09626bb15151e4c8672b0e597f6bbd278a247cdb06b4addb9e9527d01c44,True,True,True,True,semantic_inventory_evidence_rescue,cross_source_structure,boundary_and_material_consistent
test226,can__02,root:1/profile-refine:IDEA-Research_grounding-dino-tiny:container_handle:03,container_handle,1dba546d950fc9df4fea36e06dd9f88f86a8bb9122a34868069f1a37dd4d925d,True,True,True,True,direct_semantic_segmenter,direct_semantic_mask,no_appearance_contradiction
test226,can__02,root:1/profile-refine:IDEA-Research_grounding-dino-tiny:container_label:01,container_label,202d18dd4acb9181beb0e945165d28ce858e301ecb6dec43dfd2810180341668,True,True,True,True,direct_semantic_segmenter,direct_semantic_mask,no_appearance_contradiction
test226,can__02,root:1/profile-refine:IDEA-Research_grounding-dino-tiny:container_ring:02,container_ring,4149823dfec29d1a47fb0b9998265343e155332e100dd7ec55f8cc0bd4857ca9,True,True,True,True,direct_semantic_segmenter,direct_semantic_mask,no_appearance_contradiction
test226,can__02,root:1/profile-refine:IDEA-Research_grounding-dino-tiny:container_spout:02,container_spout,ca29e574f2e5118d63b84dc3e0b2ff7ffb42fb8f04ad69fc4da68d9aa4edcd1b,True,True,True,True,direct_semantic_segmenter,direct_semantic_mask,no_appearance_contradiction
test226,can__02,root:1/visual-region:08,container_lid,86314046bad4d0e3a2eeb519ecbbcf70b88b55e61237492bfdab91f39efb2386,False,True,False,False,semantic_inventory_evidence_rescue,not_evaluated_semantic_failed,not_evaluated_previous_stage_failed
test226,can__03,root:1/profile-refine:IDEA-Research_grounding-dino-tiny:container_inner:01,container_inner,d7e1aed0534513bbb8e84506dfc776e0d0d33e2a930f3cb7f56554e7285a0678,True,True,True,True,direct_semantic_segmenter,direct_semantic_mask,no_appearance_contradiction
test226,can__03,root:1/profile-refine:IDEA-Research_grounding-dino-tiny:container_label:02,container_label,9b6342327c2610250571d7a2b11a6434c109cf6f859fe7437c54b92f33e96f4f,True,True,True,True,direct_semantic_segmenter,direct_semantic_mask,no_appearance_contradiction
test226,can__04,root:1/profile-refine:IDEA-Research_grounding-dino-tiny:container_inner:01,container_inner,ab5e76357c01f2e1b7935e0e2355230e0de93a12f184b1ae2ea4f34e5d533a1f,True,True,True,True,direct_semantic_segmenter,direct_semantic_mask,no_appearance_contradiction
test226,can__04,root:1/profile-refine:IDEA-Research_grounding-dino-tiny:container_label:01,container_label,5652b3d3d0e585efefd70a0ba71c1bee72ef6326148edb093dc612dd4c5e3562,True,True,True,True,direct_semantic_segmenter,direct_semantic_mask,no_appearance_contradiction
test226,can__04,root:1/profile-refine:IDEA-Research_grounding-dino-tiny:container_label:02,container_label,1a061cc30922038bffe67a79af68cbc45a049ce7aace2cc874a818982c11bdb7,True,True,True,True,direct_semantic_segmenter,direct_semantic_mask,no_appearance_contradiction
test226,can__04,root:1/profile-refine:IDEA-Research_grounding-dino-tiny:container_ring:01,container_ring,5505e49685adce2a9de737c5310b285d65467a653fe96adfe97b329317b39d60,True,True,True,True,direct_semantic_segmenter,direct_semantic_mask,no_appearance_contradiction
test226,can__04,root:1/profile-refine:IDEA-Research_grounding-dino-tiny:container_spout:01,container_spout,83926cfb2b26c7072d62bde8834e70d0a0c5b40a2ea7a950027bf5095f7758bd,True,True,True,True,direct_semantic_segmenter,direct_semantic_mask,no_appearance_contradiction
test226,can__04,root:1/visual-region:14,container_ring,e6b39594f94686aff84935d99e78b4bb195700cd4d47ffa78f7b23bfacd8705c,True,False,True,False,semantic_inventory_evidence_rescue,insufficient_structure,not_evaluated_previous_stage_failed
test226,can__04,root:1/visual-region:16,container_rim,844c6d5b0245d8940990fc0a0a624634e2138505aa46ff5ce2bf48743971cae8,True,True,True,True,semantic_inventory_evidence_rescue,cross_source_structure,boundary_and_material_consistent
test226,car_automobile__01,root:1/profile-refine:IDEA-Research_grounding-dino-tiny:vehicle_door:01,vehicle_door,9ef93963aa70995d5c57a538ffdbe1f22e04cb2e249797d373bde2f551c0365b,True,True,True,True,direct_semantic_segmenter,direct_semantic_mask,no_appearance_contradiction
test226,car_automobile__01,root:1/profile-refine:IDEA-Research_grounding-dino-tiny:vehicle_fender:01,vehicle_fender,48a03d3757e526484f88b7a048cd0da96017f5e36aeecb87087384c4db2807da,True,True,True,True,direct_semantic_segmenter,direct_semantic_mask,no_appearance_contradiction
test226,car_automobile__01,root:1/profile-refine:IDEA-Research_grounding-dino-tiny:vehicle_handle:01,vehicle_handle,4d9dd7f1355505787b106fde9d5440a98821f7bd8b6b5bb64b51e1b672e8df50,True,True,True,True,direct_semantic_segmenter,direct_semantic_mask,no_appearance_contradiction
test226,car_automobile__01,root:1/profile-refine:IDEA-Research_grounding-dino-tiny:vehicle_rim:02,vehicle_rim,dbd7281054e3e2eb6d2971b0485e44a9dbdf9916fb38ac665bccfa053f8c0c27,True,True,True,True,direct_semantic_segmenter,direct_semantic_mask,no_appearance_contradiction
test226,car_automobile__01,root:1/profile-refine:IDEA-Research_grounding-dino-tiny:vehicle_roof:01,vehicle_roof,1b9ae7eeab8e1f97a424305797455a9c3c0d086e701b9397739d88cfb01f9ea0,True,True,True,True,direct_semantic_segmenter,direct_semantic_mask,no_appearance_contradiction
test226,car_automobile__01,root:1/profile-refine:IDEA-Research_grounding-dino-tiny:vehicle_steering_wheel:01,vehicle_steering_wheel,79d3913df0a52ce546bf8ca89da479f46d410640e0ebb409adcf9dcda1c5d22d,True,True,True,True,direct_semantic_segmenter,direct_semantic_mask,no_appearance_contradiction
test226,car_automobile__01,root:1/profile-refine:IDEA-Research_grounding-dino-tiny:vehicle_taillight:02,vehicle_taillight,23908ccc185b609f48d7a1f5d81f84fe6074025b3b8a289fdfdf58e1112cb69d,True,True,True,True,direct_semantic_segmenter,direct_semantic_mask,no_appearance_contradiction
test226,car_automobile__01,root:1/profile-refine:IDEA-Research_grounding-dino-tiny:vehicle_tire:01,vehicle_tire,dbd7281054e3e2eb6d2971b0485e44a9dbdf9916fb38ac665bccfa053f8c0c27,True,True,True,True,direct_semantic_segmenter,direct_semantic_mask,no_appearance_contradiction
test226,car_automobile__01,root:1/profile-refine:IDEA-Research_grounding-dino-tiny:vehicle_trunk:01,vehicle_trunk,c3c06d76b1b5aec4d8a5d59ea608904bb2cc7b365facd8715932dd6e70c08078,True,True,True,True,direct_semantic_segmenter,direct_semantic_mask,no_appearance_contradiction
test226,car_automobile__01,root:1/profile-refine:IDEA-Research_grounding-dino-tiny:vehicle_window:01,vehicle_window,edf4e0a1de7b65beefbcbddab5c2ab31de4b9b8a5de3528307f97c1b5e39e0ac,True,True,True,True,direct_semantic_segmenter,direct_semantic_mask,no_appearance_contradiction
test226,car_automobile__01,root:1/profile-refine:IDEA-Research_grounding-dino-tiny:vehicle_window:03,vehicle_window,d1d3fd81558460ea89c7822629b87d66f7c6127f609a613d06edbc7dc1a58db0,True,True,True,True,direct_semantic_segmenter,direct_semantic_mask,no_appearance_contradiction
test226,car_automobile__01,root:1/profile-refine:IDEA-Research_grounding-dino-tiny:vehicle_windshield:01,vehicle_windshield,075de434cf82eaadc82961baa1f3fdc26472b896548e6b13572ca489b4330874,True,True,True,True,direct_semantic_segmenter,direct_semantic_mask,no_appearance_contradiction
test226,car_automobile__01,root:1/profile-refine:IDEA-Research_grounding-dino-tiny:vehicle_wiper:01,vehicle_wiper,ebd21ac4b895e4c9b8086c13dbe296e452feb0f0720cbfc05f7e4708c7cf81bd,True,True,True,True,direct_semantic_segmenter,direct_semantic_mask,no_appearance_contradiction
test226,car_automobile__01,root:1/profile-refine:IDEA-Research_grounding-dino-tiny:vehicle_wiper:02,vehicle_wiper,dfbfa58f84d314060bbf6d589eecee91579f84cffb6143ea1243088619d74070,True,True,True,True,direct_semantic_segmenter,direct_semantic_mask,no_appearance_contradiction
test226,car_automobile__01,root:1/visual-region:12,vehicle_wheel,b96805f544ef922d507ae66c0418d2b7753a7bbbb1d2799825670ffc7e1253a9,True,False,True,False,base,insufficient_structure,not_evaluated_previous_stage_failed
test226,car_automobile__02,root:1/profile-refine:IDEA-Research_grounding-dino-tiny:vehicle_antenna:01,vehicle_antenna,13d4932658360a722e0f151d64987992c9e150b50a9a82e2cb98b7289ae0a6e4,True,True,True,True,direct_semantic_segmenter,direct_semantic_mask,no_appearance_contradiction
test226,car_automobile__02,root:1/profile-refine:IDEA-Research_grounding-dino-tiny:vehicle_badge:02,vehicle_badge,e35554977f67c5237d240e9c7af1e3c29263dc8552d37fa07ab69e6dee3f9b13,True,True,True,True,direct_semantic_segmenter,direct_semantic_mask,no_appearance_contradiction
test226,car_automobile__02,root:1/profile-refine:IDEA-Research_grounding-dino-tiny:vehicle_fender:01,vehicle_fender,b2926815c0d7c76550aae0487aa1bba09d3a45b51e09b1548cdf9c4dd91afb70,True,True,True,True,direct_semantic_segmenter,direct_semantic_mask,no_appearance_contradiction
test226,car_automobile__02,root:1/profile-refine:IDEA-Research_grounding-dino-tiny:vehicle_grille:01,vehicle_grille,da667193637b6fbf6256c02b887ab11c789d106dd976107c9cbac56700eadc9e,True,True,True,True,direct_semantic_segmenter,direct_semantic_mask,no_appearance_contradiction
test226,car_automobile__02,root:1/profile-refine:IDEA-Research_grounding-dino-tiny:vehicle_headlight:01,vehicle_headlight,89f7977cafd40832eea79bb45a393a6a55bc6b992e7cbf81a7ac1bc5ad851944,True,True,True,True,direct_semantic_segmenter,direct_semantic_mask,no_appearance_contradiction
test226,car_automobile__02,root:1/profile-refine:IDEA-Research_grounding-dino-tiny:vehicle_headlight:02,vehicle_headlight,a01e92c6d805ab00377cb090fb788e6fe80630f3c2bf19947004e7ce642cd42e,True,True,True,True,direct_semantic_segmenter,direct_semantic_mask,no_appearance_contradiction
test226,car_automobile__02,root:1/profile-refine:IDEA-Research_grounding-dino-tiny:vehicle_hood:02,vehicle_hood,cdf1f1bec1623ee01726533cf32f2b0dde146f1ef3b33bdac8dc99e1d5fb5cfa,True,True,True,True,direct_semantic_segmenter,direct_semantic_mask,no_appearance_contradiction
test226,car_automobile__02,root:1/profile-refine:IDEA-Research_grounding-dino-tiny:vehicle_mirror:01,vehicle_mirror,25014c4c38952ceb69062d5be4c75446e36db0ba99faf26ac1bb6b8b860728b1,True,True,True,True,direct_semantic_segmenter,direct_semantic_mask,no_appearance_contradiction
test226,car_automobile__02,root:1/profile-refine:IDEA-Research_grounding-dino-tiny:vehicle_roof:01,vehicle_roof,02a73187945f90c25ab699c8b908970087bc540e86408a325d7afbde09c5cd13,True,True,True,True,direct_semantic_segmenter,direct_semantic_mask,no_appearance_contradiction
test226,car_automobile__02,root:1/profile-refine:IDEA-Research_grounding-dino-tiny:vehicle_seat:02,vehicle_seat,4e033b9e45c61af3f9136f30bf8f6f92193fe553e7b8435146f73ca910a179e9,True,True,True,True,direct_semantic_segmenter,direct_semantic_mask,no_appearance_contradiction
test226,car_automobile__02,root:1/profile-refine:IDEA-Research_grounding-dino-tiny:vehicle_wiper:02,vehicle_wiper,5b3bdf55f1084d07fdf6218be7255eba07a46973e33d47567c6a1b4483bb1391,True,True,True,True,direct_semantic_segmenter,direct_semantic_mask,no_appearance_contradiction
test226,car_automobile__02,root:1/visual-region:15,vehicle_turn_signal,5cbf0d1a690b826db1442c855de081d69c0715f5e9afc6b866685c4e05324dc3,False,False,True,False,semantic_inventory_evidence_rescue,not_evaluated_semantic_failed,not_evaluated_previous_stage_failed
test226,car_automobile__03,root:2/profile-refine:IDEA-Research_grounding-dino-tiny:vehicle_bumper:01,vehicle_bumper,55605bd015206349a25c8ebb20a52ca7653207943cdee285855d6a10bdb4e68f,True,True,True,True,direct_semantic_segmenter,direct_semantic_mask,no_appearance_contradiction
test226,car_automobile__03,root:2/profile-refine:IDEA-Research_grounding-dino-tiny:vehicle_dashboard:01,vehicle_dashboard,f2af982afdeff0584b569aae72ad0c0674307572dc79432ec0cdfc923666d66c,True,True,True,True,direct_semantic_segmenter,direct_semantic_mask,no_appearance_contradiction
test226,car_automobile__03,root:2/profile-refine:IDEA-Research_grounding-dino-tiny:vehicle_door:01,vehicle_door,7feb7521f619a3fff8104539111b50ea812540bec49732cbc4dc4cc868543df5,True,True,True,True,direct_semantic_segmenter,direct_semantic_mask,no_appearance_contradiction
test226,car_automobile__03,root:2/profile-refine:IDEA-Research_grounding-dino-tiny:vehicle_fender:02,vehicle_fender,dfba95abfd56a01d76fdfd6f2c8b25cbe78e457021519c77ad5bc5d2f145a6f4,True,True,True,True,direct_semantic_segmenter,direct_semantic_mask,no_appearance_contradiction
test226,car_automobile__03,root:2/profile-refine:IDEA-Research_grounding-dino-tiny:vehicle_grille:02,vehicle_grille,30e004e964fbdcdcc2829368b02dede4b2d74133c2497b730b65fe9ebe2847bd,True,True,True,True,direct_semantic_segmenter,direct_semantic_mask,no_appearance_contradiction
test226,car_automobile__03,root:2/profile-refine:IDEA-Research_grounding-dino-tiny:vehicle_headlight:01,vehicle_headlight,6db8a1fb7ec7efa34072c10e845220b866a45d46ae106327f1aeb22cf5875f43,True,True,True,True,direct_semantic_segmenter,direct_semantic_mask,no_appearance_contradiction
test226,car_automobile__03,root:2/profile-refine:IDEA-Research_grounding-dino-tiny:vehicle_hood:01,vehicle_hood,786de3531a88f2ef44529a64ab55396991f75e88755498a635b4ef5fe1861fd0,True,True,True,True,direct_semantic_segmenter,direct_semantic_mask,no_appearance_contradiction
test226,car_automobile__03,root:2/profile-refine:IDEA-Research_grounding-dino-tiny:vehicle_rim:03,vehicle_rim,90f56543280b866801b29dd3f71ba2eb079ca0f4080c3d205a09c1a35b53aa30,True,True,True,True,direct_semantic_segmenter,direct_semantic_mask,no_appearance_contradiction
test226,car_automobile__03,root:2/profile-refine:IDEA-Research_grounding-dino-tiny:vehicle_roof:01,vehicle_roof,daf61902bd0995ad1e3781370f0dad2c27a1b7b6c626f6da00f49b986d1bbdc2,True,True,True,True,direct_semantic_segmenter,direct_semantic_mask,no_appearance_contradiction
test226,car_automobile__03,root:2/profile-refine:IDEA-Research_grounding-dino-tiny:vehicle_seat:01,vehicle_seat,3d94c448364c930c56ad54075581548e59ad77f84ca23fed179ae1f63ed6ffeb,True,True,True,True,direct_semantic_segmenter,direct_semantic_mask,no_appearance_contradiction
test226,car_automobile__03,root:2/profile-refine:IDEA-Research_grounding-dino-tiny:vehicle_steering_wheel:01,vehicle_steering_wheel,807c0b34152b23e96a6fc70452516f1b09586506a48c68365a64c1d371365f9a,True,True,True,True,direct_semantic_segmenter,direct_semantic_mask,no_appearance_contradiction
test226,car_automobile__03,root:2/profile-refine:IDEA-Research_grounding-dino-tiny:vehicle_window:02,vehicle_window,05c1d830c526c63f5cf467adae57c2f511e9c5d92fef17e20b15d1594511233d,True,True,True,True,direct_semantic_segmenter,direct_semantic_mask,no_appearance_contradiction
test226,car_automobile__03,root:2/profile-refine:IDEA-Research_grounding-dino-tiny:vehicle_windshield:02,vehicle_windshield,5ca2180dcfd9d883047d7702168a91d6c6132681a2ecf480ad3b23a4f28616fe,True,True,True,True,direct_semantic_segmenter,direct_semantic_mask,no_appearance_contradiction
test226,car_automobile__03,root:2/profile-refine:IDEA-Research_grounding-dino-tiny:vehicle_wiper:01,vehicle_wiper,c21499b43be0459e101f70b108903870febd1e3af8694cf266213d350c13f315,True,True,True,True,direct_semantic_segmenter,direct_semantic_mask,no_appearance_contradiction
test226,car_automobile__03,root:2/profile-refine:IDEA-Research_grounding-dino-tiny:vehicle_wiper:02,vehicle_wiper,8f662998e7304a9b90cd1e60dad0f5db4891cee287913a6f3a09ed99c9e15c76,True,True,True,True,direct_semantic_segmenter,direct_semantic_mask,no_appearance_contradiction
test226,car_automobile__03,root:2/profile-refine:IDEA-Research_grounding-dino-tiny:vehicle_wiper:03,vehicle_wiper,5f1cffe27bee527f7770a40432993e16d49bb9d9ef62856e1a923521a3415edc,True,True,True,True,direct_semantic_segmenter,direct_semantic_mask,no_appearance_contradiction
test226,car_automobile__03,root:2/visual-region:05,vehicle_headlight,c21cb694f6209f77b38c5cd2458aaa46637a12487cc3318d26accf00ea7f4fdc,False,True,True,False,semantic_inventory_evidence_rescue,not_evaluated_semantic_failed,not_evaluated_previous_stage_failed
test226,car_automobile__03,root:2/visual-region:07,vehicle_fender,b2accc86479507853ec4cfae5e6ded7e54ba2fe412507f5e70075f06a0b634da,False,True,True,False,semantic_inventory_evidence_rescue,not_evaluated_semantic_failed,not_evaluated_previous_stage_failed
test226,car_automobile__04,root:1/profile-refine:IDEA-Research_grounding-dino-tiny:vehicle_door:01,vehicle_door,d27005a8912cddee7442bce9afc65a69d91d58c4b9207fc0a288a2e01da95a82,True,True,True,True,direct_semantic_segmenter,direct_semantic_mask,no_appearance_contradiction
test226,car_automobile__04,root:1/profile-refine:IDEA-Research_grounding-dino-tiny:vehicle_headlight:02,vehicle_headlight,7c2be8d419be69e47ef10eeae1a6dd89e12eac463d4394e4d4e1a42e4a7c995e,True,True,True,True,direct_semantic_segmenter,direct_semantic_mask,no_appearance_contradiction
test226,car_automobile__04,root:1/profile-refine:IDEA-Research_grounding-dino-tiny:vehicle_hood:01,vehicle_hood,4d437aff6aafb475695c293925f63bf08c2654fa8271df8f3a5948fc127d2871,True,True,True,True,direct_semantic_segmenter,direct_semantic_mask,no_appearance_contradiction
test226,car_automobile__04,root:1/profile-refine:IDEA-Research_grounding-dino-tiny:vehicle_mirror:01,vehicle_mirror,4e32ac5b577703e0c309952d521bcc1322552793a824f8c6b0f9adbfca2e1d7c,True,True,True,True,direct_semantic_segmenter,direct_semantic_mask,no_appearance_contradiction
test226,car_automobile__04,root:1/profile-refine:IDEA-Research_grounding-dino-tiny:vehicle_rim:02,vehicle_rim,12b68767993e6a4b9ed0d767e7cfbe0abe0771693d6c7168f7189c6d971128b6,True,True,True,True,direct_semantic_segmenter,direct_semantic_mask,no_appearance_contradiction
test226,car_automobile__04,root:1/profile-refine:IDEA-Research_grounding-dino-tiny:vehicle_tire:04,vehicle_tire,1ddfca74142d6713a74f3b41c711fb19a021421eac3bcef6dea9e1347d9a4dbd,True,True,True,True,direct_semantic_segmenter,direct_semantic_mask,no_appearance_contradiction
test226,car_automobile__04,root:1/profile-refine:IDEA-Research_grounding-dino-tiny:vehicle_trunk:01,vehicle_trunk,de9d92bef5f41f8c584ab2f25a9b1a2db552d60a61a66cb543847ad20319c6eb,True,True,True,True,direct_semantic_segmenter,direct_semantic_mask,no_appearance_contradiction
test226,car_automobile__04,root:1/profile-refine:IDEA-Research_grounding-dino-tiny:vehicle_window:01,vehicle_window,a122db1aa1cfd1112628d78cb31c3b027ba6aa7ca92f76a8c7e1bc18dac54270,True,True,True,True,direct_semantic_segmenter,direct_semantic_mask,no_appearance_contradiction
test226,car_automobile__04,root:1/profile-refine:IDEA-Research_grounding-dino-tiny:vehicle_window:03,vehicle_window,c0111762bbdeb0d148622faee69969524dac2f4bfda02383cc02dc5dceb2c81c,True,True,True,True,direct_semantic_segmenter,direct_semantic_mask,no_appearance_contradiction
test226,car_automobile__04,root:1/profile-refine:IDEA-Research_grounding-dino-tiny:vehicle_wiper:01,vehicle_wiper,0c285e82982ca560615eed9746bdf29c3439094be9c8185a81e8490e4d7192e0,True,True,True,True,direct_semantic_segmenter,direct_semantic_mask,no_appearance_contradiction
test226,car_automobile__04,root:1/visual-region:06,vehicle_taillight,eb4d3126389b551c6f59869d090a77e8df5d9f65351d608ad5cf174b86ba2f8a,False,False,True,False,semantic_inventory_evidence_rescue,not_evaluated_semantic_failed,not_evaluated_previous_stage_failed
test226,carton__01,root:1/profile-refine:IDEA-Research_grounding-dino-tiny:container_base:01,container_base,db6a95ddf36ed9cc4f4c87558a7f89607e42667e9fb234a9ff47b697d05cc7a0,True,True,True,True,direct_semantic_segmenter,direct_semantic_mask,no_appearance_contradiction
test226,carton__01,root:1/profile-refine:IDEA-Research_grounding-dino-tiny:container_label:01,container_label,007fe78843b9ce3e569a0d5274497ce8f337ea05e6cf0ee915087d869b2e999f,True,True,True,True,direct_semantic_segmenter,direct_semantic_mask,no_appearance_contradiction
test226,carton__01,root:1/profile-refine:IDEA-Research_grounding-dino-tiny:container_label:02,container_label,ee4ef1eb98f97ca963e5155e19a8309da138b923ddc04e3310687735404cdf5e,True,True,True,True,direct_semantic_segmenter,direct_semantic_mask,no_appearance_contradiction
test226,carton__01,root:1/profile-refine:IDEA-Research_grounding-dino-tiny:container_label:04,container_label,ac56ccf85604dd3011bcfbf594b0b78a3c02d607b313f9ef715f2002d2bc04e3,True,True,True,True,direct_semantic_segmenter,direct_semantic_mask,no_appearance_contradiction
test226,carton__01,root:1/profile-refine:IDEA-Research_grounding-dino-tiny:container_lid:01,container_lid,7ebf44216a28b886ec869e5b888c689d2c4fdf959a169186929ba8def5794701,True,True,True,True,direct_semantic_segmenter,direct_semantic_mask,no_appearance_contradiction
test226,carton__01,root:1/profile-refine:IDEA-Research_grounding-dino-tiny:container_shoulder:01,container_shoulder,c5f68787410260761bd047f54270ca10b1872689b8739a821deff4fed2ab0eab,True,True,True,True,direct_semantic_segmenter,direct_semantic_mask,no_appearance_contradiction
test226,carton__01,root:1/profile-refine:IDEA-Research_grounding-dino-tiny:container_side:02,container_side,d5e893d40435975540ee615187017cd591602a505f5cab25e05dccb1412e4567,True,True,True,True,direct_semantic_segmenter,direct_semantic_mask,no_appearance_contradiction
test226,carton__03,root:1/profile-refine:IDEA-Research_grounding-dino-tiny:container_inner_wall:02,container_inner_wall,f9820dbdf815787b978272b7acd60ffec345ec7e2eba08ac98245cff42837100,True,True,True,True,direct_semantic_segmenter,direct_semantic_mask,no_appearance_contradiction
test226,carton__03,root:1/visual-region:06,container_shoulder,142158d46040cbd2bc6c4950c2a697a14e1b55e477b477a541c4ef853e247ebb,True,False,True,False,base,insufficient_structure,not_evaluated_previous_stage_failed
test226,carton__03,root:1/visual-region:13,container_base,20dda985a291b7aeb9c76808082bd58d97dcadb6ddd3407cd1f81acdd5f7f8dc,True,False,True,False,base,insufficient_structure,not_evaluated_previous_stage_failed
test226,carton__04,root:2/profile-refine:IDEA-Research_grounding-dino-tiny:container_handle:02,container_handle,031c1fc1ad57d2da2e9ac8ceb33e44cc8a062f3eb98517d4804e245b2251c3cb,True,True,True,True,direct_semantic_segmenter,direct_semantic_mask,no_appearance_contradiction
test226,carton__04,root:2/profile-refine:IDEA-Research_grounding-dino-tiny:container_label:02,container_label,1f493423fa2dc83c2c8151afcc081e62f8ffbf80daea4080ba338aba4039b5ad,True,True,True,True,direct_semantic_segmenter,direct_semantic_mask,no_appearance_contradiction
test226,carton__04,root:2/profile-refine:IDEA-Research_grounding-dino-tiny:container_lid:02,container_lid,399449d9bec36d910e179c0d0015a94b5216e35b48cf38a3b5e13b8a659c5551,True,True,True,True,direct_semantic_segmenter,direct_semantic_mask,no_appearance_contradiction
test226,carton__04,root:2/profile-refine:IDEA-Research_grounding-dino-tiny:container_neck:03,container_neck,926eaa66432840bd8e489da3f6d2c8c7d51af234001d27f0512a10d5c80b336e,True,True,True,True,direct_semantic_segmenter,direct_semantic_mask,no_appearance_contradiction
test226,carton__04,root:2/profile-refine:IDEA-Research_grounding-dino-tiny:container_opening:02,container_opening,5faa09b9a7369ae112b5cdc3d8b22fdd72d27945b72344cadd9c2a93220b460e,True,True,True,True,direct_semantic_segmenter,direct_semantic_mask,no_appearance_contradiction
test226,carton__04,root:2/profile-refine:IDEA-Research_grounding-dino-tiny:container_spout:03,container_spout,6c992513bd0859b9f1c6560f16e00957531824ccbd7cb4af71cd50fde474f1ab,True,True,True,True,direct_semantic_segmenter,direct_semantic_mask,no_appearance_contradiction
test226,carton__04,root:2/visual-region:25,container_label,5e1cdd19caaef55ad29f0ba5a1775a8b03abeaba44885a288c667379171aac3d,True,True,True,True,semantic_inventory_evidence_rescue,cross_source_structure,boundary_and_material_consistent
test226,carton__04,root:2/visual-region:31,container_shoulder,889c7bd86700620e1d3d3822da6512a925f59a01af873c9fd61fca615402503d,True,False,True,False,base,insufficient_structure,not_evaluated_previous_stage_failed
test226,cellular_telephone__01,root:1/profile-topology:IDEA-Research_grounding-dino-tiny:device_bezel:01,device_bezel,1bf5a7bed0df6f4ab3a752dd7c6698777edacf10b1f6534c591c101e7b83fb20,True,False,True,False,resolved_inventory_candidate,insufficient_structure,not_evaluated_previous_stage_failed
test226,cellular_telephone__01,root:1/visual-region:03,device_button,02279545fe00bcfebf2c12cf48ec49a67e0c29892ad3ab34d3207f4d44855f8d,False,False,True,False,contextual_rescue,not_evaluated_semantic_failed,not_evaluated_previous_stage_failed
test226,cellular_telephone__01,root:1/visual-region:08,device_flash,7ddd822674ee98797bf1bb65e8c2ee91dcbffe506530ec7a690ea56ac8a14611,False,False,True,False,semantic_inventory_evidence_rescue,not_evaluated_semantic_failed,not_evaluated_previous_stage_failed
test226,cellular_telephone__01,root:1/visual-region:12,device_port,41a016a067e154166e6991a5a1559fb3031f76ce6d3f472596082b06dc18fb71,False,False,True,False,semantic_inventory_evidence_rescue,not_evaluated_semantic_failed,not_evaluated_previous_stage_failed
test226,cellular_telephone__01,root:1/visual-region:14,device_port,c6ea48ddd2d740081a9c68de13cc0bfc3ee5aa66ee94b8f04f500242a9f2522d,True,False,True,False,semantic_inventory_evidence_rescue,insufficient_structure,not_evaluated_previous_stage_failed
test226,cellular_telephone__01,root:1/visual-region:15,device_button,77186d8d70746d503824353e9eca1f3d0ed8b79746ebe08c39892fa5c33e7b81,False,False,True,False,contextual_rescue,not_evaluated_semantic_failed,not_evaluated_previous_stage_failed
test226,cellular_telephone__02,root:1/profile-dense:device_lens:02,device_lens,77c7933f7b7309bf1559d5cb202c316448f16a4ef587e759b5476252e0f8fe97,True,False,True,False,resolved_inventory_candidate,insufficient_structure,not_evaluated_previous_stage_failed
test226,cellular_telephone__02,root:1/profile-refine:IDEA-Research_grounding-dino-tiny:device_microphone:02,device_microphone,eba3bffadab7c66bad1e4cb7ced809590cec9cf22f205d85d860b3cb678d5a76,True,True,True,True,direct_semantic_segmenter,direct_semantic_mask,no_appearance_contradiction
test226,cellular_telephone__02,root:1/profile-refine:IDEA-Research_grounding-dino-tiny:device_screen:01,device_screen,6bea2a074d392a9c50d665c42f2a4fd29208e325ee5963d532e254398761c8e6,True,True,True,True,direct_semantic_segmenter,direct_semantic_mask,no_appearance_contradiction
test226,cellular_telephone__02,root:1/profile-refine:IDEA-Research_grounding-dino-tiny:device_speaker:01,device_speaker,1d5c6eb10e815b606bd5c527a2ccdaf13f624fd652adaba5960149cbc822b8d0,True,True,True,True,direct_semantic_segmenter,direct_semantic_mask,no_appearance_contradiction
test226,cellular_telephone__02,root:1/profile-refine:IDEA-Research_grounding-dino-tiny:device_speaker:02,device_speaker,ff6eaaf51d1a51f2421e094d98c179934b4be43c6008c857ef1fd5063075b4c7,True,True,True,True,direct_semantic_segmenter,direct_semantic_mask,no_appearance_contradiction
test226,cellular_telephone__02,root:1/profile-topology:IDEA-Research_grounding-dino-tiny:device_bezel:01,device_bezel,d6ca27291d6b3c35194e3c596fb603cb6f7c685cbbced0aef81927fe8593174c,True,False,True,False,resolved_inventory_candidate,insufficient_structure,not_evaluated_previous_stage_failed
test226,cellular_telephone__02,root:1/visual-region:01,device_camera,95611a4026a4ef0ff1f03e92ffe97dc8da94880817db78d379209eaf1294a31e,True,False,True,False,base,insufficient_structure,not_evaluated_previous_stage_failed
test226,cellular_telephone__02,root:1/visual-region:19,device_camera,e93b4b33a2536880d50d08f28c08ecf2b6dab3bfc5cf66c908b4d22487aa874b,True,False,False,False,base,insufficient_structure,not_evaluated_previous_stage_failed
test226,cellular_telephone__02,root:1/visual-region:21,device_camera,4d291f326cde43039bc43a6ebad9eb700466cad0a00cbd1da04709b25b911fea,True,False,False,False,base,insufficient_structure,not_evaluated_previous_stage_failed
test226,cellular_telephone__02,root:1/visual-region:26,device_camera,c9f839eec228242ec9a65736d1eccef01c2ecc4aa5f0e9e0a8ed0f988d20899b,True,False,False,False,base,insufficient_structure,not_evaluated_previous_stage_failed
test226,cellular_telephone__03,root:1/profile-refine:IDEA-Research_grounding-dino-tiny:device_screen:01,device_screen,f16600f9c069c8667be0be96115e27c2e7117670675a8099853df89bf6725f16,True,True,True,True,direct_semantic_segmenter,direct_semantic_mask,no_appearance_contradiction
test226,cellular_telephone__03,root:1/profile-topology:IDEA-Research_grounding-dino-tiny:device_bezel:01,device_bezel,0740f0506eabb1aefc4014ac8a2c120c8914f0fb1af5bdc8b233fa061b938ebe,True,False,True,False,resolved_inventory_candidate,insufficient_structure,not_evaluated_previous_stage_failed
test226,cellular_telephone__03,root:1/visual-region:05,device_button,ecfd19a5ab9b6be5e1281e31d274272380730c44d288ef5e3af256d8cf4c56e3,False,False,True,False,within_root_repetition_consensus,not_evaluated_semantic_failed,not_evaluated_previous_stage_failed
test226,cellular_telephone__03,root:1/visual-region:09,device_flash,b41863906c5a3e49964a37d413d6d43f2ab39ddeb15d2b327cf2f1f37e4ce2a2,True,True,True,True,base,cross_source_structure,boundary_and_material_consistent
test226,cellular_telephone__03,root:1/visual-region:10,device_button,5950907111944d5f7bef0a837ec91f3f25a18ab570a60310cbb2179424d28e43,False,False,True,False,within_root_repetition_consensus,not_evaluated_semantic_failed,not_evaluated_previous_stage_failed
test226,cellular_telephone__03,root:1/visual-region:13,device_button,24a82af35786dcc25a4bf3ef21f22fa9f87d69c295b08fcc39934af2e21238ee,True,False,True,False,base,insufficient_structure,not_evaluated_previous_stage_failed
test226,cellular_telephone__03,root:1/visual-region:16,device_button,0d3af76f0f6685ec4b7231e05d48eb18ca8d6675259043731325fd293193ba00,True,False,True,False,base,insufficient_structure,not_evaluated_previous_stage_failed
test226,cellular_telephone__03,root:1/visual-region:18,device_button,99585edb91cffb66535214610e21d4d2883dc3febf051c7c13209a08ce933ce7,True,False,True,False,base,insufficient_structure,not_evaluated_previous_stage_failed
test226,cellular_telephone__03,root:1/visual-region:20,device_button,dda8927821e89e9f14b816f7478449aef2749f3bd8b0283c80fe1f3d2bb31eca,True,False,True,False,base,insufficient_structure,not_evaluated_previous_stage_failed
test226,cellular_telephone__03,root:1/visual-region:21,device_button,073f71c2e8dd4cc9780cf510248467017551fd634ca5e6e63abee501fde6b2fd,True,False,True,False,base,insufficient_structure,not_evaluated_previous_stage_failed
test226,cellular_telephone__03,root:1/visual-region:22,device_button,d634f21ddfef8604367845f2cbc57ad6546c2d0a21c9a83e6dcf2461dc08453d,False,True,True,False,contextual_rescue,not_evaluated_semantic_failed,not_evaluated_previous_stage_failed
test226,cellular_telephone__04,root:1/profile-dense:device_lens:03,device_lens,d79773b422becaf3c05a5b7122c6d999236975e91bdb5b87692ac515405840bb,True,False,True,False,resolved_inventory_candidate,insufficient_structure,not_evaluated_previous_stage_failed
test226,cellular_telephone__04,root:1/profile-refine:IDEA-Research_grounding-dino-tiny:device_button:01,device_button,10e4b6c0e78d26db3345ce7100aa9c28f6a00edab7a512f3c9975f9a41e37e6d,True,True,True,True,direct_semantic_segmenter,direct_semantic_mask,no_appearance_contradiction
test226,cellular_telephone__04,root:1/profile-refine:IDEA-Research_grounding-dino-tiny:device_button:02,device_button,c791d6123fecf9923723368599b3d2e7cc962c6b8631cadf24d428002296197a,True,True,True,True,direct_semantic_segmenter,direct_semantic_mask,no_appearance_contradiction
test226,cellular_telephone__04,root:1/profile-refine:IDEA-Research_grounding-dino-tiny:device_camera:02,device_camera,b2d5d66a8535a65de3753c6b0ea185dfd880cfb5ee04bec2c29b6858010a73b2,True,True,True,True,direct_semantic_segmenter,direct_semantic_mask,no_appearance_contradiction
test226,cellular_telephone__04,root:1/profile-refine:IDEA-Research_grounding-dino-tiny:device_microphone:01,device_microphone,e140bbd6a8dfdc250c1be31551c37502a1fd70ff1052e2f4e973032dc5fc8c12,True,True,True,True,direct_semantic_segmenter,direct_semantic_mask,no_appearance_contradiction
test226,cellular_telephone__04,root:1/profile-refine:IDEA-Research_grounding-dino-tiny:device_screen:01,device_screen,9e7e6cf44b12a9d04115325835886a04f3bc7152f684241f0f653a8d11187195,True,True,True,True,direct_semantic_segmenter,direct_semantic_mask,no_appearance_contradiction
test226,cellular_telephone__04,root:1/profile-refine:IDEA-Research_grounding-dino-tiny:device_speaker:02,device_speaker,a0acf5174ddf107325c64208cbdeb6c069cb6f4aed84e150f4843672ab48ee44,True,True,True,True,direct_semantic_segmenter,direct_semantic_mask,no_appearance_contradiction
test226,cellular_telephone__04,root:1/profile-topology:IDEA-Research_grounding-dino-tiny:device_bezel:01,device_bezel,571b6ea546524c312d808e645b21c92b2281393b3556b21269db3fb6e2f291e3,True,False,True,False,resolved_inventory_candidate,insufficient_structure,not_evaluated_previous_stage_failed
test226,chair__01,root:2/profile-dense:furniture_leg:03,furniture_leg,c95101cd298c1fd3afd3b55b3a1187e51ccc60439e548f20a022fd71bef6c9ba,True,False,True,False,resolved_inventory_candidate,insufficient_structure,not_evaluated_previous_stage_failed
test226,chair__01,root:2/profile-dense:furniture_seat:01,furniture_seat,478763bd944d3dff55622bf5863b3c72d9d774f3ab5e86088896c6a5bc6c1477,True,False,True,False,resolved_inventory_candidate,insufficient_structure,not_evaluated_previous_stage_failed
test226,chair__01,root:2/profile-dense:furniture_stretcher:01,furniture_stretcher,3553f8831e0bd2270fe069470405d555e6f388fb73949c4fe05f30470ec8eaff,True,False,True,False,resolved_inventory_candidate,insufficient_structure,not_evaluated_previous_stage_failed
test226,chair__01,root:2/profile-dense:furniture_stretcher:02,furniture_stretcher,88ef6c77f4ffdd14dcbbcf5a0cf3f9103a26d88d5a7d5d349a346d16ab090088,True,False,True,False,resolved_inventory_candidate,insufficient_structure,not_evaluated_previous_stage_failed
test226,chair__01,root:2/profile-refine:IDEA-Research_grounding-dino-tiny:furniture_stile:02,furniture_stile,cd941db6301d3f3754d6bef84eec09fd775ea5bb4da31405fef4420929b2c328,True,True,True,True,direct_semantic_segmenter,direct_semantic_mask,no_appearance_contradiction
test226,chair__01,root:2/visual-region:07,furniture_rail,d6953ca1c6f2d1ba644fcbbb9c5aa626353c46dc0b3a7ce2b24eeaf29360bba8,True,True,True,True,semantic_inventory_evidence_rescue,cross_source_structure,boundary_and_material_consistent
test226,chair__01,root:2/visual-region:08,furniture_leg,fce16c25dd5432b260175d445ffae4273a1f1713151cf8664edd343f750155ab,True,True,True,True,semantic_inventory_evidence_rescue,cross_source_structure,boundary_and_material_consistent
test226,chair__01,root:2/visual-region:10,furniture_leg,0cc6e94afe6e003a708c742db96b375835253b8f0ec4337ad4a98fbad0c2e9b1,True,True,True,True,semantic_inventory_evidence_rescue,cross_source_structure,boundary_and_material_consistent
test226,chair__01,root:2/visual-region:13,furniture_leg,2e5f11b710fbf26bf680e37d124bf413c8cf1306edc6c397ce2eb44ca29a9337,True,True,False,False,base,cross_source_structure,appearance_only_or_shading_like
test226,chair__02,root:1/profile-dense:furniture_stretcher:01,furniture_stretcher,f836670aa6c94de9292f134ce3bc5b848435647aaadd6fb19f11ab033c9af3fd,True,False,True,False,resolved_inventory_candidate,insufficient_structure,not_evaluated_previous_stage_failed
test226,chair__02,root:1/profile-dense:furniture_stretcher:03,furniture_stretcher,bbc5abe7e72055daab6414b57fad323b862ca4aafcbbe228e8011794a3b3ce48,True,False,True,False,resolved_inventory_candidate,insufficient_structure,not_evaluated_previous_stage_failed
test226,chair__02,root:1/profile-refine:IDEA-Research_grounding-dino-tiny:furniture_apron:01,furniture_apron,7f52acc233150e0b070122d466b52438e9abf492cdd2d59a052a2448e7768a27,True,True,True,True,direct_semantic_segmenter,direct_semantic_mask,no_appearance_contradiction
test226,chair__02,root:1/profile-refine:IDEA-Research_grounding-dino-tiny:furniture_seat:01,furniture_seat,335f520eb8b85a33b46d444b0c1bfc59a4db967ed2abeeb26a6897a2b6a71df1,True,True,True,True,direct_semantic_segmenter,direct_semantic_mask,no_appearance_contradiction
test226,chair__02,root:1/visual-region:01,furniture_leg,cb130825c270f2defcfb0f9cdeaf31fcea48ee1709be82026e848bb93701339b,True,False,True,False,base,insufficient_structure,not_evaluated_previous_stage_failed
test226,chair__03,root:1/profile-dense:furniture_stretcher:01,furniture_stretcher,e4f22db102070303787eca5d13dd0cb65a2ef8c0ad7b0fb927b7fa0a9924c605,True,False,True,False,resolved_inventory_candidate,insufficient_structure,not_evaluated_previous_stage_failed
test226,chair__03,root:1/profile-refine:IDEA-Research_grounding-dino-tiny:furniture_cushion:01,furniture_cushion,e79d2321d02cc5ae8d793f3b3dac3e6660e777ecacf3148c7723eff7c755edf9,True,True,True,True,direct_semantic_segmenter,direct_semantic_mask,no_appearance_contradiction
test226,chair__03,root:1/profile-refine:IDEA-Research_grounding-dino-tiny:furniture_leg:01,furniture_leg,9caff672967c03cbb821769462c6b7634ff8527ad7b8e36f68aa0c3b489b72bb,True,True,True,True,direct_semantic_segmenter,direct_semantic_mask,no_appearance_contradiction
test226,chair__03,root:1/profile-refine:IDEA-Research_grounding-dino-tiny:furniture_leg:02,furniture_leg,966f729070c6696d1f5b2787e3311bd3871ee7bbb0183b569427840530e6584f,True,True,True,True,direct_semantic_segmenter,direct_semantic_mask,no_appearance_contradiction
test226,chair__03,root:1/profile-refine:IDEA-Research_grounding-dino-tiny:furniture_leg:03,furniture_leg,8d422d7490c9707d6b6e94c522e4735bbd1d8690e8edcf9a962554b157a2ff20,True,True,True,True,direct_semantic_segmenter,direct_semantic_mask,no_appearance_contradiction
test226,chair__03,root:1/profile-refine:IDEA-Research_grounding-dino-tiny:furniture_rail:01,furniture_rail,2c5acc0e4d76924fd590226e54e9f151b587b1b469fc3524cf5131073df79745,True,True,True,True,direct_semantic_segmenter,direct_semantic_mask,no_appearance_contradiction
test226,chair__03,root:1/profile-refine:IDEA-Research_grounding-dino-tiny:furniture_seat:01,furniture_seat,5ea4e5de6a21cb0194410eb352ac56450919d7f94a02e29c6beecb4401144e46,True,True,True,True,direct_semantic_segmenter,direct_semantic_mask,no_appearance_contradiction
test226,chair__03,root:1/profile-refine:IDEA-Research_grounding-dino-tiny:furniture_stile:01,furniture_stile,2198d762e90157fd9cfc6b00a767b0b0a5a66d63e5e7c5a8a81df7330069144e,True,True,True,True,direct_semantic_segmenter,direct_semantic_mask,no_appearance_contradiction
test226,chair__03,root:1/visual-region:01,furniture_spindle,426871463ff9f5de6451b7de59ff6df725c03b1b9f18743102ad144021e1f7b9,True,False,False,False,base,insufficient_structure,not_evaluated_previous_stage_failed
test226,chair__03,root:1/visual-region:02,furniture_spindle,d4b730e7ecbc9188abebe54a3ef19e353179f8187eb8c9d31122077ead147bf6,True,False,True,False,base,insufficient_structure,not_evaluated_previous_stage_failed
test226,chair__03,root:1/visual-region:03,furniture_spindle,355e09c1c2eddc8658ef1b12f198e9dc5a706a02ce18e1233fcf01e55a3a9e7d,True,False,True,False,base,insufficient_structure,not_evaluated_previous_stage_failed
test226,chair__03,root:1/visual-region:11,furniture_spindle,e3520d1cbaee0d6202a3299ccd66da1fb50feeb617cf799fcab2d42501831192,True,False,False,False,base,insufficient_structure,not_evaluated_previous_stage_failed
test226,chair__03,root:1/visual-region:13,furniture_leg,0e976a2be44bb8ef7eec38c83f56f58edb99ff24b15d23589a473937506f39bd,True,False,True,False,base,insufficient_structure,not_evaluated_previous_stage_failed
test226,chair__04,root:1/profile-dense:furniture_foot:01,furniture_foot,8600c9ba5b03ddc0e0b2ca7b0ffc1e7ba8665817763cd30c372e92ef546f2802,True,False,True,False,resolved_inventory_candidate,insufficient_structure,not_evaluated_previous_stage_failed
test226,chair__04,root:1/profile-dense:furniture_leg:03,furniture_leg,1a9a4364d43fc85cb1324ccb3dd069ba970fe60ed3c295d8a2ed28b7c73ef113,True,False,True,False,resolved_inventory_candidate,insufficient_structure,not_evaluated_previous_stage_failed
test226,chair__04,root:1/profile-dense:furniture_stretcher:01,furniture_stretcher,7e572a9d90a074bcb199501104a579c0e860a90faac8eb2282b7717276b3dbda,True,False,True,False,resolved_inventory_candidate,insufficient_structure,not_evaluated_previous_stage_failed
test226,chair__04,root:1/profile-refine:IDEA-Research_grounding-dino-tiny:furniture_backrest:01,furniture_backrest,a3b7ad664ad0ba5f9244556db01f621c91e0887e7c22b860ad403077bad70c47,True,True,True,True,direct_semantic_segmenter,direct_semantic_mask,no_appearance_contradiction
test226,chair__04,root:1/profile-refine:IDEA-Research_grounding-dino-tiny:furniture_spindle:02,furniture_spindle,d3e63e41ef91b9c86ac965b9eac7f16393c35b71a38f165476416007bf5cbeea,True,True,True,True,direct_semantic_segmenter,direct_semantic_mask,no_appearance_contradiction
test226,chair__04,root:1/visual-region:04,furniture_leg,7d6bf5f19e62200eaf75e442758fe3897450ec4485654e2b4eeaadfcfda1018d,True,False,True,False,semantic_inventory_evidence_rescue,insufficient_structure,not_evaluated_previous_stage_failed
test226,chair__04,root:1/visual-region:09,furniture_leg,78107e545764bd89b9604e70a8318830471a4f35d2bfadca75227c7ffa6928a1,True,False,True,False,semantic_inventory_evidence_rescue,insufficient_structure,not_evaluated_previous_stage_failed
test226,chair__04,root:1/visual-region:10,furniture_leg,b7d68e73c803ef8f048b627c830122a8536f045d4f75c8f606096d16216abfe8,True,False,True,False,base,insufficient_structure,not_evaluated_previous_stage_failed
test226,clock__01,root:3/profile-refine:IDEA-Research_grounding-dino-tiny:device_base:01,device_base,a16b688a7dbeb81bb662dcf5145cda68566b8de9e1035919f2dcd43a55e5c620,True,True,True,True,direct_semantic_segmenter,direct_semantic_mask,no_appearance_contradiction
test226,clock__01,root:3/profile-refine:IDEA-Research_grounding-dino-tiny:device_clock_hand:02,device_clock_hand,6bc2a1e10a95238fbf51ece0c02f520bc7c30ccad41fff706cf655c58f91f513,True,True,True,True,direct_semantic_segmenter,direct_semantic_mask,no_appearance_contradiction
test226,clock__01,root:3/profile-refine:IDEA-Research_grounding-dino-tiny:device_dial:01,device_dial,86f345690571451d1524e35b8b0bcb3cdc3e33442ab79f947826e1e3b2bdd69b,True,True,True,True,direct_semantic_segmenter,direct_semantic_mask,no_appearance_contradiction
test226,clock__01,root:3/profile-refine:IDEA-Research_grounding-dino-tiny:device_finial:01,device_finial,4e992caec1d70eeb3c25f27a3632f734392894bec7476257a3f0ce7e96572525,True,True,True,True,direct_semantic_segmenter,direct_semantic_mask,no_appearance_contradiction
test226,clock__01,root:3/visual-region:05,device_logo,e80d75760dcc6767d83b7cddc0651fedcde0369d4cb327d531165e141698f5cd,False,False,True,False,semantic_inventory_evidence_rescue,not_evaluated_semantic_failed,not_evaluated_previous_stage_failed
test226,clock__01,root:3/visual-region:06,device_clock_hand,6579e24e4f4a77dea460af7efd3c3662d9a1d2800ea9ef3c6a3a20a4ade49460,True,False,True,False,base,insufficient_structure,not_evaluated_previous_stage_failed
test226,clock__02,root:2/profile-refine:IDEA-Research_grounding-dino-tiny:device_base:01,device_base,5e3c7630a83be031b8d9ef0bb0f506a54cb69c87114e745a18ebc4e318a3dcae,True,True,True,True,direct_semantic_segmenter,direct_semantic_mask,no_appearance_contradiction
test226,clock__02,root:2/profile-refine:IDEA-Research_grounding-dino-tiny:device_clock_hand:01,device_clock_hand,b572852c15fe3d3c026e761253f6650db545ef7184bdee829b694ddb286e6855,True,True,True,True,direct_semantic_segmenter,direct_semantic_mask,no_appearance_contradiction
test226,clock__02,root:2/profile-refine:IDEA-Research_grounding-dino-tiny:device_clock_hand:02,device_clock_hand,c1c64a29222b5402a8e683db6642e940808bd1274bfe3cfe608f3c4f2b58b034,True,True,True,True,direct_semantic_segmenter,direct_semantic_mask,no_appearance_contradiction
test226,clock__02,root:2/profile-refine:IDEA-Research_grounding-dino-tiny:device_dial:01,device_dial,603d697184446940153f0ae5c263b5e99b487c6a3a46115daf1dc1b6781f1abe,True,True,True,True,direct_semantic_segmenter,direct_semantic_mask,no_appearance_contradiction
test226,clock__02,root:2/profile-refine:IDEA-Research_grounding-dino-tiny:device_dial:02,device_dial,c01a1574008c04d10eed1a4dff606cbbd7acc2f561bce04ac0a2da777fe8368e,True,True,True,True,direct_semantic_segmenter,direct_semantic_mask,no_appearance_contradiction
test226,clock__02,root:2/profile-refine:IDEA-Research_grounding-dino-tiny:device_finial:01,device_finial,f34160481187bbb2a2da6f8582495b1e37564fde4d4d00c3eaaf14004f196ba7,True,True,True,True,direct_semantic_segmenter,direct_semantic_mask,no_appearance_contradiction
test226,clock__02,root:2/profile-refine:IDEA-Research_grounding-dino-tiny:device_finial:02,device_finial,e0b8591ff16a108f31145462f2d51268982b50779fb36b2104b3d2efa43c4c48,True,True,True,True,direct_semantic_segmenter,direct_semantic_mask,no_appearance_contradiction
test226,clock__02,root:2/profile-refine:IDEA-Research_grounding-dino-tiny:device_screen:01,device_screen,10183285cdb23bbcc11a3fcb31d17c36c23221f6efb9890e812794d5564ab9f0,True,True,True,True,direct_semantic_segmenter,direct_semantic_mask,no_appearance_contradiction
test226,clock__02,root:2/visual-region:09,device_logo,0aefd9ba99e8b1063512d5f96934871841194fd9279ad20171b87021259bccb8,True,False,True,False,base,insufficient_structure,not_evaluated_previous_stage_failed
test226,clock__02,root:2/visual-region:11,device_finial,eaa60750b0b7d5d621ae053eef7107deac472c7a52d385c2230f131cfad9436a,True,False,True,False,semantic_inventory_evidence_rescue,insufficient_structure,not_evaluated_previous_stage_failed
test226,clock__02,root:2/visual-region:17,device_logo,91c1661d840dd23848270f6dd7a977311295dae80e53a06cb617e1ace3b9ce1c,True,False,False,False,base,insufficient_structure,not_evaluated_previous_stage_failed
test226,clock__02,root:2/visual-region:19,device_logo,fee34bb0a4f0138b87621b787352cc5108671d7445bf58ffe1342e1d5ccf2f4e,True,True,False,False,base,cross_source_structure,appearance_only_or_shading_like
test226,clock__02,root:2/visual-region:20,device_logo,491b43a051f14dd6cf963475ece8100569ef822828a94bf4f22f83f0393390f1,True,False,True,False,base,insufficient_structure,not_evaluated_previous_stage_failed
test226,clock__02,root:2/visual-region:23,device_finial,905ada5160e050809b413fd1cf8076d86431a19194266420fe8830693e12be5b,True,True,True,True,base,cross_source_structure,boundary_and_material_consistent
test226,clock__03,root:1/profile-refine:IDEA-Research_grounding-dino-tiny:device_base:02,device_base,5b051d0fb91734f183d3fc4bbfde5f1343adc2a7b225bbffd4bd7b70ec63af96,True,True,True,True,direct_semantic_segmenter,direct_semantic_mask,no_appearance_contradiction
test226,clock__03,root:1/profile-refine:IDEA-Research_grounding-dino-tiny:device_button:01,device_button,47f14977fe5b3607cffa70d26cfe8c7fc8727376ce1ffb657bd107409512ea5f,True,True,True,True,direct_semantic_segmenter,direct_semantic_mask,no_appearance_contradiction
test226,clock__03,root:1/profile-refine:IDEA-Research_grounding-dino-tiny:device_clock_hand:01,device_clock_hand,43f79bfb683b055c55968fd2bf0ed2ff3b9f43e0907b424416c10954082aeebf,True,True,True,True,direct_semantic_segmenter,direct_semantic_mask,no_appearance_contradiction
test226,clock__03,root:1/profile-refine:IDEA-Research_grounding-dino-tiny:device_screen:01,device_screen,736199bef20bdc1998d38f8dde61772157627f87fa8ac3e313d4b16d7b7be92c,True,True,True,True,direct_semantic_segmenter,direct_semantic_mask,no_appearance_contradiction
test226,clock__03,root:1/visual-region:03,device_clock_hand,90578923a60960acbae1dbcef1e7717d3cf327a9464932c8b2e6c2d98f6d8189,True,False,True,False,base,insufficient_structure,not_evaluated_previous_stage_failed
test226,clock__03,root:1/visual-region:06,device_clock_hand,76cd1ebf91bcc6367349ef66c01e123e181d1f99a4e6a37900a67bbec3b7f31d,True,False,True,False,base,insufficient_structure,not_evaluated_previous_stage_failed
test226,clock__04,root:1/profile-refine:IDEA-Research_grounding-dino-tiny:device_clock_hand:01,device_clock_hand,4422bddb206a45ae5230d56a082d0362669a1eac27cf2c3778d27f4fc7ae57a4,True,True,True,True,direct_semantic_segmenter,direct_semantic_mask,no_appearance_contradiction
test226,clock__04,root:1/profile-refine:IDEA-Research_grounding-dino-tiny:device_dial:01,device_dial,7c10c43727fc8a8a211ff67b25d09c99d938a68ae132628a64e2c9ca8f72b1e3,True,True,True,True,direct_semantic_segmenter,direct_semantic_mask,no_appearance_contradiction
test226,clock__04,root:1/visual-region:01,device_logo,331ea727747407523511b713fe77ae8687baf68d270dfea1a0f2530332a4f41d,True,False,True,False,base,insufficient_structure,not_evaluated_previous_stage_failed
test226,clock__04,root:1/visual-region:07,device_button,6a3683a509714c0ab78a65f1ba6aa60954447cd5630312167be5cbf7d662410b,True,True,True,True,semantic_inventory_evidence_rescue,cross_source_structure,boundary_and_material_consistent
test226,clock__04,root:1/visual-region:11,device_screen,fd4791b3be1f8f3bfcb5167594464b2ce3bd9fab81061b662348a0aaf3240ec0,True,False,True,False,base,insufficient_structure,not_evaluated_previous_stage_failed
test226,clock__04,root:1/visual-region:12,device_logo,86371ba9df03bf084af73a376c515178ce2cc8226464d9e4040732b56c348cbc,True,False,True,False,base,insufficient_structure,not_evaluated_previous_stage_failed
test226,clock__04,root:1/visual-region:16,device_logo,58849afc40aa7717b6a1c425000168b271741c2250437342cbafb47b2556c62b,True,False,False,False,base,insufficient_structure,not_evaluated_previous_stage_failed
test226,clock__04,root:1/visual-region:17,device_clock_hand,6965683a47ae7e0afe1a69bab7357caa553622a0811d7a37493a342563bd48ca,True,False,True,False,base,insufficient_structure,not_evaluated_previous_stage_failed
test226,clock__04,root:1/visual-region:18,device_logo,67a3ba87a6b1375a8a880d5920d0cb8d2fd21e23c03383a9aef429873779f451,True,True,False,False,base,cross_source_structure,appearance_only_or_shading_like
test226,clock__04,root:1/visual-region:21,device_clock_hand,9a22eacf06e2e625d1bcc544cfd24c063185e60f22a168be0a0450fb4b3241cf,True,False,True,False,base,insufficient_structure,not_evaluated_previous_stage_failed
test226,clock__04,root:1/visual-region:26,device_base,36c6d07971dd32ce61489d3ac3c92476dda1d1583748432c7737e9894bd5eb60,True,True,True,True,semantic_inventory_evidence_rescue,cross_source_structure,boundary_and_material_consistent
test226,clock__04,root:1/visual-region:30,device_clock_hand,53295744a14f2e24efdc31b7b47c68663f48f2f904a7432d4cf249846859d246,True,False,True,False,base,insufficient_structure,not_evaluated_previous_stage_failed
test226,crate__01,root:1/visual-region:02,container_lid,a9145306d399911cac18cdb21175236b3ff8d58452898635754f637108bccffa,True,True,True,True,base,cross_source_structure,boundary_and_material_consistent
test226,crate__01,root:1/visual-region:09,container_shoulder,9987ae0eb1f773f5544d7616a3b7eb8ca2dd82a0869eafac4e28dec22c2d3a81,True,False,True,False,base,insufficient_structure,not_evaluated_previous_stage_failed
test226,crate__02,root:1/profile-refine:IDEA-Research_grounding-dino-tiny:container_label:01,container_label,5320092f30f5b5683ab899ecfa154eefea6c49c59971ffb03b8442e641ced618,True,True,True,True,direct_semantic_segmenter,direct_semantic_mask,no_appearance_contradiction
test226,crate__02,root:1/profile-refine:IDEA-Research_grounding-dino-tiny:container_label:02,container_label,053fe05efcb6380bd3afd9e8f10e97edaa4b0f66673bc55d1fa4dce2bdf702e9,True,True,True,True,direct_semantic_segmenter,direct_semantic_mask,no_appearance_contradiction
test226,crate__02,root:1/profile-refine:IDEA-Research_grounding-dino-tiny:container_lid:01,container_lid,205d15ec201d968a5ef3d669fcde1bdd6814a011ae6e0146dcebc9b3d1aac532,True,True,True,True,direct_semantic_segmenter,direct_semantic_mask,no_appearance_contradiction
test226,crate__02,root:1/profile-refine:IDEA-Research_grounding-dino-tiny:container_side:01,container_side,630c5d4884e17f0fdd5c619a8448f64ea265d8da180323daa73fab79a0e755a3,True,True,True,True,direct_semantic_segmenter,direct_semantic_mask,no_appearance_contradiction
test226,crate__02,root:1/visual-region:03,container_base,98864b1a7571a81546e3c18fec60073073dc62a0e604049c48bba3b7fefefd45,True,False,True,False,base,insufficient_structure,not_evaluated_previous_stage_failed
test226,crate__02,root:1/visual-region:12,container_inner_wall,ef30d42b51977a208f6756ab5c495637ba1db8736d0653373e414deeca6963b4,False,True,False,False,semantic_inventory_evidence_rescue,not_evaluated_semantic_failed,not_evaluated_previous_stage_failed
test226,crate__02,root:1/visual-region:17,container_shoulder,4e29da252e9b62c843e6ca3c5c68f652c5bb0750c44ce12042d9d53a59a1477e,True,False,True,False,base,insufficient_structure,not_evaluated_previous_stage_failed
test226,crate__03,root:1/profile-refine:IDEA-Research_grounding-dino-tiny:container_inner_wall:01,container_inner_wall,5c37dc5418470c76febe060410b9cad3d8c391ca7c40c49ebd4079835086a280,True,True,True,True,direct_semantic_segmenter,direct_semantic_mask,no_appearance_contradiction
test226,crate__03,root:1/visual-region:01,container_handle,1bd983958c332f2d5f0f5abdff60dbf76608aea76686a4b50f2d849deec51f5b,True,False,False,False,base,insufficient_structure,not_evaluated_previous_stage_failed
test226,crate__03,root:1/visual-region:04,container_lid,604387894355a2f2550ccf69f3062d0b32c62b09835b7d142fac036984062cf8,True,False,True,False,base,insufficient_structure,not_evaluated_previous_stage_failed
test226,crate__03,root:1/visual-region:05,container_handle,9f09bea057374d5e52eeeb1a21c2b72fd635bf61f07c97905f09a4c4e5057de5,True,False,False,False,base,insufficient_structure,not_evaluated_previous_stage_failed
test226,crate__03,root:1/visual-region:07,container_handle,62e01d1f0c66a634ab29817c281d0ae870433aa4a6262d7f8cfa3629a5f2ccc5,True,True,False,False,base,cross_source_structure,appearance_only_or_shading_like
test226,crate__03,root:1/visual-region:08,container_lid,d7513a1c20c15fcf779e7a1e9bf0d3b657b35f69f0d76f983dd39f2cc4af22d8,True,False,True,False,base,insufficient_structure,not_evaluated_previous_stage_failed
test226,crate__03,root:1/visual-region:11,container_base,f2e9f1ef2cc3ee8115c89e86b37817d5ddcee8d79e1a5f48b9449d439030dc7f,True,True,False,False,base,cross_source_structure,appearance_only_or_shading_like
test226,crate__03,root:1/visual-region:13,container_rim,dab86b6059c34ba02d82697d8e4dc5b12f5f8c27f069ce876c1cce870c2b3677,False,True,False,False,semantic_inventory_evidence_rescue,not_evaluated_semantic_failed,not_evaluated_previous_stage_failed
test226,crate__03,root:1/visual-region:32,container_label,adfd06285fd7c1afd6c9d3b51a36f9d073c752306ac26977869f980ee9288429,True,False,True,False,semantic_inventory_evidence_rescue,insufficient_structure,not_evaluated_previous_stage_failed
test226,crate__04,root:7/profile-refine:IDEA-Research_grounding-dino-tiny:container_base:02,container_base,6357a288f39fbaa3ab492e25c6867f723a3e5420da3ff771c74529d67584bb25,True,True,True,True,direct_semantic_segmenter,direct_semantic_mask,no_appearance_contradiction
test226,crate__04,root:7/profile-refine:IDEA-Research_grounding-dino-tiny:container_bottom:01,container_bottom,b65080f33a40cc56ae8c590465fd4e1a0048574913dfb9a1d3823149a00b0c1a,True,True,True,True,direct_semantic_segmenter,direct_semantic_mask,no_appearance_contradiction
test226,crate__04,root:7/profile-refine:IDEA-Research_grounding-dino-tiny:container_label:01,container_label,6bc925cfcaa3c84be88194be3e9a305fce43c9e637b1034f717412fa2fa6573c,True,True,True,True,direct_semantic_segmenter,direct_semantic_mask,no_appearance_contradiction
test226,crate__04,root:7/profile-refine:IDEA-Research_grounding-dino-tiny:container_label:03,container_label,8e4c67054d666123ffeead38792727755cf19894d70d43b7f735147fe488cf37,True,True,True,True,direct_semantic_segmenter,direct_semantic_mask,no_appearance_contradiction
test226,crate__04,root:7/profile-refine:IDEA-Research_grounding-dino-tiny:container_side:02,container_side,59988bd3bad2cf51bc1274a41a5fb253839365d156b154e40411aa800f0cf34d,True,True,True,True,direct_semantic_segmenter,direct_semantic_mask,no_appearance_contradiction
test226,crate__04,root:7/profile-refine:IDEA-Research_grounding-dino-tiny:container_side:03,container_side,de0c09b05534b5a189a01e1f273fa15e2968e60d42410b2f269b03ff0a83ed52,True,True,True,True,direct_semantic_segmenter,direct_semantic_mask,no_appearance_contradiction
test226,crate__04,root:7/visual-region:06,container_lid,58cb5a4adc0a3cb3813cb3666f86c2db705c5efe7013838dea314fc6d56dfcb4,True,True,True,True,semantic_inventory_evidence_rescue,cross_source_structure,boundary_and_material_consistent
test226,crate__04,root:7/visual-region:16,container_shoulder,bef40310ec210a15b57a5ca0cbad1ac10eeeaea41f07fc5c1dd34ec4dd87c232,True,False,True,False,base,insufficient_structure,not_evaluated_previous_stage_failed
test226,cup__01,root:1/visual-region:05,container_rim,3d43920a81311c22cfeb879fb0a304c954eff3b59643ad23a445aa10bf6737b8,True,False,True,False,base,insufficient_structure,not_evaluated_previous_stage_failed
test226,cup__03,root:1/profile-refine:IDEA-Research_grounding-dino-tiny:tool_prop_handle:01,tool_prop_handle,970bc44047a29af67fe01495f0bfdae5619aca081f82ad7393fb6ce4fd7a9b82,True,True,True,True,direct_semantic_segmenter,direct_semantic_mask,no_appearance_contradiction
test226,cup__03,root:1/profile-refine:IDEA-Research_grounding-dino-tiny:tool_prop_lid:01,tool_prop_lid,168d3c1a25206365c767dc64534a25e4b1b47fbaecde8317f325c522c774aba1,True,True,True,True,direct_semantic_segmenter,direct_semantic_mask,no_appearance_contradiction
test226,cup__03,root:1/visual-region:05,tool_prop_rim,fedced4bfc4c2018d149d2be5d19b76751513e7c77bf026363f2221c5a4436f6,True,False,True,False,semantic_inventory_evidence_rescue,insufficient_structure,not_evaluated_previous_stage_failed
test226,earphone__01,root:8/visual-region:01,device_earpad,c2888859e51f7a4d0c772fb2b285cdf5c90400d4dc9e8e2bd6f750afc512a9b5,True,False,True,False,base,insufficient_structure,not_evaluated_previous_stage_failed
test226,earphone__01,root:8/visual-region:02,device_earpad,2536c1d1c6b3eca5dcfc5c6e73b2c23aa4c0d4d5bff99818523e426294a6175a,True,False,True,False,base,insufficient_structure,not_evaluated_previous_stage_failed
test226,earphone__02,root:1/profile-refine:IDEA-Research_grounding-dino-tiny:device_earpad:02,device_earpad,4b3ad5a718c1a1923b9eba679152812507a7bed98ca693e1ba0ee9da45331a3f,True,True,True,True,direct_semantic_segmenter,direct_semantic_mask,no_appearance_contradiction
test226,earphone__02,root:1/visual-region:01,device_earpad,bec98cb1478e42921a3466589eb3e861f91a77702d2183d73f219a58c5fef402,True,True,True,True,base,cross_source_structure,boundary_and_material_consistent
test226,earphone__03,root:6/visual-region:04,device_earpad,9d6fa680e1a8d4f17f608717a462100fa8e25a7f84cbde56dbebc1c92554781b,True,True,True,True,base,cross_source_structure,boundary_and_material_consistent
test226,earphone__03,root:6/visual-region:11,device_earpad,e03d688bd898879ca3cdea8a9c7bdb388f814d81e8a8c019499c9283a41cc547,True,True,False,False,base,cross_source_structure,appearance_only_or_shading_like
test226,earphone__03,root:6/visual-region:12,device_slider,ac73348704ff70ffd2c42d4d1cb3ce5dd550cc697fb905cf2e5c664992045c74,True,False,True,False,semantic_inventory_evidence_rescue,insufficient_structure,not_evaluated_previous_stage_failed
test226,fan__01,root:1/profile-refine:IDEA-Research_grounding-dino-tiny:device_blade:02,device_blade,c8eca7bcc8ef09df11e4196ebce27bc0c075cf679152c67b6e20c807adeddba9,True,True,True,True,direct_semantic_segmenter,direct_semantic_mask,no_appearance_contradiction
test226,fan__01,root:1/profile-refine:IDEA-Research_grounding-dino-tiny:device_blade:03,device_blade,82cf011ccdc69b77f3f41814b32defeddb09af0bcc72397de366dffbe8da147c,True,True,True,True,direct_semantic_segmenter,direct_semantic_mask,no_appearance_contradiction
test226,fan__01,root:1/profile-refine:IDEA-Research_grounding-dino-tiny:device_blade:04,device_blade,278ad7922d28c04ec09d893928322ea101e9c1d674814aa9c7365105773b4404,True,True,True,True,direct_semantic_segmenter,direct_semantic_mask,no_appearance_contradiction
test226,fan__01,root:1/profile-refine:IDEA-Research_grounding-dino-tiny:device_bulb:01,device_bulb,aa86dc3d30676ff12225385f2579d1d20cb71966cbc268faa766e6c7adaba697,True,True,True,True,direct_semantic_segmenter,direct_semantic_mask,no_appearance_contradiction
test226,fan__01,root:1/profile-refine:IDEA-Research_grounding-dino-tiny:device_button:01,device_button,e5d82d7fb8e42ae99ff4c08eba7ee05aff8fb5e4909cba4d1eea4669946b5270,True,True,True,True,direct_semantic_segmenter,direct_semantic_mask,no_appearance_contradiction
test226,fan__01,root:1/profile-refine:IDEA-Research_grounding-dino-tiny:device_rod:01,device_rod,be1b22eb63332feba9a4c0a2f8367e4b67dc49e454b3abfd3b5d7db943f0a336,True,True,True,True,direct_semantic_segmenter,direct_semantic_mask,no_appearance_contradiction
test226,fan__01,root:1/profile-refine:IDEA-Research_grounding-dino-tiny:device_shade:01,device_shade,236b43a8e989bf4874b120c877baefd6e1801c622ed1d7ae77235e8935dda628,True,True,True,True,direct_semantic_segmenter,direct_semantic_mask,no_appearance_contradiction
test226,fan__02,root:1/profile-refine:IDEA-Research_grounding-dino-tiny:device_blade:01,device_blade,a02bcf4f5e1f3bb3bf3c8ef7ef33d7e024b130329d06c1fdbbf69f906cc70115,True,True,True,True,direct_semantic_segmenter,direct_semantic_mask,no_appearance_contradiction
test226,fan__02,root:1/profile-refine:IDEA-Research_grounding-dino-tiny:device_blade:02,device_blade,90e9f14f9baa9bf482d441b2176915212c0b3a00213271d41a2ec10fec73dc84,True,True,True,True,direct_semantic_segmenter,direct_semantic_mask,no_appearance_contradiction
test226,fan__02,root:1/profile-refine:IDEA-Research_grounding-dino-tiny:device_blade:04,device_blade,30718518c42f9faa0146936741302e981ec55df6c2a2b60ff8b027baba396b70,True,True,True,True,direct_semantic_segmenter,direct_semantic_mask,no_appearance_contradiction
test226,fan__02,root:1/profile-refine:IDEA-Research_grounding-dino-tiny:device_rod:01,device_rod,d4e975b6fb3506eda53bad5a3fc9d3baf6d528ff7ebd7637bccc0c991e440a46,True,True,True,True,direct_semantic_segmenter,direct_semantic_mask,no_appearance_contradiction
test226,fan__02,root:1/profile-refine:IDEA-Research_grounding-dino-tiny:device_rod:03,device_rod,0796701de1a05ce0077ab48cb5b59a7726d9f14f06cf6f311dbd28f43262bf20,True,True,True,True,direct_semantic_segmenter,direct_semantic_mask,no_appearance_contradiction
test226,fan__02,root:1/visual-region:06,device_blade,d7b827341bd3ecde7f2896206462257d6b6d19dc6726f7fbff5a4e46e3692bf4,True,False,True,False,base,insufficient_structure,not_evaluated_previous_stage_failed
test226,fan__03,root:1/profile-refine:IDEA-Research_grounding-dino-tiny:device_blade:03,device_blade,16a8c4effdb9526bf09a3fe6219d52505cd8a8ee6163448def421c50203ddc9a,True,True,True,True,direct_semantic_segmenter,direct_semantic_mask,no_appearance_contradiction
test226,fan__03,root:1/profile-refine:IDEA-Research_grounding-dino-tiny:device_bulb:01,device_bulb,a33055825953190583795b0814e4695db7027fc099b5e8bcb32ac73509f70fcd,True,True,True,True,direct_semantic_segmenter,direct_semantic_mask,no_appearance_contradiction
test226,fan__03,root:1/profile-refine:IDEA-Research_grounding-dino-tiny:device_chain:01,device_chain,223d4612a69dcfc8f5db3f2e9f41fe8d952a3f1c65d8a87f2c5e52f24141c44a,True,True,True,True,direct_semantic_segmenter,direct_semantic_mask,no_appearance_contradiction
test226,fan__03,root:1/profile-refine:IDEA-Research_grounding-dino-tiny:device_rod:01,device_rod,5a01f04e71b5e607a9487d8ad3a2fd3fcb00539a084630ce39e948415a7d4d2a,True,True,True,True,direct_semantic_segmenter,direct_semantic_mask,no_appearance_contradiction
test226,fan__03,root:1/profile-refine:IDEA-Research_grounding-dino-tiny:device_shade:01,device_shade,c734ae7060c43986f391e8441c88571df78321c89aa37d3b123bac0e80a72858,True,True,True,True,direct_semantic_segmenter,direct_semantic_mask,no_appearance_contradiction
test226,fan__03,root:1/visual-region:01,device_blade,5591699c10b3b2e3c280848fff7b0162da2a74c68e1696d1b71bb2588351a0b5,True,True,True,True,semantic_inventory_evidence_rescue,cross_source_structure,boundary_and_material_consistent
test226,fan__03,root:1/visual-region:02,device_blade,818d10a9afc02aae5789738eb19a3eff822c84665d7b6248b81ffd3ae5803fc6,True,False,True,False,base,insufficient_structure,not_evaluated_previous_stage_failed
test226,fan__04,root:1/profile-refine:IDEA-Research_grounding-dino-tiny:device_blade:01,device_blade,f5d07c91b770a5099ef4cd5fbe2cda3b45780a046ded6f6b0da7052b49b3a406,True,True,True,True,direct_semantic_segmenter,direct_semantic_mask,no_appearance_contradiction
test226,fan__04,root:1/profile-refine:IDEA-Research_grounding-dino-tiny:device_bulb:03,device_bulb,c8a423f78b0580e7a11b0a0216760dc7925566885ce23ccacaa4061043be3503,True,True,True,True,direct_semantic_segmenter,direct_semantic_mask,no_appearance_contradiction
test226,fan__04,root:1/profile-refine:IDEA-Research_grounding-dino-tiny:device_bulb:04,device_bulb,030524b48589f8c9e59909d195159cd9b2376d9eec7439ee3bd3e915b54932c9,True,True,True,True,direct_semantic_segmenter,direct_semantic_mask,no_appearance_contradiction
test226,glass_drink_container__01,root:1/profile-refine:IDEA-Research_grounding-dino-tiny:container_handle:01,container_handle,17b9a48962b3d3fbe19c553bc9ed961194b7ac57634949ab3bed3fa4826b7bdc,True,True,True,True,direct_semantic_segmenter,direct_semantic_mask,no_appearance_contradiction
test226,glass_drink_container__01,root:1/visual-region:05,container_base,2b18b64a85a1ca41ff895f72565a22acf76ae4544b7bdd20609fd067af55a4c2,True,False,True,False,semantic_inventory_evidence_rescue,insufficient_structure,not_evaluated_previous_stage_failed
test226,glass_drink_container__01,root:1/visual-region:06,container_rim,7caa70a57d274723f75f9cec1be1d4e917a52e2432c0bc8641dc1d388cf10039,True,False,False,False,base,insufficient_structure,not_evaluated_previous_stage_failed
test226,glass_drink_container__02,root:1/visual-region:02,container_rim,2f109706432a5daea667347053db5187efad016d64fa09743e97e9c9c9e43e6f,True,False,False,False,base,insufficient_structure,not_evaluated_previous_stage_failed
test226,glass_drink_container__03,root:1/visual-region:02,container_handle,43d6a106b7ccea9042da91713342b1deb00f9ec01bda03a4a4deb2c865baf0fc,True,False,True,False,base,insufficient_structure,not_evaluated_previous_stage_failed
test226,glass_drink_container__04,root:1/profile-refine:IDEA-Research_grounding-dino-tiny:container_handle:01,container_handle,84373b8c6db388efaad7239a776c99cd8a394c8132175745adaafd6aad946642,True,True,True,True,direct_semantic_segmenter,direct_semantic_mask,no_appearance_contradiction
test226,glass_drink_container__04,root:1/profile-refine:IDEA-Research_grounding-dino-tiny:container_label:01,container_label,5f7078df0e8a49b3cd137677d7d8e4325b175e844de0667055100a0ecaadb0af,True,True,True,True,direct_semantic_segmenter,direct_semantic_mask,no_appearance_contradiction
test226,glass_drink_container__04,root:1/profile-refine:IDEA-Research_grounding-dino-tiny:container_label:02,container_label,97bf4820d1a51346d3c9b03015b02ba6e06aa2db42f9cee22a393a3009286e06,True,True,True,True,direct_semantic_segmenter,direct_semantic_mask,no_appearance_contradiction
test226,glass_drink_container__04,root:1/profile-refine:IDEA-Research_grounding-dino-tiny:container_opening:01,container_opening,8935b3ad9cf1f18dbdc0fed28d76346a6304a492bdf13da2a92a91ee471f3280,True,True,True,True,direct_semantic_segmenter,direct_semantic_mask,no_appearance_contradiction
test226,glass_drink_container__04,root:1/visual-region:01,container_handle,14f522bae9f390904cd2acd5a52b2d4f2efdebd7c89c996dc7314529d4bc0728,True,False,True,False,base,insufficient_structure,not_evaluated_previous_stage_failed
test226,guitar__01,root:1/profile-refine:IDEA-Research_grounding-dino-tiny:tool_prop_string:02,tool_prop_string,c241cea8d6a111062511f26b1876719fd4706d804bb1116f923ad0c538bfe6c6,True,True,True,True,direct_semantic_segmenter,direct_semantic_mask,no_appearance_contradiction
test226,guitar__01,root:1/profile-refine:IDEA-Research_grounding-dino-tiny:tool_prop_tuning_key:02,tool_prop_tuning_key,f09128ee836000c336c895256faf027cad4aa4030738a3788ac36623030d741d,True,True,True,True,direct_semantic_segmenter,direct_semantic_mask,no_appearance_contradiction
test226,guitar__01,root:1/visual-region:01,tool_prop_tuning_key,10770a7c643bc357fc78b89473bdde39eb15d77d8c38b7605111267c5fac6bb2,True,True,True,True,base,cross_source_structure,boundary_and_material_consistent
test226,guitar__01,root:1/visual-region:05,tool_prop_neck,144d964ae5b53fe90f491b2e985cf6645a749036662ec8c48e24c0a4fd0a100c,True,False,False,False,base,insufficient_structure,not_evaluated_previous_stage_failed
test226,guitar__02,root:1/visual-region:04,tool_prop_neck,3abd79548fe0de1cb1842505dd38891e959f5e3eacc6f515a04db91b110c2274,True,False,True,False,base,insufficient_structure,not_evaluated_previous_stage_failed
test226,guitar__03,root:1/profile-refine:IDEA-Research_grounding-dino-tiny:tool_prop_neck:01,tool_prop_neck,38aefa9084329c25d4f1e0d1e790d47447eb9aecf0be2082ef74e017a22ee6cb,True,True,True,True,direct_semantic_segmenter,direct_semantic_mask,no_appearance_contradiction
test226,guitar__03,root:1/profile-refine:IDEA-Research_grounding-dino-tiny:tool_prop_sound_hole:01,tool_prop_sound_hole,e55730fc58f8c9e8cc5defabc9ac261760834661c46839a61e331bc602037620,True,True,True,True,direct_semantic_segmenter,direct_semantic_mask,no_appearance_contradiction
test226,guitar__03,root:1/visual-region:01,tool_prop_tuning_key,0f977eb9704d2142b66c738cc84bed977820c06b2c0282bd6b7966c5e6fc0669,True,False,False,False,base,insufficient_structure,not_evaluated_previous_stage_failed
test226,hammer__01,root:6/profile-refine:IDEA-Research_grounding-dino-tiny:character_arm:01,character_arm,0d1d9f732cae50c989699862811aee89518c3c0bf38518d2c5c2bbfec84c4795,True,True,True,True,direct_semantic_segmenter,direct_semantic_mask,no_appearance_contradiction
test226,hammer__01,root:6/profile-refine:IDEA-Research_grounding-dino-tiny:character_hand:01,character_hand,3ea74691d0895fdbd6d798ead0311cbd0c31b7e1b19e008a28fd88473eebf05c,True,True,True,True,direct_semantic_segmenter,direct_semantic_mask,no_appearance_contradiction
test226,hammer__01,root:6/profile-refine:IDEA-Research_grounding-dino-tiny:character_hand:02,character_hand,993f33d579ecdfe83faabeac8dc543fdf4edf54f5eb68d119a664d2377c73ad4,True,True,True,True,direct_semantic_segmenter,direct_semantic_mask,no_appearance_contradiction
test226,hammer__01,root:6/profile-refine:IDEA-Research_grounding-dino-tiny:character_head:02,character_head,3ead8f0cb0bfe1ff93ce182652a12408e17e35260ddf36c01377704946290536,True,True,True,True,direct_semantic_segmenter,direct_semantic_mask,no_appearance_contradiction
test226,hammer__01,root:6/visual-region:02,character_accessory,c4ded80c670cc53740a714bb3ed650dec09818994dc3f142a5de648d4102ea64,True,True,True,True,semantic_inventory_evidence_rescue,cross_source_structure,boundary_and_material_consistent
test226,hammer__01,root:6/visual-region:05,character_accessory,787ce3890e8f9368ad8ca544c9a688f5c427239831a7680b1f0e97c48eb8299e,True,False,True,False,semantic_inventory_evidence_rescue,insufficient_structure,not_evaluated_previous_stage_failed
test226,hammer__01,root:6/visual-region:07,character_leg,55771e572107cdc3721f7e96ef5a5593dba0ad399e85dd591669d1c02caeeae8,True,False,True,False,base,insufficient_structure,not_evaluated_previous_stage_failed
test226,hammer__03,root:2/profile-refine:IDEA-Research_grounding-dino-tiny:tool_prop_head:02,tool_prop_head,e62ad0f189b84bfe919c59f660f5fdc47eb9e20e29d9896566256bd65d20643f,True,True,True,True,direct_semantic_segmenter,direct_semantic_mask,no_appearance_contradiction
test226,hammer__03,root:2/profile-refine:IDEA-Research_grounding-dino-tiny:tool_prop_head:03,tool_prop_head,6c4ea6d3f08e3e6de105fdc26477a666fb8239d0203a041c51a5d2a89aa8b4ec,True,True,True,True,direct_semantic_segmenter,direct_semantic_mask,no_appearance_contradiction
test226,hammer__03,root:2/visual-region:01,tool_prop_handle,f845e4818f6c0e0f92234e221e4a8d383eeacd1749b778dc71eb152d5d89c037,False,False,True,False,inventory_and_structural_route,not_evaluated_semantic_failed,not_evaluated_previous_stage_failed
test226,handbag__01,root:1/profile-refine:IDEA-Research_grounding-dino-tiny:container_pocket:01,container_pocket,d3b720a78f72d4b4d6f2b042276dbf7d9c90b9d112a4fcb95e738a0c0f51574b,True,True,True,True,direct_semantic_segmenter,direct_semantic_mask,no_appearance_contradiction
test226,handbag__01,root:1/profile-refine:IDEA-Research_grounding-dino-tiny:container_strap:01,container_strap,6f9c5b24b2a0aa90a6ab806ec946b3cadd6228d852eeb5944febd9f082148e18,True,True,True,True,direct_semantic_segmenter,direct_semantic_mask,no_appearance_contradiction
test226,handbag__01,root:1/profile-refine:IDEA-Research_grounding-dino-tiny:container_strap:02,container_strap,173bf1a9d23f0d0f38d37c57b627b5c20adf7ebb260a132998773246c145ea01,True,True,True,True,direct_semantic_segmenter,direct_semantic_mask,no_appearance_contradiction
test226,handbag__01,root:1/visual-region:01,container_buckle,d54d8fc20f8d0b1fd96c8d29f6933f6732b4836561b1beabb4eafc411286d011,True,False,True,False,base,insufficient_structure,not_evaluated_previous_stage_failed
test226,handbag__01,root:1/visual-region:03,container_pocket,4f3eb35761ac1fbd50f5a33263b4f41d8b18917a0f900789ac9e2070e6b7f534,True,False,True,False,base,insufficient_structure,not_evaluated_previous_stage_failed
test226,handbag__02,root:2/contour-visual-region:04,character_torso,8d9031e20137d26eaef22695518833a729bf6e5547acf668092b7d27e41a2ae7,True,True,True,True,semantic_inventory_evidence_rescue,boundary_aligned_region,boundary_and_material_consistent
test226,handbag__02,root:2/contour-visual-region:07,character_accessory,458712af43a369a3f35aae7ba17d4a0fa7708011d16f0190996115d5d8af9153,True,True,True,True,semantic_inventory_evidence_rescue,boundary_aligned_region,boundary_and_material_consistent
test226,handbag__02,root:2/contour-visual-region:08,character_hand,3e8cb684becafe124c3f8364dde52eb94f887abe10e7a550e71ceaf56ee1dbda,False,True,True,False,semantic_inventory_evidence_rescue,not_evaluated_semantic_failed,not_evaluated_previous_stage_failed
test226,handbag__02,root:2/profile-refine:IDEA-Research_grounding-dino-tiny:character_accessory:01,character_accessory,d806f674e77e528f3653e02ab2c4303ddf0ae6915431e002c7750dbbb4712134,True,True,True,True,direct_semantic_segmenter,direct_semantic_mask,no_appearance_contradiction
test226,handbag__02,root:2/profile-refine:IDEA-Research_grounding-dino-tiny:character_head:02,character_head,b6c32b9827e52ed4b5e4c4e1c477c80b93ce2f46c8bf7ebe3f0740c9ab2eac9e,True,True,True,True,direct_semantic_segmenter,direct_semantic_mask,no_appearance_contradiction
test226,handbag__02,root:2/profile-refine:IDEA-Research_grounding-dino-tiny:character_lower_clothing:01,character_lower_clothing,11111d307ba88657ac92f2310eeae821e0cf82cb993fa1ff8113295980c568ab,True,True,True,True,direct_semantic_segmenter,direct_semantic_mask,no_appearance_contradiction
test226,handbag__02,root:2/profile-refine:IDEA-Research_grounding-dino-tiny:character_sleeve:01,character_sleeve,92bccee49035c7d43be0f66728b330d358b4fc11f276934e30cb080d6963a964,True,True,True,True,direct_semantic_segmenter,direct_semantic_mask,no_appearance_contradiction
test226,handbag__02,root:2/profile-refine:IDEA-Research_grounding-dino-tiny:character_upper_clothing:01,character_upper_clothing,b2c75d21dd118356f3e7940052959dcbc687dbd8e41a6b866d1ec856119363d4,True,True,True,True,direct_semantic_segmenter,direct_semantic_mask,no_appearance_contradiction
test226,handbag__02,root:2/visual-region:04,character_leg,6d136a23ff74504e456c7c23f5882219a707e4a59271c407dd33e0bc79b855cf,True,True,True,True,semantic_inventory_evidence_rescue,cross_source_structure,boundary_and_material_consistent
test226,handbag__02,root:2/visual-region:18,character_accessory,60c74290f3cffc0029d5b6091d4829bd0a970c56fc6dbb88c15be801cd40f0b1,True,False,True,False,base,insufficient_structure,not_evaluated_previous_stage_failed
test226,handbag__03,root:2/profile-refine:IDEA-Research_grounding-dino-tiny:container_buckle:01,container_buckle,4e63126bf5e0edf2aa21ba8fb5066de6e6ba94d3ee5a7adb57fc26150ab225b0,True,True,True,True,direct_semantic_segmenter,direct_semantic_mask,no_appearance_contradiction
test226,handbag__03,root:2/profile-refine:IDEA-Research_grounding-dino-tiny:container_buckle:02,container_buckle,7e7a793d68680caf61ffae63ebdab3b7b3a3e299001f959a9892c1c8b179dc85,True,True,True,True,direct_semantic_segmenter,direct_semantic_mask,no_appearance_contradiction
test226,handbag__03,root:2/profile-refine:IDEA-Research_grounding-dino-tiny:container_pocket:03,container_pocket,8bd37db9ff0ab03cfe482f863fbbcfd99c30d83e04fe61ec38d4f1b9531f1a96,True,True,True,True,direct_semantic_segmenter,direct_semantic_mask,no_appearance_contradiction
test226,handbag__03,root:2/profile-refine:IDEA-Research_grounding-dino-tiny:container_pocket:04,container_pocket,73f04f009854b9cf0822c5f0148476321cf291712cf274929e89d03c16e4b388,True,True,True,True,direct_semantic_segmenter,direct_semantic_mask,no_appearance_contradiction
test226,handbag__03,root:2/profile-refine:IDEA-Research_grounding-dino-tiny:container_strap:02,container_strap,7f9130539e078048ecb1e50967151639e5aee1de1f77bc4fab160b34ab4af25a,True,True,True,True,direct_semantic_segmenter,direct_semantic_mask,no_appearance_contradiction
test226,handbag__03,root:2/visual-region:01,container_strap,a44538d98bedaeb9bc2e340ac8c7a5b885ffc8fdc2cb3551cb249bd0de428de7,True,True,True,True,base,cross_source_structure,boundary_and_material_consistent
test226,handbag__03,root:2/visual-region:04,container_zipper,ba3bcb2dc8c2004e2c713689c91ed4a83c1e15021a5bbb225a242defcb1331b6,True,False,True,False,semantic_inventory_evidence_rescue,insufficient_structure,not_evaluated_previous_stage_failed
test226,handbag__03,root:2/visual-region:05,container_zipper,2a780b91884f79b81ef25b08bbc4229d99b7c879a7f6edf37473a06829441908,True,False,True,False,base,insufficient_structure,not_evaluated_previous_stage_failed
test226,handbag__03,root:2/visual-region:06,container_pocket,d68855e23efb179650567aa63b3b80341890bdbabe5f7cc7e75ed6d8eb323cd9,True,True,True,True,base,cross_source_structure,boundary_and_material_consistent
test226,handbag__04,root:2/visual-region:04,daily_object_terry_bar,1e2a189c758f1bdf3540022cb8dec00181f6a4e2a4f2df569a1bf9e9e91b2922,False,False,True,False,within_root_repetition_consensus,not_evaluated_semantic_failed,not_evaluated_previous_stage_failed
test226,handbag__04,root:2/visual-region:10,daily_object_terry_bar,70c9130aba5591cf88cb0b303594fa11345530f18c0c09b8f5f533c4c112b4cd,True,False,True,False,semantic_inventory_evidence_rescue,insufficient_structure,not_evaluated_previous_stage_failed
test226,handbag__04,root:2/visual-region:11,daily_object_terry_bar,059085a6ba8ed8cf84fc395aa7daeac8190e8f3dee199a957d5e63df21275324,True,True,True,True,semantic_inventory_evidence_rescue,cross_source_structure,boundary_and_material_consistent
test226,hat__01,root:1/profile-refine:IDEA-Research_grounding-dino-tiny:daily_object_band:02,daily_object_band,2a95affa778dc7af3ddb19f8027a601aa0a3a96412c240b3ac52dcd8d5d31d33,True,True,True,True,direct_semantic_segmenter,direct_semantic_mask,no_appearance_contradiction
test226,hat__01,root:1/visual-region:03,daily_object_logo,f5ef8b15f29d363ee602a85ff7e301190fb89c6b881bb659b42ae9cde5f4aa8d,True,False,True,False,semantic_inventory_evidence_rescue,insufficient_structure,not_evaluated_previous_stage_failed
test226,hat__01,root:1/visual-region:05,daily_object_brim,adc7c840900ad17f4706aa1eb9622c0c8281c8b8276759dcece6b05424fa68a3,True,False,True,False,base,insufficient_structure,not_evaluated_previous_stage_failed
test226,hat__02,root:5/profile-refine:IDEA-Research_grounding-dino-tiny:daily_object_band:01,daily_object_band,24ac278c1f73174b35536c81a9e31d65c695d68791808cd2254617cab6d72b2b,True,True,True,True,direct_semantic_segmenter,direct_semantic_mask,no_appearance_contradiction
test226,hat__02,root:5/visual-region:01,daily_object_shell,b195674a58da6072163d9c7573eec40bc71f4f1873efef184254fecdf0feed11,True,False,False,False,base,insufficient_structure,not_evaluated_previous_stage_failed
test226,hat__02,root:5/visual-region:02,daily_object_inner_lining,e932ad91bd9e2728e669a2d280a667bb3da152a03217f643324e8c1f1aaa531d,True,False,True,False,base,insufficient_structure,not_evaluated_previous_stage_failed
test226,hat__02,root:5/visual-region:06,daily_object_band,984a7f04d77fe817bb0f467404f13f699993186935e64866ffd9c2ed7de65fbd,True,False,False,False,base,insufficient_structure,not_evaluated_previous_stage_failed
test226,hat__03,root:1/profile-refine:IDEA-Research_grounding-dino-tiny:daily_object_inner_lining:01,daily_object_inner_lining,dab8a81d79ab4f567dcd33db8798dd3520325e965d21b6729fd1b621f32589ca,True,True,True,True,direct_semantic_segmenter,direct_semantic_mask,no_appearance_contradiction
test226,hat__03,root:1/visual-region:03,daily_object_brim,67f287a10ffd55e665a9504b62bdef04120321d36be819083814d8204538189e,True,False,True,False,base,insufficient_structure,not_evaluated_previous_stage_failed
test226,hat__03,root:1/visual-region:07,daily_object_logo,2d7de255744e33ef1dc4bfa917c0295de15765b0ad98b85b28d860d11a79dbea,True,False,True,False,base,insufficient_structure,not_evaluated_previous_stage_failed
test226,hat__04,root:1/profile-refine:IDEA-Research_grounding-dino-tiny:daily_object_inner_lining:01,daily_object_inner_lining,b0995ad528aeca3701222c1eac22a9fd8943936c7153c8765b3ac8e8d47ad784,True,True,True,True,direct_semantic_segmenter,direct_semantic_mask,no_appearance_contradiction
test226,hat__04,root:1/visual-region:07,daily_object_brim,86cc4c054d75d5b068e941f1f35b8fbbe8c5f93489c9ff81d56f0234f7addb50,True,False,True,False,base,insufficient_structure,not_evaluated_previous_stage_failed
test226,helmet__01,root:1/profile-refine:IDEA-Research_grounding-dino-tiny:daily_object_rim:01,daily_object_rim,0edd7c32065daa6e25e11e42aea31f8c17604cdb45f935c0f8b1ca2849e74a68,True,True,True,True,direct_semantic_segmenter,direct_semantic_mask,no_appearance_contradiction
test226,helmet__01,root:1/visual-region:01,daily_object_visor,0fb21c8aba03e618ff96bfa734953c24ae98de6366c3992999a6276900f77e9e,True,False,False,False,base,insufficient_structure,not_evaluated_previous_stage_failed
test226,helmet__02,root:1/profile-refine:IDEA-Research_grounding-dino-tiny:daily_object_logo:03,daily_object_logo,415fa0775a82caa8ebea8a54e803b111791eedc3201d8282ccf9b56a18209740,True,True,True,True,direct_semantic_segmenter,direct_semantic_mask,no_appearance_contradiction
test226,helmet__02,root:1/profile-refine:IDEA-Research_grounding-dino-tiny:daily_object_logo:04,daily_object_logo,ec65e52348ed82847c45c72f181771b23357a05f3b295b9e2e9cb4ec340e1d44,True,True,True,True,direct_semantic_segmenter,direct_semantic_mask,no_appearance_contradiction
test226,helmet__02,root:1/profile-refine:IDEA-Research_grounding-dino-tiny:daily_object_visor:02,daily_object_visor,3d07e60ebbd96e1d5f8b929e894d40a8171483806a2b773b78a1ddecd678e7bc,True,True,True,True,direct_semantic_segmenter,direct_semantic_mask,no_appearance_contradiction
test226,helmet__02,root:1/visual-region:12,daily_object_band,7e350405704def09e5e4e703155763038ff7878f0b2e48725eaccaeaed0e08b9,True,True,True,True,base,cross_source_structure,boundary_and_material_consistent
test226,helmet__04,root:1/profile-refine:IDEA-Research_grounding-dino-tiny:daily_object_band:01,daily_object_band,e9ca82ce04a977e1baf8c8d9477ebf9b5a58e7c70f9be91f98cfde7c1e563773,True,True,True,True,direct_semantic_segmenter,direct_semantic_mask,no_appearance_contradiction
test226,helmet__04,root:1/profile-refine:IDEA-Research_grounding-dino-tiny:daily_object_face_shield:01,daily_object_face_shield,2bfd70ca69202b78e1ce6f214c74b18df0221087097e725ab7a672a9be0e1e16,True,True,True,True,direct_semantic_segmenter,direct_semantic_mask,no_appearance_contradiction
test226,helmet__04,root:1/profile-refine:IDEA-Research_grounding-dino-tiny:daily_object_logo:01,daily_object_logo,ce78ceb2221011271e1afe8271bd7031841b957333c7a51178d6780264ed8f6b,True,True,True,True,direct_semantic_segmenter,direct_semantic_mask,no_appearance_contradiction
test226,helmet__04,root:1/visual-region:02,daily_object_shell,1201cb46739ede17c1a519c12d420678b2d158879bbcfd7947200e5ef2fb77f3,True,True,True,True,base,cross_source_structure,boundary_and_material_consistent
test226,helmet__04,root:1/visual-region:10,daily_object_visor,9a0bd1a7db761f97e9a3e0b93ec47a15d1f1011bba87231d3fcd719f87c9783d,True,False,True,False,semantic_inventory_evidence_rescue,insufficient_structure,not_evaluated_previous_stage_failed
test226,helmet__04,root:1/visual-region:12,daily_object_logo,9a80b656416cb9c4dcecbcce9026f4e0e455f0d354b2c85e8752119d45f074e1,True,True,True,True,semantic_inventory_evidence_rescue,cross_source_structure,boundary_and_material_consistent
test226,helmet__04,root:1/visual-region:19,daily_object_band,e70264cf543268f40c71638ecef6c431b746592af67f2729421d9a1491d9f263,True,False,True,False,base,insufficient_structure,not_evaluated_previous_stage_failed
test226,helmet__04,root:1/visual-region:21,daily_object_logo,09c20d5fdc8208c1fc4f085cc3ce0c319b16ccc0ace2cd08d27f87bda918511f,False,False,True,False,within_root_repetition_consensus,not_evaluated_semantic_failed,not_evaluated_previous_stage_failed
test226,jar__01,root:1/profile-refine:IDEA-Research_grounding-dino-tiny:container_lid:01,container_lid,ec64e7e68755828efb05bd5e0019a4e8f253e3908b970fcbf8e93da4e4ca76f9,True,True,True,True,direct_semantic_segmenter,direct_semantic_mask,no_appearance_contradiction
test226,jar__01,root:1/visual-region:01,container_base,77dc7d36bce67687718f2db8c488043cf7f3275e08b218846551a17ab110ce1b,True,False,True,False,semantic_inventory_evidence_rescue,insufficient_structure,not_evaluated_previous_stage_failed
test226,jar__01,root:1/visual-region:03,container_handle,8bcc59b9d99780092a16e5633a009dd710936a3dd3ca6fb87e2597c79c72555c,True,True,False,False,semantic_inventory_evidence_rescue,cross_source_structure,appearance_only_or_shading_like
test226,jar__01,root:1/visual-region:10,container_handle,ac806c598890dd19970269b8af08e5a8363906cca21b250efd8b7abf1220a4de,True,False,False,False,base,insufficient_structure,not_evaluated_previous_stage_failed
test226,jar__02,root:1/profile-refine:IDEA-Research_grounding-dino-tiny:container_handle:01,container_handle,b28da5887a0f21890c3c0acd5385c3f3b4034251223194a355f2afb191863c38,True,True,True,True,direct_semantic_segmenter,direct_semantic_mask,no_appearance_contradiction
test226,jar__02,root:1/profile-refine:IDEA-Research_grounding-dino-tiny:container_inner:01,container_inner,039a8d4d214602376393344562b6123f05faef65ffde33fb41df53fe186d055b,True,True,True,True,direct_semantic_segmenter,direct_semantic_mask,no_appearance_contradiction
test226,jar__02,root:1/profile-refine:IDEA-Research_grounding-dino-tiny:container_label:01,container_label,5bcc0ead3864b9c446151bb93eca4a0d1ddd17fac9c5f87bd7bab27c1917abfa,True,True,True,True,direct_semantic_segmenter,direct_semantic_mask,no_appearance_contradiction
test226,jar__02,root:1/profile-refine:IDEA-Research_grounding-dino-tiny:container_neck:01,container_neck,9acac836c2f4acecba14bfd55553eb150bf1f8c0c5ec13b3b2e359fd088c0026,True,True,True,True,direct_semantic_segmenter,direct_semantic_mask,no_appearance_contradiction
test226,jar__02,root:1/profile-refine:IDEA-Research_grounding-dino-tiny:container_spout:01,container_spout,01aa5193f10969682a06965ccc075e82a288d54602c450c7ba4a7b4d7e294c55,True,True,True,True,direct_semantic_segmenter,direct_semantic_mask,no_appearance_contradiction
test226,jar__03,root:1/profile-refine:IDEA-Research_grounding-dino-tiny:container_bottom:01,container_bottom,c7a2e6ddccf43a78543c174c9bf690d0d0685f6014f8c1ca6d9c9a53695add77,True,True,True,True,direct_semantic_segmenter,direct_semantic_mask,no_appearance_contradiction
test226,jar__03,root:1/profile-refine:IDEA-Research_grounding-dino-tiny:container_inner:01,container_inner,c846c3594000b6008b7eba60a38b9eaf562c38f95adc882d20f3d5411ff6292e,True,True,True,True,direct_semantic_segmenter,direct_semantic_mask,no_appearance_contradiction
test226,jar__03,root:1/profile-refine:IDEA-Research_grounding-dino-tiny:container_label:01,container_label,5beca2508491d2c81924d9bc1f3942a77c78adbfd16c3ad5de98ed823aba2bc3,True,True,True,True,direct_semantic_segmenter,direct_semantic_mask,no_appearance_contradiction
test226,jar__03,root:1/visual-region:07,container_handle,f7b1154c47e6140e114daa186fc2486b8f26822216b75461390eac944ce3d01d,True,False,True,False,semantic_inventory_evidence_rescue,insufficient_structure,not_evaluated_previous_stage_failed
test226,jar__04,root:1/profile-refine:IDEA-Research_grounding-dino-tiny:container_inner:01,container_inner,21c9ec599778135f37d208d8a6ab6f8ab1fdb81479cc6be93fe64c0a30af2603,True,True,True,True,direct_semantic_segmenter,direct_semantic_mask,no_appearance_contradiction
test226,jar__04,root:1/visual-region:07,container_spout,8f598ea501ce0c9e5313aaf51fcb78cc5aadac36977b16c346ae09222613acef,True,False,True,False,semantic_inventory_evidence_rescue,insufficient_structure,not_evaluated_previous_stage_failed
test226,kettle__01,root:4/visual-region:03,device_jar,a79d1b92cb9e0c4037e1925f813da68635ffd102d1d25332290ecac0f2d0cc7d,True,False,True,False,base,insufficient_structure,not_evaluated_previous_stage_failed
test226,kettle__02,root:1/profile-refine:IDEA-Research_grounding-dino-tiny:device_lid:01,device_lid,9a102076253c39473565cae49f7bf3f6c416e62a61fb4f5f7aa7ad8c71af2476,True,True,True,True,direct_semantic_segmenter,direct_semantic_mask,no_appearance_contradiction
test226,kettle__02,root:1/visual-region:06,device_jar,9b9ccd12f27c8ccdda587d2d51f4a469a31ea8c914ee6c5e28aa6ce9efdeb63b,True,False,True,False,base,insufficient_structure,not_evaluated_previous_stage_failed
test226,kettle__03,root:2/profile-refine:IDEA-Research_grounding-dino-tiny:device_handle:01,device_handle,bf1c035ab0d1ede2b0ed3208d0d1c428d25c8ab632f93405d53990b5bd76ecb7,True,True,True,True,direct_semantic_segmenter,direct_semantic_mask,no_appearance_contradiction
test226,kettle__03,root:2/visual-region:02,device_handle,2d952f793ae4d6e12b43725b21b18856f642eae9067fd2e9ffac891ed30b3b27,True,False,False,False,base,insufficient_structure,not_evaluated_previous_stage_failed
test226,kettle__03,root:2/visual-region:06,device_jar,66961664403382207b920c91e2331cde3bec911bad8cec5161d3f3ac9b5a5e85,True,False,True,False,base,insufficient_structure,not_evaluated_previous_stage_failed
test226,kettle__03,root:2/visual-region:08,device_button,a39a982dcc5c7b0c679a6aa666776c18ad31be84b79b52811710008c5a128124,True,True,False,False,semantic_inventory_evidence_rescue,cross_source_structure,appearance_only_or_shading_like
test226,kettle__04,root:1/profile-refine:IDEA-Research_grounding-dino-tiny:device_button:01,device_button,cba94e10b3d3f2e7a540e5db47049b1864e247604baa033cfd6a5935bb60ca12,True,True,True,True,direct_semantic_segmenter,direct_semantic_mask,no_appearance_contradiction
test226,kettle__04,root:1/profile-refine:IDEA-Research_grounding-dino-tiny:device_spout:01,device_spout,4892a357e4fd54a9f47352b3ca8102d44752f39416dbdf92d03609b62c7f1bf0,True,True,True,True,direct_semantic_segmenter,direct_semantic_mask,no_appearance_contradiction
test226,kettle__04,root:1/visual-region:02,device_button,ce165e38e68753cbfe04e455c28295bdb182ea269d6b7f6ce27aa86760dd69b0,False,True,True,False,contextual_rescue,not_evaluated_semantic_failed,not_evaluated_previous_stage_failed
test226,kettle__04,root:1/visual-region:03,device_button,dc51cdfd5cb4bd85d9bfde2d4e77d665e6a5b826adbe1a0633c895a14f8514e7,False,False,True,False,within_root_repetition_consensus,not_evaluated_semantic_failed,not_evaluated_previous_stage_failed
test226,kettle__04,root:1/visual-region:07,device_handle,f9cebc33118359fa8e17f04c9078c38346e57325cb2a880e50321b9a719488e2,True,False,True,False,base,insufficient_structure,not_evaluated_previous_stage_failed
test226,kettle__04,root:1/visual-region:09,device_handle,bce0773781aea239b239b4b918a48ac1f9540ace2722cf8d07214d4d191d348a,True,True,True,True,base,cross_source_structure,boundary_and_material_consistent
test226,kettle__04,root:1/visual-region:10,device_button,e0afa2d40aae46d54206849b40647870605526083f27bc26ae143f8c00117a7f,False,False,True,False,within_root_repetition_consensus,not_evaluated_semantic_failed,not_evaluated_previous_stage_failed
test226,knife__01,root:1/visual-region:01,tool_prop_shaft,30a47e9182512a240b1f99368b4bb9419e58e7357503979a62b30616bcc65c32,False,False,True,False,contextual_rescue,not_evaluated_semantic_failed,not_evaluated_previous_stage_failed
test226,knife__02,root:3/visual-region:01,tool_prop_lid,7d0d12ffbfdf2836ec051e6b24d66b695cdc201816098f8f300362b9b8e6ad0d,True,False,False,False,base,insufficient_structure,not_evaluated_previous_stage_failed
test226,knife__02,root:3/visual-region:03,tool_prop_handle,2a6f2fc214bff2242fd85f9331f1c9070482a8d5ad5136d67991d4e8b0d8b9f4,True,True,False,False,semantic_inventory_evidence_rescue,cross_source_structure,appearance_only_or_shading_like
test226,knife__04,root:6/profile-refine:IDEA-Research_grounding-dino-tiny:tool_prop_blade:01,tool_prop_blade,db606251b6a2bc09be84a458d206df8935144a9515516a575cde7bc3cf2c2258,True,True,True,True,direct_semantic_segmenter,direct_semantic_mask,no_appearance_contradiction
test226,knife__04,root:6/profile-topology:IDEA-Research_grounding-dino-tiny:tool_prop_handle:01,tool_prop_handle,dd07f51c918aa872cb0e9942322c5d06f68f808bba84f8fc203b7e93d8d594a6,True,False,True,False,resolved_inventory_candidate,insufficient_structure,not_evaluated_previous_stage_failed
test226,ladder__01,root:1/profile-refine:IDEA-Research_grounding-dino-tiny:tool_prop_step:02,tool_prop_step,6224e9fe8bf054558cfd7f7fa50a379ea28ed581da1052de7ba3f653b7381c3e,True,True,True,True,direct_semantic_segmenter,direct_semantic_mask,no_appearance_contradiction
test226,ladder__01,root:1/profile-refine:IDEA-Research_grounding-dino-tiny:tool_prop_top_cap:01,tool_prop_top_cap,cff33f9bdc12295644e452c1a22f13a96a44bb58c7d41c76ae93e3eb2c48276d,True,True,True,True,direct_semantic_segmenter,direct_semantic_mask,no_appearance_contradiction
test226,ladder__01,root:1/profile-refine:IDEA-Research_grounding-dino-tiny:tool_prop_top_cap:03,tool_prop_top_cap,376755fdf6c56e9dec26809886dcb59c8b368e0a234b894bb4b14788428cf3ff,True,True,True,True,direct_semantic_segmenter,direct_semantic_mask,no_appearance_contradiction
test226,ladder__01,root:1/visual-region:02,tool_prop_step,6fb3053604128a55b276d4e0a7327c36179025f06673e61d2b5684acc08c0fac,False,False,True,False,inventory_and_structural_route,not_evaluated_semantic_failed,not_evaluated_previous_stage_failed
test226,ladder__02,root:6/profile-refine:IDEA-Research_grounding-dino-tiny:tool_prop_foot:01,tool_prop_foot,460482180c9d6bf05ce843fe9237bc898b7e509b3a899ce7425b5876b55c67ed,True,True,True,True,direct_semantic_segmenter,direct_semantic_mask,no_appearance_contradiction
test226,ladder__02,root:6/profile-refine:IDEA-Research_grounding-dino-tiny:tool_prop_step:01,tool_prop_step,18434da0502cfae055290e1737d31bb29c460b8ab77a8ff9cb1722210c848a41,True,True,True,True,direct_semantic_segmenter,direct_semantic_mask,no_appearance_contradiction
test226,ladder__02,root:6/profile-refine:IDEA-Research_grounding-dino-tiny:tool_prop_top_cap:02,tool_prop_top_cap,41d7862b5f418601923b891568aa75025f2aea8c30dc2c0e1fa6c6fdd7e7fa82,True,True,True,True,direct_semantic_segmenter,direct_semantic_mask,no_appearance_contradiction
test226,ladder__02,root:6/profile-refine:IDEA-Research_grounding-dino-tiny:tool_prop_top_cap:04,tool_prop_top_cap,33cb2ac2b24983ad4361c2fc7cbae8342e2fd586abbf7bef3dac5aea4b8e16ca,True,True,True,True,direct_semantic_segmenter,direct_semantic_mask,no_appearance_contradiction
test226,ladder__02,root:6/visual-region:01,tool_prop_rail,3834ae10a3a5728d52938cd070a74469a3fa7f80fdb1f12a007c460d1917099b,False,True,False,False,inventory_and_structural_route,not_evaluated_semantic_failed,not_evaluated_previous_stage_failed
test226,ladder__02,root:6/visual-region:04,tool_prop_rail,e98e049102714157ef652e70a775df7c2c2728be323043ecfdcb707f8e831b10,False,True,False,False,inventory_and_structural_route,not_evaluated_semantic_failed,not_evaluated_previous_stage_failed
test226,ladder__02,root:6/visual-region:09,tool_prop_step,f79925d7101ef7179220d7c8a92cf7859abbd40ca36e7075bbe027ea5a783a69,False,True,True,False,inventory_and_structural_route,not_evaluated_semantic_failed,not_evaluated_previous_stage_failed
test226,ladder__02,root:6/visual-region:14,tool_prop_step,a35ebce385e493341b0bc9b552b191a5050ee2717c1285835b59b19e68301e9f,False,False,False,False,inventory_and_structural_route,not_evaluated_semantic_failed,not_evaluated_previous_stage_failed
test226,ladder__02,root:6/visual-region:17,tool_prop_step,4d88ac9ff7e54faf59d6e47710f3a87b79abbe0009989ad6fdd797e6aac4989b,False,False,False,False,inventory_and_structural_route,not_evaluated_semantic_failed,not_evaluated_previous_stage_failed
test226,ladder__03,root:11/profile-refine:IDEA-Research_grounding-dino-tiny:tool_prop_head:02,tool_prop_head,76b339b2d9c7ffa9abadf18aff48fc0337e49423372abb27df783cd77cac639e,True,True,True,True,direct_semantic_segmenter,direct_semantic_mask,no_appearance_contradiction
test226,ladder__03,root:11/visual-region:02,tool_prop_shaft,49470a841c5c7b7d76c3b20923e80361b6cf407741e509673182f4b0c23f1827,True,True,True,True,semantic_inventory_evidence_rescue,cross_source_structure,boundary_and_material_consistent
test226,ladder__03,root:11/visual-region:04,tool_prop_shaft,f868768da2195c0885c17bc75d20da2d20f9a3ca52d071babe47336dc48d5996,False,True,True,False,contextual_rescue,not_evaluated_semantic_failed,not_evaluated_previous_stage_failed
test226,ladder__04,root:3/profile-refine:IDEA-Research_grounding-dino-tiny:tool_prop_top_cap:02,tool_prop_top_cap,10bcc089109eeae405fe971d189a7493d85018edb86e335727087c658a80fc97,True,True,True,True,direct_semantic_segmenter,direct_semantic_mask,no_appearance_contradiction
test226,lamp__01,root:1/profile-refine:IDEA-Research_grounding-dino-tiny:device_logo:01,device_logo,4a9f342ce8259e4675253a219a59ebb18a4707e8f970a8b4cbc28b914d5cf271,True,True,True,True,direct_semantic_segmenter,direct_semantic_mask,no_appearance_contradiction
test226,lamp__01,root:1/profile-refine:IDEA-Research_grounding-dino-tiny:device_screen:01,device_screen,321fefd7c59f898f85759ac3512ce2f9c8a25b513ee2491d97e3574c93cb2d12,True,True,True,True,direct_semantic_segmenter,direct_semantic_mask,no_appearance_contradiction
test226,lamp__01,root:1/profile-topology:IDEA-Research_grounding-dino-tiny:device_bezel:01,device_bezel,1a2284a807ee86cde4c1daa7e67c19c4dd1cbfdc06a91e28601911b5b397a56b,True,False,True,False,resolved_inventory_candidate,insufficient_structure,not_evaluated_previous_stage_failed
test226,lamp__01,root:1/visual-region:06,device_logo,b132cb37b0afe705f09555d07c6bbc81c972387b8c14b9e16fb006ee74995468,True,False,False,False,semantic_inventory_evidence_rescue,insufficient_structure,not_evaluated_previous_stage_failed
test226,lamp__03,root:1/profile-refine:IDEA-Research_grounding-dino-tiny:device_base:01,device_base,6147eb13638f4771cdb87af7545220eeeb6e7bedb7b40c6c1206cc8e139a7237,True,True,True,True,direct_semantic_segmenter,direct_semantic_mask,no_appearance_contradiction
test226,lamp__03,root:1/profile-refine:IDEA-Research_grounding-dino-tiny:device_shade:01,device_shade,bd54aa5aad0b22a3b9251c6705cfbf685e70f2bd166fb9a1777d6792925ef108,True,True,True,True,direct_semantic_segmenter,direct_semantic_mask,no_appearance_contradiction
test226,lamp__03,root:1/profile-refine:IDEA-Research_grounding-dino-tiny:device_stand:01,device_stand,67c0dfbbdbbc05b0adbc5f8c0f52f0b615416051a7043f442a4c970171e161d1,True,True,True,True,direct_semantic_segmenter,direct_semantic_mask,no_appearance_contradiction
test226,lamp__03,root:1/visual-region:01,device_chain,6fb812c6b9af454101a3b42f4a6cb2e44b6670afbb3252dc6d956cb2a1d6e8d1,True,False,False,False,base,insufficient_structure,not_evaluated_previous_stage_failed
test226,lamp__03,root:1/visual-region:02,device_chain,45dbffc3d5be5d5e560b9b11bf49e50e4d24ba442247335a3389f6b08ee92729,True,False,False,False,base,insufficient_structure,not_evaluated_previous_stage_failed
test226,lamp__04,root:1/profile-refine:IDEA-Research_grounding-dino-tiny:device_bulb:01,device_bulb,a868c7ddc3ac2ea1dec010fb607018315cd3187918d7352a970e16d7b415a2eb,True,True,True,True,direct_semantic_segmenter,direct_semantic_mask,no_appearance_contradiction
test226,lamp__04,root:1/profile-refine:IDEA-Research_grounding-dino-tiny:device_finial:03,device_finial,d28d7b10bd0e4459e56c39cbd995db491c1d73c379b7221e1a0396b6bf511556,True,True,True,True,direct_semantic_segmenter,direct_semantic_mask,no_appearance_contradiction
test226,lamp__04,root:1/profile-refine:IDEA-Research_grounding-dino-tiny:device_rod:01,device_rod,7d2ff88b4bba9469848f85a1dfcf86dac5f1f958c7658b06d41d2db43ded450e,True,True,True,True,direct_semantic_segmenter,direct_semantic_mask,no_appearance_contradiction
test226,lamp__04,root:1/profile-refine:IDEA-Research_grounding-dino-tiny:device_shade:01,device_shade,d28d7b10bd0e4459e56c39cbd995db491c1d73c379b7221e1a0396b6bf511556,True,True,True,True,direct_semantic_segmenter,direct_semantic_mask,no_appearance_contradiction
test226,laptop_computer__01,root:1/profile-refine:IDEA-Research_grounding-dino-tiny:device_key:01,device_key,26314df1513aef5d3daab1a716739ae907ffbe085a18e2030a96b9e6f7025ed1,True,True,True,True,direct_semantic_segmenter,direct_semantic_mask,no_appearance_contradiction
test226,laptop_computer__01,root:1/profile-refine:IDEA-Research_grounding-dino-tiny:device_keyboard:01,device_keyboard,91dc4d337b4ef0f95404dd87cf06b7a50f95269076a99c0034da5d833cead878,True,True,True,True,direct_semantic_segmenter,direct_semantic_mask,no_appearance_contradiction
test226,laptop_computer__01,root:1/profile-refine:IDEA-Research_grounding-dino-tiny:device_screen:01,device_screen,9a74397da0e93736d30e731a2629d853b59208b23b4669e74f182a3b4efd27a6,True,True,True,True,direct_semantic_segmenter,direct_semantic_mask,no_appearance_contradiction
test226,laptop_computer__01,root:1/profile-topology:IDEA-Research_grounding-dino-tiny:device_bezel:01,device_bezel,c95b094c665b6e119a84618be73b4a7cde50bf407469a110d52b2ef747737da8,True,False,True,False,resolved_inventory_candidate,insufficient_structure,not_evaluated_previous_stage_failed
test226,laptop_computer__01,root:1/visual-region:05,device_port,c204211f67a5ae7a8fa11cb0018f3615ae5866448811634cf0569bea8c036348,True,False,True,False,semantic_inventory_evidence_rescue,insufficient_structure,not_evaluated_previous_stage_failed
test226,laptop_computer__01,root:1/visual-region:15,device_hinge,2446708437910e16f33c3f4b3bce60df16cee093dad6f43289459aa9a91d3d8a,True,False,False,False,base,insufficient_structure,not_evaluated_previous_stage_failed
test226,laptop_computer__01,root:1/visual-region:16,device_logo,2633235ef266c0ddccfafc46ac593b675c00c363994046a577cb64d15b57c1b9,False,False,True,False,semantic_inventory_evidence_rescue,not_evaluated_semantic_failed,not_evaluated_previous_stage_failed
test226,laptop_computer__01,root:1/visual-region:17,device_port,cc3f5e93fc4933357afad364e1682346e3639b87606af0b3d26765f68302c4d2,True,False,True,False,semantic_inventory_evidence_rescue,insufficient_structure,not_evaluated_previous_stage_failed
test226,laptop_computer__01,root:1/visual-region:18,device_port,4597235ea318a95fa80737839fe200a456f401409dc5e594695e49c9d7fb5a3b,False,False,False,False,within_root_repetition_consensus,not_evaluated_semantic_failed,not_evaluated_previous_stage_failed
test226,laptop_computer__01,root:1/visual-region:19,device_port,6d9f0400b5d0f8f84e30432c0c3600110de14eb6000a7313754152b002d9b709,False,False,True,False,within_root_repetition_consensus,not_evaluated_semantic_failed,not_evaluated_previous_stage_failed
test226,laptop_computer__01,root:1/visual-region:20,device_port,cd12e668227ef2334743c670eeed90a71a60f4b6877b55c83c1d19c0d3bfbb3b,True,False,True,False,semantic_inventory_evidence_rescue,insufficient_structure,not_evaluated_previous_stage_failed
test226,laptop_computer__01,root:1/visual-region:22,device_port,16affd2cae6054332b5aa2f9d3b1eea7bf2f21b4acca4ca8e65cf055ac71c718,True,False,True,False,semantic_inventory_evidence_rescue,insufficient_structure,not_evaluated_previous_stage_failed
test226,laptop_computer__02,root:1/profile-refine:IDEA-Research_grounding-dino-tiny:device_keyboard:02,device_keyboard,dbef6e8ce2598846b43b6ff9b406f973c7162ee2284ccb224daa9281081d4b77,True,True,True,True,direct_semantic_segmenter,direct_semantic_mask,no_appearance_contradiction
test226,laptop_computer__02,root:1/profile-refine:IDEA-Research_grounding-dino-tiny:device_screen:01,device_screen,134a68c8b5c4f55b63c3b1eeb8bd347bab0fed692261bfbec18a840a551d28ed,True,True,True,True,direct_semantic_segmenter,direct_semantic_mask,no_appearance_contradiction
test226,laptop_computer__02,root:1/profile-topology:IDEA-Research_grounding-dino-tiny:device_bezel:01,device_bezel,2300967a5125492b6bad8751fb20869d4096c4c5bc5a2a22095fd14c8d007dd2,True,False,True,False,resolved_inventory_candidate,insufficient_structure,not_evaluated_previous_stage_failed
test226,laptop_computer__02,root:1/visual-region:02,device_logo,91c13d575f54175389c7d70be6db34f61a957b7f4b0bf0117aa9fa9a884ea0d8,True,True,True,True,base,cross_source_structure,boundary_and_material_consistent
test226,laptop_computer__02,root:1/visual-region:06,device_logo,0411d7bfdf10ad03a967967b6a8866c1f5449aae4a61c4edd8b3e0a3c50d379b,True,False,False,False,base,insufficient_structure,not_evaluated_previous_stage_failed
test226,laptop_computer__02,root:1/visual-region:09,device_logo,01f557576274708d647e70f20518708b17819a6789d58a697a2a0aee9842c5db,True,False,True,False,inventory_cluster_bootstrap,insufficient_structure,not_evaluated_previous_stage_failed
test226,laptop_computer__03,root:1/profile-refine:IDEA-Research_grounding-dino-tiny:device_key:01,device_key,3692d1e5eac28a916be61dfeac0960399d563c4b6cf89591ad81d4d541f5a9d1,True,True,True,True,direct_semantic_segmenter,direct_semantic_mask,no_appearance_contradiction
test226,laptop_computer__03,root:1/profile-refine:IDEA-Research_grounding-dino-tiny:device_key:02,device_key,db2170afa8a1c73caaed88f990b77a5952809b85b2e02e410041cbf0aeafa4ee,True,True,True,True,direct_semantic_segmenter,direct_semantic_mask,no_appearance_contradiction
test226,laptop_computer__03,root:1/profile-refine:IDEA-Research_grounding-dino-tiny:device_key:03,device_key,9621b5170a7a8a240a6f5214d62bd0baf17ad86cc231e9791b14fe9ce7978ff3,True,True,True,True,direct_semantic_segmenter,direct_semantic_mask,no_appearance_contradiction
test226,laptop_computer__03,root:1/profile-refine:IDEA-Research_grounding-dino-tiny:device_key:04,device_key,88e1656c91eac3f43a945103094bfbfe684985f9dabb43bb9513d1f06d5d8d37,True,True,True,True,direct_semantic_segmenter,direct_semantic_mask,no_appearance_contradiction
test226,laptop_computer__03,root:1/profile-refine:IDEA-Research_grounding-dino-tiny:device_keyboard:01,device_keyboard,9f02440a9d268cf7799d572c21aadd9e530c7c7f2bdc33c7a641c3030b48b7e8,True,True,True,True,direct_semantic_segmenter,direct_semantic_mask,no_appearance_contradiction
test226,laptop_computer__03,root:1/profile-refine:IDEA-Research_grounding-dino-tiny:device_screen:01,device_screen,9e2843bd777fe7e48bb07170e49d9afe2d8723fa0bdeb087d0b223306f4c717d,True,True,True,True,direct_semantic_segmenter,direct_semantic_mask,no_appearance_contradiction
test226,laptop_computer__03,root:1/profile-refine:IDEA-Research_grounding-dino-tiny:device_touchpad:01,device_touchpad,3000e2207fd14117334647f50e904e4bdfecc5515bf599f3c9d47ee6c9487a6e,True,True,True,True,direct_semantic_segmenter,direct_semantic_mask,no_appearance_contradiction
test226,laptop_computer__03,root:1/profile-topology:IDEA-Research_grounding-dino-tiny:device_bezel:01,device_bezel,5e455e3695846dab38141e76bc9f10fe434c0697e175d94dd60e3cb831ab121c,True,False,True,False,resolved_inventory_candidate,insufficient_structure,not_evaluated_previous_stage_failed
test226,laptop_computer__03,root:1/visual-region:06,device_cable,e02f802c22f5512c820039bfa422c0bbe4e6db0d291c0dd021a07e00c991e128,False,False,True,False,semantic_inventory_evidence_rescue,not_evaluated_semantic_failed,not_evaluated_previous_stage_failed
test226,laptop_computer__03,root:1/visual-region:07,device_logo,c757f9e42680d3590158a2824c8acb4fe1a5683f19078bf0bd75abe673df0433,True,False,True,False,semantic_inventory_evidence_rescue,insufficient_structure,not_evaluated_previous_stage_failed
test226,laptop_computer__04,root:2/profile-refine:IDEA-Research_grounding-dino-tiny:device_keyboard:02,device_keyboard,662c0bf3c8af7374be9c7b2b25b5eacc60228d6685c440409d7bf8eb4b24a288,True,True,True,True,direct_semantic_segmenter,direct_semantic_mask,no_appearance_contradiction
test226,laptop_computer__04,root:2/profile-refine:IDEA-Research_grounding-dino-tiny:device_screen:01,device_screen,90c648e603c5f7ecef64ca5739d75d72c63d9cb39c43cc486e42194e10dc1f20,True,True,True,True,direct_semantic_segmenter,direct_semantic_mask,no_appearance_contradiction
test226,laptop_computer__04,root:2/profile-topology:IDEA-Research_grounding-dino-tiny:device_bezel:01,device_bezel,b11bc826e9c03f2872bba1da10d16300a697ef97ce7a6cb84050007d0ea9ef23,True,False,True,False,resolved_inventory_candidate,insufficient_structure,not_evaluated_previous_stage_failed
test226,laptop_computer__04,root:2/visual-region:03,device_hinge,a9fb3915429245f68e0e7b7936e66878085cac315254e5a268c45fb4bb7cf9f5,True,True,False,False,base,cross_source_structure,appearance_only_or_shading_like
test226,laptop_computer__04,root:2/visual-region:04,device_logo,196b7f8858ffa542309e0c543752e7e5dcd50786a0da79e23f478cd14b3a5294,True,False,True,False,semantic_inventory_evidence_rescue,insufficient_structure,not_evaluated_previous_stage_failed
test226,laptop_computer__04,root:2/visual-region:07,device_logo,1d1a72059b79d535c712f6103225b835500a8c8d967b0fe4544ee14396857342,True,False,False,False,base,insufficient_structure,not_evaluated_previous_stage_failed
test226,microwave_oven__01,root:1/profile-refine:IDEA-Research_grounding-dino-tiny:device_door:02,device_door,8911afefbc80fc7dee75819ce9c4ab0c61d9f175c4f40ebfa6e44eeb7c66978c,True,True,True,True,direct_semantic_segmenter,direct_semantic_mask,no_appearance_contradiction
test226,microwave_oven__01,root:1/profile-refine:IDEA-Research_grounding-dino-tiny:device_screen:01,device_screen,fb0dbb26dd7c16479a68a49b3e20a83b40e9ead94192623ba08cf44c3a4126a9,True,True,True,True,direct_semantic_segmenter,direct_semantic_mask,no_appearance_contradiction
test226,microwave_oven__01,root:1/visual-region:01,device_turntable,36781b349c190300b4b7a2246f24946a51992ef456c9495f5d2d7c2e2c386c97,True,True,True,True,base,cross_source_structure,boundary_and_material_consistent
test226,microwave_oven__02,root:2/visual-region:01,device_door,d98a445bd268ae524daa4d203246a45ac54305d5cf6542e3255b150b422c8f96,True,False,True,False,base,insufficient_structure,not_evaluated_previous_stage_failed
test226,microwave_oven__02,root:2/visual-region:02,device_handle,3994a1102dd74c6a46e3ed13fe2edefc11ff7b32da920ecf6c439758cf41d963,True,False,True,False,base,insufficient_structure,not_evaluated_previous_stage_failed
test226,microwave_oven__02,root:2/visual-region:03,device_handle,4283b7948656bf45edf3514f022329ef7b36db95fd49ddaffc9e044663214c7e,True,False,True,False,base,insufficient_structure,not_evaluated_previous_stage_failed
test226,microwave_oven__03,root:1/profile-refine:IDEA-Research_grounding-dino-tiny:device_dial:01,device_dial,0d3a0173f2ba6b9c64aabbe390b80d238cc8ed18aa72c134e7e9e4100a198f8d,True,True,True,True,direct_semantic_segmenter,direct_semantic_mask,no_appearance_contradiction
test226,microwave_oven__03,root:1/profile-refine:IDEA-Research_grounding-dino-tiny:device_door:01,device_door,5cde24899fffff835112160a213f004ae6a26b97ceb1a19feab8c114fbf9c98c,True,True,True,True,direct_semantic_segmenter,direct_semantic_mask,no_appearance_contradiction
test226,microwave_oven__03,root:1/profile-refine:IDEA-Research_grounding-dino-tiny:device_vent:01,device_vent,fc95b5e575c3310d30a4bf604a112aea13812f39f6d1d639b432898a19abd77a,True,True,True,True,direct_semantic_segmenter,direct_semantic_mask,no_appearance_contradiction
test226,microwave_oven__04,root:1/profile-refine:IDEA-Research_grounding-dino-tiny:device_button:02,device_button,ba992c81961ae2c2f7ce29c0e77a101be81aa5e15a4fc25fcf815036d36c8ff2,True,True,True,True,direct_semantic_segmenter,direct_semantic_mask,no_appearance_contradiction
test226,microwave_oven__04,root:1/profile-refine:IDEA-Research_grounding-dino-tiny:device_button:03,device_button,1c811271dcdc3fb220cb7d2d6268c23b3f7e09e65b43ca19e3476283cd22f565,True,True,True,True,direct_semantic_segmenter,direct_semantic_mask,no_appearance_contradiction
test226,microwave_oven__04,root:1/profile-refine:IDEA-Research_grounding-dino-tiny:device_cable:01,device_cable,4dd203be0013ef83ebde1f869982e38ccde4565829f9bce4c816add563b2141d,True,True,True,True,direct_semantic_segmenter,direct_semantic_mask,no_appearance_contradiction
test226,microwave_oven__04,root:1/profile-refine:IDEA-Research_grounding-dino-tiny:device_door:03,device_door,386b2ead2af448097b7d432ad7e0024ff020648df2bd2ee0af69ac82a3bb94ed,True,True,True,True,direct_semantic_segmenter,direct_semantic_mask,no_appearance_contradiction
test226,microwave_oven__04,root:1/visual-region:03,device_button,47acf1e05c459c1c05b384191c2de57376d2d00afab4a4d08943d6916ce96a60,True,False,True,False,semantic_inventory_evidence_rescue,insufficient_structure,not_evaluated_previous_stage_failed
test226,microwave_oven__04,root:1/visual-region:07,device_button,7ed2507cc32bdf6dbf49a6b4f54cd6e04212a33f0ce17c2e281ed894bbcb95f8,False,True,False,False,within_root_repetition_consensus,not_evaluated_semantic_failed,not_evaluated_previous_stage_failed
test226,mouse_computer_equipment__01,root:1/visual-region:07,device_wheel,68ae5a8458e8fdb24561d7415fa391db07fe32a2199954a7d3a62cc985aa99ab,True,False,True,False,base,insufficient_structure,not_evaluated_previous_stage_failed
test226,mouse_computer_equipment__02,root:1/profile-refine:IDEA-Research_grounding-dino-tiny:vehicle_antenna:01,vehicle_antenna,bd916330b28e3d89799ec41b973d995d0d8f68c1b8d9158f4a8fdb8fb14e0e6e,True,True,True,True,direct_semantic_segmenter,direct_semantic_mask,no_appearance_contradiction
test226,mouse_computer_equipment__02,root:1/profile-refine:IDEA-Research_grounding-dino-tiny:vehicle_badge:01,vehicle_badge,d5d078c5de0a9b378d2a8c263d2fae7c15c19c5cd02142597348f6ec1e6dbaa8,True,True,True,True,direct_semantic_segmenter,direct_semantic_mask,no_appearance_contradiction
test226,mouse_computer_equipment__02,root:1/profile-refine:IDEA-Research_grounding-dino-tiny:vehicle_grille:01,vehicle_grille,b6959d0c271ba7257e8bc34766d714e5e244533045d7f2f4101eda7ed71bdc00,True,True,True,True,direct_semantic_segmenter,direct_semantic_mask,no_appearance_contradiction
test226,mouse_computer_equipment__02,root:1/profile-refine:IDEA-Research_grounding-dino-tiny:vehicle_turn_signal:01,vehicle_turn_signal,e4bd667e8b98ebc0810a0fef7c4cfe202c037a55ee928c91e31a338897655dd0,True,True,True,True,direct_semantic_segmenter,direct_semantic_mask,no_appearance_contradiction
test226,mouse_computer_equipment__03,root:1/profile-refine:IDEA-Research_grounding-dino-tiny:device_button:01,device_button,4cf9ccd72d5c6d0e54cf238d231abbddc6f74777b0031c64419e3066c70fe687,True,True,True,True,direct_semantic_segmenter,direct_semantic_mask,no_appearance_contradiction
test226,mouse_computer_equipment__03,root:1/visual-region:03,device_wheel,8a6d14ff60790365d17900dabc598518d7321b09649b7742650824cff56af46b,True,False,True,False,base,insufficient_structure,not_evaluated_previous_stage_failed
test226,mouse_computer_equipment__04,root:1/profile-refine:IDEA-Research_grounding-dino-tiny:device_button:01,device_button,a3e58ae36d34468c41eb26832036fb06a1d53f74ff5f628e70c1f921fd55c42e,True,True,True,True,direct_semantic_segmenter,direct_semantic_mask,no_appearance_contradiction
test226,mouse_computer_equipment__04,root:1/visual-region:04,device_wheel,b77dc6ff9962b48e7271a96c37d876c06bdb65a7b7ccf86c190ff8ad6a44c9df,True,False,True,False,base,insufficient_structure,not_evaluated_previous_stage_failed
test226,mouse_computer_equipment__04,root:1/visual-region:05,device_wheel,eddeba4a3023053afccc5c317e156a39458a7faa1550abeea50685c179532598,True,True,True,True,base,cross_source_structure,boundary_and_material_consistent
test226,mug__01,root:1/profile-refine:IDEA-Research_grounding-dino-tiny:container_label:01,container_label,b87c08527f0e56c12cca3b07dfabf5ca013e4f84e3da3fb9b87ebf4a702ce212,True,True,True,True,direct_semantic_segmenter,direct_semantic_mask,no_appearance_contradiction
test226,mug__01,root:1/profile-refine:IDEA-Research_grounding-dino-tiny:container_rim:01,container_rim,51c22fe892e3d64c5b36b029d0b50abda15a173d6acf808f2a0c25e8be03a3b0,True,True,True,True,direct_semantic_segmenter,direct_semantic_mask,no_appearance_contradiction
test226,mug__01,root:1/visual-region:03,container_handle,faa71ee87cf6bce3e8e13f4028c5f6a5f065342efc02cae629877c37fa0cf820,True,False,True,False,base,insufficient_structure,not_evaluated_previous_stage_failed
test226,mug__02,root:1/profile-refine:IDEA-Research_grounding-dino-tiny:container_label:01,container_label,b1b6dbbeb8948f4219cfd1b2488971025bdb68bc5ef33fe05e743aed9bfd47b0,True,True,True,True,direct_semantic_segmenter,direct_semantic_mask,no_appearance_contradiction
test226,mug__02,root:1/visual-region:12,container_rim,ddf50c0d5640bcd0f49622d5afa7b74741dde3bd43aef923e83c456aac2966ce,True,True,True,True,base,cross_source_structure,boundary_and_material_consistent
test226,mug__02,root:1/visual-region:15,container_base,9d9202427d6293ac2d29ad3237c16b47a02189f0e58ba46696f88e39e985534c,False,True,True,False,contextual_rescue,not_evaluated_semantic_failed,not_evaluated_previous_stage_failed
test226,mug__02,root:1/visual-region:18,container_rim,2b51ae5decc23fb7cb238bdfa9122756c2adfbf388edde1c64457347c67cdca0,True,False,True,False,base,insufficient_structure,not_evaluated_previous_stage_failed
test226,mug__03,root:1/profile-refine:IDEA-Research_grounding-dino-tiny:container_label:01,container_label,afbe9f419ca048c8d24d21cecfd41ef7383c12a8d69f13b99f771d48b32e2b57,True,True,True,True,direct_semantic_segmenter,direct_semantic_mask,no_appearance_contradiction
test226,mug__03,root:1/visual-region:06,container_rim,2ee877e98d4a81eed161576f2700e5529e3e813074b1d0c894943243af067d09,True,False,True,False,base,insufficient_structure,not_evaluated_previous_stage_failed
test226,mug__03,root:1/visual-region:09,container_rim,51bea453b0adc937994226965600b978ecd72e2fb6dc5ea4e5d0423bbb949dad,True,False,True,False,base,insufficient_structure,not_evaluated_previous_stage_failed
test226,mug__04,root:2/profile-refine:IDEA-Research_grounding-dino-tiny:container_inner:01,container_inner,e7632a8673588645ff8014283f1c87115fc672740a4c09857b0c4fd609a19022,True,True,True,True,direct_semantic_segmenter,direct_semantic_mask,no_appearance_contradiction
test226,mug__04,root:2/visual-region:01,container_outer_side,0ceff34c2e116f334f54daaab5f6aae5bc37557893141bdba95a19ef93772afc,True,True,True,True,semantic_inventory_evidence_rescue,cross_source_structure,boundary_and_material_consistent
test226,mug__04,root:2/visual-region:03,container_handle,1ec96cccf6ee77ecc3d62a93293da4f8e0c6736b9c2612b68e72f08aaaebb238,True,False,True,False,base,insufficient_structure,not_evaluated_previous_stage_failed
test226,pan_for_cooking__02,root:1/profile-refine:IDEA-Research_grounding-dino-tiny:container_bottom:01,container_bottom,9aae1ad9809fe59a2ad46fe89d6ff4118a1f29934b2bf6d56cd95d4a928d4c19,True,True,True,True,direct_semantic_segmenter,direct_semantic_mask,no_appearance_contradiction
test226,pan_for_cooking__02,root:1/profile-refine:IDEA-Research_grounding-dino-tiny:container_inner:01,container_inner,f497acee9896855459c1d5ca85f24efec0c3de124d886a66b7cfc9d5ea242e7c,True,True,True,True,direct_semantic_segmenter,direct_semantic_mask,no_appearance_contradiction
test226,pan_for_cooking__02,root:1/profile-refine:IDEA-Research_grounding-dino-tiny:container_inner_wall:01,container_inner_wall,4b908045fef85672faaa754a518ce93081e3e6841870f275f3ee49842962fe46,True,True,True,True,direct_semantic_segmenter,direct_semantic_mask,no_appearance_contradiction
test226,pan_for_cooking__02,root:1/profile-refine:IDEA-Research_grounding-dino-tiny:container_outer_side:01,container_outer_side,a2a8e75b92ec20b5319f8aceab02a098b55646ee11736439e27a2cf4ed9d3a21,True,True,True,True,direct_semantic_segmenter,direct_semantic_mask,no_appearance_contradiction
test226,pan_for_cooking__02,root:1/visual-region:03,container_base,9dc9a3c138599919626ff2b8c9412c051e0df09ed04b7d6b115d424cc252a6f5,False,False,True,False,contextual_rescue,not_evaluated_semantic_failed,not_evaluated_previous_stage_failed
test226,pan_for_cooking__03,root:1/profile-refine:IDEA-Research_grounding-dino-tiny:container_label:01,container_label,1f9acf526ac9c8cec5130b516a4d3740ede93bf96f911b872f25911e00a926a3,True,True,True,True,direct_semantic_segmenter,direct_semantic_mask,no_appearance_contradiction
test226,pan_for_cooking__03,root:1/profile-refine:IDEA-Research_grounding-dino-tiny:container_label:02,container_label,ab3f44597433aabcd5d0fd8a020246da531614a53aa934a1704a329c88302f21,True,True,True,True,direct_semantic_segmenter,direct_semantic_mask,no_appearance_contradiction
test226,pan_for_cooking__03,root:1/visual-region:03,container_handle,ba63382847cd4cc67ee3fbe5cd744ce52c467e6d01294052a44f0974577e6c49,True,False,False,False,base,insufficient_structure,not_evaluated_previous_stage_failed
test226,pan_for_cooking__04,root:2/silhouette-axial:tool_prop_handle:01,tool_prop_handle,fc5712c4cd75e04983f9ec687edf58cd23af92922598aff41c3548608ecf2a67,False,False,False,False,inventory_and_structural_route,not_evaluated_semantic_failed,not_evaluated_previous_stage_failed
test226,pen__01,root:4/contour-visual-region:01,character_arm,caa7859cedbb2d29b8508616d88471b907f3022c52fa91d3e2cbe7a0eac8a6f9,False,True,True,False,semantic_inventory_evidence_rescue,not_evaluated_semantic_failed,not_evaluated_previous_stage_failed
test226,pen__01,root:4/contour-visual-region:03,character_leg,1e85e6c85cdc18df844e3f42f6f12c20a1f8524491f995b5174a14d7e3e09998,True,True,True,True,semantic_inventory_evidence_rescue,boundary_aligned_region,boundary_and_material_consistent
test226,pen__01,root:4/contour-visual-region:04,character_leg,5669e2fa52003f5fca3715dbc87299bf9ddedaf7698acafd860c07c296767342,True,True,True,True,semantic_inventory_evidence_rescue,boundary_aligned_region,boundary_and_material_consistent
test226,pen__01,root:4/contour-visual-region:05,character_arm,b1526e8ab355c3ca85641fe196301f9e59809d735afa4e21edc8fbe741b67004,True,True,True,True,semantic_inventory_evidence_rescue,boundary_aligned_region,boundary_and_material_consistent
test226,pen__02,root:14/visual-region:08,container_base,7d71701febca0d86481d127f337d6643bfb5136b889bf2cff4cfe965745b5c0b,True,False,True,False,base,insufficient_structure,not_evaluated_previous_stage_failed
test226,plastic_bag__01,root:1/visual-region:01,container_pocket,dc828eb4452cafb54e403f1c88684b4fd30686e69a2fb8801da6b50eb74d8fd6,True,False,True,False,base,insufficient_structure,not_evaluated_previous_stage_failed
test226,plastic_bag__01,root:1/visual-region:03,container_pocket,e934d3a4ddb046329726b3a4d7c492430bbd1b7f3e73764c0ed58a046b7b429a,True,False,True,False,base,insufficient_structure,not_evaluated_previous_stage_failed
test226,plastic_bag__02,root:1/profile-refine:IDEA-Research_grounding-dino-tiny:container_strap:01,container_strap,8fca030f217a11f712a967877f2732295ee4c287c374fe498a3088c01d06161e,True,True,True,True,direct_semantic_segmenter,direct_semantic_mask,no_appearance_contradiction
test226,plastic_bag__02,root:1/visual-region:01,container_pocket,cea59b6cefb9f9a50f51b66d2f4cf57dea90b00403322c1ccc2c1bdf6d20826e,True,False,True,False,base,insufficient_structure,not_evaluated_previous_stage_failed
test226,plastic_bag__02,root:1/visual-region:03,container_zipper,dad188e87efd8a373220d3d0cfd68892614c2dab969c67daa2a2b432f50332a6,True,False,True,False,semantic_inventory_evidence_rescue,insufficient_structure,not_evaluated_previous_stage_failed
test226,plastic_bag__03,root:1/profile-refine:IDEA-Research_grounding-dino-tiny:container_handle:02,container_handle,4744512003c8b59d8958d1967e637a3693477b36da03aca15d19552dcfcaf081,True,True,True,True,direct_semantic_segmenter,direct_semantic_mask,no_appearance_contradiction
test226,plastic_bag__03,root:1/visual-region:01,container_handle,c6c2ba49affbdd30fae0367ddf403b39944741fbb72f8db1c6eb19777523917f,True,False,True,False,base,insufficient_structure,not_evaluated_previous_stage_failed
test226,plastic_bag__03,root:1/visual-region:02,container_handle,b385749ab066659f5322512b8143ca2c48c29909f0e155402235fff0f0b098fb,True,False,True,False,base,insufficient_structure,not_evaluated_previous_stage_failed
test226,plastic_bag__03,root:1/visual-region:06,container_base,2684bd546fc2918b6145b68ee374a91010a80d74c90863dc5a2488b2b3f8d1d9,True,False,True,False,semantic_inventory_evidence_rescue,insufficient_structure,not_evaluated_previous_stage_failed
test226,plastic_bag__04,root:1/profile-refine:IDEA-Research_grounding-dino-tiny:container_pocket:01,container_pocket,164be5542fef318a15bc778c0394c46045798b99fb206b904d63ca135135cc1f,True,True,True,True,direct_semantic_segmenter,direct_semantic_mask,no_appearance_contradiction
test226,plastic_bag__04,root:1/profile-refine:IDEA-Research_grounding-dino-tiny:container_strap:01,container_strap,e10360d92ca7740128f64e72b5b1eaa3b8890207af32a44f971121b105d4af6f,True,True,True,True,direct_semantic_segmenter,direct_semantic_mask,no_appearance_contradiction
test226,plastic_bag__04,root:1/visual-region:01,container_pocket,adf83d823a7427a488585b31068073f22ef05d28d7c5807a4fb84ba86cd971da,True,True,True,True,base,cross_source_structure,boundary_and_material_consistent
test226,plastic_bag__04,root:1/visual-region:11,container_handle,eb2afbf68d238966a3e379c4eccc4411769e3087fbf2f8bb37439ddf38b840aa,True,False,True,False,base,insufficient_structure,not_evaluated_previous_stage_failed
test226,plastic_bag__04,root:1/visual-region:13,container_strap,f38e33d7ebe3aae6130a5c8d3f43cb6edee0b3244ab7ad8effb83ad35dc09ba3,False,False,True,False,semantic_inventory_evidence_rescue,not_evaluated_semantic_failed,not_evaluated_previous_stage_failed
test226,plate__01,root:6/silhouette-axial:tool_prop_handle:01,tool_prop_handle,22042b23236f3bec69be503b9fa1f067a8a8abef4585b8ffa20543bd9bd08d10,False,False,False,False,inventory_and_structural_route,not_evaluated_semantic_failed,not_evaluated_previous_stage_failed
test226,plate__01,root:6/silhouette-axial:tool_prop_pan_body:01,tool_prop_pan_body,4edd96532c2fdf419224c833fc56b46078db538c754d4d231c4a9ed572a90a3d,False,False,False,False,inventory_and_structural_route,not_evaluated_semantic_failed,not_evaluated_previous_stage_failed
test226,plate__02,root:2/profile-refine:IDEA-Research_grounding-dino-tiny:tool_prop_bowl:01,tool_prop_bowl,e0942c9a3039f860de2e9c04ae53367ea58aaf0d928db8aca65dda5e95ad5b33,True,True,True,True,direct_semantic_segmenter,direct_semantic_mask,no_appearance_contradiction
test226,plate__02,root:2/structural-residual:tool_prop_pan_body:01,tool_prop_pan_body,f2b67b65a917a9ce1cdf8a69ef8fe399c1f2357b80a3f093bf468b64f7ac2d89,False,False,False,False,inventory_and_structural_route,not_evaluated_semantic_failed,not_evaluated_previous_stage_failed
test226,plate__03,root:3/visual-region:01,tool_prop_handle,d32b9680c195de3ed2346298ba3ff3824994b7c832a31ac9ee2e78442113d2f1,True,False,True,False,base,insufficient_structure,not_evaluated_previous_stage_failed
test226,plate__04,root:1/visual-region:01,container_outer_side,bb0404854851294993b383abe44032c134fcaf126f5b9ff391a97510d18e323c,True,False,True,False,base,insufficient_structure,not_evaluated_previous_stage_failed
test226,remote_control__01,root:3/profile-refine:IDEA-Research_grounding-dino-tiny:device_base:01,device_base,e15d1ea2d304215250dbac0168cb346a68617e77103a9a011abf1cc116e5ca57,True,True,True,True,direct_semantic_segmenter,direct_semantic_mask,no_appearance_contradiction
test226,remote_control__01,root:3/profile-refine:IDEA-Research_grounding-dino-tiny:device_button:01,device_button,af55f921afc91f0b3bc930124428e51d3d80c0c00bc10a8d9199e5cdf2415cd1,True,True,True,True,direct_semantic_segmenter,direct_semantic_mask,no_appearance_contradiction
test226,remote_control__01,root:3/profile-refine:IDEA-Research_grounding-dino-tiny:device_button:02,device_button,5fce81f74c9f307a19932bccdb9cef7fd6af2ac66690daa3e25114d55e6f5404,True,True,True,True,direct_semantic_segmenter,direct_semantic_mask,no_appearance_contradiction
test226,remote_control__01,root:3/profile-refine:IDEA-Research_grounding-dino-tiny:device_key:01,device_key,af55f921afc91f0b3bc930124428e51d3d80c0c00bc10a8d9199e5cdf2415cd1,True,True,True,True,direct_semantic_segmenter,direct_semantic_mask,no_appearance_contradiction
test226,remote_control__01,root:3/profile-refine:IDEA-Research_grounding-dino-tiny:device_logo:01,device_logo,af55f921afc91f0b3bc930124428e51d3d80c0c00bc10a8d9199e5cdf2415cd1,True,True,True,True,direct_semantic_segmenter,direct_semantic_mask,no_appearance_contradiction
test226,remote_control__01,root:3/visual-region:01,device_button,01e2f84d640e6dc927192ddf6a4f069b951c715e6528961e71e18b33e675a90e,False,False,True,False,within_root_repetition_consensus,not_evaluated_semantic_failed,not_evaluated_previous_stage_failed
test226,remote_control__01,root:3/visual-region:03,device_button,1781757992b55fdb4b7eae96cb185a21dce352d5b90d340d57197ce9cf2cdfbd,False,False,False,False,within_root_repetition_consensus,not_evaluated_semantic_failed,not_evaluated_previous_stage_failed
test226,remote_control__01,root:3/visual-region:04,device_button,e7912da29350f30896a595f230f011ebd2768db69a4ab64e59630c42a1b2707b,False,False,False,False,within_root_repetition_consensus,not_evaluated_semantic_failed,not_evaluated_previous_stage_failed
test226,remote_control__01,root:3/visual-region:05,device_button,f6724f7fdb29bcd7020f4fee4b253c6d0dee49e9afc2a708806034ab20c1a021,False,False,True,False,within_root_repetition_consensus,not_evaluated_semantic_failed,not_evaluated_previous_stage_failed
test226,remote_control__01,root:3/visual-region:06,device_button,4c02006f4a934859577dce7328ab3c7bf15c56c80758f798bca622d17d91382c,False,False,True,False,within_root_repetition_consensus,not_evaluated_semantic_failed,not_evaluated_previous_stage_failed
test226,remote_control__01,root:3/visual-region:07,device_button,e3336ce47430b65a11a6beec883c478bd067d6829a0a8ca04f832dc0e3edf8cc,False,False,True,False,within_root_repetition_consensus,not_evaluated_semantic_failed,not_evaluated_previous_stage_failed
test226,remote_control__01,root:3/visual-region:08,device_button,f547ac4cc9a31130884dc7f26335673a2e8378c3d8fe65049a9e6b6019becfc5,False,False,True,False,within_root_repetition_consensus,not_evaluated_semantic_failed,not_evaluated_previous_stage_failed
test226,remote_control__01,root:3/visual-region:09,device_button,c40c09e6bbd3b854ad56ae7d2af982d0da7cfb7be02cbf6c137fde56d67d8f27,False,False,False,False,within_root_repetition_consensus,not_evaluated_semantic_failed,not_evaluated_previous_stage_failed
test226,remote_control__01,root:3/visual-region:10,device_key,2829e3668799cbb291fc4bc09e9853e2ac0da6c7fdf7cb99c01c434d28d2c8ca,True,False,True,False,base,insufficient_structure,not_evaluated_previous_stage_failed
test226,remote_control__01,root:3/visual-region:11,device_button,e4f1793850c177680ccb1b28a0a9f96fc2dac5f6a9b843fb63629349f4a11d24,False,False,False,False,contextual_rescue,not_evaluated_semantic_failed,not_evaluated_previous_stage_failed
test226,remote_control__01,root:3/visual-region:12,device_button,1a3c68faa6b7acab2bf4e4a0c1e62d8a9cbca590f77b80b1c131c7beba113b56,False,False,False,False,contextual_rescue,not_evaluated_semantic_failed,not_evaluated_previous_stage_failed
test226,remote_control__01,root:3/visual-region:13,device_button,375c3f573e31d1896bb4f3becacdb641ee20cc65063d941f8aa591431c629fe7,False,False,True,False,contextual_rescue,not_evaluated_semantic_failed,not_evaluated_previous_stage_failed
test226,remote_control__01,root:3/visual-region:15,device_button,c088893756792c3d4e31608fc3d42af58379ac5fc1d32f5614a1c1e54b085f9b,False,False,True,False,within_root_repetition_consensus,not_evaluated_semantic_failed,not_evaluated_previous_stage_failed
test226,remote_control__01,root:3/visual-region:16,device_button,74c776bd39784d9f7f998df0f23d56ec6c164507e72476dc19b9ac6e6399e451,False,True,False,False,contextual_rescue,not_evaluated_semantic_failed,not_evaluated_previous_stage_failed
test226,remote_control__01,root:3/visual-region:17,device_button,b6cd670f9e63b367a74587973431595695cf14cb5d3c8e8ae1ef9691d548391b,False,False,False,False,contextual_rescue,not_evaluated_semantic_failed,not_evaluated_previous_stage_failed
test226,remote_control__01,root:3/visual-region:18,device_button,45463511ecd0d1f2bde3bf6b37d539f74a10b82f53021b533728915f02727a0e,False,False,True,False,contextual_rescue,not_evaluated_semantic_failed,not_evaluated_previous_stage_failed
test226,remote_control__01,root:3/visual-region:19,device_button,394c5684dfa608c9091ee3523934b4a910750d7e2001e42e670d07ace1c35355,False,True,True,False,contextual_rescue,not_evaluated_semantic_failed,not_evaluated_previous_stage_failed
test226,remote_control__01,root:3/visual-region:20,device_button,438c313a631d7471bb400ca6fda8f89f987aa2d0aaec8e150aa5a0a0106ef46f,False,True,True,False,contextual_rescue,not_evaluated_semantic_failed,not_evaluated_previous_stage_failed
test226,remote_control__01,root:3/visual-region:21,device_button,3668e37acee58fb5285bbb97332e96d58e03918182820c15a1fc17eb0e4dbd76,False,False,True,False,contextual_rescue,not_evaluated_semantic_failed,not_evaluated_previous_stage_failed
test226,remote_control__01,root:3/visual-region:22,device_button,0c7a042425aff91f488e679b73570bee1ceb6766fb9a45995c702a863487f88a,False,False,True,False,within_root_repetition_consensus,not_evaluated_semantic_failed,not_evaluated_previous_stage_failed
test226,remote_control__01,root:3:repeated-detail:01,device_button,b7981c5acfc1a3ecc85c49326a042292588e557a71470a075baa5423ec456139,True,False,True,False,resolved_inventory_candidate,insufficient_structure,not_evaluated_previous_stage_failed
test226,remote_control__01,root:3:repeated-detail:02,device_button,295b861079097c5fdb478301658ffae9c769810774a2689c65f258ab7592fdb9,True,False,True,False,resolved_inventory_candidate,insufficient_structure,not_evaluated_previous_stage_failed
test226,remote_control__01,root:3:repeated-detail:04,device_button,621a83d7ef31ca046dedaa4503fbc3d7fadf5e30a6e6e37064891d8fdf1b6b4f,True,False,True,False,resolved_inventory_candidate,insufficient_structure,not_evaluated_previous_stage_failed
test226,remote_control__01,root:3:repeated-detail:05,device_button,68dfe10a1a9ce551013b488ac9683303ecb8a8bea637512a69f404ab5e59facc,True,False,True,False,resolved_inventory_candidate,insufficient_structure,not_evaluated_previous_stage_failed
test226,remote_control__01,root:3:repeated-detail:07,device_button,8dffb8338c70e107a74f7cfa2fe3821e729038288128108cc2b544c1656d7dc2,True,False,True,False,resolved_inventory_candidate,insufficient_structure,not_evaluated_previous_stage_failed
test226,remote_control__01,root:3:repeated-detail:09,device_button,7ff6eb2b9b9512eccdd148a4595028d7a6e49fd9b7b562ab19e1801e5740283c,True,False,True,False,resolved_inventory_candidate,insufficient_structure,not_evaluated_previous_stage_failed
test226,remote_control__01,root:3:repeated-detail:10,device_button,16a561f78f44f3cfe11050cf5c3a37fc25b7b427a12517254188c0ba7684ba79,True,False,True,False,resolved_inventory_candidate,insufficient_structure,not_evaluated_previous_stage_failed
test226,remote_control__01,root:3:repeated-detail:11,device_button,1e7521d81cd132698c5fd9c8bd06dac458227bc838d7d74bb9df2d0e8f1b7078,True,False,True,False,resolved_inventory_candidate,insufficient_structure,not_evaluated_previous_stage_failed
test226,remote_control__01,root:3:repeated-detail:13,device_button,d984eeb27cadb51ab011cc767f4970ce15e752b4aec15caa266c41beb2688cfe,True,False,True,False,resolved_inventory_candidate,insufficient_structure,not_evaluated_previous_stage_failed
test226,remote_control__01,root:3:repeated-detail:14,device_button,5dab267aaf6a764fb76b7c1c6c4fbb00a3b1860ccf1a43dd7528d725c10c4de4,True,False,True,False,resolved_inventory_candidate,insufficient_structure,not_evaluated_previous_stage_failed
test226,remote_control__01,root:3:repeated-detail:15,device_button,55b07e57fe64f7a906ba302938931507155e10f2cef937cd43b50205cc39de5c,True,False,True,False,resolved_inventory_candidate,insufficient_structure,not_evaluated_previous_stage_failed
test226,remote_control__01,root:3:repeated-detail:16,device_button,a8cc3005e3a30e850874fe59a2563868b7053e536ba5b3f4376c1737fdb151e1,True,False,True,False,resolved_inventory_candidate,insufficient_structure,not_evaluated_previous_stage_failed
test226,remote_control__01,root:3:repeated-detail:17,device_button,fa3e5e18276ef2c37ce4a461e9ae5ef2982053658f6813f2c9946e507df51945,True,False,True,False,resolved_inventory_candidate,insufficient_structure,not_evaluated_previous_stage_failed
test226,remote_control__01,root:3:repeated-detail:18,device_button,3ade0bef85eda0fe98da4346f25ff67346566f8be0f07b1238ce88ab1768c01a,True,False,True,False,resolved_inventory_candidate,insufficient_structure,not_evaluated_previous_stage_failed
test226,remote_control__01,root:3:repeated-detail:20,device_button,a0cc3e5a08d8fa5922b61316bcfbf76663b63e90e385bcbc0d2560f3024585fc,True,False,True,False,resolved_inventory_candidate,insufficient_structure,not_evaluated_previous_stage_failed
test226,remote_control__01,root:3:repeated-detail:21,device_button,1fed9106f516f6582f43716c8a377e9c321cea7e01a9c5d52075233c63ed69f2,True,False,True,False,resolved_inventory_candidate,insufficient_structure,not_evaluated_previous_stage_failed
test226,remote_control__01,root:3:repeated-detail:22,device_button,be7e9bd2825fae3cd1b7654590012890cdd368248d2d49e2b3632d5db36949db,True,False,True,False,resolved_inventory_candidate,insufficient_structure,not_evaluated_previous_stage_failed
test226,remote_control__01,root:3:repeated-detail:23,device_button,d87b5deefb91fee3788756fa55e4d87e71b28db82d22fd97145835fbd6a2abfe,True,False,True,False,resolved_inventory_candidate,insufficient_structure,not_evaluated_previous_stage_failed
test226,remote_control__01,root:3:repeated-detail:24,device_button,aa31948786ad9d70c6ef1dd9b00d6228cdadecf7f1c210729b7e81942027b21d,True,False,True,False,resolved_inventory_candidate,insufficient_structure,not_evaluated_previous_stage_failed
test226,remote_control__01,root:3:repeated-detail:25,device_button,20d32d395eb8dd6c8acc0a3f136127eb9ceb775db49868f609d276a913828af4,True,False,True,False,resolved_inventory_candidate,insufficient_structure,not_evaluated_previous_stage_failed
test226,remote_control__01,root:3:repeated-detail:26,device_button,ada2ccf6b808d23ec9face284e159786cc006eff33ba3f09ac62f467f94f08d6,True,False,True,False,resolved_inventory_candidate,insufficient_structure,not_evaluated_previous_stage_failed
test226,remote_control__01,root:3:repeated-detail:27,device_button,6c57cfbf04e2d4f9c0a4f3ea94ab312b05d94f0a51ee587b99b4412d34052d7b,True,False,True,False,resolved_inventory_candidate,insufficient_structure,not_evaluated_previous_stage_failed
test226,remote_control__01,root:3:repeated-detail:28,device_button,3315c5486307f082c8dac243f9c75cd7d624dbdba52bfe902b3621d23a066d45,True,False,True,False,resolved_inventory_candidate,insufficient_structure,not_evaluated_previous_stage_failed
test226,remote_control__02,root:1/profile-dense:device_keyboard:01,device_keyboard,16be8ab4fb8fe6eda62ecf26b6235ad6f235ed6306a3b27b49c990e50a7724eb,True,False,True,False,resolved_inventory_candidate,insufficient_structure,not_evaluated_previous_stage_failed
test226,remote_control__02,root:1/profile-refine:IDEA-Research_grounding-dino-tiny:device_button:01,device_button,9f266e09a6518c8976308c21d0211276a4df4f68a2f2dd2418411423576315fd,True,True,True,True,direct_semantic_segmenter,direct_semantic_mask,no_appearance_contradiction
test226,remote_control__02,root:1/profile-refine:IDEA-Research_grounding-dino-tiny:device_key:01,device_key,b47391db0921ecf9b62dbd21ee2ba06222df3b24e010a9580eda37caeb3648f6,True,True,True,True,direct_semantic_segmenter,direct_semantic_mask,no_appearance_contradiction
test226,remote_control__02,root:1/profile-refine:IDEA-Research_grounding-dino-tiny:device_logo:01,device_logo,7f370e124955d40cf774b7ea376f415b08d8b8edab350d8bf83bc0065cf16201,True,True,True,True,direct_semantic_segmenter,direct_semantic_mask,no_appearance_contradiction
test226,remote_control__02,root:1/visual-region:02,device_button,689d8295e202d571bc66445686997b710893271c5bcc82478f4ce587f0cbdebf,False,False,True,False,within_root_repetition_consensus,not_evaluated_semantic_failed,not_evaluated_previous_stage_failed
test226,remote_control__02,root:1/visual-region:03,device_button,879982ac262adeb4e0c492201a9f18548986f45fda392ac55eb5a64ea7635f62,False,True,True,False,within_root_repetition_consensus,not_evaluated_semantic_failed,not_evaluated_previous_stage_failed
test226,remote_control__02,root:1/visual-region:05,device_button,363d7fa942fcc531445c1553c6593bbbb0f2200768a26b2b97674d0aa273d0d8,True,False,True,False,base,insufficient_structure,not_evaluated_previous_stage_failed
test226,remote_control__02,root:1/visual-region:06,device_button,9ace48bfee63001093ab2b945deec8216ef48580949d499a0b6cb67fd092ba63,False,False,True,False,contextual_rescue,not_evaluated_semantic_failed,not_evaluated_previous_stage_failed
test226,remote_control__02,root:1/visual-region:07,device_button,df0159b5644cf9027ff2454bdb4b1b5ea023525a4c8cfb796712016eb3d1ffae,False,False,True,False,within_root_repetition_consensus,not_evaluated_semantic_failed,not_evaluated_previous_stage_failed
test226,remote_control__02,root:1/visual-region:08,device_button,c12253dd3b7b181a5b655cd99172d528c771b727eaf9c8de0077c3d59976a191,False,False,True,False,contextual_rescue,not_evaluated_semantic_failed,not_evaluated_previous_stage_failed
test226,remote_control__02,root:1/visual-region:09,device_button,1e13064f377c7f7757d8b9c8d134efe1e28ceac41594cb684fa0e48624bae6dc,False,False,True,False,contextual_rescue,not_evaluated_semantic_failed,not_evaluated_previous_stage_failed
test226,remote_control__02,root:1/visual-region:10,device_button,c4ad4938d78bc7375d30ad22ceb689367c7001c2e489e74f148b5cd640d8d97b,False,False,True,False,within_root_repetition_consensus,not_evaluated_semantic_failed,not_evaluated_previous_stage_failed
test226,remote_control__02,root:1/visual-region:13,device_button,13a8575740e0e496be750c22554f93f7b8ba9a5cd43344ecb617bddb94fc3dcc,True,False,True,False,base,insufficient_structure,not_evaluated_previous_stage_failed
test226,remote_control__02,root:1/visual-region:17,device_button,38705b4d40ade73c30f103d409bc066c6cd246f907dcfa3e002d4cc7b50e652a,False,False,True,False,within_root_repetition_consensus,not_evaluated_semantic_failed,not_evaluated_previous_stage_failed
test226,remote_control__02,root:1/visual-region:18,device_button,77bd1607c5476701edef75222e044b12bc18883eb927ecec41e33763d39594e8,True,False,True,False,semantic_inventory_evidence_rescue,insufficient_structure,not_evaluated_previous_stage_failed
test226,remote_control__02,root:1/visual-region:19,device_button,2f1d789a9fc620cc3fd39317599dcc2483a24bcbca02c736234a32fd5fa4033e,False,False,True,False,contextual_rescue,not_evaluated_semantic_failed,not_evaluated_previous_stage_failed
test226,remote_control__02,root:1/visual-region:20,device_button,4a8d0f2d4861fa22f313d6ab6a631c3e7ec967a703cdf172600b72b70f6e617a,False,False,True,False,within_root_repetition_consensus,not_evaluated_semantic_failed,not_evaluated_previous_stage_failed
test226,remote_control__02,root:1/visual-region:21,device_button,b1eaa739f67dcd8ff9a2a308969d57e9ea53cc1a7219b0a39c402ad83a65b238,False,False,True,False,contextual_rescue,not_evaluated_semantic_failed,not_evaluated_previous_stage_failed
test226,remote_control__02,root:1/visual-region:22,device_button,c1dda9ee058931766b56865adf0cb7576744eeb4319f5f43e21f866470a17200,False,False,True,False,within_root_repetition_consensus,not_evaluated_semantic_failed,not_evaluated_previous_stage_failed
test226,remote_control__02,root:1/visual-region:23,device_button,f838674f2c7409ed10ffa5729dcba2d4d4d2362379a3d52f844abe494cdc714c,False,False,True,False,contextual_rescue,not_evaluated_semantic_failed,not_evaluated_previous_stage_failed
test226,remote_control__02,root:1/visual-region:24,device_button,f6d689697be5ff8ce00972f3a16c816fd76c5e41d841c1f34e55237965e277fd,True,True,True,True,base,cross_source_structure,boundary_and_material_consistent
test226,remote_control__02,root:1/visual-region:25,device_button,b5dfb1d2e81466185c06c0eef565e91b48bd077aaf718a8e7f936356d54c720a,False,False,True,False,within_root_repetition_consensus,not_evaluated_semantic_failed,not_evaluated_previous_stage_failed
test226,remote_control__02,root:1:repeated-detail:01,device_button,d814fddbd6de2aea2aaad1dfb2b284659da0328808a90d375fe4574fe5df4ba9,True,False,True,False,resolved_inventory_candidate,insufficient_structure,not_evaluated_previous_stage_failed
test226,remote_control__02,root:1:repeated-detail:02,device_button,3d8138b5a4a52714a9b892d70c14a1826e9c3868ec62592d0161d86d4637fe57,True,False,True,False,resolved_inventory_candidate,insufficient_structure,not_evaluated_previous_stage_failed
test226,remote_control__02,root:1:repeated-detail:03,device_button,f6083ce86a4c9a142c48682f8b558121697d0af9cc13c47a1065a83376cb1362,True,False,True,False,resolved_inventory_candidate,insufficient_structure,not_evaluated_previous_stage_failed
test226,remote_control__02,root:1:repeated-detail:04,device_button,1f36442e747ab8fb938c613041259b3fa0eafb917e0016040e64d661742db6a7,True,False,True,False,resolved_inventory_candidate,insufficient_structure,not_evaluated_previous_stage_failed
test226,remote_control__02,root:1:repeated-detail:05,device_button,0b1de6730497fccd40da0c0540cbda532aff15d0095f0bc1296c0ad370a643e8,True,False,True,False,resolved_inventory_candidate,insufficient_structure,not_evaluated_previous_stage_failed
test226,remote_control__02,root:1:repeated-detail:07,device_button,01a2a4606e219c43e9d5521bf12d520cd20e1805187b1a8c0a733ee6879f5cef,True,False,True,False,resolved_inventory_candidate,insufficient_structure,not_evaluated_previous_stage_failed
test226,remote_control__02,root:1:repeated-detail:08,device_button,21a86a1f0acd057a129196bf3b9c679981d2dd4f6b655908bb031cf1199fc415,True,False,True,False,resolved_inventory_candidate,insufficient_structure,not_evaluated_previous_stage_failed
test226,remote_control__03,root:1/visual-region:01,device_button,9c7ec5d1c3642aadc36fa9f1529413f053a5837a34a4d490db873d6dbaa00073,False,False,True,False,contextual_rescue,not_evaluated_semantic_failed,not_evaluated_previous_stage_failed
test226,remote_control__03,root:1/visual-region:04,device_button,ba72c3cc173ddbb882294eccd121ca46e821e308d2928d4b3434d22f132a8411,False,False,True,False,within_root_repetition_consensus,not_evaluated_semantic_failed,not_evaluated_previous_stage_failed
test226,remote_control__03,root:1/visual-region:06,device_button,1b68a4e504c3731cae588acd4a5dd4a20683b963d306559a67b6290ed38d4e80,False,True,True,False,contextual_rescue,not_evaluated_semantic_failed,not_evaluated_previous_stage_failed
test226,remote_control__03,root:1/visual-region:07,device_button,c23eb49e3f5ec2519a590bdb6aa09ee835b8bf5af3d2fa605e457030414d0929,False,True,True,False,contextual_rescue,not_evaluated_semantic_failed,not_evaluated_previous_stage_failed
test226,remote_control__03,root:1/visual-region:09,device_button,9e8b378e229c200aa1b554bc0c7947d1b86456e2d7ce6d97f0cd8e78bb719085,False,False,True,False,contextual_rescue,not_evaluated_semantic_failed,not_evaluated_previous_stage_failed
test226,remote_control__03,root:1/visual-region:10,device_button,24bae53ef96082d28e2c3dc330e6c3bf044e091311225766d847316e6923c524,False,False,False,False,contextual_rescue,not_evaluated_semantic_failed,not_evaluated_previous_stage_failed
test226,remote_control__03,root:1/visual-region:12,device_button,ca4b4e12b31c4c05760864b584821b09cb0128255a92c2cbec01e48208e158d0,False,False,True,False,contextual_rescue,not_evaluated_semantic_failed,not_evaluated_previous_stage_failed
test226,remote_control__03,root:1/visual-region:13,device_button,0772a0ba1630bf654193b5263a753240e32fe61f8473a63886744488d7277962,True,False,True,False,base,insufficient_structure,not_evaluated_previous_stage_failed
test226,remote_control__03,root:1:repeated-detail:01,device_button,ff7d8b8fadab8e7006660b7a8007fa95a57ec8190d99342db3f9c7c1d9825caa,True,False,True,False,resolved_inventory_candidate,insufficient_structure,not_evaluated_previous_stage_failed
test226,remote_control__03,root:1:repeated-detail:02,device_button,5d2d0a63750bab52a8995ecce8cac70394ac1809474ae584bad49943d0e374bd,True,False,True,False,resolved_inventory_candidate,insufficient_structure,not_evaluated_previous_stage_failed
test226,remote_control__03,root:1:repeated-detail:03,device_button,caf1ba92cc76e698b044470c71ff8bcfe1dafcd1234dbf685416e98618ef3e50,True,False,True,False,resolved_inventory_candidate,insufficient_structure,not_evaluated_previous_stage_failed
test226,remote_control__03,root:1:repeated-detail:04,device_button,eb2314a0054258a984049ba895355855ac7d19f965998a7eff4462c2fe62c965,True,False,True,False,resolved_inventory_candidate,insufficient_structure,not_evaluated_previous_stage_failed
test226,remote_control__03,root:1:repeated-detail:05,device_button,2b2e0588f5dc853d3874309bf3569cf13cf4070d8fa6c7abbaef4f5d7a031aaa,True,False,True,False,resolved_inventory_candidate,insufficient_structure,not_evaluated_previous_stage_failed
test226,remote_control__03,root:1:repeated-detail:06,device_button,100b5f0f227f44538edf4b921ddcf8650ea73df1c6e1a01cf481b367d90556bf,True,False,True,False,resolved_inventory_candidate,insufficient_structure,not_evaluated_previous_stage_failed
test226,remote_control__03,root:1:repeated-detail:07,device_button,52f758fa314a0af940ad97525a26d4bc7dd3ee76331765731899a7b8c9e40efc,True,False,True,False,resolved_inventory_candidate,insufficient_structure,not_evaluated_previous_stage_failed
test226,remote_control__03,root:1:repeated-detail:08,device_button,d8803f2580a89affb6d28c35111c807c6b845102aac630491b0a47bdbc8fad86,True,False,True,False,resolved_inventory_candidate,insufficient_structure,not_evaluated_previous_stage_failed
test226,remote_control__04,root:1/profile-refine:IDEA-Research_grounding-dino-tiny:device_cable:01,device_cable,b8c9f4204bcff79e4f29640b158dec87eb549b23323decb8d773a8b9831d5c2f,True,True,True,True,direct_semantic_segmenter,direct_semantic_mask,no_appearance_contradiction
test226,remote_control__04,root:1/profile-refine:IDEA-Research_grounding-dino-tiny:device_key:04,device_key,d5e481640295a1f43d2f816bc07864959d2832184d7bf1d153f6ae5d115079c3,True,True,True,True,direct_semantic_segmenter,direct_semantic_mask,no_appearance_contradiction
test226,remote_control__04,root:1/profile-refine:IDEA-Research_grounding-dino-tiny:device_key:05,device_key,ee336c66fab65704d8945a7fff0c17d675b822fc0e55f17bcc362b8b34487068,True,True,True,True,direct_semantic_segmenter,direct_semantic_mask,no_appearance_contradiction
test226,remote_control__04,root:1/profile-refine:IDEA-Research_grounding-dino-tiny:device_key:06,device_key,059317883720f0f260f4baf6c064b1166690e38180135748607ce04f3ae6c74a,True,True,True,True,direct_semantic_segmenter,direct_semantic_mask,no_appearance_contradiction
test226,remote_control__04,root:1/profile-refine:IDEA-Research_grounding-dino-tiny:device_keyboard:01,device_keyboard,82e1f087f4e047809d04583645fb79e5258a5d0d790aec6bda9cf38e53afe451,True,True,True,True,direct_semantic_segmenter,direct_semantic_mask,no_appearance_contradiction
test226,scarf__01,root:1/profile-refine:IDEA-Research_grounding-dino-tiny:device_button:02,device_button,7021e061ecc7c67c7dc778bea2e7b678d746a2214533fc02f15b6ab42157ba76,True,True,True,True,direct_semantic_segmenter,direct_semantic_mask,no_appearance_contradiction
test226,scarf__01,root:1/profile-refine:IDEA-Research_grounding-dino-tiny:device_microphone:01,device_microphone,7021e061ecc7c67c7dc778bea2e7b678d746a2214533fc02f15b6ab42157ba76,True,True,True,True,direct_semantic_segmenter,direct_semantic_mask,no_appearance_contradiction
test226,scarf__01,root:1/visual-region:01,device_camera,b052d5b6988c6bdac69cd532e71075f168e8f818402fa679d61d37c52438d7cb,True,False,True,False,semantic_inventory_evidence_rescue,insufficient_structure,not_evaluated_previous_stage_failed
test226,scarf__01,root:1/visual-region:03,device_screen,f4867721b8076709b96ec68c266eeac7fb7d9352417e7288c083d8243ba9837d,True,False,False,False,base,insufficient_structure,not_evaluated_previous_stage_failed
test226,scarf__02,root:1/contour-visual-region:01,character_leg,0cb393d1ae5a0bf683fa5b0f342a34c2f385d3c31d39475ea46bf918e256364f,True,True,False,False,base,boundary_aligned_region,appearance_only_or_shading_like
test226,scarf__02,root:1/contour-visual-region:02,character_torso,05c27f9c5a0c2e60aa34987943ff29ca01069d0e724881dc57ec1bafdc7ec53e,True,True,True,True,semantic_inventory_evidence_rescue,boundary_aligned_region,boundary_and_material_consistent
test226,scarf__02,root:1/contour-visual-region:04,character_shoe,c8b08e29f08ed1dc8e3f4152e28d65f503fa098deedbb4e22aa5964f54a21106,True,True,True,True,base,boundary_aligned_region,boundary_and_material_consistent
test226,scarf__02,root:1/profile-refine:IDEA-Research_grounding-dino-tiny:character_hair:01,character_hair,1117024faa6b1220e284c587bbfa69a6a87a221abceb504ca541b998767ec5e4,True,True,True,True,direct_semantic_segmenter,direct_semantic_mask,no_appearance_contradiction
test226,scarf__02,root:1/profile-refine:IDEA-Research_grounding-dino-tiny:character_sleeve:02,character_sleeve,7da0a24638762234e7ed7c602f19cbec8209850be8c5c7ae36a1eea4e3ac1801,True,True,True,True,direct_semantic_segmenter,direct_semantic_mask,no_appearance_contradiction
test226,scarf__02,root:1/visual-region:03,character_leg,9f1b7b2bd9bc26c597b5a817462289a18c8f5b11471fef9e1d181fce218090ca,True,True,True,True,semantic_inventory_evidence_rescue,cross_source_structure,boundary_and_material_consistent
test226,scarf__02,root:1/visual-region:05,character_shoe,fd71bf0fc0d2a30a192e0028f170df6608805bd1767728763419e4774ed0ef56,True,False,True,False,semantic_inventory_evidence_rescue,insufficient_structure,not_evaluated_previous_stage_failed
test226,scarf__03,root:2/contour-visual-region:01,character_shoe,8fd753110257ead7218d017c749954f99337cb25a604db91b1bc22cb90f954e8,True,True,True,True,base,boundary_aligned_region,boundary_and_material_consistent
test226,scarf__03,root:2/contour-visual-region:08,character_sleeve,fee5c7c074172aee301b068f5f2929daeb352d306359200097ebef0cfa304efe,True,True,False,False,base,boundary_aligned_region,appearance_only_or_shading_like
test226,scarf__03,root:2/contour-visual-region:09,character_leg,9248cdc929dbd2bd3571cc2380349d7db17f57e8cac9d1acb22cde49d5444b62,True,True,True,True,semantic_inventory_evidence_rescue,boundary_aligned_region,boundary_and_material_consistent
test226,scarf__03,root:2/contour-visual-region:10,character_torso,451ac2f138c02afae0ad8d73d7d4e9f294fecedea22cf460ce027470c1f46c0e,True,True,True,True,semantic_inventory_evidence_rescue,boundary_aligned_region,boundary_and_material_consistent
test226,scarf__03,root:2/profile-refine:IDEA-Research_grounding-dino-tiny:character_hair:01,character_hair,cc38f4b174921a1242d232d0e3d1fe11948d0180dfa0fc4d37bb9bee93458e4b,True,True,True,True,direct_semantic_segmenter,direct_semantic_mask,no_appearance_contradiction
test226,scarf__03,root:2/profile-refine:IDEA-Research_grounding-dino-tiny:character_hand:01,character_hand,c6c647a9ff3ee796a2fddd5a758b90825fc7931f60eb6bbc50dd0244eeccb3db,True,True,True,True,direct_semantic_segmenter,direct_semantic_mask,no_appearance_contradiction
test226,scarf__03,root:2/profile-refine:IDEA-Research_grounding-dino-tiny:character_hand:02,character_hand,083439b505c318a42888136a9f2478cd78a7c01b8ab9bcd45adee3a532fcb6ca,True,True,True,True,direct_semantic_segmenter,direct_semantic_mask,no_appearance_contradiction
test226,scarf__03,root:2/profile-refine:IDEA-Research_grounding-dino-tiny:character_head:01,character_head,2b2bdc45bbb8b0051ad8a19ed2c66fc53f8c17525a7533b2ebced54617550018,True,True,True,True,direct_semantic_segmenter,direct_semantic_mask,no_appearance_contradiction
test226,scarf__03,root:2/profile-refine:IDEA-Research_grounding-dino-tiny:character_sleeve:01,character_sleeve,745307f9ca5a1985f1d0acb653531e6918c11cc74d3e57493bbe26d60aa24796,True,True,True,True,direct_semantic_segmenter,direct_semantic_mask,no_appearance_contradiction
test226,scarf__03,root:2/profile-refine:IDEA-Research_grounding-dino-tiny:character_upper_clothing:02,character_upper_clothing,170e932d5beb201a43086d3bf5906083a1c04f33bbf91bc720448d1e710c3395,True,True,True,True,direct_semantic_segmenter,direct_semantic_mask,no_appearance_contradiction
test226,scarf__03,root:2/profile-refine:IDEA-Research_grounding-dino-tiny:character_upper_clothing:03,character_upper_clothing,09c182ec7a400d1b2416d96bba931e9bd56b6cdba8b47ca2d78a18c75e643d9c,True,True,True,True,direct_semantic_segmenter,direct_semantic_mask,no_appearance_contradiction
test226,scarf__03,root:2/visual-region:03,character_accessory,1fb5dafd2bb5a8c2161d1d3fb6daf1288121e38ebe4dc741224b8785cd41410d,True,False,True,False,semantic_inventory_evidence_rescue,insufficient_structure,not_evaluated_previous_stage_failed
test226,scarf__03,root:2/visual-region:11,character_accessory,6c119898181356c7df02a9dc5202eff1f121bf74ce98436344dc78664be17a85,True,False,True,False,base,insufficient_structure,not_evaluated_previous_stage_failed
test226,scissors__01,root:1/profile-refine:IDEA-Research_grounding-dino-tiny:tool_prop_blade:02,tool_prop_blade,74dc24b6d239b4b78301ba3c51c1a43e894b79646bf2573f7d90d543c9b425c0,True,True,True,True,direct_semantic_segmenter,direct_semantic_mask,no_appearance_contradiction
test226,scissors__01,root:1/profile-refine:IDEA-Research_grounding-dino-tiny:tool_prop_finger_hole:03,tool_prop_finger_hole,3b7019e47aaa2e8f6caedafacd9b7db0d3f9545413f804a6e5c1f318d06a022e,True,True,True,True,direct_semantic_segmenter,direct_semantic_mask,no_appearance_contradiction
test226,scissors__01,root:1/visual-region:01,tool_prop_blade,a314c664885da34b5794acc7906f6ad3c011e91ffb6bf7ced37fd59937b04b00,True,True,True,True,base,cross_source_structure,boundary_and_material_consistent
test226,scissors__01,root:1/visual-region:08,tool_prop_handle,924db7c6d4f58a84f273b9f7bcded5f9c46cfad75819b0ff6e0688aef2039e95,False,True,True,False,semantic_inventory_evidence_rescue,not_evaluated_semantic_failed,not_evaluated_previous_stage_failed
test226,scissors__02,root:1/profile-refine:IDEA-Research_grounding-dino-tiny:tool_prop_blade:01,tool_prop_blade,61876db5d7fa4d8715752915aef872ac6dd65bb75a0cd0cb347ce3c7ef911524,True,True,True,True,direct_semantic_segmenter,direct_semantic_mask,no_appearance_contradiction
test226,scissors__02,root:1/profile-refine:IDEA-Research_grounding-dino-tiny:tool_prop_handle:01,tool_prop_handle,9de991cdf219cd6aa63efacf6b3b0732991e5bd028f76f4b62950a55c2d31bc8,True,True,True,True,direct_semantic_segmenter,direct_semantic_mask,no_appearance_contradiction
test226,scissors__02,root:1/profile-refine:IDEA-Research_grounding-dino-tiny:tool_prop_handle:02,tool_prop_handle,6e99df7fd3b879592a23526be5bc11de703c7361378425ee8a9db41b9be3117d,True,True,True,True,direct_semantic_segmenter,direct_semantic_mask,no_appearance_contradiction
test226,scissors__03,root:1/profile-refine:IDEA-Research_grounding-dino-tiny:tool_prop_blade:01,tool_prop_blade,c2b4b35cc2ce1f575d4431cb37292b6c9e6f21e66b9a8cd0dae230a14bc3c1f9,True,True,True,True,direct_semantic_segmenter,direct_semantic_mask,no_appearance_contradiction
test226,scissors__03,root:1/profile-refine:IDEA-Research_grounding-dino-tiny:tool_prop_blade:02,tool_prop_blade,b77601ec5f6756124bb0bde1b8c2a8924c7f4984dc49dba580fb88d2bb66740a,True,True,True,True,direct_semantic_segmenter,direct_semantic_mask,no_appearance_contradiction
test226,scissors__03,root:1/profile-refine:IDEA-Research_grounding-dino-tiny:tool_prop_handle:01,tool_prop_handle,4acc498bf4dd8364eb3f7374ec2000eb658becb8c0d76c09586da7bb1c805247,True,True,True,True,direct_semantic_segmenter,direct_semantic_mask,no_appearance_contradiction
test226,scissors__03,root:1/profile-refine:IDEA-Research_grounding-dino-tiny:tool_prop_pivot:01,tool_prop_pivot,cef5b9b74c035d1ec1ee6ec61c902c9097a3f55762220a125032274033d5bf50,True,True,True,True,direct_semantic_segmenter,direct_semantic_mask,no_appearance_contradiction
test226,scissors__03,root:1/profile-refine:IDEA-Research_grounding-dino-tiny:tool_prop_pivot:02,tool_prop_pivot,72598d7f60475d6c4064a6a2ec98af5a889aced179feade9454606b5a88b762f,True,True,True,True,direct_semantic_segmenter,direct_semantic_mask,no_appearance_contradiction
test226,scissors__04,root:1/profile-refine:IDEA-Research_grounding-dino-tiny:tool_prop_blade:01,tool_prop_blade,f6fc149e6f1ae318f8ed820565cb606582875a987d041db86aeba7c461cdd92d,True,True,True,True,direct_semantic_segmenter,direct_semantic_mask,no_appearance_contradiction
test226,scissors__04,root:1/profile-refine:IDEA-Research_grounding-dino-tiny:tool_prop_blade:02,tool_prop_blade,d7aa37b5283a0ba180449efe33ab58202fe702e5a7ee428cd32a6f60e24363e0,True,True,True,True,direct_semantic_segmenter,direct_semantic_mask,no_appearance_contradiction
test226,scissors__04,root:1/profile-refine:IDEA-Research_grounding-dino-tiny:tool_prop_handle:01,tool_prop_handle,6736ae5d570df3cee2c0d32702761fe6d0829dd2a9b8fb87f4c8ed271bb64c43,True,True,True,True,direct_semantic_segmenter,direct_semantic_mask,no_appearance_contradiction
test226,scissors__04,root:1/visual-region:02,tool_prop_handle,4699794a72a6dcdef7ace90ae89217a49f7e41dc9d398b0669e00a2d6852bf71,False,False,True,False,inventory_and_structural_route,not_evaluated_semantic_failed,not_evaluated_previous_stage_failed
test226,scissors__04,root:1/visual-region:09,tool_prop_finger_hole,4becd655b62f50197d137b92f552e08449a0fb3fca6f9ac643e41a1994afd4c0,True,False,True,False,base,insufficient_structure,not_evaluated_previous_stage_failed
test226,scissors__04,root:1/visual-region:14,tool_prop_finger_hole,39e868a99a9a16c63da22b64b53f0b6e53b9babbb44f0ad5242e74e82ec1645d,True,False,True,False,base,insufficient_structure,not_evaluated_previous_stage_failed
test226,shoe__01,root:1/profile-refine:IDEA-Research_grounding-dino-tiny:daily_object_toe:01,daily_object_toe,a4a8f83496d754700c09a2f6aa7d2103a818fc194a5acf2a944bd8b86f77e709,True,True,True,True,direct_semantic_segmenter,direct_semantic_mask,no_appearance_contradiction
test226,shoe__02,root:7/contour-visual-region:02,character_leg,6435091fe2d2d55d1045fe90b4ee1f81bfd1e7f1c58528595bfb37ac82db703d,True,True,True,True,semantic_inventory_evidence_rescue,boundary_aligned_region,boundary_and_material_consistent
test226,shoe__02,root:7/contour-visual-region:06,character_head,c25efc028ad44dfd0bdf8b13ab6155a5e9a2d6761a98394395c47aca673ab93e,False,True,True,False,semantic_inventory_evidence_rescue,not_evaluated_semantic_failed,not_evaluated_previous_stage_failed
test226,shoe__02,root:7/contour-visual-region:07,character_shoe,05c01cfabb1b67c90e6c1a8b8155a08d3b9a9f0115b03b6ffe5a9ab319a38ac4,True,True,True,True,base,boundary_aligned_region,boundary_and_material_consistent
test226,shoe__02,root:7/contour-visual-region:09,character_shoe,81566e986ed5a379d48999921112a5e023cb381034b043cbc8d5595f549a396c,True,True,True,True,base,boundary_aligned_region,boundary_and_material_consistent
test226,shoe__02,root:7/visual-region:03,character_leg,980b9d9fc015db67416dc9c6cb63f3029126409b7f06162dcad3434396d91632,True,True,True,True,semantic_inventory_evidence_rescue,cross_source_structure,boundary_and_material_consistent
test226,shoe__04,root:1/profile-refine:IDEA-Research_grounding-dino-tiny:daily_object_sole:01,daily_object_sole,941ba7b6df60067e8182a73fad6c151e89200cb716ff8ab53a952f47f8524d18,True,True,True,True,direct_semantic_segmenter,direct_semantic_mask,no_appearance_contradiction
test226,shoe__04,root:1/visual-region:05,daily_object_toe,a6d92d53ef8d65d51a4ac69612d6e39af61627691539cfa1280879c0a857907d,True,False,True,False,base,insufficient_structure,not_evaluated_previous_stage_failed
test226,soap__01,root:14/profile-refine:IDEA-Research_grounding-dino-tiny:daily_object_label:01,daily_object_label,ddbc0d01296eceef81dd3e90f09b7b8bff421fab414f10e16c3d742e6ff30a27,True,True,True,True,direct_semantic_segmenter,direct_semantic_mask,no_appearance_contradiction
test226,soap__01,root:14/visual-region:05,daily_object_base,e51c87685107400c154827739596a431958eee1a8d1fa3745e4bde08d4974a73,True,False,True,False,semantic_inventory_evidence_rescue,insufficient_structure,not_evaluated_previous_stage_failed
test226,soap__01,root:14/visual-region:06,daily_object_neck,283a6bfa4dc79ef5ad39bbe4975bd1e338150d7ae3df37c05c13f13af8e8be49,True,True,True,True,semantic_inventory_evidence_rescue,cross_source_structure,boundary_and_material_consistent
test226,soap__02,root:2/visual-region:03,container_handle,5ce2341167114fda1327a2e3eaf8e66f1c8bd62b076ad0382c0991799fe60cab,True,False,True,False,base,insufficient_structure,not_evaluated_previous_stage_failed
test226,spoon__01,root:3/profile-refine:IDEA-Research_grounding-dino-tiny:tool_prop_handle:01,tool_prop_handle,606564774450b7a9c60eb727fa52344e27941592a365b3bf549ed4f5c1264de3,True,True,True,True,direct_semantic_segmenter,direct_semantic_mask,no_appearance_contradiction
test226,spoon__02,root:2/profile-refine:IDEA-Research_grounding-dino-tiny:tool_prop_handle:01,tool_prop_handle,4dce49a6aba9cbead1072b3174ee941cdab553a361557fadd2e1ddea916d9e44,True,True,True,True,direct_semantic_segmenter,direct_semantic_mask,no_appearance_contradiction
test226,spoon__02,root:2/structural-residual:tool_prop_bowl:01,tool_prop_bowl,b1923a372fb6cdd153950bee87123cd498a0567d043f0fc3954b2a837e9ec3f1,False,False,False,False,inventory_and_structural_route,not_evaluated_semantic_failed,not_evaluated_previous_stage_failed
test226,spoon__03,root:1/visual-region:01,container_handle,c5fe9d23321e8952651d3a37c59eb0e18efcafc7083290b6f278a0f5efedec1c,True,False,True,False,base,insufficient_structure,not_evaluated_previous_stage_failed
test226,spoon__04,root:3/profile-refine:IDEA-Research_grounding-dino-tiny:tool_prop_bowl:01,tool_prop_bowl,7434b418103b9bf9b8e017b9b37a763b3e8ab3842f4874f26cb2b802e9912b82,True,True,True,True,direct_semantic_segmenter,direct_semantic_mask,no_appearance_contradiction
test226,spoon__04,root:3/visual-region:02,tool_prop_handle,204e317fc7069f7872b474fee746fdfb597dd32b290f0c2680ed43c42b7abca0,False,False,True,False,inventory_and_structural_route,not_evaluated_semantic_failed,not_evaluated_previous_stage_failed
test226,spoon__04,root:3/visual-region:12,tool_prop_rim,82cfd740fe62bffb8209baec5e3a4e92a770f8d8bd17165fc9689549ecaf2149,True,True,True,True,semantic_inventory_evidence_rescue,cross_source_structure,boundary_and_material_consistent
test226,stool__01,root:2/profile-dense:furniture_leg:06,furniture_leg,55b32b1f5b294ccbb12240c5aef909d33b5b1dc97d33edcce766fc6213a8e623,True,False,True,False,resolved_inventory_candidate,insufficient_structure,not_evaluated_previous_stage_failed
test226,stool__01,root:2/profile-dense:furniture_stretcher:03,furniture_stretcher,9f5a167497a8ec14415e5d8dbde5429bd84e2fa9ed735f628b2b9ab66b1f4a79,True,False,True,False,resolved_inventory_candidate,insufficient_structure,not_evaluated_previous_stage_failed
test226,stool__01,root:2/profile-refine:IDEA-Research_grounding-dino-tiny:furniture_apron:01,furniture_apron,266fac6cf986a5d0ffa33d21b3b594fd44a7d0032cb2845693332613b8c6beca,True,True,True,True,direct_semantic_segmenter,direct_semantic_mask,no_appearance_contradiction
test226,stool__01,root:2/profile-refine:IDEA-Research_grounding-dino-tiny:furniture_armrest:01,furniture_armrest,fd5a4e3aded45392a3cfd4fe1b6075320268286e6887847c2cd5e8a04eb71c15,True,True,True,True,direct_semantic_segmenter,direct_semantic_mask,no_appearance_contradiction
test226,stool__01,root:2/profile-refine:IDEA-Research_grounding-dino-tiny:furniture_leg:02,furniture_leg,9aac77b94d87a98e2cd7d300c8bb6aa61be727a714c20d2a75a3d7a42bf780ec,True,True,True,True,direct_semantic_segmenter,direct_semantic_mask,no_appearance_contradiction
test226,stool__01,root:2/profile-refine:IDEA-Research_grounding-dino-tiny:furniture_leg:03,furniture_leg,9a3609032a3b3215b82294ccf37a12a20c9b119b9c778900f380d99e9cea1ac5,True,True,True,True,direct_semantic_segmenter,direct_semantic_mask,no_appearance_contradiction
test226,stool__01,root:2/profile-refine:IDEA-Research_grounding-dino-tiny:furniture_leg:05,furniture_leg,5ec7bb077b82b245039c53d228ec10922d7cc370e26675155069093b762df380,True,True,True,True,direct_semantic_segmenter,direct_semantic_mask,no_appearance_contradiction
test226,stool__01,root:2/profile-refine:IDEA-Research_grounding-dino-tiny:furniture_stile:01,furniture_stile,d308cd69e9db6c18f4e7a479229f13f7fd35b8afd16887af7ed76ada13cea70f,True,True,True,True,direct_semantic_segmenter,direct_semantic_mask,no_appearance_contradiction
test226,stool__01,root:2/profile-refine:IDEA-Research_grounding-dino-tiny:furniture_stretcher:02,furniture_stretcher,2efeac125785c4b5d7213581ed3030f3dddd10e06fda58450fbc72f79c308fdc,True,True,True,True,direct_semantic_segmenter,direct_semantic_mask,no_appearance_contradiction
test226,stool__01,root:2/visual-region:02,furniture_leg,08c3bde4e9f8f1adc17f138aee9011a3a62cbc3efb60d65087ae96b70511facf,True,False,True,False,base,insufficient_structure,not_evaluated_previous_stage_failed
test226,stool__01,root:2/visual-region:06,furniture_leg,4d6d854b43e9fd5d04f3c7938bd2ef2c74ff4d2cb854522352910042f0d5a38a,True,True,True,True,semantic_inventory_evidence_rescue,cross_source_structure,boundary_and_material_consistent
test226,stool__01,root:2/visual-region:14,furniture_leg,39eadcad7c60d314fbfdd85657d0c22587c4484746280257ba308ea8a6e554b0,True,True,True,True,semantic_inventory_evidence_rescue,cross_source_structure,boundary_and_material_consistent
test226,stool__02,root:1/profile-dense:furniture_foot:01,furniture_foot,f270fbe9830ee0ad5c7a0b75e0d6882fc3355d288312bb9f7f0c35cbc273f141,True,False,True,False,resolved_inventory_candidate,insufficient_structure,not_evaluated_previous_stage_failed
test226,stool__02,root:1/profile-dense:furniture_foot:02,furniture_foot,cae7321c3bca732a6b5c42e25f6b74acf8a39ceb5ab86cf60e2c3b8665db7287,True,False,True,False,resolved_inventory_candidate,insufficient_structure,not_evaluated_previous_stage_failed
test226,stool__02,root:1/profile-dense:furniture_leg:03,furniture_leg,12033da7d8c299729d4cb51e21ff889bdc5611e7315bd0cb8debcc0543f51df0,True,False,True,False,resolved_inventory_candidate,insufficient_structure,not_evaluated_previous_stage_failed
test226,stool__02,root:1/profile-dense:furniture_leg:04,furniture_leg,3f46396cd4c1299dfead22ee65ed4a41c16884ca94519e456ea56a087fcbab96,True,False,True,False,resolved_inventory_candidate,insufficient_structure,not_evaluated_previous_stage_failed
test226,stool__02,root:1/profile-dense:furniture_leg:05,furniture_leg,e279719dfd31f02ced931849fd91a47b8339fa320e4ebca9b3b26b13a85df15b,True,False,True,False,resolved_inventory_candidate,insufficient_structure,not_evaluated_previous_stage_failed
test226,stool__02,root:1/profile-refine:IDEA-Research_grounding-dino-tiny:furniture_cushion:01,furniture_cushion,ef4861c5669145ab588901375f412892629827ee919740f2ee23e76b49cc571c,True,True,True,True,direct_semantic_segmenter,direct_semantic_mask,no_appearance_contradiction
test226,stool__02,root:1/profile-refine:IDEA-Research_grounding-dino-tiny:furniture_leg:01,furniture_leg,cd4e752ac8b680195a7a00b1e193d4a7074aa66b2efd6b9015a67551a4ceda7d,True,True,True,True,direct_semantic_segmenter,direct_semantic_mask,no_appearance_contradiction
test226,stool__02,root:1/visual-region:04,furniture_leg,2756a3e776fad1df18e1af81c19ff73a8fc0a784ca83ddc0108b08754d6479c4,True,False,True,False,base,insufficient_structure,not_evaluated_previous_stage_failed
test226,stool__03,root:1/profile-dense:furniture_leg:04,furniture_leg,d46e1cb3d6b3e7c4467816eef5be0a6f1d38987528277ca64feafba10ac695c4,True,False,True,False,resolved_inventory_candidate,insufficient_structure,not_evaluated_previous_stage_failed
test226,stool__03,root:1/profile-dense:furniture_leg:05,furniture_leg,3236ca30538d3b1f5f90a7ae04899c0400b520f86d531fb1ca21990391467d0f,True,False,True,False,resolved_inventory_candidate,insufficient_structure,not_evaluated_previous_stage_failed
test226,stool__03,root:1/profile-dense:furniture_stretcher:01,furniture_stretcher,a8b3247c6d08c3ae8db145c51178f321500bc666e41e366e9606021867e855de,True,False,True,False,resolved_inventory_candidate,insufficient_structure,not_evaluated_previous_stage_failed
test226,stool__03,root:1/profile-dense:furniture_stretcher:02,furniture_stretcher,70c2fdea88afb13d8558911e99682cc6deb2e1c6e31a108646df6f15545388d2,True,False,True,False,resolved_inventory_candidate,insufficient_structure,not_evaluated_previous_stage_failed
test226,stool__03,root:1/profile-dense:furniture_stretcher:03,furniture_stretcher,f6d712fd66c7788d83615a953bedc5c73f9c9495291592bc5df33a0f39adebec,True,False,True,False,resolved_inventory_candidate,insufficient_structure,not_evaluated_previous_stage_failed
test226,stool__03,root:1/profile-refine:IDEA-Research_grounding-dino-tiny:furniture_leg:01,furniture_leg,23205ec962ddc0bcbb7bf560bf5aa2865ea05f70b19809e94f5b8c55a8bff5b4,True,True,True,True,direct_semantic_segmenter,direct_semantic_mask,no_appearance_contradiction
test226,stool__03,root:1/profile-refine:IDEA-Research_grounding-dino-tiny:furniture_leg:02,furniture_leg,bab023964b0c9c673b2f726b82de2a5de06c30700a7a96339a7be50c2bb15264,True,True,True,True,direct_semantic_segmenter,direct_semantic_mask,no_appearance_contradiction
test226,stool__03,root:1/profile-refine:IDEA-Research_grounding-dino-tiny:furniture_rail:01,furniture_rail,3a59b78e436912145bfa690faa5355dfe42c71d43ba90f577b18e655edcb8afc,True,True,True,True,direct_semantic_segmenter,direct_semantic_mask,no_appearance_contradiction
test226,sweater__01,root:3/contour-visual-region:02,character_shoe,4abe11cf7f292f12d2c8cb3c4e04aa254c62e737e5c4ba3e9842f51f32c8fa27,True,True,False,False,semantic_inventory_evidence_rescue,boundary_aligned_region,appearance_only_or_shading_like
test226,sweater__01,root:3/profile-refine:IDEA-Research_grounding-dino-tiny:character_arm:01,character_arm,75d40df1c7a5fadd9df83b309e9f9b7f518cb3bd83721865afa5bb9a79848cae,True,True,True,True,direct_semantic_segmenter,direct_semantic_mask,no_appearance_contradiction
test226,sweater__01,root:3/profile-refine:IDEA-Research_grounding-dino-tiny:character_hand:01,character_hand,e414e3f2a4ff6c8ce748d8153859b7056c7b00744e46db3a6551d50b03bc654b,True,True,True,True,direct_semantic_segmenter,direct_semantic_mask,no_appearance_contradiction
test226,sweater__01,root:3/profile-refine:IDEA-Research_grounding-dino-tiny:character_hand:02,character_hand,e5e25d397707f43d2c902d79f953a68414046c2f3fdca916085b93d43d31a8d7,True,True,True,True,direct_semantic_segmenter,direct_semantic_mask,no_appearance_contradiction
test226,sweater__01,root:3/profile-refine:IDEA-Research_grounding-dino-tiny:character_head:01,character_head,6f8f6e44ff5efe40a5d1864f183aa2df236858f59717ba7f20a4cc6778c67a37,True,True,True,True,direct_semantic_segmenter,direct_semantic_mask,no_appearance_contradiction
test226,sweater__01,root:3/profile-refine:IDEA-Research_grounding-dino-tiny:character_leg:02,character_leg,b023dfee2e6e6c05672a63e92ea4fc2a5c987ba40259f759bbc95e5e425d269a,True,True,True,True,direct_semantic_segmenter,direct_semantic_mask,no_appearance_contradiction
test226,sweater__01,root:3/profile-refine:IDEA-Research_grounding-dino-tiny:character_sleeve:01,character_sleeve,d67b5fcd234d13cffa6eb36077d5d7521e2d41485b7bfae991f4563d532fe880,True,True,True,True,direct_semantic_segmenter,direct_semantic_mask,no_appearance_contradiction
test226,sweater__01,root:3/visual-region:06,character_leg,cabc7d3a2d1007fb42a2aad4fed8deaf7cb21c0e0c9d3d8158b9033cce698874,True,False,True,False,base,insufficient_structure,not_evaluated_previous_stage_failed
test226,sweater__01,root:3/visual-region:11,character_torso,d36fc97a8e14c651cca79d85daae4b03c4c8f14645426683ffb60c4ed9e030df,True,False,False,False,base,insufficient_structure,not_evaluated_previous_stage_failed
test226,sweater__02,root:2/contour-visual-region:03,character_accessory,29bea5bce639b8871d2d6d2e0571118d21b3239fa89c045ef9e5253a069acda0,True,True,True,True,base,boundary_aligned_region,boundary_and_material_consistent
test226,sweater__02,root:2/contour-visual-region:04,character_accessory,d11217e0b949b3eaf644067de5a0470bee50d672f14687d0b6d8b82fbef51f3c,False,True,True,False,semantic_inventory_evidence_rescue,not_evaluated_semantic_failed,not_evaluated_previous_stage_failed
test226,sweater__02,root:2/profile-refine:IDEA-Research_grounding-dino-tiny:character_hair:02,character_hair,6279db657a07f0b30746a6f1c345d0f7a16906306a84c90e5d5d0d332f3f7391,True,True,True,True,direct_semantic_segmenter,direct_semantic_mask,no_appearance_contradiction
test226,sweater__02,root:2/profile-refine:IDEA-Research_grounding-dino-tiny:character_head:01,character_head,a488857d5dc6df91231fd81a0b00799df8636331add4283d650e7bf65605fc26,True,True,True,True,direct_semantic_segmenter,direct_semantic_mask,no_appearance_contradiction
test226,sweater__02,root:2/profile-refine:IDEA-Research_grounding-dino-tiny:character_leg:01,character_leg,4601df1a2a38131e92926ddadebc34ffd7e034fb944bc8d8c42ed570b3ecdea3,True,True,True,True,direct_semantic_segmenter,direct_semantic_mask,no_appearance_contradiction
test226,sweater__02,root:2/visual-region:02,character_leg,e9ddc1e227a1e128d2081acba49301a6decacf07811689183abe816c4e0f76fa,True,True,True,True,semantic_inventory_evidence_rescue,cross_source_structure,boundary_and_material_consistent
test226,sweater__02,root:2/visual-region:04,character_hand,1d4401e74f8660431e9a67d89e5a907099a84cda32866537fe3f3429fb561174,True,True,True,True,base,cross_source_structure,boundary_and_material_consistent
test226,sweater__04,root:1/profile-refine:IDEA-Research_grounding-dino-tiny:daily_object_sleeve:03,daily_object_sleeve,01946ec7d939624ebf353392ca6e83ecb8b2098b97df111d22f28a2442dc9280,True,True,True,True,direct_semantic_segmenter,direct_semantic_mask,no_appearance_contradiction
test226,sweater__04,root:1/visual-region:01,daily_object_sleeve,a3531f874ce96103c38f13bb99d35447e79a015a67cfbf4d0bf6b90c50378d7b,True,False,True,False,base,insufficient_structure,not_evaluated_previous_stage_failed
test226,table__01,root:2/profile-dense:furniture_foot:01,furniture_foot,6f935808b45f4d549425f788d2d78470ae318cc89a7f56237bde5998521609e9,True,False,True,False,resolved_inventory_candidate,insufficient_structure,not_evaluated_previous_stage_failed
test226,table__01,root:2/profile-dense:furniture_leg:07,furniture_leg,28d10d6013d5b892cf5b0df85685830984ddb9f892f7079c487fdcec44b6e05a,True,False,True,False,resolved_inventory_candidate,insufficient_structure,not_evaluated_previous_stage_failed
test226,table__01,root:2/profile-dense:furniture_stretcher:04,furniture_stretcher,c27f13b0aae81a402d6af77d9ac5835aa7a250fa4e2b2a5ecad50f679d9fc19e,True,False,True,False,resolved_inventory_candidate,insufficient_structure,not_evaluated_previous_stage_failed
test226,table__01,root:2/profile-refine:IDEA-Research_grounding-dino-tiny:furniture_leg:03,furniture_leg,3f7afa760c36b33214b1b9b07a3114094ef49005e8d37076b4fc316241536756,True,True,True,True,direct_semantic_segmenter,direct_semantic_mask,no_appearance_contradiction
test226,table__01,root:2/profile-refine:IDEA-Research_grounding-dino-tiny:furniture_leg:04,furniture_leg,870d7c2ef8ce1da421c9abf45956b53d467c5d0d59a3e483def4ae879c6cb38d,True,True,True,True,direct_semantic_segmenter,direct_semantic_mask,no_appearance_contradiction
test226,table__01,root:2/profile-refine:IDEA-Research_grounding-dino-tiny:furniture_leg:05,furniture_leg,42ee9bf94537fd9ee2f4113a156e73372e3f6929fc11896ca63042739ccac165,True,True,True,True,direct_semantic_segmenter,direct_semantic_mask,no_appearance_contradiction
test226,table__01,root:2/profile-refine:IDEA-Research_grounding-dino-tiny:furniture_leg:06,furniture_leg,e30dc5347bb939d8de3dd47ae43132696dfec2a64bcdd4a342c52642dc6efd7b,True,True,True,True,direct_semantic_segmenter,direct_semantic_mask,no_appearance_contradiction
test226,table__01,root:2/profile-refine:IDEA-Research_grounding-dino-tiny:furniture_stretcher:02,furniture_stretcher,b8c4015bff74fdf00394a2677f2cb1de934baa91cb5f910f2152c6184aad1c53,True,True,True,True,direct_semantic_segmenter,direct_semantic_mask,no_appearance_contradiction
test226,table__01,root:2/profile-refine:IDEA-Research_grounding-dino-tiny:furniture_top:01,furniture_top,6f934d0b322161636be7e26ac5baaad41092b0fbd7bd64dc54fe40d6eb0734e1,True,True,True,True,direct_semantic_segmenter,direct_semantic_mask,no_appearance_contradiction
test226,table__01,root:2/visual-region:08,furniture_leg,c94737568170d92529617e4333889ca1e10b75a1b0e713a911b1221d264feca7,True,False,True,False,base,insufficient_structure,not_evaluated_previous_stage_failed
test226,table__02,root:10/profile-refine:IDEA-Research_grounding-dino-tiny:container_bottom:01,container_bottom,ee5af1c3f81ead136cf4e70c23b3ea18dade94ceea50aab84ff26dd17bb3ba0e,True,True,True,True,direct_semantic_segmenter,direct_semantic_mask,no_appearance_contradiction
test226,table__02,root:10/profile-refine:IDEA-Research_grounding-dino-tiny:container_side:01,container_side,0fdd02c9f86d4bb60c92f06d4d532a5a5c459bc41116ec5fabc7ec94fa6e08ef,True,True,True,True,direct_semantic_segmenter,direct_semantic_mask,no_appearance_contradiction
test226,table__02,root:10/visual-region:01,container_label,201b8ad4c8800a5aa998041ac278cdee3eec5e7c58b0cd6a0637f14b09993440,True,False,False,False,semantic_inventory_evidence_rescue,insufficient_structure,not_evaluated_previous_stage_failed
test226,table__02,root:10/visual-region:02,container_inner_wall,6df1c8681925dca4fa039f08966c5f2bb9fa482b99c6fb83a864d1993406870e,False,True,True,False,semantic_inventory_evidence_rescue,not_evaluated_semantic_failed,not_evaluated_previous_stage_failed
test226,table__02,root:10/visual-region:05,container_inner_wall,512131dd42f86c5e952f1139adcaa84437fc7436fdb1b93c6ceb508e258d4750,True,False,True,False,semantic_inventory_evidence_rescue,insufficient_structure,not_evaluated_previous_stage_failed
test226,table__02,root:10/visual-region:07,container_lid,9be5f0998a9913a296070940917b69e426133be3fa407e3648c90fbdc00a48b8,True,False,True,False,base,insufficient_structure,not_evaluated_previous_stage_failed
test226,table__02,root:10/visual-region:10,container_shoulder,11107d936efd7ccf247d5260ad1a0bb393bd74d6c9bbd7a74e02801f69b2e6f5,True,False,True,False,base,insufficient_structure,not_evaluated_previous_stage_failed
test226,table__04,root:1/profile-dense:furniture_leg:03,furniture_leg,3917a4ecab781b2b9e2d8511a04b50167f8ed6cabfbcf904e88f75e2d4c2d06b,True,False,True,False,resolved_inventory_candidate,insufficient_structure,not_evaluated_previous_stage_failed
test226,table__04,root:1/profile-dense:furniture_stretcher:03,furniture_stretcher,7dfefd936aa369a8f64477f36613d57abb85e38d6514f686fa011167fe668d02,True,False,True,False,resolved_inventory_candidate,insufficient_structure,not_evaluated_previous_stage_failed
test226,table__04,root:1/profile-refine:IDEA-Research_grounding-dino-tiny:furniture_shelf:02,furniture_shelf,4112f0aada97b3ddd8d12ec5e965dc887d05552dc84b784666d5c5f6e2785dd3,True,True,True,True,direct_semantic_segmenter,direct_semantic_mask,no_appearance_contradiction
test226,table__04,root:1/visual-region:02,furniture_stretcher,e415315f45cd8ae4e7ba17d61a8d155cbbc794697df86ba440578c3430f7ebd3,True,False,True,False,semantic_inventory_evidence_rescue,insufficient_structure,not_evaluated_previous_stage_failed
test226,table__04,root:1/visual-region:06,furniture_top,bc0f57e590c495bb2f71f1cce0d63e879a686822c9961e34fe12d707517ad844,True,True,True,True,base,cross_source_structure,boundary_and_material_consistent
test226,table__04,root:1/visual-region:09,furniture_foot,a4b95d5f3788402e4d45d7b91e7440d64b20fc8e115cdf9bede5e1a0bf68c60f,True,False,True,False,base,insufficient_structure,not_evaluated_previous_stage_failed
test226,telephone__01,root:3/profile-refine:IDEA-Research_grounding-dino-tiny:device_keyboard:01,device_keyboard,5b5e9874aafe8973b47689a2082cb6dba1800a52d238c6de07463e0e1da014c2,True,True,True,True,direct_semantic_segmenter,direct_semantic_mask,no_appearance_contradiction
test226,telephone__01,root:3/visual-region:07,device_button,827e5a68fa243a5400cc08529658dba9f1ca36e2d8f3a9d6ca3a9b5e0c232446,False,True,False,False,contextual_rescue,not_evaluated_semantic_failed,not_evaluated_previous_stage_failed
test226,telephone__01,root:3/visual-region:10,device_logo,acbe84e0fe22ef08e9552dd5b2dfed27edc0602b74833c5a82bec3b18d8f1024,True,True,False,False,base,cross_source_structure,appearance_only_or_shading_like
test226,telephone__01,root:3/visual-region:11,device_button,3ac9fe0039ac62528d5a9160c463f2c3404781c1715ed0031d312ca93b60d09f,False,True,False,False,within_root_repetition_consensus,not_evaluated_semantic_failed,not_evaluated_previous_stage_failed
test226,telephone__01,root:3/visual-region:12,device_key,0ccc666473b2f8a54268b1d741b5e11cde6457777d4c98c6b3965bc3763fea7f,True,True,False,False,base,cross_source_structure,appearance_only_or_shading_like
test226,telephone__01,root:3/visual-region:15,device_button,5a3f7c8169991fbeb07d1f7364e8f6da37628ed75a5546a2857d2531181d73a2,False,True,False,False,within_root_repetition_consensus,not_evaluated_semantic_failed,not_evaluated_previous_stage_failed
test226,telephone__01,root:3/visual-region:16,device_button,aad610744e31115bec3a50e455945c6e53e35a9e5fa988de3fb54456798e1c39,False,False,False,False,within_root_repetition_consensus,not_evaluated_semantic_failed,not_evaluated_previous_stage_failed
test226,telephone__01,root:3/visual-region:17,device_button,4d3a8c165fa932b3fe2e91037534e3b015010013a04cff3e323e135e413293ca,False,False,False,False,contextual_rescue,not_evaluated_semantic_failed,not_evaluated_previous_stage_failed
test226,telephone__01,root:3/visual-region:18,device_button,0c4bfa3558254b8707c546b449cddf5eff0fa05b2c7ff3bb1a12cbe5f619133b,False,False,False,False,within_root_repetition_consensus,not_evaluated_semantic_failed,not_evaluated_previous_stage_failed
test226,telephone__01,root:3:repeated-detail:02,device_button,99cded15382e9acc8a2705510d21d6d3a79cb2dc8d9c134c7e60723ed94c1a6b,True,False,True,False,resolved_inventory_candidate,insufficient_structure,not_evaluated_previous_stage_failed
test226,telephone__01,root:3:repeated-detail:03,device_button,0d52e0918862f5f7b23cf9e7281e82e3d407ea1433aeff9bfcbe4aa6b18132d4,True,False,True,False,resolved_inventory_candidate,insufficient_structure,not_evaluated_previous_stage_failed
test226,telephone__01,root:3:repeated-detail:04,device_button,cdcb8d7303e899e11fcdbe51cddbc4fd30684cc924b6531b17dd11092f0e443c,True,False,True,False,resolved_inventory_candidate,insufficient_structure,not_evaluated_previous_stage_failed
test226,telephone__01,root:3:repeated-detail:05,device_button,3a03665a48a646909d1b751b5abcb5880823ebf61eaa102a187eb489127daa1b,True,False,True,False,resolved_inventory_candidate,insufficient_structure,not_evaluated_previous_stage_failed
test226,telephone__01,root:3:repeated-detail:06,device_button,fbf1492eca003d74359ae93309d5143d9d5614c987e9e4eb32c115600cc09528,True,False,True,False,resolved_inventory_candidate,insufficient_structure,not_evaluated_previous_stage_failed
test226,telephone__02,root:1/visual-region:02,device_base,d10c42ad0dc3ea8b1ac563085de0e84f8fc5183e95aa4239888cfd273ef136e6,True,False,True,False,semantic_inventory_evidence_rescue,insufficient_structure,not_evaluated_previous_stage_failed
test226,telephone__02,root:1:repeated-detail:01,device_button,96c9e5428253953898ecfc54c4ec36358b3432c95ec1bcabde381924d36a6b83,True,False,True,False,resolved_inventory_candidate,insufficient_structure,not_evaluated_previous_stage_failed
test226,telephone__02,root:1:repeated-detail:04,device_button,eaab7d5e5afcbb8eea0a07e674477dc062948bfc9f63d8288ec13a880f6e1a2b,True,False,True,False,resolved_inventory_candidate,insufficient_structure,not_evaluated_previous_stage_failed
test226,telephone__03,root:3/profile-dense:device_keyboard:01,device_keyboard,3239840fa7e16583804ab3357e602cae5a4785645cbee73189595e50879dbbc7,True,False,True,False,resolved_inventory_candidate,insufficient_structure,not_evaluated_previous_stage_failed
test226,telephone__03,root:3/profile-refine:IDEA-Research_grounding-dino-tiny:device_button:01,device_button,f92af70541cc333fd5416a3d0441c22e031ffc830bfe85ced69dafd965074bd5,True,True,True,True,direct_semantic_segmenter,direct_semantic_mask,no_appearance_contradiction
test226,telephone__03,root:3/profile-refine:IDEA-Research_grounding-dino-tiny:device_key:01,device_key,f92af70541cc333fd5416a3d0441c22e031ffc830bfe85ced69dafd965074bd5,True,True,True,True,direct_semantic_segmenter,direct_semantic_mask,no_appearance_contradiction
test226,telephone__03,root:3/profile-refine:IDEA-Research_grounding-dino-tiny:device_logo:01,device_logo,f92af70541cc333fd5416a3d0441c22e031ffc830bfe85ced69dafd965074bd5,True,True,True,True,direct_semantic_segmenter,direct_semantic_mask,no_appearance_contradiction
test226,telephone__03,root:3/profile-refine:IDEA-Research_grounding-dino-tiny:device_screen:03,device_screen,a34c218052564ec2c4ffcc59c7b1d3ef93c069171168f6e8c6907dc29aef0f73,True,True,True,True,direct_semantic_segmenter,direct_semantic_mask,no_appearance_contradiction
test226,telephone__03,root:3/profile-refine:IDEA-Research_grounding-dino-tiny:device_speaker:01,device_speaker,f92af70541cc333fd5416a3d0441c22e031ffc830bfe85ced69dafd965074bd5,True,True,True,True,direct_semantic_segmenter,direct_semantic_mask,no_appearance_contradiction
test226,telephone__03,root:3/profile-topology:IDEA-Research_grounding-dino-tiny:device_bezel:01,device_bezel,73ad5b6d34cf4ba75bc917aa2999aad5ff5a25b26c14418a8674cc1e6054f25c,True,False,True,False,resolved_inventory_candidate,insufficient_structure,not_evaluated_previous_stage_failed
test226,telephone__03,root:3/visual-region:05,device_button,52811f45c126012e7cef734f16e4d309b9488640d44770da1290fb6cb857652a,False,False,True,False,within_root_repetition_consensus,not_evaluated_semantic_failed,not_evaluated_previous_stage_failed
test226,telephone__03,root:3/visual-region:08,device_button,5fc74de7de5726b783f36cddae11889b039fb2ab95d3e30db467ef23898c4012,False,False,True,False,contextual_rescue,not_evaluated_semantic_failed,not_evaluated_previous_stage_failed
test226,telephone__03,root:3/visual-region:09,device_button,2264b2291ae3a2e57b2362e32ec45d86e1113bede05ddc1249d4ebbb85f598ac,False,True,True,False,contextual_rescue,not_evaluated_semantic_failed,not_evaluated_previous_stage_failed
test226,telephone__03,root:3/visual-region:10,device_key,a8e0c5555d2fde02ef0da021671b7ac882194af567ff65e756b91de72a27c526,True,False,True,False,base,insufficient_structure,not_evaluated_previous_stage_failed
test226,telephone__03,root:3/visual-region:11,device_button,231fd69ea7ce8d25681115580dcf02dbba0984ff62f1ef135470806ff0d932e7,False,False,True,False,contextual_rescue,not_evaluated_semantic_failed,not_evaluated_previous_stage_failed
test226,telephone__03,root:3/visual-region:12,device_key,b44b3d6241b8bffb2f536ce8edbeb054f9e6f37569e0319870e85464270343e4,True,False,True,False,base,insufficient_structure,not_evaluated_previous_stage_failed
test226,telephone__03,root:3/visual-region:13,device_button,5d5178b16f49a89b48573ce1422282a6ee79989beb69eba926627a11e80cabe6,False,False,True,False,contextual_rescue,not_evaluated_semantic_failed,not_evaluated_previous_stage_failed
test226,telephone__04,root:2/visual-region:02,device_camera,31a174cf10826bd6d4a1af3c9a9446a5cf1f88ac5462b5d2c5c06661e5e8daf7,True,False,True,False,base,insufficient_structure,not_evaluated_previous_stage_failed
test226,telephone__04,root:2/visual-region:03,device_camera,08d8c65719406a8236123b0f9e0049677af5d05e195278a3a8ddd9aa50244410,True,False,True,False,base,insufficient_structure,not_evaluated_previous_stage_failed
test226,telephone__04,root:2/visual-region:04,device_button,534d42fa5f9b2f13c5ace37b02a0041bf5b52deb8b273617dac8e18fa5f471c3,True,False,True,False,semantic_inventory_evidence_rescue,insufficient_structure,not_evaluated_previous_stage_failed
test226,telephone__04,root:2/visual-region:05,device_screen,a03af831f6d406db1e07f2040253479da0a40f997dfa6b2087e6e9ffea6d2563,True,True,True,True,base,cross_source_structure,boundary_and_material_consistent
test226,telephone__04,root:2/visual-region:06,device_button,a53f16ff1071472d1057159a313a8ea9f328cc72fc8f5e0b9c0bec0b24dbb7a8,True,True,True,True,semantic_inventory_evidence_rescue,cross_source_structure,boundary_and_material_consistent
test226,telephone__04,root:2/visual-region:09,device_button,afe9c7a6a48f44938ea39f1ab9359d488b4325c38a85a0aad1d21a4715b5b7cf,True,True,True,True,semantic_inventory_evidence_rescue,cross_source_structure,boundary_and_material_consistent
test226,telephone__04,root:2/visual-region:10,device_button,d21c173dd29240ba0a7d879b73a7b3c52ba434f9943fc1463db54866d590ced6,True,True,True,True,semantic_inventory_evidence_rescue,cross_source_structure,boundary_and_material_consistent
test226,telephone__04,root:2/visual-region:11,device_button,35f9e59423402dfcbdc2da615411e81ccb764f16150add046e69572162d38ebe,True,True,True,True,semantic_inventory_evidence_rescue,cross_source_structure,boundary_and_material_consistent
test226,telephone__04,root:2/visual-region:13,device_button,7b905b2a5e600c72048635b1bdabeb47d88ff46c3d130ec37b8bbce13588978e,True,False,True,False,semantic_inventory_evidence_rescue,insufficient_structure,not_evaluated_previous_stage_failed
test226,telephone__04,root:2/visual-region:14,device_button,bdc7fda7319249c3fcbeec8a487952b6d6e490c0724dfeabd56da2e9c129d26b,True,False,True,False,semantic_inventory_evidence_rescue,insufficient_structure,not_evaluated_previous_stage_failed
test226,telephone__04,root:2/visual-region:15,device_camera,24b3ad00263eb8fda02718008a4e28463bf14fd33e60302e305fdc11407219af,True,False,True,False,base,insufficient_structure,not_evaluated_previous_stage_failed
test226,television_set__01,root:1/profile-refine:IDEA-Research_grounding-dino-tiny:device_screen:01,device_screen,2468a86f641c480ff6db16711a8603e732cbb26852bad3f07ba971a657df9f0f,True,True,True,True,direct_semantic_segmenter,direct_semantic_mask,no_appearance_contradiction
test226,television_set__02,root:1/profile-refine:IDEA-Research_grounding-dino-tiny:device_base:01,device_base,45ea18a1d031f96116077fabbd9cf16419967d44b5517ba1f580731ad0187b2d,True,True,True,True,direct_semantic_segmenter,direct_semantic_mask,no_appearance_contradiction
test226,television_set__02,root:1/profile-refine:IDEA-Research_grounding-dino-tiny:device_screen:01,device_screen,26410c364b7577abd5424b5b411d7227bd46869723e9f06103df9c2ef68dcdab,True,True,True,True,direct_semantic_segmenter,direct_semantic_mask,no_appearance_contradiction
test226,television_set__02,root:1/profile-topology:IDEA-Research_grounding-dino-tiny:device_bezel:01,device_bezel,f0672c9c640bb01c544be95e6d9126311a68824092402a1ebcdaf573f8fbd611,True,False,True,False,resolved_inventory_candidate,insufficient_structure,not_evaluated_previous_stage_failed
test226,television_set__02,root:1/visual-region:02,device_button,54f0c09b4c6996002ed514236463d7abb043dbb160fc9544b661a27a0454b845,True,True,True,True,base,cross_source_structure,boundary_and_material_consistent
test226,television_set__02,root:1/visual-region:04,device_button,45f0c2a3464087b11981e78dcc9d0561227ccee4af32251c76ded42db7cb431a,True,True,True,True,base,cross_source_structure,boundary_and_material_consistent
test226,television_set__02,root:1/visual-region:06,device_button,391de82ba4d344aa16b6646ba5cedeb89df98c8f93565a3bda27ae02ee2a46e7,False,True,False,False,contextual_rescue,not_evaluated_semantic_failed,not_evaluated_previous_stage_failed
test226,television_set__02,root:1/visual-region:07,device_button,4d9230a830291caf783bd175c88ee157da5721fba12301ccb1b288f5222d4967,True,False,False,False,base,insufficient_structure,not_evaluated_previous_stage_failed
test226,television_set__02,root:1/visual-region:08,device_button,18d10f0875ee16f00faa58b2c1b555bb374b1c941a9f8e4474b1510407638640,True,True,True,True,base,cross_source_structure,boundary_and_material_consistent
test226,television_set__02,root:1/visual-region:10,device_button,93b1cb444bc4fb90f8d49dd9c07507735163c45865830b45db8d55bc382e7d17,False,False,False,False,within_root_repetition_consensus,not_evaluated_semantic_failed,not_evaluated_previous_stage_failed
test226,television_set__02,root:1/visual-region:11,device_button,8b9bc70688fc83db1af363e7c081b740dc8f753739ddb881896f5d40852711ce,True,True,False,False,base,cross_source_structure,appearance_only_or_shading_like
test226,television_set__02,root:1/visual-region:19,device_button,c53c582a332300c24f15cbb8757aef2e689905e17a40d550310632cd6f362693,True,False,False,False,base,insufficient_structure,not_evaluated_previous_stage_failed
test226,television_set__04,root:1/visual-region:01,device_stand,12d35dd50dc80e6665e75939033faea15fecc28b026a50381bd6d562ca2b2209,True,False,True,False,base,insufficient_structure,not_evaluated_previous_stage_failed
test226,television_set__04,root:1/visual-region:04,device_button,09d5581daa43a2d3e9790b3fdbe7ba9d1c478e51fe0b9a54c25e631b51fc47a5,False,False,True,False,contextual_rescue,not_evaluated_semantic_failed,not_evaluated_previous_stage_failed
test226,television_set__04,root:1/visual-region:05,device_screen,a3ece7c1f5affecdd66372d2244503f41c3fce614c91ed81bba96cb6968a5d93,True,False,True,False,base,insufficient_structure,not_evaluated_previous_stage_failed
test226,towel__02,root:1/visual-region:06,daily_object_fringe,f2291707ba9356b33f1b29164c755258a0831e90e6b2b1b2b69007b378d79c08,True,False,True,False,base,insufficient_structure,not_evaluated_previous_stage_failed
test226,trash_can__02,root:10/profile-refine:IDEA-Research_grounding-dino-tiny:container_inner_wall:01,container_inner_wall,3eec80919b39c44575dde76f5e121b8a09b0c2967c511c42bef1c9e47e6ac87e,True,True,True,True,direct_semantic_segmenter,direct_semantic_mask,no_appearance_contradiction
test226,trash_can__02,root:10/visual-region:02,container_handle,794f886f012ba8bc9e45d6c99c9aaffd05137ad1aaba1adac73a29d4bf500316,True,False,False,False,base,insufficient_structure,not_evaluated_previous_stage_failed
test226,trash_can__02,root:10/visual-region:09,container_handle,c16f33f169be2f3ada55639985795cde656560d53df8e603c13a6a9c5e98ac2f,True,False,False,False,base,insufficient_structure,not_evaluated_previous_stage_failed
test226,trash_can__03,root:1/profile-refine:IDEA-Research_grounding-dino-tiny:container_lid:01,container_lid,b6084917acbcb35e27b69e98960aeae80d0dbdb970fae16f7e48fb55e1036680,True,True,True,True,direct_semantic_segmenter,direct_semantic_mask,no_appearance_contradiction
test226,trash_can__03,root:1/visual-region:04,container_outer_side,888faae5aadc75ee6854bf034a6b1916cbd14e276dc12ebb9f07b122b2027299,True,True,False,False,semantic_inventory_evidence_rescue,cross_source_structure,appearance_only_or_shading_like
test226,trash_can__03,root:1/visual-region:09,container_rim,fcd1b422e1ca4b53c18ed50656c4948eef37e9d20d334d2d77fde5537c12adc4,True,True,False,False,semantic_inventory_evidence_rescue,cross_source_structure,appearance_only_or_shading_like
test226,trash_can__03,root:1/visual-region:12,container_handle,a92d8d4faa976289e95de544fc0e878e4206e6dabac75e4447fd76564c83fea1,True,True,False,False,base,cross_source_structure,appearance_only_or_shading_like
test226,trash_can__03,root:1/visual-region:20,container_handle,a6757cb587cc51d0ad966d97f2b99d08441fa646ec937e1303528a7b8b94aa1e,True,True,False,False,base,cross_source_structure,appearance_only_or_shading_like
test226,trash_can__03,root:1/visual-region:28,container_rim,7ceb77e7f825c26df6337b080128e941b2ac0ff787e4cb69169851c205457050,False,True,False,False,semantic_inventory_evidence_rescue,not_evaluated_semantic_failed,not_evaluated_previous_stage_failed
test226,trash_can__04,root:1/profile-refine:IDEA-Research_grounding-dino-tiny:container_inner:01,container_inner,81d33bdb1d1c30cddf16ba03fd0f3727db435efe3f12a1c57aa04238e906cca4,True,True,True,True,direct_semantic_segmenter,direct_semantic_mask,no_appearance_contradiction
test226,trash_can__04,root:1/profile-refine:IDEA-Research_grounding-dino-tiny:container_inner_wall:01,container_inner_wall,33d8364e6fa878726535d88eba4ab7cee8425fb029881312f0e0ec75f8a0f750,True,True,True,True,direct_semantic_segmenter,direct_semantic_mask,no_appearance_contradiction
test226,trash_can__04,root:1/profile-refine:IDEA-Research_grounding-dino-tiny:container_label:03,container_label,f3cd0a24e8e558977f1cd56bcb781e58b59fd45a95cabf5016c61c46a9528d29,True,True,True,True,direct_semantic_segmenter,direct_semantic_mask,no_appearance_contradiction
test226,trash_can__04,root:1/profile-refine:IDEA-Research_grounding-dino-tiny:container_outer_side:01,container_outer_side,a88882a1f9b248e5dfa819d81d6e44996561848fb353a0e4fdd3c7fdcce9d758,True,True,True,True,direct_semantic_segmenter,direct_semantic_mask,no_appearance_contradiction
test226,tray__01,root:1/profile-refine:IDEA-Research_grounding-dino-tiny:furniture_top:01,furniture_top,85e46efc3fab70ac570d71ca769b8edaf1d1b12523c99c10c2695ae6c6f0ee39,True,True,True,True,direct_semantic_segmenter,direct_semantic_mask,no_appearance_contradiction
test226,tray__01,root:1/visual-region:02,furniture_foot,5f4c576c502291d7c50ed46641e7452e3fdb2bca88811ca4a2297104f8864931,True,False,False,False,semantic_inventory_evidence_rescue,insufficient_structure,not_evaluated_previous_stage_failed
test226,tray__01,root:1/visual-region:04,furniture_foot,aa96c2e22154ca6ca12a0ab7b710472ccb001844621c21e0a2608c24d1507d0c,True,False,True,False,semantic_inventory_evidence_rescue,insufficient_structure,not_evaluated_previous_stage_failed
test226,tray__01,root:1/visual-region:06,furniture_foot,ac397fd9564d77718bbf87c00b4b3be9350a00ca85e94432612e5e17fe30f737,True,True,True,True,base,cross_source_structure,boundary_and_material_consistent
test226,tray__01,root:1/visual-region:09,furniture_foot,407b5ab2f5e3de6f11b41b2bb61f2a0f06c411e0bed522958248176efba20ac2,True,True,True,True,base,cross_source_structure,boundary_and_material_consistent
test226,vase__01,root:4/profile-dense:furniture_backrest:01,furniture_backrest,f54a386676d4eef62bd2a31c100ca659a80803e773c20972c6596e3984c9bd73,True,False,True,False,resolved_inventory_candidate,insufficient_structure,not_evaluated_previous_stage_failed
test226,vase__01,root:4/profile-refine:IDEA-Research_grounding-dino-tiny:furniture_rail:02,furniture_rail,bb3f1b4e4e238b0e875badafd91a9638e4bcc8d89de4e21bd958ea1ae09c1ea6,True,True,True,True,direct_semantic_segmenter,direct_semantic_mask,no_appearance_contradiction
test226,vase__01,root:4/visual-region:04,furniture_leg,acffceb409365ac9b66baaacab7313468a39365ddd865ed0829a2960179e848c,True,False,True,False,base,insufficient_structure,not_evaluated_previous_stage_failed
test226,vase__01,root:4/visual-region:06,furniture_foot,0a4fbd785423a6e34f0c9d0497902321283ee5d4b81e59e2422a6b97014ec6c9,True,False,True,False,semantic_inventory_evidence_rescue,insufficient_structure,not_evaluated_previous_stage_failed
test226,vase__03,root:1/profile-refine:IDEA-Research_grounding-dino-tiny:container_neck:01,container_neck,5f01aedb04ca0acee14399fd649b1c0f400dce3d8a6bec5437a26f135cb91e53,True,True,True,True,direct_semantic_segmenter,direct_semantic_mask,no_appearance_contradiction
test226,vase__03,root:1/visual-region:05,container_lid,de6efac678852f592c41b9135dd14969452ca8f1f6c2c74750e614bfb3a56179,False,False,True,False,semantic_inventory_evidence_rescue,not_evaluated_semantic_failed,not_evaluated_previous_stage_failed
test226,vase__04,root:2/profile-refine:IDEA-Research_grounding-dino-tiny:container_spout:01,container_spout,abf5bce5bce4d4680bab5966e29c3fd1f4427ffaeca0bc07153b69cd8620ae7e,True,True,True,True,direct_semantic_segmenter,direct_semantic_mask,no_appearance_contradiction
test226,wallet__01,root:2/visual-region:03,container_handle,6a44a7e5af9156f52fc8e01a042a6ffd7e89e614d8606db45f66c19d639fc6d8,True,False,True,False,semantic_inventory_evidence_rescue,insufficient_structure,not_evaluated_previous_stage_failed
test226,wallet__02,root:1/profile-refine:IDEA-Research_grounding-dino-tiny:daily_object_flap:01,daily_object_flap,c9a1fd554951cd3794abcdabc041cc267ab864fb5a01e097c255f3c8cd68c260,True,True,True,True,direct_semantic_segmenter,direct_semantic_mask,no_appearance_contradiction
test226,wallet__02,root:1/profile-refine:IDEA-Research_grounding-dino-tiny:daily_object_inner:01,daily_object_inner,cf86298d5af76182d48ca855eca8b6cd90d4f44a0d6a3621d61863033dd32e2d,True,True,True,True,direct_semantic_segmenter,direct_semantic_mask,no_appearance_contradiction
test226,wallet__02,root:1/profile-refine:IDEA-Research_grounding-dino-tiny:daily_object_pocket:01,daily_object_pocket,cc9d7f02586baa0b4f845a88fc4a27a24f0d86adbdfd2c23e19583511a2c5048,True,True,True,True,direct_semantic_segmenter,direct_semantic_mask,no_appearance_contradiction
test226,watch__01,root:1/profile-refine:IDEA-Research_grounding-dino-tiny:device_button:01,device_button,46ac3af970142eebee27b944b28289ef226de0d3677d6e700bbda047a3ddd5f5,True,True,True,True,direct_semantic_segmenter,direct_semantic_mask,no_appearance_contradiction
test226,watch__01,root:1/profile-refine:IDEA-Research_grounding-dino-tiny:device_clock_hand:01,device_clock_hand,2d1fab912dc1a9e92359889bfa4d9062ce796abbac4cbbe2c6757f7223d43e36,True,True,True,True,direct_semantic_segmenter,direct_semantic_mask,no_appearance_contradiction
test226,watch__01,root:1/profile-refine:IDEA-Research_grounding-dino-tiny:device_dial:01,device_dial,da86b6c7cfb1dd9f4e194a3e2b829707c74d0ff27f9f64bf93c3ea8fee154988,True,True,True,True,direct_semantic_segmenter,direct_semantic_mask,no_appearance_contradiction
test226,watch__01,root:1/profile-refine:IDEA-Research_grounding-dino-tiny:device_logo:01,device_logo,5e5b6267a25a5652b93b15be6f931d29957520d367ac1646bbb88dbd4990fb15,True,True,True,True,direct_semantic_segmenter,direct_semantic_mask,no_appearance_contradiction
test226,watch__01,root:1/profile-refine:IDEA-Research_grounding-dino-tiny:device_screen:01,device_screen,da86b6c7cfb1dd9f4e194a3e2b829707c74d0ff27f9f64bf93c3ea8fee154988,True,True,True,True,direct_semantic_segmenter,direct_semantic_mask,no_appearance_contradiction
test226,watch__01,root:1/visual-region:05,device_base,5d17cee76215a5ec4215ea8c07d22e5659a9a92ae2a9e69b27b4293ff49c6de3,True,False,False,False,base,insufficient_structure,not_evaluated_previous_stage_failed
test226,watch__01,root:1/visual-region:07,device_clock_hand,bff1f4ea7468816f310f99d50360cd10a66890bc8276cc684dc0b4283f9d5209,True,True,False,False,base,cross_source_structure,appearance_only_or_shading_like
test226,watch__02,root:1/contour-visual-region:01,character_arm,bac26888473306c24c23b10fff7be7faf3ab71ea2ae347d24cc7b02525d89da6,True,True,True,True,semantic_inventory_evidence_rescue,boundary_aligned_region,boundary_and_material_consistent
test226,watch__03,root:2/profile-refine:IDEA-Research_grounding-dino-tiny:device_button:01,device_button,b192a9e75cf4aa9602006ec1417ea353b12ff6a7db0a4b0ec88982aacc4438b6,True,True,True,True,direct_semantic_segmenter,direct_semantic_mask,no_appearance_contradiction
test226,watch__03,root:2/visual-region:03,device_button,b1820456cd50a2bf7aeef8408ea37bf71691e271b74cc5efea32d4d135d7f810,False,True,True,False,contextual_rescue,not_evaluated_semantic_failed,not_evaluated_previous_stage_failed
test226,watch__03,root:2/visual-region:04,device_button,ecd1377530753bda524ce1db3b20556a2191735e7593beac9f698e2bcad278fa,True,True,True,True,semantic_inventory_evidence_rescue,cross_source_structure,boundary_and_material_consistent
test226,watch__03,root:2/visual-region:05,device_camera,2fef24bfc3d4a99cb007e4a8bbceccc62e418842ac88570e84296dea54139c8e,True,True,True,True,base,cross_source_structure,boundary_and_material_consistent
test226,watch__03,root:2/visual-region:09,device_button,4fa59734499e3d9299f85e57ab0d8345c3ef678fef17dd49e222ab021b71c3f4,False,False,True,False,within_root_repetition_consensus,not_evaluated_semantic_failed,not_evaluated_previous_stage_failed
test226,watch__03,root:2/visual-region:10,device_button,a950217c41092da4040c241402a6e009916ce497c9c5aaf71b33fed0d694515e,True,True,True,True,semantic_inventory_evidence_rescue,cross_source_structure,boundary_and_material_consistent
test226,watch__03,root:2/visual-region:11,device_button,f55f05b003f3b3fafb82d8f7604890972c541fd68962bfe8e0c8b5f0bbd73971,True,False,True,False,base,insufficient_structure,not_evaluated_previous_stage_failed
test226,watch__03,root:2/visual-region:12,device_camera,d19d3f873a60c29587b2487448994e9fd61993c67bd9422697b1ae34b6c714d0,True,True,True,True,base,cross_source_structure,boundary_and_material_consistent
