case_id,category,candidate_count,consensus_max_abs_difference,candidates_json_sha256,case_json_sha256,candidate_masks_sha256,reference_masks_sha256,eligible,reference_index,reference_name,wrong_name,wrong_normalized,target_pixels,target_mask_sha256,base_family,cross_families,same_family_max_difference,exclusion
basket__01,basket,3,0.0,b6ce3a65258dc0151341bd82fca12f10f4abc012ac99a0ae8b978d948646d65f,c9c16d16a6aae1582fb795ace8d34355c52ff18f2f21f8dc3b740c5adc079922,bc187f895531330f67b8831b94532d5feca4eb33884c50d55c51789109aa822d,9ded53ed4a10a3a626f44e3ade2aa7f9b63ec11fea7ce8f439b5bb9ee15878aa,True,1,outer_side,container_handle,handle,16528,a7a7276b74baa383dd27fb95404bd9e2cb188343f698e3d1f629d58225f7aa8e,sam2-amg[facebook/sam2.1-hiera-tiny],"[""sam2-amg[facebook/sam2.1-hiera-tiny]"", ""grounded-sam2[IDEA-Research/grounding-dino|facebook/sam2.1-hiera-tiny]"", ""grounded-sam2[IDEA-Research/grounding-dino|facebook/sam2.1-hiera-tiny]/profile-dense"", ""grounded-sam2[IDEA-Research/grounding-dino|facebook/sam2.1-hiera-tiny]/profile-refine"", ""hpid-appearance-contour""]",0.0,
basket__02,basket,9,0.0,2e6f5dfaea1d920f46a2e6c4aa7b17a07724927bdbecf6168c44e5ee5248f2ad,1460226549318b0a727f529511745a6187a85160f0f931bfd7e3ededa0ae515a,2385a0da2a84d029d35537a66804236fc7ee878cf8fd85fce5a49f1f580a6311,af2b62409c5283304a89f816a23405ba6a122e568dd0b00b8b2e4db89295a611,True,1,inner_wall,container_base,base,19226,2a24db1ed2c9bebda9f5b1e33697a6e17c42cea278c6058a38bdd71bae9c0489,sam2-amg[facebook/sam2.1-hiera-tiny],"[""sam2-amg[facebook/sam2.1-hiera-tiny]"", ""grounded-sam2[IDEA-Research/grounding-dino|facebook/sam2.1-hiera-tiny]"", ""grounded-sam2[IDEA-Research/grounding-dino|facebook/sam2.1-hiera-tiny]/profile-dense"", ""grounded-sam2[IDEA-Research/grounding-dino|facebook/sam2.1-hiera-tiny]/profile-refine"", ""hpid-appearance-contour""]",0.0,
basket__03,basket,9,0.0,2fcfac6d99f33c4f68373912526a2d0ca368a60c26d5d2ab6a92ccca857f54cd,585becf8eb3d07053ba3273b1fd663db5f29f7076b7ff410cb05287ba1e08dd4,e8294e3f588c8d3dcc88d81f01f37bf0a265ddc8e155cc37b41dfcbb010a2080,295981b631fca1db2e3ff1121660e788501f5cbebbc649dcc40210e7d269fa3d,True,0,rim,container_bottom,bottom,6479,9dde76450789b5287a6fdf1e7de23fc79a5fad9675f97e7c516d86fdef098670,grounded-sam2[IDEA-Research/grounding-dino|facebook/sam2.1-hiera-tiny]/profile-refine,"[""grounded-sam2[IDEA-Research/grounding-dino|facebook/sam2.1-hiera-tiny]/profile-refine"", ""grounded-sam2[IDEA-Research/grounding-dino|facebook/sam2.1-hiera-tiny]"", ""grounded-sam2[IDEA-Research/grounding-dino|facebook/sam2.1-hiera-tiny]/profile-dense"", ""hpid-appearance-contour"", ""hpid-repetitive-physical-detail-v1""]",0.0,
basket__04,basket,8,0.0,317bce656d59ea70e032846ba1e8bb69e8ff429804a7b20bc948e69443f69eef,efc303a0c3919ab3257055d09275ada5705beaac3232b5e7f7130aaa5821b572,bb903ed49ab23ad34e4387a3e8a5a7c4fd40031732604f203f0b9861d9068f16,63ef68f232fff7773f0830ab64687aa556c229ac81a37b6030f9e38152039184,True,0,rim,container_bottom,bottom,4293,cf2bb075af456fa6dfafc18dab3e0bd1920280134ae123419770f44c2d402930,sam2-amg[facebook/sam2.1-hiera-tiny],"[""sam2-amg[facebook/sam2.1-hiera-tiny]"", ""grounded-sam2[IDEA-Research/grounding-dino|facebook/sam2.1-hiera-tiny]"", ""grounded-sam2[IDEA-Research/grounding-dino|facebook/sam2.1-hiera-tiny]/profile-dense"", ""grounded-sam2[IDEA-Research/grounding-dino|facebook/sam2.1-hiera-tiny]/profile-refine"", ""hpid-appearance-contour""]",0.0,
belt__01,belt,4,0.0,acd470c9c0f06ef4988166b89d96cb0e61564482271717b17ee0cdefb8ae3d4c,93a403cd9bb4f71aed48f92b2701207a1d43cb2aa866610384e37a46d3e42a40,00b8106f02f1a952df9e75cd3b32dc942f90766b7dd9727cbadc49e53638d989,5c7083361293cd17e03162c5994fd82051e435f760c9d59011f0cf0b3753f977,True,5,buckle,daily_object_flap,flap,138,74fddc2069e115cfa905c9c6e1d0d9659e305f7554b44579eba96ddd32fd159e,sam2-amg[facebook/sam2.1-hiera-tiny],"[""sam2-amg[facebook/sam2.1-hiera-tiny]"", ""grounded-sam2[IDEA-Research/grounding-dino|facebook/sam2.1-hiera-tiny]"", ""grounded-sam2[IDEA-Research/grounding-dino|facebook/sam2.1-hiera-tiny]/profile-dense"", ""grounded-sam2[IDEA-Research/grounding-dino|facebook/sam2.1-hiera-tiny]/profile-refine"", ""hpid-appearance-contour""]",0.0,
belt__02,belt,4,0.0,b76b4a0e8902e94598674109279d00c94eebfbca23ae8d3ee57de4d31251e62a,5df22666df549faf6ab730efee4cfd19d4cd97f5593727f7121d2ef8c2cbd86a,59eca8e065218d344b7ad902fb665ccb9f69595ca9deed8b20c92764030ec0dd,0fd4bd0635ee35620d77032ecc2fec63a4054fa2f0c94270e7f65c28724d4eeb,False,,,,,,,,,,No annotated reference with >=20 unambiguous pixels and two distinct normalized nonroot classes.
belt__03,belt,6,0.0,a0e63cb66148a76a41b7dcbd10ef828529d2f57b651d464d2bd4cd669a8734b7,6ef1fda76b5423191c80e1ae050ba2936d3b5e95aae393ab4d6110d8e6ac46a1,67f26151a590d067665009f1c9d307424a7874f51d6d0a60693c8ac32ede4057,e7ac5268b1016061f7f228f9a4d3593a7c54db48dfadb20b782121c93a1a206c,True,0,belt_loop,daily_object_flap,flap,250,6f2377f597a0e6fdd8c9bc5743e6da76e0c8704467a62bac79dfb4ef9d677793,grounded-sam2[IDEA-Research/grounding-dino|facebook/sam2.1-hiera-tiny]/profile-refine,"[""grounded-sam2[IDEA-Research/grounding-dino|facebook/sam2.1-hiera-tiny]/profile-refine"", ""grounded-sam2[IDEA-Research/grounding-dino|facebook/sam2.1-hiera-tiny]"", ""grounded-sam2[IDEA-Research/grounding-dino|facebook/sam2.1-hiera-tiny]/profile-dense"", ""hpid-appearance-contour"", ""hpid-repetitive-physical-detail-v1""]",0.0,
belt__04,belt,17,0.0,1131a246452219d11f30fa608b33b657f8c926fcacb02e4cf8762f5077154fc6,a49cbc444e3375749e0399ef5f7ffdca20a769464d823bdd899d7a4673944910,00bba5997c5c210ebbb49a8e20433cf91e79fb424bee3575208c691663114cc9,11b422dadb4403a0b35411ed32569179ea98b748a557db91d0888927f9f6be76,False,,,,,,,,,,No annotated reference with >=20 unambiguous pixels and two distinct normalized nonroot classes.
bench__01,bench,6,0.0,6458ebf644495707d36dbf50891e76dc06ea2b47b21fe476b15e74683cccdc45,d50e7e7e34663090a31d01e9a156c5b6a455279a1ed983f27eaeb4334f00e710,f9ab307f3a4351dd9b30c8b45dd6a1bb6b57a1ad5144e78be0c0f79e040f9f5c,59aedb93f4284e56c18dacf9d4404cfe726eea5e7cadc0321e343f7d63a0a5a5,True,2,seat,furniture_rail,rail,7707,cedac986ecc451aea1b1ed14edca244c871e0cfee9bc9512a75433490f8473ce,grounded-sam2[IDEA-Research/grounding-dino|facebook/sam2.1-hiera-tiny]/profile-refine,"[""grounded-sam2[IDEA-Research/grounding-dino|facebook/sam2.1-hiera-tiny]/profile-refine"", ""grounded-sam2[IDEA-Research/grounding-dino|facebook/sam2.1-hiera-tiny]"", ""grounded-sam2[IDEA-Research/grounding-dino|facebook/sam2.1-hiera-tiny]/profile-dense"", ""hpid-appearance-contour"", ""hpid-repetitive-physical-detail-v1""]",0.0,
bench__02,bench,8,0.0,8486206cf326f166283aa126ea1ce521acbe8ead8d23a01b927a2eed86992f18,96d365a517c78a2d838c2de34fb74cae3aa5e3a65c38011e998b276fb770c660,2ec4a3993d57b313e9a026b8e93cb6665a1ec21ca033cba72a2bbd11ab13be91,a8cf0205be8af78a9dc614f4a715ced202154cd0a4b8aa97462cccda90c937dc,True,2,backrest,furniture_cushion,cushion,56065,c1d78b98804e86668e2382ff8a7d468134835f19f9d1de200c262aa71c7fa13e,grounded-sam2[IDEA-Research/grounding-dino|facebook/sam2.1-hiera-tiny]/profile-refine,"[""grounded-sam2[IDEA-Research/grounding-dino|facebook/sam2.1-hiera-tiny]/profile-refine"", ""grounded-sam2[IDEA-Research/grounding-dino|facebook/sam2.1-hiera-tiny]"", ""grounded-sam2[IDEA-Research/grounding-dino|facebook/sam2.1-hiera-tiny]/profile-dense"", ""hpid-appearance-contour"", ""hpid-repetitive-physical-detail-v1""]",0.0,
bench__03,bench,12,0.0,19a19da5fe0066ada7725a5a6688338d8cd06e1cd7b9421d68c5e787cbc3568c,abdf12bbc553f5c81e0def68bb88184190e691a0c2892d87e15ea26611194b4a,f8c8dbc1bdf1f8c2ee2f0c1ab267d435a42b359bed1a8aadecaa22985969d0c1,2d1695ab49af83a6f68c7de082a7619314b2a48eb5f89917bda113a984790e8b,True,0,seat,furniture_armrest,armrest,457,6b0a21818173910354e9e190de4bf59bc39c68832201479441251631ea303552,sam2-amg[facebook/sam2.1-hiera-tiny],"[""sam2-amg[facebook/sam2.1-hiera-tiny]"", ""grounded-sam2[IDEA-Research/grounding-dino|facebook/sam2.1-hiera-tiny]"", ""grounded-sam2[IDEA-Research/grounding-dino|facebook/sam2.1-hiera-tiny]/profile-dense"", ""grounded-sam2[IDEA-Research/grounding-dino|facebook/sam2.1-hiera-tiny]/profile-refine"", ""hpid-appearance-contour""]",0.0,
bench__04,bench,17,0.0,ffbbfe06f19475f32001c6d8f8e173fee026a8514c0aa54b7e9b5a343ae97309,41b8259456db329e1a2c35576cb7d8d3c0a21d33a50e12381a9827d93f8ab69b,5ab7e1c2567265fa058c01d4cf3484c2fa0f148a91c68ea4750b1f90722c33ed,5ab8cabf5cd949296b32362ab080c66781c75ab98370eba7a9c69ab537adf738,True,0,leg,furniture_armrest,armrest,1651,9cd363baf2ccba69e5aeb839a76eb78b43e35e4421b6fa0b01721ce2bd67c04a,grounded-sam2[IDEA-Research/grounding-dino|facebook/sam2.1-hiera-tiny]/profile-refine,"[""grounded-sam2[IDEA-Research/grounding-dino|facebook/sam2.1-hiera-tiny]/profile-refine"", ""grounded-sam2[IDEA-Research/grounding-dino|facebook/sam2.1-hiera-tiny]"", ""grounded-sam2[IDEA-Research/grounding-dino|facebook/sam2.1-hiera-tiny]/profile-dense"", ""hpid-appearance-contour"", ""hpid-repetitive-physical-detail-v1""]",0.0,
bicycle__01,bicycle,11,0.0,faff7c4bfb9d749f4faa3ede821b68dac13b7a58c3a9cf75f5b41553f195c987,673f15f5c51a4ce446325be3afa68b2e19e6b943302aa776f4731e58e43c5256,21d0f4303e28b506c4b23ebcbb6b87cf3b3ea5cd76ec9073e05752c121859681,3ecdffc34a764bf320a92a0a01766ec7e981377c3ed3c11a4db20c107d84c23f,True,0,pedal,vehicle_chain,chain,941,a83b88de0006c9df890ee4368a2fe3e836f813a75bc8143bfb22e4a078aa4c8c,grounded-sam2[IDEA-Research/grounding-dino|facebook/sam2.1-hiera-tiny]/profile-refine,"[""grounded-sam2[IDEA-Research/grounding-dino|facebook/sam2.1-hiera-tiny]/profile-refine"", ""grounded-sam2[IDEA-Research/grounding-dino|facebook/sam2.1-hiera-tiny]"", ""grounded-sam2[IDEA-Research/grounding-dino|facebook/sam2.1-hiera-tiny]/profile-dense"", ""hpid-appearance-contour"", ""hpid-repetitive-physical-detail-v1""]",0.0,
bicycle__02,bicycle,13,0.0,81221abd812164247c53ba7098e29fb14131feea83147ab8fde303cae1614858,a7f01b562c326edc81fa8b1d2b81140f65b283a7c4fc3cd53e6c18c56d4ed398,3e175c91983aed0d906f732a2794962f20426115a23e5b108d44eae5419b2d6c,2af74630c33bec142e667f00ee51794c6be7d6f4496ad0d4369888f956ad6ca6,True,1,stem,vehicle_fork,fork,167,f6636bbf4cd9f745c67c7b5bc9f40ab4f9974f6b8d7f3720da7567f60dcaf075,grounded-sam2[IDEA-Research/grounding-dino|facebook/sam2.1-hiera-tiny]/profile-refine,"[""grounded-sam2[IDEA-Research/grounding-dino|facebook/sam2.1-hiera-tiny]/profile-refine"", ""grounded-sam2[IDEA-Research/grounding-dino|facebook/sam2.1-hiera-tiny]"", ""grounded-sam2[IDEA-Research/grounding-dino|facebook/sam2.1-hiera-tiny]/profile-dense"", ""hpid-appearance-contour"", ""hpid-repetitive-physical-detail-v1""]",0.0,
bicycle__03,bicycle,12,0.0,c5811f8b0bec6d1a15cc27a5b5575318127a8ae1adb1ca9b417f9c1fd3e10bfb,5389921e41fbb8d0625166fe9b6557ae0b81837dcd4b6b4684e5d6e4977f447d,fe367f157b67440bfee23e1b116ff94e5a05b102d5d7c4fd6a024028b556e8a6,0af0b4db86b14cd326299308d5804cbf8cce98f7dbfc963a988ce2c4ea3df9a1,True,0,seat_tube,vehicle_chain,chain,1675,4040c34e5f5f749de80735f3ee5d699bec065d62933378124b48746fdf113163,grounded-sam2[IDEA-Research/grounding-dino|facebook/sam2.1-hiera-tiny]/profile-refine,"[""grounded-sam2[IDEA-Research/grounding-dino|facebook/sam2.1-hiera-tiny]/profile-refine"", ""grounded-sam2[IDEA-Research/grounding-dino|facebook/sam2.1-hiera-tiny]"", ""grounded-sam2[IDEA-Research/grounding-dino|facebook/sam2.1-hiera-tiny]/profile-dense"", ""hpid-appearance-contour"", ""hpid-repetitive-physical-detail-v1""]",0.0,
bicycle__04,bicycle,12,0.0,49ccae5f589f3089430a18651aab26a06065dcedc36fdfe6d701120660e3c204,a4117ec402baee68f8cc44149fd0092ae0aec44531dbac706a20769ca5560315,34c66bbc75d56188344d5e24225ddf1179298e535ba98f7ef69d984d5611b44b,b5338fd4503f8bab3af89eb2baf2c05744253166ecf5469ca870fd70911d9ef7,True,0,tire,vehicle_chain,chain,37946,297665a3ebdbb0e8fae6c76a496bbd5b9bfba06f3451a28eb3c33e0dd79cbbbc,grounded-sam2[IDEA-Research/grounding-dino|facebook/sam2.1-hiera-tiny]/profile-refine,"[""grounded-sam2[IDEA-Research/grounding-dino|facebook/sam2.1-hiera-tiny]/profile-refine"", ""grounded-sam2[IDEA-Research/grounding-dino|facebook/sam2.1-hiera-tiny]"", ""grounded-sam2[IDEA-Research/grounding-dino|facebook/sam2.1-hiera-tiny]/profile-dense"", ""hpid-appearance-contour"", ""hpid-repetitive-physical-detail-v1""]",0.0,
blender__01,blender,8,0.0,de8b063fd92d59df04b3b341cdf101731295eae932c0ca23927c99491f6980e8,ccc058a3841d71577bd6513e16e8895ec69b01a1cea9ab1f24340315603a5ec7,632748a49a4cfe8b809164b02691c31c5423dc7315f58aad9e1f91583832f5ff,442959fa721612002399e4c28d56faa8b23d90b15a8138a01749212914f88678,True,1,jar,device_base,base,28844,98560f3648b6ba161fb932262e5c95b090380b3d64bc5aa947beba6e267736f8,grounded-sam2[IDEA-Research/grounding-dino|facebook/sam2.1-hiera-tiny],"[""grounded-sam2[IDEA-Research/grounding-dino|facebook/sam2.1-hiera-tiny]"", ""grounded-sam2[IDEA-Research/grounding-dino|facebook/sam2.1-hiera-tiny]/profile-dense"", ""grounded-sam2[IDEA-Research/grounding-dino|facebook/sam2.1-hiera-tiny]/profile-refine"", ""hpid-appearance-contour"", ""hpid-repetitive-physical-detail-v1""]",0.0,
blender__02,blender,9,0.0,8c322c8d42d643a461ce894ed6c918af6175aa59b2ffe4fbe535f08e5060b9b0,69211533ff268e3ddb9e39612a1b3d94668b6e12e07781c35a132ef777209764,7ede5db1900eab1deef3f8fc4ae9f92ef91ae0ee940b8082b3f93436dce4cf4b,f31a4c443ed8bbd299f16d2ae72bcb54b3363e1a5239397275bbdb1bf5ba4fe3,True,0,lid,device_button,button,24,7bc8fe7b3a698a557a0f3e42dfd0467e863dd97fd4d05ff98046ead4bbf595b4,sam2-amg[facebook/sam2.1-hiera-tiny],"[""sam2-amg[facebook/sam2.1-hiera-tiny]"", ""grounded-sam2[IDEA-Research/grounding-dino|facebook/sam2.1-hiera-tiny]"", ""grounded-sam2[IDEA-Research/grounding-dino|facebook/sam2.1-hiera-tiny]/profile-dense"", ""grounded-sam2[IDEA-Research/grounding-dino|facebook/sam2.1-hiera-tiny]/profile-refine"", ""hpid-appearance-contour""]",0.0,
blender__03,blender,13,0.0,8bca5a89e123069a91fd059e2e0615b737fec9f6ee584f09518c6c6ce3691191,d66f8cba82fc76c49dca76d16aa88ccd295ed24dd8bf20a61cfa9e867926b8d9,287b061c8161eb5de0ff13fa0a9f96f4ec9b1424c793d884d7bf21f46ed939c8,f8aab44a5bec54b2cdd0e4c029f1551d373bb628e87121ad4ce54b49695f7ad5,True,0,handle,device_base,base,287,0d67662cfd83e99cd7338fcfd0b441876199f6982bbf5993db7db501cac11276,grounded-sam2[IDEA-Research/grounding-dino|facebook/sam2.1-hiera-tiny],"[""grounded-sam2[IDEA-Research/grounding-dino|facebook/sam2.1-hiera-tiny]"", ""grounded-sam2[IDEA-Research/grounding-dino|facebook/sam2.1-hiera-tiny]/profile-dense"", ""grounded-sam2[IDEA-Research/grounding-dino|facebook/sam2.1-hiera-tiny]/profile-refine"", ""hpid-appearance-contour"", ""hpid-repetitive-physical-detail-v1""]",0.0,
blender__04,blender,10,0.0,90a075d21ed9a5445b8cbb2e826898f2b305994159cb893e75fc1598626c79c7,c4b0f1011b45a0e8d1451cee628bf8fc43831e9ff8756e44cbd111832ac79a9b,c229b22093feb6857a5d6c4968121ebb49bba92a9283aadddc95988f7a3153c5,a8553ca8660b1fa4342b5c706b6f4abdadebadca7c8b6e9b25c799bc4c111288,True,0,lid,device_base,base,3737,f8ba72640e643d974e9f5870f74539c487866e47ffb76418eece10121c2a9729,grounded-sam2[IDEA-Research/grounding-dino|facebook/sam2.1-hiera-tiny]/profile-refine,"[""grounded-sam2[IDEA-Research/grounding-dino|facebook/sam2.1-hiera-tiny]/profile-refine"", ""grounded-sam2[IDEA-Research/grounding-dino|facebook/sam2.1-hiera-tiny]"", ""grounded-sam2[IDEA-Research/grounding-dino|facebook/sam2.1-hiera-tiny]/profile-dense"", ""hpid-appearance-contour"", ""hpid-repetitive-physical-detail-v1""]",0.0,
book__01,book,4,0.0,7f96ccf16578b2d87a56bc2bee9f3346f9815a10817e613672b736ec57426c88,74ba04128b8ff27ded5428325e316373fa93ad6345fff7119e7265eff3a3062e,dc3a2c85fedcb40bdc1265e6038f9efff7c6ec49a1ef8a5700563d986bf4e2cf,b3ac5618d74f1395f6893aca56ce9c1506b4e79bb6bc4358a7c5f96dbf23ab32,False,,,,,,,,,,No annotated reference with >=20 unambiguous pixels and two distinct normalized nonroot classes.
book__02,book,2,0.0,2c417fd50c7f2c55c78e2e018675b6ac52f4e9abec79a95f20599798e76c51df,6081cc0301af151d7d2d2413ba8907afd5b75502c8bba2a6f3d11eae592a8c1f,dacccdd04be7383cfbc5bc0fb8e414bf6a831e78377fe59b5f55aa4c293ac16d,c8a1121454a2b44c2f9c3a0b18bcd5fd23454d92e12a447c1f3b4732fe38d337,False,,,,,,,,,,No annotated reference with >=20 unambiguous pixels and two distinct normalized nonroot classes.
book__03,book,7,0.0,3a7a43ceff8d3ce02d85d71b13e6dc6483efdff7033cda4d40db6abf1b2d8dc3,cf3b679e29fa15b2eae29a4ef9a5b4fd4f0792a9499719e594b09cefc84fbc5b,bc46ce6a6ee38907302c5cdf5dad9d63085ab23e4304698ed0076b0e3229421f,52dfab42f2d3a637b7bd4ff5f2f31e671aba965b62a702c344736911be662f5f,True,0,cover,daily_object_page,page,46203,e45d88161bc022b76e6fdad3b2e520d2c863af224db3e78dfeed301554e718f2,grounded-sam2[IDEA-Research/grounding-dino|facebook/sam2.1-hiera-tiny]/profile-refine,"[""grounded-sam2[IDEA-Research/grounding-dino|facebook/sam2.1-hiera-tiny]/profile-refine"", ""grounded-sam2[IDEA-Research/grounding-dino|facebook/sam2.1-hiera-tiny]"", ""grounded-sam2[IDEA-Research/grounding-dino|facebook/sam2.1-hiera-tiny]/profile-dense"", ""hpid-appearance-contour"", ""hpid-repetitive-physical-detail-v1""]",0.0,
book__04,book,5,0.0,a7dbed4692dd68fffe7d148928e01b3a5308d66934f04ad7cff5d80491c287c2,38e7ad84cae99ecab81f0516704e861147e45d9502c9de3e605f8c55535c5848,fa2018f4322200f64990a6f007fa58eae3f76e23f00104cafd3fca43e9d119df,460603d693e9c2807979acc24e2cec63192027afb2ae9aef65ed07601cfb8273,True,1,page,daily_object_spine,spine,34284,6d73cf965f057c6edc557343a2f1d4f2508fcdbba6cf582002696da89927d95b,sam2-amg[facebook/sam2.1-hiera-tiny],"[""sam2-amg[facebook/sam2.1-hiera-tiny]"", ""grounded-sam2[IDEA-Research/grounding-dino|facebook/sam2.1-hiera-tiny]"", ""grounded-sam2[IDEA-Research/grounding-dino|facebook/sam2.1-hiera-tiny]/profile-dense"", ""grounded-sam2[IDEA-Research/grounding-dino|facebook/sam2.1-hiera-tiny]/profile-refine"", ""hpid-appearance-contour""]",0.0,
bottle__01,bottle,7,0.0,ed04ba02676e77442181069429519b75a18915a49645cacead837d1e4acaac2f,bd2bd638fea66af8b76e2230841a47a9e4035d9f2608a29aaa64750ae0ecbfbe,d4d659fcb211ec9a8c7b38ee3b576d36068bfe40f599e41e1c49147552f738b2,417444c22f5d6504d5cbfde3167d1279222c36f8faca2cd71f858bf8f7727cec,True,1,body,container_inner,inner,5004,c8427b1ecfd779c9920dd1370fb0316b040e5f744cd8e2177636b69ad85ea4b2,grounded-sam2[IDEA-Research/grounding-dino|facebook/sam2.1-hiera-tiny]/profile-refine,"[""grounded-sam2[IDEA-Research/grounding-dino|facebook/sam2.1-hiera-tiny]/profile-refine"", ""grounded-sam2[IDEA-Research/grounding-dino|facebook/sam2.1-hiera-tiny]"", ""grounded-sam2[IDEA-Research/grounding-dino|facebook/sam2.1-hiera-tiny]/profile-dense"", ""hpid-appearance-contour"", ""hpid-repetitive-physical-detail-v1""]",0.0,
bottle__02,bottle,8,0.0,da2ca5ebe3e7f73b67553a3c8df76a32454f820603c0dfa140124890669293c5,814b04d16e98589997bec53fef76e8d05ed2c77e03853a3e6dd901930bb1cb26,2695b0966b441b88ef058b9d303ecb7b458557c2ccafc637bed91d10a53e9de4,44108824fa721798a950d44dcd0df9b2c19756bfd25a998816edde00551e681e,True,5,label,container_bottom,bottom,6277,9dead18f9f978ecb10d05cab406f28f72cc482f2aa69bb57acea6542c12229ee,grounded-sam2[IDEA-Research/grounding-dino|facebook/sam2.1-hiera-tiny]/profile-refine,"[""grounded-sam2[IDEA-Research/grounding-dino|facebook/sam2.1-hiera-tiny]/profile-refine"", ""grounded-sam2[IDEA-Research/grounding-dino|facebook/sam2.1-hiera-tiny]"", ""grounded-sam2[IDEA-Research/grounding-dino|facebook/sam2.1-hiera-tiny]/profile-dense"", ""hpid-appearance-contour"", ""hpid-repetitive-physical-detail-v1""]",0.0,
bottle__03,bottle,12,0.0,15ebed074e8d0822feb1f1b4307f388ffd729b9088da3693d6680187fd7d22f5,0f90d30ccb0306fc65feda7c5f5f1832cf0dd1b2a18a9128534219f9046470ec,2d92bfe9e86688f21fda5b5a396513420ee34ee3f188b1233a56bd066abf1bb3,c8cd85242e5b52f5873c8dbf2c78c1e27004d851bf6ffe4bb6ebd87a5440e33b,True,0,lid,container_label,label,2401,838bc5083bf89bee77e7d15cf34cea72bf17cfb4ea33a5580f8be53e5f36e678,grounded-sam2[IDEA-Research/grounding-dino|facebook/sam2.1-hiera-tiny]/profile-refine,"[""grounded-sam2[IDEA-Research/grounding-dino|facebook/sam2.1-hiera-tiny]/profile-refine"", ""grounded-sam2[IDEA-Research/grounding-dino|facebook/sam2.1-hiera-tiny]"", ""grounded-sam2[IDEA-Research/grounding-dino|facebook/sam2.1-hiera-tiny]/profile-dense"", ""hpid-appearance-contour"", ""hpid-repetitive-physical-detail-v1""]",0.0,
bottle__04,bottle,10,0.0,eb3d0474979164da0e24973f21ad045674dc2482f7cb9783a1815ab01da407b7,2a9de3555862cfa4f79bd22793ca32ec7c715404e0a8d90f2b30012b81bb3722,4cb489de9828d7dc06b16ec7ac849b6e0675bcdca69843dc17a84a28afe3e612,27233a717c8e03902cec675d16f6d24751d3b2f11a9e45e279f5d517a3632dbe,True,0,lid,container_base,base,1724,aa1c8cee95c2b2da3692137f14ec5b0b4aca33480a7812848fb7579127cfa5e8,grounded-sam2[IDEA-Research/grounding-dino|facebook/sam2.1-hiera-tiny]/profile-refine,"[""grounded-sam2[IDEA-Research/grounding-dino|facebook/sam2.1-hiera-tiny]/profile-refine"", ""grounded-sam2[IDEA-Research/grounding-dino|facebook/sam2.1-hiera-tiny]"", ""grounded-sam2[IDEA-Research/grounding-dino|facebook/sam2.1-hiera-tiny]/profile-dense"", ""hpid-appearance-contour"", ""hpid-repetitive-physical-detail-v1""]",0.0,
bowl__01,bowl,1,0.0,a802942657023bb67fd382c37c3c2a9826ca8c7f0c1b24c843c974781133898d,b3e109b2881e38d9c77c28aadceb385066cf16a085065bc378b0ffcad5ba5e18,9e9870f374c6523faf4ff09bc064cdaced0c8a481ccd61599f3d52c2838a85c3,14f1131be90dec4541ed3cbd8600b9b51d1f8369e7b9e69e5d77143cf0bcbf02,False,,,,,,,,,,No annotated reference with >=20 unambiguous pixels and two distinct normalized nonroot classes.
bowl__02,bowl,1,0.0,4803559c799cc80efc1d5721e92d1b801787837d1ad0b1b8b301f56241cd523a,eef89fa0def08ace74fbdf4bf2a48e0bffb1d7a7e15af8aa7e13b5dfbcdc4066,7990c5b2d14485649e22b3a6c95c3dbe76fc3dd650e4a74af11d1677c0a94bc9,7002a83947acdf7707c70238b72b44ac3ff4dbc764127c8e5fd3c09f59ca904c,False,,,,,,,,,,No annotated reference with >=20 unambiguous pixels and two distinct normalized nonroot classes.
bowl__03,bowl,2,0.0,9fb27e8b58ff698ef30d3da30b804b2f626e182ef3e8ca6260d5e8cc9404b8ec,5e22a0f1ef1876446d3a8df4b10c3292779d938c1a06d2dea15022dc49418052,783f0981a3e42124d1c6d88506aaf2420fea66f3ca4da7d754f005470b958558,16db3110f64ff2e18bb5998ffd27c97f5b7a352e1d5d0a2e876c0518808f6426,False,,,,,,,,,,No annotated reference with >=20 unambiguous pixels and two distinct normalized nonroot classes.
bowl__04,bowl,5,0.0,254935d242689524cfe1efb0a9f7109118b1467eea6540d9dd3c45ecd0b9a1e9,54ca92e873a42c45681b9c972869b93ad36f8613565b4624afb96839a282ae83,6a43e1ddadace466d8448484e98a51e9fa26786ad25b86d5e2b5020b4efd26a2,9e5547f34a833281f5b47ba33e41a411fbd95b4e42f18d043e5436473c9e55be,False,,,,,,,,,,No annotated reference with >=20 unambiguous pixels and two distinct normalized nonroot classes.
box__01,box,11,0.0,08f70103a68e97112ab63a4cfa49d6ac4051dcb43c1984771c26b36f0f7f056d,5bcb114ec1ecd79ba3bae2c3739ccf38eb945bb3037ed32903bae506aed7e7bc,039dd826b71ef3658caa3b8efcda37157434dee6130874d8a5d8c633f77c60df,deb60703b61d63ef04a4dfd94627f4feacc0e2f94431b15948985c9e285a800a,True,0,lid,container_bottom,bottom,32640,404eb157c6f0f58a45b5ba30148e0dd2587bcfa5afaaaa0dba2dd0b77393834b,grounded-sam2[IDEA-Research/grounding-dino|facebook/sam2.1-hiera-tiny]/profile-refine,"[""grounded-sam2[IDEA-Research/grounding-dino|facebook/sam2.1-hiera-tiny]/profile-refine"", ""grounded-sam2[IDEA-Research/grounding-dino|facebook/sam2.1-hiera-tiny]"", ""grounded-sam2[IDEA-Research/grounding-dino|facebook/sam2.1-hiera-tiny]/profile-dense"", ""hpid-appearance-contour"", ""hpid-repetitive-physical-detail-v1""]",0.0,
box__02,box,8,0.0,bc8a7e9275daf1e430607519b901be7798ae8d6b5f4355549b290e871810e833,0e402641d57444485be71e53e989d3623221cb8622e6875ba07c65287ef278b6,1c6accb923f1bae43a836b0defa0952ee662f4fa4b9f8d71b51f64d18f40fa1e,9dc28171d05d78799665986d3c2fcae038b76e8b3c05f745bbb2e9c98fdc2658,True,0,bottom,container_lid,lid,10348,fc8987b4b0b7326e1f423eae5c7a876f281301157c4ce2402a9c5bd3110f1583,sam2-amg[facebook/sam2.1-hiera-tiny],"[""sam2-amg[facebook/sam2.1-hiera-tiny]"", ""grounded-sam2[IDEA-Research/grounding-dino|facebook/sam2.1-hiera-tiny]"", ""grounded-sam2[IDEA-Research/grounding-dino|facebook/sam2.1-hiera-tiny]/profile-dense"", ""grounded-sam2[IDEA-Research/grounding-dino|facebook/sam2.1-hiera-tiny]/profile-refine"", ""hpid-appearance-contour""]",0.0,
box__03,box,2,0.0,352b2aeb754dc4e585024143a2fea8d85509ccfe3f0eabe312bd0d4e6b0b2ae7,ee61753a9e4c88eec3aed13e569f895936e9726c4080ed8284e9330c10b66e0b,18e1f5fd607f373646e0cca42358bc21978cffee6775cc2bf0e1b5974a36cf94,704e4363000ce1b7b1e3ed221d176eedc8549a941f1f0795e478a84f6611ee5c,False,,,,,,,,,,No annotated reference with >=20 unambiguous pixels and two distinct normalized nonroot classes.
box__04,box,1,0.0,a4b84c8616c4b242ec1d669d1ca52016ec5a29734b6314ceed92eb78b5b4c7fd,eadb2d2f43bd5ccc674fd1eb0a3db59edbf0fa12e6c0ecd98e2e3335f42da7ce,ecbf300dfb073a22a5e1d57593c24e7696f52effe03489e93e85272f4624e70c,4a7f768ba9a9d4d581e7aee7d7b572285bd37c280b68cf94653b39da6ea9e67f,False,,,,,,,,,,No annotated reference with >=20 unambiguous pixels and two distinct normalized nonroot classes.
broom__01,broom,5,0.0,f0ddb9ddf38321e130ecde35936d41ac6760228079653f3825157582ff509c73,221c679ff07a55e4f6d109637bb908f4565e7e11e6954b0c5156efd1998235fe,87e14f6258338aac11f76e69d159fa1401c3a69c7f544f22ac5897f351f41b8f,640ee9d5d97c0247ab0764b128a4d976cc93efb8fdc3898a8fbe3cae37aa4a0a,True,0,shaft,tool_prop_brush,brush,780,3bc931c3b6d8bc467f7aa5efc1906f9bcda185f083410829d4ef6ba2c6a20e3f,grounded-sam2[IDEA-Research/grounding-dino|facebook/sam2.1-hiera-tiny]/profile-refine,"[""grounded-sam2[IDEA-Research/grounding-dino|facebook/sam2.1-hiera-tiny]/profile-refine"", ""grounded-sam2[IDEA-Research/grounding-dino|facebook/sam2.1-hiera-tiny]"", ""grounded-sam2[IDEA-Research/grounding-dino|facebook/sam2.1-hiera-tiny]/profile-dense"", ""hpid-appearance-contour"", ""hpid-repetitive-physical-detail-v1""]",0.0,
broom__02,broom,2,0.0,fba4326cab914c46bc7c78a481906c15eee43f31be41efabd525f3c488a68767,a00a8f97cba1143a1349b80837f6ce39047df98d87a4efa7cf88549eb693db0e,4753ecc90524aa9932f94ddd37157cb1a834fb7fb4ce8992eae98281ce88a9ff,5f85abba8d1b971d87a903f3f603fd61f2ea6fc486aeb9df24b4083010135ab5,False,,,,,,,,,,No annotated reference with >=20 unambiguous pixels and two distinct normalized nonroot classes.
broom__03,broom,8,0.0,0f7e7636d407436a27d5bba96cb30432d0c98d557947c26c230d051f4ac5b9ab,3b2aa9ebf3ccd5b17218a428c753eb56703aac568ed78dbd85f15f34cfc7bb79,1c3fa1b5a1b57e77582b8bf9a67e61bdf2f1ebbfdc4761b95e9f99e42c42fa41,ac88f6dbd98f385a2386ce2f52a8718cb77695a56b3cce0d10013f15b4171e58,True,0,lower_bristles,tool_prop_brush,brush,2957,c5c012530abe360d85a30c10b3c3ca02a8c00c8273a0e3c1a3504b57431f1a96,sam2-amg[facebook/sam2.1-hiera-tiny],"[""sam2-amg[facebook/sam2.1-hiera-tiny]"", ""grounded-sam2[IDEA-Research/grounding-dino|facebook/sam2.1-hiera-tiny]"", ""grounded-sam2[IDEA-Research/grounding-dino|facebook/sam2.1-hiera-tiny]/profile-dense"", ""grounded-sam2[IDEA-Research/grounding-dino|facebook/sam2.1-hiera-tiny]/profile-refine"", ""hpid-appearance-contour""]",0.0,
bucket__01,bucket,9,0.0,51eab292831e7b463f5f52262a5c1cc36bb09a9a070deeb87be8b71ae8fbf5c1,d325be6350130a22439b00e9413ccb918764d20091ea4d2e4435c7bcde476e85,334c2c8f0fa2b717df77cbd2f343c3d48612a71f0cda7fc12f9fffb95deb07e7,01c4226333d7ca5cfc97eefac365f26c35af60f155defeb19aa735f7d1fc1be4,True,0,inner,container_bottom,bottom,7282,454e55a3ba00f2298089e1b2086bc63cd26a22e49f7906448f4fa7017fb8a182,grounded-sam2[IDEA-Research/grounding-dino|facebook/sam2.1-hiera-tiny]/profile-refine,"[""grounded-sam2[IDEA-Research/grounding-dino|facebook/sam2.1-hiera-tiny]/profile-refine"", ""grounded-sam2[IDEA-Research/grounding-dino|facebook/sam2.1-hiera-tiny]"", ""grounded-sam2[IDEA-Research/grounding-dino|facebook/sam2.1-hiera-tiny]/profile-dense"", ""hpid-appearance-contour"", ""hpid-repetitive-physical-detail-v1""]",0.0,
bucket__02,bucket,1,0.0,7186f1b3d5c91337a0b4a36e6e560b03d75a188e8c0f0c4c99691a93a305e624,c39e98c6da3c950e3eb9b9ae4f3a105a13d44186c2d3698c59c993d323d7637f,f2cc827d5516fe0b08d18cd95dc13140271a7b9e09c7711860304b19360fa118,ced6c31d4c415b41dc5c7f38b9bc8e325b37d377c78a6fb55e8a5d3d50c500fb,False,,,,,,,,,,No annotated reference with >=20 unambiguous pixels and two distinct normalized nonroot classes.
bucket__03,bucket,10,0.0,df510d2d7a6b13d01c926e589d641c7156b2a3bf1aa649433f8d405fa6bee1e9,3c56a67313ee2a36297754cc1f100f73b121fd5a2bdb494525f2eebbe63ce5da,8959ba7455ebcddc26faf23efa27b55cc72253110667f5fa2b0fd10cf365bc3d,615513f5f2a3be84d6d14968e74f77eee6c0459fd62c265ad63d9bc7193eb2d6,True,0,handle,container_base,base,336,b08adddc8d82654fa8bccdbce88152f0dd8fe62e8541d67263bfa01b327d994a,sam2-amg[facebook/sam2.1-hiera-tiny],"[""sam2-amg[facebook/sam2.1-hiera-tiny]"", ""grounded-sam2[IDEA-Research/grounding-dino|facebook/sam2.1-hiera-tiny]"", ""grounded-sam2[IDEA-Research/grounding-dino|facebook/sam2.1-hiera-tiny]/profile-dense"", ""grounded-sam2[IDEA-Research/grounding-dino|facebook/sam2.1-hiera-tiny]/profile-refine"", ""hpid-appearance-contour""]",0.0,
bucket__04,bucket,3,0.0,839e7bf7f622b3d442b8885899aace773d4eabe0d3edc6f9e53eedec45dcf852,3c61d78750de5669bab22e83be3b93acc74ef7fc5999abd19d86604d21a1f957,5dd8ff77b1e480259a778a61177c62d4cc6daeeff11f2e486666f4ca6f194fa3,e5e135cd7ba1429d3cfffef94e3df64586fb26189ff85b088adb1a2c173aa47e,True,1,handle,container_inner,inner,2136,17867f63ec6292b476d187c94e7a75c75d1b07f8452450a85882a7bf3b507870,sam2-amg[facebook/sam2.1-hiera-tiny],"[""sam2-amg[facebook/sam2.1-hiera-tiny]"", ""grounded-sam2[IDEA-Research/grounding-dino|facebook/sam2.1-hiera-tiny]"", ""grounded-sam2[IDEA-Research/grounding-dino|facebook/sam2.1-hiera-tiny]/profile-dense"", ""grounded-sam2[IDEA-Research/grounding-dino|facebook/sam2.1-hiera-tiny]/profile-refine"", ""hpid-appearance-contour""]",0.0,
calculator__01,calculator,9,0.0,ed0ad16bbe8f93bd4f23962e17412b3a2a55e994568f65d692ecc1f83857f76f,dae006f0e36d8bb78cff33e3c761d0ecbc06f6a1cfdbe9c73e7a274931c18b23,e398d949cb039d734d9e7c48da279462184df6056fbbf6888f76ea8e27787321,e8ef024b08d7c2ac69c7e4a4578d862ac8ea256256d1a41f9cb22d89741692a1,False,,,,,,,,,,No annotated reference with >=20 unambiguous pixels and two distinct normalized nonroot classes.
calculator__02,calculator,17,0.0,cb0ff32c2fb33ae4f5a2d79ff1b629c0ce51d66ac8517c931e7cc204a8e482f1,4b2b63eb409e1ea42530985a4524a645380e711c4e7762c95a1edf5a76722f43,d7d9d6e67c6d02dbb145e978ef80860a80f04831eb7e566a4541a2fea42f86a4,415991b55bec1745197abc8d522745ef09317ce7df3cc9ec01700086d83f8829,False,,,,,,,,,,No annotated reference with >=20 unambiguous pixels and two distinct normalized nonroot classes.
calculator__03,calculator,13,0.0,c98cd3d4a827b20d89da9e1dc5ad0df0d7e8f3d17eb51b35fecf68d9ca8d2fe6,a3bc01efe4653f1367883a7ecb48f7cced7a2db63bfa172ad5e7dcd4f8501df2,ba6035827f475ff95f3639ca5d11d628a7d0b55c9dac301a40e94a3b50303438,052757e32e7ae39b851a2d440e19023e8077ff3b2206ab1cc223664a7332bbac,True,0,key,device_base,base,1737,064e229e691d1d0bdb1c38e46e6a4fc675b69b895f2a2b66f5c5ee875bb3cfcf,sam2-amg[facebook/sam2.1-hiera-tiny],"[""sam2-amg[facebook/sam2.1-hiera-tiny]"", ""grounded-sam2[IDEA-Research/grounding-dino|facebook/sam2.1-hiera-tiny]"", ""grounded-sam2[IDEA-Research/grounding-dino|facebook/sam2.1-hiera-tiny]/profile-dense"", ""grounded-sam2[IDEA-Research/grounding-dino|facebook/sam2.1-hiera-tiny]/profile-refine"", ""hpid-appearance-contour""]",0.0,
can__01,can,11,0.0,9d5f084c002c47cb577e354b4c2f7c916aa50a35e57746b1cd65cd16ac3a98eb,f4ddfe7c8da8a7cd951b6627f1b583599060db1b1de13e18226b8da25411ee97,2f22f041d60ba1963ab4917504dba105663398f398d94f580d8ee36daabf0c10,fdf87b8376fbe65c0dbab55c5ae4ba57d7908fb445e487252731e9da4cd7bc6a,True,1,pull_tab,container_handle,handle,225,48f81df45d6c36891a4568ffc69546520e4fb6a094184223dfda177a4e966125,sam2-amg[facebook/sam2.1-hiera-tiny],"[""sam2-amg[facebook/sam2.1-hiera-tiny]"", ""grounded-sam2[IDEA-Research/grounding-dino|facebook/sam2.1-hiera-tiny]"", ""grounded-sam2[IDEA-Research/grounding-dino|facebook/sam2.1-hiera-tiny]/profile-dense"", ""grounded-sam2[IDEA-Research/grounding-dino|facebook/sam2.1-hiera-tiny]/profile-refine"", ""hpid-appearance-contour""]",0.0,
can__02,can,11,0.0,f1e81c7adc6b5e62b27af664edd8f6de00cdbb8c1ced0653f936a85cd5de230e,f826bb6cee4d588ae30a2c564c5bd9d82ed500e30a4ead7d78185c8d2cc6cd97,39ce8302d48d41c6648bba39cb087e0d25d1259b9556f7cb354c90a6a962ec78,74624def843709cbaa29952994a8256a2898d72acc49aa973495d74cee27aa9a,True,0,pull_tab,container_handle,handle,239,e59c83255f37b0ef39abf0f7090db9ceae44ce5f56577fd83cf7a9e368205f4b,grounded-sam2[IDEA-Research/grounding-dino|facebook/sam2.1-hiera-tiny]/profile-refine,"[""grounded-sam2[IDEA-Research/grounding-dino|facebook/sam2.1-hiera-tiny]/profile-refine"", ""grounded-sam2[IDEA-Research/grounding-dino|facebook/sam2.1-hiera-tiny]"", ""grounded-sam2[IDEA-Research/grounding-dino|facebook/sam2.1-hiera-tiny]/profile-dense"", ""hpid-appearance-contour"", ""hpid-repetitive-physical-detail-v1""]",0.0,
can__03,can,7,0.0,ab5d806b67eab869713ee936650d2239739bf14ecfb5efa52b516ba074c3f98c,82f513aae10e90211d95df7bbf95250492e57867a525e3b4309f48663c949d64,2203826dd751baafc46217a97b74c1e733131d3783682bbf5dd393a1dbb00a78,822528aed0a523c46a2f17022f81e5c8d14eca349084d1ce43a00bd1924a82bb,True,0,pull_tab,container_inner,inner,92,bed4a6779263b22c3016d5f16e72e6d7e86d4323198097d2a8f94081f1a04528,grounded-sam2[IDEA-Research/grounding-dino|facebook/sam2.1-hiera-tiny]/profile-refine,"[""grounded-sam2[IDEA-Research/grounding-dino|facebook/sam2.1-hiera-tiny]/profile-refine"", ""grounded-sam2[IDEA-Research/grounding-dino|facebook/sam2.1-hiera-tiny]"", ""grounded-sam2[IDEA-Research/grounding-dino|facebook/sam2.1-hiera-tiny]/profile-dense"", ""hpid-appearance-contour"", ""hpid-repetitive-physical-detail-v1""]",0.0,
can__04,can,13,0.0,1d1b31e5d3ba1b37da1bafdc994b0fe6f8778445f583d9a33794f97e49509494,f562eda8bbe37dfa5d8f3fc9d06d4ed7e6f8bcbbb5909b924be7aab5674ac163,5369240ccaef52c55a5bb038ff2727981c5e49b2df65a199ab42bc9bdfd3c16d,bdb84c613e1928ea294dd3f5e706cb3b1398f6f58f126a3d0a5524e648a8caad,True,0,label,container_inner,inner,6125,5c9eab722dfca69d312699531004ad9be18af16570a3b8779cbe1a4055036eab,grounded-sam2[IDEA-Research/grounding-dino|facebook/sam2.1-hiera-tiny]/profile-refine,"[""grounded-sam2[IDEA-Research/grounding-dino|facebook/sam2.1-hiera-tiny]/profile-refine"", ""grounded-sam2[IDEA-Research/grounding-dino|facebook/sam2.1-hiera-tiny]"", ""grounded-sam2[IDEA-Research/grounding-dino|facebook/sam2.1-hiera-tiny]/profile-dense"", ""hpid-appearance-contour"", ""hpid-repetitive-physical-detail-v1""]",0.0,
car_automobile__01,car_(automobile),19,0.0,7773f997fe2f631669777cc3aa8e056ad638653c8f235857fc472bf4c4326a37,b17e469b68cc253baedb0574fe3569a3ad384cf5fff7ca922a66ef3dc0ac7bb8,063cf294b084f3254024416f6310b9179b1287e2c4a737e7ec0b667133f461fc,e95dca14c96cafc35cc1c76677e78a5e89bdbbb16bb30623d6b1fbe68dd6e637,True,2,wiper,vehicle_bumper,bumper,97,22cd9a62f385dd11e40fe53c10be825c925fe8a4f2e32f3b0917601c2b212d2b,sam2-amg[facebook/sam2.1-hiera-tiny],"[""sam2-amg[facebook/sam2.1-hiera-tiny]"", ""grounded-sam2[IDEA-Research/grounding-dino|facebook/sam2.1-hiera-tiny]"", ""grounded-sam2[IDEA-Research/grounding-dino|facebook/sam2.1-hiera-tiny]/profile-dense"", ""grounded-sam2[IDEA-Research/grounding-dino|facebook/sam2.1-hiera-tiny]/profile-refine"", ""hpid-appearance-contour""]",0.0,
car_automobile__02,car_(automobile),19,0.0,1329ba8e09e0970187ba40795e62e87e9ebe7cb771a0be3b4f35c8bb99354e52,40d3dac277d6bf48cb2cb6c4f434350457bf653d47a9f3d1e3db20452355c697,e9353f0b1eab07fc64cec304a406c10fc1db2b7bde478ffad7a7808c81d7598b,aeb49e6fed01f1c0a0c6480c3faacd29298516cf04591422f5c85e6f91352f07,True,3,roof,vehicle_antenna,antenna,2097,aadf2fb372ca7279a10f1a8c63700874c855384c0f1250f436f7317ad2218e12,grounded-sam2[IDEA-Research/grounding-dino|facebook/sam2.1-hiera-tiny]/profile-refine,"[""grounded-sam2[IDEA-Research/grounding-dino|facebook/sam2.1-hiera-tiny]/profile-refine"", ""grounded-sam2[IDEA-Research/grounding-dino|facebook/sam2.1-hiera-tiny]"", ""grounded-sam2[IDEA-Research/grounding-dino|facebook/sam2.1-hiera-tiny]/profile-dense"", ""hpid-appearance-contour"", ""hpid-repetitive-physical-detail-v1""]",0.0,
car_automobile__03,car_(automobile),26,0.0,403d27d07224cae60d598eec45fe801e826f788e7b071046cc27ebbc2792a11f,da65014909fc6fa5e5998f456d632f569d8300aed75be5d157a3670d2af491f5,b2bd6ae36214ee4263ed06627e1062a50c65233fbbf6fd60d30198c2c3844377,c68305740337dfca1d676e0513a68a360ecce35bbfd8189ca38f3032b5f83bb1,True,0,headlight,vehicle_bumper,bumper,1129,8b03065944849ad8eacfe5ab0786990a84c938c8e04911abf84ba2a67d5835ed,grounded-sam2[IDEA-Research/grounding-dino|facebook/sam2.1-hiera-tiny]/profile-refine,"[""grounded-sam2[IDEA-Research/grounding-dino|facebook/sam2.1-hiera-tiny]/profile-refine"", ""grounded-sam2[IDEA-Research/grounding-dino|facebook/sam2.1-hiera-tiny]"", ""grounded-sam2[IDEA-Research/grounding-dino|facebook/sam2.1-hiera-tiny]/profile-dense"", ""hpid-appearance-contour"", ""hpid-repetitive-physical-detail-v1""]",0.0,
car_automobile__04,car_(automobile),17,0.0,d718f60460b197521899e386ec09f98b45a6df679f6553761278983fc2e2ea0f,6d07d708541bad49f5bc4c2b6855e5917daf299d2479d49a058e86ccd7096337,4c14148caa3b26e9beccc12715b6fc9772a2c3c2e067fbfd3ef5703cfe7f9aaa,b636c3a3283ea48138b68dcb85a6b96357419ba85d628e514c60af1f2f7804c1,True,1,taillight,vehicle_bumper,bumper,172,cf32226f4f92ec94b540bd41fbdb1e27541b0795c5e7176ee5468f03cb6826e7,grounded-sam2[IDEA-Research/grounding-dino|facebook/sam2.1-hiera-tiny],"[""grounded-sam2[IDEA-Research/grounding-dino|facebook/sam2.1-hiera-tiny]"", ""grounded-sam2[IDEA-Research/grounding-dino|facebook/sam2.1-hiera-tiny]/profile-dense"", ""grounded-sam2[IDEA-Research/grounding-dino|facebook/sam2.1-hiera-tiny]/profile-refine"", ""hpid-appearance-contour"", ""hpid-repetitive-physical-detail-v1""]",0.0,
carton__01,carton,13,0.0,cfdce6e909c19e8faa0e9c58c05f8c2997280fa2dbb79bd66dfd4caab93c8dcc,c422b44c896bc95659cb2aa348e5434daf5cac3bc1f5fc8391ba93ff53060444,f99659f5c2f09454e9c3abd7628dd09f89a6421ce9116142f086f9aecb3d18b3,3dddb54f35afdaac7b75c2fba5102e06d7a09d4d13f8f0dcc01bec6e8c8ccda8,True,0,lid,container_base,base,122,ee17b11fe56626093d6dcd1c2f238340aa1d10925c442b6cf3d7c61ebb0ad7a5,grounded-sam2[IDEA-Research/grounding-dino|facebook/sam2.1-hiera-tiny]/profile-refine,"[""grounded-sam2[IDEA-Research/grounding-dino|facebook/sam2.1-hiera-tiny]/profile-refine"", ""grounded-sam2[IDEA-Research/grounding-dino|facebook/sam2.1-hiera-tiny]"", ""grounded-sam2[IDEA-Research/grounding-dino|facebook/sam2.1-hiera-tiny]/profile-dense"", ""hpid-appearance-contour"", ""hpid-repetitive-physical-detail-v1""]",0.0,
carton__02,carton,1,0.0,f0f667508337c057c222147bed05be41ea475e4e375ca25cfb268b05c0a6f07b,e0bfbbd875db431c2b9cf50e0f31a7518431b2ac6695e01e543b296928cc2c12,5d0d6a3d531d1dc56e2ffba5c8a55f78a11f305df334a8719199c328cbe9a5c7,46900b4adb1c154dfbbe42d35bc1d1645e7f27710ffe722671fbecd44d31339d,False,,,,,,,,,,No annotated reference with >=20 unambiguous pixels and two distinct normalized nonroot classes.
carton__03,carton,11,0.0,24f1ab101dadc71244addf5c3946c5a170a67a8d8baa4087994b1f1fa5c545b1,499f771d96bbdc1195ce78e5e6355249e200baec2c3440d92f4353c762b147a0,0792e83ad28fd5251bce891919cbe4b086bb88ae9e2f3d6c2d1bb30bb6899b06,0fc997a5e8789a74049173ffdf3deb79c2b611f27d6061a2e5ebb1b895eb2bc7,True,0,side,container_base,base,2609,34d66017d58bfd3770d66c06c9a79e398df6b8b26f1f178cdc119bb6d9dc76b0,sam2-amg[facebook/sam2.1-hiera-tiny],"[""sam2-amg[facebook/sam2.1-hiera-tiny]"", ""grounded-sam2[IDEA-Research/grounding-dino|facebook/sam2.1-hiera-tiny]"", ""grounded-sam2[IDEA-Research/grounding-dino|facebook/sam2.1-hiera-tiny]/profile-dense"", ""grounded-sam2[IDEA-Research/grounding-dino|facebook/sam2.1-hiera-tiny]/profile-refine"", ""hpid-appearance-contour""]",0.0,
carton__04,carton,17,0.0,5f17e1be8e802d749f3c8b4dc2432997ab1771317bbcb093cdb55db656b8a4a9,3c91ed614437bbb5f4e36182979cc843338c5d56371db82fe0715eee821271ee,61934958282c72978c0504e9a0625be7a9c5feaafa6e9cc03088650d5e277be7,842c04e2bd8557688284ac1017e9e7203ee5b0723c3f57a61dbd129c09901ded,True,0,label,container_handle,handle,1546,05237e873b64898efa1306e00fe47141fdac0892456017ab9b79e74c843b056f,grounded-sam2[IDEA-Research/grounding-dino|facebook/sam2.1-hiera-tiny]/profile-refine,"[""grounded-sam2[IDEA-Research/grounding-dino|facebook/sam2.1-hiera-tiny]/profile-refine"", ""grounded-sam2[IDEA-Research/grounding-dino|facebook/sam2.1-hiera-tiny]"", ""grounded-sam2[IDEA-Research/grounding-dino|facebook/sam2.1-hiera-tiny]/profile-dense"", ""hpid-appearance-contour"", ""hpid-repetitive-physical-detail-v1""]",0.0,
cellular_telephone__01,cellular_telephone,11,0.0,60a56f90d2cdb3ea352e43f0adaa64421b301ad1daff9a7ef1295ac08cb66c6d,5b1ba8441c5c7b3e46750a508a0270fd033971bdba742548f87b74f4bd5f0add,43a7eabc76c0ae2d788fdbc54bbc29e157dde882fb6581daa300e5e47f3f9bf2,dcde6c33ec45e38813667c0a0305435583fb7ff7c89adebe95427dc4fcc43b8e,True,0,screen,device_back_panel,back_panel,13632,7e6fa9f338c75f6a9fdad94d5fd14dde2354a638e199daeaa69d260006ac54ca,sam2-amg[facebook/sam2.1-hiera-tiny],"[""sam2-amg[facebook/sam2.1-hiera-tiny]"", ""grounded-sam2[IDEA-Research/grounding-dino|facebook/sam2.1-hiera-tiny]"", ""grounded-sam2[IDEA-Research/grounding-dino|facebook/sam2.1-hiera-tiny]/profile-dense"", ""grounded-sam2[IDEA-Research/grounding-dino|facebook/sam2.1-hiera-tiny]/profile-refine"", ""hpid-appearance-contour""]",0.0,
cellular_telephone__02,cellular_telephone,17,0.0,a7e77965404e6174bd8af2b88c61c704d4953a3c2eb1fa0b42929453c3689aeb,12ffa7ca159842c8ddb8d40623be4e4c5c8badfecf23f13260719052a46f40f1,51dea974e7a90f7541539cc54261938e79dba38212a711cdd2b6fc9a099fcf3f,d1eb60a68af07875cfc7cd7565fc667e4b56119768eaa2e197785a9f9c45c327,True,0,screen,device_back_panel,back_panel,22844,33cf265e5591ab1b3385e550d66d25cb028f64cc9760ea517d9a01d4c9ec7fd6,grounded-sam2[IDEA-Research/grounding-dino|facebook/sam2.1-hiera-tiny]/profile-refine,"[""grounded-sam2[IDEA-Research/grounding-dino|facebook/sam2.1-hiera-tiny]/profile-refine"", ""grounded-sam2[IDEA-Research/grounding-dino|facebook/sam2.1-hiera-tiny]"", ""grounded-sam2[IDEA-Research/grounding-dino|facebook/sam2.1-hiera-tiny]/profile-dense"", ""hpid-appearance-contour"", ""hpid-repetitive-physical-detail-v1""]",0.0,
cellular_telephone__03,cellular_telephone,16,0.0,d707e0737c76aee841246855b05d4075362fba384c20ed124f612d052e120835,4e3fd11ff316130dfb8bbf105afdb9a7127b9b90db128aa58bd3ec2e7680b075,3d34df2ac363079c6e12fb08f75adbf0b5410e16fd0e4f87d8417db2bea8845c,62bebf0178ad41815d4a2c56c4b4b35f080fc7abd47137c8b12b7a65eca0778c,True,0,screen,device_bezel,bezel,4255,0e09bad152e6a2349292d86f970f0b98b7da454701e12ebcc38c21d40c322fe7,hpid-topology-v1,"[""hpid-topology-v1"", ""grounded-sam2[IDEA-Research/grounding-dino|facebook/sam2.1-hiera-tiny]"", ""grounded-sam2[IDEA-Research/grounding-dino|facebook/sam2.1-hiera-tiny]/profile-dense"", ""grounded-sam2[IDEA-Research/grounding-dino|facebook/sam2.1-hiera-tiny]/profile-refine"", ""hpid-appearance-contour""]",0.0,
cellular_telephone__04,cellular_telephone,11,0.0,12ce1861a98f939e965d5b2ff7d8260e0d3d87fe4973f4d7093886d11357aa02,5461dc78968e744bd7e34e362626fe4254b58c7a3416e8ea41d8782ee5f072bf,7f8736d85290697494a30d54cb501fb230764eb6bce16ffeeee5bf7ad303002f,144fe9702584673ba60394d44292105b96e49be6d5d2a9c5d78028f3b09df81f,True,0,screen,device_back_panel,back_panel,8141,9522453acc78798f44bc57013f9f63097312958171aa20213b6b606c843b5c55,grounded-sam2[IDEA-Research/grounding-dino|facebook/sam2.1-hiera-tiny]/profile-refine,"[""grounded-sam2[IDEA-Research/grounding-dino|facebook/sam2.1-hiera-tiny]/profile-refine"", ""grounded-sam2[IDEA-Research/grounding-dino|facebook/sam2.1-hiera-tiny]"", ""grounded-sam2[IDEA-Research/grounding-dino|facebook/sam2.1-hiera-tiny]/profile-dense"", ""hpid-appearance-contour"", ""hpid-repetitive-physical-detail-v1""]",0.0,
chair__01,chair,14,0.0,c3e1012ab1078c626080dca5022a56185c4c34635bc216d230cd2ce5fe2b6892,0a550969de60f1755dd0e25b1e2036957d183f2244db1788ac64cb3f4dcff578,55ad838e71b3457a0c3e2ede5733882c943f81e924518f80505edcb7eb9d8804,4fba858eda027f087865483bca8c2a4cca41422cb046a6e59bb237764c2cafee,True,1,rail,furniture_leg,leg,3817,daf570ba7384132263e4dbb1564bcaaadc751fad1c7b91ef6b26a02f93f72c9f,grounded-sam2[IDEA-Research/grounding-dino|facebook/sam2.1-hiera-tiny]/profile-dense,"[""grounded-sam2[IDEA-Research/grounding-dino|facebook/sam2.1-hiera-tiny]/profile-dense"", ""grounded-sam2[IDEA-Research/grounding-dino|facebook/sam2.1-hiera-tiny]"", ""grounded-sam2[IDEA-Research/grounding-dino|facebook/sam2.1-hiera-tiny]/profile-refine"", ""hpid-appearance-contour"", ""hpid-repetitive-physical-detail-v1""]",0.0,
chair__02,chair,6,0.0,ada954b8ca5a9d5c822e54bbc384c492fe582f24270b366e02cedb8a242fdca6,92fdb042759c312d93f984d5c29110fcf3610fcddfb07a7347fcc2455b38dbf5,ee4e73c2905d7f3b866d828982e22ac5fe700db910e0825e6c9ba9f65b1dde30,afc7b37ad94f9244b6288c4bb5d8b76d2f2640b14c318978ad04449da7e2e27b,True,0,leg,furniture_apron,apron,579,9a563cb4fc0992bf4fb4fc5f506852346addfafbf6f8641651c9d52b98843803,grounded-sam2[IDEA-Research/grounding-dino|facebook/sam2.1-hiera-tiny]/profile-refine,"[""grounded-sam2[IDEA-Research/grounding-dino|facebook/sam2.1-hiera-tiny]/profile-refine"", ""grounded-sam2[IDEA-Research/grounding-dino|facebook/sam2.1-hiera-tiny]"", ""grounded-sam2[IDEA-Research/grounding-dino|facebook/sam2.1-hiera-tiny]/profile-dense"", ""hpid-appearance-contour"", ""hpid-repetitive-physical-detail-v1""]",0.0,
chair__03,chair,20,0.0,1dd9d1c30c682eab6fb7ebe072359021c7f8a9b02f042851b734ca97d69f341d,449648c8788c06a1e9ed0daa80ae309b9a05c417e12370a2c340a509ecc08c5f,cf16a63a7fe88c82bbe6672b4e908041de038b51bfc92938f5dac69982bd8579,3defe434d291ff7ba6be049d15a9eaa730d29d12eb7423a1bae009720a6c79e5,True,0,rail,furniture_backrest,backrest,705,d4eb029d90a192989e49ceee7184745af635d48d6bcc925f21d7a33269b0b70a,grounded-sam2[IDEA-Research/grounding-dino|facebook/sam2.1-hiera-tiny],"[""grounded-sam2[IDEA-Research/grounding-dino|facebook/sam2.1-hiera-tiny]"", ""grounded-sam2[IDEA-Research/grounding-dino|facebook/sam2.1-hiera-tiny]/profile-dense"", ""grounded-sam2[IDEA-Research/grounding-dino|facebook/sam2.1-hiera-tiny]/profile-refine"", ""hpid-appearance-contour"", ""hpid-repetitive-physical-detail-v1""]",0.0,
chair__04,chair,13,0.0,8c3059398ce6a8c167491c2e76619376b1b59d4f216170a221804555b3547671,59e699b26ac766354aa14e1381446d9f79c04817b463ce083d1b1c89b5db375d,330d1384ff5a7f196acfec940d9aed483142b11754e5207cbb671f75d9212746,9615ce5df7c645d287fbeb17fa298c0fb087d8c28d1ad65b4993c97b0bde2135,True,0,backrest,furniture_foot,foot,3642,6b989564e804248c559d39c31b8e9ed567b035539ff1b5710ff6f11512ccde63,grounded-sam2[IDEA-Research/grounding-dino|facebook/sam2.1-hiera-tiny]/profile-dense,"[""grounded-sam2[IDEA-Research/grounding-dino|facebook/sam2.1-hiera-tiny]/profile-dense"", ""grounded-sam2[IDEA-Research/grounding-dino|facebook/sam2.1-hiera-tiny]"", ""grounded-sam2[IDEA-Research/grounding-dino|facebook/sam2.1-hiera-tiny]/profile-refine"", ""hpid-appearance-contour"", ""hpid-repetitive-physical-detail-v1""]",0.0,
clock__01,clock,8,0.0,a92ea4db47a13c2ebbd3fa0a3db2698c558f62a5f135346082f9600bbb830e22,c17aa55c609cfecf780f3b57a829d1ee7077cb72522583f7775b7b04ebb4ad54,87126577ac9fccaff7e700c1b2dd1b891413f48213d48b2b79839275c61d9fc7,6793f31ec93dd63d32ae736b1873851395bef1c0391943528567fd48c7782378,True,0,clock_hand,device_base,base,49,d997ae3b38cbf384419154588b4a855d31ec88079eee186a1d3aae97625ac655,grounded-sam2[IDEA-Research/grounding-dino|facebook/sam2.1-hiera-tiny]/profile-refine,"[""grounded-sam2[IDEA-Research/grounding-dino|facebook/sam2.1-hiera-tiny]/profile-refine"", ""grounded-sam2[IDEA-Research/grounding-dino|facebook/sam2.1-hiera-tiny]"", ""grounded-sam2[IDEA-Research/grounding-dino|facebook/sam2.1-hiera-tiny]/profile-dense"", ""hpid-appearance-contour"", ""hpid-repetitive-physical-detail-v1""]",0.0,
clock__02,clock,21,0.0,51480f9aa96213c224cbe2a400913e6e83191a304250eb52c9fa6d8fa8e29aeb,046edb67ce786967113776098737ae7273fda92387ade45a5a30486f1c80e431,2ee0efdf0bf145d81b80ee12668e904d4e3c540641cde81cc7cb27abf3db8a74,c40351fbb7eed9be96863673e24b8c6ccb79ea0f471e8a2e89977a1679481d56,True,0,clock_hand,device_base,base,1085,55fa9d373f2007f7099d9a88c89f78b3ae105760b5e82eb146808d6712cdc50e,grounded-sam2[IDEA-Research/grounding-dino|facebook/sam2.1-hiera-tiny]/profile-refine,"[""grounded-sam2[IDEA-Research/grounding-dino|facebook/sam2.1-hiera-tiny]/profile-refine"", ""grounded-sam2[IDEA-Research/grounding-dino|facebook/sam2.1-hiera-tiny]"", ""grounded-sam2[IDEA-Research/grounding-dino|facebook/sam2.1-hiera-tiny]/profile-dense"", ""hpid-appearance-contour"", ""hpid-repetitive-physical-detail-v1""]",0.0,
clock__03,clock,11,0.0,7de5c09317b5f5d5cb867a36d5efa64d7961cdad027eb89e71ab27db4d1526ba,e05706b9b6a76c72374100bc0b0d7655fd2eac9f873d3299f010898bf538c0f4,84c9911ec653281c4d320373b9313beaf1ca9eb46e13de9dc05628f5a87efb9a,64077a6f3b29763e07a908daa97e576eeb8febee2969f3c1de23d2e1ef769c12,True,0,clock_hand,device_base,base,220,286c1c5bd7775091bda8d66167bbf48309cbe47e2a23394126349f9da626d879,grounded-sam2[IDEA-Research/grounding-dino|facebook/sam2.1-hiera-tiny]/profile-refine,"[""grounded-sam2[IDEA-Research/grounding-dino|facebook/sam2.1-hiera-tiny]/profile-refine"", ""grounded-sam2[IDEA-Research/grounding-dino|facebook/sam2.1-hiera-tiny]"", ""grounded-sam2[IDEA-Research/grounding-dino|facebook/sam2.1-hiera-tiny]/profile-dense"", ""hpid-appearance-contour"", ""hpid-repetitive-physical-detail-v1""]",0.0,
clock__04,clock,17,0.0,d2a5d269e271c9339388bfab03f22d1fb45cc347177eee356bd631cff21efda7,b3a669b7a938292f13fc5b81d62e3eceb7745dbc15d2e1e0b8c675e844fb9027,95cd2aabb5f0da52ff52f172614f6d6daf2e27eeb94ead738eeb978a2d5d492d,dedc911e621521ddd75d71fc2faa1e6f9449b8dfde02b479fe91337bc313616a,True,0,clock_hand,device_base,base,1949,07c790135703d3d32117d0659b7e194027d562339da5d30219ee78c3214cc700,sam2-amg[facebook/sam2.1-hiera-tiny],"[""sam2-amg[facebook/sam2.1-hiera-tiny]"", ""grounded-sam2[IDEA-Research/grounding-dino|facebook/sam2.1-hiera-tiny]"", ""grounded-sam2[IDEA-Research/grounding-dino|facebook/sam2.1-hiera-tiny]/profile-dense"", ""grounded-sam2[IDEA-Research/grounding-dino|facebook/sam2.1-hiera-tiny]/profile-refine"", ""hpid-appearance-contour""]",0.0,
crate__01,crate,6,0.0,20ae87987ab3d6c398acc0da33a4794a0453dc8fe4482fbd895e4df75de0d916,1dbaef9a47e457e76a6bfb73f85a3f217ab2bc207b43875c7d0b27dcc3d15fcf,666891572d8bc31737a63733172c81f0b3764dc9b534ab5ffe5992864efbf722,46f9a20321aa8839b09876baefc4d7f3a402c2dc0e7fdc205bec363b3232429a,True,0,side,container_handle,handle,13220,65002ab1b20038511acbcba1343aed8f96675e114f02291da8c5a281a762850d,sam2-amg[facebook/sam2.1-hiera-tiny],"[""sam2-amg[facebook/sam2.1-hiera-tiny]"", ""grounded-sam2[IDEA-Research/grounding-dino|facebook/sam2.1-hiera-tiny]"", ""grounded-sam2[IDEA-Research/grounding-dino|facebook/sam2.1-hiera-tiny]/profile-dense"", ""grounded-sam2[IDEA-Research/grounding-dino|facebook/sam2.1-hiera-tiny]/profile-refine"", ""hpid-appearance-contour""]",0.0,
crate__02,crate,12,0.0,42fa936b3c9e94792c4fd6f2166db1ae479c131c6b14c8e6989bf915c98322e7,9b32074552f132c6d8e2ce0f33ce26aa576a073824066b355db9969d350dc6e2,d491e9e928a340abaaf11488736ea0e89872af60a41d646e031acf3f1d94a05a,aae08cd73894f264c5f0f771b3c6a54061bfaa92e1085112fe597feb95318822,True,0,side,container_base,base,2859,151fd09fa23c0f17ffbfa814008385cb69d6c12aed4e2e62b1435eea5ab5c38c,sam2-amg[facebook/sam2.1-hiera-tiny],"[""sam2-amg[facebook/sam2.1-hiera-tiny]"", ""grounded-sam2[IDEA-Research/grounding-dino|facebook/sam2.1-hiera-tiny]"", ""grounded-sam2[IDEA-Research/grounding-dino|facebook/sam2.1-hiera-tiny]/profile-dense"", ""grounded-sam2[IDEA-Research/grounding-dino|facebook/sam2.1-hiera-tiny]/profile-refine"", ""hpid-appearance-contour""]",0.0,
crate__03,crate,16,0.0,e73fb77f41401dd91d90238a01246ef5f2bf4137c3eecdfb537459d2e8dad0c9,bf2b56024d28c8f7c7a015dc57ea61be12441c7a4f0aea6cc6c826d59f0ace76,8b63d446931585a5c721d71af004df1b4a1568bc405205bb2b810470e9436fc5,f0c71d980a9c614f8b837d3774f4a74e952cd9bbe06f7f5964b56f2540120588,True,1,handle,container_base,base,257,5dfdd252bd7f63e315219b227cb92436490722b4f243a7cd68f8b0a83d0cb272,sam2-amg[facebook/sam2.1-hiera-tiny],"[""sam2-amg[facebook/sam2.1-hiera-tiny]"", ""grounded-sam2[IDEA-Research/grounding-dino|facebook/sam2.1-hiera-tiny]"", ""grounded-sam2[IDEA-Research/grounding-dino|facebook/sam2.1-hiera-tiny]/profile-dense"", ""grounded-sam2[IDEA-Research/grounding-dino|facebook/sam2.1-hiera-tiny]/profile-refine"", ""hpid-appearance-contour""]",0.0,
crate__04,crate,14,0.0,6d01bce54259304fe86ea3387e5e555fc8a187453791ce2989812e0479bfb9fb,546f44317f3f4ecea3665883dbca818b1f236b2e2402ef1b204582b956aa07b5,eb73803974b9d1cd4ec63739f522bcf9604783421a81fd6d4a761afc29a4be21,63b1dc011680d5c60bea2fe57340231cdda3affa680ee9917e7422e3b89786af,True,0,handle,container_base,base,218,006e53a94b5ca22be594a635e6722ccde383913d683e2a3bb5ccca1a9ad4c4e8,grounded-sam2[IDEA-Research/grounding-dino|facebook/sam2.1-hiera-tiny]/profile-refine,"[""grounded-sam2[IDEA-Research/grounding-dino|facebook/sam2.1-hiera-tiny]/profile-refine"", ""grounded-sam2[IDEA-Research/grounding-dino|facebook/sam2.1-hiera-tiny]"", ""grounded-sam2[IDEA-Research/grounding-dino|facebook/sam2.1-hiera-tiny]/profile-dense"", ""hpid-appearance-contour"", ""hpid-repetitive-physical-detail-v1""]",0.0,
cup__01,cup,4,0.0,ed26702bff9b9ef46a700f18251081bfc51e7c9fd63b3e672c2f52014f568c43,ff4b35a4c39aa3274f7d29bde9cbc2b53ac935edb1e4aa6d0278e59afa0fd86e,31886a6771850e90fe1edf92fea056dec123ed0f7d4543d3fe4ab2bde0dbf165,edc12ef06c75daba11c0e8ae9f06bd755c842505bee3f4be9982fc1d93962f90,True,1,handle,container_rim,rim,1247,9c57eadc360708d774debb2af85f2b98abe05c11b60599ddbdadfb62a986b719,sam2-amg[facebook/sam2.1-hiera-tiny],"[""sam2-amg[facebook/sam2.1-hiera-tiny]"", ""grounded-sam2[IDEA-Research/grounding-dino|facebook/sam2.1-hiera-tiny]"", ""grounded-sam2[IDEA-Research/grounding-dino|facebook/sam2.1-hiera-tiny]/profile-dense"", ""grounded-sam2[IDEA-Research/grounding-dino|facebook/sam2.1-hiera-tiny]/profile-refine"", ""hpid-appearance-contour""]",0.0,
cup__02,cup,3,0.0,ab8efda4331a4c9d327de483a21214153222551b1373f98d895bf58988c18901,a4a402cbd22ca94a94b5317d09051c7dbf7c3b86f7de3e74c85c2083e4835e6e,ecf338dc1432ff9c6900ef02760af2431c3934e72bdef2babca45485d2c908fb,95458727bebe274d3198473f555c5d0314831a1b01d3241670265cff6679c7f3,True,0,handle,container_visual_panel_02,visual_panel_02,1414,9dcf991e4f56ee8bd557698883d38339ea051dad80c723bc233948c50a6c15fa,sam2-amg[facebook/sam2.1-hiera-tiny],"[""sam2-amg[facebook/sam2.1-hiera-tiny]"", ""grounded-sam2[IDEA-Research/grounding-dino|facebook/sam2.1-hiera-tiny]"", ""grounded-sam2[IDEA-Research/grounding-dino|facebook/sam2.1-hiera-tiny]/profile-dense"", ""grounded-sam2[IDEA-Research/grounding-dino|facebook/sam2.1-hiera-tiny]/profile-refine"", ""hpid-appearance-contour""]",0.0,
cup__03,cup,6,0.0,6916668842e969e028237b010ecba9411adfba884af39fadd57b2714c9ebdf37,6d01a4ea01b12c3ea6b026cb4efe84fbca872a43eb48251976013cd84f32d3ea,8ef93a4fb4e1e24b1d282d88db18ca42320a24067172ccc96490214af333b718,a7de7034adb1dcc4bd3bdd40167fc73a9baebd81a2fe4d63f59e4271bcb135b3,False,,,,,,,,,,No annotated reference with >=20 unambiguous pixels and two distinct normalized nonroot classes.
cup__04,cup,3,0.0,9053da485f028788694862e1da1872502b5b2eb87ad0993ea6cb45d2037ee6f5,120abf85e932f2bc526d14cca5211406ca9f28dc2d19ddadec9ae26069bbe2b8,39c66034099bc24ef73d91bf2ba92ea5898506ef9a64dfd3667e5c8a3e35d309,1ffb8e96ebe90acbf655cd6e9c2fe33c027d6ba2282b4731f5367c1c8bc74315,True,1,inner,container_visual_panel_01,visual_panel_01,5036,2114b6f9bad93587bc1b1b1e370499702ade5b125218789ed553763f34a957c0,sam2-amg[facebook/sam2.1-hiera-tiny],"[""sam2-amg[facebook/sam2.1-hiera-tiny]"", ""grounded-sam2[IDEA-Research/grounding-dino|facebook/sam2.1-hiera-tiny]"", ""grounded-sam2[IDEA-Research/grounding-dino|facebook/sam2.1-hiera-tiny]/profile-dense"", ""grounded-sam2[IDEA-Research/grounding-dino|facebook/sam2.1-hiera-tiny]/profile-refine"", ""hpid-appearance-contour""]",0.0,
earphone__01,earphone,3,0.0,e7af39d042da3a016081c21a86e92bed41bc84810663ebc8b3813079f26e5694,038055d055cc4393fabce2d647326aed1fc3cf67a6ce5f4b69195e181c0a2ebe,2ae6b851c0adaa7fe6e243469038077262b1a6b6c1f47e68454baff77cd03ecc,7e106476962997a26f5bf377386fea9d2dc775a82635b08cccc0ef4c4f4467a3,False,,,,,,,,,,No annotated reference with >=20 unambiguous pixels and two distinct normalized nonroot classes.
earphone__02,earphone,6,0.0,5dc885babe34533cd92dac5f09f7407726f75d37eb9d38808e6fd52f83bcc0e5,bb5e0eb4d98710fafa6ff2daec1407ebb98993b9013ad9ca93b1128dd9c1c460,73bf85c099f0d7f58f17163a2596b4fd421c56026b78a14130b39ca1a84668ec,a2ad921cfcf8ff69e376a92daac2092e65c0b6f2bd52e2778f5ea45cd5d4e2db,True,0,earpad,device_cable,cable,850,bda39b5dd4c4c4f742d1b891764bdf57c350959daeef70bee7fa558d4e41ae7d,sam2-amg[facebook/sam2.1-hiera-tiny],"[""sam2-amg[facebook/sam2.1-hiera-tiny]"", ""grounded-sam2[IDEA-Research/grounding-dino|facebook/sam2.1-hiera-tiny]"", ""grounded-sam2[IDEA-Research/grounding-dino|facebook/sam2.1-hiera-tiny]/profile-dense"", ""grounded-sam2[IDEA-Research/grounding-dino|facebook/sam2.1-hiera-tiny]/profile-refine"", ""hpid-appearance-contour""]",0.0,
earphone__03,earphone,9,0.0,e06820cb5798ee8693ded99d287a3e568f1df941cbe5eb6f26eadf0d2b8f8560,1c5b1de286af0ff9a1adffde22981147ea4efc2041b355654b5b97e98bcede40,52d698d3457e20e0fb1b9edb264a92608dbe4adc16653f31f39430934806eb80,23ec99c087ec22f5f7c61f29cb8280aef5ad80111879a49cfc5b60a953077c7b,True,0,earpad,device_cable,cable,9555,2c109639196d9785ed114c8e4d2850eec61a015bfbfc14af7ba6b597f55c973c,sam2-amg[facebook/sam2.1-hiera-tiny],"[""sam2-amg[facebook/sam2.1-hiera-tiny]"", ""grounded-sam2[IDEA-Research/grounding-dino|facebook/sam2.1-hiera-tiny]"", ""grounded-sam2[IDEA-Research/grounding-dino|facebook/sam2.1-hiera-tiny]/profile-dense"", ""grounded-sam2[IDEA-Research/grounding-dino|facebook/sam2.1-hiera-tiny]/profile-refine"", ""hpid-appearance-contour""]",0.0,
earphone__04,earphone,5,0.0,1530c1d28a3c9049332936f9bfbb8b2a4d70d825d05d640c651bc67fd1515e75,1b36b7b2feb2e06fa22f33438d37d18f226c8e52038f5f8594bca16d41583f25,2ff988ebc5341189b33f1f075f834b7747394eea86c737780f229f5a2c1921d1,adc9f5c28739cb2caf96306c0466a49d3368069b2c1a6621b6152187b86cf1a7,False,,,,,,,,,,No annotated reference with >=20 unambiguous pixels and two distinct normalized nonroot classes.
fan__01,fan,13,0.0,cc54c38b7b30abb05fe5d0a771d2cd939e98f6eab61d2bea395fba9490609ae5,5195388ceac58897234f2ba9df2702fa08d7b921ba3a6d607e5ff3d60ff414a4,28dbb7773d6f673d1606191fdd119abc70f9286eab8762fb37d75c725c423db3,c5be61e01ad25e916b07d13ade8cca27ba05156807eff0f2d373d3aa69931465,True,0,bulb,device_blade,blade,623,c0cd37bbe9b368ef46d0cd1b7cbb60b4623bd47f74e511f5e431dfb0149f0ec0,grounded-sam2[IDEA-Research/grounding-dino|facebook/sam2.1-hiera-tiny]/profile-refine,"[""grounded-sam2[IDEA-Research/grounding-dino|facebook/sam2.1-hiera-tiny]/profile-refine"", ""grounded-sam2[IDEA-Research/grounding-dino|facebook/sam2.1-hiera-tiny]"", ""grounded-sam2[IDEA-Research/grounding-dino|facebook/sam2.1-hiera-tiny]/profile-dense"", ""hpid-appearance-contour"", ""hpid-repetitive-physical-detail-v1""]",0.0,
fan__02,fan,11,0.0,749cf805cc60019d522f30dbdbab5980392503da3ad45a6746617f66a884b1a6,46621c7e392cc87b1202c24a9d3e226c57750864c3a0cd1cc8e1f80a0c5cc774,463f05a9e37008686a51a18042582d1cb5f9d585d4941b046e266d23157ef2b2,37c28ff72d38d40ae4b46681cd485818112fa36ce91779d13a9f7a3b6e5c1dd2,True,0,rod,device_blade,blade,140,9f62cac30a806b6eb498e6d40b4ec48c2d4e71615ef37ebc66a38e5fa1c94ada,grounded-sam2[IDEA-Research/grounding-dino|facebook/sam2.1-hiera-tiny]/profile-refine,"[""grounded-sam2[IDEA-Research/grounding-dino|facebook/sam2.1-hiera-tiny]/profile-refine"", ""grounded-sam2[IDEA-Research/grounding-dino|facebook/sam2.1-hiera-tiny]"", ""grounded-sam2[IDEA-Research/grounding-dino|facebook/sam2.1-hiera-tiny]/profile-dense"", ""hpid-appearance-contour"", ""hpid-repetitive-physical-detail-v1""]",0.0,
fan__03,fan,10,0.0,7eb86d4064cfa9137588e9f6b356ef396c00e47ffc6398c7275f8ffca8164062,14191be55d58c2a4e22c75884723b18dc468002727ef6d2e8c0e5b28dc8d59c0,c839bbe8f820563306c85a3c039e54001bb611615c4b712de7eb819194dffbde,76b662062e51a73f78a8d30928620c6ac1518952b0e6e62f050636c2baed2ab4,True,0,chain,device_blade,blade,33,1f3e598fa938a9878b865f808a4274f7130371f7a7309a075d1a8d7105440f75,grounded-sam2[IDEA-Research/grounding-dino|facebook/sam2.1-hiera-tiny]/profile-refine,"[""grounded-sam2[IDEA-Research/grounding-dino|facebook/sam2.1-hiera-tiny]/profile-refine"", ""grounded-sam2[IDEA-Research/grounding-dino|facebook/sam2.1-hiera-tiny]"", ""grounded-sam2[IDEA-Research/grounding-dino|facebook/sam2.1-hiera-tiny]/profile-dense"", ""hpid-appearance-contour"", ""hpid-repetitive-physical-detail-v1""]",0.0,
fan__04,fan,5,0.0,2edf374e89a9d1c40a505b3cf17409f39503d24b9a009efeb2a0b7d975afc581,c773a88c597e53c594030a587094278115d0b9621ec6263f42858fd947cce754,d991f5d772b604794568f2df794ea99ae715c99b9437868b231819e6450d3001,e958b1320ee39ba9c7ea847a82a8cb1234eadb3c5727e3f47cad435d0ad85069,True,3,blade,device_bulb,bulb,962,5e609757138b2f5e69113d636c7a8f57cc528d163f2d491d050727b8dfab6d98,grounded-sam2[IDEA-Research/grounding-dino|facebook/sam2.1-hiera-tiny]/profile-refine,"[""grounded-sam2[IDEA-Research/grounding-dino|facebook/sam2.1-hiera-tiny]/profile-refine"", ""grounded-sam2[IDEA-Research/grounding-dino|facebook/sam2.1-hiera-tiny]"", ""grounded-sam2[IDEA-Research/grounding-dino|facebook/sam2.1-hiera-tiny]/profile-dense"", ""hpid-appearance-contour"", ""hpid-repetitive-physical-detail-v1""]",0.0,
glass_drink_container__01,glass_(drink_container),5,0.0,d51b1fcfb95d9fc6a79efbfd51ca601701458c9fea741c5b697669ec8c941a4a,97055ae2ec0d55d81fba3f1f6eb8e26e7a6a167e4a9bd01cf6941fe050c46e99,e9c2bb3e2a80e3a3471ca397cb70b1789d3bebb6f34ea708fc628bef4deb4a82,9c85203d60e0ca8c0d2c6447a3960f351141dcfe11d0a430f12b91945ae3c8b0,True,0,base,container_handle,handle,428,d8510f4a1a8d968e1ac85ef624f8724495e2528a4a96df4f0d98aaca4aba63fb,grounded-sam2[IDEA-Research/grounding-dino|facebook/sam2.1-hiera-tiny]/profile-refine,"[""grounded-sam2[IDEA-Research/grounding-dino|facebook/sam2.1-hiera-tiny]/profile-refine"", ""grounded-sam2[IDEA-Research/grounding-dino|facebook/sam2.1-hiera-tiny]"", ""grounded-sam2[IDEA-Research/grounding-dino|facebook/sam2.1-hiera-tiny]/profile-dense"", ""hpid-appearance-contour"", ""hpid-repetitive-physical-detail-v1""]",0.0,
glass_drink_container__02,glass_(drink_container),4,0.0,d6151e3aa39f743cef7949fc593996f11849d00400773edf5ea56a8af45f1415,d9f7cb31a37ed8b7d1a53b532cac0567515af29ba6514df20faaa8614ef4c98c,664b6c1f5fe2455d06d258f3e4995beb4f786a9c220dcd409a211a0d187abade,fa7c76ffe76372fe358871f1ca41e77b5c795b8040d74831780121122ef2e154,True,0,rim,container_visual_panel_02,visual_panel_02,930,c0587b8b15c8b9291293ccbbc6a9ca1010bfb2ac37c41278c75efd3a1241288a,sam2-amg[facebook/sam2.1-hiera-tiny],"[""sam2-amg[facebook/sam2.1-hiera-tiny]"", ""grounded-sam2[IDEA-Research/grounding-dino|facebook/sam2.1-hiera-tiny]"", ""grounded-sam2[IDEA-Research/grounding-dino|facebook/sam2.1-hiera-tiny]/profile-dense"", ""grounded-sam2[IDEA-Research/grounding-dino|facebook/sam2.1-hiera-tiny]/profile-refine"", ""hpid-appearance-contour""]",0.0,
glass_drink_container__03,glass_(drink_container),4,0.0,afecdcd2cb7d7da925955f10dd3ca82a500ac069b297bec63fe2db9160957230,61f14916bf8431caa51ce68aac1fdc1b22db38b201069952facce0e5452442fe,814d2febf29754476a6e23a56ea481c48411cd6f519dfe1469db274d1389eade,a15ea4c17fae1af2a716767be88803828b475fd2942d2bdc911c4f54477a50c8,True,3,base,container_handle,handle,7935,af347bfdcbeebe95b8fa3b844ea2849f271779dee92b4d117af5fe6c7fbcd615,sam2-amg[facebook/sam2.1-hiera-tiny],"[""sam2-amg[facebook/sam2.1-hiera-tiny]"", ""grounded-sam2[IDEA-Research/grounding-dino|facebook/sam2.1-hiera-tiny]"", ""grounded-sam2[IDEA-Research/grounding-dino|facebook/sam2.1-hiera-tiny]/profile-dense"", ""grounded-sam2[IDEA-Research/grounding-dino|facebook/sam2.1-hiera-tiny]/profile-refine"", ""hpid-appearance-contour""]",0.0,
glass_drink_container__04,glass_(drink_container),7,0.0,742104eb8b8b42544a8abc00151aa4df513dade8d402a1d4783bb3cabf10622e,63e66ee373c2fc1e0f0754f1ab4070c81cd74d1d855135d3c5c76cda1392c291,3f7f1f365133ac9fd5908de011e3fa797bb0a4be6d9a3a542ef1a191bf5d6c5a,921eabcc31bf06ca8df4949163c489d6cef0326a153773f3bd55bd3c19b2d406,True,3,body,container_handle,handle,7907,357d869e0419140ecdea23dd2526ecb4f1379ac19a487e78fcc5d2df084afd32,grounded-sam2[IDEA-Research/grounding-dino|facebook/sam2.1-hiera-tiny]/profile-refine,"[""grounded-sam2[IDEA-Research/grounding-dino|facebook/sam2.1-hiera-tiny]/profile-refine"", ""grounded-sam2[IDEA-Research/grounding-dino|facebook/sam2.1-hiera-tiny]"", ""grounded-sam2[IDEA-Research/grounding-dino|facebook/sam2.1-hiera-tiny]/profile-dense"", ""hpid-appearance-contour"", ""hpid-repetitive-physical-detail-v1""]",0.0,
guitar__01,guitar,7,0.0,d2cb8fdbb43e405264cb41f18f78b2414ec353b1c0fd2bb0d9c07bd7b04a3f5b,34bd0200964c42695f0f12903578ba1c644fb90ba9b51e30b7250952dd8f0658,545acb1b1f6c97155970f1bac3b35c12a8e70b042202d95964a45bb8d7945050,d596b4f4399b5efa89dea9b82ed4b024605aad6eec3f95ed44f1a56ff41b10d2,True,0,string,tool_prop_neck,neck,1732,8a65997f0c61773b15b21eeb61694bb7a1146caf793e2ecc238eb2db9b57c68b,sam2-amg[facebook/sam2.1-hiera-tiny],"[""sam2-amg[facebook/sam2.1-hiera-tiny]"", ""grounded-sam2[IDEA-Research/grounding-dino|facebook/sam2.1-hiera-tiny]"", ""grounded-sam2[IDEA-Research/grounding-dino|facebook/sam2.1-hiera-tiny]/profile-dense"", ""grounded-sam2[IDEA-Research/grounding-dino|facebook/sam2.1-hiera-tiny]/profile-refine"", ""hpid-appearance-contour""]",0.0,
guitar__02,guitar,5,0.0,cd821e4502fdee394e1cef954195484b2d1f43362b4d4fc6cd16bacfc19b4cff,ffcc07c4b817e0484040f1590b1a0b8e38bf767210e153d4b4ff1a8c3a871dfe,265b74523d5390a54a89f3a44a060597938fac9f3e98939394ebd9dd48517b03,cd1f4efd4bbdc1cc21113bf8b9fcbe07ff038b35bf123d42c8fe37081e3cdc00,True,0,string,tool_prop_fingerboard,fingerboard,239,410632c3ccfcf482187f9cdbfd0b6dd9c4d25677a96c319091025a28fa8e0a3b,sam2-amg[facebook/sam2.1-hiera-tiny],"[""sam2-amg[facebook/sam2.1-hiera-tiny]"", ""grounded-sam2[IDEA-Research/grounding-dino|facebook/sam2.1-hiera-tiny]"", ""grounded-sam2[IDEA-Research/grounding-dino|facebook/sam2.1-hiera-tiny]/profile-dense"", ""grounded-sam2[IDEA-Research/grounding-dino|facebook/sam2.1-hiera-tiny]/profile-refine"", ""hpid-appearance-contour""]",0.0,
guitar__03,guitar,4,0.0,22dc66869e4e4e8f8537a8a9139f7accfd7b5094d995cc7402e8b8f4404bd992,af85af76fafeda8131b3180a8f7bcb3569828910888d51ac6e806cc90a0bb5df,2f542f11deabfb2a319f1c7f7fb0ee3931d4af1086873c7a6ff2842ba48067bb,929e98ef2a8932c0d21a4f9dbe56b054f01524d7852ebc7bb914ac56eac39fdf,True,2,tuning_key,tool_prop_neck,neck,61,a9dd201e10fd2605d1b1da42b248093709b932ee8fbaae890e1e896596e0f0e2,grounded-sam2[IDEA-Research/grounding-dino|facebook/sam2.1-hiera-tiny]/profile-refine,"[""grounded-sam2[IDEA-Research/grounding-dino|facebook/sam2.1-hiera-tiny]/profile-refine"", ""grounded-sam2[IDEA-Research/grounding-dino|facebook/sam2.1-hiera-tiny]"", ""grounded-sam2[IDEA-Research/grounding-dino|facebook/sam2.1-hiera-tiny]/profile-dense"", ""hpid-appearance-contour"", ""hpid-repetitive-physical-detail-v1""]",0.0,
guitar__04,guitar,2,0.0,7fa0d11ecfe5f1b3eb3c9c7e949591a411544390a43043c7fa24bf7cbff6f98e,e7ce401069a0f289325fd09294b8f0cb2358fff097cd5e6eddf6414b48db67d7,559aef50acec5314ce49d6882c6ebd60601e9e556984ad7780c432c9e6a268f7,d48c9b5ea82cbcfd1b63389becc1268aed49d788bac530382a84c89fc29b8f2a,False,,,,,,,,,,No annotated reference with >=20 unambiguous pixels and two distinct normalized nonroot classes.
hammer__01,hammer,12,0.0,224b38d8716b79f72e55891a841b934767059067d0f1b6bd32fc9df69f8c001f,6e01aa20f39daa9eafca1d49f9fd0ffd5d5cc8d1a082a09f54c3efa515fa33f8,fd952380b7e583706608bef4817b1594476d0d5d1a9719e417d727d927ccfc35,f7b302973671e64e12572f7d4efae8fbf8af4e420f8db9a6a7cfc31cf97c0344,False,,,,,,,,,,No annotated reference with >=20 unambiguous pixels and two distinct normalized nonroot classes.
hammer__02,hammer,1,0.0,17efdc4d1cf8a2e29d07c0b598bd93efe5b6f133fa90ac70f91b007fae4226f4,f6a39c20e4f4b6f4bef6d09805187b0d4a902d28331ee61a2dcd39793c4a5871,6da76be0ed1e4543a13498ba8348e5182f99f68b9e5e361e10e5a1efe75f7f92,204aa3f5c29df683946ec9baf49791aa0831170cb0e6547d39671d04cc881598,False,,,,,,,,,,No annotated reference with >=20 unambiguous pixels and two distinct normalized nonroot classes.
hammer__03,hammer,8,0.0,38fabf03865002349a460e74aa0ff4ec077b858ef94348430ec243dde7b18e2e,b9e351becf704b241f4412022d8ec794174ed4de7138e2769c299b28710e3d59,af93cf16cbace492a06241eddce223c2bb9ea672215b7cd4e12d587a323622d3,7c29cd1de4e8db6df8d22ca09d9e79243812bc8b4c55b3f57ff5d82f47bf0cb9,True,0,face,tool_prop_handle,handle,70,53fd2de69db6855f2af5e1cfd5ce6761e78a1d844bf348e577c9c40d803dd2ab,sam2-amg[facebook/sam2.1-hiera-tiny],"[""sam2-amg[facebook/sam2.1-hiera-tiny]"", ""grounded-sam2[IDEA-Research/grounding-dino|facebook/sam2.1-hiera-tiny]"", ""grounded-sam2[IDEA-Research/grounding-dino|facebook/sam2.1-hiera-tiny]/profile-dense"", ""grounded-sam2[IDEA-Research/grounding-dino|facebook/sam2.1-hiera-tiny]/profile-refine"", ""hpid-appearance-contour""]",0.0,
handbag__01,handbag,7,0.0,c05c2e79dd2d1cf9505af6bd469a599b66f25a2f5966735814a70d7ef611a416,c131202eb4c89fa6e0b6f75699f97ed55febf71b42d5f940443793d5b7f07591,5695f59a97c6342ac9e4e05eb0d17c4398f1ac1953b8575df5b208374c7cf8a3,3189bc9d815056d40da2b7b50da00dddb81c41aba63c41eabaaf5b4871454e13,False,,,,,,,,,,No annotated reference with >=20 unambiguous pixels and two distinct normalized nonroot classes.
handbag__02,handbag,20,0.0,c698bc490bd2d3cd36a9e90ce8916c054746a182f1b7eaa51c1b9c659bdb1bac,f78154952d4fb0d895713617a138f0f6a1608411f8eb763ec02a068fd44df07a,0c01f16d757c2fa9447b8f7cdd869d2e0fc5fd512eb1877ac8a047267eaeb5d8,6e22885fab5de19a147cc06772a9ca1b40dababe712d6acc8f80148faad94172,False,,,,,,,,,,No annotated reference with >=20 unambiguous pixels and two distinct normalized nonroot classes.
handbag__03,handbag,16,0.0,366a8f05fdfcea21e06a4c11cd6fd862aa5a9c397e20bb8f006d8a780024d0fb,e057639422d2400e4582d977ea8948825a7717091fd1ba885fa701c84b06ec17,70e8854f8ad19e8e30575354d61fb01d84e05477b462231e42cbed14700b074e,d36223054b01c8970640b531308ed0bcba946aa1510ed987e7811e7b7b2914ac,True,0,zipper,container_buckle,buckle,1309,b3708631e73e7bbedb9705d7389ab1c9e95c4cc46822d046d1ebeaca3518dcf5,grounded-sam2[IDEA-Research/grounding-dino|facebook/sam2.1-hiera-tiny]/profile-refine,"[""grounded-sam2[IDEA-Research/grounding-dino|facebook/sam2.1-hiera-tiny]/profile-refine"", ""grounded-sam2[IDEA-Research/grounding-dino|facebook/sam2.1-hiera-tiny]"", ""grounded-sam2[IDEA-Research/grounding-dino|facebook/sam2.1-hiera-tiny]/profile-dense"", ""hpid-appearance-contour"", ""hpid-repetitive-physical-detail-v1""]",0.0,
handbag__04,handbag,11,0.0,972e69db5e8babba42ebb7f0475d42a39c585eb6bc91aa917752611e4681506c,4cbda938d79686185c59f86da0b69b07ca51b0563b287bded20809b4bd3699ee,2e96d0a22b52535ce9a025e5587c166aa7aa618a47d78639db1b36b321c6a434,fccc21f3366cc056accdc0f43fb7b4e1b292eec76972f99965b9c9788a05b260,False,,,,,,,,,,No annotated reference with >=20 unambiguous pixels and two distinct normalized nonroot classes.
hat__01,hat,8,0.0,5cca9f2ac86300d7f52fc39f70b5beac641e76eee11154d66b885116343c422b,a08c6770ff49e56b98f6ed4f400843159cb5d90b711b527dd411921d03c3f8bb,5938a366b5f9863166a3755654e6e960e163fc2535451a37fa29b88a3ca9800d,fb2d37ddb18b9a98f4613432942223a3007ad1e6b566998cf503a1bb64024ed5,True,0,logo,daily_object_band,band,62,9ecea8d1b5b906b9e220bc734b21e7a5a3d4fdb741b64170503a433d92eb6053,grounded-sam2[IDEA-Research/grounding-dino|facebook/sam2.1-hiera-tiny]/profile-refine,"[""grounded-sam2[IDEA-Research/grounding-dino|facebook/sam2.1-hiera-tiny]/profile-refine"", ""grounded-sam2[IDEA-Research/grounding-dino|facebook/sam2.1-hiera-tiny]"", ""grounded-sam2[IDEA-Research/grounding-dino|facebook/sam2.1-hiera-tiny]/profile-dense"", ""hpid-appearance-contour"", ""hpid-repetitive-physical-detail-v1""]",0.0,
hat__02,hat,6,0.0,948fae876eac6b907db4773b5968f7659b09a3c25931ecc891c2468226dfb367,93d297c8740eb5127f2c778d026c9105d8c35964f74f3d0918c632fbeb972038,e6cddaef05ac3ccdd406d7d9198dfa30baadc5b86c6c0e5aae75171d1855e26a,7573bbac0477c84800d4e044795efb7c2721d56a568746052f01ed53c47cc369,False,,,,,,,,,,No annotated reference with >=20 unambiguous pixels and two distinct normalized nonroot classes.
hat__03,hat,6,0.0,92886591aff48f9354134f7cc85aad18785dccf714cb98408d51d27ff6521e7a,f78813801f2d6298fe4c1cac0d053f6e98b165e0c508c432564d6db297f03b8f,4eefee9cce19620bf535ac3827575f286788917c17b43cbf7669d6ed88c9157c,434ef1a1c2c9c241d4a94bc0e1120837a8d91ea2d551a062d485985120861777,True,1,visor,daily_object_band,band,3659,689ff840e4ebf4cbc459e12f23c344e61c9eff36d891e8f1f20e68a70414df18,sam2-amg[facebook/sam2.1-hiera-tiny],"[""sam2-amg[facebook/sam2.1-hiera-tiny]"", ""grounded-sam2[IDEA-Research/grounding-dino|facebook/sam2.1-hiera-tiny]"", ""grounded-sam2[IDEA-Research/grounding-dino|facebook/sam2.1-hiera-tiny]/profile-dense"", ""grounded-sam2[IDEA-Research/grounding-dino|facebook/sam2.1-hiera-tiny]/profile-refine"", ""hpid-appearance-contour""]",0.0,
hat__04,hat,6,0.0,99630ad1dba1c6c090bee9e5d1724078a71f8e671d2b4f6dee4c01b6fc369f19,6249b5bf668f478d065a9bc71a3753d605327da0b070d7a7c265a880c1eae616,495abdc70bba7bd351b4878f278c0458398ab13280287b143a701481814ee403,a8934376ef9fe2c156fa2541e59ab9dec45ec2e30b2132448d16c397bf545f23,False,,,,,,,,,,No annotated reference with >=20 unambiguous pixels and two distinct normalized nonroot classes.
helmet__01,helmet,8,0.0,58800087b8ecbb130b7c466cd66dddcbf4fa3cba4562255eee2e5b38d2a4f53f,bf05ea9c8781ed7e312342df9ed6734ce43e240125c0cad2ecef46abf89ce76d,0d4d945bdc50890985d196391149791dad851172ce46d04fb7995a601b7979a0,226a33ad5c8353f922188e698841f32c6ff5cce026e37487bb237e12a2bb0aab,True,0,rim,daily_object_band,band,1809,2f2291757778b512b808a3a1efd825b73a79202d495e16c6d52308c1057bfc0a,sam2-amg[facebook/sam2.1-hiera-tiny],"[""sam2-amg[facebook/sam2.1-hiera-tiny]"", ""grounded-sam2[IDEA-Research/grounding-dino|facebook/sam2.1-hiera-tiny]"", ""grounded-sam2[IDEA-Research/grounding-dino|facebook/sam2.1-hiera-tiny]/profile-dense"", ""grounded-sam2[IDEA-Research/grounding-dino|facebook/sam2.1-hiera-tiny]/profile-refine"", ""hpid-appearance-contour""]",0.0,
helmet__02,helmet,11,0.0,ca18ac47d3919e5a9854387e34f5b5e7e5a27aa4e36178f9136c9ad1c90b5501,9fdf762bbb8c9ba6e6618f5fcbf497e00808093853d4c4099d3493db24fd3c12,5140be98af6680604d81a13f6db70e326371ad64a57c78420f15887f64d87fc6,b8648bb0c49f4132524ef4f183bd2e644bf79ffd940e5329f5c0b936ddf3a876,True,0,logo,daily_object_band,band,383,fbd4b601149707a3a963802672b009e731f93a50dc8ab706c2db42ef31388084,sam2-amg[facebook/sam2.1-hiera-tiny],"[""sam2-amg[facebook/sam2.1-hiera-tiny]"", ""grounded-sam2[IDEA-Research/grounding-dino|facebook/sam2.1-hiera-tiny]"", ""grounded-sam2[IDEA-Research/grounding-dino|facebook/sam2.1-hiera-tiny]/profile-dense"", ""grounded-sam2[IDEA-Research/grounding-dino|facebook/sam2.1-hiera-tiny]/profile-refine"", ""hpid-appearance-contour""]",0.0,
helmet__03,helmet,4,0.0,a5adc92704e307e15ac1d827b4d31b3f3b6511b2fdb282e9c3039f48fb23d7ed,ac797354f9a1a13c72084ea4be9dd3721d2087e3edf1de83b3c44ac292fd8c5a,fc24332b2ca019198606ece3116fd9658060a1aa401a4cf57bd48ab17361f193,078492004cca2408956d6a6b9fa048ee7ed5d44b76f6a5fcc34ae417441d096f,False,,,,,,,,,,No annotated reference with >=20 unambiguous pixels and two distinct normalized nonroot classes.
helmet__04,helmet,11,0.0,34ab5a5f0066a6a3fc0dd1dbf8c5ca0fbac5a63e0477053ca9f75324114aa207,08dfb2b0e0a2aa18f22834220e2e8390ab099b5c3da715c9a598848ae27b1053,e23a17e3bcb12c3eb36d7f1251b7f7d8717e39a1578e35914036574aa47371b2,1973cc31d7cd983bc0c93f878877d670a0fffda96439bc6fb70034e4936acbaf,True,0,band,daily_object_face_shield,face_shield,3289,11662a3721e1af29006f173391a8fb8bfbf78371aa297bf193fe8d60a3bf9143,grounded-sam2[IDEA-Research/grounding-dino|facebook/sam2.1-hiera-tiny]/profile-refine,"[""grounded-sam2[IDEA-Research/grounding-dino|facebook/sam2.1-hiera-tiny]/profile-refine"", ""grounded-sam2[IDEA-Research/grounding-dino|facebook/sam2.1-hiera-tiny]"", ""grounded-sam2[IDEA-Research/grounding-dino|facebook/sam2.1-hiera-tiny]/profile-dense"", ""hpid-appearance-contour"", ""hpid-repetitive-physical-detail-v1""]",0.0,
jar__01,jar,10,0.0,a6f3634bbee85953b643ea1854439f3048ab19909860b05ca39dab8d648b504e,698d516f566ce8f6bdbd6f19bf83b83800067ab2685e086c142f755b8fc90e19,8aca862f330662037dd38ffd448ea7b00ecfd9f0da844903d7dad2f304d164c6,caaa9fe41e0561a0bfa04e7326b6bb478364da4bb39927e0949d9bbcc660d3ee,True,0,lid,container_base,base,6932,5fa16fddb4102dc540c83d5c4a22a4cac419da01f639d5490c51b445c57dbcf8,sam2-amg[facebook/sam2.1-hiera-tiny],"[""sam2-amg[facebook/sam2.1-hiera-tiny]"", ""grounded-sam2[IDEA-Research/grounding-dino|facebook/sam2.1-hiera-tiny]"", ""grounded-sam2[IDEA-Research/grounding-dino|facebook/sam2.1-hiera-tiny]/profile-dense"", ""grounded-sam2[IDEA-Research/grounding-dino|facebook/sam2.1-hiera-tiny]/profile-refine"", ""hpid-appearance-contour""]",0.0,
jar__02,jar,11,0.0,1f990d752d38010b173e8662f78ef2640faca5eb9c867dbbcee603a93a4f76dc,fbe3cf4a6c5a878937278d5c27a7b0d0c35d90a2e3d92f991ab6afd6e43ca685,d3bf2d051bee2502be7bc5cf78f2d05f8a81038c25d456f4fce2c2023d9e303e,9ff964316ac548e4d44ef0b5aac5dccd9856b34c739c7188dd01f85d7a6a235a,True,2,label,container_handle,handle,3228,059d32c2dc4d3735710e0e1bc5ba6e1bed3e41be37ae4daf3133b6e471e33e13,grounded-sam2[IDEA-Research/grounding-dino|facebook/sam2.1-hiera-tiny]/profile-refine,"[""grounded-sam2[IDEA-Research/grounding-dino|facebook/sam2.1-hiera-tiny]/profile-refine"", ""grounded-sam2[IDEA-Research/grounding-dino|facebook/sam2.1-hiera-tiny]"", ""grounded-sam2[IDEA-Research/grounding-dino|facebook/sam2.1-hiera-tiny]/profile-dense"", ""hpid-appearance-contour"", ""hpid-repetitive-physical-detail-v1""]",0.0,
jar__03,jar,7,0.0,0cdbc9f60ebf38c2fd55650de8ed2a74f54ce5ff46c1c97b39f76c4ef7cba93a,aaae9ba6771e4b368901aba52e0ffd87160bd3fae6923088073b30d5d9f08992,a210affed6164d7151998448d8fe8d0956a47bacbbd3bb75f85b83fd45941ced,227ab6b0497dae12bca14f220be9dedce1530ae82811d6f4fa2f6eb8b15fc56e,True,2,label,container_bottom,bottom,353,6868e47a45aaedf56c88e088008a9e67e2533b2c6369c778fdbc7322d2ddc5ea,grounded-sam2[IDEA-Research/grounding-dino|facebook/sam2.1-hiera-tiny]/profile-refine,"[""grounded-sam2[IDEA-Research/grounding-dino|facebook/sam2.1-hiera-tiny]/profile-refine"", ""grounded-sam2[IDEA-Research/grounding-dino|facebook/sam2.1-hiera-tiny]"", ""grounded-sam2[IDEA-Research/grounding-dino|facebook/sam2.1-hiera-tiny]/profile-dense"", ""hpid-appearance-contour"", ""hpid-repetitive-physical-detail-v1""]",0.0,
jar__04,jar,6,0.0,7f8a7d537bfad4c6dad83ba2d257a3bd1cf9889c624ae93b7c19891fb5a8e7e1,53ef4e3245fa1028c8ce63307b73be608226a8c426d7a27bb194dbceb9da8c2b,b56f3cc9b99352f2bdfd45fa2ce9f2d054dc065e748f923f493b896f151b908a,a5e1296116644bd3d63846d09a6d016e2857fa22dd81f0344072ce2a2c79d20b,True,0,lid,container_inner,inner,3730,376752c1b55291add0eb3396d6a38826f2e3a0c4a1c095942434d6a41fa2505a,grounded-sam2[IDEA-Research/grounding-dino|facebook/sam2.1-hiera-tiny]/profile-refine,"[""grounded-sam2[IDEA-Research/grounding-dino|facebook/sam2.1-hiera-tiny]/profile-refine"", ""grounded-sam2[IDEA-Research/grounding-dino|facebook/sam2.1-hiera-tiny]"", ""grounded-sam2[IDEA-Research/grounding-dino|facebook/sam2.1-hiera-tiny]/profile-dense"", ""hpid-appearance-contour"", ""hpid-repetitive-physical-detail-v1""]",0.0,
kettle__01,kettle,4,0.0,22b93c752f97fe7dec91b4904bb8a17b50ba6bcf429fb8d9b28f61a65a05e03d,bb5f567877eb012d3dfed40d5f79ef6486eaea0e52494c7555fec75f7f3100d3,b4ca92ae0a32e858cbc211e35ca62315678fd3322e80f378944bd38cc1cd8ff4,e90d3579751ffae16b591f317b60269cb1b58d6e5eb2dc3835ec45914d2d3aed,False,,,,,,,,,,No annotated reference with >=20 unambiguous pixels and two distinct normalized nonroot classes.
kettle__02,kettle,6,0.0,7c04c0aec8a96520f4e13150c1d98edf2a741bf6de4420c4e2812688deeee8d7,5ed3f414db0d6c9bf0cce0a046320c02c8f96472cd2537b45a7b62c9e6b96905,fd128d7302cbafd197b35f172bf79cd48c0b64135ff2bed68c5d52c172f53c9d,16e0898d23dafb852dae1e44a1730d0f2e522c68e3786f4b16f02784b982aae9,True,0,lid,device_button,button,858,7de695dd3b4289756a04d074faa73d9ae9f913ffa498fdf5ae9847f3dfa127ae,sam2-amg[facebook/sam2.1-hiera-tiny],"[""sam2-amg[facebook/sam2.1-hiera-tiny]"", ""grounded-sam2[IDEA-Research/grounding-dino|facebook/sam2.1-hiera-tiny]"", ""grounded-sam2[IDEA-Research/grounding-dino|facebook/sam2.1-hiera-tiny]/profile-dense"", ""grounded-sam2[IDEA-Research/grounding-dino|facebook/sam2.1-hiera-tiny]/profile-refine"", ""hpid-appearance-contour""]",0.0,
kettle__03,kettle,9,0.0,0f746cde7d12971663661af44663a5d6b798bd2e49d1cf79b7e181e9e62cf05c,0aceaf1a8d054a25c7751ad3e1c58438ea8e9098e502628c97681fa159663bde,0e0daed297bc764a236ab1a589a12d7aa2ed9ac8cc5c1eedc05f03e0bd4c4413,fdfb4ebdaeff22e85dcfbc8962f74f48cad06862a9041de6e197171c406bfc7d,True,0,handle,device_base,base,975,04e6bca9cc2c84d695a8c95241e01ae23b0f3381f4bc2b81384682a1f3d225f8,sam2-amg[facebook/sam2.1-hiera-tiny],"[""sam2-amg[facebook/sam2.1-hiera-tiny]"", ""grounded-sam2[IDEA-Research/grounding-dino|facebook/sam2.1-hiera-tiny]"", ""grounded-sam2[IDEA-Research/grounding-dino|facebook/sam2.1-hiera-tiny]/profile-dense"", ""grounded-sam2[IDEA-Research/grounding-dino|facebook/sam2.1-hiera-tiny]/profile-refine"", ""hpid-appearance-contour""]",0.0,
kettle__04,kettle,10,0.0,392c3ea5ae66b94f7f9ca825226dafdd55ef70c02f8209410a2a36d3b14cb4ac,d805c660795bbd199523600d84e13f588a1fc0d1d57e7a3abb47655de49af3fc,3ef60380868c0d4ee2a634744e0af62f45a99cdf2e7b26fde0e939716a268d7b,eb4e913b0eb61d56b70dd13a8a5ba18df6b21f76be95fedf12cb9cde9424aef2,True,0,spout,device_button,button,120,bd68bff1ae096352492b333bedebe179d6abbafb19a423813acd9a4b9f0d945f,grounded-sam2[IDEA-Research/grounding-dino|facebook/sam2.1-hiera-tiny]/profile-refine,"[""grounded-sam2[IDEA-Research/grounding-dino|facebook/sam2.1-hiera-tiny]/profile-refine"", ""grounded-sam2[IDEA-Research/grounding-dino|facebook/sam2.1-hiera-tiny]"", ""grounded-sam2[IDEA-Research/grounding-dino|facebook/sam2.1-hiera-tiny]/profile-dense"", ""hpid-appearance-contour"", ""hpid-repetitive-physical-detail-v1""]",0.0,
knife__01,knife,2,0.0,c0eb2262166a04567fc737fd4b00d856c047f68956cc771d04f8de644e938ed3,1a70570534b3f2d945a67280c2eb480bf1d49f2addfe7b0d45c2ad52362e19e3,652dbec104f5afc01d4b6fc81ef29c6298f0464b822c300fa53c5f671f044656,6fa6756346d713985101d9a02479207f240309d19a44511e0749cb92a96c8aaf,False,,,,,,,,,,No annotated reference with >=20 unambiguous pixels and two distinct normalized nonroot classes.
knife__02,knife,6,0.0,9d413ad536364f9ba83df8141d468f06a9d925a620319755a5b0098a7348dad5,c2065b8e32323e7b2afd57e28a03058eabbed2447c22f91be426d6ee0ed3526d,7d3f7cd0a86443123bffb77143ed921f5e1e733952c8e4e149315cedc14b32b1,347b535d8f6cf0d79ec24b36b7069bbc6cc0f77ba984d3c7deab7ec59f53f6c6,True,0,handle,tool_prop_lid,lid,12509,e6b0348227ea258a0620a4daa28f4d848ab13ae374919a9bdbf48b1cd5caaa2d,sam2-amg[facebook/sam2.1-hiera-tiny],"[""sam2-amg[facebook/sam2.1-hiera-tiny]"", ""grounded-sam2[IDEA-Research/grounding-dino|facebook/sam2.1-hiera-tiny]"", ""grounded-sam2[IDEA-Research/grounding-dino|facebook/sam2.1-hiera-tiny]/profile-dense"", ""grounded-sam2[IDEA-Research/grounding-dino|facebook/sam2.1-hiera-tiny]/profile-refine"", ""hpid-appearance-contour""]",0.0,
knife__03,knife,1,0.0,ad4900f926985150260e0a79dbd0f9e044d9ebf5e3ba85a942a18f8f3ca08cef,03613dfcef4953c52a68f99b8549260dd1af396f07436905030415bb5430879f,48a27ede1bc6cd719b8d8283d83916b33631f8e58b03c07e62e69311c7e28352,26154519c24ab33041990225cc8ac94da594fbe644f318a9476de3e53322a412,False,,,,,,,,,,No annotated reference with >=20 unambiguous pixels and two distinct normalized nonroot classes.
knife__04,knife,3,0.0,ac15bd6af7b5a84e528878506afb4777d075d241352a2da58e82269632c02202,1a08a39eebc54920097187b75b7135f0b6f6d7cd0b21df2def07f18ba850ef31,fc5d39ecc327351f0ec392bb40f5e91f72f92f577d32a8dc0531add54b02f474,f368c2b5d241524c94be4896136469ab22be6d63ebfb600e4cf3f116486632ba,True,0,handle,tool_prop_blade,blade,10462,ba8868500efd19dda3073aff55e866cec9045f741d0d15fabd5a9490c4ba5978,grounded-sam2[IDEA-Research/grounding-dino|facebook/sam2.1-hiera-tiny]/profile-refine,"[""grounded-sam2[IDEA-Research/grounding-dino|facebook/sam2.1-hiera-tiny]/profile-refine"", ""grounded-sam2[IDEA-Research/grounding-dino|facebook/sam2.1-hiera-tiny]"", ""grounded-sam2[IDEA-Research/grounding-dino|facebook/sam2.1-hiera-tiny]/profile-dense"", ""hpid-appearance-contour"", ""hpid-repetitive-physical-detail-v1""]",0.0,
ladder__01,ladder,7,0.0,0be37cc2a0b85c59b8499c9925ef39c121b4fc6f4ef7c9d91721de52b70bfe22,489854bb1a96a003ef79b2b7302e26060a03fb92c6650bbf7c7a49b6c43a7d39,533797120f900fa58947f72e36f2fa428ec814f73d95254a8050e0934ba458a3,3314a89e35e170f8fcf4c84cdab26b88447c86f6f3bc2f60fb22e54851acb7e8,True,0,step,tool_prop_foot,foot,1970,1312db58bf6d06db02ff954ceca01635b544bb827d84930692f267376da3d5d9,sam2-amg[facebook/sam2.1-hiera-tiny],"[""sam2-amg[facebook/sam2.1-hiera-tiny]"", ""grounded-sam2[IDEA-Research/grounding-dino|facebook/sam2.1-hiera-tiny]"", ""grounded-sam2[IDEA-Research/grounding-dino|facebook/sam2.1-hiera-tiny]/profile-dense"", ""grounded-sam2[IDEA-Research/grounding-dino|facebook/sam2.1-hiera-tiny]/profile-refine"", ""hpid-appearance-contour""]",0.0,
ladder__02,ladder,12,0.0,ef59e1454effe8cca5773ee8b6dfa5f0c0eec44c7659575bbfdb36ea3ee29e98,d69f1fbd08f2ce322797ad22c537cbe5a4fe9cde2fe326afee72de23323b1c8d,a83b9dc9f2fe5befb1d03e4685dfae57aa182f20ace0830fa2b5de3416e1507f,85876145acc9f937eb786968a78dcea6e53eb9b004891ab93523c237be8e529b,True,0,rail,tool_prop_foot,foot,2661,6eb9ccbc9c52fd447017ddc3511f51df841d3e05118d54acee0fefbe3fe31ff0,grounded-sam2[IDEA-Research/grounding-dino|facebook/sam2.1-hiera-tiny]/profile-refine,"[""grounded-sam2[IDEA-Research/grounding-dino|facebook/sam2.1-hiera-tiny]/profile-refine"", ""grounded-sam2[IDEA-Research/grounding-dino|facebook/sam2.1-hiera-tiny]"", ""grounded-sam2[IDEA-Research/grounding-dino|facebook/sam2.1-hiera-tiny]/profile-dense"", ""hpid-appearance-contour"", ""hpid-repetitive-physical-detail-v1""]",0.0,
ladder__03,ladder,4,0.0,45aa898fddf83a2f0665ed03503a92f83ab105f2c97858a03d27e8d6137bf048,e06a401eac10fae8938a3bb24f4e52d3f07437164aac08eff2f3774dc53ca592,7a37ca4c7cc799a71d1a5115dcc2792fdbb9a55e5ef1106e0958848052f32a5c,f4244b2559448a095a87b87f14ea8d988342d541b26e587988388e36856e7202,False,,,,,,,,,,No annotated reference with >=20 unambiguous pixels and two distinct normalized nonroot classes.
ladder__04,ladder,2,0.0,72034cfb5d1086d5cf52c408bb0e6cb7df3e6363e1b779f391a4be4924cfafe8,9a61520d07bbf6e749c28ba293fa88213caed0db16ffa90873400246eb4e22e2,268faa0be9b7a1b59ae085c0eccc858f258b140fcdf01ecd2b7f050ff69b2e50,215d46261ffaf4d227293ef0a2111fd09821689fcb25f5155aa8f165a9d964b5,False,,,,,,,,,,No annotated reference with >=20 unambiguous pixels and two distinct normalized nonroot classes.
lamp__01,lamp,7,0.0,3bcfc8adebbf381f0cba39aa220a8df957f6933bd0687bc90b3244d72c2ab775,cb94628d33604b044426170f6a8a4f0f87b0f48454c7d9080366bbda9aaeb2f9,908a09f8b366a071fec083c5a8ce18dcdc74c7fb57fb6ba1b67d3c709c2cc3a2,154321f3f68b0af6116173951c2ecf1d60ef630432c6bc1b15d979f225966ab6,False,,,,,,,,,,No annotated reference with >=20 unambiguous pixels and two distinct normalized nonroot classes.
lamp__02,lamp,3,0.0,b7f54544a826e5d01faee9f44dea0fceba6d7e3f0068e53919db2688e1b29d9e,c92a771ba4dbbde445737ec6c1f0c2376c5079527fcb351778f220f5e00e86bc,8bf7a9fd791a7a99679568ec7beb9915691663c3783f819f8c6d24844f68330b,6605aee4dfa42ffba5aecd9e1afad5e55ee9521772c28ca40b95ed0043ca62d5,True,0,shade,device_rod,rod,974,480ffac7fbe7d79440f20c3bdbd04eef867f726330431345b3d1a1ec98b084c5,sam2-amg[facebook/sam2.1-hiera-tiny],"[""sam2-amg[facebook/sam2.1-hiera-tiny]"", ""grounded-sam2[IDEA-Research/grounding-dino|facebook/sam2.1-hiera-tiny]"", ""grounded-sam2[IDEA-Research/grounding-dino|facebook/sam2.1-hiera-tiny]/profile-dense"", ""grounded-sam2[IDEA-Research/grounding-dino|facebook/sam2.1-hiera-tiny]/profile-refine"", ""hpid-appearance-contour""]",0.0,
lamp__03,lamp,8,0.0,6be6848d93709786bc7c56afc23f8f1ee387dbc3e1d1d610e4fb283ccc5a0ba8,2a6d9f6c6ddf0328939ad5f22f4c2ede257d0de8d113b4592850bd79c234622c,938194f9a85e64d5213df0cc2b75c3c1f0e4d88e3b3a3ee3d5bccc9ae86831d9,6cbc8859bb7ab11892e87747f3aa680c260431c9d12c610d653c15b03afb3133,True,0,rod,device_base,base,696,d2d840abd00a5342647705a2a8ec86991406b3ea34877100d8281cfc7f3e8cd3,grounded-sam2[IDEA-Research/grounding-dino|facebook/sam2.1-hiera-tiny]/profile-refine,"[""grounded-sam2[IDEA-Research/grounding-dino|facebook/sam2.1-hiera-tiny]/profile-refine"", ""grounded-sam2[IDEA-Research/grounding-dino|facebook/sam2.1-hiera-tiny]"", ""grounded-sam2[IDEA-Research/grounding-dino|facebook/sam2.1-hiera-tiny]/profile-dense"", ""hpid-appearance-contour"", ""hpid-repetitive-physical-detail-v1""]",0.0,
lamp__04,lamp,7,0.0,5dfb032fe86a909e57333658da553a4f0bd164409e9bd44c724e2575deb4e207,a9767f8111f8208855893b7ea764e9f2fae7f4fdc0046f2ccce9c1662c562b07,31a2ca26a6f28f704148f4638c83f6d8da9a2d13fae343a6678c2c301e09ca41,b777e5c394c39d8115e48477b2fd0e01d7d168cf3d74f0aff8217dfc2cc5b2ba,True,0,finial,device_bulb,bulb,124,ff06371f9a55f0a55bd4ed9110fbae85d9a792a2287a84c530256057909b3afe,grounded-sam2[IDEA-Research/grounding-dino|facebook/sam2.1-hiera-tiny]/profile-refine,"[""grounded-sam2[IDEA-Research/grounding-dino|facebook/sam2.1-hiera-tiny]/profile-refine"", ""grounded-sam2[IDEA-Research/grounding-dino|facebook/sam2.1-hiera-tiny]"", ""grounded-sam2[IDEA-Research/grounding-dino|facebook/sam2.1-hiera-tiny]/profile-dense"", ""hpid-appearance-contour"", ""hpid-repetitive-physical-detail-v1""]",0.0,
laptop_computer__01,laptop_computer,23,0.0,cc8c728660af1b9957cb242031b945d627d55e6aaa370484e9f17412694bd420,d944a4629c1343411a3c18df6d1c23724be1925e3d60efd28216a185746f69d8,d8264523cc0de14317c3279bc0aabbcfbf696faae7b4164151bf52131f03e9e3,9683969564bb8203db86ad7b31dcedc8a3a7355ad19bb9c6acd53edc753fffb2,True,0,logo,device_base_panel,base_panel,123,26c0b4a49dc5ae56bec36b8de82c845ce0cb3d43b130f53779a52f9b45407e33,grounded-sam2[IDEA-Research/grounding-dino|facebook/sam2.1-hiera-tiny]/profile-refine,"[""grounded-sam2[IDEA-Research/grounding-dino|facebook/sam2.1-hiera-tiny]/profile-refine"", ""grounded-sam2[IDEA-Research/grounding-dino|facebook/sam2.1-hiera-tiny]"", ""grounded-sam2[IDEA-Research/grounding-dino|facebook/sam2.1-hiera-tiny]/profile-dense"", ""hpid-appearance-contour"", ""hpid-repetitive-physical-detail-v1""]",0.0,
laptop_computer__02,laptop_computer,12,0.0,4fbdaca2f44c7766e16ba32641fc21cda7b137a65e54c4e4b1a41b92c02fb7e5,827b16aaa9fb67d7e7cd6ed0774b7b96f569a1142b0a0e16989c6421eb07c6ca,00b6712111da3bb564c5bb944154198f84923b9f992be33351b4daf7e5758eb2,c18b2f8c0da0693f4c8bf6cebfdffad9f6dd66cf69532dd892e7e73b9d25e92c,True,0,touchpad,device_base_panel,base_panel,945,0807c97a1e22631d202203a99e5bae851a05db24c4b1da256768d06f4e602d53,grounded-sam2[IDEA-Research/grounding-dino|facebook/sam2.1-hiera-tiny]/profile-refine,"[""grounded-sam2[IDEA-Research/grounding-dino|facebook/sam2.1-hiera-tiny]/profile-refine"", ""grounded-sam2[IDEA-Research/grounding-dino|facebook/sam2.1-hiera-tiny]"", ""grounded-sam2[IDEA-Research/grounding-dino|facebook/sam2.1-hiera-tiny]/profile-dense"", ""hpid-appearance-contour"", ""hpid-repetitive-physical-detail-v1""]",0.0,
laptop_computer__03,laptop_computer,15,0.0,c9afad9a0d98592436ccf2efd1c2e92501104b143265379f0d8b90ca945ed7c7,91097dc1829acb4e836cd641cf6f57321d97c38584c0aa6d9f1071ae8b66e03a,4abc7edc8998e6cf274ebc7ba045b6da7b1b8cffba78663515590bd7a7a4400d,5ce6d3679d984368ac6847ac789d3dfe970095319fbc286943d6b49182b6f84d,True,0,logo,device_bezel,bezel,27,91057b13e5ce13fa205d6278b170b159b32981dfcce49f98124e61a53f5cdcf0,hpid-topology-v1,"[""hpid-topology-v1"", ""grounded-sam2[IDEA-Research/grounding-dino|facebook/sam2.1-hiera-tiny]"", ""grounded-sam2[IDEA-Research/grounding-dino|facebook/sam2.1-hiera-tiny]/profile-dense"", ""grounded-sam2[IDEA-Research/grounding-dino|facebook/sam2.1-hiera-tiny]/profile-refine"", ""hpid-appearance-contour""]",0.0,
laptop_computer__04,laptop_computer,11,0.0,a8082b405aab44c1e0d9ce03cb65b716f2369d2a0e72728b8d8a1ae579a1f1da,bab7e7914f2d8f11ea0ac473b19046f187da71d0bae08d43e5748057185be169,44765fe2eee8a5f43655288cc64ab0951b07aff4096a4a826d0532def508ae1a,6dd5ae6d6ae79b97881c102a131447b46ddd64444db145229ae93385a088eab1,True,1,screen,device_bezel,bezel,8710,52baca4b108fdcb9d9f5cb1e642e9198bbb91610404a942a14dae13853b1ace1,hpid-topology-v1,"[""hpid-topology-v1"", ""grounded-sam2[IDEA-Research/grounding-dino|facebook/sam2.1-hiera-tiny]"", ""grounded-sam2[IDEA-Research/grounding-dino|facebook/sam2.1-hiera-tiny]/profile-dense"", ""grounded-sam2[IDEA-Research/grounding-dino|facebook/sam2.1-hiera-tiny]/profile-refine"", ""hpid-appearance-contour""]",0.0,
microwave_oven__01,microwave_oven,11,0.0,a00fa3acdbf7715046e0b8df3eedba24b3bfcc6460caa4521c680466d95348fb,7004391006a8d39505bea3e4b32df8d2fa09ade3004801e9cbaf3d9366c893a6,221bcc5558458d626c7248094b2fc74a0ab5de320130a35b49ec1b20693ab9e7,9a5b577aa07eaeb0e28b635e0120bb74f1281122d1ddd3beb15822590139465e,True,0,top_panel,device_control_panel,control_panel,15032,f6c915383fe4e75901e99f0db47893d2c54ecf9cb8286642b21e06c76f35741f,grounded-sam2[IDEA-Research/grounding-dino|facebook/sam2.1-hiera-tiny]/profile-refine,"[""grounded-sam2[IDEA-Research/grounding-dino|facebook/sam2.1-hiera-tiny]/profile-refine"", ""grounded-sam2[IDEA-Research/grounding-dino|facebook/sam2.1-hiera-tiny]"", ""grounded-sam2[IDEA-Research/grounding-dino|facebook/sam2.1-hiera-tiny]/profile-dense"", ""hpid-appearance-contour"", ""hpid-repetitive-physical-detail-v1""]",0.0,
microwave_oven__02,microwave_oven,5,0.0,eb0ca0cf2e91ced24835be4c5026dbbcc87e3fb3aeaac53d6aeec839b9a7f409,ca0cf298031582da6d359f3fa18fe847fbb376bd5bb2fc506296bbb0d8712f93,96b025e9a1f847324ec8eec2ed4d1d7aedf8da615cf15fd36c85d762c345205c,1a1f4cc211a3bd779851e42a9b2eab84df51ea6d97740e942610186ed08c404e,True,0,handle,device_door,door,379,4e3a14352fa034d6196c2fed96f7d976bafd6c11d7cedcc6f61fe734c15100ec,sam2-amg[facebook/sam2.1-hiera-tiny],"[""sam2-amg[facebook/sam2.1-hiera-tiny]"", ""grounded-sam2[IDEA-Research/grounding-dino|facebook/sam2.1-hiera-tiny]"", ""grounded-sam2[IDEA-Research/grounding-dino|facebook/sam2.1-hiera-tiny]/profile-dense"", ""grounded-sam2[IDEA-Research/grounding-dino|facebook/sam2.1-hiera-tiny]/profile-refine"", ""hpid-appearance-contour""]",0.0,
microwave_oven__03,microwave_oven,11,0.0,d65d79e5a1e1f0424025ca420f6cd66dae602741f33f4c89c1429073574000aa,25374583527156045d81b811b44b8665d5f3f3dee0b5fef8536e1daf76fddfa6,ed801717a59d900edbae3bcbf76028d8eb0939f271240fb5d51cfcf0e31b55c3,f96862ffffe54b7c76934b57ba59bf7613ec570d764ba63de404c2e359b7d5d7,True,0,screen,device_control_panel,control_panel,116,3fde874cc560f13c8421986782479650285f93d93cda4b3557a26fea703b5f5e,grounded-sam2[IDEA-Research/grounding-dino|facebook/sam2.1-hiera-tiny]/profile-refine,"[""grounded-sam2[IDEA-Research/grounding-dino|facebook/sam2.1-hiera-tiny]/profile-refine"", ""grounded-sam2[IDEA-Research/grounding-dino|facebook/sam2.1-hiera-tiny]"", ""grounded-sam2[IDEA-Research/grounding-dino|facebook/sam2.1-hiera-tiny]/profile-dense"", ""hpid-appearance-contour"", ""hpid-repetitive-physical-detail-v1""]",0.0,
microwave_oven__04,microwave_oven,20,0.0,b029197b632204b603eea8b8931e2597714b9583156ad81a88c422415518b11a,006ec8674fea1826707db3f18b3c5482c885af77b321f317d22fd982f3180e8c,19d6170d1cc7247425534b979a9e41b4c7cac4fd6a74e626ce40273ac32608d7,0b94348ed536756ed92b7d1545fd7d2de28ffb0a532d15c79fdf74cc1187d362,True,0,top_panel,device_button,button,1592,a4fd3bcae0f61525e83b3c1aa372aaf33b2c18280679a4c469c61bc1cae9f8a8,grounded-sam2[IDEA-Research/grounding-dino|facebook/sam2.1-hiera-tiny]/profile-refine,"[""grounded-sam2[IDEA-Research/grounding-dino|facebook/sam2.1-hiera-tiny]/profile-refine"", ""grounded-sam2[IDEA-Research/grounding-dino|facebook/sam2.1-hiera-tiny]"", ""grounded-sam2[IDEA-Research/grounding-dino|facebook/sam2.1-hiera-tiny]/profile-dense"", ""hpid-appearance-contour"", ""hpid-repetitive-physical-detail-v1""]",0.0,
mouse_computer_equipment__01,mouse_(computer_equipment),7,0.0,67883544ea42dfae389455fb13f4c971474ebc5d7c1d226442f4f12fa570a89f,1827250b413296843563982d6fac900f42cb6a8058081d5ac34e63573b65a15b,e812e4cba0e555ae4b054a217e0a6328bbb72a4e0a635c9fe62715944c61aff7,a6f5e0b592d9a0b4b7717adce634bd744504e5ef928ac8f5bf5281231bc03d32,True,0,wheel,device_button,button,875,35962e11fe452d54043b96726ef1c9dbcb170a9f07362997d45dced6daf0a24f,grounded-sam2[IDEA-Research/grounding-dino|facebook/sam2.1-hiera-tiny],"[""grounded-sam2[IDEA-Research/grounding-dino|facebook/sam2.1-hiera-tiny]"", ""grounded-sam2[IDEA-Research/grounding-dino|facebook/sam2.1-hiera-tiny]/profile-dense"", ""grounded-sam2[IDEA-Research/grounding-dino|facebook/sam2.1-hiera-tiny]/profile-refine"", ""hpid-appearance-contour"", ""hpid-repetitive-physical-detail-v1""]",0.0,
mouse_computer_equipment__02,mouse_(computer_equipment),8,0.0,bfe7e207aaa879079db53ba72df2043ee756a50cc8881e6b40ac1202196ef13a,318c5b5ffd86be84f7b7b510c02a5b93e003e0a6577077e695182c55328718d9,4dad04f21242274d888723f905d3db3eb43ed8e9add41adddf2880bcb57bc94c,415fbd3a5bb3afc49789579e99014c0e41ec5e7a5675df9eb677a4bc561c05e2,False,,,,,,,,,,No annotated reference with >=20 unambiguous pixels and two distinct normalized nonroot classes.
mouse_computer_equipment__03,mouse_(computer_equipment),6,0.0,8cffeda6b9a39c91b9e606d60bfaf4d2d1d3e3266c4198adfbf980f51661715e,e0b6d188f5c803d19ab5857ecf48ea0f389506f582f2ffcaa64801f6b53716df,fa2b1c9bf005a3ec4a7f9cc3afa0b76fec02edf4e6ab107516461d984c16c94e,8db7ee2d5dc736cce3c4fa167c5354b5bed52aa554a9eb3b247e45737d12d871,True,0,button,device_wheel,wheel,1128,bcfe27505de370abc5f3c763403840788036938c1a5cecd44a06f082dd32bb73,sam2-amg[facebook/sam2.1-hiera-tiny],"[""sam2-amg[facebook/sam2.1-hiera-tiny]"", ""grounded-sam2[IDEA-Research/grounding-dino|facebook/sam2.1-hiera-tiny]"", ""grounded-sam2[IDEA-Research/grounding-dino|facebook/sam2.1-hiera-tiny]/profile-dense"", ""grounded-sam2[IDEA-Research/grounding-dino|facebook/sam2.1-hiera-tiny]/profile-refine"", ""hpid-appearance-contour""]",0.0,
mouse_computer_equipment__04,mouse_(computer_equipment),6,0.0,7b61b79579c3e4f93d0ea6acacbad1b850e7f33aed04a9a05b833a232100c5ee,ab935079a8734f2cee749fa0479f84d82bb3a33712e993375d010804f08389a6,331955e8c6fb761697045c5d8a036ab2502970c7717004c291875ac6112c60ac,f550f58cde07a93886c3d7b363a9b6dc443f18a063bcdcbd52e40e597f88b5f4,True,0,wheel,device_button,button,305,682a9fb2d2ebdbec889ff162b1f45efe1974a95fe50c91894154f4e14ab89c04,grounded-sam2[IDEA-Research/grounding-dino|facebook/sam2.1-hiera-tiny]/profile-refine,"[""grounded-sam2[IDEA-Research/grounding-dino|facebook/sam2.1-hiera-tiny]/profile-refine"", ""grounded-sam2[IDEA-Research/grounding-dino|facebook/sam2.1-hiera-tiny]"", ""grounded-sam2[IDEA-Research/grounding-dino|facebook/sam2.1-hiera-tiny]/profile-dense"", ""hpid-appearance-contour"", ""hpid-repetitive-physical-detail-v1""]",0.0,
mug__01,mug,6,0.0,5e26caf34bea542a24d949f9d9a1eb30004e3673a6f514aec5362bc40f719fd6,ad920ccea05e76e0624a976cc6ff0c9402813560ca0daa90382ea8e03f197a63,97393031ca08fc452453fada368a13937268cac99b77dd2f48ec7f6e52c57554,ef44b27cb0b4b7fdfe26e0b09faa6c4f797a7013e85241f5046c02d9b48e4f2c,True,0,rim,container_handle,handle,441,e04cfbed155ef41dfaaa20dd7a99d6e9f3f9c8d1d8ccba9a45e67e5b3c3f459f,sam2-amg[facebook/sam2.1-hiera-tiny],"[""sam2-amg[facebook/sam2.1-hiera-tiny]"", ""grounded-sam2[IDEA-Research/grounding-dino|facebook/sam2.1-hiera-tiny]"", ""grounded-sam2[IDEA-Research/grounding-dino|facebook/sam2.1-hiera-tiny]/profile-dense"", ""grounded-sam2[IDEA-Research/grounding-dino|facebook/sam2.1-hiera-tiny]/profile-refine"", ""hpid-appearance-contour""]",0.0,
mug__02,mug,13,0.0,c29e7b8860617418d43fbc6523e43498743fdffa360888944725d692b934061d,b83e99519cd3625bcb5601d6367531beffc7a147a07bcda8c6e81fad2d39c06c,ae2faa3de5271573639ab7997574a0a712ad36b6078581feb59907e323988a1c,a0f28f0a62e9d5c204524969432c71d1cca49e507b0b4debd62aa460e0cf5ab4,True,0,label,container_base,base,2583,eecd44353283c2d0be8e8eabd9a8aff8ba753945c565ed6202a175222e67e1b3,sam2-amg[facebook/sam2.1-hiera-tiny],"[""sam2-amg[facebook/sam2.1-hiera-tiny]"", ""grounded-sam2[IDEA-Research/grounding-dino|facebook/sam2.1-hiera-tiny]"", ""grounded-sam2[IDEA-Research/grounding-dino|facebook/sam2.1-hiera-tiny]/profile-dense"", ""grounded-sam2[IDEA-Research/grounding-dino|facebook/sam2.1-hiera-tiny]/profile-refine"", ""hpid-appearance-contour""]",0.0,
mug__03,mug,9,0.0,3380c11d855ad06a00b42cc4833c1fea14950792da44797d1e014ccfa20817ae,238b25e9c28839113597bc3a894072b0c4f27a8bc6c8bf0afb4f979a75939fc7,dae87017680ce46fb930dfffd33a39e74f2e9b3f3efaffcd581e17770b98ff2b,84813a59180a47aae624a7660d83a1f750fbb9e7ea556f29d5b4c477f3b88908,True,0,rim,container_handle,handle,1007,67e708900023403c8664bd1c9055df5f63e0380fb4c5a44e475bcceff2d3fc2d,grounded-sam2[IDEA-Research/grounding-dino|facebook/sam2.1-hiera-tiny],"[""grounded-sam2[IDEA-Research/grounding-dino|facebook/sam2.1-hiera-tiny]"", ""grounded-sam2[IDEA-Research/grounding-dino|facebook/sam2.1-hiera-tiny]/profile-dense"", ""grounded-sam2[IDEA-Research/grounding-dino|facebook/sam2.1-hiera-tiny]/profile-refine"", ""hpid-appearance-contour"", ""hpid-repetitive-physical-detail-v1""]",0.0,
mug__04,mug,5,0.0,b92f4e5a9eb36b2f4535bda502888023dffe519b2e187a9d31ac9cd3d8a5924f,b1d5840522cc1e94b088a8c34b2339c0da205008586c92c6e6990343d1d420c8,487ccc44dd19722a6373fc51344377a893244bcf782386c166264154bc430179,8bf6972be47ee16d912e0c4134be3cb7cbf55b8415f24cd06c584fd09b57d4bb,True,2,handle,container_inner,inner,1283,fdf6ce3210fef0b1c236c7ba948744b1dd2fc61f6036e693ac52c5dcac7db03e,grounded-sam2[IDEA-Research/grounding-dino|facebook/sam2.1-hiera-tiny]/profile-refine,"[""grounded-sam2[IDEA-Research/grounding-dino|facebook/sam2.1-hiera-tiny]/profile-refine"", ""grounded-sam2[IDEA-Research/grounding-dino|facebook/sam2.1-hiera-tiny]"", ""grounded-sam2[IDEA-Research/grounding-dino|facebook/sam2.1-hiera-tiny]/profile-dense"", ""hpid-appearance-contour"", ""hpid-repetitive-physical-detail-v1""]",0.0,
pan_for_cooking__01,pan_(for_cooking),1,0.0,6f7c7bff7acec21872f7426cbd02c1293d3367edb49201af13d0e2039579245f,e4f24d70c23f90676d30d42a8c40e175f4b059a26e83d52833e4c66c4bf18e17,1ec3383119551f6498a36d364997597861dda0519669a298dcacf0d2451a3875,fd6e471f5c0861e2f4abee8a9bab287e71161f94923d52c592670c7f8d8c4add,False,,,,,,,,,,No annotated reference with >=20 unambiguous pixels and two distinct normalized nonroot classes.
pan_for_cooking__02,pan_(for_cooking),7,0.0,726bc3e1bb9ba3b7ff75f11f86873c255192c8c7539bf4db9b3041f20798eeb1,6a1b02354b9ac0f167dbc9290685d77e6040a8f1e748bc703dc6a09727820619,2e7f0453c64fc8f242e413d1c3a8569c1e9b08a03345673f6c0bba5e21261c80,6a1bb48b10af0e6b9d7d63950e3c2a0fc94da0309ea93400c7c2202938a68f33,False,,,,,,,,,,No annotated reference with >=20 unambiguous pixels and two distinct normalized nonroot classes.
pan_for_cooking__03,pan_(for_cooking),7,0.0,d46a2bd3164424fd55fec63370c46cdf1d00366ee57a849630238dd41a8a0d11,17d5172cf982e2f0522de0233b1e8135a085980a30d1b15b5dbea0f43126f63c,2b7b4d8833cd3ece771080e155bda74700f30a74a315b788e4c869a1c13ec560,5031795b0ae4d0a2a89b88ed067b78c0eab382817f711ae6d8e90486a47a9786,False,,,,,,,,,,No annotated reference with >=20 unambiguous pixels and two distinct normalized nonroot classes.
pan_for_cooking__04,pan_(for_cooking),3,0.0,6d1e3dc67c8160a21e7abd206a46b4b506ed016910b4e23df10dc86671860fa8,d90b7ea22ee74706c2655e79fe61723ac216f9e30d0ab319778d867e9ed6cb23,853c0182b7baacf517689f0c51d01bb4cd70dd45974515e552a6c1cc9d607f38,b49f39da0f2e54b28c83f7829ba6329865c49541526939775eee75a80715d99b,False,,,,,,,,,,No annotated reference with >=20 unambiguous pixels and two distinct normalized nonroot classes.
pen__01,pen,6,0.0,e3b25a49ec1983576e34864e76152371e174cc49dd8d2d1d68aea3d27dfe3b56,6d59595a66ed8b2426b7395d4393ae1dac271ce3db5d4dad93347c6b5422b4c3,ad0c4a6fbf1e6419d51791c94f2aa92d209a16825fcc2b7f1ed38084c6df5951,711d698ad4078a3ec7d6600fa94e01da773ed3224a4342dcc5e693ec70dba9c3,False,,,,,,,,,,No annotated reference with >=20 unambiguous pixels and two distinct normalized nonroot classes.
pen__02,pen,4,0.0,f5e64dcb0ac0f198b570ded665d7e567ef87345ca3cf4d48bb27c90077cac118,4ef39d3e0f3fb5b16cb5d57f79f7f639da0734d23e7e9dad98e24150f298a7af,77f9004c6e04f207859e9b6a729d26fb52d4548d9b686831ce911e8be6731384,f1dc7b7d20c333d6fcbcd26441c656e78d220c38dca691fef8e3e13d44222f8a,False,,,,,,,,,,No annotated reference with >=20 unambiguous pixels and two distinct normalized nonroot classes.
pen__03,pen,1,0.0,0c50aa86fc02c30e7060432c2b3d33636aac5c5236059d4cd27b461a7cc84049,c01204a130f2ab04ffadf9fef04b4e7e72fa4724faf12e24681c6cf56789669f,d20dbe0906239452d54feec5fab29af56c5c07609f2d4454796a32e6a41cd8b8,2b66060776642199669d0fe8e3c1034946ee703350b4a6625cef78ad1fbcb35e,False,,,,,,,,,,No annotated reference with >=20 unambiguous pixels and two distinct normalized nonroot classes.
plastic_bag__01,plastic_bag,4,0.0,4d75b50d4d263c3cdac3d995df860bc508c1b745d402a66b5c1053a2eec5a660,4ddaf614fbbff80a2d506651a5adaf3bbf95e6a6e5684bcc537efb25b889c702,dc7817fb30da7b569827fae7f072605b9d95bd055f0e0d0a2bbdeb9bafb42b5c,9717dc20e0da62e2d3e5cd25332e39cb9d91426bf05854d265e1ca48d7773e82,False,,,,,,,,,,No annotated reference with >=20 unambiguous pixels and two distinct normalized nonroot classes.
plastic_bag__02,plastic_bag,5,0.0,1c93f3116856bed0a5330b9327e594c99a39fcc8ca36282c14400bb31628b09e,83f8fbebc06a5630b33d75acc18788126b89304ceb074d653290332975d386a9,aa342462f514d3a9eede99ed8e9590e7e434b16250548df74bb5f2a0cb1e019c,a2bc95c2ca60a5b35f52d539f7e91b6ee9f775996a1f59f2b88954f951b7ba07,True,0,label,container_pocket,pocket,3923,d0584f61cc816c9f13ce5374ebafccd66da982ca62ac99665aef2dbe4a6ae5f6,sam2-amg[facebook/sam2.1-hiera-tiny],"[""sam2-amg[facebook/sam2.1-hiera-tiny]"", ""grounded-sam2[IDEA-Research/grounding-dino|facebook/sam2.1-hiera-tiny]"", ""grounded-sam2[IDEA-Research/grounding-dino|facebook/sam2.1-hiera-tiny]/profile-dense"", ""grounded-sam2[IDEA-Research/grounding-dino|facebook/sam2.1-hiera-tiny]/profile-refine"", ""hpid-appearance-contour""]",0.0,
plastic_bag__03,plastic_bag,7,0.0,5f08fd3124b89a35548aa910c8cd4c08ce66755064fa63a534c062f6311c2f41,6803ca9f9ba75beffd311ef2f3c23ae89edf70ae8c0650dc681d212cbcfe4268,1ed70424d7acd100a6779ca0fcebe9cfa578bd8b7d2df733fb1531fdca7b751e,b495b74419f1311c1630582cb6baefa9b82214e934b740ec22070562e97cc954,True,0,handle,container_base,base,6258,36abc1d58227641f1b39a60bb4c301be30336ac884b5fd8e333c56e75c587f2c,sam2-amg[facebook/sam2.1-hiera-tiny],"[""sam2-amg[facebook/sam2.1-hiera-tiny]"", ""grounded-sam2[IDEA-Research/grounding-dino|facebook/sam2.1-hiera-tiny]"", ""grounded-sam2[IDEA-Research/grounding-dino|facebook/sam2.1-hiera-tiny]/profile-dense"", ""grounded-sam2[IDEA-Research/grounding-dino|facebook/sam2.1-hiera-tiny]/profile-refine"", ""hpid-appearance-contour""]",0.0,
plastic_bag__04,plastic_bag,10,0.0,bbd2c4d6216eae5b89277e2944e4f24d74b55f93b2287475e428a5ba69cb56a0,d5fc7c657039905b20c2fcb03882787d0e8b057e4d1ebb8bedf9de97181ccfcb,38687ba8806c3e410006676944c6b66ad9bee5d71187d138937f534e0b5ae464,375cd10cf9d54eab748366b2b48159989c4490d6e0f1908f6e6c483a0d5f4da9,True,0,label,container_handle,handle,3374,d7f32a0b0fba3b5b62625e4e167b2e9bf85db24f10e317a0c2c825f798c62a31,sam2-amg[facebook/sam2.1-hiera-tiny],"[""sam2-amg[facebook/sam2.1-hiera-tiny]"", ""grounded-sam2[IDEA-Research/grounding-dino|facebook/sam2.1-hiera-tiny]"", ""grounded-sam2[IDEA-Research/grounding-dino|facebook/sam2.1-hiera-tiny]/profile-dense"", ""grounded-sam2[IDEA-Research/grounding-dino|facebook/sam2.1-hiera-tiny]/profile-refine"", ""hpid-appearance-contour""]",0.0,
plate__01,plate,3,0.0,42c37d5cf0619cde383742373769caa92512cea0b9443b7f65af1d738a75de85,c3de9d3125a4adbd1c46164ef3a86ae7ef4b01211c8f6c29d623897056283749,5e3f4fb836f6e02e3d16cffc69ca7048f10d27acf825db2b12df62bb525d1d5b,a665c0aab3e588627f023f278264e79e5db099974bec9f4eddd763b60d26e5f9,False,,,,,,,,,,No annotated reference with >=20 unambiguous pixels and two distinct normalized nonroot classes.
plate__02,plate,4,0.0,d3ab9e49eace8e6c7b85a0c0abe37a4c5e13b56ef5b4f8cf8c1624e7ae4b472b,bcd60ce236d4e70a0285fb9c55372ff4066ab7e75f8e5c118f3d6d08b1b38fa9,5391af3b2320d7478d5758be423bd3b45e8084ce63d3d350d2b9010466b084e7,471dd1869a9d3aec00816eea0af89c277a84ce62a828bd5f20abe2dcf17b6548,False,,,,,,,,,,No annotated reference with >=20 unambiguous pixels and two distinct normalized nonroot classes.
plate__03,plate,3,0.0,69774eadd22c8ca6d4f47b9468dd17f755028810c79004cd4323b886addaa356,9f8dfc1033765e750e41bcaec0e6ab5939d997e816298ae77b31d4e41c1256e9,b55397f43ad2fb020f51136f8c3baf4e610a6f9509ac94f47b16975e0c181030,852314dedab2436acdb51d82dd25782772a15feca12267c3daa015d8facfc0c9,False,,,,,,,,,,No annotated reference with >=20 unambiguous pixels and two distinct normalized nonroot classes.
plate__04,plate,2,0.0,124fac2c211afc3273fd4f25bf85580f9355084bb7dd80c9f167ffa3ea1568c4,169b16301f937a813779763eeb3769b36c2af440393e2d93aae4908b9a62e13b,59771a5856b7fce60d9adc6b1adb8834ca2c3ca3d22ac04ee8bff72d2c9cf325,17dcf994b4a37f78ac62d14d69a6c263cbf9263ad1a89aca5706f174ef1fd5a6,False,,,,,,,,,,No annotated reference with >=20 unambiguous pixels and two distinct normalized nonroot classes.
remote_control__01,remote_control,51,0.0,6b15b85ca5e68c83b48c451dc66f134a15e39a3e4fe1296dd59417f1b3e7cf9b,8eb7a88aae8c44e8559869a3006c679fca17c040db8e4c18cdf5e23cb050cc52,a96b55d3b74c856e18ea0f0c3df07e79790f580ab17f8a82b20bdfdd559d0bd1,4e444278a9816c549dcb6090b1150ab515e54e9fc6b5ea85116a3f818ae00465,True,0,button,device_base,base,2053,2213c960e8344fbc70faf1111467a8a43d51f8eb4adaf4b11a2f3ba74c528116,grounded-sam2[IDEA-Research/grounding-dino|facebook/sam2.1-hiera-tiny]/profile-refine,"[""grounded-sam2[IDEA-Research/grounding-dino|facebook/sam2.1-hiera-tiny]/profile-refine"", ""grounded-sam2[IDEA-Research/grounding-dino|facebook/sam2.1-hiera-tiny]"", ""grounded-sam2[IDEA-Research/grounding-dino|facebook/sam2.1-hiera-tiny]/profile-dense"", ""hpid-appearance-contour"", ""hpid-repetitive-physical-detail-v1""]",0.0,
remote_control__02,remote_control,32,0.0,406b5c73c925dd37209700d33e8e36b078adf60e0fc8f622589d236a7a8204a7,ab41c492ef12fa48416307efda5c197a4de981a5e0ab6d23870a3ed31710ba35,4903919b40831b8edede9d1031accf4f411515294dd2096c0f273fd8e663c8ac,44c9c3365e0102edef55ffb09bb6299660d98569a3f30d8036234b7111db56c9,True,0,button,device_key,key,5041,54495546c48187719f44b5b0dfe72f462422ee97b0038cb1542d6b5dd4d029f2,grounded-sam2[IDEA-Research/grounding-dino|facebook/sam2.1-hiera-tiny]/profile-refine,"[""grounded-sam2[IDEA-Research/grounding-dino|facebook/sam2.1-hiera-tiny]/profile-refine"", ""grounded-sam2[IDEA-Research/grounding-dino|facebook/sam2.1-hiera-tiny]"", ""grounded-sam2[IDEA-Research/grounding-dino|facebook/sam2.1-hiera-tiny]/profile-dense"", ""hpid-appearance-contour"", ""hpid-repetitive-physical-detail-v1""]",0.0,
remote_control__03,remote_control,19,0.0,3a269d86544bf2db85fefdcb2bc0b940da4889d1bc568992be0bf110b40d0273,bb59e56d8384f190d570c0e4a09db1453f2e91da03879410843a6d8b7f12085c,ed3fb5602bc9f951e3cdf4a2d401e62a73fe53b9f9e08bce3da08a6ed7db89fb,99b03ba7ba69b9c0ca94529fcbba1d85dfb1bb09b3d389470b7ffd9da2917bde,True,0,button,device_logo,logo,20528,6ac145b4d0201f4f15f5550d9df23f16bccf2b578f7474f119c9f2290d7d058c,sam2-amg[facebook/sam2.1-hiera-tiny],"[""sam2-amg[facebook/sam2.1-hiera-tiny]"", ""grounded-sam2[IDEA-Research/grounding-dino|facebook/sam2.1-hiera-tiny]"", ""grounded-sam2[IDEA-Research/grounding-dino|facebook/sam2.1-hiera-tiny]/profile-dense"", ""grounded-sam2[IDEA-Research/grounding-dino|facebook/sam2.1-hiera-tiny]/profile-refine"", ""hpid-appearance-contour""]",0.0,
remote_control__04,remote_control,10,0.0,5dc0ee8e536b4cb33d2389c0849e159919b1e64e9047745bd49602ca7676e08f,b32ab68a09e5626fb014912c262aa726583ef66342975c9e0d6f2f6dc7e0b13c,6620c4c84628f34a5f804603b5a673d29f835389fdc384724bfc928d10d90461,75b0e334cf761de2d46d38c70a376ead3784553e7be0258230ebb83b50b2fdf9,True,0,button,device_back_panel,back_panel,7829,c48c4684f437aa16f5ad8755046e1742e6ee278fd5820da06393b960e384799c,sam2-amg[facebook/sam2.1-hiera-tiny],"[""sam2-amg[facebook/sam2.1-hiera-tiny]"", ""grounded-sam2[IDEA-Research/grounding-dino|facebook/sam2.1-hiera-tiny]"", ""grounded-sam2[IDEA-Research/grounding-dino|facebook/sam2.1-hiera-tiny]/profile-dense"", ""grounded-sam2[IDEA-Research/grounding-dino|facebook/sam2.1-hiera-tiny]/profile-refine"", ""hpid-appearance-contour""]",0.0,
scarf__01,scarf,9,0.0,e533fe2c9364dda6b1d6a24ea7e4fcdfeabb5ee229810a39a29b1cdc34387944,cfb4d63f26ad30bf4c514074a74e0cf0ba99e320f2e7a811f93bd840e729de15,8128b49d21f89479784956788b1e184e8a04fdfb116bd149cd058b773cfa3801,569046064d558f0474163376fc423bf2ccb69297c47717c2c9379ca6915f6a8c,False,,,,,,,,,,No annotated reference with >=20 unambiguous pixels and two distinct normalized nonroot classes.
scarf__02,scarf,10,0.0,9e00d8c1234492200576e15f8cd2fbed7afc9e4630cb9f4cb6b69d42736b81c2,61301d47be5d090ca511ac42a2ff79dcc7e83e73a5eb6f97e50ab775eac64f37,0c1c6cd74cc899a6a714ba8f93fe9818c192b67ca2f871e59ff5a86bb05e7d78,65aa11885d92f6c42f0dcaf6042ae3eb10e80f21b65990b0c26bacd7d1dff037,False,,,,,,,,,,No annotated reference with >=20 unambiguous pixels and two distinct normalized nonroot classes.
scarf__03,scarf,22,0.0,12bda8e8aef87b2be03da7f50ebd4149a130e9b417f469d987b1780fa83590c0,906ffc8fbc8b7b42b0fe71fe4c518979d9ed937cf4b3569375dbbf2cd71fabda,585af089bb091216a7a74addd2f1acfa727c413f178abe00cdd643196873c55a,8e94689d8ec4054f2320222b7728d5ccc8721f3bd6ed6dea8be4bfbe020c0471,False,,,,,,,,,,No annotated reference with >=20 unambiguous pixels and two distinct normalized nonroot classes.
scarf__04,scarf,2,0.0,650b7b792b93591e87d16a0c31ec45d8a83d9f2261f2744837fb437110979a3a,550adbe5a8ae08e957fba670bef5185064409cf5bd7280921c1ef1238a644edd,93d581438074177aaeff0f62e90604f6a76e59c1bdaaf3a156f5917dbd98d834,bca551a0c90829cd21885353c2e4d802ebbe00651a3c6f7182708dc3b4880b91,False,,,,,,,,,,No annotated reference with >=20 unambiguous pixels and two distinct normalized nonroot classes.
scissors__01,scissors,8,0.0,51e8e0b56cf39f782b6998f4ff4b49027d7a1a116b8f61db5ef80d7b8ab47721,06d29cb0c1bd2e3376a49624949cf815d787a848729d5063aac1c20f5cd51fe2,3e224531cf143293c251e3104da9ddfa4bb58df0c31e522be9271c468637ac84,516d2d0021f56f57a82953d6709a251f735ae35f1e0725f090bd9c6d4a436ad9,True,0,finger_hole,tool_prop_blade,blade,14887,af8f83bbd929d191f05789b111893be66e07ef9941d3213a348bf20619eaa596,grounded-sam2[IDEA-Research/grounding-dino|facebook/sam2.1-hiera-tiny]/profile-refine,"[""grounded-sam2[IDEA-Research/grounding-dino|facebook/sam2.1-hiera-tiny]/profile-refine"", ""grounded-sam2[IDEA-Research/grounding-dino|facebook/sam2.1-hiera-tiny]"", ""grounded-sam2[IDEA-Research/grounding-dino|facebook/sam2.1-hiera-tiny]/profile-dense"", ""hpid-appearance-contour"", ""hpid-repetitive-physical-detail-v1""]",0.0,
scissors__02,scissors,7,0.0,f083a35c611d5efae93216d874acdc6e949e0f55595c3493d2eb05486380fdca,47f20b5331262a1c0900e841ec8855c2302e74cdeaf6b177edcabeddf64ab8e8,e7c06e82ad1a86dd0cfe67142e7ee0056b197fd51d8d7d26294fee5fa9c2f79c,fa30dba80ce1321478c708ec119b39221dc087bb80ee189132636ba646c1670f,True,0,pivot,tool_prop_blade,blade,845,1ad1cdf8d262128b2c8e8d8f8e71813bb3cf205a8282235d7f6024d1248c11a2,grounded-sam2[IDEA-Research/grounding-dino|facebook/sam2.1-hiera-tiny]/profile-refine,"[""grounded-sam2[IDEA-Research/grounding-dino|facebook/sam2.1-hiera-tiny]/profile-refine"", ""grounded-sam2[IDEA-Research/grounding-dino|facebook/sam2.1-hiera-tiny]"", ""grounded-sam2[IDEA-Research/grounding-dino|facebook/sam2.1-hiera-tiny]/profile-dense"", ""hpid-appearance-contour"", ""hpid-repetitive-physical-detail-v1""]",0.0,
scissors__03,scissors,8,0.0,4cd6ec196d2547724ef6718cd4edc9e2d5cf51e75b9748fe8c751e7662f17d4b,63fb8fe947eba7fc5d826eee8c9643d39dda9c5aebcea18fcbb4ccf57b9fbe5b,161657fefe7272e64158f10c00513315e2b2406f6b30191f5de6ca8232895edd,7dff04aded09b84e73253973c420ad8abd3b49d2ac8ccfc7bd87efcf7a547ece,True,0,pivot,tool_prop_blade,blade,175,646b40ed4e54213009309ca5bf71dbaf8baab18508bef1a1737563ba57bbb7dc,grounded-sam2[IDEA-Research/grounding-dino|facebook/sam2.1-hiera-tiny]/profile-refine,"[""grounded-sam2[IDEA-Research/grounding-dino|facebook/sam2.1-hiera-tiny]/profile-refine"", ""grounded-sam2[IDEA-Research/grounding-dino|facebook/sam2.1-hiera-tiny]"", ""grounded-sam2[IDEA-Research/grounding-dino|facebook/sam2.1-hiera-tiny]/profile-dense"", ""hpid-appearance-contour"", ""hpid-repetitive-physical-detail-v1""]",0.0,
scissors__04,scissors,13,0.0,c9ce084643320303ea752505d80ec98e2fe6d2b71681aa0a42f3b0a111e911c4,bf88f3613a526ba49241c2bce98dc85bd3b028d132dec870be2deacef1954bf8,9d9ce1c4692002b3038f59d4f70c115e48acc19c7986081c0cd76ca2cbb06f80,b6363a6a688363cc608a518faa08fc5968fa2a0e4b7e1f0de92ad6479b907241,True,0,finger_hole,tool_prop_blade,blade,35403,8192fee0070ae84aa0f4a1568fe9f3b83c84a6ec221ad18eddbd081724ec880b,grounded-sam2[IDEA-Research/grounding-dino|facebook/sam2.1-hiera-tiny]/profile-refine,"[""grounded-sam2[IDEA-Research/grounding-dino|facebook/sam2.1-hiera-tiny]/profile-refine"", ""grounded-sam2[IDEA-Research/grounding-dino|facebook/sam2.1-hiera-tiny]"", ""grounded-sam2[IDEA-Research/grounding-dino|facebook/sam2.1-hiera-tiny]/profile-dense"", ""hpid-appearance-contour"", ""hpid-repetitive-physical-detail-v1""]",0.0,
screwdriver__01,screwdriver,2,0.0,df3e16f05e5e84bb5f04bf6fb495ba4b7b479dc1f24593e2a9e316cc4cba7ac0,7c15b96e07d39e384a264ba464bfb7b8ca5d201d4145cae86f86b1602917b6ef,6bbf5ea509ac6a3e0ff62e949b893af9bdc4be918255178def65a812b0555f79,f37aba77b5222aa364eb406be21ccd2b52fcdb65859d74f6a58c5a0870c1aff6,False,,,,,,,,,,No annotated reference with >=20 unambiguous pixels and two distinct normalized nonroot classes.
shoe__01,shoe,5,0.0,3e28d7a68bf12dd5e3ab88d5a837ae29fb812b8d16463299ddb5ccbb8e5b573b,ba687974ca8572e124bfe7ad0dfd637eea84cefa6ed8cd1a78cf5927b81e7dbc,f32909e5d1c529a8b6319e3db9f66456491f2de542355d18d911760540f0dae5,9ef7a0f51c22cfafc7cb0a56fa07ecda5460541e300da460e679b26041c961a7,True,3,toe,daily_object_throat,throat,57,4ef8005437c414c769dda46af8ece7cdba9c3235e55feb1fcabde0a8caecdebc,sam2-amg[facebook/sam2.1-hiera-tiny],"[""sam2-amg[facebook/sam2.1-hiera-tiny]"", ""grounded-sam2[IDEA-Research/grounding-dino|facebook/sam2.1-hiera-tiny]"", ""grounded-sam2[IDEA-Research/grounding-dino|facebook/sam2.1-hiera-tiny]/profile-dense"", ""grounded-sam2[IDEA-Research/grounding-dino|facebook/sam2.1-hiera-tiny]/profile-refine"", ""hpid-appearance-contour""]",0.0,
shoe__02,shoe,10,0.0,0aca513cb4aad6171396fc3a61ce3b70f246f5b671aa7e2068353b96b85e8ece,55462cc5f2d33701b29291834d102f50f87473ec2aa6a1e92102ed22f9a477bd,72f0d7cd2cec02d2a0b3d2da2250460ba79d1c174eecd725603bb735b2465081,685f268b8f39ca6b2d4e982e7515090e0d4d64cc36ceb47915e64728dd01059d,False,,,,,,,,,,No annotated reference with >=20 unambiguous pixels and two distinct normalized nonroot classes.
shoe__03,shoe,2,0.0,f726579526b68876919c905ffabcda9025938b7ea760143758bd3da18e242491,b6a1446cd15292ca1a2bbbfee1959265058078477af6b030895924ff8448084f,769574335a70b926544987f37047095d23d6eca5fbcf7471060423cbdb22d29d,e4a62742c52f7a579e73e6be786ab5a049d2326d3b8cde027db5f7c8fc3e0481,False,,,,,,,,,,No annotated reference with >=20 unambiguous pixels and two distinct normalized nonroot classes.
shoe__04,shoe,7,0.0,916b825a44b5a759fcb54c50b3270f53a91a36f6bd340daa4a3330fc71a4ae92,74f4935459c43c2e3269ea13cfd93ee28abf8853106d8ffa28ee160e4bcb4799,8ef0c08771e0840cd1764ad6646e2b4af9047713fe76cd39fd7a880173800ede,42dc2dfd0c4eb06bd0425328f9e35596c790007ad0740160c9cfd6795be435b1,True,2,upper,daily_object_sole,sole,4612,0d18a39be7d0bbcfc3271c84cefa74d338cde3763c6f5cefe0837438ea6c6da0,grounded-sam2[IDEA-Research/grounding-dino|facebook/sam2.1-hiera-tiny]/profile-refine,"[""grounded-sam2[IDEA-Research/grounding-dino|facebook/sam2.1-hiera-tiny]/profile-refine"", ""grounded-sam2[IDEA-Research/grounding-dino|facebook/sam2.1-hiera-tiny]"", ""grounded-sam2[IDEA-Research/grounding-dino|facebook/sam2.1-hiera-tiny]/profile-dense"", ""hpid-appearance-contour"", ""hpid-repetitive-physical-detail-v1""]",0.0,
slipper_footwear__01,slipper_(footwear),3,0.0,6a335a9b5f813cea2cb71b86f432e8f7a788112d25ead455e3ba2ad3bcbd513c,0218f10def7cdc0332465c28b8209648ec6b46d591ec346ff79f2af00a0d12d1,e74aaae429ab96cb84fe2684dc992d568d2ef56a528567e5e234484ff832b25b,9e7e87c0c037d927874376a7884179e11302de827a2f7a89802f81214ff4a570,False,,,,,,,,,,No annotated reference with >=20 unambiguous pixels and two distinct normalized nonroot classes.
soap__01,soap,8,0.0,771a58f9f1475c778fed312bc3a5e2758a674a4519c4d687adf0a68cb7457912,a6d8a1fde553a5c72d7eed7e21220877a8bb78384c977bbc6fbc4856482b3c7e,19921142c5192a07cfb2e4fc75610bb887f09f9ac5c6cf37b3766e2e1a7bc2f9,030255ce609a9b449e1ccc9e3c393468bfef1840d0e0600cb505e74ea60c3841,True,0,cap,daily_object_base,base,614,182bc6f067119e62c8be6ba27dab697b711579bc2c98a9fc48000e26ba16af16,sam2-amg[facebook/sam2.1-hiera-tiny],"[""sam2-amg[facebook/sam2.1-hiera-tiny]"", ""grounded-sam2[IDEA-Research/grounding-dino|facebook/sam2.1-hiera-tiny]"", ""grounded-sam2[IDEA-Research/grounding-dino|facebook/sam2.1-hiera-tiny]/profile-dense"", ""grounded-sam2[IDEA-Research/grounding-dino|facebook/sam2.1-hiera-tiny]/profile-refine"", ""hpid-appearance-contour""]",0.0,
soap__02,soap,3,0.0,c0268eb7047db39f6b4db4845d0e5bb721c4baedb23a86e1335425aeccaa2094,b3899307612a5417c4f86dae3ff07e1afe6468599adb32424cbd90484381f92c,3c5cc889ba72078a985aedb6619f03aa4df8ac80c87c316f8762ea3cd2717ac8,f28ed892a85d09bad90328e64c9dd104115035b036d0ef8f8bcb55e2db578755,False,,,,,,,,,,No annotated reference with >=20 unambiguous pixels and two distinct normalized nonroot classes.
spoon__01,spoon,8,0.0,dc8aa072d48a094c17a9efd29223eece0e180cdd0051ef1315ac9c9772d87ad8,d3b5dfbc9956c7a90f9f69eb12eba7ab4df6459b8d7bbbf010e6b82125478fd1,97f3af96e1cadfda891f480ba64fb0092424c328ddd14c8047d1657ae93e592c,222f9e69212a0cb1c1e3df4554eae616d3befb26f9c0ea867fd8074548767227,True,0,bowl,tool_prop_handle,handle,427,a9916cc604a4145d4d330a139e8d31690f557ec286faae9bfe4bfd9ba4a50059,grounded-sam2[IDEA-Research/grounding-dino|facebook/sam2.1-hiera-tiny]/profile-refine,"[""grounded-sam2[IDEA-Research/grounding-dino|facebook/sam2.1-hiera-tiny]/profile-refine"", ""grounded-sam2[IDEA-Research/grounding-dino|facebook/sam2.1-hiera-tiny]"", ""grounded-sam2[IDEA-Research/grounding-dino|facebook/sam2.1-hiera-tiny]/profile-dense"", ""hpid-appearance-contour"", ""hpid-repetitive-physical-detail-v1""]",0.0,
spoon__02,spoon,5,0.0,9b1b331e39c48c1ad2085d7e8549f8890e46b363b112e601b55e44160e2b6bc3,299a969eedaed24eed154e175c831f138effda4c5d6596ca69c074a8f718d6b2,4c9720d438c057473b0f5cd62e7b1bdcbea041e348d1ce9c71333adad8a2bdd1,dc9f02e9602a5908ddb318068c00b1d32e44860607d76bfea5a12115952f8883,True,0,bowl,tool_prop_handle,handle,626,f1fe1ba388597fdf7c55a022da7dcecd65cdd120ecc00b927a910397cc0369df,grounded-sam2[IDEA-Research/grounding-dino|facebook/sam2.1-hiera-tiny]/profile-refine,"[""grounded-sam2[IDEA-Research/grounding-dino|facebook/sam2.1-hiera-tiny]/profile-refine"", ""grounded-sam2[IDEA-Research/grounding-dino|facebook/sam2.1-hiera-tiny]"", ""grounded-sam2[IDEA-Research/grounding-dino|facebook/sam2.1-hiera-tiny]/profile-dense"", ""hpid-appearance-contour"", ""hpid-repetitive-physical-detail-v1""]",0.0,
spoon__03,spoon,6,0.0,94d234989598c90ba69defd456aa8f820315d9dcf7b6c6f4c560ecd374339233,54dd82bd9e96d6e90581c99d62c368d304eac2d7f9a144649cb63d9b079238e5,b09459fb6dc0e1feb58144f4dafe20d53a4a1e3d442ce80bbf01f00d88c8282b,ff8f4e98a01559f5ceb415212013f127ece049918e2c61c6beaa957059b29398,False,,,,,,,,,,No annotated reference with >=20 unambiguous pixels and two distinct normalized nonroot classes.
spoon__04,spoon,7,0.0,849e8b81f83f7756d5bd3888a49b260f7f51aadfbc6b8fa3853b93ba50c00601,6bf9ffdd77782884b5ec77dbe91b734d684d883668108596b0586b9ac93b5972,808093ca9e65489535dd085de04dad61bb07e7ad616ce31a9cc6f56718062151,8056d7a0bef5c6b1d7947dfb00c2c45fcc2393bc7356396a160fb72ce9b42d4e,True,0,handle,tool_prop_bowl,bowl,6060,09b6faf0c51668e126af69d52972c0ba1903bbd74ce9df87b9e02c17d4f92675,grounded-sam2[IDEA-Research/grounding-dino|facebook/sam2.1-hiera-tiny]/profile-refine,"[""grounded-sam2[IDEA-Research/grounding-dino|facebook/sam2.1-hiera-tiny]/profile-refine"", ""grounded-sam2[IDEA-Research/grounding-dino|facebook/sam2.1-hiera-tiny]"", ""grounded-sam2[IDEA-Research/grounding-dino|facebook/sam2.1-hiera-tiny]/profile-dense"", ""hpid-appearance-contour"", ""hpid-repetitive-physical-detail-v1""]",0.0,
stool__01,stool,18,0.0,bd83e5f0dac7394ec096a2fe4372c460d95c43036e40b37d8b10a0a1a2911aae,53a92d8e3a1e3f20f96186bc2feeeb7c9825c32493c5ea49a87f73829dac3cb0,835b7f4d98d042d8a09f38d38d7215b362421fc239964cb63e5658caf708fa29,5f958f4fc68df7da71faa5d5acdc0875996b6cef5e8a9563a43dce56fc2b2b05,True,0,seat,furniture_apron,apron,2550,c9326e824741a1c8f677dd82519e097d5257bea399363e7a052e7db2fe216efe,grounded-sam2[IDEA-Research/grounding-dino|facebook/sam2.1-hiera-tiny]/profile-refine,"[""grounded-sam2[IDEA-Research/grounding-dino|facebook/sam2.1-hiera-tiny]/profile-refine"", ""grounded-sam2[IDEA-Research/grounding-dino|facebook/sam2.1-hiera-tiny]"", ""grounded-sam2[IDEA-Research/grounding-dino|facebook/sam2.1-hiera-tiny]/profile-dense"", ""hpid-appearance-contour"", ""hpid-repetitive-physical-detail-v1""]",0.0,
stool__02,stool,13,0.0,9e42c8bbc39631417317afd4b7de974ac1dde8974864136c8452072c7becab57,d81bab70c76b7b904d36b971ff927478222a4d32cb5dbf08f594885fb427a7e4,934e5a75ad4dc97c571042f496061c59ce3c2ee99a920590521c1fa18b39c70f,62dd93aced452ad3b5a122a53704e163330871beef1d045c206fbbd313681036,True,0,seat,furniture_cushion,cushion,1214,aabe6fa73b742409b94f0d651fa384f0551c1e37fa9ea855d4692ad3af71b935,grounded-sam2[IDEA-Research/grounding-dino|facebook/sam2.1-hiera-tiny]/profile-refine,"[""grounded-sam2[IDEA-Research/grounding-dino|facebook/sam2.1-hiera-tiny]/profile-refine"", ""grounded-sam2[IDEA-Research/grounding-dino|facebook/sam2.1-hiera-tiny]"", ""grounded-sam2[IDEA-Research/grounding-dino|facebook/sam2.1-hiera-tiny]/profile-dense"", ""hpid-appearance-contour"", ""hpid-repetitive-physical-detail-v1""]",0.0,
stool__03,stool,12,0.0,dfb55dbe0b64fdaa34287823eb2444b69c47efe986327b72c1217ce2d5553719,549a20273cbc993edf001a2910911e6bc14fbea06d901b790c4ac46af57b23ca,e60b0d0d3fcd5be3b1d42187253acc3758b7eac546849d1710697184444fd3c6,d038f1e68724d1f67932ddcc7b817d8dca8c3107174d0160a690811efa995db6,True,1,leg,furniture_rail,rail,3450,999f7e8b7bb5ac1d01b47eae904f3c85f57a8e5830571c8b2ea574dddc6e7d2b,grounded-sam2[IDEA-Research/grounding-dino|facebook/sam2.1-hiera-tiny]/profile-refine,"[""grounded-sam2[IDEA-Research/grounding-dino|facebook/sam2.1-hiera-tiny]/profile-refine"", ""grounded-sam2[IDEA-Research/grounding-dino|facebook/sam2.1-hiera-tiny]"", ""grounded-sam2[IDEA-Research/grounding-dino|facebook/sam2.1-hiera-tiny]/profile-dense"", ""hpid-appearance-contour"", ""hpid-repetitive-physical-detail-v1""]",0.0,
stool__04,stool,2,0.0,b36525ba816d7813640829429c22ee0d8a34a32a9cd2547de80fbc26abaaa5af,d425651918f3ff6951cf5a5bae4bd29f2beaa48ca14a4aa8ba60af72c28aeead,9c760d6021fcc078362eb24180ede3a51396987e46aec3f0e2387d0c885b61d7,c2f29eed8b4680079d737a4489cc1f4acea3672fe280d857503bac56ad6417fc,False,,,,,,,,,,No annotated reference with >=20 unambiguous pixels and two distinct normalized nonroot classes.
sweater__01,sweater,15,0.0,3422ac8a5e2cb6898507bbee81e583e89b4c33a47557d056212c4446c15798b5,0426e2bcdbba4654fcafd8dd6394e51e5f00c129647cf3a6283a1f0fd7b2164e,79588ab47637f2668925835c416dd22794c1bc0b8deb917df4d9670bc50eaa0d,f4a46fb540b4098e84365cffdb8b2b0c580e9648f08ee543be9984904362179b,False,,,,,,,,,,No annotated reference with >=20 unambiguous pixels and two distinct normalized nonroot classes.
sweater__02,sweater,10,0.0,f6151461dd780663fb106049fc69f9219e9fdbde385ffe3b18c1a8bf17613e86,c22e5d552b3f155a9d5719f12528345d751c93f8403fae4faf4ff773b0013679,63e0706a7b2da7e3bf7183ab8345458e19d975d97c371be4961e801effd8fa78,d849719a73fea924e704b70bbb4b4678a0811c14d19122355b231ffd71951efd,False,,,,,,,,,,No annotated reference with >=20 unambiguous pixels and two distinct normalized nonroot classes.
sweater__03,sweater,2,0.0,9cb296ca4a25a9bc11fa012a058b5e1623317d0c70285e6f3b03abbed7a43fd1,107e36989af0931ebab39408d15539ab788f6651ab04ecf607b69f8340760fb5,5f048c9ce4671a2c48563b2ff97c178c7d1fda5d48dc1f62f12e91234f107649,fc25cc0abc6f45e59c3e015a9d9a8b8b8583d8121ca5b79deed54c60ce52918e,False,,,,,,,,,,No annotated reference with >=20 unambiguous pixels and two distinct normalized nonroot classes.
sweater__04,sweater,6,0.0,9fd5bdf78183c919b9d90e866a4d5ec99be3d5064eb111c84ef8028e749602c7,6c5fa8cd58aa9664f92cf8b69ebbc3ee4155a7960881d2e1db766d68f337c42e,eea1bf7ef91604159537e198dd6f0fa1630e2569feb1bf14ccb9dd3cfefdf537,8008d1937ac4dd6e10b3afa785a7745a3f222032dfc1efacbd3abb1029a17cea,True,5,body,daily_object_sleeve,sleeve,9320,60cdf3fff08a27b447b8f8cac635a74aa92c05df47a0bfebdfa649b8a4754d3f,grounded-sam2[IDEA-Research/grounding-dino|facebook/sam2.1-hiera-tiny]/profile-refine,"[""grounded-sam2[IDEA-Research/grounding-dino|facebook/sam2.1-hiera-tiny]/profile-refine"", ""grounded-sam2[IDEA-Research/grounding-dino|facebook/sam2.1-hiera-tiny]"", ""grounded-sam2[IDEA-Research/grounding-dino|facebook/sam2.1-hiera-tiny]/profile-dense"", ""hpid-appearance-contour"", ""hpid-repetitive-physical-detail-v1""]",0.0,
table__01,table,14,0.0,64e4321b3ca757080d8e99fcadf8fa5ff970b329c697be350807b2f07dfb8cd6,0f0b81b9067f673daef57acb3b9ff6cf738892e330f27ba10790f4532ea7edd6,35ee5665f224e23cfba7a178a41b02a545182daeffe21bfb4bd934493e4b8a60,9a337db7768ea8b189406ff44015d097332787d8dc9ad4bc8a1a90eb9f841cde,True,0,top,furniture_apron,apron,5344,0ea58994988f0a386f45c684f538274259ad54356e2f448c86c54d7d323d61eb,sam2-amg[facebook/sam2.1-hiera-tiny],"[""sam2-amg[facebook/sam2.1-hiera-tiny]"", ""grounded-sam2[IDEA-Research/grounding-dino|facebook/sam2.1-hiera-tiny]"", ""grounded-sam2[IDEA-Research/grounding-dino|facebook/sam2.1-hiera-tiny]/profile-dense"", ""grounded-sam2[IDEA-Research/grounding-dino|facebook/sam2.1-hiera-tiny]/profile-refine"", ""hpid-appearance-contour""]",0.0,
table__02,table,11,0.0,f0b2aa55ed33ec128b11fd6d216e35a8e2238398886836dbe58801c410c997f7,f9e68da0826a87e0c16af885572093c1ab21f89671d702793d0644e9a5b4fbde,4a336ebe7bd6892b5633e6305084db5c3dd8f37b051e24464d9819e996037e9b,4a6fb653ff5870a9085bc0321a3a86ff2bee7f24c216026b4f830361f1dae536,False,,,,,,,,,,No annotated reference with >=20 unambiguous pixels and two distinct normalized nonroot classes.
table__03,table,1,0.0,b4a2cbccb5066e49a41a394394a8a499c03daa88eba42908b351666d319a5e2a,6fabb7448401a40eab7b0d7b8936397a22c0de1f0a527f3d2796332f511b82af,ab5c08d0dc214a257c9b654fbdcd2024ed46c87b88afee618331e5a1ea70bf84,97c344a621ce3db96dadc1bbbd28ebb2ea74316fff1d3638b6d7a92a54415dac,False,,,,,,,,,,No annotated reference with >=20 unambiguous pixels and two distinct normalized nonroot classes.
table__04,table,10,0.0,4cccf33ff51356e9797506fd807793e8454084cefba1cd5e94db8290ca6783fe,f5c6dade88fcce87571cd986e26d027fac2351cd364d9f08a3687bbff8500281,a1d3451ed3a7e055aa657aebdd5fa1d35c61c52a3740d9272673881064c3e58d,59b10b04ee4a8374a9d5f13e91dea254b37dcc2fb783cbae0023fe10c05609ba,True,0,top,furniture_apron,apron,30695,90bf5edd66cd61012c8faddbb1c741aa2999e400f238c9a77cfdb6efdbda9185,sam2-amg[facebook/sam2.1-hiera-tiny],"[""sam2-amg[facebook/sam2.1-hiera-tiny]"", ""grounded-sam2[IDEA-Research/grounding-dino|facebook/sam2.1-hiera-tiny]"", ""grounded-sam2[IDEA-Research/grounding-dino|facebook/sam2.1-hiera-tiny]/profile-dense"", ""grounded-sam2[IDEA-Research/grounding-dino|facebook/sam2.1-hiera-tiny]/profile-refine"", ""hpid-appearance-contour""]",0.0,
telephone__01,telephone,19,0.0,3bc9c192e8e79336b1b2559a092cd5eb212693ba3e96f9ad4c998a93f48c9ab6,2f64529261140118cc56f7e43095744f94bcc8f92b14f7603967e540211ff172,b584099ecffa79ffd1b000b823850560fb9314047ccefa8b5bc0b229647c13e1,70311a3fc5fec01e65453a4063c3b4a132f7406c3bc0aec9e6bb5ce038a82461,True,0,screen,device_bezel,bezel,617,a3cfc36b84b9df90888c9370756d11a835ee2f8487d16ddcfdf2d1e90eca0469,sam2-amg[facebook/sam2.1-hiera-tiny],"[""sam2-amg[facebook/sam2.1-hiera-tiny]"", ""grounded-sam2[IDEA-Research/grounding-dino|facebook/sam2.1-hiera-tiny]"", ""grounded-sam2[IDEA-Research/grounding-dino|facebook/sam2.1-hiera-tiny]/profile-dense"", ""grounded-sam2[IDEA-Research/grounding-dino|facebook/sam2.1-hiera-tiny]/profile-refine"", ""hpid-appearance-contour""]",0.0,
telephone__02,telephone,6,0.0,de7cba63d33874255365f5883be15cdbba0a784a402e34e2b12304610d5fddaa,7cc355fa7cd4fd1ac308b2e489f07280a3f5cc08ca18faf0a537ffa2663c8374,829be1f229bb5a785772e3df3c0bdf2a44f2e374ee24e68edd564861776fcb14,829ecf3a91907aad433c09a756e6be9c87125e0e663ec8d8e5a38c673074ac7d,True,0,button,device_back_panel,back_panel,2925,9d10530fa7d649081ad19f30cd0f8d25a7154bc99380090c9ce36406ed535e13,sam2-amg[facebook/sam2.1-hiera-tiny],"[""sam2-amg[facebook/sam2.1-hiera-tiny]"", ""grounded-sam2[IDEA-Research/grounding-dino|facebook/sam2.1-hiera-tiny]"", ""grounded-sam2[IDEA-Research/grounding-dino|facebook/sam2.1-hiera-tiny]/profile-dense"", ""grounded-sam2[IDEA-Research/grounding-dino|facebook/sam2.1-hiera-tiny]/profile-refine"", ""hpid-appearance-contour""]",0.0,
telephone__03,telephone,20,0.0,74da2a0c0a01d42347e349c5d654a4e6c13df23001eaa069ac6bd9f26e038e78,097d6bc8a6279690211dc80fa278f62eda8833ab99bb8186052a7f56ba3aa065,a2f58f46bc7a5150f9696cd5929085999d8f73624ea85c074984eea8d5b100da,e1a542e574c003b8f384cf0e7b191d4dfa124ef510b23c40bf378b3600984e55,True,0,button,device_back_panel,back_panel,915,bd29f9df40f08f207a57cc868cc0853ee97fa6308df6f30c7117b6f7f9347e64,grounded-sam2[IDEA-Research/grounding-dino|facebook/sam2.1-hiera-tiny]/profile-refine,"[""grounded-sam2[IDEA-Research/grounding-dino|facebook/sam2.1-hiera-tiny]/profile-refine"", ""grounded-sam2[IDEA-Research/grounding-dino|facebook/sam2.1-hiera-tiny]"", ""grounded-sam2[IDEA-Research/grounding-dino|facebook/sam2.1-hiera-tiny]/profile-dense"", ""hpid-appearance-contour"", ""hpid-repetitive-physical-detail-v1""]",0.0,
telephone__04,telephone,14,0.0,046b9d06281ea020a84ce1b1862cf34d3772d3880a08d759062e0147366b9945,d9d5622d7c8bc332bfcd2fc110dbd471dab5c0d10742961017ae324d0d884ea6,440884154d2a5f3c2a3f5e7f8bbf4734e275df5a1eabaa60aab09c1614d85b2b,f6edb6529259fe740573e5b7925970ae53896b8d9950168d5a2d5f0449db8e8b,True,0,button,device_camera,camera,1323,65ef90952d7097ec951737496f78c77284acf43827de08acb211ab4f2d70d7b5,sam2-amg[facebook/sam2.1-hiera-tiny],"[""sam2-amg[facebook/sam2.1-hiera-tiny]"", ""grounded-sam2[IDEA-Research/grounding-dino|facebook/sam2.1-hiera-tiny]"", ""grounded-sam2[IDEA-Research/grounding-dino|facebook/sam2.1-hiera-tiny]/profile-dense"", ""grounded-sam2[IDEA-Research/grounding-dino|facebook/sam2.1-hiera-tiny]/profile-refine"", ""hpid-appearance-contour""]",0.0,
television_set__01,television_set,5,0.0,2753e1d443319921025ce09448a47b22f2e564faf91d18ee781a6558ecd6a330,0079a3bb86600eb4c9abed310bb49c6cdb9645e533117f9c417c0e5c4432f437,1aeaec1cae6193db12cb8fa4d1e2bec3eb2bbfdcbc9985561ef8117e06135348,3303b5175ee4058b0644b2b18d257c54f5fba7eb9db356f33cc61b0880ed9f32,True,1,top_panel,device_bezel,bezel,14985,1dd76307405ec0e8e89e4837760802844761d63fb3590b5c21142007fcf20360,sam2-amg[facebook/sam2.1-hiera-tiny],"[""sam2-amg[facebook/sam2.1-hiera-tiny]"", ""grounded-sam2[IDEA-Research/grounding-dino|facebook/sam2.1-hiera-tiny]"", ""grounded-sam2[IDEA-Research/grounding-dino|facebook/sam2.1-hiera-tiny]/profile-dense"", ""grounded-sam2[IDEA-Research/grounding-dino|facebook/sam2.1-hiera-tiny]/profile-refine"", ""hpid-appearance-contour""]",0.0,
television_set__02,television_set,19,0.0,16c1249a46a5b73f953e00f4bd0a72cb0d70b99a86efa95de1b4b64f6a7738c7,f6ed9c78e912e6adc447d86ba2281285226adbf796febba2650a5764072d6da0,52a7b35314dc810ef4745a4883f1aa35d55c28c1215f5900202b6bc2369fa8a7,a9628eb42c586311b8f3c41d14d661d9c1938d3489fd0c08ee1c7c3dfa3190ea,True,0,base,device_bezel,bezel,3029,5c55091cf22649f3a4a79c237cd6e64511ca2dcdfd4911720b36905fa3d468fc,hpid-topology-v1,"[""hpid-topology-v1"", ""grounded-sam2[IDEA-Research/grounding-dino|facebook/sam2.1-hiera-tiny]"", ""grounded-sam2[IDEA-Research/grounding-dino|facebook/sam2.1-hiera-tiny]/profile-dense"", ""grounded-sam2[IDEA-Research/grounding-dino|facebook/sam2.1-hiera-tiny]/profile-refine"", ""hpid-appearance-contour""]",0.0,
television_set__03,television_set,5,0.0,dee600ec02bf88a638aaf8c1f1943e811f2370ecde914c5fc2e58e714d0bf611,5f1e51ca26ac3394c3e3796baf4d95a08f8a2064b523c26aa0feff08b5b24b70,b7554d94f87ce4ebac042c7b67b1bcf13e2bb585355f3d49e004aea80ec7605e,c35c65663bc96fc0a7acdd96b77f1115ae201dcb5f25e4972ab45b2583b98c98,True,1,bottom_panel,device_top_panel,top_panel,12156,99da96d09c302b81b819f9f28f1dbdcf43de5e576b1b2a6e4f089903fc35cafc,grounded-sam2[IDEA-Research/grounding-dino|facebook/sam2.1-hiera-tiny]/profile-refine,"[""grounded-sam2[IDEA-Research/grounding-dino|facebook/sam2.1-hiera-tiny]/profile-refine"", ""grounded-sam2[IDEA-Research/grounding-dino|facebook/sam2.1-hiera-tiny]"", ""grounded-sam2[IDEA-Research/grounding-dino|facebook/sam2.1-hiera-tiny]/profile-dense"", ""hpid-appearance-contour"", ""hpid-repetitive-physical-detail-v1""]",0.0,
television_set__04,television_set,8,0.0,75a51b6a6c282e63483279bc736abd46fc711d2cbe88a85243b874e557141ab7,195c00558ba21caaa3b263d3eaa8e4a58e93bafab8bbabf83e65d0023624e82c,2ea5b04089a003d5249f0003d521ebb1167dc30255e6b5b6356535d2b023a70f,388cd4b0869f4bf230f195651a0c3ec3da519dc8369f9d2594d9700dd279bd56,False,,,,,,,,,,No annotated reference with >=20 unambiguous pixels and two distinct normalized nonroot classes.
towel__01,towel,5,0.0,080f358fd9df566bf5cde406909597a364b992cb50bfb02ed5c581d8d78e6dc3,974db6ca3e19e32c205d0f1c6cb4196844409eea290cbf1c3bdc3d03a200d151,71f6b3c7c114a28bf7e642221f05d1576c311663aaecf49041ea34feb2c7962f,c5cff3b6d2342e5c486bd5b8a2f95bdeaa0732ecf199e78084435dc43cc14d08,True,0,border,daily_object_terry_bar,terry_bar,346,580acdaa5f89cef9fc554508e2b784cd33f431272ebac1c15b39780f24cf7a82,sam2-amg[facebook/sam2.1-hiera-tiny],"[""sam2-amg[facebook/sam2.1-hiera-tiny]"", ""grounded-sam2[IDEA-Research/grounding-dino|facebook/sam2.1-hiera-tiny]"", ""grounded-sam2[IDEA-Research/grounding-dino|facebook/sam2.1-hiera-tiny]/profile-dense"", ""grounded-sam2[IDEA-Research/grounding-dino|facebook/sam2.1-hiera-tiny]/profile-refine"", ""hpid-appearance-contour""]",0.0,
towel__02,towel,8,0.0,df4e6cae331b0ffc631260351043227c5a5265942d0eb6da0bcbb173b0db1323,ede0f5ad483ded533192ff23ceb82ce910f957dbaf54fb2a36b09bf1b7842b2a,56f4f7cdd68b37bdbd567403436a185f5224d874155a1e8bc38cc2378d14c33f,e276aca530f36ebffb496a50b607ed48ca9852f74ee5abb7bb15ac4399c7a800,True,0,border,daily_object_fringe,fringe,515,3f1941d3d026fb2a459ba00bfec09457766446e3d500b1801e9750d3b37621e0,sam2-amg[facebook/sam2.1-hiera-tiny],"[""sam2-amg[facebook/sam2.1-hiera-tiny]"", ""grounded-sam2[IDEA-Research/grounding-dino|facebook/sam2.1-hiera-tiny]"", ""grounded-sam2[IDEA-Research/grounding-dino|facebook/sam2.1-hiera-tiny]/profile-dense"", ""grounded-sam2[IDEA-Research/grounding-dino|facebook/sam2.1-hiera-tiny]/profile-refine"", ""hpid-appearance-contour""]",0.0,
towel__03,towel,4,0.0,697aff1ea0ed73c5ad7e8ec1a8c29a480b50c429cacd81c3d48d57cd12893a44,9a4a0bc18a4c839adc8aa090c68658f821fd2c67737671b6081d0226d17dfc62,e3fa69765856fe9d446c72639b6196dc62c6332b1b34ed6c2dba27864c17ea8e,37a289e71197d337f14194f2798fb4d04b5027496c8ba2d701ab32e9ff296618,False,,,,,,,,,,No annotated reference with >=20 unambiguous pixels and two distinct normalized nonroot classes.
towel__04,towel,2,0.0,eebaae235aa817ca157b86ab53db0358ba1c5e48df3f0595cae1d307856b76bb,89b8b56d756e6571f72dd7180074001004cdaa5f901f4706045359e615031f5d,092d3e0a2d78268ddecd356c6153abeac9f4978b12c8bd1bd8a5cc9111bd6825,05469feba32d153603fc4afc3b1a5d095c309d5ac5c150febe4139a2d7e11244,False,,,,,,,,,,No annotated reference with >=20 unambiguous pixels and two distinct normalized nonroot classes.
trash_can__01,trash_can,15,0.0,43f15d1034d36da450682e0a689bfcd32f24a9f583da6d0469e205d6b76fdb3d,fe5e6959d99c5ca233e767d1fd0c4e86c518c826efd050e1dbcf59f0e46aad43,9e40dca1138403bbf54bc481f5f11508bad783fd85e79ec011002a3001c99855,dc7bdfaa635538b12c3c5e1bc676ae5139dffc409a146427023973c1521992cf,True,0,lid,container_handle,handle,1120,8784c0f4cd3901c3c23068a72e1780198f08dbd93083bf988dd1bbca67a5051f,sam2-amg[facebook/sam2.1-hiera-tiny],"[""sam2-amg[facebook/sam2.1-hiera-tiny]"", ""grounded-sam2[IDEA-Research/grounding-dino|facebook/sam2.1-hiera-tiny]"", ""grounded-sam2[IDEA-Research/grounding-dino|facebook/sam2.1-hiera-tiny]/profile-dense"", ""grounded-sam2[IDEA-Research/grounding-dino|facebook/sam2.1-hiera-tiny]/profile-refine"", ""hpid-appearance-contour""]",0.0,
trash_can__02,trash_can,6,0.0,ebf7a86c261dd9e6cd658b00bd12f9933a4cd2d733c7a6301fcffb85505b96d1,c055e0483a362b6d0ae0dc9452bfbbc8276e5986448c3cd007923456ef564fcc,85eb5554047881918a6e88ee2c69377437e9d3ca47add689db73d112fa671d7a,ae18458d4cb23347b3017a088273e016aae335e9fb4f18b536c65fa9d40031ed,False,,,,,,,,,,No annotated reference with >=20 unambiguous pixels and two distinct normalized nonroot classes.
trash_can__03,trash_can,13,0.0,8be2ae4b7334733ac4b20d9dc91d473db9a5c6f459640d85778208d6df8385a3,16a255861e6d794ebc84379894040564c711246f4a2429b717742d0df4d862b8,e6b98beb9e46131234fe6bf5ccd40b9e6000774cbdfc359638fbd9c370da8ffb,bf3019a1e56bb8f75885f7d69b3a5c2f7c2cae804fdb604bc815752a9ede8a3a,True,1,lid,container_base,base,786,19bc0bd9829a4c99283e44f31b7c2eb4bb72430a2bed50fa96780c397a689b9e,sam2-amg[facebook/sam2.1-hiera-tiny],"[""sam2-amg[facebook/sam2.1-hiera-tiny]"", ""grounded-sam2[IDEA-Research/grounding-dino|facebook/sam2.1-hiera-tiny]"", ""grounded-sam2[IDEA-Research/grounding-dino|facebook/sam2.1-hiera-tiny]/profile-dense"", ""grounded-sam2[IDEA-Research/grounding-dino|facebook/sam2.1-hiera-tiny]/profile-refine"", ""hpid-appearance-contour""]",0.0,
trash_can__04,trash_can,7,0.0,0b7eb473891801853ec0dec52fbbb6aac5d4005acdb5be6f76ac9b2a19922c8d,3fcc9f1da0c28ffbb50214210cb02d38ad3bb78e180a061ebf99e4436aeb8951,13a9ee579c4e8e1874e1f9d8cee2b5786d6bf074ed24251a9ba5d296bcc80d66,a4be00068e2c9c550ba8c38b6c2ac35b22ad0b0d1979568ed9d59ab8f185fb9a,True,3,label,container_inner,inner,1388,15c7f3105335d51c54b35b8f444e760812f09ed2caedda62410fe7da7ce22904,grounded-sam2[IDEA-Research/grounding-dino|facebook/sam2.1-hiera-tiny]/profile-refine,"[""grounded-sam2[IDEA-Research/grounding-dino|facebook/sam2.1-hiera-tiny]/profile-refine"", ""grounded-sam2[IDEA-Research/grounding-dino|facebook/sam2.1-hiera-tiny]"", ""grounded-sam2[IDEA-Research/grounding-dino|facebook/sam2.1-hiera-tiny]/profile-dense"", ""hpid-appearance-contour"", ""hpid-repetitive-physical-detail-v1""]",0.0,
tray__01,tray,11,0.0,786410d28a4353a9923a7ac846a6e08219d0a7be01755880b1587149a9e36f0d,07583c1729afa5f6bd73e86c3182f518a8425fe7e3dc8cddf3e6aa39b0a4e7d0,99c6a92c4947ef266dd41c352d72c56ff0d8b08cf9db96ad829c196aba086c46,fe7d50011cc457e29edf90946c2ac7d3293b6377bf002c7f03ca9024942547c0,False,,,,,,,,,,No annotated reference with >=20 unambiguous pixels and two distinct normalized nonroot classes.
tray__02,tray,1,0.0,ec096a858fea18943d9f65af2df11c0051f9242488ff83776f8043d5a3621e87,d29151fe2972f7d2a325e1705c37a9580c2ce024484bde84d8b876c6b2673f20,38e04d26aaf1892439808fef075d1ebbbb6923a39d4349e9e9f88748f600d2bd,764102d5b6f8a42e90d7833d1cf604b2ae22ac36cffadf463a6b2bb600c6a09b,False,,,,,,,,,,No annotated reference with >=20 unambiguous pixels and two distinct normalized nonroot classes.
tray__03,tray,1,0.0,a5b5e053426794d12e3ea79515d9f5fe86440086f46a6a877fd38645d2c4a206,ea7f9445ecf7e154dcb2e51866449fd09cfc8ffa3e2e5d68996a35d82b1826c3,8b39aa1bc2939341f7ec1b9722f436c3e8c2b38e60a37fa2acfe2de97824e429,171dde1b0ba83cfb9cf2a38dc86e5d00bb811d82ae18d2b394e876201c4fb883,False,,,,,,,,,,No annotated reference with >=20 unambiguous pixels and two distinct normalized nonroot classes.
tray__04,tray,5,0.0,8a2e97510f6213c7385d7cb680c97e593ab001292a7713767ff8abb876f3f56a,6b1b62e6af19ef4e7bd856526d28f533fabbfc10e080d53c1f04faeb141fe6c7,c89089e8d9aec856ea4787d1ad9f9fad49515ad56984ec9f3756c80a1d232dfb,1d68eada111005e8efefa399d98147143bde0df5f4467a06a5009fbf195aa92c,False,,,,,,,,,,No annotated reference with >=20 unambiguous pixels and two distinct normalized nonroot classes.
vase__01,vase,9,0.0,0c74fa816c998e17ffba9cfc8f4ddacb4ca6dbea69d2ccc6a6dfb07946643e49,5335af4013a7ea09c54a459d8e3c52b7ab8a4962bac425f81e3e4eb3e4edf9b9,c3e13a92dd1038d2db0e92aacf30fcbf49a3669e9f5a76b17609c1fcc4458c0d,f0baf347ed3e7b65fc49a2a0f95d98c7e11859843056baf97bbf22abe2be040c,False,,,,,,,,,,No annotated reference with >=20 unambiguous pixels and two distinct normalized nonroot classes.
vase__02,vase,6,0.0,ea8db92e622c642e9713a92a7a4dd6132dd4ad91bb951d34e455688cddc993fa,c0781c40e313809f92370817b164770c3c68ce9d15cd55809fec3dd23299c48b,8ed4c35bc8cb139003bc9675acffc66b2cacb8095216648ca8052438d4267c3e,a06f1ffcbc44bd52a064c0841a37cf84c9d7b7ebc2e04b36f56e3567c35bfd8e,True,3,base,container_label,label,443,a5393f28adc7b0134c793886d11c2c592a7ddf7779a2844efaf196f9335d8529,sam2-amg[facebook/sam2.1-hiera-tiny],"[""sam2-amg[facebook/sam2.1-hiera-tiny]"", ""grounded-sam2[IDEA-Research/grounding-dino|facebook/sam2.1-hiera-tiny]"", ""grounded-sam2[IDEA-Research/grounding-dino|facebook/sam2.1-hiera-tiny]/profile-dense"", ""grounded-sam2[IDEA-Research/grounding-dino|facebook/sam2.1-hiera-tiny]/profile-refine"", ""hpid-appearance-contour""]",0.0,
vase__03,vase,6,0.0,42eddc689ff9668a74964c866a84a1b567169d04ec6e01270f5008aab485f93f,7aefbb04db253939f7d9875b4bb68910a0dc84b3f83e2deb497f67d884651e5f,b0b7d134aff793404dfe1bad97d2749569a5d672e176a187f3deec235dbbeb70,670c25bb26bdc9c0f4bb7a2e5226085eaa2af2af9b18fbc763a70b275315e052,True,0,base,container_lid,lid,677,6e083074d7f518ebc3e846a337daab1ab7b0bab163e1554266fba83a2f94800d,sam2-amg[facebook/sam2.1-hiera-tiny],"[""sam2-amg[facebook/sam2.1-hiera-tiny]"", ""grounded-sam2[IDEA-Research/grounding-dino|facebook/sam2.1-hiera-tiny]"", ""grounded-sam2[IDEA-Research/grounding-dino|facebook/sam2.1-hiera-tiny]/profile-dense"", ""grounded-sam2[IDEA-Research/grounding-dino|facebook/sam2.1-hiera-tiny]/profile-refine"", ""hpid-appearance-contour""]",0.0,
vase__04,vase,7,0.0,bd1ab4b8a078dfc532fcb640429baf464538466c3adbfd62aaadec1c965458ac,86bd53fc8a65ef974b57cd210789799ba7b6baed35ae9f61228b20636004fbe8,31f09a2ca9a64972e8cbf8b49de78a0ad6203d5244ad8122d23e8f143b7537ef,3f0d0d30d5a1597c336356b9453d3108ea6ac04c0fec7152ae6b1de02d2d24ad,True,3,body,container_base,base,5440,ce41a604059ffaa595ced967389f8ab8438dd31137b495ec40ddfe1dc45dbf92,grounded-sam2[IDEA-Research/grounding-dino|facebook/sam2.1-hiera-tiny],"[""grounded-sam2[IDEA-Research/grounding-dino|facebook/sam2.1-hiera-tiny]"", ""grounded-sam2[IDEA-Research/grounding-dino|facebook/sam2.1-hiera-tiny]/profile-dense"", ""grounded-sam2[IDEA-Research/grounding-dino|facebook/sam2.1-hiera-tiny]/profile-refine"", ""hpid-appearance-contour"", ""hpid-repetitive-physical-detail-v1""]",0.0,
wallet__01,wallet,4,0.0,a4fda846597306695a780652040960e484ef8eb2ff6efea7a722671cda6abe2d,24f3cb4b2f889b048718f193b06b51519ff75ce133548dd731bb42e2af62bc89,b06328c0a3efde9801b64c754996a29715ddf8f5f6ff318e379fbe299e1a719f,d3983fb6fa8012adbe3f3dfdbb657f1895c4199857f767b48ce9b59ae2eadf53,False,,,,,,,,,,No annotated reference with >=20 unambiguous pixels and two distinct normalized nonroot classes.
wallet__02,wallet,5,0.0,46fde70e0394381d4995ec2bf2ed1b76ba632198933565a6df6acad9d406c523,00f5234e7a43079f7c3a6bab93bd8dca1975344b8c64de072e6d4d44116b1f74,753d7f0cc73c2cbdf9dd7a41cb68f26c6bdc4fdaae7efc274346b9b41babea8b,0d1333223e48db1c1c4a17a04294da83efaa88d5c4e23d282481d86cda76358d,True,0,flap,daily_object_inner,inner,3223,4e1962eb8b51d3c3a04bf7e14d6ffff95d42c3b193ff9751a7d6bbbba29fb4af,grounded-sam2[IDEA-Research/grounding-dino|facebook/sam2.1-hiera-tiny]/profile-refine,"[""grounded-sam2[IDEA-Research/grounding-dino|facebook/sam2.1-hiera-tiny]/profile-refine"", ""grounded-sam2[IDEA-Research/grounding-dino|facebook/sam2.1-hiera-tiny]"", ""grounded-sam2[IDEA-Research/grounding-dino|facebook/sam2.1-hiera-tiny]/profile-dense"", ""hpid-appearance-contour"", ""hpid-repetitive-physical-detail-v1""]",0.0,
watch__01,watch,11,0.0,7bbfaf8f2f8ae31f9f7a4b811d60b1ff35fd0602d80e536824fc252e142384dc,b2008ae00f0ce7ec56bbe13df3e81495fe1c098750d051dc883093ab1c9317ec,bbc24a6ee0b636f3a4e096c6a70d8bc811e9801b52611b1ad875128d4035e0a3,25c61860df2c408c6aa596f9b60af527e798912fcca9b2cbeb66ff224d2ecf0e,False,,,,,,,,,,No annotated reference with >=20 unambiguous pixels and two distinct normalized nonroot classes.
watch__02,watch,4,0.0,4b0722104caef6e8a4ae182034cfa91d7a6bf0024e6338cfcca12da11fd57dd4,b997c60fc0a5e168f8d728b6c44ebfb6365ff31f8f860bc81121a5d2ac511c8a,97dd4dfebc250ad86739a906fa9544e8e32031ab5beb6cfa19573cf2e538c8d1,8f6f825d9f07c85334b67f633df500339c34c6bec79804d74df6a9e04d07dc11,False,,,,,,,,,,No annotated reference with >=20 unambiguous pixels and two distinct normalized nonroot classes.
watch__03,watch,10,0.0,980d1818f88f1e73a80b50b0e3d6b81cf5fa405631383c7c7e767a016ffad43f,6c7fe9db2d87047886df3649cdab020f9195fc271a6367bf3e1cb0d7f60b5c0e,5e2fe380c30783c71b2d6b333feca161a93f41e7849c9726b71fc4c13a603886,660d2b103c5fb212eee3790eaa16efaba41a7f636a5f81b697336b7991eae7c8,False,,,,,,,,,,No annotated reference with >=20 unambiguous pixels and two distinct normalized nonroot classes.
watch__04,watch,1,0.0,86ada47f4003886d604c82986576220dcb5ff6e8a0b55e0d043d920e186a90fa,4e57bdd79e49db761d66c99b9019a3f7c02fdc4e64d35a6def2402573099f855,287168de148aeb5d75f1a08e1b5e340ea1428aaa228b748d426178bdaf791a14,8b59005d694877a7a1930f3c2b40dda8304325ac38cd019d509141ff7500db58,False,,,,,,,,,,No annotated reference with >=20 unambiguous pixels and two distinct normalized nonroot classes.
