case_id,reference_index,domain,category,reference_semantic,before,after,before_best_iou,after_best_iou,delta_best_iou,before_supported,after_supported,threshold_transition,skips_provisional_argmax_readouts
basket__01,1,container,basket,outer_side,input_pool,after_same_source_dedup,0.3768986751259563,0.3768986751259563,0.0,1,1,unchanged_support_status,0
basket__01,1,container,basket,outer_side,after_same_source_dedup,after_instance_cap,0.3768986751259563,0.3768986751259563,0.0,1,1,unchanged_support_status,0
basket__01,1,container,basket,outer_side,after_instance_cap,after_hierarchy_duplicate_filter,0.3768986751259563,0.3768986751259563,0.0,1,1,unchanged_support_status,0
basket__01,1,container,basket,outer_side,after_hierarchy_duplicate_filter,actual_semantic_argmax,0.3768986751259563,0.0,-0.3768986751259563,1,0,lost,1
basket__01,1,container,basket,outer_side,actual_semantic_argmax,after_direct_detail_gate,0.0,0.08912297893189614,0.08912297893189614,0,0,unchanged_support_status,0
basket__01,1,container,basket,outer_side,after_direct_detail_gate,after_cleanup,0.08912297893189614,0.08908805955529435,-3.491937660178579e-05,0,0,unchanged_support_status,0
basket__01,1,container,basket,outer_side,after_cleanup,after_root_restoration,0.08908805955529435,0.08908805955529435,0.0,0,0,unchanged_support_status,0
basket__01,1,container,basket,outer_side,after_root_restoration,identity_supported_before_remainder,0.08908805955529435,0.08908805955529435,0.0,0,0,unchanged_support_status,0
basket__01,1,container,basket,outer_side,identity_supported_before_remainder,identity_plus_eligible_remainder,0.08908805955529435,0.08908805955529435,0.0,0,0,unchanged_support_status,0
basket__01,1,container,basket,outer_side,identity_plus_eligible_remainder,after_remainder_attachment_before_filter,0.08908805955529435,0.08908805955529435,0.0,0,0,unchanged_support_status,0
basket__01,1,container,basket,outer_side,after_remainder_attachment_before_filter,final_hpid,0.08908805955529435,0.08908805955529435,0.0,0,0,unchanged_support_status,0
basket__01,2,container,basket,inner_wall,input_pool,after_same_source_dedup,0.4015719899964273,0.4015719899964273,0.0,1,1,unchanged_support_status,0
basket__01,2,container,basket,inner_wall,after_same_source_dedup,after_instance_cap,0.4015719899964273,0.4015719899964273,0.0,1,1,unchanged_support_status,0
basket__01,2,container,basket,inner_wall,after_instance_cap,after_hierarchy_duplicate_filter,0.4015719899964273,0.4015719899964273,0.0,1,1,unchanged_support_status,0
basket__01,2,container,basket,inner_wall,after_hierarchy_duplicate_filter,actual_semantic_argmax,0.4015719899964273,0.05288007554296506,-0.34869191445346226,1,0,lost,1
basket__01,2,container,basket,inner_wall,actual_semantic_argmax,after_direct_detail_gate,0.05288007554296506,0.14275383280300838,0.08987375726004332,0,0,unchanged_support_status,0
basket__01,2,container,basket,inner_wall,after_direct_detail_gate,after_cleanup,0.14275383280300838,0.14275383280300838,0.0,0,0,unchanged_support_status,0
basket__01,2,container,basket,inner_wall,after_cleanup,after_root_restoration,0.14275383280300838,0.14275383280300838,0.0,0,0,unchanged_support_status,0
basket__01,2,container,basket,inner_wall,after_root_restoration,identity_supported_before_remainder,0.14275383280300838,0.14275383280300838,0.0,0,0,unchanged_support_status,0
basket__01,2,container,basket,inner_wall,identity_supported_before_remainder,identity_plus_eligible_remainder,0.14275383280300838,0.14275383280300838,0.0,0,0,unchanged_support_status,0
basket__01,2,container,basket,inner_wall,identity_plus_eligible_remainder,after_remainder_attachment_before_filter,0.14275383280300838,0.14275383280300838,0.0,0,0,unchanged_support_status,0
basket__01,2,container,basket,inner_wall,after_remainder_attachment_before_filter,final_hpid,0.14275383280300838,0.14275383280300838,0.0,0,0,unchanged_support_status,0
basket__04,3,container,basket,inner_wall,input_pool,after_same_source_dedup,0.3209288478713903,0.3209288478713903,0.0,1,1,unchanged_support_status,0
basket__04,3,container,basket,inner_wall,after_same_source_dedup,after_instance_cap,0.3209288478713903,0.3209288478713903,0.0,1,1,unchanged_support_status,0
basket__04,3,container,basket,inner_wall,after_instance_cap,after_hierarchy_duplicate_filter,0.3209288478713903,0.3209288478713903,0.0,1,1,unchanged_support_status,0
basket__04,3,container,basket,inner_wall,after_hierarchy_duplicate_filter,actual_semantic_argmax,0.3209288478713903,0.005458089668615985,-0.3154707582027743,1,0,lost,1
basket__04,3,container,basket,inner_wall,actual_semantic_argmax,after_direct_detail_gate,0.005458089668615985,0.005458089668615985,0.0,0,0,unchanged_support_status,0
basket__04,3,container,basket,inner_wall,after_direct_detail_gate,after_cleanup,0.005458089668615985,0.005458089668615985,0.0,0,0,unchanged_support_status,0
basket__04,3,container,basket,inner_wall,after_cleanup,after_root_restoration,0.005458089668615985,0.005458089668615985,0.0,0,0,unchanged_support_status,0
basket__04,3,container,basket,inner_wall,after_root_restoration,identity_supported_before_remainder,0.005458089668615985,0.005458089668615985,0.0,0,0,unchanged_support_status,0
basket__04,3,container,basket,inner_wall,identity_supported_before_remainder,identity_plus_eligible_remainder,0.005458089668615985,0.005458089668615985,0.0,0,0,unchanged_support_status,0
basket__04,3,container,basket,inner_wall,identity_plus_eligible_remainder,after_remainder_attachment_before_filter,0.005458089668615985,0.005458089668615985,0.0,0,0,unchanged_support_status,0
basket__04,3,container,basket,inner_wall,after_remainder_attachment_before_filter,final_hpid,0.005458089668615985,0.005458089668615985,0.0,0,0,unchanged_support_status,0
bench__03,3,furniture,bench,leg,input_pool,after_same_source_dedup,0.5441493853805011,0.5441493853805011,0.0,1,1,unchanged_support_status,0
bench__03,3,furniture,bench,leg,after_same_source_dedup,after_instance_cap,0.5441493853805011,0.5441493853805011,0.0,1,1,unchanged_support_status,0
bench__03,3,furniture,bench,leg,after_instance_cap,after_hierarchy_duplicate_filter,0.5441493853805011,0.5441493853805011,0.0,1,1,unchanged_support_status,0
bench__03,3,furniture,bench,leg,after_hierarchy_duplicate_filter,actual_semantic_argmax,0.5441493853805011,0.0,-0.5441493853805011,1,0,lost,1
bench__03,3,furniture,bench,leg,actual_semantic_argmax,after_direct_detail_gate,0.0,0.04593455898446049,0.04593455898446049,0,0,unchanged_support_status,0
bench__03,3,furniture,bench,leg,after_direct_detail_gate,after_cleanup,0.04593455898446049,0.045919483645115416,-1.5075339345076155e-05,0,0,unchanged_support_status,0
bench__03,3,furniture,bench,leg,after_cleanup,after_root_restoration,0.045919483645115416,0.045919483645115416,0.0,0,0,unchanged_support_status,0
bench__03,3,furniture,bench,leg,after_root_restoration,identity_supported_before_remainder,0.045919483645115416,0.1819068255687974,0.13598734192368198,0,0,unchanged_support_status,0
bench__03,3,furniture,bench,leg,identity_supported_before_remainder,identity_plus_eligible_remainder,0.1819068255687974,0.1819068255687974,0.0,0,0,unchanged_support_status,0
bench__03,3,furniture,bench,leg,identity_plus_eligible_remainder,after_remainder_attachment_before_filter,0.1819068255687974,0.1819068255687974,0.0,0,0,unchanged_support_status,0
bench__03,3,furniture,bench,leg,after_remainder_attachment_before_filter,final_hpid,0.1819068255687974,0.1819068255687974,0.0,0,0,unchanged_support_status,0
bicycle__02,4,vehicle,bicycle,seat_tube,input_pool,after_same_source_dedup,0.4855256475368207,0.4855256475368207,0.0,1,1,unchanged_support_status,0
bicycle__02,4,vehicle,bicycle,seat_tube,after_same_source_dedup,after_instance_cap,0.4855256475368207,0.4855256475368207,0.0,1,1,unchanged_support_status,0
bicycle__02,4,vehicle,bicycle,seat_tube,after_instance_cap,after_hierarchy_duplicate_filter,0.4855256475368207,0.4855256475368207,0.0,1,1,unchanged_support_status,0
bicycle__02,4,vehicle,bicycle,seat_tube,after_hierarchy_duplicate_filter,actual_semantic_argmax,0.4855256475368207,0.0,-0.4855256475368207,1,0,lost,1
bicycle__02,4,vehicle,bicycle,seat_tube,actual_semantic_argmax,after_direct_detail_gate,0.0,0.2005879301400657,0.2005879301400657,0,0,unchanged_support_status,0
bicycle__02,4,vehicle,bicycle,seat_tube,after_direct_detail_gate,after_cleanup,0.2005879301400657,0.20006916825177243,-0.0005187618882932787,0,0,unchanged_support_status,0
bicycle__02,4,vehicle,bicycle,seat_tube,after_cleanup,after_root_restoration,0.20006916825177243,0.20006916825177243,0.0,0,0,unchanged_support_status,0
bicycle__02,4,vehicle,bicycle,seat_tube,after_root_restoration,identity_supported_before_remainder,0.20006916825177243,0.20006916825177243,0.0,0,0,unchanged_support_status,0
bicycle__02,4,vehicle,bicycle,seat_tube,identity_supported_before_remainder,identity_plus_eligible_remainder,0.20006916825177243,0.20006916825177243,0.0,0,0,unchanged_support_status,0
bicycle__02,4,vehicle,bicycle,seat_tube,identity_plus_eligible_remainder,after_remainder_attachment_before_filter,0.20006916825177243,0.20006916825177243,0.0,0,0,unchanged_support_status,0
bicycle__02,4,vehicle,bicycle,seat_tube,after_remainder_attachment_before_filter,final_hpid,0.20006916825177243,0.20006916825177243,0.0,0,0,unchanged_support_status,0
bicycle__02,5,vehicle,bicycle,pedal,input_pool,after_same_source_dedup,0.5258313539192399,0.5258313539192399,0.0,1,1,unchanged_support_status,0
bicycle__02,5,vehicle,bicycle,pedal,after_same_source_dedup,after_instance_cap,0.5258313539192399,0.5258313539192399,0.0,1,1,unchanged_support_status,0
bicycle__02,5,vehicle,bicycle,pedal,after_instance_cap,after_hierarchy_duplicate_filter,0.5258313539192399,0.5258313539192399,0.0,1,1,unchanged_support_status,0
bicycle__02,5,vehicle,bicycle,pedal,after_hierarchy_duplicate_filter,actual_semantic_argmax,0.5258313539192399,0.05082212257100149,-0.47500923134823836,1,0,lost,1
bicycle__02,5,vehicle,bicycle,pedal,actual_semantic_argmax,after_direct_detail_gate,0.05082212257100149,0.2394744699910421,0.1886523474200406,0,0,unchanged_support_status,0
bicycle__02,5,vehicle,bicycle,pedal,after_direct_detail_gate,after_cleanup,0.2394744699910421,0.2394744699910421,0.0,0,0,unchanged_support_status,0
bicycle__02,5,vehicle,bicycle,pedal,after_cleanup,after_root_restoration,0.2394744699910421,0.2394744699910421,0.0,0,0,unchanged_support_status,0
bicycle__02,5,vehicle,bicycle,pedal,after_root_restoration,identity_supported_before_remainder,0.2394744699910421,0.2394744699910421,0.0,0,0,unchanged_support_status,0
bicycle__02,5,vehicle,bicycle,pedal,identity_supported_before_remainder,identity_plus_eligible_remainder,0.2394744699910421,0.2394744699910421,0.0,0,0,unchanged_support_status,0
bicycle__02,5,vehicle,bicycle,pedal,identity_plus_eligible_remainder,after_remainder_attachment_before_filter,0.2394744699910421,0.2394744699910421,0.0,0,0,unchanged_support_status,0
bicycle__02,5,vehicle,bicycle,pedal,after_remainder_attachment_before_filter,final_hpid,0.2394744699910421,0.2394744699910421,0.0,0,0,unchanged_support_status,0
bicycle__03,8,vehicle,bicycle,tire,input_pool,after_same_source_dedup,0.727314368370299,0.727314368370299,0.0,1,1,unchanged_support_status,0
bicycle__03,8,vehicle,bicycle,tire,after_same_source_dedup,after_instance_cap,0.727314368370299,0.727314368370299,0.0,1,1,unchanged_support_status,0
bicycle__03,8,vehicle,bicycle,tire,after_instance_cap,after_hierarchy_duplicate_filter,0.727314368370299,0.727314368370299,0.0,1,1,unchanged_support_status,0
bicycle__03,8,vehicle,bicycle,tire,after_hierarchy_duplicate_filter,actual_semantic_argmax,0.727314368370299,0.08134134875637483,-0.6459730196139242,1,0,lost,1
bicycle__03,8,vehicle,bicycle,tire,actual_semantic_argmax,after_direct_detail_gate,0.08134134875637483,0.08175473579262213,0.000413387036247298,0,0,unchanged_support_status,0
bicycle__03,8,vehicle,bicycle,tire,after_direct_detail_gate,after_cleanup,0.08175473579262213,0.08175473579262213,0.0,0,0,unchanged_support_status,0
bicycle__03,8,vehicle,bicycle,tire,after_cleanup,after_root_restoration,0.08175473579262213,0.08175473579262213,0.0,0,0,unchanged_support_status,0
bicycle__03,8,vehicle,bicycle,tire,after_root_restoration,identity_supported_before_remainder,0.08175473579262213,0.08175473579262213,0.0,0,0,unchanged_support_status,0
bicycle__03,8,vehicle,bicycle,tire,identity_supported_before_remainder,identity_plus_eligible_remainder,0.08175473579262213,0.08175473579262213,0.0,0,0,unchanged_support_status,0
bicycle__03,8,vehicle,bicycle,tire,identity_plus_eligible_remainder,after_remainder_attachment_before_filter,0.08175473579262213,0.08175473579262213,0.0,0,0,unchanged_support_status,0
bicycle__03,8,vehicle,bicycle,tire,after_remainder_attachment_before_filter,final_hpid,0.08175473579262213,0.08175473579262213,0.0,0,0,unchanged_support_status,0
bicycle__04,11,vehicle,bicycle,gear,input_pool,after_same_source_dedup,0.28105994787141614,0.28105994787141614,0.0,1,1,unchanged_support_status,0
bicycle__04,11,vehicle,bicycle,gear,after_same_source_dedup,after_instance_cap,0.28105994787141614,0.28105994787141614,0.0,1,1,unchanged_support_status,0
bicycle__04,11,vehicle,bicycle,gear,after_instance_cap,after_hierarchy_duplicate_filter,0.28105994787141614,0.28105994787141614,0.0,1,1,unchanged_support_status,0
bicycle__04,11,vehicle,bicycle,gear,after_hierarchy_duplicate_filter,actual_semantic_argmax,0.28105994787141614,0.04866635470285447,-0.23239359316856167,1,0,lost,1
bicycle__04,11,vehicle,bicycle,gear,actual_semantic_argmax,after_direct_detail_gate,0.04866635470285447,0.18825722273998136,0.1395908680371269,0,0,unchanged_support_status,0
bicycle__04,11,vehicle,bicycle,gear,after_direct_detail_gate,after_cleanup,0.18825722273998136,0.18825722273998136,0.0,0,0,unchanged_support_status,0
bicycle__04,11,vehicle,bicycle,gear,after_cleanup,after_root_restoration,0.18825722273998136,0.18825722273998136,0.0,0,0,unchanged_support_status,0
bicycle__04,11,vehicle,bicycle,gear,after_root_restoration,identity_supported_before_remainder,0.18825722273998136,0.18825722273998136,0.0,0,0,unchanged_support_status,0
bicycle__04,11,vehicle,bicycle,gear,identity_supported_before_remainder,identity_plus_eligible_remainder,0.18825722273998136,0.18825722273998136,0.0,0,0,unchanged_support_status,0
bicycle__04,11,vehicle,bicycle,gear,identity_plus_eligible_remainder,after_remainder_attachment_before_filter,0.18825722273998136,0.18825722273998136,0.0,0,0,unchanged_support_status,0
bicycle__04,11,vehicle,bicycle,gear,after_remainder_attachment_before_filter,final_hpid,0.18825722273998136,0.18825722273998136,0.0,0,0,unchanged_support_status,0
blender__01,1,device,blender,jar,input_pool,after_same_source_dedup,0.7868157177765919,0.7868157177765919,0.0,1,1,unchanged_support_status,0
blender__01,1,device,blender,jar,after_same_source_dedup,after_instance_cap,0.7868157177765919,0.7868157177765919,0.0,1,1,unchanged_support_status,0
blender__01,1,device,blender,jar,after_instance_cap,after_hierarchy_duplicate_filter,0.7868157177765919,0.7868157177765919,0.0,1,1,unchanged_support_status,0
blender__01,1,device,blender,jar,after_hierarchy_duplicate_filter,actual_semantic_argmax,0.7868157177765919,0.0019992369324685236,-0.7848164808441234,1,0,lost,1
blender__01,1,device,blender,jar,actual_semantic_argmax,after_direct_detail_gate,0.0019992369324685236,0.0019992369324685236,0.0,0,0,unchanged_support_status,0
blender__01,1,device,blender,jar,after_direct_detail_gate,after_cleanup,0.0019992369324685236,0.0019992369324685236,0.0,0,0,unchanged_support_status,0
blender__01,1,device,blender,jar,after_cleanup,after_root_restoration,0.0019992369324685236,0.0019992369324685236,0.0,0,0,unchanged_support_status,0
blender__01,1,device,blender,jar,after_root_restoration,identity_supported_before_remainder,0.0019992369324685236,0.0019992369324685236,0.0,0,0,unchanged_support_status,0
blender__01,1,device,blender,jar,identity_supported_before_remainder,identity_plus_eligible_remainder,0.0019992369324685236,0.0019992369324685236,0.0,0,0,unchanged_support_status,0
blender__01,1,device,blender,jar,identity_plus_eligible_remainder,after_remainder_attachment_before_filter,0.0019992369324685236,0.0019992369324685236,0.0,0,0,unchanged_support_status,0
blender__01,1,device,blender,jar,after_remainder_attachment_before_filter,final_hpid,0.0019992369324685236,0.0019992369324685236,0.0,0,0,unchanged_support_status,0
blender__02,6,device,blender,base,input_pool,after_same_source_dedup,0.6192289386006663,0.6192289386006663,0.0,1,1,unchanged_support_status,0
blender__02,6,device,blender,base,after_same_source_dedup,after_instance_cap,0.6192289386006663,0.6192289386006663,0.0,1,1,unchanged_support_status,0
blender__02,6,device,blender,base,after_instance_cap,after_hierarchy_duplicate_filter,0.6192289386006663,0.6192289386006663,0.0,1,1,unchanged_support_status,0
blender__02,6,device,blender,base,after_hierarchy_duplicate_filter,actual_semantic_argmax,0.6192289386006663,0.09979263867288751,-0.5194362999277788,1,0,lost,1
blender__02,6,device,blender,base,actual_semantic_argmax,after_direct_detail_gate,0.09979263867288751,0.19077242094349403,0.09097978227060652,0,0,unchanged_support_status,0
blender__02,6,device,blender,base,after_direct_detail_gate,after_cleanup,0.19077242094349403,0.19098211972013476,0.0002096987766407321,0,0,unchanged_support_status,0
blender__02,6,device,blender,base,after_cleanup,after_root_restoration,0.19098211972013476,0.19098211972013476,0.0,0,0,unchanged_support_status,0
blender__02,6,device,blender,base,after_root_restoration,identity_supported_before_remainder,0.19098211972013476,0.19077242094349403,-0.0002096987766407321,0,0,unchanged_support_status,0
blender__02,6,device,blender,base,identity_supported_before_remainder,identity_plus_eligible_remainder,0.19077242094349403,0.19077242094349403,0.0,0,0,unchanged_support_status,0
blender__02,6,device,blender,base,identity_plus_eligible_remainder,after_remainder_attachment_before_filter,0.19077242094349403,0.19077242094349403,0.0,0,0,unchanged_support_status,0
blender__02,6,device,blender,base,after_remainder_attachment_before_filter,final_hpid,0.19077242094349403,0.19077242094349403,0.0,0,0,unchanged_support_status,0
book__02,0,daily_object,book,cover,input_pool,after_same_source_dedup,0.8021672621966884,0.8021672621966884,0.0,1,1,unchanged_support_status,0
book__02,0,daily_object,book,cover,after_same_source_dedup,after_instance_cap,0.8021672621966884,0.8021672621966884,0.0,1,1,unchanged_support_status,0
book__02,0,daily_object,book,cover,after_instance_cap,after_hierarchy_duplicate_filter,0.8021672621966884,0.8021672621966884,0.0,1,1,unchanged_support_status,0
book__02,0,daily_object,book,cover,after_hierarchy_duplicate_filter,actual_semantic_argmax,0.8021672621966884,0.0,-0.8021672621966884,1,0,lost,1
book__02,0,daily_object,book,cover,actual_semantic_argmax,after_direct_detail_gate,0.0,0.0,0.0,0,0,unchanged_support_status,0
book__02,0,daily_object,book,cover,after_direct_detail_gate,after_cleanup,0.0,0.0,0.0,0,0,unchanged_support_status,0
book__02,0,daily_object,book,cover,after_cleanup,after_root_restoration,0.0,0.0,0.0,0,0,unchanged_support_status,0
book__02,0,daily_object,book,cover,after_root_restoration,identity_supported_before_remainder,0.0,0.0,0.0,0,0,unchanged_support_status,0
book__02,0,daily_object,book,cover,identity_supported_before_remainder,identity_plus_eligible_remainder,0.0,0.0,0.0,0,0,unchanged_support_status,0
book__02,0,daily_object,book,cover,identity_plus_eligible_remainder,after_remainder_attachment_before_filter,0.0,0.0,0.0,0,0,unchanged_support_status,0
book__02,0,daily_object,book,cover,after_remainder_attachment_before_filter,final_hpid,0.0,0.0,0.0,0,0,unchanged_support_status,0
bottle__01,4,container,bottle,neck,input_pool,after_same_source_dedup,0.14396498771498772,0.14396498771498772,0.0,0,0,unchanged_support_status,0
bottle__01,4,container,bottle,neck,after_same_source_dedup,after_instance_cap,0.14396498771498772,0.14396498771498772,0.0,0,0,unchanged_support_status,0
bottle__01,4,container,bottle,neck,after_instance_cap,after_hierarchy_duplicate_filter,0.14396498771498772,0.14396498771498772,0.0,0,0,unchanged_support_status,0
bottle__01,4,container,bottle,neck,after_hierarchy_duplicate_filter,actual_semantic_argmax,0.14396498771498772,0.22829104368577413,0.0843260559707864,0,0,unchanged_support_status,1
bottle__01,4,container,bottle,neck,actual_semantic_argmax,after_direct_detail_gate,0.22829104368577413,0.24065612485881507,0.012365081173040943,0,0,unchanged_support_status,0
bottle__01,4,container,bottle,neck,after_direct_detail_gate,after_cleanup,0.24065612485881507,0.24061288915124607,-4.3235707569005966e-05,0,0,unchanged_support_status,0
bottle__01,4,container,bottle,neck,after_cleanup,after_root_restoration,0.24061288915124607,0.24061288915124607,0.0,0,0,unchanged_support_status,0
bottle__01,4,container,bottle,neck,after_root_restoration,identity_supported_before_remainder,0.24061288915124607,0.24061288915124607,0.0,0,0,unchanged_support_status,0
bottle__01,4,container,bottle,neck,identity_supported_before_remainder,identity_plus_eligible_remainder,0.24061288915124607,0.24061288915124607,0.0,0,0,unchanged_support_status,0
bottle__01,4,container,bottle,neck,identity_plus_eligible_remainder,after_remainder_attachment_before_filter,0.24061288915124607,0.24061288915124607,0.0,0,0,unchanged_support_status,0
bottle__01,4,container,bottle,neck,after_remainder_attachment_before_filter,final_hpid,0.24061288915124607,0.24061288915124607,0.0,0,0,unchanged_support_status,0
bottle__01,5,container,bottle,shoulder,input_pool,after_same_source_dedup,0.2633101851851852,0.2633101851851852,0.0,1,1,unchanged_support_status,0
bottle__01,5,container,bottle,shoulder,after_same_source_dedup,after_instance_cap,0.2633101851851852,0.2633101851851852,0.0,1,1,unchanged_support_status,0
bottle__01,5,container,bottle,shoulder,after_instance_cap,after_hierarchy_duplicate_filter,0.2633101851851852,0.2633101851851852,0.0,1,1,unchanged_support_status,0
bottle__01,5,container,bottle,shoulder,after_hierarchy_duplicate_filter,actual_semantic_argmax,0.2633101851851852,0.21683734222433912,-0.046472842960846056,1,0,lost,1
bottle__01,5,container,bottle,shoulder,actual_semantic_argmax,after_direct_detail_gate,0.21683734222433912,0.23405762871988664,0.01722028649554752,0,0,unchanged_support_status,0
bottle__01,5,container,bottle,shoulder,after_direct_detail_gate,after_cleanup,0.23405762871988664,0.23405762871988664,0.0,0,0,unchanged_support_status,0
bottle__01,5,container,bottle,shoulder,after_cleanup,after_root_restoration,0.23405762871988664,0.23405762871988664,0.0,0,0,unchanged_support_status,0
bottle__01,5,container,bottle,shoulder,after_root_restoration,identity_supported_before_remainder,0.23405762871988664,0.23405762871988664,0.0,0,0,unchanged_support_status,0
bottle__01,5,container,bottle,shoulder,identity_supported_before_remainder,identity_plus_eligible_remainder,0.23405762871988664,0.23405762871988664,0.0,0,0,unchanged_support_status,0
bottle__01,5,container,bottle,shoulder,identity_plus_eligible_remainder,after_remainder_attachment_before_filter,0.23405762871988664,0.23405762871988664,0.0,0,0,unchanged_support_status,0
bottle__01,5,container,bottle,shoulder,after_remainder_attachment_before_filter,final_hpid,0.23405762871988664,0.23405762871988664,0.0,0,0,unchanged_support_status,0
bottle__02,2,container,bottle,lid,input_pool,after_same_source_dedup,0.8256364712847839,0.8256364712847839,0.0,1,1,unchanged_support_status,0
bottle__02,2,container,bottle,lid,after_same_source_dedup,after_instance_cap,0.8256364712847839,0.8256364712847839,0.0,1,1,unchanged_support_status,0
bottle__02,2,container,bottle,lid,after_instance_cap,after_hierarchy_duplicate_filter,0.8256364712847839,0.8256364712847839,0.0,1,1,unchanged_support_status,0
bottle__02,2,container,bottle,lid,after_hierarchy_duplicate_filter,actual_semantic_argmax,0.8256364712847839,0.22495791245791247,-0.6006785588268715,1,0,lost,1
bottle__02,2,container,bottle,lid,actual_semantic_argmax,after_direct_detail_gate,0.22495791245791247,0.17826981761407992,-0.046688094843832545,0,0,unchanged_support_status,0
bottle__02,2,container,bottle,lid,after_direct_detail_gate,after_cleanup,0.17826981761407992,0.17832043728260097,5.0619668521045824e-05,0,0,unchanged_support_status,0
bottle__02,2,container,bottle,lid,after_cleanup,after_root_restoration,0.17832043728260097,0.1782951238554901,-2.5313427110873477e-05,0,0,unchanged_support_status,0
bottle__02,2,container,bottle,lid,after_root_restoration,identity_supported_before_remainder,0.1782951238554901,0.1782951238554901,0.0,0,0,unchanged_support_status,0
bottle__02,2,container,bottle,lid,identity_supported_before_remainder,identity_plus_eligible_remainder,0.1782951238554901,0.1782951238554901,0.0,0,0,unchanged_support_status,0
bottle__02,2,container,bottle,lid,identity_plus_eligible_remainder,after_remainder_attachment_before_filter,0.1782951238554901,0.1782951238554901,0.0,0,0,unchanged_support_status,0
bottle__02,2,container,bottle,lid,after_remainder_attachment_before_filter,final_hpid,0.1782951238554901,0.1782951238554901,0.0,0,0,unchanged_support_status,0
bottle__04,1,container,bottle,neck,input_pool,after_same_source_dedup,0.11383464894058995,0.11383464894058995,0.0,0,0,unchanged_support_status,0
bottle__04,1,container,bottle,neck,after_same_source_dedup,after_instance_cap,0.11383464894058995,0.11383464894058995,0.0,0,0,unchanged_support_status,0
bottle__04,1,container,bottle,neck,after_instance_cap,after_hierarchy_duplicate_filter,0.11383464894058995,0.11383464894058995,0.0,0,0,unchanged_support_status,0
bottle__04,1,container,bottle,neck,after_hierarchy_duplicate_filter,actual_semantic_argmax,0.11383464894058995,0.08986975397973951,-0.02396489496085044,0,0,unchanged_support_status,1
bottle__04,1,container,bottle,neck,actual_semantic_argmax,after_direct_detail_gate,0.08986975397973951,0.10437235543018336,0.014502601450443853,0,0,unchanged_support_status,0
bottle__04,1,container,bottle,neck,after_direct_detail_gate,after_cleanup,0.10437235543018336,0.10235131396957123,-0.002021041460612133,0,0,unchanged_support_status,0
bottle__04,1,container,bottle,neck,after_cleanup,after_root_restoration,0.10235131396957123,0.10235131396957123,0.0,0,0,unchanged_support_status,0
bottle__04,1,container,bottle,neck,after_root_restoration,identity_supported_before_remainder,0.10235131396957123,0.10437235543018336,0.002021041460612133,0,0,unchanged_support_status,0
bottle__04,1,container,bottle,neck,identity_supported_before_remainder,identity_plus_eligible_remainder,0.10437235543018336,0.10437235543018336,0.0,0,0,unchanged_support_status,0
bottle__04,1,container,bottle,neck,identity_plus_eligible_remainder,after_remainder_attachment_before_filter,0.10437235543018336,0.10437235543018336,0.0,0,0,unchanged_support_status,0
bottle__04,1,container,bottle,neck,after_remainder_attachment_before_filter,final_hpid,0.10437235543018336,0.10437235543018336,0.0,0,0,unchanged_support_status,0
bottle__04,2,container,bottle,shoulder,input_pool,after_same_source_dedup,0.4112582781456954,0.4112582781456954,0.0,1,1,unchanged_support_status,0
bottle__04,2,container,bottle,shoulder,after_same_source_dedup,after_instance_cap,0.4112582781456954,0.4112582781456954,0.0,1,1,unchanged_support_status,0
bottle__04,2,container,bottle,shoulder,after_instance_cap,after_hierarchy_duplicate_filter,0.4112582781456954,0.4112582781456954,0.0,1,1,unchanged_support_status,0
bottle__04,2,container,bottle,shoulder,after_hierarchy_duplicate_filter,actual_semantic_argmax,0.4112582781456954,0.2998211091234347,-0.1114371690222607,1,1,unchanged_support_status,1
bottle__04,2,container,bottle,shoulder,actual_semantic_argmax,after_direct_detail_gate,0.2998211091234347,0.22441608475800626,-0.07540502436542842,1,0,lost,0
bottle__04,2,container,bottle,shoulder,after_direct_detail_gate,after_cleanup,0.22441608475800626,0.22409232988699207,-0.0003237548710141869,0,0,unchanged_support_status,0
bottle__04,2,container,bottle,shoulder,after_cleanup,after_root_restoration,0.22409232988699207,0.22409232988699207,0.0,0,0,unchanged_support_status,0
bottle__04,2,container,bottle,shoulder,after_root_restoration,identity_supported_before_remainder,0.22409232988699207,0.22409232988699207,0.0,0,0,unchanged_support_status,0
bottle__04,2,container,bottle,shoulder,identity_supported_before_remainder,identity_plus_eligible_remainder,0.22409232988699207,0.22409232988699207,0.0,0,0,unchanged_support_status,0
bottle__04,2,container,bottle,shoulder,identity_plus_eligible_remainder,after_remainder_attachment_before_filter,0.22409232988699207,0.22409232988699207,0.0,0,0,unchanged_support_status,0
bottle__04,2,container,bottle,shoulder,after_remainder_attachment_before_filter,final_hpid,0.22409232988699207,0.22409232988699207,0.0,0,0,unchanged_support_status,0
box__02,0,container,box,bottom,input_pool,after_same_source_dedup,0.2753052004229549,0.2753052004229549,0.0,1,1,unchanged_support_status,0
box__02,0,container,box,bottom,after_same_source_dedup,after_instance_cap,0.2753052004229549,0.2753052004229549,0.0,1,1,unchanged_support_status,0
box__02,0,container,box,bottom,after_instance_cap,after_hierarchy_duplicate_filter,0.2753052004229549,0.2753052004229549,0.0,1,1,unchanged_support_status,0
box__02,0,container,box,bottom,after_hierarchy_duplicate_filter,actual_semantic_argmax,0.2753052004229549,0.15014374478345544,-0.12516145563949949,1,0,lost,1
box__02,0,container,box,bottom,actual_semantic_argmax,after_direct_detail_gate,0.15014374478345544,0.1520413818584888,0.001897637075033376,0,0,unchanged_support_status,0
box__02,0,container,box,bottom,after_direct_detail_gate,after_cleanup,0.1520413818584888,0.1520413818584888,0.0,0,0,unchanged_support_status,0
box__02,0,container,box,bottom,after_cleanup,after_root_restoration,0.1520413818584888,0.1520413818584888,0.0,0,0,unchanged_support_status,0
box__02,0,container,box,bottom,after_root_restoration,identity_supported_before_remainder,0.1520413818584888,0.1520413818584888,0.0,0,0,unchanged_support_status,0
box__02,0,container,box,bottom,identity_supported_before_remainder,identity_plus_eligible_remainder,0.1520413818584888,0.1520413818584888,0.0,0,0,unchanged_support_status,0
box__02,0,container,box,bottom,identity_plus_eligible_remainder,after_remainder_attachment_before_filter,0.1520413818584888,0.1520413818584888,0.0,0,0,unchanged_support_status,0
box__02,0,container,box,bottom,after_remainder_attachment_before_filter,final_hpid,0.1520413818584888,0.1520413818584888,0.0,0,0,unchanged_support_status,0
box__02,3,container,box,lid,input_pool,after_same_source_dedup,0.8021622902003248,0.8021622902003248,0.0,1,1,unchanged_support_status,0
box__02,3,container,box,lid,after_same_source_dedup,after_instance_cap,0.8021622902003248,0.8021622902003248,0.0,1,1,unchanged_support_status,0
box__02,3,container,box,lid,after_instance_cap,after_hierarchy_duplicate_filter,0.8021622902003248,0.8021622902003248,0.0,1,1,unchanged_support_status,0
box__02,3,container,box,lid,after_hierarchy_duplicate_filter,actual_semantic_argmax,0.8021622902003248,0.05689900426742532,-0.7452632859328995,1,0,lost,1
box__02,3,container,box,lid,actual_semantic_argmax,after_direct_detail_gate,0.05689900426742532,0.05689900426742532,0.0,0,0,unchanged_support_status,0
box__02,3,container,box,lid,after_direct_detail_gate,after_cleanup,0.05689900426742532,0.05728125322065341,0.00038224895322808844,0,0,unchanged_support_status,0
box__02,3,container,box,lid,after_cleanup,after_root_restoration,0.05728125322065341,0.05728125322065341,0.0,0,0,unchanged_support_status,0
box__02,3,container,box,lid,after_root_restoration,identity_supported_before_remainder,0.05728125322065341,0.05689900426742532,-0.00038224895322808844,0,0,unchanged_support_status,0
box__02,3,container,box,lid,identity_supported_before_remainder,identity_plus_eligible_remainder,0.05689900426742532,0.05689900426742532,0.0,0,0,unchanged_support_status,0
box__02,3,container,box,lid,identity_plus_eligible_remainder,after_remainder_attachment_before_filter,0.05689900426742532,0.05689900426742532,0.0,0,0,unchanged_support_status,0
box__02,3,container,box,lid,after_remainder_attachment_before_filter,final_hpid,0.05689900426742532,0.05689900426742532,0.0,0,0,unchanged_support_status,0
broom__01,0,tool_prop,broom,shaft,input_pool,after_same_source_dedup,0.8193548387096774,0.8193548387096774,0.0,1,1,unchanged_support_status,0
broom__01,0,tool_prop,broom,shaft,after_same_source_dedup,after_instance_cap,0.8193548387096774,0.8193548387096774,0.0,1,1,unchanged_support_status,0
broom__01,0,tool_prop,broom,shaft,after_instance_cap,after_hierarchy_duplicate_filter,0.8193548387096774,0.8193548387096774,0.0,1,1,unchanged_support_status,0
broom__01,0,tool_prop,broom,shaft,after_hierarchy_duplicate_filter,actual_semantic_argmax,0.8193548387096774,0.0,-0.8193548387096774,1,0,lost,1
broom__01,0,tool_prop,broom,shaft,actual_semantic_argmax,after_direct_detail_gate,0.0,0.1746031746031746,0.1746031746031746,0,0,unchanged_support_status,0
broom__01,0,tool_prop,broom,shaft,after_direct_detail_gate,after_cleanup,0.1746031746031746,0.21123321123321123,0.03663003663003664,0,0,unchanged_support_status,0
broom__01,0,tool_prop,broom,shaft,after_cleanup,after_root_restoration,0.21123321123321123,0.21123321123321123,0.0,0,0,unchanged_support_status,0
broom__01,0,tool_prop,broom,shaft,after_root_restoration,identity_supported_before_remainder,0.21123321123321123,0.21123321123321123,0.0,0,0,unchanged_support_status,0
broom__01,0,tool_prop,broom,shaft,identity_supported_before_remainder,identity_plus_eligible_remainder,0.21123321123321123,0.21123321123321123,0.0,0,0,unchanged_support_status,0
broom__01,0,tool_prop,broom,shaft,identity_plus_eligible_remainder,after_remainder_attachment_before_filter,0.21123321123321123,0.21123321123321123,0.0,0,0,unchanged_support_status,0
broom__01,0,tool_prop,broom,shaft,after_remainder_attachment_before_filter,final_hpid,0.21123321123321123,0.21123321123321123,0.0,0,0,unchanged_support_status,0
broom__03,0,tool_prop,broom,lower_bristles,input_pool,after_same_source_dedup,0.9477189477189477,0.9477189477189477,0.0,1,1,unchanged_support_status,0
broom__03,0,tool_prop,broom,lower_bristles,after_same_source_dedup,after_instance_cap,0.9477189477189477,0.9477189477189477,0.0,1,1,unchanged_support_status,0
broom__03,0,tool_prop,broom,lower_bristles,after_instance_cap,after_hierarchy_duplicate_filter,0.9477189477189477,0.9477189477189477,0.0,1,1,unchanged_support_status,0
broom__03,0,tool_prop,broom,lower_bristles,after_hierarchy_duplicate_filter,actual_semantic_argmax,0.9477189477189477,0.0,-0.9477189477189477,1,0,lost,1
broom__03,0,tool_prop,broom,lower_bristles,actual_semantic_argmax,after_direct_detail_gate,0.0,0.0,0.0,0,0,unchanged_support_status,0
broom__03,0,tool_prop,broom,lower_bristles,after_direct_detail_gate,after_cleanup,0.0,0.0,0.0,0,0,unchanged_support_status,0
broom__03,0,tool_prop,broom,lower_bristles,after_cleanup,after_root_restoration,0.0,0.0,0.0,0,0,unchanged_support_status,0
broom__03,0,tool_prop,broom,lower_bristles,after_root_restoration,identity_supported_before_remainder,0.0,0.0,0.0,0,0,unchanged_support_status,0
broom__03,0,tool_prop,broom,lower_bristles,identity_supported_before_remainder,identity_plus_eligible_remainder,0.0,0.0,0.0,0,0,unchanged_support_status,0
broom__03,0,tool_prop,broom,lower_bristles,identity_plus_eligible_remainder,after_remainder_attachment_before_filter,0.0,0.0,0.0,0,0,unchanged_support_status,0
broom__03,0,tool_prop,broom,lower_bristles,after_remainder_attachment_before_filter,final_hpid,0.0,0.0,0.0,0,0,unchanged_support_status,0
can__03,1,container,can,lid,input_pool,after_same_source_dedup,0.42446808510638295,0.42446808510638295,0.0,1,1,unchanged_support_status,0
can__03,1,container,can,lid,after_same_source_dedup,after_instance_cap,0.42446808510638295,0.42446808510638295,0.0,1,1,unchanged_support_status,0
can__03,1,container,can,lid,after_instance_cap,after_hierarchy_duplicate_filter,0.42446808510638295,0.42446808510638295,0.0,1,1,unchanged_support_status,0
can__03,1,container,can,lid,after_hierarchy_duplicate_filter,actual_semantic_argmax,0.42446808510638295,0.10242587601078167,-0.3220422090956013,1,0,lost,1
can__03,1,container,can,lid,actual_semantic_argmax,after_direct_detail_gate,0.10242587601078167,0.10503832139716045,0.002612445386378781,0,0,unchanged_support_status,0
can__03,1,container,can,lid,after_direct_detail_gate,after_cleanup,0.10503832139716045,0.10521016863830858,0.000171847241148132,0,0,unchanged_support_status,0
can__03,1,container,can,lid,after_cleanup,after_root_restoration,0.10521016863830858,0.10503832139716045,-0.000171847241148132,0,0,unchanged_support_status,0
can__03,1,container,can,lid,after_root_restoration,identity_supported_before_remainder,0.10503832139716045,0.10503832139716045,0.0,0,0,unchanged_support_status,0
can__03,1,container,can,lid,identity_supported_before_remainder,identity_plus_eligible_remainder,0.10503832139716045,0.10503832139716045,0.0,0,0,unchanged_support_status,0
can__03,1,container,can,lid,identity_plus_eligible_remainder,after_remainder_attachment_before_filter,0.10503832139716045,0.10503832139716045,0.0,0,0,unchanged_support_status,0
can__03,1,container,can,lid,after_remainder_attachment_before_filter,final_hpid,0.10503832139716045,0.10503832139716045,0.0,0,0,unchanged_support_status,0
can__04,3,container,can,lid,input_pool,after_same_source_dedup,0.1105603505865377,0.1105603505865377,0.0,0,0,unchanged_support_status,0
can__04,3,container,can,lid,after_same_source_dedup,after_instance_cap,0.1105603505865377,0.1105603505865377,0.0,0,0,unchanged_support_status,0
can__04,3,container,can,lid,after_instance_cap,after_hierarchy_duplicate_filter,0.1105603505865377,0.1105603505865377,0.0,0,0,unchanged_support_status,0
can__04,3,container,can,lid,after_hierarchy_duplicate_filter,actual_semantic_argmax,0.1105603505865377,0.19856257386103274,0.08800222327449504,0,0,unchanged_support_status,1
can__04,3,container,can,lid,actual_semantic_argmax,after_direct_detail_gate,0.19856257386103274,0.1995395055744062,0.0009769317133734579,0,0,unchanged_support_status,0
can__04,3,container,can,lid,after_direct_detail_gate,after_cleanup,0.1995395055744062,0.19954434184056813,4.836266161933889e-06,0,0,unchanged_support_status,0
can__04,3,container,can,lid,after_cleanup,after_root_restoration,0.19954434184056813,0.19954434184056813,0.0,0,0,unchanged_support_status,0
can__04,3,container,can,lid,after_root_restoration,identity_supported_before_remainder,0.19954434184056813,0.19954434184056813,0.0,0,0,unchanged_support_status,0
can__04,3,container,can,lid,identity_supported_before_remainder,identity_plus_eligible_remainder,0.19954434184056813,0.19954434184056813,0.0,0,0,unchanged_support_status,0
can__04,3,container,can,lid,identity_plus_eligible_remainder,after_remainder_attachment_before_filter,0.19954434184056813,0.19954434184056813,0.0,0,0,unchanged_support_status,0
can__04,3,container,can,lid,after_remainder_attachment_before_filter,final_hpid,0.19954434184056813,0.19954434184056813,0.0,0,0,unchanged_support_status,0
car_automobile__02,7,vehicle,car_(automobile),badge,input_pool,after_same_source_dedup,0.8611111111111112,0.8611111111111112,0.0,1,1,unchanged_support_status,0
car_automobile__02,7,vehicle,car_(automobile),badge,after_same_source_dedup,after_instance_cap,0.8611111111111112,0.8611111111111112,0.0,1,1,unchanged_support_status,0
car_automobile__02,7,vehicle,car_(automobile),badge,after_instance_cap,after_hierarchy_duplicate_filter,0.8611111111111112,0.8611111111111112,0.0,1,1,unchanged_support_status,0
car_automobile__02,7,vehicle,car_(automobile),badge,after_hierarchy_duplicate_filter,actual_semantic_argmax,0.8611111111111112,0.021206096752816435,-0.8399050143582947,1,0,lost,1
car_automobile__02,7,vehicle,car_(automobile),badge,actual_semantic_argmax,after_direct_detail_gate,0.021206096752816435,0.02216632604936331,0.0009602292965468738,0,0,unchanged_support_status,0
car_automobile__02,7,vehicle,car_(automobile),badge,after_direct_detail_gate,after_cleanup,0.02216632604936331,0.022377400412632916,0.00021107436326960743,0,0,unchanged_support_status,0
car_automobile__02,7,vehicle,car_(automobile),badge,after_cleanup,after_root_restoration,0.022377400412632916,0.022377400412632916,0.0,0,0,unchanged_support_status,0
car_automobile__02,7,vehicle,car_(automobile),badge,after_root_restoration,identity_supported_before_remainder,0.022377400412632916,0.022377400412632916,0.0,0,0,unchanged_support_status,0
car_automobile__02,7,vehicle,car_(automobile),badge,identity_supported_before_remainder,identity_plus_eligible_remainder,0.022377400412632916,0.022377400412632916,0.0,0,0,unchanged_support_status,0
car_automobile__02,7,vehicle,car_(automobile),badge,identity_plus_eligible_remainder,after_remainder_attachment_before_filter,0.022377400412632916,0.022377400412632916,0.0,0,0,unchanged_support_status,0
car_automobile__02,7,vehicle,car_(automobile),badge,after_remainder_attachment_before_filter,final_hpid,0.022377400412632916,0.022377400412632916,0.0,0,0,unchanged_support_status,0
car_automobile__04,3,vehicle,car_(automobile),fender,input_pool,after_same_source_dedup,0.2470055506865323,0.2470055506865323,0.0,0,0,unchanged_support_status,0
car_automobile__04,3,vehicle,car_(automobile),fender,after_same_source_dedup,after_instance_cap,0.2470055506865323,0.2470055506865323,0.0,0,0,unchanged_support_status,0
car_automobile__04,3,vehicle,car_(automobile),fender,after_instance_cap,after_hierarchy_duplicate_filter,0.2470055506865323,0.2470055506865323,0.0,0,0,unchanged_support_status,0
car_automobile__04,3,vehicle,car_(automobile),fender,after_hierarchy_duplicate_filter,actual_semantic_argmax,0.2470055506865323,0.026792586890875717,-0.22021296379565658,0,0,unchanged_support_status,1
car_automobile__04,3,vehicle,car_(automobile),fender,actual_semantic_argmax,after_direct_detail_gate,0.026792586890875717,0.11063605319414753,0.08384346630327182,0,0,unchanged_support_status,0
car_automobile__04,3,vehicle,car_(automobile),fender,after_direct_detail_gate,after_cleanup,0.11063605319414753,0.1106329816768462,-3.071517301334037e-06,0,0,unchanged_support_status,0
car_automobile__04,3,vehicle,car_(automobile),fender,after_cleanup,after_root_restoration,0.1106329816768462,0.1106329816768462,0.0,0,0,unchanged_support_status,0
car_automobile__04,3,vehicle,car_(automobile),fender,after_root_restoration,identity_supported_before_remainder,0.1106329816768462,0.1106329816768462,0.0,0,0,unchanged_support_status,0
car_automobile__04,3,vehicle,car_(automobile),fender,identity_supported_before_remainder,identity_plus_eligible_remainder,0.1106329816768462,0.1106329816768462,0.0,0,0,unchanged_support_status,0
car_automobile__04,3,vehicle,car_(automobile),fender,identity_plus_eligible_remainder,after_remainder_attachment_before_filter,0.1106329816768462,0.1106329816768462,0.0,0,0,unchanged_support_status,0
car_automobile__04,3,vehicle,car_(automobile),fender,after_remainder_attachment_before_filter,final_hpid,0.1106329816768462,0.1106329816768462,0.0,0,0,unchanged_support_status,0
car_automobile__04,14,vehicle,car_(automobile),rim,input_pool,after_same_source_dedup,0.6180713743356112,0.6180713743356112,0.0,1,1,unchanged_support_status,0
car_automobile__04,14,vehicle,car_(automobile),rim,after_same_source_dedup,after_instance_cap,0.6180713743356112,0.6180713743356112,0.0,1,1,unchanged_support_status,0
car_automobile__04,14,vehicle,car_(automobile),rim,after_instance_cap,after_hierarchy_duplicate_filter,0.6180713743356112,0.6180713743356112,0.0,1,1,unchanged_support_status,0
car_automobile__04,14,vehicle,car_(automobile),rim,after_hierarchy_duplicate_filter,actual_semantic_argmax,0.6180713743356112,0.0,-0.6180713743356112,1,0,lost,1
car_automobile__04,14,vehicle,car_(automobile),rim,actual_semantic_argmax,after_direct_detail_gate,0.0,0.021629972962533797,0.021629972962533797,0,0,unchanged_support_status,0
car_automobile__04,14,vehicle,car_(automobile),rim,after_direct_detail_gate,after_cleanup,0.021629972962533797,0.021629972962533797,0.0,0,0,unchanged_support_status,0
car_automobile__04,14,vehicle,car_(automobile),rim,after_cleanup,after_root_restoration,0.021629972962533797,0.021629972962533797,0.0,0,0,unchanged_support_status,0
car_automobile__04,14,vehicle,car_(automobile),rim,after_root_restoration,identity_supported_before_remainder,0.021629972962533797,0.021629972962533797,0.0,0,0,unchanged_support_status,0
car_automobile__04,14,vehicle,car_(automobile),rim,identity_supported_before_remainder,identity_plus_eligible_remainder,0.021629972962533797,0.021629972962533797,0.0,0,0,unchanged_support_status,0
car_automobile__04,14,vehicle,car_(automobile),rim,identity_plus_eligible_remainder,after_remainder_attachment_before_filter,0.021629972962533797,0.021629972962533797,0.0,0,0,unchanged_support_status,0
car_automobile__04,14,vehicle,car_(automobile),rim,after_remainder_attachment_before_filter,final_hpid,0.021629972962533797,0.021629972962533797,0.0,0,0,unchanged_support_status,0
chair__03,5,furniture,chair,stretcher,input_pool,after_same_source_dedup,0.2791666666666667,0.2791666666666667,0.0,1,1,unchanged_support_status,0
chair__03,5,furniture,chair,stretcher,after_same_source_dedup,after_instance_cap,0.2791666666666667,0.2791666666666667,0.0,1,1,unchanged_support_status,0
chair__03,5,furniture,chair,stretcher,after_instance_cap,after_hierarchy_duplicate_filter,0.2791666666666667,0.2791666666666667,0.0,1,1,unchanged_support_status,0
chair__03,5,furniture,chair,stretcher,after_hierarchy_duplicate_filter,actual_semantic_argmax,0.2791666666666667,0.16925465838509315,-0.10991200828157352,1,0,lost,1
chair__03,5,furniture,chair,stretcher,actual_semantic_argmax,after_direct_detail_gate,0.16925465838509315,0.16925465838509315,0.0,0,0,unchanged_support_status,0
chair__03,5,furniture,chair,stretcher,after_direct_detail_gate,after_cleanup,0.16925465838509315,0.16925465838509315,0.0,0,0,unchanged_support_status,0
chair__03,5,furniture,chair,stretcher,after_cleanup,after_root_restoration,0.16925465838509315,0.16925465838509315,0.0,0,0,unchanged_support_status,0
chair__03,5,furniture,chair,stretcher,after_root_restoration,identity_supported_before_remainder,0.16925465838509315,0.16925465838509315,0.0,0,0,unchanged_support_status,0
chair__03,5,furniture,chair,stretcher,identity_supported_before_remainder,identity_plus_eligible_remainder,0.16925465838509315,0.16925465838509315,0.0,0,0,unchanged_support_status,0
chair__03,5,furniture,chair,stretcher,identity_plus_eligible_remainder,after_remainder_attachment_before_filter,0.16925465838509315,0.16925465838509315,0.0,0,0,unchanged_support_status,0
chair__03,5,furniture,chair,stretcher,after_remainder_attachment_before_filter,final_hpid,0.16925465838509315,0.16925465838509315,0.0,0,0,unchanged_support_status,0
chair__04,3,furniture,chair,seat,input_pool,after_same_source_dedup,0.6002805049088359,0.6002805049088359,0.0,1,1,unchanged_support_status,0
chair__04,3,furniture,chair,seat,after_same_source_dedup,after_instance_cap,0.6002805049088359,0.6002805049088359,0.0,1,1,unchanged_support_status,0
chair__04,3,furniture,chair,seat,after_instance_cap,after_hierarchy_duplicate_filter,0.6002805049088359,0.6002805049088359,0.0,1,1,unchanged_support_status,0
chair__04,3,furniture,chair,seat,after_hierarchy_duplicate_filter,actual_semantic_argmax,0.6002805049088359,0.006070640176600441,-0.5942098647322355,1,0,lost,1
chair__04,3,furniture,chair,seat,actual_semantic_argmax,after_direct_detail_gate,0.006070640176600441,0.039660056657223795,0.03358941648062336,0,0,unchanged_support_status,0
chair__04,3,furniture,chair,seat,after_direct_detail_gate,after_cleanup,0.039660056657223795,0.039660056657223795,0.0,0,0,unchanged_support_status,0
chair__04,3,furniture,chair,seat,after_cleanup,after_root_restoration,0.039660056657223795,0.039660056657223795,0.0,0,0,unchanged_support_status,0
chair__04,3,furniture,chair,seat,after_root_restoration,identity_supported_before_remainder,0.039660056657223795,0.039660056657223795,0.0,0,0,unchanged_support_status,0
chair__04,3,furniture,chair,seat,identity_supported_before_remainder,identity_plus_eligible_remainder,0.039660056657223795,0.039660056657223795,0.0,0,0,unchanged_support_status,0
chair__04,3,furniture,chair,seat,identity_plus_eligible_remainder,after_remainder_attachment_before_filter,0.039660056657223795,0.039660056657223795,0.0,0,0,unchanged_support_status,0
chair__04,3,furniture,chair,seat,after_remainder_attachment_before_filter,final_hpid,0.039660056657223795,0.039660056657223795,0.0,0,0,unchanged_support_status,0
clock__03,2,device,clock,base,input_pool,after_same_source_dedup,0.8335097001763668,0.8335097001763668,0.0,1,1,unchanged_support_status,0
clock__03,2,device,clock,base,after_same_source_dedup,after_instance_cap,0.8335097001763668,0.8335097001763668,0.0,1,1,unchanged_support_status,0
clock__03,2,device,clock,base,after_instance_cap,after_hierarchy_duplicate_filter,0.8335097001763668,0.8335097001763668,0.0,1,1,unchanged_support_status,0
clock__03,2,device,clock,base,after_hierarchy_duplicate_filter,actual_semantic_argmax,0.8335097001763668,0.10692907282201455,-0.7265806273543522,1,0,lost,1
clock__03,2,device,clock,base,actual_semantic_argmax,after_direct_detail_gate,0.10692907282201455,0.10817286747407859,0.0012437946520640342,0,0,unchanged_support_status,0
clock__03,2,device,clock,base,after_direct_detail_gate,after_cleanup,0.10817286747407859,0.10817286747407859,0.0,0,0,unchanged_support_status,0
clock__03,2,device,clock,base,after_cleanup,after_root_restoration,0.10817286747407859,0.10817286747407859,0.0,0,0,unchanged_support_status,0
clock__03,2,device,clock,base,after_root_restoration,identity_supported_before_remainder,0.10817286747407859,0.10817286747407859,0.0,0,0,unchanged_support_status,0
clock__03,2,device,clock,base,identity_supported_before_remainder,identity_plus_eligible_remainder,0.10817286747407859,0.10817286747407859,0.0,0,0,unchanged_support_status,0
clock__03,2,device,clock,base,identity_plus_eligible_remainder,after_remainder_attachment_before_filter,0.10817286747407859,0.10817286747407859,0.0,0,0,unchanged_support_status,0
clock__03,2,device,clock,base,after_remainder_attachment_before_filter,final_hpid,0.10817286747407859,0.10817286747407859,0.0,0,0,unchanged_support_status,0
fan__01,2,device,fan,motor,input_pool,after_same_source_dedup,0.43920044419766796,0.43920044419766796,0.0,1,1,unchanged_support_status,0
fan__01,2,device,fan,motor,after_same_source_dedup,after_instance_cap,0.43920044419766796,0.43920044419766796,0.0,1,1,unchanged_support_status,0
fan__01,2,device,fan,motor,after_instance_cap,after_hierarchy_duplicate_filter,0.43920044419766796,0.43920044419766796,0.0,1,1,unchanged_support_status,0
fan__01,2,device,fan,motor,after_hierarchy_duplicate_filter,actual_semantic_argmax,0.43920044419766796,0.012589928057553957,-0.426610516140114,1,0,lost,1
fan__01,2,device,fan,motor,actual_semantic_argmax,after_direct_detail_gate,0.012589928057553957,0.036351619299405155,0.0237616912418512,0,0,unchanged_support_status,0
fan__01,2,device,fan,motor,after_direct_detail_gate,after_cleanup,0.036351619299405155,0.037012557832121616,0.000660938532716461,0,0,unchanged_support_status,0
fan__01,2,device,fan,motor,after_cleanup,after_root_restoration,0.037012557832121616,0.037012557832121616,0.0,0,0,unchanged_support_status,0
fan__01,2,device,fan,motor,after_root_restoration,identity_supported_before_remainder,0.037012557832121616,0.037012557832121616,0.0,0,0,unchanged_support_status,0
fan__01,2,device,fan,motor,identity_supported_before_remainder,identity_plus_eligible_remainder,0.037012557832121616,0.037012557832121616,0.0,0,0,unchanged_support_status,0
fan__01,2,device,fan,motor,identity_plus_eligible_remainder,after_remainder_attachment_before_filter,0.037012557832121616,0.037012557832121616,0.0,0,0,unchanged_support_status,0
fan__01,2,device,fan,motor,after_remainder_attachment_before_filter,final_hpid,0.037012557832121616,0.037012557832121616,0.0,0,0,unchanged_support_status,0
fan__02,2,device,fan,bracket,input_pool,after_same_source_dedup,0.2545710267229255,0.2545710267229255,0.0,1,1,unchanged_support_status,0
fan__02,2,device,fan,bracket,after_same_source_dedup,after_instance_cap,0.2545710267229255,0.2545710267229255,0.0,1,1,unchanged_support_status,0
fan__02,2,device,fan,bracket,after_instance_cap,after_hierarchy_duplicate_filter,0.2545710267229255,0.2545710267229255,0.0,1,1,unchanged_support_status,0
fan__02,2,device,fan,bracket,after_hierarchy_duplicate_filter,actual_semantic_argmax,0.2545710267229255,0.0,-0.2545710267229255,1,0,lost,1
fan__02,2,device,fan,bracket,actual_semantic_argmax,after_direct_detail_gate,0.0,0.059001512859304085,0.059001512859304085,0,0,unchanged_support_status,0
fan__02,2,device,fan,bracket,after_direct_detail_gate,after_cleanup,0.059001512859304085,0.0445468509984639,-0.014454661860840184,0,0,unchanged_support_status,0
fan__02,2,device,fan,bracket,after_cleanup,after_root_restoration,0.0445468509984639,0.0445468509984639,0.0,0,0,unchanged_support_status,0
fan__02,2,device,fan,bracket,after_root_restoration,identity_supported_before_remainder,0.0445468509984639,0.053406998158379376,0.008860147159915475,0,0,unchanged_support_status,0
fan__02,2,device,fan,bracket,identity_supported_before_remainder,identity_plus_eligible_remainder,0.053406998158379376,0.053406998158379376,0.0,0,0,unchanged_support_status,0
fan__02,2,device,fan,bracket,identity_plus_eligible_remainder,after_remainder_attachment_before_filter,0.053406998158379376,0.053406998158379376,0.0,0,0,unchanged_support_status,0
fan__02,2,device,fan,bracket,after_remainder_attachment_before_filter,final_hpid,0.053406998158379376,0.053406998158379376,0.0,0,0,unchanged_support_status,0
handbag__01,0,container,handbag,handle,input_pool,after_same_source_dedup,0.6356395739372421,0.6356395739372421,0.0,1,1,unchanged_support_status,0
handbag__01,0,container,handbag,handle,after_same_source_dedup,after_instance_cap,0.6356395739372421,0.6356395739372421,0.0,1,1,unchanged_support_status,0
handbag__01,0,container,handbag,handle,after_instance_cap,after_hierarchy_duplicate_filter,0.6356395739372421,0.6356395739372421,0.0,1,1,unchanged_support_status,0
handbag__01,0,container,handbag,handle,after_hierarchy_duplicate_filter,actual_semantic_argmax,0.6356395739372421,0.18889150665567206,-0.44674806728157007,1,0,lost,1
handbag__01,0,container,handbag,handle,actual_semantic_argmax,after_direct_detail_gate,0.18889150665567206,0.17401066516980074,-0.014880841485871321,0,0,unchanged_support_status,0
handbag__01,0,container,handbag,handle,after_direct_detail_gate,after_cleanup,0.17401066516980074,0.1734331150608045,-0.0005775501089962387,0,0,unchanged_support_status,0
handbag__01,0,container,handbag,handle,after_cleanup,after_root_restoration,0.1734331150608045,0.1734331150608045,0.0,0,0,unchanged_support_status,0
handbag__01,0,container,handbag,handle,after_root_restoration,identity_supported_before_remainder,0.1734331150608045,0.16646470766434412,-0.006968407396460374,0,0,unchanged_support_status,0
handbag__01,0,container,handbag,handle,identity_supported_before_remainder,identity_plus_eligible_remainder,0.16646470766434412,0.16646470766434412,0.0,0,0,unchanged_support_status,0
handbag__01,0,container,handbag,handle,identity_plus_eligible_remainder,after_remainder_attachment_before_filter,0.16646470766434412,0.16646470766434412,0.0,0,0,unchanged_support_status,0
handbag__01,0,container,handbag,handle,after_remainder_attachment_before_filter,final_hpid,0.16646470766434412,0.16646470766434412,0.0,0,0,unchanged_support_status,0
kettle__02,0,device,kettle,lid,input_pool,after_same_source_dedup,0.8391608391608392,0.8391608391608392,0.0,1,1,unchanged_support_status,0
kettle__02,0,device,kettle,lid,after_same_source_dedup,after_instance_cap,0.8391608391608392,0.8391608391608392,0.0,1,1,unchanged_support_status,0
kettle__02,0,device,kettle,lid,after_instance_cap,after_hierarchy_duplicate_filter,0.8391608391608392,0.8391608391608392,0.0,1,1,unchanged_support_status,0
kettle__02,0,device,kettle,lid,after_hierarchy_duplicate_filter,actual_semantic_argmax,0.8391608391608392,0.2267195018397962,-0.612441337321043,1,0,lost,1
kettle__02,0,device,kettle,lid,actual_semantic_argmax,after_direct_detail_gate,0.2267195018397962,0.2272340425531915,0.0005145407133952951,0,0,unchanged_support_status,0
kettle__02,0,device,kettle,lid,after_direct_detail_gate,after_cleanup,0.2272340425531915,0.2272340425531915,0.0,0,0,unchanged_support_status,0
kettle__02,0,device,kettle,lid,after_cleanup,after_root_restoration,0.2272340425531915,0.2272340425531915,0.0,0,0,unchanged_support_status,0
kettle__02,0,device,kettle,lid,after_root_restoration,identity_supported_before_remainder,0.2272340425531915,0.2272340425531915,0.0,0,0,unchanged_support_status,0
kettle__02,0,device,kettle,lid,identity_supported_before_remainder,identity_plus_eligible_remainder,0.2272340425531915,0.2272340425531915,0.0,0,0,unchanged_support_status,0
kettle__02,0,device,kettle,lid,identity_plus_eligible_remainder,after_remainder_attachment_before_filter,0.2272340425531915,0.2272340425531915,0.0,0,0,unchanged_support_status,0
kettle__02,0,device,kettle,lid,after_remainder_attachment_before_filter,final_hpid,0.2272340425531915,0.2272340425531915,0.0,0,0,unchanged_support_status,0
kettle__04,2,device,kettle,handle,input_pool,after_same_source_dedup,0.6653306613226453,0.6653306613226453,0.0,1,1,unchanged_support_status,0
kettle__04,2,device,kettle,handle,after_same_source_dedup,after_instance_cap,0.6653306613226453,0.6653306613226453,0.0,1,1,unchanged_support_status,0
kettle__04,2,device,kettle,handle,after_instance_cap,after_hierarchy_duplicate_filter,0.6653306613226453,0.6653306613226453,0.0,1,1,unchanged_support_status,0
kettle__04,2,device,kettle,handle,after_hierarchy_duplicate_filter,actual_semantic_argmax,0.6653306613226453,0.15588187832822334,-0.509448782994422,1,0,lost,1
kettle__04,2,device,kettle,handle,actual_semantic_argmax,after_direct_detail_gate,0.15588187832822334,0.13927936661819357,-0.01660251171002977,0,0,unchanged_support_status,0
kettle__04,2,device,kettle,handle,after_direct_detail_gate,after_cleanup,0.13927936661819357,0.13903225806451613,-0.0002471085536774331,0,0,unchanged_support_status,0
kettle__04,2,device,kettle,handle,after_cleanup,after_root_restoration,0.13903225806451613,0.13903225806451613,0.0,0,0,unchanged_support_status,0
kettle__04,2,device,kettle,handle,after_root_restoration,identity_supported_before_remainder,0.13903225806451613,0.13903225806451613,0.0,0,0,unchanged_support_status,0
kettle__04,2,device,kettle,handle,identity_supported_before_remainder,identity_plus_eligible_remainder,0.13903225806451613,0.13903225806451613,0.0,0,0,unchanged_support_status,0
kettle__04,2,device,kettle,handle,identity_plus_eligible_remainder,after_remainder_attachment_before_filter,0.13903225806451613,0.13903225806451613,0.0,0,0,unchanged_support_status,0
kettle__04,2,device,kettle,handle,after_remainder_attachment_before_filter,final_hpid,0.13903225806451613,0.13903225806451613,0.0,0,0,unchanged_support_status,0
ladder__01,1,tool_prop,ladder,rail,input_pool,after_same_source_dedup,0.3672931091328717,0.3672931091328717,0.0,1,1,unchanged_support_status,0
ladder__01,1,tool_prop,ladder,rail,after_same_source_dedup,after_instance_cap,0.3672931091328717,0.3672931091328717,0.0,1,1,unchanged_support_status,0
ladder__01,1,tool_prop,ladder,rail,after_instance_cap,after_hierarchy_duplicate_filter,0.3672931091328717,0.3672931091328717,0.0,1,1,unchanged_support_status,0
ladder__01,1,tool_prop,ladder,rail,after_hierarchy_duplicate_filter,actual_semantic_argmax,0.3672931091328717,0.0008036431824270024,-0.36648946595044474,1,0,lost,1
ladder__01,1,tool_prop,ladder,rail,actual_semantic_argmax,after_direct_detail_gate,0.0008036431824270024,0.04930966469428008,0.04850602151185308,0,0,unchanged_support_status,0
ladder__01,1,tool_prop,ladder,rail,after_direct_detail_gate,after_cleanup,0.04930966469428008,0.04259554140127388,-0.006714123293006198,0,0,unchanged_support_status,0
ladder__01,1,tool_prop,ladder,rail,after_cleanup,after_root_restoration,0.04259554140127388,0.04259554140127388,0.0,0,0,unchanged_support_status,0
ladder__01,1,tool_prop,ladder,rail,after_root_restoration,identity_supported_before_remainder,0.04259554140127388,0.043584521384928715,0.0009889799836548321,0,0,unchanged_support_status,0
ladder__01,1,tool_prop,ladder,rail,identity_supported_before_remainder,identity_plus_eligible_remainder,0.043584521384928715,0.043584521384928715,0.0,0,0,unchanged_support_status,0
ladder__01,1,tool_prop,ladder,rail,identity_plus_eligible_remainder,after_remainder_attachment_before_filter,0.043584521384928715,0.043584521384928715,0.0,0,0,unchanged_support_status,0
ladder__01,1,tool_prop,ladder,rail,after_remainder_attachment_before_filter,final_hpid,0.043584521384928715,0.043584521384928715,0.0,0,0,unchanged_support_status,0
laptop_computer__01,1,device,laptop_computer,touchpad,input_pool,after_same_source_dedup,0.6311605723370429,0.6311605723370429,0.0,1,1,unchanged_support_status,0
laptop_computer__01,1,device,laptop_computer,touchpad,after_same_source_dedup,after_instance_cap,0.6311605723370429,0.6311605723370429,0.0,1,1,unchanged_support_status,0
laptop_computer__01,1,device,laptop_computer,touchpad,after_instance_cap,after_hierarchy_duplicate_filter,0.6311605723370429,0.6311605723370429,0.0,1,1,unchanged_support_status,0
laptop_computer__01,1,device,laptop_computer,touchpad,after_hierarchy_duplicate_filter,actual_semantic_argmax,0.6311605723370429,0.0,-0.6311605723370429,1,0,lost,1
laptop_computer__01,1,device,laptop_computer,touchpad,actual_semantic_argmax,after_direct_detail_gate,0.0,0.0,0.0,0,0,unchanged_support_status,0
laptop_computer__01,1,device,laptop_computer,touchpad,after_direct_detail_gate,after_cleanup,0.0,0.0,0.0,0,0,unchanged_support_status,0
laptop_computer__01,1,device,laptop_computer,touchpad,after_cleanup,after_root_restoration,0.0,0.0,0.0,0,0,unchanged_support_status,0
laptop_computer__01,1,device,laptop_computer,touchpad,after_root_restoration,identity_supported_before_remainder,0.0,0.0,0.0,0,0,unchanged_support_status,0
laptop_computer__01,1,device,laptop_computer,touchpad,identity_supported_before_remainder,identity_plus_eligible_remainder,0.0,0.0,0.0,0,0,unchanged_support_status,0
laptop_computer__01,1,device,laptop_computer,touchpad,identity_plus_eligible_remainder,after_remainder_attachment_before_filter,0.0,0.0,0.0,0,0,unchanged_support_status,0
laptop_computer__01,1,device,laptop_computer,touchpad,after_remainder_attachment_before_filter,final_hpid,0.0,0.0,0.0,0,0,unchanged_support_status,0
laptop_computer__02,2,device,laptop_computer,base_panel,input_pool,after_same_source_dedup,0.43468761072398726,0.43468761072398726,0.0,1,1,unchanged_support_status,0
laptop_computer__02,2,device,laptop_computer,base_panel,after_same_source_dedup,after_instance_cap,0.43468761072398726,0.43468761072398726,0.0,1,1,unchanged_support_status,0
laptop_computer__02,2,device,laptop_computer,base_panel,after_instance_cap,after_hierarchy_duplicate_filter,0.43468761072398726,0.43468761072398726,0.0,1,1,unchanged_support_status,0
laptop_computer__02,2,device,laptop_computer,base_panel,after_hierarchy_duplicate_filter,actual_semantic_argmax,0.43468761072398726,0.053460068396700866,-0.3812275423272864,1,0,lost,1
laptop_computer__02,2,device,laptop_computer,base_panel,actual_semantic_argmax,after_direct_detail_gate,0.053460068396700866,0.1444206250705179,0.09096055667381703,0,0,unchanged_support_status,0
laptop_computer__02,2,device,laptop_computer,base_panel,after_direct_detail_gate,after_cleanup,0.1444206250705179,0.1444206250705179,0.0,0,0,unchanged_support_status,0
laptop_computer__02,2,device,laptop_computer,base_panel,after_cleanup,after_root_restoration,0.1444206250705179,0.1444206250705179,0.0,0,0,unchanged_support_status,0
laptop_computer__02,2,device,laptop_computer,base_panel,after_root_restoration,identity_supported_before_remainder,0.1444206250705179,0.1444206250705179,0.0,0,0,unchanged_support_status,0
laptop_computer__02,2,device,laptop_computer,base_panel,identity_supported_before_remainder,identity_plus_eligible_remainder,0.1444206250705179,0.1444206250705179,0.0,0,0,unchanged_support_status,0
laptop_computer__02,2,device,laptop_computer,base_panel,identity_plus_eligible_remainder,after_remainder_attachment_before_filter,0.1444206250705179,0.1444206250705179,0.0,0,0,unchanged_support_status,0
laptop_computer__02,2,device,laptop_computer,base_panel,after_remainder_attachment_before_filter,final_hpid,0.1444206250705179,0.1444206250705179,0.0,0,0,unchanged_support_status,0
laptop_computer__03,0,device,laptop_computer,logo,input_pool,after_same_source_dedup,0.7575757575757576,0.7575757575757576,0.0,1,1,unchanged_support_status,0
laptop_computer__03,0,device,laptop_computer,logo,after_same_source_dedup,after_instance_cap,0.7575757575757576,0.7575757575757576,0.0,1,1,unchanged_support_status,0
laptop_computer__03,0,device,laptop_computer,logo,after_instance_cap,after_hierarchy_duplicate_filter,0.7575757575757576,0.7575757575757576,0.0,1,1,unchanged_support_status,0
laptop_computer__03,0,device,laptop_computer,logo,after_hierarchy_duplicate_filter,actual_semantic_argmax,0.7575757575757576,0.002077706212341575,-0.755498051363416,1,0,lost,1
laptop_computer__03,0,device,laptop_computer,logo,actual_semantic_argmax,after_direct_detail_gate,0.002077706212341575,0.004149377593360996,0.002071671381019421,0,0,unchanged_support_status,0
laptop_computer__03,0,device,laptop_computer,logo,after_direct_detail_gate,after_cleanup,0.004149377593360996,0.004154549231408392,5.171638047396163e-06,0,0,unchanged_support_status,0
laptop_computer__03,0,device,laptop_computer,logo,after_cleanup,after_root_restoration,0.004154549231408392,0.004154549231408392,0.0,0,0,unchanged_support_status,0
laptop_computer__03,0,device,laptop_computer,logo,after_root_restoration,identity_supported_before_remainder,0.004154549231408392,0.004161464835622139,6.91560421374731e-06,0,0,unchanged_support_status,0
laptop_computer__03,0,device,laptop_computer,logo,identity_supported_before_remainder,identity_plus_eligible_remainder,0.004161464835622139,0.004161464835622139,0.0,0,0,unchanged_support_status,0
laptop_computer__03,0,device,laptop_computer,logo,identity_plus_eligible_remainder,after_remainder_attachment_before_filter,0.004161464835622139,0.004161464835622139,0.0,0,0,unchanged_support_status,0
laptop_computer__03,0,device,laptop_computer,logo,after_remainder_attachment_before_filter,final_hpid,0.004161464835622139,0.004161464835622139,0.0,0,0,unchanged_support_status,0
laptop_computer__04,5,device,laptop_computer,logo,input_pool,after_same_source_dedup,0.5945945945945946,0.5945945945945946,0.0,1,1,unchanged_support_status,0
laptop_computer__04,5,device,laptop_computer,logo,after_same_source_dedup,after_instance_cap,0.5945945945945946,0.5945945945945946,0.0,1,1,unchanged_support_status,0
laptop_computer__04,5,device,laptop_computer,logo,after_instance_cap,after_hierarchy_duplicate_filter,0.5945945945945946,0.5945945945945946,0.0,1,1,unchanged_support_status,0
laptop_computer__04,5,device,laptop_computer,logo,after_hierarchy_duplicate_filter,actual_semantic_argmax,0.5945945945945946,0.0020862968231389286,-0.5925082977714557,1,0,lost,1
laptop_computer__04,5,device,laptop_computer,logo,actual_semantic_argmax,after_direct_detail_gate,0.0020862968231389286,0.0020862968231389286,0.0,0,0,unchanged_support_status,0
laptop_computer__04,5,device,laptop_computer,logo,after_direct_detail_gate,after_cleanup,0.0020862968231389286,0.002083136066660354,-3.1607564785745418e-06,0,0,unchanged_support_status,0
laptop_computer__04,5,device,laptop_computer,logo,after_cleanup,after_root_restoration,0.002083136066660354,0.002083136066660354,0.0,0,0,unchanged_support_status,0
laptop_computer__04,5,device,laptop_computer,logo,after_root_restoration,identity_supported_before_remainder,0.002083136066660354,0.0020833333333333333,1.972666729792294e-07,0,0,unchanged_support_status,0
laptop_computer__04,5,device,laptop_computer,logo,identity_supported_before_remainder,identity_plus_eligible_remainder,0.0020833333333333333,0.0020833333333333333,0.0,0,0,unchanged_support_status,0
laptop_computer__04,5,device,laptop_computer,logo,identity_plus_eligible_remainder,after_remainder_attachment_before_filter,0.0020833333333333333,0.0020833333333333333,0.0,0,0,unchanged_support_status,0
laptop_computer__04,5,device,laptop_computer,logo,after_remainder_attachment_before_filter,final_hpid,0.0020833333333333333,0.0020833333333333333,0.0,0,0,unchanged_support_status,0
microwave_oven__01,1,device,microwave_oven,side_panel,input_pool,after_same_source_dedup,0.8090921035343581,0.8090921035343581,0.0,1,1,unchanged_support_status,0
microwave_oven__01,1,device,microwave_oven,side_panel,after_same_source_dedup,after_instance_cap,0.8090921035343581,0.8090921035343581,0.0,1,1,unchanged_support_status,0
microwave_oven__01,1,device,microwave_oven,side_panel,after_instance_cap,after_hierarchy_duplicate_filter,0.8090921035343581,0.8090921035343581,0.0,1,1,unchanged_support_status,0
microwave_oven__01,1,device,microwave_oven,side_panel,after_hierarchy_duplicate_filter,actual_semantic_argmax,0.8090921035343581,0.004349741217927541,-0.8047423623164306,1,0,lost,1
microwave_oven__01,1,device,microwave_oven,side_panel,actual_semantic_argmax,after_direct_detail_gate,0.004349741217927541,0.10586124401913875,0.10151150280121121,0,0,unchanged_support_status,0
microwave_oven__01,1,device,microwave_oven,side_panel,after_direct_detail_gate,after_cleanup,0.10586124401913875,0.10586124401913875,0.0,0,0,unchanged_support_status,0
microwave_oven__01,1,device,microwave_oven,side_panel,after_cleanup,after_root_restoration,0.10586124401913875,0.10586124401913875,0.0,0,0,unchanged_support_status,0
microwave_oven__01,1,device,microwave_oven,side_panel,after_root_restoration,identity_supported_before_remainder,0.10586124401913875,0.11426726920593931,0.008406025186800559,0,0,unchanged_support_status,0
microwave_oven__01,1,device,microwave_oven,side_panel,identity_supported_before_remainder,identity_plus_eligible_remainder,0.11426726920593931,0.11426726920593931,0.0,0,0,unchanged_support_status,0
microwave_oven__01,1,device,microwave_oven,side_panel,identity_plus_eligible_remainder,after_remainder_attachment_before_filter,0.11426726920593931,0.11426726920593931,0.0,0,0,unchanged_support_status,0
microwave_oven__01,1,device,microwave_oven,side_panel,after_remainder_attachment_before_filter,final_hpid,0.11426726920593931,0.11426726920593931,0.0,0,0,unchanged_support_status,0
microwave_oven__03,0,device,microwave_oven,screen,input_pool,after_same_source_dedup,0.8362068965517241,0.8362068965517241,0.0,1,1,unchanged_support_status,0
microwave_oven__03,0,device,microwave_oven,screen,after_same_source_dedup,after_instance_cap,0.8362068965517241,0.8362068965517241,0.0,1,1,unchanged_support_status,0
microwave_oven__03,0,device,microwave_oven,screen,after_instance_cap,after_hierarchy_duplicate_filter,0.8362068965517241,0.8362068965517241,0.0,1,1,unchanged_support_status,0
microwave_oven__03,0,device,microwave_oven,screen,after_hierarchy_duplicate_filter,actual_semantic_argmax,0.8362068965517241,0.0914826498422713,-0.7447242467094528,1,0,lost,1
microwave_oven__03,0,device,microwave_oven,screen,actual_semantic_argmax,after_direct_detail_gate,0.0914826498422713,0.09423233143785541,0.0027496815955841136,0,0,unchanged_support_status,0
microwave_oven__03,0,device,microwave_oven,screen,after_direct_detail_gate,after_cleanup,0.09423233143785541,0.09362389023405973,-0.000608441203795676,0,0,unchanged_support_status,0
microwave_oven__03,0,device,microwave_oven,screen,after_cleanup,after_root_restoration,0.09362389023405973,0.09362389023405973,0.0,0,0,unchanged_support_status,0
microwave_oven__03,0,device,microwave_oven,screen,after_root_restoration,identity_supported_before_remainder,0.09362389023405973,0.09362389023405973,0.0,0,0,unchanged_support_status,0
microwave_oven__03,0,device,microwave_oven,screen,identity_supported_before_remainder,identity_plus_eligible_remainder,0.09362389023405973,0.09362389023405973,0.0,0,0,unchanged_support_status,0
microwave_oven__03,0,device,microwave_oven,screen,identity_plus_eligible_remainder,after_remainder_attachment_before_filter,0.09362389023405973,0.09362389023405973,0.0,0,0,unchanged_support_status,0
microwave_oven__03,0,device,microwave_oven,screen,after_remainder_attachment_before_filter,final_hpid,0.09362389023405973,0.09362389023405973,0.0,0,0,unchanged_support_status,0
mug__04,0,container,mug,bottom,input_pool,after_same_source_dedup,0.9105058365758755,0.9105058365758755,0.0,1,1,unchanged_support_status,0
mug__04,0,container,mug,bottom,after_same_source_dedup,after_instance_cap,0.9105058365758755,0.9105058365758755,0.0,1,1,unchanged_support_status,0
mug__04,0,container,mug,bottom,after_instance_cap,after_hierarchy_duplicate_filter,0.9105058365758755,0.9105058365758755,0.0,1,1,unchanged_support_status,0
mug__04,0,container,mug,bottom,after_hierarchy_duplicate_filter,actual_semantic_argmax,0.9105058365758755,0.15526775320139696,-0.7552380833744785,1,0,lost,1
mug__04,0,container,mug,bottom,actual_semantic_argmax,after_direct_detail_gate,0.15526775320139696,0.15517769607843138,-9.005712296558666e-05,0,0,unchanged_support_status,0
mug__04,0,container,mug,bottom,after_direct_detail_gate,after_cleanup,0.15517769607843138,0.15517769607843138,0.0,0,0,unchanged_support_status,0
mug__04,0,container,mug,bottom,after_cleanup,after_root_restoration,0.15517769607843138,0.15517769607843138,0.0,0,0,unchanged_support_status,0
mug__04,0,container,mug,bottom,after_root_restoration,identity_supported_before_remainder,0.15517769607843138,0.15517769607843138,0.0,0,0,unchanged_support_status,0
mug__04,0,container,mug,bottom,identity_supported_before_remainder,identity_plus_eligible_remainder,0.15517769607843138,0.15517769607843138,0.0,0,0,unchanged_support_status,0
mug__04,0,container,mug,bottom,identity_plus_eligible_remainder,after_remainder_attachment_before_filter,0.15517769607843138,0.15517769607843138,0.0,0,0,unchanged_support_status,0
mug__04,0,container,mug,bottom,after_remainder_attachment_before_filter,final_hpid,0.15517769607843138,0.15517769607843138,0.0,0,0,unchanged_support_status,0
remote_control__02,2,device,remote_control,logo,input_pool,after_same_source_dedup,0.8484848484848485,0.8484848484848485,0.0,1,1,unchanged_support_status,0
remote_control__02,2,device,remote_control,logo,after_same_source_dedup,after_instance_cap,0.8484848484848485,0.8484848484848485,0.0,1,1,unchanged_support_status,0
remote_control__02,2,device,remote_control,logo,after_instance_cap,after_hierarchy_duplicate_filter,0.8484848484848485,0.8484848484848485,0.0,1,1,unchanged_support_status,0
remote_control__02,2,device,remote_control,logo,after_hierarchy_duplicate_filter,actual_semantic_argmax,0.8484848484848485,0.01680960548885077,-0.8316752429959977,1,0,lost,1
remote_control__02,2,device,remote_control,logo,actual_semantic_argmax,after_direct_detail_gate,0.01680960548885077,0.1111111111111111,0.09430150562226033,0,0,unchanged_support_status,0
remote_control__02,2,device,remote_control,logo,after_direct_detail_gate,after_cleanup,0.1111111111111111,0.015755627009646302,-0.0953554841014648,0,0,unchanged_support_status,0
remote_control__02,2,device,remote_control,logo,after_cleanup,after_root_restoration,0.015755627009646302,0.015755627009646302,0.0,0,0,unchanged_support_status,0
remote_control__02,2,device,remote_control,logo,after_root_restoration,identity_supported_before_remainder,0.015755627009646302,0.015755627009646302,0.0,0,0,unchanged_support_status,0
remote_control__02,2,device,remote_control,logo,identity_supported_before_remainder,identity_plus_eligible_remainder,0.015755627009646302,0.015755627009646302,0.0,0,0,unchanged_support_status,0
remote_control__02,2,device,remote_control,logo,identity_plus_eligible_remainder,after_remainder_attachment_before_filter,0.015755627009646302,0.015755627009646302,0.0,0,0,unchanged_support_status,0
remote_control__02,2,device,remote_control,logo,after_remainder_attachment_before_filter,final_hpid,0.015755627009646302,0.015755627009646302,0.0,0,0,unchanged_support_status,0
scissors__01,2,tool_prop,scissors,pivot,input_pool,after_same_source_dedup,0.8717439841230464,0.8717439841230464,0.0,1,1,unchanged_support_status,0
scissors__01,2,tool_prop,scissors,pivot,after_same_source_dedup,after_instance_cap,0.8717439841230464,0.8717439841230464,0.0,1,1,unchanged_support_status,0
scissors__01,2,tool_prop,scissors,pivot,after_instance_cap,after_hierarchy_duplicate_filter,0.8717439841230464,0.8717439841230464,0.0,1,1,unchanged_support_status,0
scissors__01,2,tool_prop,scissors,pivot,after_hierarchy_duplicate_filter,actual_semantic_argmax,0.8717439841230464,0.1091744930479172,-0.7625694910751293,1,0,lost,1
scissors__01,2,tool_prop,scissors,pivot,actual_semantic_argmax,after_direct_detail_gate,0.1091744930479172,0.10813151205340932,-0.0010429809945078777,0,0,unchanged_support_status,0
scissors__01,2,tool_prop,scissors,pivot,after_direct_detail_gate,after_cleanup,0.10813151205340932,0.10812547135554873,-6.040697860587585e-06,0,0,unchanged_support_status,0
scissors__01,2,tool_prop,scissors,pivot,after_cleanup,after_root_restoration,0.10812547135554873,0.10811339198435972,-1.2079371189008259e-05,0,0,unchanged_support_status,0
scissors__01,2,tool_prop,scissors,pivot,after_root_restoration,identity_supported_before_remainder,0.10811339198435972,0.14024346061879575,0.03213006863443603,0,0,unchanged_support_status,0
scissors__01,2,tool_prop,scissors,pivot,identity_supported_before_remainder,identity_plus_eligible_remainder,0.14024346061879575,0.14024346061879575,0.0,0,0,unchanged_support_status,0
scissors__01,2,tool_prop,scissors,pivot,identity_plus_eligible_remainder,after_remainder_attachment_before_filter,0.14024346061879575,0.14024346061879575,0.0,0,0,unchanged_support_status,0
scissors__01,2,tool_prop,scissors,pivot,after_remainder_attachment_before_filter,final_hpid,0.14024346061879575,0.14024346061879575,0.0,0,0,unchanged_support_status,0
scissors__03,1,tool_prop,scissors,blade,input_pool,after_same_source_dedup,0.5639830508474576,0.5639830508474576,0.0,1,1,unchanged_support_status,0
scissors__03,1,tool_prop,scissors,blade,after_same_source_dedup,after_instance_cap,0.5639830508474576,0.5639830508474576,0.0,1,1,unchanged_support_status,0
scissors__03,1,tool_prop,scissors,blade,after_instance_cap,after_hierarchy_duplicate_filter,0.5639830508474576,0.5639830508474576,0.0,1,1,unchanged_support_status,0
scissors__03,1,tool_prop,scissors,blade,after_hierarchy_duplicate_filter,actual_semantic_argmax,0.5639830508474576,0.005512679162072767,-0.5584703716853848,1,0,lost,1
scissors__03,1,tool_prop,scissors,blade,actual_semantic_argmax,after_direct_detail_gate,0.005512679162072767,0.013319011815252416,0.007806332653179649,0,0,unchanged_support_status,0
scissors__03,1,tool_prop,scissors,blade,after_direct_detail_gate,after_cleanup,0.013319011815252416,0.01333046656632982,1.1454751077404415e-05,0,0,unchanged_support_status,0
scissors__03,1,tool_prop,scissors,blade,after_cleanup,after_root_restoration,0.01333046656632982,0.01333046656632982,0.0,0,0,unchanged_support_status,0
scissors__03,1,tool_prop,scissors,blade,after_root_restoration,identity_supported_before_remainder,0.01333046656632982,0.013437364542696142,0.00010689797636632102,0,0,unchanged_support_status,0
scissors__03,1,tool_prop,scissors,blade,identity_supported_before_remainder,identity_plus_eligible_remainder,0.013437364542696142,0.013437364542696142,0.0,0,0,unchanged_support_status,0
scissors__03,1,tool_prop,scissors,blade,identity_plus_eligible_remainder,after_remainder_attachment_before_filter,0.013437364542696142,0.013437364542696142,0.0,0,0,unchanged_support_status,0
scissors__03,1,tool_prop,scissors,blade,after_remainder_attachment_before_filter,final_hpid,0.013437364542696142,0.013437364542696142,0.0,0,0,unchanged_support_status,0
scissors__03,3,tool_prop,scissors,finger_hole,input_pool,after_same_source_dedup,0.4861679329826612,0.4861679329826612,0.0,1,1,unchanged_support_status,0
scissors__03,3,tool_prop,scissors,finger_hole,after_same_source_dedup,after_instance_cap,0.4861679329826612,0.4861679329826612,0.0,1,1,unchanged_support_status,0
scissors__03,3,tool_prop,scissors,finger_hole,after_instance_cap,after_hierarchy_duplicate_filter,0.4861679329826612,0.4861679329826612,0.0,1,1,unchanged_support_status,0
scissors__03,3,tool_prop,scissors,finger_hole,after_hierarchy_duplicate_filter,actual_semantic_argmax,0.4861679329826612,0.054014817781337605,-0.4321531152013236,1,0,lost,1
scissors__03,3,tool_prop,scissors,finger_hole,actual_semantic_argmax,after_direct_detail_gate,0.054014817781337605,0.12785410941793654,0.07383929163659894,0,0,unchanged_support_status,0
scissors__03,3,tool_prop,scissors,finger_hole,after_direct_detail_gate,after_cleanup,0.12785410941793654,0.12765425930552085,-0.00019985011241568928,0,0,unchanged_support_status,0
scissors__03,3,tool_prop,scissors,finger_hole,after_cleanup,after_root_restoration,0.12765425930552085,0.12765425930552085,0.0,0,0,unchanged_support_status,0
scissors__03,3,tool_prop,scissors,finger_hole,after_root_restoration,identity_supported_before_remainder,0.12765425930552085,0.12765425930552085,0.0,0,0,unchanged_support_status,0
scissors__03,3,tool_prop,scissors,finger_hole,identity_supported_before_remainder,identity_plus_eligible_remainder,0.12765425930552085,0.12765425930552085,0.0,0,0,unchanged_support_status,0
scissors__03,3,tool_prop,scissors,finger_hole,identity_plus_eligible_remainder,after_remainder_attachment_before_filter,0.12765425930552085,0.12765425930552085,0.0,0,0,unchanged_support_status,0
scissors__03,3,tool_prop,scissors,finger_hole,after_remainder_attachment_before_filter,final_hpid,0.12765425930552085,0.12765425930552085,0.0,0,0,unchanged_support_status,0
soap__02,1,daily_object,soap,cap,input_pool,after_same_source_dedup,0.2931672837428475,0.2931672837428475,0.0,1,1,unchanged_support_status,0
soap__02,1,daily_object,soap,cap,after_same_source_dedup,after_instance_cap,0.2931672837428475,0.2931672837428475,0.0,1,1,unchanged_support_status,0
soap__02,1,daily_object,soap,cap,after_instance_cap,after_hierarchy_duplicate_filter,0.2931672837428475,0.2931672837428475,0.0,1,1,unchanged_support_status,0
soap__02,1,daily_object,soap,cap,after_hierarchy_duplicate_filter,actual_semantic_argmax,0.2931672837428475,0.28183581124757595,-0.011331472495271555,1,1,unchanged_support_status,1
soap__02,1,daily_object,soap,cap,actual_semantic_argmax,after_direct_detail_gate,0.28183581124757595,0.24981658107116655,-0.0320192301764094,1,0,lost,0
soap__02,1,daily_object,soap,cap,after_direct_detail_gate,after_cleanup,0.24981658107116655,0.25315985130111524,0.0033432702299486805,0,1,gained_or_recovered,0
soap__02,1,daily_object,soap,cap,after_cleanup,after_root_restoration,0.25315985130111524,0.24981658107116655,-0.0033432702299486805,1,0,lost,0
soap__02,1,daily_object,soap,cap,after_root_restoration,identity_supported_before_remainder,0.24981658107116655,0.24981658107116655,0.0,0,0,unchanged_support_status,0
soap__02,1,daily_object,soap,cap,identity_supported_before_remainder,identity_plus_eligible_remainder,0.24981658107116655,0.24981658107116655,0.0,0,0,unchanged_support_status,0
soap__02,1,daily_object,soap,cap,identity_plus_eligible_remainder,after_remainder_attachment_before_filter,0.24981658107116655,0.24981658107116655,0.0,0,0,unchanged_support_status,0
soap__02,1,daily_object,soap,cap,after_remainder_attachment_before_filter,final_hpid,0.24981658107116655,0.24981658107116655,0.0,0,0,unchanged_support_status,0
soap__02,4,daily_object,soap,label,input_pool,after_same_source_dedup,0.10698000701508242,0.10698000701508242,0.0,0,0,unchanged_support_status,0
soap__02,4,daily_object,soap,label,after_same_source_dedup,after_instance_cap,0.10698000701508242,0.10698000701508242,0.0,0,0,unchanged_support_status,0
soap__02,4,daily_object,soap,label,after_instance_cap,after_hierarchy_duplicate_filter,0.10698000701508242,0.10698000701508242,0.0,0,0,unchanged_support_status,0
soap__02,4,daily_object,soap,label,after_hierarchy_duplicate_filter,actual_semantic_argmax,0.10698000701508242,0.15239567233384854,0.04541566531876612,0,0,unchanged_support_status,1
soap__02,4,daily_object,soap,label,actual_semantic_argmax,after_direct_detail_gate,0.15239567233384854,0.1461121157323689,-0.00628355660147964,0,0,unchanged_support_status,0
soap__02,4,daily_object,soap,label,after_direct_detail_gate,after_cleanup,0.1461121157323689,0.14803957493587394,0.0019274592035050386,0,0,unchanged_support_status,0
soap__02,4,daily_object,soap,label,after_cleanup,after_root_restoration,0.14803957493587394,0.1461121157323689,-0.0019274592035050386,0,0,unchanged_support_status,0
soap__02,4,daily_object,soap,label,after_root_restoration,identity_supported_before_remainder,0.1461121157323689,0.1461121157323689,0.0,0,0,unchanged_support_status,0
soap__02,4,daily_object,soap,label,identity_supported_before_remainder,identity_plus_eligible_remainder,0.1461121157323689,0.1461121157323689,0.0,0,0,unchanged_support_status,0
soap__02,4,daily_object,soap,label,identity_plus_eligible_remainder,after_remainder_attachment_before_filter,0.1461121157323689,0.1461121157323689,0.0,0,0,unchanged_support_status,0
soap__02,4,daily_object,soap,label,after_remainder_attachment_before_filter,final_hpid,0.1461121157323689,0.1461121157323689,0.0,0,0,unchanged_support_status,0
table__04,1,furniture,table,drawer,input_pool,after_same_source_dedup,0.7877586966094232,0.7877586966094232,0.0,1,1,unchanged_support_status,0
table__04,1,furniture,table,drawer,after_same_source_dedup,after_instance_cap,0.7877586966094232,0.7877586966094232,0.0,1,1,unchanged_support_status,0
table__04,1,furniture,table,drawer,after_instance_cap,after_hierarchy_duplicate_filter,0.7877586966094232,0.7877586966094232,0.0,1,1,unchanged_support_status,0
table__04,1,furniture,table,drawer,after_hierarchy_duplicate_filter,actual_semantic_argmax,0.7877586966094232,0.032068654019873535,-0.7556900425895496,1,0,lost,1
table__04,1,furniture,table,drawer,actual_semantic_argmax,after_direct_detail_gate,0.032068654019873535,0.10774105930285197,0.07567240528297843,0,0,unchanged_support_status,0
table__04,1,furniture,table,drawer,after_direct_detail_gate,after_cleanup,0.10774105930285197,0.10774105930285197,0.0,0,0,unchanged_support_status,0
table__04,1,furniture,table,drawer,after_cleanup,after_root_restoration,0.10774105930285197,0.10774105930285197,0.0,0,0,unchanged_support_status,0
table__04,1,furniture,table,drawer,after_root_restoration,identity_supported_before_remainder,0.10774105930285197,0.10774105930285197,0.0,0,0,unchanged_support_status,0
table__04,1,furniture,table,drawer,identity_supported_before_remainder,identity_plus_eligible_remainder,0.10774105930285197,0.10774105930285197,0.0,0,0,unchanged_support_status,0
table__04,1,furniture,table,drawer,identity_plus_eligible_remainder,after_remainder_attachment_before_filter,0.10774105930285197,0.10774105930285197,0.0,0,0,unchanged_support_status,0
table__04,1,furniture,table,drawer,after_remainder_attachment_before_filter,final_hpid,0.10774105930285197,0.10774105930285197,0.0,0,0,unchanged_support_status,0
telephone__01,3,device,telephone,bezel,input_pool,after_same_source_dedup,0.6830985915492958,0.6830985915492958,0.0,1,1,unchanged_support_status,0
telephone__01,3,device,telephone,bezel,after_same_source_dedup,after_instance_cap,0.6830985915492958,0.6830985915492958,0.0,1,1,unchanged_support_status,0
telephone__01,3,device,telephone,bezel,after_instance_cap,after_hierarchy_duplicate_filter,0.6830985915492958,0.6830985915492958,0.0,1,1,unchanged_support_status,0
telephone__01,3,device,telephone,bezel,after_hierarchy_duplicate_filter,actual_semantic_argmax,0.6830985915492958,0.07103705327778996,-0.6120615382715058,1,0,lost,1
telephone__01,3,device,telephone,bezel,actual_semantic_argmax,after_direct_detail_gate,0.07103705327778996,0.07103705327778996,0.0,0,0,unchanged_support_status,0
telephone__01,3,device,telephone,bezel,after_direct_detail_gate,after_cleanup,0.07103705327778996,0.07016393442622951,-0.0008731188515604532,0,0,unchanged_support_status,0
telephone__01,3,device,telephone,bezel,after_cleanup,after_root_restoration,0.07016393442622951,0.07016393442622951,0.0,0,0,unchanged_support_status,0
telephone__01,3,device,telephone,bezel,after_root_restoration,identity_supported_before_remainder,0.07016393442622951,0.06994535519125683,-0.00021857923497267673,0,0,unchanged_support_status,0
telephone__01,3,device,telephone,bezel,identity_supported_before_remainder,identity_plus_eligible_remainder,0.06994535519125683,0.06994535519125683,0.0,0,0,unchanged_support_status,0
telephone__01,3,device,telephone,bezel,identity_plus_eligible_remainder,after_remainder_attachment_before_filter,0.06994535519125683,0.06994535519125683,0.0,0,0,unchanged_support_status,0
telephone__01,3,device,telephone,bezel,after_remainder_attachment_before_filter,final_hpid,0.06994535519125683,0.06994535519125683,0.0,0,0,unchanged_support_status,0
television_set__01,1,device,television_set,top_panel,input_pool,after_same_source_dedup,0.4120555152394775,0.4120555152394775,0.0,1,1,unchanged_support_status,0
television_set__01,1,device,television_set,top_panel,after_same_source_dedup,after_instance_cap,0.4120555152394775,0.4120555152394775,0.0,1,1,unchanged_support_status,0
television_set__01,1,device,television_set,top_panel,after_instance_cap,after_hierarchy_duplicate_filter,0.4120555152394775,0.4120555152394775,0.0,1,1,unchanged_support_status,0
television_set__01,1,device,television_set,top_panel,after_hierarchy_duplicate_filter,actual_semantic_argmax,0.4120555152394775,0.0,-0.4120555152394775,1,0,lost,1
television_set__01,1,device,television_set,top_panel,actual_semantic_argmax,after_direct_detail_gate,0.0,0.009876543209876543,0.009876543209876543,0,0,unchanged_support_status,0
television_set__01,1,device,television_set,top_panel,after_direct_detail_gate,after_cleanup,0.009876543209876543,0.009876543209876543,0.0,0,0,unchanged_support_status,0
television_set__01,1,device,television_set,top_panel,after_cleanup,after_root_restoration,0.009876543209876543,0.009876543209876543,0.0,0,0,unchanged_support_status,0
television_set__01,1,device,television_set,top_panel,after_root_restoration,identity_supported_before_remainder,0.009876543209876543,0.009876543209876543,0.0,0,0,unchanged_support_status,0
television_set__01,1,device,television_set,top_panel,identity_supported_before_remainder,identity_plus_eligible_remainder,0.009876543209876543,0.009876543209876543,0.0,0,0,unchanged_support_status,0
television_set__01,1,device,television_set,top_panel,identity_plus_eligible_remainder,after_remainder_attachment_before_filter,0.009876543209876543,0.009876543209876543,0.0,0,0,unchanged_support_status,0
television_set__01,1,device,television_set,top_panel,after_remainder_attachment_before_filter,final_hpid,0.009876543209876543,0.0,-0.009876543209876543,0,0,unchanged_support_status,0
television_set__02,1,device,television_set,top_panel,input_pool,after_same_source_dedup,0.368270629806693,0.368270629806693,0.0,1,1,unchanged_support_status,0
television_set__02,1,device,television_set,top_panel,after_same_source_dedup,after_instance_cap,0.368270629806693,0.368270629806693,0.0,1,1,unchanged_support_status,0
television_set__02,1,device,television_set,top_panel,after_instance_cap,after_hierarchy_duplicate_filter,0.368270629806693,0.368270629806693,0.0,1,1,unchanged_support_status,0
television_set__02,1,device,television_set,top_panel,after_hierarchy_duplicate_filter,actual_semantic_argmax,0.368270629806693,0.16086576066574995,-0.20740486914094305,1,0,lost,1
television_set__02,1,device,television_set,top_panel,actual_semantic_argmax,after_direct_detail_gate,0.16086576066574995,0.16107574565481725,0.00020998498906729668,0,0,unchanged_support_status,0
television_set__02,1,device,television_set,top_panel,after_direct_detail_gate,after_cleanup,0.16107574565481725,0.16061908243139633,-0.0004566632234209167,0,0,unchanged_support_status,0
television_set__02,1,device,television_set,top_panel,after_cleanup,after_root_restoration,0.16061908243139633,0.16061908243139633,0.0,0,0,unchanged_support_status,0
television_set__02,1,device,television_set,top_panel,after_root_restoration,identity_supported_before_remainder,0.16061908243139633,0.16076527698458024,0.00014619455318390373,0,0,unchanged_support_status,0
television_set__02,1,device,television_set,top_panel,identity_supported_before_remainder,identity_plus_eligible_remainder,0.16076527698458024,0.16076527698458024,0.0,0,0,unchanged_support_status,0
television_set__02,1,device,television_set,top_panel,identity_plus_eligible_remainder,after_remainder_attachment_before_filter,0.16076527698458024,0.16076527698458024,0.0,0,0,unchanged_support_status,0
television_set__02,1,device,television_set,top_panel,after_remainder_attachment_before_filter,final_hpid,0.16076527698458024,0.16076527698458024,0.0,0,0,unchanged_support_status,0
television_set__02,2,device,television_set,side_panel,input_pool,after_same_source_dedup,0.2919823404371287,0.2919823404371287,0.0,1,1,unchanged_support_status,0
television_set__02,2,device,television_set,side_panel,after_same_source_dedup,after_instance_cap,0.2919823404371287,0.2919823404371287,0.0,1,1,unchanged_support_status,0
television_set__02,2,device,television_set,side_panel,after_instance_cap,after_hierarchy_duplicate_filter,0.2919823404371287,0.2919823404371287,0.0,1,1,unchanged_support_status,0
television_set__02,2,device,television_set,side_panel,after_hierarchy_duplicate_filter,actual_semantic_argmax,0.2919823404371287,0.19434253385907765,-0.09763980657805102,1,0,lost,1
television_set__02,2,device,television_set,side_panel,actual_semantic_argmax,after_direct_detail_gate,0.19434253385907765,0.1945860583277546,0.00024352446867695332,0,0,unchanged_support_status,0
television_set__02,2,device,television_set,side_panel,after_direct_detail_gate,after_cleanup,0.1945860583277546,0.1955914365540529,0.0010053782262982869,0,0,unchanged_support_status,0
television_set__02,2,device,television_set,side_panel,after_cleanup,after_root_restoration,0.1955914365540529,0.1955914365540529,0.0,0,0,unchanged_support_status,0
television_set__02,2,device,television_set,side_panel,after_root_restoration,identity_supported_before_remainder,0.1955914365540529,0.19576256647795506,0.00017112992390216908,0,0,unchanged_support_status,0
television_set__02,2,device,television_set,side_panel,identity_supported_before_remainder,identity_plus_eligible_remainder,0.19576256647795506,0.19576256647795506,0.0,0,0,unchanged_support_status,0
television_set__02,2,device,television_set,side_panel,identity_plus_eligible_remainder,after_remainder_attachment_before_filter,0.19576256647795506,0.19576256647795506,0.0,0,0,unchanged_support_status,0
television_set__02,2,device,television_set,side_panel,after_remainder_attachment_before_filter,final_hpid,0.19576256647795506,0.19576256647795506,0.0,0,0,unchanged_support_status,0
television_set__03,2,device,television_set,top_panel,input_pool,after_same_source_dedup,0.1815327337564761,0.1815327337564761,0.0,0,0,unchanged_support_status,0
television_set__03,2,device,television_set,top_panel,after_same_source_dedup,after_instance_cap,0.1815327337564761,0.1815327337564761,0.0,0,0,unchanged_support_status,0
television_set__03,2,device,television_set,top_panel,after_instance_cap,after_hierarchy_duplicate_filter,0.1815327337564761,0.1815327337564761,0.0,0,0,unchanged_support_status,0
television_set__03,2,device,television_set,top_panel,after_hierarchy_duplicate_filter,actual_semantic_argmax,0.1815327337564761,0.0,-0.1815327337564761,0,0,unchanged_support_status,1
television_set__03,2,device,television_set,top_panel,actual_semantic_argmax,after_direct_detail_gate,0.0,0.0,0.0,0,0,unchanged_support_status,0
television_set__03,2,device,television_set,top_panel,after_direct_detail_gate,after_cleanup,0.0,0.0,0.0,0,0,unchanged_support_status,0
television_set__03,2,device,television_set,top_panel,after_cleanup,after_root_restoration,0.0,0.0,0.0,0,0,unchanged_support_status,0
television_set__03,2,device,television_set,top_panel,after_root_restoration,identity_supported_before_remainder,0.0,0.0,0.0,0,0,unchanged_support_status,0
television_set__03,2,device,television_set,top_panel,identity_supported_before_remainder,identity_plus_eligible_remainder,0.0,0.0,0.0,0,0,unchanged_support_status,0
television_set__03,2,device,television_set,top_panel,identity_plus_eligible_remainder,after_remainder_attachment_before_filter,0.0,0.0,0.0,0,0,unchanged_support_status,0
television_set__03,2,device,television_set,top_panel,after_remainder_attachment_before_filter,final_hpid,0.0,0.0,0.0,0,0,unchanged_support_status,0
towel__02,2,daily_object,towel,terry_bar,input_pool,after_same_source_dedup,0.3902493321460374,0.3902493321460374,0.0,1,1,unchanged_support_status,0
towel__02,2,daily_object,towel,terry_bar,after_same_source_dedup,after_instance_cap,0.3902493321460374,0.3902493321460374,0.0,1,1,unchanged_support_status,0
towel__02,2,daily_object,towel,terry_bar,after_instance_cap,after_hierarchy_duplicate_filter,0.3902493321460374,0.3902493321460374,0.0,1,1,unchanged_support_status,0
towel__02,2,daily_object,towel,terry_bar,after_hierarchy_duplicate_filter,actual_semantic_argmax,0.3902493321460374,0.2287330773893716,-0.1615162547566658,1,0,lost,1
towel__02,2,daily_object,towel,terry_bar,actual_semantic_argmax,after_direct_detail_gate,0.2287330773893716,0.23225152129817445,0.0035184439088028485,0,0,unchanged_support_status,0
towel__02,2,daily_object,towel,terry_bar,after_direct_detail_gate,after_cleanup,0.23225152129817445,0.23597025016903314,0.003718728870858695,0,0,unchanged_support_status,0
towel__02,2,daily_object,towel,terry_bar,after_cleanup,after_root_restoration,0.23597025016903314,0.23597025016903314,0.0,0,0,unchanged_support_status,0
towel__02,2,daily_object,towel,terry_bar,after_root_restoration,identity_supported_before_remainder,0.23597025016903314,0.23597025016903314,0.0,0,0,unchanged_support_status,0
towel__02,2,daily_object,towel,terry_bar,identity_supported_before_remainder,identity_plus_eligible_remainder,0.23597025016903314,0.23597025016903314,0.0,0,0,unchanged_support_status,0
towel__02,2,daily_object,towel,terry_bar,identity_plus_eligible_remainder,after_remainder_attachment_before_filter,0.23597025016903314,0.23597025016903314,0.0,0,0,unchanged_support_status,0
towel__02,2,daily_object,towel,terry_bar,after_remainder_attachment_before_filter,final_hpid,0.23597025016903314,0.23597025016903314,0.0,0,0,unchanged_support_status,0
trash_can__01,3,container,trash_can,label,input_pool,after_same_source_dedup,0.9041731066460588,0.9041731066460588,0.0,1,1,unchanged_support_status,0
trash_can__01,3,container,trash_can,label,after_same_source_dedup,after_instance_cap,0.9041731066460588,0.9041731066460588,0.0,1,1,unchanged_support_status,0
trash_can__01,3,container,trash_can,label,after_instance_cap,after_hierarchy_duplicate_filter,0.9041731066460588,0.9041731066460588,0.0,1,1,unchanged_support_status,0
trash_can__01,3,container,trash_can,label,after_hierarchy_duplicate_filter,actual_semantic_argmax,0.9041731066460588,0.05531434525877041,-0.8488587613872883,1,0,lost,1
trash_can__01,3,container,trash_can,label,actual_semantic_argmax,after_direct_detail_gate,0.05531434525877041,0.05570616528202886,0.0003918200232584518,0,0,unchanged_support_status,0
trash_can__01,3,container,trash_can,label,after_direct_detail_gate,after_cleanup,0.05570616528202886,0.05607888018311471,0.000372714901085848,0,0,unchanged_support_status,0
trash_can__01,3,container,trash_can,label,after_cleanup,after_root_restoration,0.05607888018311471,0.05596064306421857,-0.0001182371188961362,0,0,unchanged_support_status,0
trash_can__01,3,container,trash_can,label,after_root_restoration,identity_supported_before_remainder,0.05596064306421857,0.05596064306421857,0.0,0,0,unchanged_support_status,0
trash_can__01,3,container,trash_can,label,identity_supported_before_remainder,identity_plus_eligible_remainder,0.05596064306421857,0.05596064306421857,0.0,0,0,unchanged_support_status,0
trash_can__01,3,container,trash_can,label,identity_plus_eligible_remainder,after_remainder_attachment_before_filter,0.05596064306421857,0.05596064306421857,0.0,0,0,unchanged_support_status,0
trash_can__01,3,container,trash_can,label,after_remainder_attachment_before_filter,final_hpid,0.05596064306421857,0.05596064306421857,0.0,0,0,unchanged_support_status,0
trash_can__04,0,container,trash_can,opening,input_pool,after_same_source_dedup,0.5188253012048193,0.5188253012048193,0.0,1,1,unchanged_support_status,0
trash_can__04,0,container,trash_can,opening,after_same_source_dedup,after_instance_cap,0.5188253012048193,0.5188253012048193,0.0,1,1,unchanged_support_status,0
trash_can__04,0,container,trash_can,opening,after_instance_cap,after_hierarchy_duplicate_filter,0.5188253012048193,0.5188253012048193,0.0,1,1,unchanged_support_status,0
trash_can__04,0,container,trash_can,opening,after_hierarchy_duplicate_filter,actual_semantic_argmax,0.5188253012048193,0.22794318492215243,-0.29088211628266686,1,0,lost,1
trash_can__04,0,container,trash_can,opening,actual_semantic_argmax,after_direct_detail_gate,0.22794318492215243,0.22794318492215243,0.0,0,0,unchanged_support_status,0
trash_can__04,0,container,trash_can,opening,after_direct_detail_gate,after_cleanup,0.22794318492215243,0.22794318492215243,0.0,0,0,unchanged_support_status,0
trash_can__04,0,container,trash_can,opening,after_cleanup,after_root_restoration,0.22794318492215243,0.22794318492215243,0.0,0,0,unchanged_support_status,0
trash_can__04,0,container,trash_can,opening,after_root_restoration,identity_supported_before_remainder,0.22794318492215243,0.22794318492215243,0.0,0,0,unchanged_support_status,0
trash_can__04,0,container,trash_can,opening,identity_supported_before_remainder,identity_plus_eligible_remainder,0.22794318492215243,0.22794318492215243,0.0,0,0,unchanged_support_status,0
trash_can__04,0,container,trash_can,opening,identity_plus_eligible_remainder,after_remainder_attachment_before_filter,0.22794318492215243,0.22794318492215243,0.0,0,0,unchanged_support_status,0
trash_can__04,0,container,trash_can,opening,after_remainder_attachment_before_filter,final_hpid,0.22794318492215243,0.22794318492215243,0.0,0,0,unchanged_support_status,0
tray__01,1,container,tray,outer_side,input_pool,after_same_source_dedup,0.16852107243869943,0.16852107243869943,0.0,0,0,unchanged_support_status,0
tray__01,1,container,tray,outer_side,after_same_source_dedup,after_instance_cap,0.16852107243869943,0.16852107243869943,0.0,0,0,unchanged_support_status,0
tray__01,1,container,tray,outer_side,after_instance_cap,after_hierarchy_duplicate_filter,0.16852107243869943,0.16852107243869943,0.0,0,0,unchanged_support_status,0
tray__01,1,container,tray,outer_side,after_hierarchy_duplicate_filter,actual_semantic_argmax,0.16852107243869943,0.19998335668021247,0.03146228424151304,0,0,unchanged_support_status,1
tray__01,1,container,tray,outer_side,actual_semantic_argmax,after_direct_detail_gate,0.19998335668021247,0.2281740066146567,0.02819064993444423,0,0,unchanged_support_status,0
tray__01,1,container,tray,outer_side,after_direct_detail_gate,after_cleanup,0.2281740066146567,0.22810181450018194,-7.21921144747617e-05,0,0,unchanged_support_status,0
tray__01,1,container,tray,outer_side,after_cleanup,after_root_restoration,0.22810181450018194,0.22810181450018194,0.0,0,0,unchanged_support_status,0
tray__01,1,container,tray,outer_side,after_root_restoration,identity_supported_before_remainder,0.22810181450018194,0.22810181450018194,0.0,0,0,unchanged_support_status,0
tray__01,1,container,tray,outer_side,identity_supported_before_remainder,identity_plus_eligible_remainder,0.22810181450018194,0.22810181450018194,0.0,0,0,unchanged_support_status,0
tray__01,1,container,tray,outer_side,identity_plus_eligible_remainder,after_remainder_attachment_before_filter,0.22810181450018194,0.22810181450018194,0.0,0,0,unchanged_support_status,0
tray__01,1,container,tray,outer_side,after_remainder_attachment_before_filter,final_hpid,0.22810181450018194,0.22810181450018194,0.0,0,0,unchanged_support_status,0
tray__01,2,container,tray,inner_wall,input_pool,after_same_source_dedup,0.34844668345927793,0.34844668345927793,0.0,1,1,unchanged_support_status,0
tray__01,2,container,tray,inner_wall,after_same_source_dedup,after_instance_cap,0.34844668345927793,0.34844668345927793,0.0,1,1,unchanged_support_status,0
tray__01,2,container,tray,inner_wall,after_instance_cap,after_hierarchy_duplicate_filter,0.34844668345927793,0.34844668345927793,0.0,1,1,unchanged_support_status,0
tray__01,2,container,tray,inner_wall,after_hierarchy_duplicate_filter,actual_semantic_argmax,0.34844668345927793,0.13839825792402613,-0.2100484255352518,1,0,lost,1
tray__01,2,container,tray,inner_wall,actual_semantic_argmax,after_direct_detail_gate,0.13839825792402613,0.215551410585218,0.07715315266119188,0,0,unchanged_support_status,0
tray__01,2,container,tray,inner_wall,after_direct_detail_gate,after_cleanup,0.215551410585218,0.215551410585218,0.0,0,0,unchanged_support_status,0
tray__01,2,container,tray,inner_wall,after_cleanup,after_root_restoration,0.215551410585218,0.215551410585218,0.0,0,0,unchanged_support_status,0
tray__01,2,container,tray,inner_wall,after_root_restoration,identity_supported_before_remainder,0.215551410585218,0.215551410585218,0.0,0,0,unchanged_support_status,0
tray__01,2,container,tray,inner_wall,identity_supported_before_remainder,identity_plus_eligible_remainder,0.215551410585218,0.215551410585218,0.0,0,0,unchanged_support_status,0
tray__01,2,container,tray,inner_wall,identity_plus_eligible_remainder,after_remainder_attachment_before_filter,0.215551410585218,0.215551410585218,0.0,0,0,unchanged_support_status,0
tray__01,2,container,tray,inner_wall,after_remainder_attachment_before_filter,final_hpid,0.215551410585218,0.215551410585218,0.0,0,0,unchanged_support_status,0
vase__02,2,container,vase,neck,input_pool,after_same_source_dedup,0.25142546836817814,0.25142546836817814,0.0,1,1,unchanged_support_status,0
vase__02,2,container,vase,neck,after_same_source_dedup,after_instance_cap,0.25142546836817814,0.25142546836817814,0.0,1,1,unchanged_support_status,0
vase__02,2,container,vase,neck,after_instance_cap,after_hierarchy_duplicate_filter,0.25142546836817814,0.25142546836817814,0.0,1,1,unchanged_support_status,0
vase__02,2,container,vase,neck,after_hierarchy_duplicate_filter,actual_semantic_argmax,0.25142546836817814,0.11202076677316294,-0.1394047015950152,1,0,lost,1
vase__02,2,container,vase,neck,actual_semantic_argmax,after_direct_detail_gate,0.11202076677316294,0.11373121869782972,0.0017104519246667754,0,0,unchanged_support_status,0
vase__02,2,container,vase,neck,after_direct_detail_gate,after_cleanup,0.11373121869782972,0.11405890954668894,0.0003276908488592245,0,0,unchanged_support_status,0
vase__02,2,container,vase,neck,after_cleanup,after_root_restoration,0.11405890954668894,0.11403508771929824,-2.382182739070482e-05,0,0,unchanged_support_status,0
vase__02,2,container,vase,neck,after_root_restoration,identity_supported_before_remainder,0.11403508771929824,0.11403508771929824,0.0,0,0,unchanged_support_status,0
vase__02,2,container,vase,neck,identity_supported_before_remainder,identity_plus_eligible_remainder,0.11403508771929824,0.11403508771929824,0.0,0,0,unchanged_support_status,0
vase__02,2,container,vase,neck,identity_plus_eligible_remainder,after_remainder_attachment_before_filter,0.11403508771929824,0.11403508771929824,0.0,0,0,unchanged_support_status,0
vase__02,2,container,vase,neck,after_remainder_attachment_before_filter,final_hpid,0.11403508771929824,0.11403508771929824,0.0,0,0,unchanged_support_status,0
wallet__01,0,daily_object,wallet,flap,input_pool,after_same_source_dedup,0.2861593235425011,0.2861593235425011,0.0,1,1,unchanged_support_status,0
wallet__01,0,daily_object,wallet,flap,after_same_source_dedup,after_instance_cap,0.2861593235425011,0.2861593235425011,0.0,1,1,unchanged_support_status,0
wallet__01,0,daily_object,wallet,flap,after_instance_cap,after_hierarchy_duplicate_filter,0.2861593235425011,0.2861593235425011,0.0,1,1,unchanged_support_status,0
wallet__01,0,daily_object,wallet,flap,after_hierarchy_duplicate_filter,actual_semantic_argmax,0.2861593235425011,0.18592830390583198,-0.10023101963666914,1,0,lost,1
wallet__01,0,daily_object,wallet,flap,actual_semantic_argmax,after_direct_detail_gate,0.18592830390583198,0.17531718569780855,-0.010611118208023435,0,0,unchanged_support_status,0
wallet__01,0,daily_object,wallet,flap,after_direct_detail_gate,after_cleanup,0.17531718569780855,0.17587503615851896,0.0005578504607104129,0,0,unchanged_support_status,0
wallet__01,0,daily_object,wallet,flap,after_cleanup,after_root_restoration,0.17587503615851896,0.17587503615851896,0.0,0,0,unchanged_support_status,0
wallet__01,0,daily_object,wallet,flap,after_root_restoration,identity_supported_before_remainder,0.17587503615851896,0.17587503615851896,0.0,0,0,unchanged_support_status,0
wallet__01,0,daily_object,wallet,flap,identity_supported_before_remainder,identity_plus_eligible_remainder,0.17587503615851896,0.17587503615851896,0.0,0,0,unchanged_support_status,0
wallet__01,0,daily_object,wallet,flap,identity_plus_eligible_remainder,after_remainder_attachment_before_filter,0.17587503615851896,0.17587503615851896,0.0,0,0,unchanged_support_status,0
wallet__01,0,daily_object,wallet,flap,after_remainder_attachment_before_filter,final_hpid,0.17587503615851896,0.17587503615851896,0.0,0,0,unchanged_support_status,0
wallet__01,1,daily_object,wallet,inner,input_pool,after_same_source_dedup,0.20474137931034483,0.20474137931034483,0.0,0,0,unchanged_support_status,0
wallet__01,1,daily_object,wallet,inner,after_same_source_dedup,after_instance_cap,0.20474137931034483,0.20474137931034483,0.0,0,0,unchanged_support_status,0
wallet__01,1,daily_object,wallet,inner,after_instance_cap,after_hierarchy_duplicate_filter,0.20474137931034483,0.20474137931034483,0.0,0,0,unchanged_support_status,0
wallet__01,1,daily_object,wallet,inner,after_hierarchy_duplicate_filter,actual_semantic_argmax,0.20474137931034483,0.18168389955686853,-0.0230574797534763,0,0,unchanged_support_status,1
wallet__01,1,daily_object,wallet,inner,actual_semantic_argmax,after_direct_detail_gate,0.18168389955686853,0.188265306122449,0.0065814065655804554,0,0,unchanged_support_status,0
wallet__01,1,daily_object,wallet,inner,after_direct_detail_gate,after_cleanup,0.188265306122449,0.18730964467005076,-0.0009556614523982265,0,0,unchanged_support_status,0
wallet__01,1,daily_object,wallet,inner,after_cleanup,after_root_restoration,0.18730964467005076,0.18730964467005076,0.0,0,0,unchanged_support_status,0
wallet__01,1,daily_object,wallet,inner,after_root_restoration,identity_supported_before_remainder,0.18730964467005076,0.188265306122449,0.0009556614523982265,0,0,unchanged_support_status,0
wallet__01,1,daily_object,wallet,inner,identity_supported_before_remainder,identity_plus_eligible_remainder,0.188265306122449,0.188265306122449,0.0,0,0,unchanged_support_status,0
wallet__01,1,daily_object,wallet,inner,identity_plus_eligible_remainder,after_remainder_attachment_before_filter,0.188265306122449,0.188265306122449,0.0,0,0,unchanged_support_status,0
wallet__01,1,daily_object,wallet,inner,after_remainder_attachment_before_filter,final_hpid,0.188265306122449,0.188265306122449,0.0,0,0,unchanged_support_status,0
