cohort,group_by,group,method,threshold,n_all,n_unique,wrong_unique,wrong_unique_over_all,wrong_unique_given_unique,sparse_n_lt_10
old37,domain,container,raw_proposals,025,10,6,3,0.3,0.5,False
old37,domain,container,raw_proposals,050,10,6,5,0.5,0.8333333333333334,False
old37,domain,container,greedy_nms,025,10,5,1,0.1,0.2,False
old37,domain,container,greedy_nms,050,10,5,4,0.4,0.8,False
old37,domain,container,dbscan_fusion,025,10,6,2,0.2,0.3333333333333333,False
old37,domain,container,dbscan_fusion,050,10,6,5,0.5,0.8333333333333334,False
old37,domain,container,local_pairwise_crf,025,10,3,2,0.2,0.6666666666666666,False
old37,domain,container,local_pairwise_crf,050,10,3,2,0.2,0.6666666666666666,False
old37,domain,container,hpid_split_group_ids,025,10,6,2,0.2,0.3333333333333333,False
old37,domain,container,hpid_split_group_ids,050,10,6,5,0.5,0.8333333333333334,False
old37,domain,daily_object,raw_proposals,025,3,1,0,0.0,0.0,True
old37,domain,daily_object,raw_proposals,050,3,1,1,0.3333333333333333,1.0,True
old37,domain,daily_object,greedy_nms,025,3,0,0,0.0,,True
old37,domain,daily_object,greedy_nms,050,3,0,0,0.0,,True
old37,domain,daily_object,dbscan_fusion,025,3,1,0,0.0,0.0,True
old37,domain,daily_object,dbscan_fusion,050,3,1,1,0.3333333333333333,1.0,True
old37,domain,daily_object,local_pairwise_crf,025,3,0,0,0.0,,True
old37,domain,daily_object,local_pairwise_crf,050,3,0,0,0.0,,True
old37,domain,daily_object,hpid_split_group_ids,025,3,1,1,0.3333333333333333,1.0,True
old37,domain,daily_object,hpid_split_group_ids,050,3,1,1,0.3333333333333333,1.0,True
old37,domain,device,raw_proposals,025,8,3,1,0.125,0.3333333333333333,True
old37,domain,device,raw_proposals,050,8,3,3,0.375,1.0,True
old37,domain,device,greedy_nms,025,8,4,2,0.25,0.5,True
old37,domain,device,greedy_nms,050,8,4,3,0.375,0.75,True
old37,domain,device,dbscan_fusion,025,8,5,2,0.25,0.4,True
old37,domain,device,dbscan_fusion,050,8,5,4,0.5,0.8,True
old37,domain,device,local_pairwise_crf,025,8,1,0,0.0,0.0,True
old37,domain,device,local_pairwise_crf,050,8,1,1,0.125,1.0,True
old37,domain,device,hpid_split_group_ids,025,8,5,1,0.125,0.2,True
old37,domain,device,hpid_split_group_ids,050,8,5,3,0.375,0.6,True
old37,domain,furniture,raw_proposals,025,4,0,0,0.0,,True
old37,domain,furniture,raw_proposals,050,4,0,0,0.0,,True
old37,domain,furniture,greedy_nms,025,4,1,0,0.0,0.0,True
old37,domain,furniture,greedy_nms,050,4,1,0,0.0,0.0,True
old37,domain,furniture,dbscan_fusion,025,4,1,0,0.0,0.0,True
old37,domain,furniture,dbscan_fusion,050,4,1,0,0.0,0.0,True
old37,domain,furniture,local_pairwise_crf,025,4,0,0,0.0,,True
old37,domain,furniture,local_pairwise_crf,050,4,0,0,0.0,,True
old37,domain,furniture,hpid_split_group_ids,025,4,1,0,0.0,0.0,True
old37,domain,furniture,hpid_split_group_ids,050,4,1,0,0.0,0.0,True
old37,domain,tool_prop,raw_proposals,025,8,2,1,0.125,0.5,True
old37,domain,tool_prop,raw_proposals,050,8,2,1,0.125,0.5,True
old37,domain,tool_prop,greedy_nms,025,8,3,1,0.125,0.3333333333333333,True
old37,domain,tool_prop,greedy_nms,050,8,3,1,0.125,0.3333333333333333,True
old37,domain,tool_prop,dbscan_fusion,025,8,4,1,0.125,0.25,True
old37,domain,tool_prop,dbscan_fusion,050,8,4,1,0.125,0.25,True
old37,domain,tool_prop,local_pairwise_crf,025,8,3,1,0.125,0.3333333333333333,True
old37,domain,tool_prop,local_pairwise_crf,050,8,3,1,0.125,0.3333333333333333,True
old37,domain,tool_prop,hpid_split_group_ids,025,8,4,1,0.125,0.25,True
old37,domain,tool_prop,hpid_split_group_ids,050,8,4,1,0.125,0.25,True
old37,domain,vehicle,raw_proposals,025,4,2,0,0.0,0.0,True
old37,domain,vehicle,raw_proposals,050,4,2,2,0.5,1.0,True
old37,domain,vehicle,greedy_nms,025,4,0,0,0.0,,True
old37,domain,vehicle,greedy_nms,050,4,0,0,0.0,,True
old37,domain,vehicle,dbscan_fusion,025,4,2,0,0.0,0.0,True
old37,domain,vehicle,dbscan_fusion,050,4,2,2,0.5,1.0,True
old37,domain,vehicle,local_pairwise_crf,025,4,2,0,0.0,0.0,True
old37,domain,vehicle,local_pairwise_crf,050,4,2,2,0.5,1.0,True
old37,domain,vehicle,hpid_split_group_ids,025,4,3,1,0.25,0.3333333333333333,True
old37,domain,vehicle,hpid_split_group_ids,050,4,3,3,0.75,1.0,True
old37,object_category,bench,raw_proposals,025,1,0,0,0.0,,True
old37,object_category,bench,raw_proposals,050,1,0,0,0.0,,True
old37,object_category,bench,greedy_nms,025,1,1,0,0.0,0.0,True
old37,object_category,bench,greedy_nms,050,1,1,0,0.0,0.0,True
old37,object_category,bench,dbscan_fusion,025,1,1,0,0.0,0.0,True
old37,object_category,bench,dbscan_fusion,050,1,1,0,0.0,0.0,True
old37,object_category,bench,local_pairwise_crf,025,1,0,0,0.0,,True
old37,object_category,bench,local_pairwise_crf,050,1,0,0,0.0,,True
old37,object_category,bench,hpid_split_group_ids,025,1,1,0,0.0,0.0,True
old37,object_category,bench,hpid_split_group_ids,050,1,1,0,0.0,0.0,True
old37,object_category,bicycle,raw_proposals,025,2,1,0,0.0,0.0,True
old37,object_category,bicycle,raw_proposals,050,2,1,1,0.5,1.0,True
old37,object_category,bicycle,greedy_nms,025,2,0,0,0.0,,True
old37,object_category,bicycle,greedy_nms,050,2,0,0,0.0,,True
old37,object_category,bicycle,dbscan_fusion,025,2,1,0,0.0,0.0,True
old37,object_category,bicycle,dbscan_fusion,050,2,1,1,0.5,1.0,True
old37,object_category,bicycle,local_pairwise_crf,025,2,1,0,0.0,0.0,True
old37,object_category,bicycle,local_pairwise_crf,050,2,1,1,0.5,1.0,True
old37,object_category,bicycle,hpid_split_group_ids,025,2,1,0,0.0,0.0,True
old37,object_category,bicycle,hpid_split_group_ids,050,2,1,1,0.5,1.0,True
old37,object_category,book,raw_proposals,025,1,0,0,0.0,,True
old37,object_category,book,raw_proposals,050,1,0,0,0.0,,True
old37,object_category,book,greedy_nms,025,1,0,0,0.0,,True
old37,object_category,book,greedy_nms,050,1,0,0,0.0,,True
old37,object_category,book,dbscan_fusion,025,1,0,0,0.0,,True
old37,object_category,book,dbscan_fusion,050,1,0,0,0.0,,True
old37,object_category,book,local_pairwise_crf,025,1,0,0,0.0,,True
old37,object_category,book,local_pairwise_crf,050,1,0,0,0.0,,True
old37,object_category,book,hpid_split_group_ids,025,1,0,0,0.0,,True
old37,object_category,book,hpid_split_group_ids,050,1,0,0,0.0,,True
old37,object_category,bottle,raw_proposals,025,1,1,1,1.0,1.0,True
old37,object_category,bottle,raw_proposals,050,1,1,1,1.0,1.0,True
old37,object_category,bottle,greedy_nms,025,1,1,1,1.0,1.0,True
old37,object_category,bottle,greedy_nms,050,1,1,1,1.0,1.0,True
old37,object_category,bottle,dbscan_fusion,025,1,1,1,1.0,1.0,True
old37,object_category,bottle,dbscan_fusion,050,1,1,1,1.0,1.0,True
old37,object_category,bottle,local_pairwise_crf,025,1,0,0,0.0,,True
old37,object_category,bottle,local_pairwise_crf,050,1,0,0,0.0,,True
old37,object_category,bottle,hpid_split_group_ids,025,1,1,1,1.0,1.0,True
old37,object_category,bottle,hpid_split_group_ids,050,1,1,1,1.0,1.0,True
old37,object_category,bowl,raw_proposals,025,1,1,0,0.0,0.0,True
old37,object_category,bowl,raw_proposals,050,1,1,1,1.0,1.0,True
old37,object_category,bowl,greedy_nms,025,1,1,0,0.0,0.0,True
old37,object_category,bowl,greedy_nms,050,1,1,1,1.0,1.0,True
old37,object_category,bowl,dbscan_fusion,025,1,1,0,0.0,0.0,True
old37,object_category,bowl,dbscan_fusion,050,1,1,1,1.0,1.0,True
old37,object_category,bowl,local_pairwise_crf,025,1,0,0,0.0,,True
old37,object_category,bowl,local_pairwise_crf,050,1,0,0,0.0,,True
old37,object_category,bowl,hpid_split_group_ids,025,1,1,0,0.0,0.0,True
old37,object_category,bowl,hpid_split_group_ids,050,1,1,1,1.0,1.0,True
old37,object_category,box,raw_proposals,025,1,0,0,0.0,,True
old37,object_category,box,raw_proposals,050,1,0,0,0.0,,True
old37,object_category,box,greedy_nms,025,1,0,0,0.0,,True
old37,object_category,box,greedy_nms,050,1,0,0,0.0,,True
old37,object_category,box,dbscan_fusion,025,1,0,0,0.0,,True
old37,object_category,box,dbscan_fusion,050,1,0,0,0.0,,True
old37,object_category,box,local_pairwise_crf,025,1,1,1,1.0,1.0,True
old37,object_category,box,local_pairwise_crf,050,1,1,1,1.0,1.0,True
old37,object_category,box,hpid_split_group_ids,025,1,1,1,1.0,1.0,True
old37,object_category,box,hpid_split_group_ids,050,1,1,1,1.0,1.0,True
old37,object_category,can,raw_proposals,025,1,1,1,1.0,1.0,True
old37,object_category,can,raw_proposals,050,1,1,1,1.0,1.0,True
old37,object_category,can,greedy_nms,025,1,1,0,0.0,0.0,True
old37,object_category,can,greedy_nms,050,1,1,1,1.0,1.0,True
old37,object_category,can,dbscan_fusion,025,1,1,0,0.0,0.0,True
old37,object_category,can,dbscan_fusion,050,1,1,1,1.0,1.0,True
old37,object_category,can,local_pairwise_crf,025,1,0,0,0.0,,True
old37,object_category,can,local_pairwise_crf,050,1,0,0,0.0,,True
old37,object_category,can,hpid_split_group_ids,025,1,1,0,0.0,0.0,True
old37,object_category,can,hpid_split_group_ids,050,1,1,1,1.0,1.0,True
old37,object_category,car_(automobile),raw_proposals,025,2,1,0,0.0,0.0,True
old37,object_category,car_(automobile),raw_proposals,050,2,1,1,0.5,1.0,True
old37,object_category,car_(automobile),greedy_nms,025,2,0,0,0.0,,True
old37,object_category,car_(automobile),greedy_nms,050,2,0,0,0.0,,True
old37,object_category,car_(automobile),dbscan_fusion,025,2,1,0,0.0,0.0,True
old37,object_category,car_(automobile),dbscan_fusion,050,2,1,1,0.5,1.0,True
old37,object_category,car_(automobile),local_pairwise_crf,025,2,1,0,0.0,0.0,True
old37,object_category,car_(automobile),local_pairwise_crf,050,2,1,1,0.5,1.0,True
old37,object_category,car_(automobile),hpid_split_group_ids,025,2,2,1,0.5,0.5,True
old37,object_category,car_(automobile),hpid_split_group_ids,050,2,2,2,1.0,1.0,True
old37,object_category,cellular_telephone,raw_proposals,025,2,0,0,0.0,,True
old37,object_category,cellular_telephone,raw_proposals,050,2,0,0,0.0,,True
old37,object_category,cellular_telephone,greedy_nms,025,2,1,1,0.5,1.0,True
old37,object_category,cellular_telephone,greedy_nms,050,2,1,1,0.5,1.0,True
old37,object_category,cellular_telephone,dbscan_fusion,025,2,1,1,0.5,1.0,True
old37,object_category,cellular_telephone,dbscan_fusion,050,2,1,1,0.5,1.0,True
old37,object_category,cellular_telephone,local_pairwise_crf,025,2,0,0,0.0,,True
old37,object_category,cellular_telephone,local_pairwise_crf,050,2,0,0,0.0,,True
old37,object_category,cellular_telephone,hpid_split_group_ids,025,2,1,0,0.0,0.0,True
old37,object_category,cellular_telephone,hpid_split_group_ids,050,2,1,0,0.0,0.0,True
old37,object_category,chair,raw_proposals,025,1,0,0,0.0,,True
old37,object_category,chair,raw_proposals,050,1,0,0,0.0,,True
old37,object_category,chair,greedy_nms,025,1,0,0,0.0,,True
old37,object_category,chair,greedy_nms,050,1,0,0,0.0,,True
old37,object_category,chair,dbscan_fusion,025,1,0,0,0.0,,True
old37,object_category,chair,dbscan_fusion,050,1,0,0,0.0,,True
old37,object_category,chair,local_pairwise_crf,025,1,0,0,0.0,,True
old37,object_category,chair,local_pairwise_crf,050,1,0,0,0.0,,True
old37,object_category,chair,hpid_split_group_ids,025,1,0,0,0.0,,True
old37,object_category,chair,hpid_split_group_ids,050,1,0,0,0.0,,True
old37,object_category,clock,raw_proposals,025,1,1,0,0.0,0.0,True
old37,object_category,clock,raw_proposals,050,1,1,1,1.0,1.0,True
old37,object_category,clock,greedy_nms,025,1,1,0,0.0,0.0,True
old37,object_category,clock,greedy_nms,050,1,1,0,0.0,0.0,True
old37,object_category,clock,dbscan_fusion,025,1,1,0,0.0,0.0,True
old37,object_category,clock,dbscan_fusion,050,1,1,1,1.0,1.0,True
old37,object_category,clock,local_pairwise_crf,025,1,0,0,0.0,,True
old37,object_category,clock,local_pairwise_crf,050,1,0,0,0.0,,True
old37,object_category,clock,hpid_split_group_ids,025,1,1,0,0.0,0.0,True
old37,object_category,clock,hpid_split_group_ids,050,1,1,1,1.0,1.0,True
old37,object_category,cup,raw_proposals,025,1,0,0,0.0,,True
old37,object_category,cup,raw_proposals,050,1,0,0,0.0,,True
old37,object_category,cup,greedy_nms,025,1,0,0,0.0,,True
old37,object_category,cup,greedy_nms,050,1,0,0,0.0,,True
old37,object_category,cup,dbscan_fusion,025,1,0,0,0.0,,True
old37,object_category,cup,dbscan_fusion,050,1,0,0,0.0,,True
old37,object_category,cup,local_pairwise_crf,025,1,0,0,0.0,,True
old37,object_category,cup,local_pairwise_crf,050,1,0,0,0.0,,True
old37,object_category,cup,hpid_split_group_ids,025,1,0,0,0.0,,True
old37,object_category,cup,hpid_split_group_ids,050,1,0,0,0.0,,True
old37,object_category,glass_(drink_container),raw_proposals,025,1,1,1,1.0,1.0,True
old37,object_category,glass_(drink_container),raw_proposals,050,1,1,1,1.0,1.0,True
old37,object_category,glass_(drink_container),greedy_nms,025,1,0,0,0.0,,True
old37,object_category,glass_(drink_container),greedy_nms,050,1,0,0,0.0,,True
old37,object_category,glass_(drink_container),dbscan_fusion,025,1,1,1,1.0,1.0,True
old37,object_category,glass_(drink_container),dbscan_fusion,050,1,1,1,1.0,1.0,True
old37,object_category,glass_(drink_container),local_pairwise_crf,025,1,1,1,1.0,1.0,True
old37,object_category,glass_(drink_container),local_pairwise_crf,050,1,1,1,1.0,1.0,True
old37,object_category,glass_(drink_container),hpid_split_group_ids,025,1,0,0,0.0,,True
old37,object_category,glass_(drink_container),hpid_split_group_ids,050,1,0,0,0.0,,True
old37,object_category,guitar,raw_proposals,025,1,1,0,0.0,0.0,True
old37,object_category,guitar,raw_proposals,050,1,1,0,0.0,0.0,True
old37,object_category,guitar,greedy_nms,025,1,1,0,0.0,0.0,True
old37,object_category,guitar,greedy_nms,050,1,1,0,0.0,0.0,True
old37,object_category,guitar,dbscan_fusion,025,1,1,0,0.0,0.0,True
old37,object_category,guitar,dbscan_fusion,050,1,1,0,0.0,0.0,True
old37,object_category,guitar,local_pairwise_crf,025,1,1,0,0.0,0.0,True
old37,object_category,guitar,local_pairwise_crf,050,1,1,0,0.0,0.0,True
old37,object_category,guitar,hpid_split_group_ids,025,1,1,0,0.0,0.0,True
old37,object_category,guitar,hpid_split_group_ids,050,1,1,0,0.0,0.0,True
old37,object_category,handbag,raw_proposals,025,1,1,0,0.0,0.0,True
old37,object_category,handbag,raw_proposals,050,1,1,1,1.0,1.0,True
old37,object_category,handbag,greedy_nms,025,1,1,0,0.0,0.0,True
old37,object_category,handbag,greedy_nms,050,1,1,1,1.0,1.0,True
old37,object_category,handbag,dbscan_fusion,025,1,1,0,0.0,0.0,True
old37,object_category,handbag,dbscan_fusion,050,1,1,1,1.0,1.0,True
old37,object_category,handbag,local_pairwise_crf,025,1,0,0,0.0,,True
old37,object_category,handbag,local_pairwise_crf,050,1,0,0,0.0,,True
old37,object_category,handbag,hpid_split_group_ids,025,1,1,0,0.0,0.0,True
old37,object_category,handbag,hpid_split_group_ids,050,1,1,1,1.0,1.0,True
old37,object_category,helmet,raw_proposals,025,1,0,0,0.0,,True
old37,object_category,helmet,raw_proposals,050,1,0,0,0.0,,True
old37,object_category,helmet,greedy_nms,025,1,0,0,0.0,,True
old37,object_category,helmet,greedy_nms,050,1,0,0,0.0,,True
old37,object_category,helmet,dbscan_fusion,025,1,0,0,0.0,,True
old37,object_category,helmet,dbscan_fusion,050,1,0,0,0.0,,True
old37,object_category,helmet,local_pairwise_crf,025,1,0,0,0.0,,True
old37,object_category,helmet,local_pairwise_crf,050,1,0,0,0.0,,True
old37,object_category,helmet,hpid_split_group_ids,025,1,0,0,0.0,,True
old37,object_category,helmet,hpid_split_group_ids,050,1,0,0,0.0,,True
old37,object_category,jar,raw_proposals,025,1,0,0,0.0,,True
old37,object_category,jar,raw_proposals,050,1,0,0,0.0,,True
old37,object_category,jar,greedy_nms,025,1,0,0,0.0,,True
old37,object_category,jar,greedy_nms,050,1,0,0,0.0,,True
old37,object_category,jar,dbscan_fusion,025,1,0,0,0.0,,True
old37,object_category,jar,dbscan_fusion,050,1,0,0,0.0,,True
old37,object_category,jar,local_pairwise_crf,025,1,0,0,0.0,,True
old37,object_category,jar,local_pairwise_crf,050,1,0,0,0.0,,True
old37,object_category,jar,hpid_split_group_ids,025,1,0,0,0.0,,True
old37,object_category,jar,hpid_split_group_ids,050,1,0,0,0.0,,True
old37,object_category,knife,raw_proposals,025,3,1,1,0.3333333333333333,1.0,True
old37,object_category,knife,raw_proposals,050,3,1,1,0.3333333333333333,1.0,True
old37,object_category,knife,greedy_nms,025,3,2,1,0.3333333333333333,0.5,True
old37,object_category,knife,greedy_nms,050,3,2,1,0.3333333333333333,0.5,True
old37,object_category,knife,dbscan_fusion,025,3,3,1,0.3333333333333333,0.3333333333333333,True
old37,object_category,knife,dbscan_fusion,050,3,3,1,0.3333333333333333,0.3333333333333333,True
old37,object_category,knife,local_pairwise_crf,025,3,1,0,0.0,0.0,True
old37,object_category,knife,local_pairwise_crf,050,3,1,0,0.0,0.0,True
old37,object_category,knife,hpid_split_group_ids,025,3,3,1,0.3333333333333333,0.3333333333333333,True
old37,object_category,knife,hpid_split_group_ids,050,3,3,1,0.3333333333333333,0.3333333333333333,True
old37,object_category,ladder,raw_proposals,025,1,0,0,0.0,,True
old37,object_category,ladder,raw_proposals,050,1,0,0,0.0,,True
old37,object_category,ladder,greedy_nms,025,1,0,0,0.0,,True
old37,object_category,ladder,greedy_nms,050,1,0,0,0.0,,True
old37,object_category,ladder,dbscan_fusion,025,1,0,0,0.0,,True
old37,object_category,ladder,dbscan_fusion,050,1,0,0,0.0,,True
old37,object_category,ladder,local_pairwise_crf,025,1,0,0,0.0,,True
old37,object_category,ladder,local_pairwise_crf,050,1,0,0,0.0,,True
old37,object_category,ladder,hpid_split_group_ids,025,1,0,0,0.0,,True
old37,object_category,ladder,hpid_split_group_ids,050,1,0,0,0.0,,True
old37,object_category,laptop_computer,raw_proposals,025,1,0,0,0.0,,True
old37,object_category,laptop_computer,raw_proposals,050,1,0,0,0.0,,True
old37,object_category,laptop_computer,greedy_nms,025,1,1,0,0.0,0.0,True
old37,object_category,laptop_computer,greedy_nms,050,1,1,1,1.0,1.0,True
old37,object_category,laptop_computer,dbscan_fusion,025,1,1,0,0.0,0.0,True
old37,object_category,laptop_computer,dbscan_fusion,050,1,1,1,1.0,1.0,True
old37,object_category,laptop_computer,local_pairwise_crf,025,1,1,0,0.0,0.0,True
old37,object_category,laptop_computer,local_pairwise_crf,050,1,1,1,1.0,1.0,True
old37,object_category,laptop_computer,hpid_split_group_ids,025,1,1,0,0.0,0.0,True
old37,object_category,laptop_computer,hpid_split_group_ids,050,1,1,0,0.0,0.0,True
old37,object_category,mug,raw_proposals,025,1,1,0,0.0,0.0,True
old37,object_category,mug,raw_proposals,050,1,1,0,0.0,0.0,True
old37,object_category,mug,greedy_nms,025,1,1,0,0.0,0.0,True
old37,object_category,mug,greedy_nms,050,1,1,0,0.0,0.0,True
old37,object_category,mug,dbscan_fusion,025,1,1,0,0.0,0.0,True
old37,object_category,mug,dbscan_fusion,050,1,1,0,0.0,0.0,True
old37,object_category,mug,local_pairwise_crf,025,1,1,0,0.0,0.0,True
old37,object_category,mug,local_pairwise_crf,050,1,1,0,0.0,0.0,True
old37,object_category,mug,hpid_split_group_ids,025,1,1,0,0.0,0.0,True
old37,object_category,mug,hpid_split_group_ids,050,1,1,0,0.0,0.0,True
old37,object_category,pan_(for_cooking),raw_proposals,025,1,0,0,0.0,,True
old37,object_category,pan_(for_cooking),raw_proposals,050,1,0,0,0.0,,True
old37,object_category,pan_(for_cooking),greedy_nms,025,1,0,0,0.0,,True
old37,object_category,pan_(for_cooking),greedy_nms,050,1,0,0,0.0,,True
old37,object_category,pan_(for_cooking),dbscan_fusion,025,1,0,0,0.0,,True
old37,object_category,pan_(for_cooking),dbscan_fusion,050,1,0,0,0.0,,True
old37,object_category,pan_(for_cooking),local_pairwise_crf,025,1,0,0,0.0,,True
old37,object_category,pan_(for_cooking),local_pairwise_crf,050,1,0,0,0.0,,True
old37,object_category,pan_(for_cooking),hpid_split_group_ids,025,1,0,0,0.0,,True
old37,object_category,pan_(for_cooking),hpid_split_group_ids,050,1,0,0,0.0,,True
old37,object_category,plastic_bag,raw_proposals,025,1,0,0,0.0,,True
old37,object_category,plastic_bag,raw_proposals,050,1,0,0,0.0,,True
old37,object_category,plastic_bag,greedy_nms,025,1,0,0,0.0,,True
old37,object_category,plastic_bag,greedy_nms,050,1,0,0,0.0,,True
old37,object_category,plastic_bag,dbscan_fusion,025,1,0,0,0.0,,True
old37,object_category,plastic_bag,dbscan_fusion,050,1,0,0,0.0,,True
old37,object_category,plastic_bag,local_pairwise_crf,025,1,0,0,0.0,,True
old37,object_category,plastic_bag,local_pairwise_crf,050,1,0,0,0.0,,True
old37,object_category,plastic_bag,hpid_split_group_ids,025,1,0,0,0.0,,True
old37,object_category,plastic_bag,hpid_split_group_ids,050,1,0,0,0.0,,True
old37,object_category,pliers,raw_proposals,025,1,0,0,0.0,,True
old37,object_category,pliers,raw_proposals,050,1,0,0,0.0,,True
old37,object_category,pliers,greedy_nms,025,1,0,0,0.0,,True
old37,object_category,pliers,greedy_nms,050,1,0,0,0.0,,True
old37,object_category,pliers,dbscan_fusion,025,1,0,0,0.0,,True
old37,object_category,pliers,dbscan_fusion,050,1,0,0,0.0,,True
old37,object_category,pliers,local_pairwise_crf,025,1,1,1,1.0,1.0,True
old37,object_category,pliers,local_pairwise_crf,050,1,1,1,1.0,1.0,True
old37,object_category,pliers,hpid_split_group_ids,025,1,0,0,0.0,,True
old37,object_category,pliers,hpid_split_group_ids,050,1,0,0,0.0,,True
old37,object_category,remote_control,raw_proposals,025,1,0,0,0.0,,True
old37,object_category,remote_control,raw_proposals,050,1,0,0,0.0,,True
old37,object_category,remote_control,greedy_nms,025,1,0,0,0.0,,True
old37,object_category,remote_control,greedy_nms,050,1,0,0,0.0,,True
old37,object_category,remote_control,dbscan_fusion,025,1,0,0,0.0,,True
old37,object_category,remote_control,dbscan_fusion,050,1,0,0,0.0,,True
old37,object_category,remote_control,local_pairwise_crf,025,1,0,0,0.0,,True
old37,object_category,remote_control,local_pairwise_crf,050,1,0,0,0.0,,True
old37,object_category,remote_control,hpid_split_group_ids,025,1,0,0,0.0,,True
old37,object_category,remote_control,hpid_split_group_ids,050,1,0,0,0.0,,True
old37,object_category,scissors,raw_proposals,025,1,0,0,0.0,,True
old37,object_category,scissors,raw_proposals,050,1,0,0,0.0,,True
old37,object_category,scissors,greedy_nms,025,1,0,0,0.0,,True
old37,object_category,scissors,greedy_nms,050,1,0,0,0.0,,True
old37,object_category,scissors,dbscan_fusion,025,1,0,0,0.0,,True
old37,object_category,scissors,dbscan_fusion,050,1,0,0,0.0,,True
old37,object_category,scissors,local_pairwise_crf,025,1,0,0,0.0,,True
old37,object_category,scissors,local_pairwise_crf,050,1,0,0,0.0,,True
old37,object_category,scissors,hpid_split_group_ids,025,1,0,0,0.0,,True
old37,object_category,scissors,hpid_split_group_ids,050,1,0,0,0.0,,True
old37,object_category,shoe,raw_proposals,025,1,1,0,0.0,0.0,True
old37,object_category,shoe,raw_proposals,050,1,1,1,1.0,1.0,True
old37,object_category,shoe,greedy_nms,025,1,0,0,0.0,,True
old37,object_category,shoe,greedy_nms,050,1,0,0,0.0,,True
old37,object_category,shoe,dbscan_fusion,025,1,1,0,0.0,0.0,True
old37,object_category,shoe,dbscan_fusion,050,1,1,1,1.0,1.0,True
old37,object_category,shoe,local_pairwise_crf,025,1,0,0,0.0,,True
old37,object_category,shoe,local_pairwise_crf,050,1,0,0,0.0,,True
old37,object_category,shoe,hpid_split_group_ids,025,1,1,1,1.0,1.0,True
old37,object_category,shoe,hpid_split_group_ids,050,1,1,1,1.0,1.0,True
old37,object_category,stool,raw_proposals,025,1,0,0,0.0,,True
old37,object_category,stool,raw_proposals,050,1,0,0,0.0,,True
old37,object_category,stool,greedy_nms,025,1,0,0,0.0,,True
old37,object_category,stool,greedy_nms,050,1,0,0,0.0,,True
old37,object_category,stool,dbscan_fusion,025,1,0,0,0.0,,True
old37,object_category,stool,dbscan_fusion,050,1,0,0,0.0,,True
old37,object_category,stool,local_pairwise_crf,025,1,0,0,0.0,,True
old37,object_category,stool,local_pairwise_crf,050,1,0,0,0.0,,True
old37,object_category,stool,hpid_split_group_ids,025,1,0,0,0.0,,True
old37,object_category,stool,hpid_split_group_ids,050,1,0,0,0.0,,True
old37,object_category,table,raw_proposals,025,1,0,0,0.0,,True
old37,object_category,table,raw_proposals,050,1,0,0,0.0,,True
old37,object_category,table,greedy_nms,025,1,0,0,0.0,,True
old37,object_category,table,greedy_nms,050,1,0,0,0.0,,True
old37,object_category,table,dbscan_fusion,025,1,0,0,0.0,,True
old37,object_category,table,dbscan_fusion,050,1,0,0,0.0,,True
old37,object_category,table,local_pairwise_crf,025,1,0,0,0.0,,True
old37,object_category,table,local_pairwise_crf,050,1,0,0,0.0,,True
old37,object_category,table,hpid_split_group_ids,025,1,0,0,0.0,,True
old37,object_category,table,hpid_split_group_ids,050,1,0,0,0.0,,True
old37,object_category,telephone,raw_proposals,025,1,1,1,1.0,1.0,True
old37,object_category,telephone,raw_proposals,050,1,1,1,1.0,1.0,True
old37,object_category,telephone,greedy_nms,025,1,0,0,0.0,,True
old37,object_category,telephone,greedy_nms,050,1,0,0,0.0,,True
old37,object_category,telephone,dbscan_fusion,025,1,1,1,1.0,1.0,True
old37,object_category,telephone,dbscan_fusion,050,1,1,1,1.0,1.0,True
old37,object_category,telephone,local_pairwise_crf,025,1,0,0,0.0,,True
old37,object_category,telephone,local_pairwise_crf,050,1,0,0,0.0,,True
old37,object_category,telephone,hpid_split_group_ids,025,1,1,1,1.0,1.0,True
old37,object_category,telephone,hpid_split_group_ids,050,1,1,1,1.0,1.0,True
old37,object_category,television_set,raw_proposals,025,1,0,0,0.0,,True
old37,object_category,television_set,raw_proposals,050,1,0,0,0.0,,True
old37,object_category,television_set,greedy_nms,025,1,0,0,0.0,,True
old37,object_category,television_set,greedy_nms,050,1,0,0,0.0,,True
old37,object_category,television_set,dbscan_fusion,025,1,0,0,0.0,,True
old37,object_category,television_set,dbscan_fusion,050,1,0,0,0.0,,True
old37,object_category,television_set,local_pairwise_crf,025,1,0,0,0.0,,True
old37,object_category,television_set,local_pairwise_crf,050,1,0,0,0.0,,True
old37,object_category,television_set,hpid_split_group_ids,025,1,0,0,0.0,,True
old37,object_category,television_set,hpid_split_group_ids,050,1,0,0,0.0,,True
old37,object_category,watch,raw_proposals,025,1,1,0,0.0,0.0,True
old37,object_category,watch,raw_proposals,050,1,1,1,1.0,1.0,True
old37,object_category,watch,greedy_nms,025,1,1,1,1.0,1.0,True
old37,object_category,watch,greedy_nms,050,1,1,1,1.0,1.0,True
old37,object_category,watch,dbscan_fusion,025,1,1,0,0.0,0.0,True
old37,object_category,watch,dbscan_fusion,050,1,1,0,0.0,0.0,True
old37,object_category,watch,local_pairwise_crf,025,1,0,0,0.0,,True
old37,object_category,watch,local_pairwise_crf,050,1,0,0,0.0,,True
old37,object_category,watch,hpid_split_group_ids,025,1,1,0,0.0,0.0,True
old37,object_category,watch,hpid_split_group_ids,050,1,1,1,1.0,1.0,True
new216,domain,container,raw_proposals,025,70,20,12,0.17142857142857143,0.6,False
new216,domain,container,raw_proposals,050,70,20,14,0.2,0.7,False
new216,domain,container,greedy_nms,025,70,21,12,0.17142857142857143,0.5714285714285714,False
new216,domain,container,greedy_nms,050,70,21,15,0.21428571428571427,0.7142857142857143,False
new216,domain,container,dbscan_fusion,025,70,19,11,0.15714285714285714,0.5789473684210527,False
new216,domain,container,dbscan_fusion,050,70,19,13,0.18571428571428572,0.6842105263157895,False
new216,domain,container,local_pairwise_crf,025,70,18,10,0.14285714285714285,0.5555555555555556,False
new216,domain,container,local_pairwise_crf,050,70,18,13,0.18571428571428572,0.7222222222222222,False
new216,domain,container,hpid_split_group_ids,025,70,16,10,0.14285714285714285,0.625,False
new216,domain,container,hpid_split_group_ids,050,70,16,13,0.18571428571428572,0.8125,False
new216,domain,daily_object,raw_proposals,025,34,10,8,0.23529411764705882,0.8,False
new216,domain,daily_object,raw_proposals,050,34,10,10,0.29411764705882354,1.0,False
new216,domain,daily_object,greedy_nms,025,34,9,7,0.20588235294117646,0.7777777777777778,False
new216,domain,daily_object,greedy_nms,050,34,9,9,0.2647058823529412,1.0,False
new216,domain,daily_object,dbscan_fusion,025,34,10,8,0.23529411764705882,0.8,False
new216,domain,daily_object,dbscan_fusion,050,34,10,10,0.29411764705882354,1.0,False
new216,domain,daily_object,local_pairwise_crf,025,34,7,5,0.14705882352941177,0.7142857142857143,False
new216,domain,daily_object,local_pairwise_crf,050,34,7,7,0.20588235294117646,1.0,False
new216,domain,daily_object,hpid_split_group_ids,025,34,6,6,0.17647058823529413,1.0,False
new216,domain,daily_object,hpid_split_group_ids,050,34,6,6,0.17647058823529413,1.0,False
new216,domain,device,raw_proposals,025,58,17,6,0.10344827586206896,0.35294117647058826,False
new216,domain,device,raw_proposals,050,58,17,12,0.20689655172413793,0.7058823529411765,False
new216,domain,device,greedy_nms,025,58,16,9,0.15517241379310345,0.5625,False
new216,domain,device,greedy_nms,050,58,16,10,0.1724137931034483,0.625,False
new216,domain,device,dbscan_fusion,025,58,24,15,0.25862068965517243,0.625,False
new216,domain,device,dbscan_fusion,050,58,24,17,0.29310344827586204,0.7083333333333334,False
new216,domain,device,local_pairwise_crf,025,58,19,13,0.22413793103448276,0.6842105263157895,False
new216,domain,device,local_pairwise_crf,050,58,19,14,0.2413793103448276,0.7368421052631579,False
new216,domain,device,hpid_split_group_ids,025,58,13,5,0.08620689655172414,0.38461538461538464,False
new216,domain,device,hpid_split_group_ids,050,58,13,10,0.1724137931034483,0.7692307692307693,False
new216,domain,furniture,raw_proposals,025,16,6,4,0.25,0.6666666666666666,False
new216,domain,furniture,raw_proposals,050,16,6,5,0.3125,0.8333333333333334,False
new216,domain,furniture,greedy_nms,025,16,4,4,0.25,1.0,False
new216,domain,furniture,greedy_nms,050,16,4,4,0.25,1.0,False
new216,domain,furniture,dbscan_fusion,025,16,3,3,0.1875,1.0,False
new216,domain,furniture,dbscan_fusion,050,16,3,3,0.1875,1.0,False
new216,domain,furniture,local_pairwise_crf,025,16,3,3,0.1875,1.0,False
new216,domain,furniture,local_pairwise_crf,050,16,3,3,0.1875,1.0,False
new216,domain,furniture,hpid_split_group_ids,025,16,3,3,0.1875,1.0,False
new216,domain,furniture,hpid_split_group_ids,050,16,3,3,0.1875,1.0,False
new216,domain,tool_prop,raw_proposals,025,30,7,3,0.1,0.42857142857142855,False
new216,domain,tool_prop,raw_proposals,050,30,7,4,0.13333333333333333,0.5714285714285714,False
new216,domain,tool_prop,greedy_nms,025,30,6,2,0.06666666666666667,0.3333333333333333,False
new216,domain,tool_prop,greedy_nms,050,30,6,3,0.1,0.5,False
new216,domain,tool_prop,dbscan_fusion,025,30,6,2,0.06666666666666667,0.3333333333333333,False
new216,domain,tool_prop,dbscan_fusion,050,30,6,3,0.1,0.5,False
new216,domain,tool_prop,local_pairwise_crf,025,30,5,2,0.06666666666666667,0.4,False
new216,domain,tool_prop,local_pairwise_crf,050,30,5,3,0.1,0.6,False
new216,domain,tool_prop,hpid_split_group_ids,025,30,8,5,0.16666666666666666,0.625,False
new216,domain,tool_prop,hpid_split_group_ids,050,30,8,5,0.16666666666666666,0.625,False
new216,domain,vehicle,raw_proposals,025,8,3,1,0.125,0.3333333333333333,True
new216,domain,vehicle,raw_proposals,050,8,3,1,0.125,0.3333333333333333,True
new216,domain,vehicle,greedy_nms,025,8,3,0,0.0,0.0,True
new216,domain,vehicle,greedy_nms,050,8,3,2,0.25,0.6666666666666666,True
new216,domain,vehicle,dbscan_fusion,025,8,3,1,0.125,0.3333333333333333,True
new216,domain,vehicle,dbscan_fusion,050,8,3,2,0.25,0.6666666666666666,True
new216,domain,vehicle,local_pairwise_crf,025,8,2,0,0.0,0.0,True
new216,domain,vehicle,local_pairwise_crf,050,8,2,1,0.125,0.5,True
new216,domain,vehicle,hpid_split_group_ids,025,8,3,1,0.125,0.3333333333333333,True
new216,domain,vehicle,hpid_split_group_ids,050,8,3,2,0.25,0.6666666666666666,True
new216,object_category,basket,raw_proposals,025,4,0,0,0.0,,True
new216,object_category,basket,raw_proposals,050,4,0,0,0.0,,True
new216,object_category,basket,greedy_nms,025,4,1,1,0.25,1.0,True
new216,object_category,basket,greedy_nms,050,4,1,1,0.25,1.0,True
new216,object_category,basket,dbscan_fusion,025,4,1,1,0.25,1.0,True
new216,object_category,basket,dbscan_fusion,050,4,1,1,0.25,1.0,True
new216,object_category,basket,local_pairwise_crf,025,4,1,1,0.25,1.0,True
new216,object_category,basket,local_pairwise_crf,050,4,1,1,0.25,1.0,True
new216,object_category,basket,hpid_split_group_ids,025,4,0,0,0.0,,True
new216,object_category,basket,hpid_split_group_ids,050,4,0,0,0.0,,True
new216,object_category,belt,raw_proposals,025,4,2,2,0.5,1.0,True
new216,object_category,belt,raw_proposals,050,4,2,2,0.5,1.0,True
new216,object_category,belt,greedy_nms,025,4,2,2,0.5,1.0,True
new216,object_category,belt,greedy_nms,050,4,2,2,0.5,1.0,True
new216,object_category,belt,dbscan_fusion,025,4,2,2,0.5,1.0,True
new216,object_category,belt,dbscan_fusion,050,4,2,2,0.5,1.0,True
new216,object_category,belt,local_pairwise_crf,025,4,1,1,0.25,1.0,True
new216,object_category,belt,local_pairwise_crf,050,4,1,1,0.25,1.0,True
new216,object_category,belt,hpid_split_group_ids,025,4,1,1,0.25,1.0,True
new216,object_category,belt,hpid_split_group_ids,050,4,1,1,0.25,1.0,True
new216,object_category,bench,raw_proposals,025,4,2,1,0.25,0.5,True
new216,object_category,bench,raw_proposals,050,4,2,1,0.25,0.5,True
new216,object_category,bench,greedy_nms,025,4,1,1,0.25,1.0,True
new216,object_category,bench,greedy_nms,050,4,1,1,0.25,1.0,True
new216,object_category,bench,dbscan_fusion,025,4,1,1,0.25,1.0,True
new216,object_category,bench,dbscan_fusion,050,4,1,1,0.25,1.0,True
new216,object_category,bench,local_pairwise_crf,025,4,1,1,0.25,1.0,True
new216,object_category,bench,local_pairwise_crf,050,4,1,1,0.25,1.0,True
new216,object_category,bench,hpid_split_group_ids,025,4,1,1,0.25,1.0,True
new216,object_category,bench,hpid_split_group_ids,050,4,1,1,0.25,1.0,True
new216,object_category,bicycle,raw_proposals,025,4,1,0,0.0,0.0,True
new216,object_category,bicycle,raw_proposals,050,4,1,0,0.0,0.0,True
new216,object_category,bicycle,greedy_nms,025,4,2,0,0.0,0.0,True
new216,object_category,bicycle,greedy_nms,050,4,2,1,0.25,0.5,True
new216,object_category,bicycle,dbscan_fusion,025,4,2,0,0.0,0.0,True
new216,object_category,bicycle,dbscan_fusion,050,4,2,1,0.25,0.5,True
new216,object_category,bicycle,local_pairwise_crf,025,4,2,0,0.0,0.0,True
new216,object_category,bicycle,local_pairwise_crf,050,4,2,1,0.25,0.5,True
new216,object_category,bicycle,hpid_split_group_ids,025,4,2,0,0.0,0.0,True
new216,object_category,bicycle,hpid_split_group_ids,050,4,2,1,0.25,0.5,True
new216,object_category,blender,raw_proposals,025,4,1,0,0.0,0.0,True
new216,object_category,blender,raw_proposals,050,4,1,0,0.0,0.0,True
new216,object_category,blender,greedy_nms,025,4,2,1,0.25,0.5,True
new216,object_category,blender,greedy_nms,050,4,2,1,0.25,0.5,True
new216,object_category,blender,dbscan_fusion,025,4,2,1,0.25,0.5,True
new216,object_category,blender,dbscan_fusion,050,4,2,1,0.25,0.5,True
new216,object_category,blender,local_pairwise_crf,025,4,2,1,0.25,0.5,True
new216,object_category,blender,local_pairwise_crf,050,4,2,1,0.25,0.5,True
new216,object_category,blender,hpid_split_group_ids,025,4,1,0,0.0,0.0,True
new216,object_category,blender,hpid_split_group_ids,050,4,1,1,0.25,1.0,True
new216,object_category,book,raw_proposals,025,2,1,1,0.5,1.0,True
new216,object_category,book,raw_proposals,050,2,1,1,0.5,1.0,True
new216,object_category,book,greedy_nms,025,2,1,1,0.5,1.0,True
new216,object_category,book,greedy_nms,050,2,1,1,0.5,1.0,True
new216,object_category,book,dbscan_fusion,025,2,1,1,0.5,1.0,True
new216,object_category,book,dbscan_fusion,050,2,1,1,0.5,1.0,True
new216,object_category,book,local_pairwise_crf,025,2,0,0,0.0,,True
new216,object_category,book,local_pairwise_crf,050,2,0,0,0.0,,True
new216,object_category,book,hpid_split_group_ids,025,2,0,0,0.0,,True
new216,object_category,book,hpid_split_group_ids,050,2,0,0,0.0,,True
new216,object_category,bottle,raw_proposals,025,4,1,1,0.25,1.0,True
new216,object_category,bottle,raw_proposals,050,4,1,1,0.25,1.0,True
new216,object_category,bottle,greedy_nms,025,4,2,1,0.25,0.5,True
new216,object_category,bottle,greedy_nms,050,4,2,1,0.25,0.5,True
new216,object_category,bottle,dbscan_fusion,025,4,2,1,0.25,0.5,True
new216,object_category,bottle,dbscan_fusion,050,4,2,1,0.25,0.5,True
new216,object_category,bottle,local_pairwise_crf,025,4,3,2,0.5,0.6666666666666666,True
new216,object_category,bottle,local_pairwise_crf,050,4,3,2,0.5,0.6666666666666666,True
new216,object_category,bottle,hpid_split_group_ids,025,4,1,0,0.0,0.0,True
new216,object_category,bottle,hpid_split_group_ids,050,4,1,0,0.0,0.0,True
new216,object_category,bowl,raw_proposals,025,4,0,0,0.0,,True
new216,object_category,bowl,raw_proposals,050,4,0,0,0.0,,True
new216,object_category,bowl,greedy_nms,025,4,0,0,0.0,,True
new216,object_category,bowl,greedy_nms,050,4,0,0,0.0,,True
new216,object_category,bowl,dbscan_fusion,025,4,0,0,0.0,,True
new216,object_category,bowl,dbscan_fusion,050,4,0,0,0.0,,True
new216,object_category,bowl,local_pairwise_crf,025,4,0,0,0.0,,True
new216,object_category,bowl,local_pairwise_crf,050,4,0,0,0.0,,True
new216,object_category,bowl,hpid_split_group_ids,025,4,0,0,0.0,,True
new216,object_category,bowl,hpid_split_group_ids,050,4,0,0,0.0,,True
new216,object_category,box,raw_proposals,025,4,1,1,0.25,1.0,True
new216,object_category,box,raw_proposals,050,4,1,1,0.25,1.0,True
new216,object_category,box,greedy_nms,025,4,0,0,0.0,,True
new216,object_category,box,greedy_nms,050,4,0,0,0.0,,True
new216,object_category,box,dbscan_fusion,025,4,0,0,0.0,,True
new216,object_category,box,dbscan_fusion,050,4,0,0,0.0,,True
new216,object_category,box,local_pairwise_crf,025,4,1,0,0.0,0.0,True
new216,object_category,box,local_pairwise_crf,050,4,1,1,0.25,1.0,True
new216,object_category,box,hpid_split_group_ids,025,4,1,1,0.25,1.0,True
new216,object_category,box,hpid_split_group_ids,050,4,1,1,0.25,1.0,True
new216,object_category,broom,raw_proposals,025,3,2,1,0.3333333333333333,0.5,True
new216,object_category,broom,raw_proposals,050,3,2,1,0.3333333333333333,0.5,True
new216,object_category,broom,greedy_nms,025,3,1,0,0.0,0.0,True
new216,object_category,broom,greedy_nms,050,3,1,0,0.0,0.0,True
new216,object_category,broom,dbscan_fusion,025,3,1,0,0.0,0.0,True
new216,object_category,broom,dbscan_fusion,050,3,1,0,0.0,0.0,True
new216,object_category,broom,local_pairwise_crf,025,3,0,0,0.0,,True
new216,object_category,broom,local_pairwise_crf,050,3,0,0,0.0,,True
new216,object_category,broom,hpid_split_group_ids,025,3,2,1,0.3333333333333333,0.5,True
new216,object_category,broom,hpid_split_group_ids,050,3,2,1,0.3333333333333333,0.5,True
new216,object_category,bucket,raw_proposals,025,4,3,2,0.5,0.6666666666666666,True
new216,object_category,bucket,raw_proposals,050,4,3,2,0.5,0.6666666666666666,True
new216,object_category,bucket,greedy_nms,025,4,3,2,0.5,0.6666666666666666,True
new216,object_category,bucket,greedy_nms,050,4,3,2,0.5,0.6666666666666666,True
new216,object_category,bucket,dbscan_fusion,025,4,3,2,0.5,0.6666666666666666,True
new216,object_category,bucket,dbscan_fusion,050,4,3,2,0.5,0.6666666666666666,True
new216,object_category,bucket,local_pairwise_crf,025,4,2,1,0.25,0.5,True
new216,object_category,bucket,local_pairwise_crf,050,4,2,1,0.25,0.5,True
new216,object_category,bucket,hpid_split_group_ids,025,4,3,3,0.75,1.0,True
new216,object_category,bucket,hpid_split_group_ids,050,4,3,3,0.75,1.0,True
new216,object_category,calculator,raw_proposals,025,3,0,0,0.0,,True
new216,object_category,calculator,raw_proposals,050,3,0,0,0.0,,True
new216,object_category,calculator,greedy_nms,025,3,1,1,0.3333333333333333,1.0,True
new216,object_category,calculator,greedy_nms,050,3,1,1,0.3333333333333333,1.0,True
new216,object_category,calculator,dbscan_fusion,025,3,1,1,0.3333333333333333,1.0,True
new216,object_category,calculator,dbscan_fusion,050,3,1,1,0.3333333333333333,1.0,True
new216,object_category,calculator,local_pairwise_crf,025,3,0,0,0.0,,True
new216,object_category,calculator,local_pairwise_crf,050,3,0,0,0.0,,True
new216,object_category,calculator,hpid_split_group_ids,025,3,0,0,0.0,,True
new216,object_category,calculator,hpid_split_group_ids,050,3,0,0,0.0,,True
new216,object_category,can,raw_proposals,025,4,0,0,0.0,,True
new216,object_category,can,raw_proposals,050,4,0,0,0.0,,True
new216,object_category,can,greedy_nms,025,4,1,0,0.0,0.0,True
new216,object_category,can,greedy_nms,050,4,1,0,0.0,0.0,True
new216,object_category,can,dbscan_fusion,025,4,1,0,0.0,0.0,True
new216,object_category,can,dbscan_fusion,050,4,1,0,0.0,0.0,True
new216,object_category,can,local_pairwise_crf,025,4,1,0,0.0,0.0,True
new216,object_category,can,local_pairwise_crf,050,4,1,0,0.0,0.0,True
new216,object_category,can,hpid_split_group_ids,025,4,1,0,0.0,0.0,True
new216,object_category,can,hpid_split_group_ids,050,4,1,0,0.0,0.0,True
new216,object_category,car_(automobile),raw_proposals,025,4,2,1,0.25,0.5,True
new216,object_category,car_(automobile),raw_proposals,050,4,2,1,0.25,0.5,True
new216,object_category,car_(automobile),greedy_nms,025,4,1,0,0.0,0.0,True
new216,object_category,car_(automobile),greedy_nms,050,4,1,1,0.25,1.0,True
new216,object_category,car_(automobile),dbscan_fusion,025,4,1,1,0.25,1.0,True
new216,object_category,car_(automobile),dbscan_fusion,050,4,1,1,0.25,1.0,True
new216,object_category,car_(automobile),local_pairwise_crf,025,4,0,0,0.0,,True
new216,object_category,car_(automobile),local_pairwise_crf,050,4,0,0,0.0,,True
new216,object_category,car_(automobile),hpid_split_group_ids,025,4,1,1,0.25,1.0,True
new216,object_category,car_(automobile),hpid_split_group_ids,050,4,1,1,0.25,1.0,True
new216,object_category,carton,raw_proposals,025,4,0,0,0.0,,True
new216,object_category,carton,raw_proposals,050,4,0,0,0.0,,True
new216,object_category,carton,greedy_nms,025,4,1,1,0.25,1.0,True
new216,object_category,carton,greedy_nms,050,4,1,1,0.25,1.0,True
new216,object_category,carton,dbscan_fusion,025,4,0,0,0.0,,True
new216,object_category,carton,dbscan_fusion,050,4,0,0,0.0,,True
new216,object_category,carton,local_pairwise_crf,025,4,0,0,0.0,,True
new216,object_category,carton,local_pairwise_crf,050,4,0,0,0.0,,True
new216,object_category,carton,hpid_split_group_ids,025,4,0,0,0.0,,True
new216,object_category,carton,hpid_split_group_ids,050,4,0,0,0.0,,True
new216,object_category,cellular_telephone,raw_proposals,025,4,4,1,0.25,0.25,True
new216,object_category,cellular_telephone,raw_proposals,050,4,4,3,0.75,0.75,True
new216,object_category,cellular_telephone,greedy_nms,025,4,4,2,0.5,0.5,True
new216,object_category,cellular_telephone,greedy_nms,050,4,4,3,0.75,0.75,True
new216,object_category,cellular_telephone,dbscan_fusion,025,4,4,2,0.5,0.5,True
new216,object_category,cellular_telephone,dbscan_fusion,050,4,4,3,0.75,0.75,True
new216,object_category,cellular_telephone,local_pairwise_crf,025,4,4,2,0.5,0.5,True
new216,object_category,cellular_telephone,local_pairwise_crf,050,4,4,3,0.75,0.75,True
new216,object_category,cellular_telephone,hpid_split_group_ids,025,4,4,1,0.25,0.25,True
new216,object_category,cellular_telephone,hpid_split_group_ids,050,4,4,3,0.75,0.75,True
new216,object_category,chair,raw_proposals,025,4,1,1,0.25,1.0,True
new216,object_category,chair,raw_proposals,050,4,1,1,0.25,1.0,True
new216,object_category,chair,greedy_nms,025,4,1,1,0.25,1.0,True
new216,object_category,chair,greedy_nms,050,4,1,1,0.25,1.0,True
new216,object_category,chair,dbscan_fusion,025,4,0,0,0.0,,True
new216,object_category,chair,dbscan_fusion,050,4,0,0,0.0,,True
new216,object_category,chair,local_pairwise_crf,025,4,1,1,0.25,1.0,True
new216,object_category,chair,local_pairwise_crf,050,4,1,1,0.25,1.0,True
new216,object_category,chair,hpid_split_group_ids,025,4,0,0,0.0,,True
new216,object_category,chair,hpid_split_group_ids,050,4,0,0,0.0,,True
new216,object_category,clock,raw_proposals,025,3,1,0,0.0,0.0,True
new216,object_category,clock,raw_proposals,050,3,1,1,0.3333333333333333,1.0,True
new216,object_category,clock,greedy_nms,025,3,1,0,0.0,0.0,True
new216,object_category,clock,greedy_nms,050,3,1,0,0.0,0.0,True
new216,object_category,clock,dbscan_fusion,025,3,2,0,0.0,0.0,True
new216,object_category,clock,dbscan_fusion,050,3,2,0,0.0,0.0,True
new216,object_category,clock,local_pairwise_crf,025,3,1,0,0.0,0.0,True
new216,object_category,clock,local_pairwise_crf,050,3,1,0,0.0,0.0,True
new216,object_category,clock,hpid_split_group_ids,025,3,1,0,0.0,0.0,True
new216,object_category,clock,hpid_split_group_ids,050,3,1,0,0.0,0.0,True
new216,object_category,crate,raw_proposals,025,3,1,1,0.3333333333333333,1.0,True
new216,object_category,crate,raw_proposals,050,3,1,1,0.3333333333333333,1.0,True
new216,object_category,crate,greedy_nms,025,3,1,1,0.3333333333333333,1.0,True
new216,object_category,crate,greedy_nms,050,3,1,1,0.3333333333333333,1.0,True
new216,object_category,crate,dbscan_fusion,025,3,1,1,0.3333333333333333,1.0,True
new216,object_category,crate,dbscan_fusion,050,3,1,1,0.3333333333333333,1.0,True
new216,object_category,crate,local_pairwise_crf,025,3,2,2,0.6666666666666666,1.0,True
new216,object_category,crate,local_pairwise_crf,050,3,2,2,0.6666666666666666,1.0,True
new216,object_category,crate,hpid_split_group_ids,025,3,1,1,0.3333333333333333,1.0,True
new216,object_category,crate,hpid_split_group_ids,050,3,1,1,0.3333333333333333,1.0,True
new216,object_category,cup,raw_proposals,025,4,2,2,0.5,1.0,True
new216,object_category,cup,raw_proposals,050,4,2,2,0.5,1.0,True
new216,object_category,cup,greedy_nms,025,4,1,1,0.25,1.0,True
new216,object_category,cup,greedy_nms,050,4,1,1,0.25,1.0,True
new216,object_category,cup,dbscan_fusion,025,4,1,1,0.25,1.0,True
new216,object_category,cup,dbscan_fusion,050,4,1,1,0.25,1.0,True
new216,object_category,cup,local_pairwise_crf,025,4,1,1,0.25,1.0,True
new216,object_category,cup,local_pairwise_crf,050,4,1,1,0.25,1.0,True
new216,object_category,cup,hpid_split_group_ids,025,4,1,1,0.25,1.0,True
new216,object_category,cup,hpid_split_group_ids,050,4,1,1,0.25,1.0,True
new216,object_category,earphone,raw_proposals,025,4,0,0,0.0,,True
new216,object_category,earphone,raw_proposals,050,4,0,0,0.0,,True
new216,object_category,earphone,greedy_nms,025,4,0,0,0.0,,True
new216,object_category,earphone,greedy_nms,050,4,0,0,0.0,,True
new216,object_category,earphone,dbscan_fusion,025,4,0,0,0.0,,True
new216,object_category,earphone,dbscan_fusion,050,4,0,0,0.0,,True
new216,object_category,earphone,local_pairwise_crf,025,4,0,0,0.0,,True
new216,object_category,earphone,local_pairwise_crf,050,4,0,0,0.0,,True
new216,object_category,earphone,hpid_split_group_ids,025,4,0,0,0.0,,True
new216,object_category,earphone,hpid_split_group_ids,050,4,0,0,0.0,,True
new216,object_category,fan,raw_proposals,025,4,1,0,0.0,0.0,True
new216,object_category,fan,raw_proposals,050,4,1,0,0.0,0.0,True
new216,object_category,fan,greedy_nms,025,4,1,0,0.0,0.0,True
new216,object_category,fan,greedy_nms,050,4,1,0,0.0,0.0,True
new216,object_category,fan,dbscan_fusion,025,4,1,0,0.0,0.0,True
new216,object_category,fan,dbscan_fusion,050,4,1,0,0.0,0.0,True
new216,object_category,fan,local_pairwise_crf,025,4,1,0,0.0,0.0,True
new216,object_category,fan,local_pairwise_crf,050,4,1,0,0.0,0.0,True
new216,object_category,fan,hpid_split_group_ids,025,4,1,0,0.0,0.0,True
new216,object_category,fan,hpid_split_group_ids,050,4,1,1,0.25,1.0,True
new216,object_category,glass_(drink_container),raw_proposals,025,4,1,0,0.0,0.0,True
new216,object_category,glass_(drink_container),raw_proposals,050,4,1,0,0.0,0.0,True
new216,object_category,glass_(drink_container),greedy_nms,025,4,1,0,0.0,0.0,True
new216,object_category,glass_(drink_container),greedy_nms,050,4,1,0,0.0,0.0,True
new216,object_category,glass_(drink_container),dbscan_fusion,025,4,1,0,0.0,0.0,True
new216,object_category,glass_(drink_container),dbscan_fusion,050,4,1,0,0.0,0.0,True
new216,object_category,glass_(drink_container),local_pairwise_crf,025,4,0,0,0.0,,True
new216,object_category,glass_(drink_container),local_pairwise_crf,050,4,0,0,0.0,,True
new216,object_category,glass_(drink_container),hpid_split_group_ids,025,4,1,0,0.0,0.0,True
new216,object_category,glass_(drink_container),hpid_split_group_ids,050,4,1,1,0.25,1.0,True
new216,object_category,guitar,raw_proposals,025,3,1,0,0.0,0.0,True
new216,object_category,guitar,raw_proposals,050,3,1,1,0.3333333333333333,1.0,True
new216,object_category,guitar,greedy_nms,025,3,1,0,0.0,0.0,True
new216,object_category,guitar,greedy_nms,050,3,1,1,0.3333333333333333,1.0,True
new216,object_category,guitar,dbscan_fusion,025,3,1,0,0.0,0.0,True
new216,object_category,guitar,dbscan_fusion,050,3,1,1,0.3333333333333333,1.0,True
new216,object_category,guitar,local_pairwise_crf,025,3,1,0,0.0,0.0,True
new216,object_category,guitar,local_pairwise_crf,050,3,1,1,0.3333333333333333,1.0,True
new216,object_category,guitar,hpid_split_group_ids,025,3,0,0,0.0,,True
new216,object_category,guitar,hpid_split_group_ids,050,3,0,0,0.0,,True
new216,object_category,hammer,raw_proposals,025,3,0,0,0.0,,True
new216,object_category,hammer,raw_proposals,050,3,0,0,0.0,,True
new216,object_category,hammer,greedy_nms,025,3,0,0,0.0,,True
new216,object_category,hammer,greedy_nms,050,3,0,0,0.0,,True
new216,object_category,hammer,dbscan_fusion,025,3,0,0,0.0,,True
new216,object_category,hammer,dbscan_fusion,050,3,0,0,0.0,,True
new216,object_category,hammer,local_pairwise_crf,025,3,0,0,0.0,,True
new216,object_category,hammer,local_pairwise_crf,050,3,0,0,0.0,,True
new216,object_category,hammer,hpid_split_group_ids,025,3,0,0,0.0,,True
new216,object_category,hammer,hpid_split_group_ids,050,3,0,0,0.0,,True
new216,object_category,handbag,raw_proposals,025,4,1,1,0.25,1.0,True
new216,object_category,handbag,raw_proposals,050,4,1,1,0.25,1.0,True
new216,object_category,handbag,greedy_nms,025,4,1,1,0.25,1.0,True
new216,object_category,handbag,greedy_nms,050,4,1,1,0.25,1.0,True
new216,object_category,handbag,dbscan_fusion,025,4,1,1,0.25,1.0,True
new216,object_category,handbag,dbscan_fusion,050,4,1,1,0.25,1.0,True
new216,object_category,handbag,local_pairwise_crf,025,4,1,1,0.25,1.0,True
new216,object_category,handbag,local_pairwise_crf,050,4,1,1,0.25,1.0,True
new216,object_category,handbag,hpid_split_group_ids,025,4,1,1,0.25,1.0,True
new216,object_category,handbag,hpid_split_group_ids,050,4,1,1,0.25,1.0,True
new216,object_category,hat,raw_proposals,025,4,2,1,0.25,0.5,True
new216,object_category,hat,raw_proposals,050,4,2,2,0.5,1.0,True
new216,object_category,hat,greedy_nms,025,4,1,0,0.0,0.0,True
new216,object_category,hat,greedy_nms,050,4,1,1,0.25,1.0,True
new216,object_category,hat,dbscan_fusion,025,4,2,1,0.25,0.5,True
new216,object_category,hat,dbscan_fusion,050,4,2,2,0.5,1.0,True
new216,object_category,hat,local_pairwise_crf,025,4,1,0,0.0,0.0,True
new216,object_category,hat,local_pairwise_crf,050,4,1,1,0.25,1.0,True
new216,object_category,hat,hpid_split_group_ids,025,4,2,2,0.5,1.0,True
new216,object_category,hat,hpid_split_group_ids,050,4,2,2,0.5,1.0,True
new216,object_category,helmet,raw_proposals,025,3,1,1,0.3333333333333333,1.0,True
new216,object_category,helmet,raw_proposals,050,3,1,1,0.3333333333333333,1.0,True
new216,object_category,helmet,greedy_nms,025,3,1,1,0.3333333333333333,1.0,True
new216,object_category,helmet,greedy_nms,050,3,1,1,0.3333333333333333,1.0,True
new216,object_category,helmet,dbscan_fusion,025,3,1,1,0.3333333333333333,1.0,True
new216,object_category,helmet,dbscan_fusion,050,3,1,1,0.3333333333333333,1.0,True
new216,object_category,helmet,local_pairwise_crf,025,3,2,2,0.6666666666666666,1.0,True
new216,object_category,helmet,local_pairwise_crf,050,3,2,2,0.6666666666666666,1.0,True
new216,object_category,helmet,hpid_split_group_ids,025,3,0,0,0.0,,True
new216,object_category,helmet,hpid_split_group_ids,050,3,0,0,0.0,,True
new216,object_category,jar,raw_proposals,025,4,3,0,0.0,0.0,True
new216,object_category,jar,raw_proposals,050,4,3,1,0.25,0.3333333333333333,True
new216,object_category,jar,greedy_nms,025,4,2,0,0.0,0.0,True
new216,object_category,jar,greedy_nms,050,4,2,1,0.25,0.5,True
new216,object_category,jar,dbscan_fusion,025,4,2,1,0.25,0.5,True
new216,object_category,jar,dbscan_fusion,050,4,2,1,0.25,0.5,True
new216,object_category,jar,local_pairwise_crf,025,4,1,0,0.0,0.0,True
new216,object_category,jar,local_pairwise_crf,050,4,1,0,0.0,0.0,True
new216,object_category,jar,hpid_split_group_ids,025,4,2,0,0.0,0.0,True
new216,object_category,jar,hpid_split_group_ids,050,4,2,1,0.25,0.5,True
new216,object_category,kettle,raw_proposals,025,4,1,1,0.25,1.0,True
new216,object_category,kettle,raw_proposals,050,4,1,1,0.25,1.0,True
new216,object_category,kettle,greedy_nms,025,4,1,1,0.25,1.0,True
new216,object_category,kettle,greedy_nms,050,4,1,1,0.25,1.0,True
new216,object_category,kettle,dbscan_fusion,025,4,1,1,0.25,1.0,True
new216,object_category,kettle,dbscan_fusion,050,4,1,1,0.25,1.0,True
new216,object_category,kettle,local_pairwise_crf,025,4,1,1,0.25,1.0,True
new216,object_category,kettle,local_pairwise_crf,050,4,1,1,0.25,1.0,True
new216,object_category,kettle,hpid_split_group_ids,025,4,1,1,0.25,1.0,True
new216,object_category,kettle,hpid_split_group_ids,050,4,1,1,0.25,1.0,True
new216,object_category,knife,raw_proposals,025,4,1,1,0.25,1.0,True
new216,object_category,knife,raw_proposals,050,4,1,1,0.25,1.0,True
new216,object_category,knife,greedy_nms,025,4,1,1,0.25,1.0,True
new216,object_category,knife,greedy_nms,050,4,1,1,0.25,1.0,True
new216,object_category,knife,dbscan_fusion,025,4,1,1,0.25,1.0,True
new216,object_category,knife,dbscan_fusion,050,4,1,1,0.25,1.0,True
new216,object_category,knife,local_pairwise_crf,025,4,1,1,0.25,1.0,True
new216,object_category,knife,local_pairwise_crf,050,4,1,1,0.25,1.0,True
new216,object_category,knife,hpid_split_group_ids,025,4,1,1,0.25,1.0,True
new216,object_category,knife,hpid_split_group_ids,050,4,1,1,0.25,1.0,True
new216,object_category,ladder,raw_proposals,025,4,0,0,0.0,,True
new216,object_category,ladder,raw_proposals,050,4,0,0,0.0,,True
new216,object_category,ladder,greedy_nms,025,4,0,0,0.0,,True
new216,object_category,ladder,greedy_nms,050,4,0,0,0.0,,True
new216,object_category,ladder,dbscan_fusion,025,4,0,0,0.0,,True
new216,object_category,ladder,dbscan_fusion,050,4,0,0,0.0,,True
new216,object_category,ladder,local_pairwise_crf,025,4,0,0,0.0,,True
new216,object_category,ladder,local_pairwise_crf,050,4,0,0,0.0,,True
new216,object_category,ladder,hpid_split_group_ids,025,4,0,0,0.0,,True
new216,object_category,ladder,hpid_split_group_ids,050,4,0,0,0.0,,True
new216,object_category,lamp,raw_proposals,025,4,2,0,0.0,0.0,True
new216,object_category,lamp,raw_proposals,050,4,2,1,0.25,0.5,True
new216,object_category,lamp,greedy_nms,025,4,1,0,0.0,0.0,True
new216,object_category,lamp,greedy_nms,050,4,1,0,0.0,0.0,True
new216,object_category,lamp,dbscan_fusion,025,4,2,1,0.25,0.5,True
new216,object_category,lamp,dbscan_fusion,050,4,2,1,0.25,0.5,True
new216,object_category,lamp,local_pairwise_crf,025,4,2,1,0.25,0.5,True
new216,object_category,lamp,local_pairwise_crf,050,4,2,1,0.25,0.5,True
new216,object_category,lamp,hpid_split_group_ids,025,4,2,0,0.0,0.0,True
new216,object_category,lamp,hpid_split_group_ids,050,4,2,1,0.25,0.5,True
new216,object_category,laptop_computer,raw_proposals,025,4,2,0,0.0,0.0,True
new216,object_category,laptop_computer,raw_proposals,050,4,2,1,0.25,0.5,True
new216,object_category,laptop_computer,greedy_nms,025,4,0,0,0.0,,True
new216,object_category,laptop_computer,greedy_nms,050,4,0,0,0.0,,True
new216,object_category,laptop_computer,dbscan_fusion,025,4,2,0,0.0,0.0,True
new216,object_category,laptop_computer,dbscan_fusion,050,4,2,1,0.25,0.5,True
new216,object_category,laptop_computer,local_pairwise_crf,025,4,0,0,0.0,,True
new216,object_category,laptop_computer,local_pairwise_crf,050,4,0,0,0.0,,True
new216,object_category,laptop_computer,hpid_split_group_ids,025,4,0,0,0.0,,True
new216,object_category,laptop_computer,hpid_split_group_ids,050,4,0,0,0.0,,True
new216,object_category,microwave_oven,raw_proposals,025,4,0,0,0.0,,True
new216,object_category,microwave_oven,raw_proposals,050,4,0,0,0.0,,True
new216,object_category,microwave_oven,greedy_nms,025,4,2,1,0.25,0.5,True
new216,object_category,microwave_oven,greedy_nms,050,4,2,1,0.25,0.5,True
new216,object_category,microwave_oven,dbscan_fusion,025,4,2,2,0.5,1.0,True
new216,object_category,microwave_oven,dbscan_fusion,050,4,2,2,0.5,1.0,True
new216,object_category,microwave_oven,local_pairwise_crf,025,4,3,3,0.75,1.0,True
new216,object_category,microwave_oven,local_pairwise_crf,050,4,3,3,0.75,1.0,True
new216,object_category,microwave_oven,hpid_split_group_ids,025,4,0,0,0.0,,True
new216,object_category,microwave_oven,hpid_split_group_ids,050,4,0,0,0.0,,True
new216,object_category,mouse_(computer_equipment),raw_proposals,025,4,0,0,0.0,,True
new216,object_category,mouse_(computer_equipment),raw_proposals,050,4,0,0,0.0,,True
new216,object_category,mouse_(computer_equipment),greedy_nms,025,4,0,0,0.0,,True
new216,object_category,mouse_(computer_equipment),greedy_nms,050,4,0,0,0.0,,True
new216,object_category,mouse_(computer_equipment),dbscan_fusion,025,4,1,1,0.25,1.0,True
new216,object_category,mouse_(computer_equipment),dbscan_fusion,050,4,1,1,0.25,1.0,True
new216,object_category,mouse_(computer_equipment),local_pairwise_crf,025,4,1,1,0.25,1.0,True
new216,object_category,mouse_(computer_equipment),local_pairwise_crf,050,4,1,1,0.25,1.0,True
new216,object_category,mouse_(computer_equipment),hpid_split_group_ids,025,4,0,0,0.0,,True
new216,object_category,mouse_(computer_equipment),hpid_split_group_ids,050,4,0,0,0.0,,True
new216,object_category,mug,raw_proposals,025,4,2,1,0.25,0.5,True
new216,object_category,mug,raw_proposals,050,4,2,1,0.25,0.5,True
new216,object_category,mug,greedy_nms,025,4,3,1,0.25,0.3333333333333333,True
new216,object_category,mug,greedy_nms,050,4,3,2,0.5,0.6666666666666666,True
new216,object_category,mug,dbscan_fusion,025,4,2,0,0.0,0.0,True
new216,object_category,mug,dbscan_fusion,050,4,2,1,0.25,0.5,True
new216,object_category,mug,local_pairwise_crf,025,4,3,1,0.25,0.3333333333333333,True
new216,object_category,mug,local_pairwise_crf,050,4,3,2,0.5,0.6666666666666666,True
new216,object_category,mug,hpid_split_group_ids,025,4,2,1,0.25,0.5,True
new216,object_category,mug,hpid_split_group_ids,050,4,2,2,0.5,1.0,True
new216,object_category,pan_(for_cooking),raw_proposals,025,4,0,0,0.0,,True
new216,object_category,pan_(for_cooking),raw_proposals,050,4,0,0,0.0,,True
new216,object_category,pan_(for_cooking),greedy_nms,025,4,0,0,0.0,,True
new216,object_category,pan_(for_cooking),greedy_nms,050,4,0,0,0.0,,True
new216,object_category,pan_(for_cooking),dbscan_fusion,025,4,0,0,0.0,,True
new216,object_category,pan_(for_cooking),dbscan_fusion,050,4,0,0,0.0,,True
new216,object_category,pan_(for_cooking),local_pairwise_crf,025,4,0,0,0.0,,True
new216,object_category,pan_(for_cooking),local_pairwise_crf,050,4,0,0,0.0,,True
new216,object_category,pan_(for_cooking),hpid_split_group_ids,025,4,0,0,0.0,,True
new216,object_category,pan_(for_cooking),hpid_split_group_ids,050,4,0,0,0.0,,True
new216,object_category,pen,raw_proposals,025,2,0,0,0.0,,True
new216,object_category,pen,raw_proposals,050,2,0,0,0.0,,True
new216,object_category,pen,greedy_nms,025,2,0,0,0.0,,True
new216,object_category,pen,greedy_nms,050,2,0,0,0.0,,True
new216,object_category,pen,dbscan_fusion,025,2,0,0,0.0,,True
new216,object_category,pen,dbscan_fusion,050,2,0,0,0.0,,True
new216,object_category,pen,local_pairwise_crf,025,2,0,0,0.0,,True
new216,object_category,pen,local_pairwise_crf,050,2,0,0,0.0,,True
new216,object_category,pen,hpid_split_group_ids,025,2,0,0,0.0,,True
new216,object_category,pen,hpid_split_group_ids,050,2,0,0,0.0,,True
new216,object_category,plastic_bag,raw_proposals,025,4,3,2,0.5,0.6666666666666666,True
new216,object_category,plastic_bag,raw_proposals,050,4,3,3,0.75,1.0,True
new216,object_category,plastic_bag,greedy_nms,025,4,2,1,0.25,0.5,True
new216,object_category,plastic_bag,greedy_nms,050,4,2,2,0.5,1.0,True
new216,object_category,plastic_bag,dbscan_fusion,025,4,2,1,0.25,0.5,True
new216,object_category,plastic_bag,dbscan_fusion,050,4,2,2,0.5,1.0,True
new216,object_category,plastic_bag,local_pairwise_crf,025,4,1,0,0.0,0.0,True
new216,object_category,plastic_bag,local_pairwise_crf,050,4,1,1,0.25,1.0,True
new216,object_category,plastic_bag,hpid_split_group_ids,025,4,1,1,0.25,1.0,True
new216,object_category,plastic_bag,hpid_split_group_ids,050,4,1,1,0.25,1.0,True
new216,object_category,plate,raw_proposals,025,4,0,0,0.0,,True
new216,object_category,plate,raw_proposals,050,4,0,0,0.0,,True
new216,object_category,plate,greedy_nms,025,4,0,0,0.0,,True
new216,object_category,plate,greedy_nms,050,4,0,0,0.0,,True
new216,object_category,plate,dbscan_fusion,025,4,0,0,0.0,,True
new216,object_category,plate,dbscan_fusion,050,4,0,0,0.0,,True
new216,object_category,plate,local_pairwise_crf,025,4,0,0,0.0,,True
new216,object_category,plate,local_pairwise_crf,050,4,0,0,0.0,,True
new216,object_category,plate,hpid_split_group_ids,025,4,0,0,0.0,,True
new216,object_category,plate,hpid_split_group_ids,050,4,0,0,0.0,,True
new216,object_category,remote_control,raw_proposals,025,4,0,0,0.0,,True
new216,object_category,remote_control,raw_proposals,050,4,0,0,0.0,,True
new216,object_category,remote_control,greedy_nms,025,4,0,0,0.0,,True
new216,object_category,remote_control,greedy_nms,050,4,0,0,0.0,,True
new216,object_category,remote_control,dbscan_fusion,025,4,1,1,0.25,1.0,True
new216,object_category,remote_control,dbscan_fusion,050,4,1,1,0.25,1.0,True
new216,object_category,remote_control,local_pairwise_crf,025,4,0,0,0.0,,True
new216,object_category,remote_control,local_pairwise_crf,050,4,0,0,0.0,,True
new216,object_category,remote_control,hpid_split_group_ids,025,4,1,1,0.25,1.0,True
new216,object_category,remote_control,hpid_split_group_ids,050,4,1,1,0.25,1.0,True
new216,object_category,scarf,raw_proposals,025,3,1,1,0.3333333333333333,1.0,True
new216,object_category,scarf,raw_proposals,050,3,1,1,0.3333333333333333,1.0,True
new216,object_category,scarf,greedy_nms,025,3,1,1,0.3333333333333333,1.0,True
new216,object_category,scarf,greedy_nms,050,3,1,1,0.3333333333333333,1.0,True
new216,object_category,scarf,dbscan_fusion,025,3,1,1,0.3333333333333333,1.0,True
new216,object_category,scarf,dbscan_fusion,050,3,1,1,0.3333333333333333,1.0,True
new216,object_category,scarf,local_pairwise_crf,025,3,1,1,0.3333333333333333,1.0,True
new216,object_category,scarf,local_pairwise_crf,050,3,1,1,0.3333333333333333,1.0,True
new216,object_category,scarf,hpid_split_group_ids,025,3,1,1,0.3333333333333333,1.0,True
new216,object_category,scarf,hpid_split_group_ids,050,3,1,1,0.3333333333333333,1.0,True
new216,object_category,scissors,raw_proposals,025,4,2,1,0.25,0.5,True
new216,object_category,scissors,raw_proposals,050,4,2,1,0.25,0.5,True
new216,object_category,scissors,greedy_nms,025,4,0,0,0.0,,True
new216,object_category,scissors,greedy_nms,050,4,0,0,0.0,,True
new216,object_category,scissors,dbscan_fusion,025,4,0,0,0.0,,True
new216,object_category,scissors,dbscan_fusion,050,4,0,0,0.0,,True
new216,object_category,scissors,local_pairwise_crf,025,4,0,0,0.0,,True
new216,object_category,scissors,local_pairwise_crf,050,4,0,0,0.0,,True
new216,object_category,scissors,hpid_split_group_ids,025,4,2,2,0.5,1.0,True
new216,object_category,scissors,hpid_split_group_ids,050,4,2,2,0.5,1.0,True
new216,object_category,screwdriver,raw_proposals,025,1,0,0,0.0,,True
new216,object_category,screwdriver,raw_proposals,050,1,0,0,0.0,,True
new216,object_category,screwdriver,greedy_nms,025,1,0,0,0.0,,True
new216,object_category,screwdriver,greedy_nms,050,1,0,0,0.0,,True
new216,object_category,screwdriver,dbscan_fusion,025,1,0,0,0.0,,True
new216,object_category,screwdriver,dbscan_fusion,050,1,0,0,0.0,,True
new216,object_category,screwdriver,local_pairwise_crf,025,1,0,0,0.0,,True
new216,object_category,screwdriver,local_pairwise_crf,050,1,0,0,0.0,,True
new216,object_category,screwdriver,hpid_split_group_ids,025,1,0,0,0.0,,True
new216,object_category,screwdriver,hpid_split_group_ids,050,1,0,0,0.0,,True
new216,object_category,shoe,raw_proposals,025,4,0,0,0.0,,True
new216,object_category,shoe,raw_proposals,050,4,0,0,0.0,,True
new216,object_category,shoe,greedy_nms,025,4,0,0,0.0,,True
new216,object_category,shoe,greedy_nms,050,4,0,0,0.0,,True
new216,object_category,shoe,dbscan_fusion,025,4,0,0,0.0,,True
new216,object_category,shoe,dbscan_fusion,050,4,0,0,0.0,,True
new216,object_category,shoe,local_pairwise_crf,025,4,0,0,0.0,,True
new216,object_category,shoe,local_pairwise_crf,050,4,0,0,0.0,,True
new216,object_category,shoe,hpid_split_group_ids,025,4,0,0,0.0,,True
new216,object_category,shoe,hpid_split_group_ids,050,4,0,0,0.0,,True
new216,object_category,slipper_(footwear),raw_proposals,025,1,0,0,0.0,,True
new216,object_category,slipper_(footwear),raw_proposals,050,1,0,0,0.0,,True
new216,object_category,slipper_(footwear),greedy_nms,025,1,0,0,0.0,,True
new216,object_category,slipper_(footwear),greedy_nms,050,1,0,0,0.0,,True
new216,object_category,slipper_(footwear),dbscan_fusion,025,1,0,0,0.0,,True
new216,object_category,slipper_(footwear),dbscan_fusion,050,1,0,0,0.0,,True
new216,object_category,slipper_(footwear),local_pairwise_crf,025,1,0,0,0.0,,True
new216,object_category,slipper_(footwear),local_pairwise_crf,050,1,0,0,0.0,,True
new216,object_category,slipper_(footwear),hpid_split_group_ids,025,1,0,0,0.0,,True
new216,object_category,slipper_(footwear),hpid_split_group_ids,050,1,0,0,0.0,,True
new216,object_category,soap,raw_proposals,025,2,0,0,0.0,,True
new216,object_category,soap,raw_proposals,050,2,0,0,0.0,,True
new216,object_category,soap,greedy_nms,025,2,0,0,0.0,,True
new216,object_category,soap,greedy_nms,050,2,0,0,0.0,,True
new216,object_category,soap,dbscan_fusion,025,2,0,0,0.0,,True
new216,object_category,soap,dbscan_fusion,050,2,0,0,0.0,,True
new216,object_category,soap,local_pairwise_crf,025,2,0,0,0.0,,True
new216,object_category,soap,local_pairwise_crf,050,2,0,0,0.0,,True
new216,object_category,soap,hpid_split_group_ids,025,2,0,0,0.0,,True
new216,object_category,soap,hpid_split_group_ids,050,2,0,0,0.0,,True
new216,object_category,spoon,raw_proposals,025,4,1,0,0.0,0.0,True
new216,object_category,spoon,raw_proposals,050,4,1,0,0.0,0.0,True
new216,object_category,spoon,greedy_nms,025,4,3,1,0.25,0.3333333333333333,True
new216,object_category,spoon,greedy_nms,050,4,3,1,0.25,0.3333333333333333,True
new216,object_category,spoon,dbscan_fusion,025,4,3,1,0.25,0.3333333333333333,True
new216,object_category,spoon,dbscan_fusion,050,4,3,1,0.25,0.3333333333333333,True
new216,object_category,spoon,local_pairwise_crf,025,4,3,1,0.25,0.3333333333333333,True
new216,object_category,spoon,local_pairwise_crf,050,4,3,1,0.25,0.3333333333333333,True
new216,object_category,spoon,hpid_split_group_ids,025,4,3,1,0.25,0.3333333333333333,True
new216,object_category,spoon,hpid_split_group_ids,050,4,3,1,0.25,0.3333333333333333,True
new216,object_category,stool,raw_proposals,025,4,1,0,0.0,0.0,True
new216,object_category,stool,raw_proposals,050,4,1,1,0.25,1.0,True
new216,object_category,stool,greedy_nms,025,4,0,0,0.0,,True
new216,object_category,stool,greedy_nms,050,4,0,0,0.0,,True
new216,object_category,stool,dbscan_fusion,025,4,0,0,0.0,,True
new216,object_category,stool,dbscan_fusion,050,4,0,0,0.0,,True
new216,object_category,stool,local_pairwise_crf,025,4,0,0,0.0,,True
new216,object_category,stool,local_pairwise_crf,050,4,0,0,0.0,,True
new216,object_category,stool,hpid_split_group_ids,025,4,0,0,0.0,,True
new216,object_category,stool,hpid_split_group_ids,050,4,0,0,0.0,,True
new216,object_category,sweater,raw_proposals,025,4,0,0,0.0,,True
new216,object_category,sweater,raw_proposals,050,4,0,0,0.0,,True
new216,object_category,sweater,greedy_nms,025,4,1,1,0.25,1.0,True
new216,object_category,sweater,greedy_nms,050,4,1,1,0.25,1.0,True
new216,object_category,sweater,dbscan_fusion,025,4,1,1,0.25,1.0,True
new216,object_category,sweater,dbscan_fusion,050,4,1,1,0.25,1.0,True
new216,object_category,sweater,local_pairwise_crf,025,4,0,0,0.0,,True
new216,object_category,sweater,local_pairwise_crf,050,4,0,0,0.0,,True
new216,object_category,sweater,hpid_split_group_ids,025,4,0,0,0.0,,True
new216,object_category,sweater,hpid_split_group_ids,050,4,0,0,0.0,,True
new216,object_category,table,raw_proposals,025,4,2,2,0.5,1.0,True
new216,object_category,table,raw_proposals,050,4,2,2,0.5,1.0,True
new216,object_category,table,greedy_nms,025,4,2,2,0.5,1.0,True
new216,object_category,table,greedy_nms,050,4,2,2,0.5,1.0,True
new216,object_category,table,dbscan_fusion,025,4,2,2,0.5,1.0,True
new216,object_category,table,dbscan_fusion,050,4,2,2,0.5,1.0,True
new216,object_category,table,local_pairwise_crf,025,4,1,1,0.25,1.0,True
new216,object_category,table,local_pairwise_crf,050,4,1,1,0.25,1.0,True
new216,object_category,table,hpid_split_group_ids,025,4,2,2,0.5,1.0,True
new216,object_category,table,hpid_split_group_ids,050,4,2,2,0.5,1.0,True
new216,object_category,telephone,raw_proposals,025,4,2,2,0.5,1.0,True
new216,object_category,telephone,raw_proposals,050,4,2,2,0.5,1.0,True
new216,object_category,telephone,greedy_nms,025,4,1,1,0.25,1.0,True
new216,object_category,telephone,greedy_nms,050,4,1,1,0.25,1.0,True
new216,object_category,telephone,dbscan_fusion,025,4,2,2,0.5,1.0,True
new216,object_category,telephone,dbscan_fusion,050,4,2,2,0.5,1.0,True
new216,object_category,telephone,local_pairwise_crf,025,4,2,2,0.5,1.0,True
new216,object_category,telephone,local_pairwise_crf,050,4,2,2,0.5,1.0,True
new216,object_category,telephone,hpid_split_group_ids,025,4,1,1,0.25,1.0,True
new216,object_category,telephone,hpid_split_group_ids,050,4,1,1,0.25,1.0,True
new216,object_category,television_set,raw_proposals,025,4,2,1,0.25,0.5,True
new216,object_category,television_set,raw_proposals,050,4,2,2,0.5,1.0,True
new216,object_category,television_set,greedy_nms,025,4,1,1,0.25,1.0,True
new216,object_category,television_set,greedy_nms,050,4,1,1,0.25,1.0,True
new216,object_category,television_set,dbscan_fusion,025,4,2,2,0.5,1.0,True
new216,object_category,television_set,dbscan_fusion,050,4,2,2,0.5,1.0,True
new216,object_category,television_set,local_pairwise_crf,025,4,2,2,0.5,1.0,True
new216,object_category,television_set,local_pairwise_crf,050,4,2,2,0.5,1.0,True
new216,object_category,television_set,hpid_split_group_ids,025,4,0,0,0.0,,True
new216,object_category,television_set,hpid_split_group_ids,050,4,0,0,0.0,,True
new216,object_category,towel,raw_proposals,025,3,2,1,0.3333333333333333,0.5,True
new216,object_category,towel,raw_proposals,050,3,2,2,0.6666666666666666,1.0,True
new216,object_category,towel,greedy_nms,025,3,2,1,0.3333333333333333,0.5,True
new216,object_category,towel,greedy_nms,050,3,2,2,0.6666666666666666,1.0,True
new216,object_category,towel,dbscan_fusion,025,3,2,1,0.3333333333333333,0.5,True
new216,object_category,towel,dbscan_fusion,050,3,2,2,0.6666666666666666,1.0,True
new216,object_category,towel,local_pairwise_crf,025,3,2,1,0.3333333333333333,0.5,True
new216,object_category,towel,local_pairwise_crf,050,3,2,2,0.6666666666666666,1.0,True
new216,object_category,towel,hpid_split_group_ids,025,3,2,2,0.6666666666666666,1.0,True
new216,object_category,towel,hpid_split_group_ids,050,3,2,2,0.6666666666666666,1.0,True
new216,object_category,trash_can,raw_proposals,025,3,1,1,0.3333333333333333,1.0,True
new216,object_category,trash_can,raw_proposals,050,3,1,1,0.3333333333333333,1.0,True
new216,object_category,trash_can,greedy_nms,025,3,1,1,0.3333333333333333,1.0,True
new216,object_category,trash_can,greedy_nms,050,3,1,1,0.3333333333333333,1.0,True
new216,object_category,trash_can,dbscan_fusion,025,3,1,1,0.3333333333333333,1.0,True
new216,object_category,trash_can,dbscan_fusion,050,3,1,1,0.3333333333333333,1.0,True
new216,object_category,trash_can,local_pairwise_crf,025,3,1,1,0.3333333333333333,1.0,True
new216,object_category,trash_can,local_pairwise_crf,050,3,1,1,0.3333333333333333,1.0,True
new216,object_category,trash_can,hpid_split_group_ids,025,3,1,1,0.3333333333333333,1.0,True
new216,object_category,trash_can,hpid_split_group_ids,050,3,1,1,0.3333333333333333,1.0,True
new216,object_category,tray,raw_proposals,025,4,0,0,0.0,,True
new216,object_category,tray,raw_proposals,050,4,0,0,0.0,,True
new216,object_category,tray,greedy_nms,025,4,0,0,0.0,,True
new216,object_category,tray,greedy_nms,050,4,0,0,0.0,,True
new216,object_category,tray,dbscan_fusion,025,4,0,0,0.0,,True
new216,object_category,tray,dbscan_fusion,050,4,0,0,0.0,,True
new216,object_category,tray,local_pairwise_crf,025,4,0,0,0.0,,True
new216,object_category,tray,local_pairwise_crf,050,4,0,0,0.0,,True
new216,object_category,tray,hpid_split_group_ids,025,4,0,0,0.0,,True
new216,object_category,tray,hpid_split_group_ids,050,4,0,0,0.0,,True
new216,object_category,vase,raw_proposals,025,4,1,0,0.0,0.0,True
new216,object_category,vase,raw_proposals,050,4,1,0,0.0,0.0,True
new216,object_category,vase,greedy_nms,025,4,1,1,0.25,1.0,True
new216,object_category,vase,greedy_nms,050,4,1,1,0.25,1.0,True
new216,object_category,vase,dbscan_fusion,025,4,1,1,0.25,1.0,True
new216,object_category,vase,dbscan_fusion,050,4,1,1,0.25,1.0,True
new216,object_category,vase,local_pairwise_crf,025,4,0,0,0.0,,True
new216,object_category,vase,local_pairwise_crf,050,4,0,0,0.0,,True
new216,object_category,vase,hpid_split_group_ids,025,4,0,0,0.0,,True
new216,object_category,vase,hpid_split_group_ids,050,4,0,0,0.0,,True
new216,object_category,wallet,raw_proposals,025,2,1,1,0.5,1.0,True
new216,object_category,wallet,raw_proposals,050,2,1,1,0.5,1.0,True
new216,object_category,wallet,greedy_nms,025,2,0,0,0.0,,True
new216,object_category,wallet,greedy_nms,050,2,0,0,0.0,,True
new216,object_category,wallet,dbscan_fusion,025,2,0,0,0.0,,True
new216,object_category,wallet,dbscan_fusion,050,2,0,0,0.0,,True
new216,object_category,wallet,local_pairwise_crf,025,2,0,0,0.0,,True
new216,object_category,wallet,local_pairwise_crf,050,2,0,0,0.0,,True
new216,object_category,wallet,hpid_split_group_ids,025,2,0,0,0.0,,True
new216,object_category,wallet,hpid_split_group_ids,050,2,0,0,0.0,,True
new216,object_category,watch,raw_proposals,025,4,1,1,0.25,1.0,True
new216,object_category,watch,raw_proposals,050,4,1,1,0.25,1.0,True
new216,object_category,watch,greedy_nms,025,4,1,1,0.25,1.0,True
new216,object_category,watch,greedy_nms,050,4,1,1,0.25,1.0,True
new216,object_category,watch,dbscan_fusion,025,4,1,1,0.25,1.0,True
new216,object_category,watch,dbscan_fusion,050,4,1,1,0.25,1.0,True
new216,object_category,watch,local_pairwise_crf,025,4,0,0,0.0,,True
new216,object_category,watch,local_pairwise_crf,050,4,0,0,0.0,,True
new216,object_category,watch,hpid_split_group_ids,025,4,1,1,0.25,1.0,True
new216,object_category,watch,hpid_split_group_ids,050,4,1,1,0.25,1.0,True
combined,domain,container,raw_proposals,025,80,26,15,0.1875,0.5769230769230769,False
combined,domain,container,raw_proposals,050,80,26,19,0.2375,0.7307692307692307,False
combined,domain,container,greedy_nms,025,80,26,13,0.1625,0.5,False
combined,domain,container,greedy_nms,050,80,26,19,0.2375,0.7307692307692307,False
combined,domain,container,dbscan_fusion,025,80,25,13,0.1625,0.52,False
combined,domain,container,dbscan_fusion,050,80,25,18,0.225,0.72,False
combined,domain,container,local_pairwise_crf,025,80,21,12,0.15,0.5714285714285714,False
combined,domain,container,local_pairwise_crf,050,80,21,15,0.1875,0.7142857142857143,False
combined,domain,container,hpid_split_group_ids,025,80,22,12,0.15,0.5454545454545454,False
combined,domain,container,hpid_split_group_ids,050,80,22,18,0.225,0.8181818181818182,False
combined,domain,daily_object,raw_proposals,025,37,11,8,0.21621621621621623,0.7272727272727273,False
combined,domain,daily_object,raw_proposals,050,37,11,11,0.2972972972972973,1.0,False
combined,domain,daily_object,greedy_nms,025,37,9,7,0.1891891891891892,0.7777777777777778,False
combined,domain,daily_object,greedy_nms,050,37,9,9,0.24324324324324326,1.0,False
combined,domain,daily_object,dbscan_fusion,025,37,11,8,0.21621621621621623,0.7272727272727273,False
combined,domain,daily_object,dbscan_fusion,050,37,11,11,0.2972972972972973,1.0,False
combined,domain,daily_object,local_pairwise_crf,025,37,7,5,0.13513513513513514,0.7142857142857143,False
combined,domain,daily_object,local_pairwise_crf,050,37,7,7,0.1891891891891892,1.0,False
combined,domain,daily_object,hpid_split_group_ids,025,37,7,7,0.1891891891891892,1.0,False
combined,domain,daily_object,hpid_split_group_ids,050,37,7,7,0.1891891891891892,1.0,False
combined,domain,device,raw_proposals,025,66,20,7,0.10606060606060606,0.35,False
combined,domain,device,raw_proposals,050,66,20,15,0.22727272727272727,0.75,False
combined,domain,device,greedy_nms,025,66,20,11,0.16666666666666666,0.55,False
combined,domain,device,greedy_nms,050,66,20,13,0.19696969696969696,0.65,False
combined,domain,device,dbscan_fusion,025,66,29,17,0.25757575757575757,0.5862068965517241,False
combined,domain,device,dbscan_fusion,050,66,29,21,0.3181818181818182,0.7241379310344828,False
combined,domain,device,local_pairwise_crf,025,66,20,13,0.19696969696969696,0.65,False
combined,domain,device,local_pairwise_crf,050,66,20,15,0.22727272727272727,0.75,False
combined,domain,device,hpid_split_group_ids,025,66,18,6,0.09090909090909091,0.3333333333333333,False
combined,domain,device,hpid_split_group_ids,050,66,18,13,0.19696969696969696,0.7222222222222222,False
combined,domain,furniture,raw_proposals,025,20,6,4,0.2,0.6666666666666666,False
combined,domain,furniture,raw_proposals,050,20,6,5,0.25,0.8333333333333334,False
combined,domain,furniture,greedy_nms,025,20,5,4,0.2,0.8,False
combined,domain,furniture,greedy_nms,050,20,5,4,0.2,0.8,False
combined,domain,furniture,dbscan_fusion,025,20,4,3,0.15,0.75,False
combined,domain,furniture,dbscan_fusion,050,20,4,3,0.15,0.75,False
combined,domain,furniture,local_pairwise_crf,025,20,3,3,0.15,1.0,False
combined,domain,furniture,local_pairwise_crf,050,20,3,3,0.15,1.0,False
combined,domain,furniture,hpid_split_group_ids,025,20,4,3,0.15,0.75,False
combined,domain,furniture,hpid_split_group_ids,050,20,4,3,0.15,0.75,False
combined,domain,tool_prop,raw_proposals,025,38,9,4,0.10526315789473684,0.4444444444444444,False
combined,domain,tool_prop,raw_proposals,050,38,9,5,0.13157894736842105,0.5555555555555556,False
combined,domain,tool_prop,greedy_nms,025,38,9,3,0.07894736842105263,0.3333333333333333,False
combined,domain,tool_prop,greedy_nms,050,38,9,4,0.10526315789473684,0.4444444444444444,False
combined,domain,tool_prop,dbscan_fusion,025,38,10,3,0.07894736842105263,0.3,False
combined,domain,tool_prop,dbscan_fusion,050,38,10,4,0.10526315789473684,0.4,False
combined,domain,tool_prop,local_pairwise_crf,025,38,8,3,0.07894736842105263,0.375,False
combined,domain,tool_prop,local_pairwise_crf,050,38,8,4,0.10526315789473684,0.5,False
combined,domain,tool_prop,hpid_split_group_ids,025,38,12,6,0.15789473684210525,0.5,False
combined,domain,tool_prop,hpid_split_group_ids,050,38,12,6,0.15789473684210525,0.5,False
combined,domain,vehicle,raw_proposals,025,12,5,1,0.08333333333333333,0.2,False
combined,domain,vehicle,raw_proposals,050,12,5,3,0.25,0.6,False
combined,domain,vehicle,greedy_nms,025,12,3,0,0.0,0.0,False
combined,domain,vehicle,greedy_nms,050,12,3,2,0.16666666666666666,0.6666666666666666,False
combined,domain,vehicle,dbscan_fusion,025,12,5,1,0.08333333333333333,0.2,False
combined,domain,vehicle,dbscan_fusion,050,12,5,4,0.3333333333333333,0.8,False
combined,domain,vehicle,local_pairwise_crf,025,12,4,0,0.0,0.0,False
combined,domain,vehicle,local_pairwise_crf,050,12,4,3,0.25,0.75,False
combined,domain,vehicle,hpid_split_group_ids,025,12,6,2,0.16666666666666666,0.3333333333333333,False
combined,domain,vehicle,hpid_split_group_ids,050,12,6,5,0.4166666666666667,0.8333333333333334,False
combined,object_category,basket,raw_proposals,025,4,0,0,0.0,,True
combined,object_category,basket,raw_proposals,050,4,0,0,0.0,,True
combined,object_category,basket,greedy_nms,025,4,1,1,0.25,1.0,True
combined,object_category,basket,greedy_nms,050,4,1,1,0.25,1.0,True
combined,object_category,basket,dbscan_fusion,025,4,1,1,0.25,1.0,True
combined,object_category,basket,dbscan_fusion,050,4,1,1,0.25,1.0,True
combined,object_category,basket,local_pairwise_crf,025,4,1,1,0.25,1.0,True
combined,object_category,basket,local_pairwise_crf,050,4,1,1,0.25,1.0,True
combined,object_category,basket,hpid_split_group_ids,025,4,0,0,0.0,,True
combined,object_category,basket,hpid_split_group_ids,050,4,0,0,0.0,,True
combined,object_category,belt,raw_proposals,025,4,2,2,0.5,1.0,True
combined,object_category,belt,raw_proposals,050,4,2,2,0.5,1.0,True
combined,object_category,belt,greedy_nms,025,4,2,2,0.5,1.0,True
combined,object_category,belt,greedy_nms,050,4,2,2,0.5,1.0,True
combined,object_category,belt,dbscan_fusion,025,4,2,2,0.5,1.0,True
combined,object_category,belt,dbscan_fusion,050,4,2,2,0.5,1.0,True
combined,object_category,belt,local_pairwise_crf,025,4,1,1,0.25,1.0,True
combined,object_category,belt,local_pairwise_crf,050,4,1,1,0.25,1.0,True
combined,object_category,belt,hpid_split_group_ids,025,4,1,1,0.25,1.0,True
combined,object_category,belt,hpid_split_group_ids,050,4,1,1,0.25,1.0,True
combined,object_category,bench,raw_proposals,025,5,2,1,0.2,0.5,True
combined,object_category,bench,raw_proposals,050,5,2,1,0.2,0.5,True
combined,object_category,bench,greedy_nms,025,5,2,1,0.2,0.5,True
combined,object_category,bench,greedy_nms,050,5,2,1,0.2,0.5,True
combined,object_category,bench,dbscan_fusion,025,5,2,1,0.2,0.5,True
combined,object_category,bench,dbscan_fusion,050,5,2,1,0.2,0.5,True
combined,object_category,bench,local_pairwise_crf,025,5,1,1,0.2,1.0,True
combined,object_category,bench,local_pairwise_crf,050,5,1,1,0.2,1.0,True
combined,object_category,bench,hpid_split_group_ids,025,5,2,1,0.2,0.5,True
combined,object_category,bench,hpid_split_group_ids,050,5,2,1,0.2,0.5,True
combined,object_category,bicycle,raw_proposals,025,6,2,0,0.0,0.0,True
combined,object_category,bicycle,raw_proposals,050,6,2,1,0.16666666666666666,0.5,True
combined,object_category,bicycle,greedy_nms,025,6,2,0,0.0,0.0,True
combined,object_category,bicycle,greedy_nms,050,6,2,1,0.16666666666666666,0.5,True
combined,object_category,bicycle,dbscan_fusion,025,6,3,0,0.0,0.0,True
combined,object_category,bicycle,dbscan_fusion,050,6,3,2,0.3333333333333333,0.6666666666666666,True
combined,object_category,bicycle,local_pairwise_crf,025,6,3,0,0.0,0.0,True
combined,object_category,bicycle,local_pairwise_crf,050,6,3,2,0.3333333333333333,0.6666666666666666,True
combined,object_category,bicycle,hpid_split_group_ids,025,6,3,0,0.0,0.0,True
combined,object_category,bicycle,hpid_split_group_ids,050,6,3,2,0.3333333333333333,0.6666666666666666,True
combined,object_category,blender,raw_proposals,025,4,1,0,0.0,0.0,True
combined,object_category,blender,raw_proposals,050,4,1,0,0.0,0.0,True
combined,object_category,blender,greedy_nms,025,4,2,1,0.25,0.5,True
combined,object_category,blender,greedy_nms,050,4,2,1,0.25,0.5,True
combined,object_category,blender,dbscan_fusion,025,4,2,1,0.25,0.5,True
combined,object_category,blender,dbscan_fusion,050,4,2,1,0.25,0.5,True
combined,object_category,blender,local_pairwise_crf,025,4,2,1,0.25,0.5,True
combined,object_category,blender,local_pairwise_crf,050,4,2,1,0.25,0.5,True
combined,object_category,blender,hpid_split_group_ids,025,4,1,0,0.0,0.0,True
combined,object_category,blender,hpid_split_group_ids,050,4,1,1,0.25,1.0,True
combined,object_category,book,raw_proposals,025,3,1,1,0.3333333333333333,1.0,True
combined,object_category,book,raw_proposals,050,3,1,1,0.3333333333333333,1.0,True
combined,object_category,book,greedy_nms,025,3,1,1,0.3333333333333333,1.0,True
combined,object_category,book,greedy_nms,050,3,1,1,0.3333333333333333,1.0,True
combined,object_category,book,dbscan_fusion,025,3,1,1,0.3333333333333333,1.0,True
combined,object_category,book,dbscan_fusion,050,3,1,1,0.3333333333333333,1.0,True
combined,object_category,book,local_pairwise_crf,025,3,0,0,0.0,,True
combined,object_category,book,local_pairwise_crf,050,3,0,0,0.0,,True
combined,object_category,book,hpid_split_group_ids,025,3,0,0,0.0,,True
combined,object_category,book,hpid_split_group_ids,050,3,0,0,0.0,,True
combined,object_category,bottle,raw_proposals,025,5,2,2,0.4,1.0,True
combined,object_category,bottle,raw_proposals,050,5,2,2,0.4,1.0,True
combined,object_category,bottle,greedy_nms,025,5,3,2,0.4,0.6666666666666666,True
combined,object_category,bottle,greedy_nms,050,5,3,2,0.4,0.6666666666666666,True
combined,object_category,bottle,dbscan_fusion,025,5,3,2,0.4,0.6666666666666666,True
combined,object_category,bottle,dbscan_fusion,050,5,3,2,0.4,0.6666666666666666,True
combined,object_category,bottle,local_pairwise_crf,025,5,3,2,0.4,0.6666666666666666,True
combined,object_category,bottle,local_pairwise_crf,050,5,3,2,0.4,0.6666666666666666,True
combined,object_category,bottle,hpid_split_group_ids,025,5,2,1,0.2,0.5,True
combined,object_category,bottle,hpid_split_group_ids,050,5,2,1,0.2,0.5,True
combined,object_category,bowl,raw_proposals,025,5,1,0,0.0,0.0,True
combined,object_category,bowl,raw_proposals,050,5,1,1,0.2,1.0,True
combined,object_category,bowl,greedy_nms,025,5,1,0,0.0,0.0,True
combined,object_category,bowl,greedy_nms,050,5,1,1,0.2,1.0,True
combined,object_category,bowl,dbscan_fusion,025,5,1,0,0.0,0.0,True
combined,object_category,bowl,dbscan_fusion,050,5,1,1,0.2,1.0,True
combined,object_category,bowl,local_pairwise_crf,025,5,0,0,0.0,,True
combined,object_category,bowl,local_pairwise_crf,050,5,0,0,0.0,,True
combined,object_category,bowl,hpid_split_group_ids,025,5,1,0,0.0,0.0,True
combined,object_category,bowl,hpid_split_group_ids,050,5,1,1,0.2,1.0,True
combined,object_category,box,raw_proposals,025,5,1,1,0.2,1.0,True
combined,object_category,box,raw_proposals,050,5,1,1,0.2,1.0,True
combined,object_category,box,greedy_nms,025,5,0,0,0.0,,True
combined,object_category,box,greedy_nms,050,5,0,0,0.0,,True
combined,object_category,box,dbscan_fusion,025,5,0,0,0.0,,True
combined,object_category,box,dbscan_fusion,050,5,0,0,0.0,,True
combined,object_category,box,local_pairwise_crf,025,5,2,1,0.2,0.5,True
combined,object_category,box,local_pairwise_crf,050,5,2,2,0.4,1.0,True
combined,object_category,box,hpid_split_group_ids,025,5,2,2,0.4,1.0,True
combined,object_category,box,hpid_split_group_ids,050,5,2,2,0.4,1.0,True
combined,object_category,broom,raw_proposals,025,3,2,1,0.3333333333333333,0.5,True
combined,object_category,broom,raw_proposals,050,3,2,1,0.3333333333333333,0.5,True
combined,object_category,broom,greedy_nms,025,3,1,0,0.0,0.0,True
combined,object_category,broom,greedy_nms,050,3,1,0,0.0,0.0,True
combined,object_category,broom,dbscan_fusion,025,3,1,0,0.0,0.0,True
combined,object_category,broom,dbscan_fusion,050,3,1,0,0.0,0.0,True
combined,object_category,broom,local_pairwise_crf,025,3,0,0,0.0,,True
combined,object_category,broom,local_pairwise_crf,050,3,0,0,0.0,,True
combined,object_category,broom,hpid_split_group_ids,025,3,2,1,0.3333333333333333,0.5,True
combined,object_category,broom,hpid_split_group_ids,050,3,2,1,0.3333333333333333,0.5,True
combined,object_category,bucket,raw_proposals,025,4,3,2,0.5,0.6666666666666666,True
combined,object_category,bucket,raw_proposals,050,4,3,2,0.5,0.6666666666666666,True
combined,object_category,bucket,greedy_nms,025,4,3,2,0.5,0.6666666666666666,True
combined,object_category,bucket,greedy_nms,050,4,3,2,0.5,0.6666666666666666,True
combined,object_category,bucket,dbscan_fusion,025,4,3,2,0.5,0.6666666666666666,True
combined,object_category,bucket,dbscan_fusion,050,4,3,2,0.5,0.6666666666666666,True
combined,object_category,bucket,local_pairwise_crf,025,4,2,1,0.25,0.5,True
combined,object_category,bucket,local_pairwise_crf,050,4,2,1,0.25,0.5,True
combined,object_category,bucket,hpid_split_group_ids,025,4,3,3,0.75,1.0,True
combined,object_category,bucket,hpid_split_group_ids,050,4,3,3,0.75,1.0,True
combined,object_category,calculator,raw_proposals,025,3,0,0,0.0,,True
combined,object_category,calculator,raw_proposals,050,3,0,0,0.0,,True
combined,object_category,calculator,greedy_nms,025,3,1,1,0.3333333333333333,1.0,True
combined,object_category,calculator,greedy_nms,050,3,1,1,0.3333333333333333,1.0,True
combined,object_category,calculator,dbscan_fusion,025,3,1,1,0.3333333333333333,1.0,True
combined,object_category,calculator,dbscan_fusion,050,3,1,1,0.3333333333333333,1.0,True
combined,object_category,calculator,local_pairwise_crf,025,3,0,0,0.0,,True
combined,object_category,calculator,local_pairwise_crf,050,3,0,0,0.0,,True
combined,object_category,calculator,hpid_split_group_ids,025,3,0,0,0.0,,True
combined,object_category,calculator,hpid_split_group_ids,050,3,0,0,0.0,,True
combined,object_category,can,raw_proposals,025,5,1,1,0.2,1.0,True
combined,object_category,can,raw_proposals,050,5,1,1,0.2,1.0,True
combined,object_category,can,greedy_nms,025,5,2,0,0.0,0.0,True
combined,object_category,can,greedy_nms,050,5,2,1,0.2,0.5,True
combined,object_category,can,dbscan_fusion,025,5,2,0,0.0,0.0,True
combined,object_category,can,dbscan_fusion,050,5,2,1,0.2,0.5,True
combined,object_category,can,local_pairwise_crf,025,5,1,0,0.0,0.0,True
combined,object_category,can,local_pairwise_crf,050,5,1,0,0.0,0.0,True
combined,object_category,can,hpid_split_group_ids,025,5,2,0,0.0,0.0,True
combined,object_category,can,hpid_split_group_ids,050,5,2,1,0.2,0.5,True
combined,object_category,car_(automobile),raw_proposals,025,6,3,1,0.16666666666666666,0.3333333333333333,True
combined,object_category,car_(automobile),raw_proposals,050,6,3,2,0.3333333333333333,0.6666666666666666,True
combined,object_category,car_(automobile),greedy_nms,025,6,1,0,0.0,0.0,True
combined,object_category,car_(automobile),greedy_nms,050,6,1,1,0.16666666666666666,1.0,True
combined,object_category,car_(automobile),dbscan_fusion,025,6,2,1,0.16666666666666666,0.5,True
combined,object_category,car_(automobile),dbscan_fusion,050,6,2,2,0.3333333333333333,1.0,True
combined,object_category,car_(automobile),local_pairwise_crf,025,6,1,0,0.0,0.0,True
combined,object_category,car_(automobile),local_pairwise_crf,050,6,1,1,0.16666666666666666,1.0,True
combined,object_category,car_(automobile),hpid_split_group_ids,025,6,3,2,0.3333333333333333,0.6666666666666666,True
combined,object_category,car_(automobile),hpid_split_group_ids,050,6,3,3,0.5,1.0,True
combined,object_category,carton,raw_proposals,025,4,0,0,0.0,,True
combined,object_category,carton,raw_proposals,050,4,0,0,0.0,,True
combined,object_category,carton,greedy_nms,025,4,1,1,0.25,1.0,True
combined,object_category,carton,greedy_nms,050,4,1,1,0.25,1.0,True
combined,object_category,carton,dbscan_fusion,025,4,0,0,0.0,,True
combined,object_category,carton,dbscan_fusion,050,4,0,0,0.0,,True
combined,object_category,carton,local_pairwise_crf,025,4,0,0,0.0,,True
combined,object_category,carton,local_pairwise_crf,050,4,0,0,0.0,,True
combined,object_category,carton,hpid_split_group_ids,025,4,0,0,0.0,,True
combined,object_category,carton,hpid_split_group_ids,050,4,0,0,0.0,,True
combined,object_category,cellular_telephone,raw_proposals,025,6,4,1,0.16666666666666666,0.25,True
combined,object_category,cellular_telephone,raw_proposals,050,6,4,3,0.5,0.75,True
combined,object_category,cellular_telephone,greedy_nms,025,6,5,3,0.5,0.6,True
combined,object_category,cellular_telephone,greedy_nms,050,6,5,4,0.6666666666666666,0.8,True
combined,object_category,cellular_telephone,dbscan_fusion,025,6,5,3,0.5,0.6,True
combined,object_category,cellular_telephone,dbscan_fusion,050,6,5,4,0.6666666666666666,0.8,True
combined,object_category,cellular_telephone,local_pairwise_crf,025,6,4,2,0.3333333333333333,0.5,True
combined,object_category,cellular_telephone,local_pairwise_crf,050,6,4,3,0.5,0.75,True
combined,object_category,cellular_telephone,hpid_split_group_ids,025,6,5,1,0.16666666666666666,0.2,True
combined,object_category,cellular_telephone,hpid_split_group_ids,050,6,5,3,0.5,0.6,True
combined,object_category,chair,raw_proposals,025,5,1,1,0.2,1.0,True
combined,object_category,chair,raw_proposals,050,5,1,1,0.2,1.0,True
combined,object_category,chair,greedy_nms,025,5,1,1,0.2,1.0,True
combined,object_category,chair,greedy_nms,050,5,1,1,0.2,1.0,True
combined,object_category,chair,dbscan_fusion,025,5,0,0,0.0,,True
combined,object_category,chair,dbscan_fusion,050,5,0,0,0.0,,True
combined,object_category,chair,local_pairwise_crf,025,5,1,1,0.2,1.0,True
combined,object_category,chair,local_pairwise_crf,050,5,1,1,0.2,1.0,True
combined,object_category,chair,hpid_split_group_ids,025,5,0,0,0.0,,True
combined,object_category,chair,hpid_split_group_ids,050,5,0,0,0.0,,True
combined,object_category,clock,raw_proposals,025,4,2,0,0.0,0.0,True
combined,object_category,clock,raw_proposals,050,4,2,2,0.5,1.0,True
combined,object_category,clock,greedy_nms,025,4,2,0,0.0,0.0,True
combined,object_category,clock,greedy_nms,050,4,2,0,0.0,0.0,True
combined,object_category,clock,dbscan_fusion,025,4,3,0,0.0,0.0,True
combined,object_category,clock,dbscan_fusion,050,4,3,1,0.25,0.3333333333333333,True
combined,object_category,clock,local_pairwise_crf,025,4,1,0,0.0,0.0,True
combined,object_category,clock,local_pairwise_crf,050,4,1,0,0.0,0.0,True
combined,object_category,clock,hpid_split_group_ids,025,4,2,0,0.0,0.0,True
combined,object_category,clock,hpid_split_group_ids,050,4,2,1,0.25,0.5,True
combined,object_category,crate,raw_proposals,025,3,1,1,0.3333333333333333,1.0,True
combined,object_category,crate,raw_proposals,050,3,1,1,0.3333333333333333,1.0,True
combined,object_category,crate,greedy_nms,025,3,1,1,0.3333333333333333,1.0,True
combined,object_category,crate,greedy_nms,050,3,1,1,0.3333333333333333,1.0,True
combined,object_category,crate,dbscan_fusion,025,3,1,1,0.3333333333333333,1.0,True
combined,object_category,crate,dbscan_fusion,050,3,1,1,0.3333333333333333,1.0,True
combined,object_category,crate,local_pairwise_crf,025,3,2,2,0.6666666666666666,1.0,True
combined,object_category,crate,local_pairwise_crf,050,3,2,2,0.6666666666666666,1.0,True
combined,object_category,crate,hpid_split_group_ids,025,3,1,1,0.3333333333333333,1.0,True
combined,object_category,crate,hpid_split_group_ids,050,3,1,1,0.3333333333333333,1.0,True
combined,object_category,cup,raw_proposals,025,5,2,2,0.4,1.0,True
combined,object_category,cup,raw_proposals,050,5,2,2,0.4,1.0,True
combined,object_category,cup,greedy_nms,025,5,1,1,0.2,1.0,True
combined,object_category,cup,greedy_nms,050,5,1,1,0.2,1.0,True
combined,object_category,cup,dbscan_fusion,025,5,1,1,0.2,1.0,True
combined,object_category,cup,dbscan_fusion,050,5,1,1,0.2,1.0,True
combined,object_category,cup,local_pairwise_crf,025,5,1,1,0.2,1.0,True
combined,object_category,cup,local_pairwise_crf,050,5,1,1,0.2,1.0,True
combined,object_category,cup,hpid_split_group_ids,025,5,1,1,0.2,1.0,True
combined,object_category,cup,hpid_split_group_ids,050,5,1,1,0.2,1.0,True
combined,object_category,earphone,raw_proposals,025,4,0,0,0.0,,True
combined,object_category,earphone,raw_proposals,050,4,0,0,0.0,,True
combined,object_category,earphone,greedy_nms,025,4,0,0,0.0,,True
combined,object_category,earphone,greedy_nms,050,4,0,0,0.0,,True
combined,object_category,earphone,dbscan_fusion,025,4,0,0,0.0,,True
combined,object_category,earphone,dbscan_fusion,050,4,0,0,0.0,,True
combined,object_category,earphone,local_pairwise_crf,025,4,0,0,0.0,,True
combined,object_category,earphone,local_pairwise_crf,050,4,0,0,0.0,,True
combined,object_category,earphone,hpid_split_group_ids,025,4,0,0,0.0,,True
combined,object_category,earphone,hpid_split_group_ids,050,4,0,0,0.0,,True
combined,object_category,fan,raw_proposals,025,4,1,0,0.0,0.0,True
combined,object_category,fan,raw_proposals,050,4,1,0,0.0,0.0,True
combined,object_category,fan,greedy_nms,025,4,1,0,0.0,0.0,True
combined,object_category,fan,greedy_nms,050,4,1,0,0.0,0.0,True
combined,object_category,fan,dbscan_fusion,025,4,1,0,0.0,0.0,True
combined,object_category,fan,dbscan_fusion,050,4,1,0,0.0,0.0,True
combined,object_category,fan,local_pairwise_crf,025,4,1,0,0.0,0.0,True
combined,object_category,fan,local_pairwise_crf,050,4,1,0,0.0,0.0,True
combined,object_category,fan,hpid_split_group_ids,025,4,1,0,0.0,0.0,True
combined,object_category,fan,hpid_split_group_ids,050,4,1,1,0.25,1.0,True
combined,object_category,glass_(drink_container),raw_proposals,025,5,2,1,0.2,0.5,True
combined,object_category,glass_(drink_container),raw_proposals,050,5,2,1,0.2,0.5,True
combined,object_category,glass_(drink_container),greedy_nms,025,5,1,0,0.0,0.0,True
combined,object_category,glass_(drink_container),greedy_nms,050,5,1,0,0.0,0.0,True
combined,object_category,glass_(drink_container),dbscan_fusion,025,5,2,1,0.2,0.5,True
combined,object_category,glass_(drink_container),dbscan_fusion,050,5,2,1,0.2,0.5,True
combined,object_category,glass_(drink_container),local_pairwise_crf,025,5,1,1,0.2,1.0,True
combined,object_category,glass_(drink_container),local_pairwise_crf,050,5,1,1,0.2,1.0,True
combined,object_category,glass_(drink_container),hpid_split_group_ids,025,5,1,0,0.0,0.0,True
combined,object_category,glass_(drink_container),hpid_split_group_ids,050,5,1,1,0.2,1.0,True
combined,object_category,guitar,raw_proposals,025,4,2,0,0.0,0.0,True
combined,object_category,guitar,raw_proposals,050,4,2,1,0.25,0.5,True
combined,object_category,guitar,greedy_nms,025,4,2,0,0.0,0.0,True
combined,object_category,guitar,greedy_nms,050,4,2,1,0.25,0.5,True
combined,object_category,guitar,dbscan_fusion,025,4,2,0,0.0,0.0,True
combined,object_category,guitar,dbscan_fusion,050,4,2,1,0.25,0.5,True
combined,object_category,guitar,local_pairwise_crf,025,4,2,0,0.0,0.0,True
combined,object_category,guitar,local_pairwise_crf,050,4,2,1,0.25,0.5,True
combined,object_category,guitar,hpid_split_group_ids,025,4,1,0,0.0,0.0,True
combined,object_category,guitar,hpid_split_group_ids,050,4,1,0,0.0,0.0,True
combined,object_category,hammer,raw_proposals,025,3,0,0,0.0,,True
combined,object_category,hammer,raw_proposals,050,3,0,0,0.0,,True
combined,object_category,hammer,greedy_nms,025,3,0,0,0.0,,True
combined,object_category,hammer,greedy_nms,050,3,0,0,0.0,,True
combined,object_category,hammer,dbscan_fusion,025,3,0,0,0.0,,True
combined,object_category,hammer,dbscan_fusion,050,3,0,0,0.0,,True
combined,object_category,hammer,local_pairwise_crf,025,3,0,0,0.0,,True
combined,object_category,hammer,local_pairwise_crf,050,3,0,0,0.0,,True
combined,object_category,hammer,hpid_split_group_ids,025,3,0,0,0.0,,True
combined,object_category,hammer,hpid_split_group_ids,050,3,0,0,0.0,,True
combined,object_category,handbag,raw_proposals,025,5,2,1,0.2,0.5,True
combined,object_category,handbag,raw_proposals,050,5,2,2,0.4,1.0,True
combined,object_category,handbag,greedy_nms,025,5,2,1,0.2,0.5,True
combined,object_category,handbag,greedy_nms,050,5,2,2,0.4,1.0,True
combined,object_category,handbag,dbscan_fusion,025,5,2,1,0.2,0.5,True
combined,object_category,handbag,dbscan_fusion,050,5,2,2,0.4,1.0,True
combined,object_category,handbag,local_pairwise_crf,025,5,1,1,0.2,1.0,True
combined,object_category,handbag,local_pairwise_crf,050,5,1,1,0.2,1.0,True
combined,object_category,handbag,hpid_split_group_ids,025,5,2,1,0.2,0.5,True
combined,object_category,handbag,hpid_split_group_ids,050,5,2,2,0.4,1.0,True
combined,object_category,hat,raw_proposals,025,4,2,1,0.25,0.5,True
combined,object_category,hat,raw_proposals,050,4,2,2,0.5,1.0,True
combined,object_category,hat,greedy_nms,025,4,1,0,0.0,0.0,True
combined,object_category,hat,greedy_nms,050,4,1,1,0.25,1.0,True
combined,object_category,hat,dbscan_fusion,025,4,2,1,0.25,0.5,True
combined,object_category,hat,dbscan_fusion,050,4,2,2,0.5,1.0,True
combined,object_category,hat,local_pairwise_crf,025,4,1,0,0.0,0.0,True
combined,object_category,hat,local_pairwise_crf,050,4,1,1,0.25,1.0,True
combined,object_category,hat,hpid_split_group_ids,025,4,2,2,0.5,1.0,True
combined,object_category,hat,hpid_split_group_ids,050,4,2,2,0.5,1.0,True
combined,object_category,helmet,raw_proposals,025,4,1,1,0.25,1.0,True
combined,object_category,helmet,raw_proposals,050,4,1,1,0.25,1.0,True
combined,object_category,helmet,greedy_nms,025,4,1,1,0.25,1.0,True
combined,object_category,helmet,greedy_nms,050,4,1,1,0.25,1.0,True
combined,object_category,helmet,dbscan_fusion,025,4,1,1,0.25,1.0,True
combined,object_category,helmet,dbscan_fusion,050,4,1,1,0.25,1.0,True
combined,object_category,helmet,local_pairwise_crf,025,4,2,2,0.5,1.0,True
combined,object_category,helmet,local_pairwise_crf,050,4,2,2,0.5,1.0,True
combined,object_category,helmet,hpid_split_group_ids,025,4,0,0,0.0,,True
combined,object_category,helmet,hpid_split_group_ids,050,4,0,0,0.0,,True
combined,object_category,jar,raw_proposals,025,5,3,0,0.0,0.0,True
combined,object_category,jar,raw_proposals,050,5,3,1,0.2,0.3333333333333333,True
combined,object_category,jar,greedy_nms,025,5,2,0,0.0,0.0,True
combined,object_category,jar,greedy_nms,050,5,2,1,0.2,0.5,True
combined,object_category,jar,dbscan_fusion,025,5,2,1,0.2,0.5,True
combined,object_category,jar,dbscan_fusion,050,5,2,1,0.2,0.5,True
combined,object_category,jar,local_pairwise_crf,025,5,1,0,0.0,0.0,True
combined,object_category,jar,local_pairwise_crf,050,5,1,0,0.0,0.0,True
combined,object_category,jar,hpid_split_group_ids,025,5,2,0,0.0,0.0,True
combined,object_category,jar,hpid_split_group_ids,050,5,2,1,0.2,0.5,True
combined,object_category,kettle,raw_proposals,025,4,1,1,0.25,1.0,True
combined,object_category,kettle,raw_proposals,050,4,1,1,0.25,1.0,True
combined,object_category,kettle,greedy_nms,025,4,1,1,0.25,1.0,True
combined,object_category,kettle,greedy_nms,050,4,1,1,0.25,1.0,True
combined,object_category,kettle,dbscan_fusion,025,4,1,1,0.25,1.0,True
combined,object_category,kettle,dbscan_fusion,050,4,1,1,0.25,1.0,True
combined,object_category,kettle,local_pairwise_crf,025,4,1,1,0.25,1.0,True
combined,object_category,kettle,local_pairwise_crf,050,4,1,1,0.25,1.0,True
combined,object_category,kettle,hpid_split_group_ids,025,4,1,1,0.25,1.0,True
combined,object_category,kettle,hpid_split_group_ids,050,4,1,1,0.25,1.0,True
combined,object_category,knife,raw_proposals,025,7,2,2,0.2857142857142857,1.0,True
combined,object_category,knife,raw_proposals,050,7,2,2,0.2857142857142857,1.0,True
combined,object_category,knife,greedy_nms,025,7,3,2,0.2857142857142857,0.6666666666666666,True
combined,object_category,knife,greedy_nms,050,7,3,2,0.2857142857142857,0.6666666666666666,True
combined,object_category,knife,dbscan_fusion,025,7,4,2,0.2857142857142857,0.5,True
combined,object_category,knife,dbscan_fusion,050,7,4,2,0.2857142857142857,0.5,True
combined,object_category,knife,local_pairwise_crf,025,7,2,1,0.14285714285714285,0.5,True
combined,object_category,knife,local_pairwise_crf,050,7,2,1,0.14285714285714285,0.5,True
combined,object_category,knife,hpid_split_group_ids,025,7,4,2,0.2857142857142857,0.5,True
combined,object_category,knife,hpid_split_group_ids,050,7,4,2,0.2857142857142857,0.5,True
combined,object_category,ladder,raw_proposals,025,5,0,0,0.0,,True
combined,object_category,ladder,raw_proposals,050,5,0,0,0.0,,True
combined,object_category,ladder,greedy_nms,025,5,0,0,0.0,,True
combined,object_category,ladder,greedy_nms,050,5,0,0,0.0,,True
combined,object_category,ladder,dbscan_fusion,025,5,0,0,0.0,,True
combined,object_category,ladder,dbscan_fusion,050,5,0,0,0.0,,True
combined,object_category,ladder,local_pairwise_crf,025,5,0,0,0.0,,True
combined,object_category,ladder,local_pairwise_crf,050,5,0,0,0.0,,True
combined,object_category,ladder,hpid_split_group_ids,025,5,0,0,0.0,,True
combined,object_category,ladder,hpid_split_group_ids,050,5,0,0,0.0,,True
combined,object_category,lamp,raw_proposals,025,4,2,0,0.0,0.0,True
combined,object_category,lamp,raw_proposals,050,4,2,1,0.25,0.5,True
combined,object_category,lamp,greedy_nms,025,4,1,0,0.0,0.0,True
combined,object_category,lamp,greedy_nms,050,4,1,0,0.0,0.0,True
combined,object_category,lamp,dbscan_fusion,025,4,2,1,0.25,0.5,True
combined,object_category,lamp,dbscan_fusion,050,4,2,1,0.25,0.5,True
combined,object_category,lamp,local_pairwise_crf,025,4,2,1,0.25,0.5,True
combined,object_category,lamp,local_pairwise_crf,050,4,2,1,0.25,0.5,True
combined,object_category,lamp,hpid_split_group_ids,025,4,2,0,0.0,0.0,True
combined,object_category,lamp,hpid_split_group_ids,050,4,2,1,0.25,0.5,True
combined,object_category,laptop_computer,raw_proposals,025,5,2,0,0.0,0.0,True
combined,object_category,laptop_computer,raw_proposals,050,5,2,1,0.2,0.5,True
combined,object_category,laptop_computer,greedy_nms,025,5,1,0,0.0,0.0,True
combined,object_category,laptop_computer,greedy_nms,050,5,1,1,0.2,1.0,True
combined,object_category,laptop_computer,dbscan_fusion,025,5,3,0,0.0,0.0,True
combined,object_category,laptop_computer,dbscan_fusion,050,5,3,2,0.4,0.6666666666666666,True
combined,object_category,laptop_computer,local_pairwise_crf,025,5,1,0,0.0,0.0,True
combined,object_category,laptop_computer,local_pairwise_crf,050,5,1,1,0.2,1.0,True
combined,object_category,laptop_computer,hpid_split_group_ids,025,5,1,0,0.0,0.0,True
combined,object_category,laptop_computer,hpid_split_group_ids,050,5,1,0,0.0,0.0,True
combined,object_category,microwave_oven,raw_proposals,025,4,0,0,0.0,,True
combined,object_category,microwave_oven,raw_proposals,050,4,0,0,0.0,,True
combined,object_category,microwave_oven,greedy_nms,025,4,2,1,0.25,0.5,True
combined,object_category,microwave_oven,greedy_nms,050,4,2,1,0.25,0.5,True
combined,object_category,microwave_oven,dbscan_fusion,025,4,2,2,0.5,1.0,True
combined,object_category,microwave_oven,dbscan_fusion,050,4,2,2,0.5,1.0,True
combined,object_category,microwave_oven,local_pairwise_crf,025,4,3,3,0.75,1.0,True
combined,object_category,microwave_oven,local_pairwise_crf,050,4,3,3,0.75,1.0,True
combined,object_category,microwave_oven,hpid_split_group_ids,025,4,0,0,0.0,,True
combined,object_category,microwave_oven,hpid_split_group_ids,050,4,0,0,0.0,,True
combined,object_category,mouse_(computer_equipment),raw_proposals,025,4,0,0,0.0,,True
combined,object_category,mouse_(computer_equipment),raw_proposals,050,4,0,0,0.0,,True
combined,object_category,mouse_(computer_equipment),greedy_nms,025,4,0,0,0.0,,True
combined,object_category,mouse_(computer_equipment),greedy_nms,050,4,0,0,0.0,,True
combined,object_category,mouse_(computer_equipment),dbscan_fusion,025,4,1,1,0.25,1.0,True
combined,object_category,mouse_(computer_equipment),dbscan_fusion,050,4,1,1,0.25,1.0,True
combined,object_category,mouse_(computer_equipment),local_pairwise_crf,025,4,1,1,0.25,1.0,True
combined,object_category,mouse_(computer_equipment),local_pairwise_crf,050,4,1,1,0.25,1.0,True
combined,object_category,mouse_(computer_equipment),hpid_split_group_ids,025,4,0,0,0.0,,True
combined,object_category,mouse_(computer_equipment),hpid_split_group_ids,050,4,0,0,0.0,,True
combined,object_category,mug,raw_proposals,025,5,3,1,0.2,0.3333333333333333,True
combined,object_category,mug,raw_proposals,050,5,3,1,0.2,0.3333333333333333,True
combined,object_category,mug,greedy_nms,025,5,4,1,0.2,0.25,True
combined,object_category,mug,greedy_nms,050,5,4,2,0.4,0.5,True
combined,object_category,mug,dbscan_fusion,025,5,3,0,0.0,0.0,True
combined,object_category,mug,dbscan_fusion,050,5,3,1,0.2,0.3333333333333333,True
combined,object_category,mug,local_pairwise_crf,025,5,4,1,0.2,0.25,True
combined,object_category,mug,local_pairwise_crf,050,5,4,2,0.4,0.5,True
combined,object_category,mug,hpid_split_group_ids,025,5,3,1,0.2,0.3333333333333333,True
combined,object_category,mug,hpid_split_group_ids,050,5,3,2,0.4,0.6666666666666666,True
combined,object_category,pan_(for_cooking),raw_proposals,025,5,0,0,0.0,,True
combined,object_category,pan_(for_cooking),raw_proposals,050,5,0,0,0.0,,True
combined,object_category,pan_(for_cooking),greedy_nms,025,5,0,0,0.0,,True
combined,object_category,pan_(for_cooking),greedy_nms,050,5,0,0,0.0,,True
combined,object_category,pan_(for_cooking),dbscan_fusion,025,5,0,0,0.0,,True
combined,object_category,pan_(for_cooking),dbscan_fusion,050,5,0,0,0.0,,True
combined,object_category,pan_(for_cooking),local_pairwise_crf,025,5,0,0,0.0,,True
combined,object_category,pan_(for_cooking),local_pairwise_crf,050,5,0,0,0.0,,True
combined,object_category,pan_(for_cooking),hpid_split_group_ids,025,5,0,0,0.0,,True
combined,object_category,pan_(for_cooking),hpid_split_group_ids,050,5,0,0,0.0,,True
combined,object_category,pen,raw_proposals,025,2,0,0,0.0,,True
combined,object_category,pen,raw_proposals,050,2,0,0,0.0,,True
combined,object_category,pen,greedy_nms,025,2,0,0,0.0,,True
combined,object_category,pen,greedy_nms,050,2,0,0,0.0,,True
combined,object_category,pen,dbscan_fusion,025,2,0,0,0.0,,True
combined,object_category,pen,dbscan_fusion,050,2,0,0,0.0,,True
combined,object_category,pen,local_pairwise_crf,025,2,0,0,0.0,,True
combined,object_category,pen,local_pairwise_crf,050,2,0,0,0.0,,True
combined,object_category,pen,hpid_split_group_ids,025,2,0,0,0.0,,True
combined,object_category,pen,hpid_split_group_ids,050,2,0,0,0.0,,True
combined,object_category,plastic_bag,raw_proposals,025,5,3,2,0.4,0.6666666666666666,True
combined,object_category,plastic_bag,raw_proposals,050,5,3,3,0.6,1.0,True
combined,object_category,plastic_bag,greedy_nms,025,5,2,1,0.2,0.5,True
combined,object_category,plastic_bag,greedy_nms,050,5,2,2,0.4,1.0,True
combined,object_category,plastic_bag,dbscan_fusion,025,5,2,1,0.2,0.5,True
combined,object_category,plastic_bag,dbscan_fusion,050,5,2,2,0.4,1.0,True
combined,object_category,plastic_bag,local_pairwise_crf,025,5,1,0,0.0,0.0,True
combined,object_category,plastic_bag,local_pairwise_crf,050,5,1,1,0.2,1.0,True
combined,object_category,plastic_bag,hpid_split_group_ids,025,5,1,1,0.2,1.0,True
combined,object_category,plastic_bag,hpid_split_group_ids,050,5,1,1,0.2,1.0,True
combined,object_category,plate,raw_proposals,025,4,0,0,0.0,,True
combined,object_category,plate,raw_proposals,050,4,0,0,0.0,,True
combined,object_category,plate,greedy_nms,025,4,0,0,0.0,,True
combined,object_category,plate,greedy_nms,050,4,0,0,0.0,,True
combined,object_category,plate,dbscan_fusion,025,4,0,0,0.0,,True
combined,object_category,plate,dbscan_fusion,050,4,0,0,0.0,,True
combined,object_category,plate,local_pairwise_crf,025,4,0,0,0.0,,True
combined,object_category,plate,local_pairwise_crf,050,4,0,0,0.0,,True
combined,object_category,plate,hpid_split_group_ids,025,4,0,0,0.0,,True
combined,object_category,plate,hpid_split_group_ids,050,4,0,0,0.0,,True
combined,object_category,pliers,raw_proposals,025,1,0,0,0.0,,True
combined,object_category,pliers,raw_proposals,050,1,0,0,0.0,,True
combined,object_category,pliers,greedy_nms,025,1,0,0,0.0,,True
combined,object_category,pliers,greedy_nms,050,1,0,0,0.0,,True
combined,object_category,pliers,dbscan_fusion,025,1,0,0,0.0,,True
combined,object_category,pliers,dbscan_fusion,050,1,0,0,0.0,,True
combined,object_category,pliers,local_pairwise_crf,025,1,1,1,1.0,1.0,True
combined,object_category,pliers,local_pairwise_crf,050,1,1,1,1.0,1.0,True
combined,object_category,pliers,hpid_split_group_ids,025,1,0,0,0.0,,True
combined,object_category,pliers,hpid_split_group_ids,050,1,0,0,0.0,,True
combined,object_category,remote_control,raw_proposals,025,5,0,0,0.0,,True
combined,object_category,remote_control,raw_proposals,050,5,0,0,0.0,,True
combined,object_category,remote_control,greedy_nms,025,5,0,0,0.0,,True
combined,object_category,remote_control,greedy_nms,050,5,0,0,0.0,,True
combined,object_category,remote_control,dbscan_fusion,025,5,1,1,0.2,1.0,True
combined,object_category,remote_control,dbscan_fusion,050,5,1,1,0.2,1.0,True
combined,object_category,remote_control,local_pairwise_crf,025,5,0,0,0.0,,True
combined,object_category,remote_control,local_pairwise_crf,050,5,0,0,0.0,,True
combined,object_category,remote_control,hpid_split_group_ids,025,5,1,1,0.2,1.0,True
combined,object_category,remote_control,hpid_split_group_ids,050,5,1,1,0.2,1.0,True
combined,object_category,scarf,raw_proposals,025,3,1,1,0.3333333333333333,1.0,True
combined,object_category,scarf,raw_proposals,050,3,1,1,0.3333333333333333,1.0,True
combined,object_category,scarf,greedy_nms,025,3,1,1,0.3333333333333333,1.0,True
combined,object_category,scarf,greedy_nms,050,3,1,1,0.3333333333333333,1.0,True
combined,object_category,scarf,dbscan_fusion,025,3,1,1,0.3333333333333333,1.0,True
combined,object_category,scarf,dbscan_fusion,050,3,1,1,0.3333333333333333,1.0,True
combined,object_category,scarf,local_pairwise_crf,025,3,1,1,0.3333333333333333,1.0,True
combined,object_category,scarf,local_pairwise_crf,050,3,1,1,0.3333333333333333,1.0,True
combined,object_category,scarf,hpid_split_group_ids,025,3,1,1,0.3333333333333333,1.0,True
combined,object_category,scarf,hpid_split_group_ids,050,3,1,1,0.3333333333333333,1.0,True
combined,object_category,scissors,raw_proposals,025,5,2,1,0.2,0.5,True
combined,object_category,scissors,raw_proposals,050,5,2,1,0.2,0.5,True
combined,object_category,scissors,greedy_nms,025,5,0,0,0.0,,True
combined,object_category,scissors,greedy_nms,050,5,0,0,0.0,,True
combined,object_category,scissors,dbscan_fusion,025,5,0,0,0.0,,True
combined,object_category,scissors,dbscan_fusion,050,5,0,0,0.0,,True
combined,object_category,scissors,local_pairwise_crf,025,5,0,0,0.0,,True
combined,object_category,scissors,local_pairwise_crf,050,5,0,0,0.0,,True
combined,object_category,scissors,hpid_split_group_ids,025,5,2,2,0.4,1.0,True
combined,object_category,scissors,hpid_split_group_ids,050,5,2,2,0.4,1.0,True
combined,object_category,screwdriver,raw_proposals,025,1,0,0,0.0,,True
combined,object_category,screwdriver,raw_proposals,050,1,0,0,0.0,,True
combined,object_category,screwdriver,greedy_nms,025,1,0,0,0.0,,True
combined,object_category,screwdriver,greedy_nms,050,1,0,0,0.0,,True
combined,object_category,screwdriver,dbscan_fusion,025,1,0,0,0.0,,True
combined,object_category,screwdriver,dbscan_fusion,050,1,0,0,0.0,,True
combined,object_category,screwdriver,local_pairwise_crf,025,1,0,0,0.0,,True
combined,object_category,screwdriver,local_pairwise_crf,050,1,0,0,0.0,,True
combined,object_category,screwdriver,hpid_split_group_ids,025,1,0,0,0.0,,True
combined,object_category,screwdriver,hpid_split_group_ids,050,1,0,0,0.0,,True
combined,object_category,shoe,raw_proposals,025,5,1,0,0.0,0.0,True
combined,object_category,shoe,raw_proposals,050,5,1,1,0.2,1.0,True
combined,object_category,shoe,greedy_nms,025,5,0,0,0.0,,True
combined,object_category,shoe,greedy_nms,050,5,0,0,0.0,,True
combined,object_category,shoe,dbscan_fusion,025,5,1,0,0.0,0.0,True
combined,object_category,shoe,dbscan_fusion,050,5,1,1,0.2,1.0,True
combined,object_category,shoe,local_pairwise_crf,025,5,0,0,0.0,,True
combined,object_category,shoe,local_pairwise_crf,050,5,0,0,0.0,,True
combined,object_category,shoe,hpid_split_group_ids,025,5,1,1,0.2,1.0,True
combined,object_category,shoe,hpid_split_group_ids,050,5,1,1,0.2,1.0,True
combined,object_category,slipper_(footwear),raw_proposals,025,1,0,0,0.0,,True
combined,object_category,slipper_(footwear),raw_proposals,050,1,0,0,0.0,,True
combined,object_category,slipper_(footwear),greedy_nms,025,1,0,0,0.0,,True
combined,object_category,slipper_(footwear),greedy_nms,050,1,0,0,0.0,,True
combined,object_category,slipper_(footwear),dbscan_fusion,025,1,0,0,0.0,,True
combined,object_category,slipper_(footwear),dbscan_fusion,050,1,0,0,0.0,,True
combined,object_category,slipper_(footwear),local_pairwise_crf,025,1,0,0,0.0,,True
combined,object_category,slipper_(footwear),local_pairwise_crf,050,1,0,0,0.0,,True
combined,object_category,slipper_(footwear),hpid_split_group_ids,025,1,0,0,0.0,,True
combined,object_category,slipper_(footwear),hpid_split_group_ids,050,1,0,0,0.0,,True
combined,object_category,soap,raw_proposals,025,2,0,0,0.0,,True
combined,object_category,soap,raw_proposals,050,2,0,0,0.0,,True
combined,object_category,soap,greedy_nms,025,2,0,0,0.0,,True
combined,object_category,soap,greedy_nms,050,2,0,0,0.0,,True
combined,object_category,soap,dbscan_fusion,025,2,0,0,0.0,,True
combined,object_category,soap,dbscan_fusion,050,2,0,0,0.0,,True
combined,object_category,soap,local_pairwise_crf,025,2,0,0,0.0,,True
combined,object_category,soap,local_pairwise_crf,050,2,0,0,0.0,,True
combined,object_category,soap,hpid_split_group_ids,025,2,0,0,0.0,,True
combined,object_category,soap,hpid_split_group_ids,050,2,0,0,0.0,,True
combined,object_category,spoon,raw_proposals,025,4,1,0,0.0,0.0,True
combined,object_category,spoon,raw_proposals,050,4,1,0,0.0,0.0,True
combined,object_category,spoon,greedy_nms,025,4,3,1,0.25,0.3333333333333333,True
combined,object_category,spoon,greedy_nms,050,4,3,1,0.25,0.3333333333333333,True
combined,object_category,spoon,dbscan_fusion,025,4,3,1,0.25,0.3333333333333333,True
combined,object_category,spoon,dbscan_fusion,050,4,3,1,0.25,0.3333333333333333,True
combined,object_category,spoon,local_pairwise_crf,025,4,3,1,0.25,0.3333333333333333,True
combined,object_category,spoon,local_pairwise_crf,050,4,3,1,0.25,0.3333333333333333,True
combined,object_category,spoon,hpid_split_group_ids,025,4,3,1,0.25,0.3333333333333333,True
combined,object_category,spoon,hpid_split_group_ids,050,4,3,1,0.25,0.3333333333333333,True
combined,object_category,stool,raw_proposals,025,5,1,0,0.0,0.0,True
combined,object_category,stool,raw_proposals,050,5,1,1,0.2,1.0,True
combined,object_category,stool,greedy_nms,025,5,0,0,0.0,,True
combined,object_category,stool,greedy_nms,050,5,0,0,0.0,,True
combined,object_category,stool,dbscan_fusion,025,5,0,0,0.0,,True
combined,object_category,stool,dbscan_fusion,050,5,0,0,0.0,,True
combined,object_category,stool,local_pairwise_crf,025,5,0,0,0.0,,True
combined,object_category,stool,local_pairwise_crf,050,5,0,0,0.0,,True
combined,object_category,stool,hpid_split_group_ids,025,5,0,0,0.0,,True
combined,object_category,stool,hpid_split_group_ids,050,5,0,0,0.0,,True
combined,object_category,sweater,raw_proposals,025,4,0,0,0.0,,True
combined,object_category,sweater,raw_proposals,050,4,0,0,0.0,,True
combined,object_category,sweater,greedy_nms,025,4,1,1,0.25,1.0,True
combined,object_category,sweater,greedy_nms,050,4,1,1,0.25,1.0,True
combined,object_category,sweater,dbscan_fusion,025,4,1,1,0.25,1.0,True
combined,object_category,sweater,dbscan_fusion,050,4,1,1,0.25,1.0,True
combined,object_category,sweater,local_pairwise_crf,025,4,0,0,0.0,,True
combined,object_category,sweater,local_pairwise_crf,050,4,0,0,0.0,,True
combined,object_category,sweater,hpid_split_group_ids,025,4,0,0,0.0,,True
combined,object_category,sweater,hpid_split_group_ids,050,4,0,0,0.0,,True
combined,object_category,table,raw_proposals,025,5,2,2,0.4,1.0,True
combined,object_category,table,raw_proposals,050,5,2,2,0.4,1.0,True
combined,object_category,table,greedy_nms,025,5,2,2,0.4,1.0,True
combined,object_category,table,greedy_nms,050,5,2,2,0.4,1.0,True
combined,object_category,table,dbscan_fusion,025,5,2,2,0.4,1.0,True
combined,object_category,table,dbscan_fusion,050,5,2,2,0.4,1.0,True
combined,object_category,table,local_pairwise_crf,025,5,1,1,0.2,1.0,True
combined,object_category,table,local_pairwise_crf,050,5,1,1,0.2,1.0,True
combined,object_category,table,hpid_split_group_ids,025,5,2,2,0.4,1.0,True
combined,object_category,table,hpid_split_group_ids,050,5,2,2,0.4,1.0,True
combined,object_category,telephone,raw_proposals,025,5,3,3,0.6,1.0,True
combined,object_category,telephone,raw_proposals,050,5,3,3,0.6,1.0,True
combined,object_category,telephone,greedy_nms,025,5,1,1,0.2,1.0,True
combined,object_category,telephone,greedy_nms,050,5,1,1,0.2,1.0,True
combined,object_category,telephone,dbscan_fusion,025,5,3,3,0.6,1.0,True
combined,object_category,telephone,dbscan_fusion,050,5,3,3,0.6,1.0,True
combined,object_category,telephone,local_pairwise_crf,025,5,2,2,0.4,1.0,True
combined,object_category,telephone,local_pairwise_crf,050,5,2,2,0.4,1.0,True
combined,object_category,telephone,hpid_split_group_ids,025,5,2,2,0.4,1.0,True
combined,object_category,telephone,hpid_split_group_ids,050,5,2,2,0.4,1.0,True
combined,object_category,television_set,raw_proposals,025,5,2,1,0.2,0.5,True
combined,object_category,television_set,raw_proposals,050,5,2,2,0.4,1.0,True
combined,object_category,television_set,greedy_nms,025,5,1,1,0.2,1.0,True
combined,object_category,television_set,greedy_nms,050,5,1,1,0.2,1.0,True
combined,object_category,television_set,dbscan_fusion,025,5,2,2,0.4,1.0,True
combined,object_category,television_set,dbscan_fusion,050,5,2,2,0.4,1.0,True
combined,object_category,television_set,local_pairwise_crf,025,5,2,2,0.4,1.0,True
combined,object_category,television_set,local_pairwise_crf,050,5,2,2,0.4,1.0,True
combined,object_category,television_set,hpid_split_group_ids,025,5,0,0,0.0,,True
combined,object_category,television_set,hpid_split_group_ids,050,5,0,0,0.0,,True
combined,object_category,towel,raw_proposals,025,3,2,1,0.3333333333333333,0.5,True
combined,object_category,towel,raw_proposals,050,3,2,2,0.6666666666666666,1.0,True
combined,object_category,towel,greedy_nms,025,3,2,1,0.3333333333333333,0.5,True
combined,object_category,towel,greedy_nms,050,3,2,2,0.6666666666666666,1.0,True
combined,object_category,towel,dbscan_fusion,025,3,2,1,0.3333333333333333,0.5,True
combined,object_category,towel,dbscan_fusion,050,3,2,2,0.6666666666666666,1.0,True
combined,object_category,towel,local_pairwise_crf,025,3,2,1,0.3333333333333333,0.5,True
combined,object_category,towel,local_pairwise_crf,050,3,2,2,0.6666666666666666,1.0,True
combined,object_category,towel,hpid_split_group_ids,025,3,2,2,0.6666666666666666,1.0,True
combined,object_category,towel,hpid_split_group_ids,050,3,2,2,0.6666666666666666,1.0,True
combined,object_category,trash_can,raw_proposals,025,3,1,1,0.3333333333333333,1.0,True
combined,object_category,trash_can,raw_proposals,050,3,1,1,0.3333333333333333,1.0,True
combined,object_category,trash_can,greedy_nms,025,3,1,1,0.3333333333333333,1.0,True
combined,object_category,trash_can,greedy_nms,050,3,1,1,0.3333333333333333,1.0,True
combined,object_category,trash_can,dbscan_fusion,025,3,1,1,0.3333333333333333,1.0,True
combined,object_category,trash_can,dbscan_fusion,050,3,1,1,0.3333333333333333,1.0,True
combined,object_category,trash_can,local_pairwise_crf,025,3,1,1,0.3333333333333333,1.0,True
combined,object_category,trash_can,local_pairwise_crf,050,3,1,1,0.3333333333333333,1.0,True
combined,object_category,trash_can,hpid_split_group_ids,025,3,1,1,0.3333333333333333,1.0,True
combined,object_category,trash_can,hpid_split_group_ids,050,3,1,1,0.3333333333333333,1.0,True
combined,object_category,tray,raw_proposals,025,4,0,0,0.0,,True
combined,object_category,tray,raw_proposals,050,4,0,0,0.0,,True
combined,object_category,tray,greedy_nms,025,4,0,0,0.0,,True
combined,object_category,tray,greedy_nms,050,4,0,0,0.0,,True
combined,object_category,tray,dbscan_fusion,025,4,0,0,0.0,,True
combined,object_category,tray,dbscan_fusion,050,4,0,0,0.0,,True
combined,object_category,tray,local_pairwise_crf,025,4,0,0,0.0,,True
combined,object_category,tray,local_pairwise_crf,050,4,0,0,0.0,,True
combined,object_category,tray,hpid_split_group_ids,025,4,0,0,0.0,,True
combined,object_category,tray,hpid_split_group_ids,050,4,0,0,0.0,,True
combined,object_category,vase,raw_proposals,025,4,1,0,0.0,0.0,True
combined,object_category,vase,raw_proposals,050,4,1,0,0.0,0.0,True
combined,object_category,vase,greedy_nms,025,4,1,1,0.25,1.0,True
combined,object_category,vase,greedy_nms,050,4,1,1,0.25,1.0,True
combined,object_category,vase,dbscan_fusion,025,4,1,1,0.25,1.0,True
combined,object_category,vase,dbscan_fusion,050,4,1,1,0.25,1.0,True
combined,object_category,vase,local_pairwise_crf,025,4,0,0,0.0,,True
combined,object_category,vase,local_pairwise_crf,050,4,0,0,0.0,,True
combined,object_category,vase,hpid_split_group_ids,025,4,0,0,0.0,,True
combined,object_category,vase,hpid_split_group_ids,050,4,0,0,0.0,,True
combined,object_category,wallet,raw_proposals,025,2,1,1,0.5,1.0,True
combined,object_category,wallet,raw_proposals,050,2,1,1,0.5,1.0,True
combined,object_category,wallet,greedy_nms,025,2,0,0,0.0,,True
combined,object_category,wallet,greedy_nms,050,2,0,0,0.0,,True
combined,object_category,wallet,dbscan_fusion,025,2,0,0,0.0,,True
combined,object_category,wallet,dbscan_fusion,050,2,0,0,0.0,,True
combined,object_category,wallet,local_pairwise_crf,025,2,0,0,0.0,,True
combined,object_category,wallet,local_pairwise_crf,050,2,0,0,0.0,,True
combined,object_category,wallet,hpid_split_group_ids,025,2,0,0,0.0,,True
combined,object_category,wallet,hpid_split_group_ids,050,2,0,0,0.0,,True
combined,object_category,watch,raw_proposals,025,5,2,1,0.2,0.5,True
combined,object_category,watch,raw_proposals,050,5,2,2,0.4,1.0,True
combined,object_category,watch,greedy_nms,025,5,2,2,0.4,1.0,True
combined,object_category,watch,greedy_nms,050,5,2,2,0.4,1.0,True
combined,object_category,watch,dbscan_fusion,025,5,2,1,0.2,0.5,True
combined,object_category,watch,dbscan_fusion,050,5,2,1,0.2,0.5,True
combined,object_category,watch,local_pairwise_crf,025,5,0,0,0.0,,True
combined,object_category,watch,local_pairwise_crf,050,5,0,0,0.0,,True
combined,object_category,watch,hpid_split_group_ids,025,5,2,1,0.2,0.5,True
combined,object_category,watch,hpid_split_group_ids,050,5,2,2,0.4,1.0,True
